[2026-06-02T04:47:08.424+0000] {processor.py:161} INFO - Started process (PID=405) to work on /home/airflow/.local/lib/python3.11/site-packages/airflow/example_dags/example_latest_only.py
[2026-06-02T04:47:08.425+0000] {processor.py:830} INFO - Processing file /home/airflow/.local/lib/python3.11/site-packages/airflow/example_dags/example_latest_only.py for tasks to queue
[2026-06-02T04:47:08.428+0000] {logging_mixin.py:188} INFO - [2026-06-02T04:47:08.427+0000] {dagbag.py:545} INFO - Filling up the DagBag from /home/airflow/.local/lib/python3.11/site-packages/airflow/example_dags/example_latest_only.py
[2026-06-02T04:47:08.434+0000] {processor.py:840} INFO - DAG(s) 'latest_only' retrieved from /home/airflow/.local/lib/python3.11/site-packages/airflow/example_dags/example_latest_only.py
[2026-06-02T04:47:08.458+0000] {logging_mixin.py:188} INFO - [2026-06-02T04:47:08.457+0000] {dag.py:3096} INFO - Sync 1 DAGs
[2026-06-02T04:47:08.484+0000] {logging_mixin.py:188} INFO - [2026-06-02T04:47:08.484+0000] {dag.py:3954} INFO - Setting next_dagrun for latest_only to 2026-06-02 00:00:00+00:00, run_after=2026-06-02 04:00:00+00:00
[2026-06-02T04:47:08.508+0000] {processor.py:183} INFO - Processing /home/airflow/.local/lib/python3.11/site-packages/airflow/example_dags/example_latest_only.py took 0.091 seconds
[2026-06-02T04:47:41.494+0000] {processor.py:161} INFO - Started process (PID=692) to work on /home/airflow/.local/lib/python3.11/site-packages/airflow/example_dags/example_latest_only.py
[2026-06-02T04:47:41.495+0000] {processor.py:830} INFO - Processing file /home/airflow/.local/lib/python3.11/site-packages/airflow/example_dags/example_latest_only.py for tasks to queue
[2026-06-02T04:47:41.498+0000] {logging_mixin.py:188} INFO - [2026-06-02T04:47:41.498+0000] {dagbag.py:545} INFO - Filling up the DagBag from /home/airflow/.local/lib/python3.11/site-packages/airflow/example_dags/example_latest_only.py
[2026-06-02T04:47:41.506+0000] {processor.py:840} INFO - DAG(s) 'latest_only' retrieved from /home/airflow/.local/lib/python3.11/site-packages/airflow/example_dags/example_latest_only.py
[2026-06-02T04:47:41.709+0000] {logging_mixin.py:188} INFO - [2026-06-02T04:47:41.709+0000] {dag.py:3096} INFO - Sync 1 DAGs
[2026-06-02T04:47:41.729+0000] {logging_mixin.py:188} INFO - [2026-06-02T04:47:41.729+0000] {dag.py:3954} INFO - Setting next_dagrun for latest_only to 2026-06-02 00:00:00+00:00, run_after=2026-06-02 04:00:00+00:00
[2026-06-02T04:47:41.762+0000] {processor.py:183} INFO - Processing /home/airflow/.local/lib/python3.11/site-packages/airflow/example_dags/example_latest_only.py took 0.278 seconds
[2026-06-02T04:48:12.321+0000] {processor.py:161} INFO - Started process (PID=970) to work on /home/airflow/.local/lib/python3.11/site-packages/airflow/example_dags/example_latest_only.py
[2026-06-02T04:48:12.322+0000] {processor.py:830} INFO - Processing file /home/airflow/.local/lib/python3.11/site-packages/airflow/example_dags/example_latest_only.py for tasks to queue
[2026-06-02T04:48:12.326+0000] {logging_mixin.py:188} INFO - [2026-06-02T04:48:12.325+0000] {dagbag.py:545} INFO - Filling up the DagBag from /home/airflow/.local/lib/python3.11/site-packages/airflow/example_dags/example_latest_only.py
[2026-06-02T04:48:12.334+0000] {processor.py:840} INFO - DAG(s) 'latest_only' retrieved from /home/airflow/.local/lib/python3.11/site-packages/airflow/example_dags/example_latest_only.py
[2026-06-02T04:48:12.367+0000] {logging_mixin.py:188} INFO - [2026-06-02T04:48:12.367+0000] {dag.py:3096} INFO - Sync 1 DAGs
[2026-06-02T04:48:12.402+0000] {logging_mixin.py:188} INFO - [2026-06-02T04:48:12.402+0000] {dag.py:3954} INFO - Setting next_dagrun for latest_only to 2026-06-02 00:00:00+00:00, run_after=2026-06-02 04:00:00+00:00
[2026-06-02T04:48:12.437+0000] {processor.py:183} INFO - Processing /home/airflow/.local/lib/python3.11/site-packages/airflow/example_dags/example_latest_only.py took 0.126 seconds
[2026-06-02T04:48:43.612+0000] {processor.py:161} INFO - Started process (PID=1270) to work on /home/airflow/.local/lib/python3.11/site-packages/airflow/example_dags/example_latest_only.py
[2026-06-02T04:48:43.617+0000] {processor.py:830} INFO - Processing file /home/airflow/.local/lib/python3.11/site-packages/airflow/example_dags/example_latest_only.py for tasks to queue
[2026-06-02T04:48:43.626+0000] {logging_mixin.py:188} INFO - [2026-06-02T04:48:43.626+0000] {dagbag.py:545} INFO - Filling up the DagBag from /home/airflow/.local/lib/python3.11/site-packages/airflow/example_dags/example_latest_only.py
[2026-06-02T04:48:43.638+0000] {processor.py:840} INFO - DAG(s) 'latest_only' retrieved from /home/airflow/.local/lib/python3.11/site-packages/airflow/example_dags/example_latest_only.py
[2026-06-02T04:48:43.696+0000] {logging_mixin.py:188} INFO - [2026-06-02T04:48:43.695+0000] {dag.py:3096} INFO - Sync 1 DAGs
[2026-06-02T04:48:43.731+0000] {logging_mixin.py:188} INFO - [2026-06-02T04:48:43.730+0000] {dag.py:3954} INFO - Setting next_dagrun for latest_only to 2026-06-02 00:00:00+00:00, run_after=2026-06-02 04:00:00+00:00
[2026-06-02T04:48:43.760+0000] {processor.py:183} INFO - Processing /home/airflow/.local/lib/python3.11/site-packages/airflow/example_dags/example_latest_only.py took 0.160 seconds
[2026-06-02T04:49:14.021+0000] {processor.py:161} INFO - Started process (PID=1542) to work on /home/airflow/.local/lib/python3.11/site-packages/airflow/example_dags/example_latest_only.py
[2026-06-02T04:49:14.023+0000] {processor.py:830} INFO - Processing file /home/airflow/.local/lib/python3.11/site-packages/airflow/example_dags/example_latest_only.py for tasks to queue
[2026-06-02T04:49:14.026+0000] {logging_mixin.py:188} INFO - [2026-06-02T04:49:14.026+0000] {dagbag.py:545} INFO - Filling up the DagBag from /home/airflow/.local/lib/python3.11/site-packages/airflow/example_dags/example_latest_only.py
[2026-06-02T04:49:14.036+0000] {processor.py:840} INFO - DAG(s) 'latest_only' retrieved from /home/airflow/.local/lib/python3.11/site-packages/airflow/example_dags/example_latest_only.py
[2026-06-02T04:49:14.074+0000] {logging_mixin.py:188} INFO - [2026-06-02T04:49:14.074+0000] {dag.py:3096} INFO - Sync 1 DAGs
[2026-06-02T04:49:14.118+0000] {logging_mixin.py:188} INFO - [2026-06-02T04:49:14.117+0000] {dag.py:3954} INFO - Setting next_dagrun for latest_only to 2026-06-02 00:00:00+00:00, run_after=2026-06-02 04:00:00+00:00
[2026-06-02T04:49:14.162+0000] {processor.py:183} INFO - Processing /home/airflow/.local/lib/python3.11/site-packages/airflow/example_dags/example_latest_only.py took 0.154 seconds
[2026-06-02T04:49:44.407+0000] {processor.py:161} INFO - Started process (PID=1816) to work on /home/airflow/.local/lib/python3.11/site-packages/airflow/example_dags/example_latest_only.py
[2026-06-02T04:49:44.408+0000] {processor.py:830} INFO - Processing file /home/airflow/.local/lib/python3.11/site-packages/airflow/example_dags/example_latest_only.py for tasks to queue
[2026-06-02T04:49:44.412+0000] {logging_mixin.py:188} INFO - [2026-06-02T04:49:44.411+0000] {dagbag.py:545} INFO - Filling up the DagBag from /home/airflow/.local/lib/python3.11/site-packages/airflow/example_dags/example_latest_only.py
[2026-06-02T04:49:44.424+0000] {processor.py:840} INFO - DAG(s) 'latest_only' retrieved from /home/airflow/.local/lib/python3.11/site-packages/airflow/example_dags/example_latest_only.py
[2026-06-02T04:49:44.457+0000] {logging_mixin.py:188} INFO - [2026-06-02T04:49:44.457+0000] {dag.py:3096} INFO - Sync 1 DAGs
[2026-06-02T04:49:44.500+0000] {logging_mixin.py:188} INFO - [2026-06-02T04:49:44.500+0000] {dag.py:3954} INFO - Setting next_dagrun for latest_only to 2026-06-02 00:00:00+00:00, run_after=2026-06-02 04:00:00+00:00
[2026-06-02T04:49:44.532+0000] {processor.py:183} INFO - Processing /home/airflow/.local/lib/python3.11/site-packages/airflow/example_dags/example_latest_only.py took 0.139 seconds
[2026-06-02T04:50:15.338+0000] {processor.py:161} INFO - Started process (PID=2092) to work on /home/airflow/.local/lib/python3.11/site-packages/airflow/example_dags/example_latest_only.py
[2026-06-02T04:50:15.351+0000] {processor.py:830} INFO - Processing file /home/airflow/.local/lib/python3.11/site-packages/airflow/example_dags/example_latest_only.py for tasks to queue
[2026-06-02T04:50:15.354+0000] {logging_mixin.py:188} INFO - [2026-06-02T04:50:15.354+0000] {dagbag.py:545} INFO - Filling up the DagBag from /home/airflow/.local/lib/python3.11/site-packages/airflow/example_dags/example_latest_only.py
[2026-06-02T04:50:15.371+0000] {processor.py:840} INFO - DAG(s) 'latest_only' retrieved from /home/airflow/.local/lib/python3.11/site-packages/airflow/example_dags/example_latest_only.py
[2026-06-02T04:50:15.419+0000] {logging_mixin.py:188} INFO - [2026-06-02T04:50:15.418+0000] {dag.py:3096} INFO - Sync 1 DAGs
[2026-06-02T04:50:15.481+0000] {logging_mixin.py:188} INFO - [2026-06-02T04:50:15.481+0000] {dag.py:3954} INFO - Setting next_dagrun for latest_only to 2026-06-02 00:00:00+00:00, run_after=2026-06-02 04:00:00+00:00
[2026-06-02T04:50:15.519+0000] {processor.py:183} INFO - Processing /home/airflow/.local/lib/python3.11/site-packages/airflow/example_dags/example_latest_only.py took 0.196 seconds
[2026-06-02T04:50:46.761+0000] {processor.py:161} INFO - Started process (PID=2368) to work on /home/airflow/.local/lib/python3.11/site-packages/airflow/example_dags/example_latest_only.py
[2026-06-02T04:50:46.763+0000] {processor.py:830} INFO - Processing file /home/airflow/.local/lib/python3.11/site-packages/airflow/example_dags/example_latest_only.py for tasks to queue
[2026-06-02T04:50:46.766+0000] {logging_mixin.py:188} INFO - [2026-06-02T04:50:46.766+0000] {dagbag.py:545} INFO - Filling up the DagBag from /home/airflow/.local/lib/python3.11/site-packages/airflow/example_dags/example_latest_only.py
[2026-06-02T04:50:46.776+0000] {processor.py:840} INFO - DAG(s) 'latest_only' retrieved from /home/airflow/.local/lib/python3.11/site-packages/airflow/example_dags/example_latest_only.py
[2026-06-02T04:50:46.818+0000] {logging_mixin.py:188} INFO - [2026-06-02T04:50:46.818+0000] {dag.py:3096} INFO - Sync 1 DAGs
[2026-06-02T04:50:46.894+0000] {logging_mixin.py:188} INFO - [2026-06-02T04:50:46.894+0000] {dag.py:3954} INFO - Setting next_dagrun for latest_only to 2026-06-02 00:00:00+00:00, run_after=2026-06-02 04:00:00+00:00
[2026-06-02T04:50:46.945+0000] {processor.py:183} INFO - Processing /home/airflow/.local/lib/python3.11/site-packages/airflow/example_dags/example_latest_only.py took 0.196 seconds
[2026-06-02T04:51:17.790+0000] {processor.py:161} INFO - Started process (PID=2646) to work on /home/airflow/.local/lib/python3.11/site-packages/airflow/example_dags/example_latest_only.py
[2026-06-02T04:51:17.792+0000] {processor.py:830} INFO - Processing file /home/airflow/.local/lib/python3.11/site-packages/airflow/example_dags/example_latest_only.py for tasks to queue
[2026-06-02T04:51:17.795+0000] {logging_mixin.py:188} INFO - [2026-06-02T04:51:17.795+0000] {dagbag.py:545} INFO - Filling up the DagBag from /home/airflow/.local/lib/python3.11/site-packages/airflow/example_dags/example_latest_only.py
[2026-06-02T04:51:17.806+0000] {processor.py:840} INFO - DAG(s) 'latest_only' retrieved from /home/airflow/.local/lib/python3.11/site-packages/airflow/example_dags/example_latest_only.py
[2026-06-02T04:51:17.843+0000] {logging_mixin.py:188} INFO - [2026-06-02T04:51:17.843+0000] {dag.py:3096} INFO - Sync 1 DAGs
[2026-06-02T04:51:17.876+0000] {logging_mixin.py:188} INFO - [2026-06-02T04:51:17.875+0000] {dag.py:3954} INFO - Setting next_dagrun for latest_only to 2026-06-02 00:00:00+00:00, run_after=2026-06-02 04:00:00+00:00
[2026-06-02T04:51:17.902+0000] {processor.py:183} INFO - Processing /home/airflow/.local/lib/python3.11/site-packages/airflow/example_dags/example_latest_only.py took 0.125 seconds
[2026-06-02T04:51:49.822+0000] {processor.py:161} INFO - Started process (PID=2976) to work on /home/airflow/.local/lib/python3.11/site-packages/airflow/example_dags/example_latest_only.py
[2026-06-02T04:51:49.829+0000] {processor.py:830} INFO - Processing file /home/airflow/.local/lib/python3.11/site-packages/airflow/example_dags/example_latest_only.py for tasks to queue
[2026-06-02T04:51:49.831+0000] {logging_mixin.py:188} INFO - [2026-06-02T04:51:49.831+0000] {dagbag.py:545} INFO - Filling up the DagBag from /home/airflow/.local/lib/python3.11/site-packages/airflow/example_dags/example_latest_only.py
[2026-06-02T04:51:49.854+0000] {processor.py:840} INFO - DAG(s) 'latest_only' retrieved from /home/airflow/.local/lib/python3.11/site-packages/airflow/example_dags/example_latest_only.py
[2026-06-02T04:51:49.922+0000] {logging_mixin.py:188} INFO - [2026-06-02T04:51:49.922+0000] {dag.py:3096} INFO - Sync 1 DAGs
[2026-06-02T04:51:50.009+0000] {logging_mixin.py:188} INFO - [2026-06-02T04:51:50.004+0000] {dag.py:3954} INFO - Setting next_dagrun for latest_only to 2026-06-02 00:00:00+00:00, run_after=2026-06-02 04:00:00+00:00
[2026-06-02T04:51:50.109+0000] {processor.py:183} INFO - Processing /home/airflow/.local/lib/python3.11/site-packages/airflow/example_dags/example_latest_only.py took 0.303 seconds
[2026-06-02T04:52:21.328+0000] {processor.py:161} INFO - Started process (PID=3267) to work on /home/airflow/.local/lib/python3.11/site-packages/airflow/example_dags/example_latest_only.py
[2026-06-02T04:52:21.331+0000] {processor.py:830} INFO - Processing file /home/airflow/.local/lib/python3.11/site-packages/airflow/example_dags/example_latest_only.py for tasks to queue
[2026-06-02T04:52:21.348+0000] {logging_mixin.py:188} INFO - [2026-06-02T04:52:21.347+0000] {dagbag.py:545} INFO - Filling up the DagBag from /home/airflow/.local/lib/python3.11/site-packages/airflow/example_dags/example_latest_only.py
[2026-06-02T04:52:21.354+0000] {processor.py:840} INFO - DAG(s) 'latest_only' retrieved from /home/airflow/.local/lib/python3.11/site-packages/airflow/example_dags/example_latest_only.py
[2026-06-02T04:52:21.418+0000] {logging_mixin.py:188} INFO - [2026-06-02T04:52:21.417+0000] {dag.py:3096} INFO - Sync 1 DAGs
[2026-06-02T04:52:21.517+0000] {logging_mixin.py:188} INFO - [2026-06-02T04:52:21.516+0000] {dag.py:3954} INFO - Setting next_dagrun for latest_only to 2026-06-02 00:00:00+00:00, run_after=2026-06-02 04:00:00+00:00
[2026-06-02T04:52:21.604+0000] {processor.py:183} INFO - Processing /home/airflow/.local/lib/python3.11/site-packages/airflow/example_dags/example_latest_only.py took 0.284 seconds
[2026-06-02T04:52:53.530+0000] {processor.py:161} INFO - Started process (PID=3540) to work on /home/airflow/.local/lib/python3.11/site-packages/airflow/example_dags/example_latest_only.py
[2026-06-02T04:52:53.539+0000] {processor.py:830} INFO - Processing file /home/airflow/.local/lib/python3.11/site-packages/airflow/example_dags/example_latest_only.py for tasks to queue
[2026-06-02T04:52:53.555+0000] {logging_mixin.py:188} INFO - [2026-06-02T04:52:53.555+0000] {dagbag.py:545} INFO - Filling up the DagBag from /home/airflow/.local/lib/python3.11/site-packages/airflow/example_dags/example_latest_only.py
[2026-06-02T04:52:53.581+0000] {processor.py:840} INFO - DAG(s) 'latest_only' retrieved from /home/airflow/.local/lib/python3.11/site-packages/airflow/example_dags/example_latest_only.py
[2026-06-02T04:52:53.710+0000] {logging_mixin.py:188} INFO - [2026-06-02T04:52:53.710+0000] {dag.py:3096} INFO - Sync 1 DAGs
[2026-06-02T04:52:53.812+0000] {logging_mixin.py:188} INFO - [2026-06-02T04:52:53.812+0000] {dag.py:3954} INFO - Setting next_dagrun for latest_only to 2026-06-02 00:00:00+00:00, run_after=2026-06-02 04:00:00+00:00
[2026-06-02T04:52:53.900+0000] {processor.py:183} INFO - Processing /home/airflow/.local/lib/python3.11/site-packages/airflow/example_dags/example_latest_only.py took 0.402 seconds
[2026-06-02T04:53:28.199+0000] {processor.py:161} INFO - Started process (PID=3817) to work on /home/airflow/.local/lib/python3.11/site-packages/airflow/example_dags/example_latest_only.py
[2026-06-02T04:53:28.217+0000] {processor.py:830} INFO - Processing file /home/airflow/.local/lib/python3.11/site-packages/airflow/example_dags/example_latest_only.py for tasks to queue
[2026-06-02T04:53:28.231+0000] {logging_mixin.py:188} INFO - [2026-06-02T04:53:28.230+0000] {dagbag.py:545} INFO - Filling up the DagBag from /home/airflow/.local/lib/python3.11/site-packages/airflow/example_dags/example_latest_only.py
[2026-06-02T04:53:28.264+0000] {processor.py:840} INFO - DAG(s) 'latest_only' retrieved from /home/airflow/.local/lib/python3.11/site-packages/airflow/example_dags/example_latest_only.py
[2026-06-02T04:53:28.351+0000] {logging_mixin.py:188} INFO - [2026-06-02T04:53:28.351+0000] {dag.py:3096} INFO - Sync 1 DAGs
[2026-06-02T04:53:28.574+0000] {logging_mixin.py:188} INFO - [2026-06-02T04:53:28.574+0000] {dag.py:3954} INFO - Setting next_dagrun for latest_only to 2026-06-02 00:00:00+00:00, run_after=2026-06-02 04:00:00+00:00
[2026-06-02T04:53:28.717+0000] {processor.py:183} INFO - Processing /home/airflow/.local/lib/python3.11/site-packages/airflow/example_dags/example_latest_only.py took 0.547 seconds
[2026-06-02T04:54:02.047+0000] {processor.py:161} INFO - Started process (PID=4093) to work on /home/airflow/.local/lib/python3.11/site-packages/airflow/example_dags/example_latest_only.py
[2026-06-02T04:54:02.050+0000] {processor.py:830} INFO - Processing file /home/airflow/.local/lib/python3.11/site-packages/airflow/example_dags/example_latest_only.py for tasks to queue
[2026-06-02T04:54:02.059+0000] {logging_mixin.py:188} INFO - [2026-06-02T04:54:02.058+0000] {dagbag.py:545} INFO - Filling up the DagBag from /home/airflow/.local/lib/python3.11/site-packages/airflow/example_dags/example_latest_only.py
[2026-06-02T04:54:02.086+0000] {processor.py:840} INFO - DAG(s) 'latest_only' retrieved from /home/airflow/.local/lib/python3.11/site-packages/airflow/example_dags/example_latest_only.py
[2026-06-02T04:54:02.140+0000] {logging_mixin.py:188} INFO - [2026-06-02T04:54:02.140+0000] {dag.py:3096} INFO - Sync 1 DAGs
[2026-06-02T04:54:02.283+0000] {logging_mixin.py:188} INFO - [2026-06-02T04:54:02.283+0000] {dag.py:3954} INFO - Setting next_dagrun for latest_only to 2026-06-02 00:00:00+00:00, run_after=2026-06-02 04:00:00+00:00
[2026-06-02T04:54:02.442+0000] {processor.py:183} INFO - Processing /home/airflow/.local/lib/python3.11/site-packages/airflow/example_dags/example_latest_only.py took 0.430 seconds
[2026-06-02T04:54:32.642+0000] {processor.py:161} INFO - Started process (PID=4356) to work on /home/airflow/.local/lib/python3.11/site-packages/airflow/example_dags/example_latest_only.py
[2026-06-02T04:54:32.649+0000] {processor.py:830} INFO - Processing file /home/airflow/.local/lib/python3.11/site-packages/airflow/example_dags/example_latest_only.py for tasks to queue
[2026-06-02T04:54:32.657+0000] {logging_mixin.py:188} INFO - [2026-06-02T04:54:32.657+0000] {dagbag.py:545} INFO - Filling up the DagBag from /home/airflow/.local/lib/python3.11/site-packages/airflow/example_dags/example_latest_only.py
[2026-06-02T04:54:32.671+0000] {processor.py:840} INFO - DAG(s) 'latest_only' retrieved from /home/airflow/.local/lib/python3.11/site-packages/airflow/example_dags/example_latest_only.py
[2026-06-02T04:54:32.711+0000] {logging_mixin.py:188} INFO - [2026-06-02T04:54:32.711+0000] {dag.py:3096} INFO - Sync 1 DAGs
[2026-06-02T04:54:32.755+0000] {logging_mixin.py:188} INFO - [2026-06-02T04:54:32.755+0000] {dag.py:3954} INFO - Setting next_dagrun for latest_only to 2026-06-02 00:00:00+00:00, run_after=2026-06-02 04:00:00+00:00
[2026-06-02T04:54:32.861+0000] {processor.py:183} INFO - Processing /home/airflow/.local/lib/python3.11/site-packages/airflow/example_dags/example_latest_only.py took 0.242 seconds
[2026-06-02T04:55:03.477+0000] {processor.py:161} INFO - Started process (PID=4630) to work on /home/airflow/.local/lib/python3.11/site-packages/airflow/example_dags/example_latest_only.py
[2026-06-02T04:55:03.495+0000] {processor.py:830} INFO - Processing file /home/airflow/.local/lib/python3.11/site-packages/airflow/example_dags/example_latest_only.py for tasks to queue
[2026-06-02T04:55:03.511+0000] {logging_mixin.py:188} INFO - [2026-06-02T04:55:03.510+0000] {dagbag.py:545} INFO - Filling up the DagBag from /home/airflow/.local/lib/python3.11/site-packages/airflow/example_dags/example_latest_only.py
[2026-06-02T04:55:03.521+0000] {processor.py:840} INFO - DAG(s) 'latest_only' retrieved from /home/airflow/.local/lib/python3.11/site-packages/airflow/example_dags/example_latest_only.py
[2026-06-02T04:55:03.628+0000] {logging_mixin.py:188} INFO - [2026-06-02T04:55:03.628+0000] {dag.py:3096} INFO - Sync 1 DAGs
[2026-06-02T04:55:03.666+0000] {logging_mixin.py:188} INFO - [2026-06-02T04:55:03.665+0000] {dag.py:3954} INFO - Setting next_dagrun for latest_only to 2026-06-02 00:00:00+00:00, run_after=2026-06-02 04:00:00+00:00
[2026-06-02T04:55:03.708+0000] {processor.py:183} INFO - Processing /home/airflow/.local/lib/python3.11/site-packages/airflow/example_dags/example_latest_only.py took 0.238 seconds
[2026-06-02T04:55:34.472+0000] {processor.py:161} INFO - Started process (PID=4906) to work on /home/airflow/.local/lib/python3.11/site-packages/airflow/example_dags/example_latest_only.py
[2026-06-02T04:55:34.485+0000] {processor.py:830} INFO - Processing file /home/airflow/.local/lib/python3.11/site-packages/airflow/example_dags/example_latest_only.py for tasks to queue
[2026-06-02T04:55:34.493+0000] {logging_mixin.py:188} INFO - [2026-06-02T04:55:34.493+0000] {dagbag.py:545} INFO - Filling up the DagBag from /home/airflow/.local/lib/python3.11/site-packages/airflow/example_dags/example_latest_only.py
[2026-06-02T04:55:34.521+0000] {processor.py:840} INFO - DAG(s) 'latest_only' retrieved from /home/airflow/.local/lib/python3.11/site-packages/airflow/example_dags/example_latest_only.py
[2026-06-02T04:55:34.686+0000] {logging_mixin.py:188} INFO - [2026-06-02T04:55:34.686+0000] {dag.py:3096} INFO - Sync 1 DAGs
[2026-06-02T04:55:34.846+0000] {logging_mixin.py:188} INFO - [2026-06-02T04:55:34.846+0000] {dag.py:3954} INFO - Setting next_dagrun for latest_only to 2026-06-02 00:00:00+00:00, run_after=2026-06-02 04:00:00+00:00
[2026-06-02T04:55:34.944+0000] {processor.py:183} INFO - Processing /home/airflow/.local/lib/python3.11/site-packages/airflow/example_dags/example_latest_only.py took 0.490 seconds
[2026-06-02T04:56:05.104+0000] {processor.py:161} INFO - Started process (PID=5181) to work on /home/airflow/.local/lib/python3.11/site-packages/airflow/example_dags/example_latest_only.py
[2026-06-02T04:56:05.114+0000] {processor.py:830} INFO - Processing file /home/airflow/.local/lib/python3.11/site-packages/airflow/example_dags/example_latest_only.py for tasks to queue
[2026-06-02T04:56:05.116+0000] {logging_mixin.py:188} INFO - [2026-06-02T04:56:05.116+0000] {dagbag.py:545} INFO - Filling up the DagBag from /home/airflow/.local/lib/python3.11/site-packages/airflow/example_dags/example_latest_only.py
[2026-06-02T04:56:05.137+0000] {processor.py:840} INFO - DAG(s) 'latest_only' retrieved from /home/airflow/.local/lib/python3.11/site-packages/airflow/example_dags/example_latest_only.py
[2026-06-02T04:56:05.199+0000] {logging_mixin.py:188} INFO - [2026-06-02T04:56:05.198+0000] {dag.py:3096} INFO - Sync 1 DAGs
[2026-06-02T04:56:05.264+0000] {logging_mixin.py:188} INFO - [2026-06-02T04:56:05.264+0000] {dag.py:3954} INFO - Setting next_dagrun for latest_only to 2026-06-02 00:00:00+00:00, run_after=2026-06-02 04:00:00+00:00
[2026-06-02T04:56:05.408+0000] {processor.py:183} INFO - Processing /home/airflow/.local/lib/python3.11/site-packages/airflow/example_dags/example_latest_only.py took 0.318 seconds
[2026-06-02T04:56:38.033+0000] {processor.py:161} INFO - Started process (PID=5465) to work on /home/airflow/.local/lib/python3.11/site-packages/airflow/example_dags/example_latest_only.py
[2026-06-02T04:56:38.045+0000] {processor.py:830} INFO - Processing file /home/airflow/.local/lib/python3.11/site-packages/airflow/example_dags/example_latest_only.py for tasks to queue
[2026-06-02T04:56:38.047+0000] {logging_mixin.py:188} INFO - [2026-06-02T04:56:38.047+0000] {dagbag.py:545} INFO - Filling up the DagBag from /home/airflow/.local/lib/python3.11/site-packages/airflow/example_dags/example_latest_only.py
[2026-06-02T04:56:38.072+0000] {processor.py:840} INFO - DAG(s) 'latest_only' retrieved from /home/airflow/.local/lib/python3.11/site-packages/airflow/example_dags/example_latest_only.py
[2026-06-02T04:56:38.158+0000] {logging_mixin.py:188} INFO - [2026-06-02T04:56:38.157+0000] {dag.py:3096} INFO - Sync 1 DAGs
[2026-06-02T04:56:38.273+0000] {logging_mixin.py:188} INFO - [2026-06-02T04:56:38.273+0000] {dag.py:3954} INFO - Setting next_dagrun for latest_only to 2026-06-02 00:00:00+00:00, run_after=2026-06-02 04:00:00+00:00
[2026-06-02T04:56:38.378+0000] {processor.py:183} INFO - Processing /home/airflow/.local/lib/python3.11/site-packages/airflow/example_dags/example_latest_only.py took 0.369 seconds
[2026-06-02T04:57:09.884+0000] {processor.py:161} INFO - Started process (PID=5739) to work on /home/airflow/.local/lib/python3.11/site-packages/airflow/example_dags/example_latest_only.py
[2026-06-02T04:57:09.885+0000] {processor.py:830} INFO - Processing file /home/airflow/.local/lib/python3.11/site-packages/airflow/example_dags/example_latest_only.py for tasks to queue
[2026-06-02T04:57:09.892+0000] {logging_mixin.py:188} INFO - [2026-06-02T04:57:09.892+0000] {dagbag.py:545} INFO - Filling up the DagBag from /home/airflow/.local/lib/python3.11/site-packages/airflow/example_dags/example_latest_only.py
[2026-06-02T04:57:09.898+0000] {processor.py:840} INFO - DAG(s) 'latest_only' retrieved from /home/airflow/.local/lib/python3.11/site-packages/airflow/example_dags/example_latest_only.py
[2026-06-02T04:57:09.969+0000] {logging_mixin.py:188} INFO - [2026-06-02T04:57:09.969+0000] {dag.py:3096} INFO - Sync 1 DAGs
[2026-06-02T04:57:10.020+0000] {logging_mixin.py:188} INFO - [2026-06-02T04:57:10.020+0000] {dag.py:3954} INFO - Setting next_dagrun for latest_only to 2026-06-02 00:00:00+00:00, run_after=2026-06-02 04:00:00+00:00
[2026-06-02T04:57:10.064+0000] {processor.py:183} INFO - Processing /home/airflow/.local/lib/python3.11/site-packages/airflow/example_dags/example_latest_only.py took 0.195 seconds
[2026-06-02T04:57:40.573+0000] {processor.py:161} INFO - Started process (PID=6003) to work on /home/airflow/.local/lib/python3.11/site-packages/airflow/example_dags/example_latest_only.py
[2026-06-02T04:57:40.574+0000] {processor.py:830} INFO - Processing file /home/airflow/.local/lib/python3.11/site-packages/airflow/example_dags/example_latest_only.py for tasks to queue
[2026-06-02T04:57:40.591+0000] {logging_mixin.py:188} INFO - [2026-06-02T04:57:40.590+0000] {dagbag.py:545} INFO - Filling up the DagBag from /home/airflow/.local/lib/python3.11/site-packages/airflow/example_dags/example_latest_only.py
[2026-06-02T04:57:40.610+0000] {processor.py:840} INFO - DAG(s) 'latest_only' retrieved from /home/airflow/.local/lib/python3.11/site-packages/airflow/example_dags/example_latest_only.py
[2026-06-02T04:57:40.754+0000] {logging_mixin.py:188} INFO - [2026-06-02T04:57:40.753+0000] {dag.py:3096} INFO - Sync 1 DAGs
[2026-06-02T04:57:40.866+0000] {logging_mixin.py:188} INFO - [2026-06-02T04:57:40.866+0000] {dag.py:3954} INFO - Setting next_dagrun for latest_only to 2026-06-02 00:00:00+00:00, run_after=2026-06-02 04:00:00+00:00
[2026-06-02T04:57:40.967+0000] {processor.py:183} INFO - Processing /home/airflow/.local/lib/python3.11/site-packages/airflow/example_dags/example_latest_only.py took 0.416 seconds
[2026-06-02T04:58:11.984+0000] {processor.py:161} INFO - Started process (PID=6279) to work on /home/airflow/.local/lib/python3.11/site-packages/airflow/example_dags/example_latest_only.py
[2026-06-02T04:58:12.005+0000] {processor.py:830} INFO - Processing file /home/airflow/.local/lib/python3.11/site-packages/airflow/example_dags/example_latest_only.py for tasks to queue
[2026-06-02T04:58:12.018+0000] {logging_mixin.py:188} INFO - [2026-06-02T04:58:12.017+0000] {dagbag.py:545} INFO - Filling up the DagBag from /home/airflow/.local/lib/python3.11/site-packages/airflow/example_dags/example_latest_only.py
[2026-06-02T04:58:12.042+0000] {processor.py:840} INFO - DAG(s) 'latest_only' retrieved from /home/airflow/.local/lib/python3.11/site-packages/airflow/example_dags/example_latest_only.py
[2026-06-02T04:58:12.229+0000] {logging_mixin.py:188} INFO - [2026-06-02T04:58:12.229+0000] {dag.py:3096} INFO - Sync 1 DAGs
[2026-06-02T04:58:12.360+0000] {logging_mixin.py:188} INFO - [2026-06-02T04:58:12.360+0000] {dag.py:3954} INFO - Setting next_dagrun for latest_only to 2026-06-02 00:00:00+00:00, run_after=2026-06-02 04:00:00+00:00
[2026-06-02T04:58:12.447+0000] {processor.py:183} INFO - Processing /home/airflow/.local/lib/python3.11/site-packages/airflow/example_dags/example_latest_only.py took 0.469 seconds
[2026-06-02T04:58:42.987+0000] {processor.py:161} INFO - Started process (PID=6555) to work on /home/airflow/.local/lib/python3.11/site-packages/airflow/example_dags/example_latest_only.py
[2026-06-02T04:58:42.993+0000] {processor.py:830} INFO - Processing file /home/airflow/.local/lib/python3.11/site-packages/airflow/example_dags/example_latest_only.py for tasks to queue
[2026-06-02T04:58:43.007+0000] {logging_mixin.py:188} INFO - [2026-06-02T04:58:43.007+0000] {dagbag.py:545} INFO - Filling up the DagBag from /home/airflow/.local/lib/python3.11/site-packages/airflow/example_dags/example_latest_only.py
[2026-06-02T04:58:43.036+0000] {processor.py:840} INFO - DAG(s) 'latest_only' retrieved from /home/airflow/.local/lib/python3.11/site-packages/airflow/example_dags/example_latest_only.py
[2026-06-02T04:58:43.103+0000] {logging_mixin.py:188} INFO - [2026-06-02T04:58:43.103+0000] {dag.py:3096} INFO - Sync 1 DAGs
[2026-06-02T04:58:43.233+0000] {logging_mixin.py:188} INFO - [2026-06-02T04:58:43.233+0000] {dag.py:3954} INFO - Setting next_dagrun for latest_only to 2026-06-02 00:00:00+00:00, run_after=2026-06-02 04:00:00+00:00
[2026-06-02T04:58:43.328+0000] {processor.py:183} INFO - Processing /home/airflow/.local/lib/python3.11/site-packages/airflow/example_dags/example_latest_only.py took 0.380 seconds
[2026-06-02T04:59:13.549+0000] {processor.py:161} INFO - Started process (PID=6828) to work on /home/airflow/.local/lib/python3.11/site-packages/airflow/example_dags/example_latest_only.py
[2026-06-02T04:59:13.574+0000] {processor.py:830} INFO - Processing file /home/airflow/.local/lib/python3.11/site-packages/airflow/example_dags/example_latest_only.py for tasks to queue
[2026-06-02T04:59:13.583+0000] {logging_mixin.py:188} INFO - [2026-06-02T04:59:13.582+0000] {dagbag.py:545} INFO - Filling up the DagBag from /home/airflow/.local/lib/python3.11/site-packages/airflow/example_dags/example_latest_only.py
[2026-06-02T04:59:13.649+0000] {processor.py:840} INFO - DAG(s) 'latest_only' retrieved from /home/airflow/.local/lib/python3.11/site-packages/airflow/example_dags/example_latest_only.py
[2026-06-02T04:59:13.725+0000] {logging_mixin.py:188} INFO - [2026-06-02T04:59:13.724+0000] {dag.py:3096} INFO - Sync 1 DAGs
[2026-06-02T04:59:13.794+0000] {logging_mixin.py:188} INFO - [2026-06-02T04:59:13.794+0000] {dag.py:3954} INFO - Setting next_dagrun for latest_only to 2026-06-02 00:00:00+00:00, run_after=2026-06-02 04:00:00+00:00
[2026-06-02T04:59:13.825+0000] {processor.py:183} INFO - Processing /home/airflow/.local/lib/python3.11/site-packages/airflow/example_dags/example_latest_only.py took 0.303 seconds
[2026-06-02T04:59:47.355+0000] {processor.py:161} INFO - Started process (PID=7104) to work on /home/airflow/.local/lib/python3.11/site-packages/airflow/example_dags/example_latest_only.py
[2026-06-02T04:59:47.377+0000] {processor.py:830} INFO - Processing file /home/airflow/.local/lib/python3.11/site-packages/airflow/example_dags/example_latest_only.py for tasks to queue
[2026-06-02T04:59:47.385+0000] {logging_mixin.py:188} INFO - [2026-06-02T04:59:47.384+0000] {dagbag.py:545} INFO - Filling up the DagBag from /home/airflow/.local/lib/python3.11/site-packages/airflow/example_dags/example_latest_only.py
[2026-06-02T04:59:47.416+0000] {processor.py:840} INFO - DAG(s) 'latest_only' retrieved from /home/airflow/.local/lib/python3.11/site-packages/airflow/example_dags/example_latest_only.py
[2026-06-02T04:59:47.456+0000] {logging_mixin.py:188} INFO - [2026-06-02T04:59:47.456+0000] {dag.py:3096} INFO - Sync 1 DAGs
[2026-06-02T04:59:47.683+0000] {logging_mixin.py:188} INFO - [2026-06-02T04:59:47.683+0000] {dag.py:3954} INFO - Setting next_dagrun for latest_only to 2026-06-02 00:00:00+00:00, run_after=2026-06-02 04:00:00+00:00
[2026-06-02T04:59:47.888+0000] {processor.py:183} INFO - Processing /home/airflow/.local/lib/python3.11/site-packages/airflow/example_dags/example_latest_only.py took 0.570 seconds
[2026-06-02T05:00:18.389+0000] {processor.py:161} INFO - Started process (PID=7368) to work on /home/airflow/.local/lib/python3.11/site-packages/airflow/example_dags/example_latest_only.py
[2026-06-02T05:00:18.403+0000] {processor.py:830} INFO - Processing file /home/airflow/.local/lib/python3.11/site-packages/airflow/example_dags/example_latest_only.py for tasks to queue
[2026-06-02T05:00:18.412+0000] {logging_mixin.py:188} INFO - [2026-06-02T05:00:18.411+0000] {dagbag.py:545} INFO - Filling up the DagBag from /home/airflow/.local/lib/python3.11/site-packages/airflow/example_dags/example_latest_only.py
[2026-06-02T05:00:18.433+0000] {processor.py:840} INFO - DAG(s) 'latest_only' retrieved from /home/airflow/.local/lib/python3.11/site-packages/airflow/example_dags/example_latest_only.py
[2026-06-02T05:00:18.522+0000] {logging_mixin.py:188} INFO - [2026-06-02T05:00:18.521+0000] {dag.py:3096} INFO - Sync 1 DAGs
[2026-06-02T05:00:18.616+0000] {logging_mixin.py:188} INFO - [2026-06-02T05:00:18.616+0000] {dag.py:3954} INFO - Setting next_dagrun for latest_only to 2026-06-02 00:00:00+00:00, run_after=2026-06-02 04:00:00+00:00
[2026-06-02T05:00:18.703+0000] {processor.py:183} INFO - Processing /home/airflow/.local/lib/python3.11/site-packages/airflow/example_dags/example_latest_only.py took 0.336 seconds
[2026-06-02T05:00:49.292+0000] {processor.py:161} INFO - Started process (PID=7644) to work on /home/airflow/.local/lib/python3.11/site-packages/airflow/example_dags/example_latest_only.py
[2026-06-02T05:00:49.311+0000] {processor.py:830} INFO - Processing file /home/airflow/.local/lib/python3.11/site-packages/airflow/example_dags/example_latest_only.py for tasks to queue
[2026-06-02T05:00:49.313+0000] {logging_mixin.py:188} INFO - [2026-06-02T05:00:49.313+0000] {dagbag.py:545} INFO - Filling up the DagBag from /home/airflow/.local/lib/python3.11/site-packages/airflow/example_dags/example_latest_only.py
[2026-06-02T05:00:49.331+0000] {processor.py:840} INFO - DAG(s) 'latest_only' retrieved from /home/airflow/.local/lib/python3.11/site-packages/airflow/example_dags/example_latest_only.py
[2026-06-02T05:00:49.381+0000] {logging_mixin.py:188} INFO - [2026-06-02T05:00:49.381+0000] {dag.py:3096} INFO - Sync 1 DAGs
[2026-06-02T05:00:49.492+0000] {logging_mixin.py:188} INFO - [2026-06-02T05:00:49.492+0000] {dag.py:3954} INFO - Setting next_dagrun for latest_only to 2026-06-02 00:00:00+00:00, run_after=2026-06-02 04:00:00+00:00
[2026-06-02T05:00:49.626+0000] {processor.py:183} INFO - Processing /home/airflow/.local/lib/python3.11/site-packages/airflow/example_dags/example_latest_only.py took 0.357 seconds
[2026-06-02T05:01:20.034+0000] {processor.py:161} INFO - Started process (PID=7920) to work on /home/airflow/.local/lib/python3.11/site-packages/airflow/example_dags/example_latest_only.py
[2026-06-02T05:01:20.049+0000] {processor.py:830} INFO - Processing file /home/airflow/.local/lib/python3.11/site-packages/airflow/example_dags/example_latest_only.py for tasks to queue
[2026-06-02T05:01:20.058+0000] {logging_mixin.py:188} INFO - [2026-06-02T05:01:20.057+0000] {dagbag.py:545} INFO - Filling up the DagBag from /home/airflow/.local/lib/python3.11/site-packages/airflow/example_dags/example_latest_only.py
[2026-06-02T05:01:20.064+0000] {processor.py:840} INFO - DAG(s) 'latest_only' retrieved from /home/airflow/.local/lib/python3.11/site-packages/airflow/example_dags/example_latest_only.py
[2026-06-02T05:01:20.194+0000] {logging_mixin.py:188} INFO - [2026-06-02T05:01:20.194+0000] {dag.py:3096} INFO - Sync 1 DAGs
[2026-06-02T05:01:20.307+0000] {logging_mixin.py:188} INFO - [2026-06-02T05:01:20.306+0000] {dag.py:3954} INFO - Setting next_dagrun for latest_only to 2026-06-02 00:00:00+00:00, run_after=2026-06-02 04:00:00+00:00
[2026-06-02T05:01:20.397+0000] {processor.py:183} INFO - Processing /home/airflow/.local/lib/python3.11/site-packages/airflow/example_dags/example_latest_only.py took 0.386 seconds
[2026-06-02T05:01:50.579+0000] {processor.py:161} INFO - Started process (PID=8196) to work on /home/airflow/.local/lib/python3.11/site-packages/airflow/example_dags/example_latest_only.py
[2026-06-02T05:01:50.596+0000] {processor.py:830} INFO - Processing file /home/airflow/.local/lib/python3.11/site-packages/airflow/example_dags/example_latest_only.py for tasks to queue
[2026-06-02T05:01:50.598+0000] {logging_mixin.py:188} INFO - [2026-06-02T05:01:50.598+0000] {dagbag.py:545} INFO - Filling up the DagBag from /home/airflow/.local/lib/python3.11/site-packages/airflow/example_dags/example_latest_only.py
[2026-06-02T05:01:50.604+0000] {processor.py:840} INFO - DAG(s) 'latest_only' retrieved from /home/airflow/.local/lib/python3.11/site-packages/airflow/example_dags/example_latest_only.py
[2026-06-02T05:01:50.682+0000] {logging_mixin.py:188} INFO - [2026-06-02T05:01:50.682+0000] {dag.py:3096} INFO - Sync 1 DAGs
[2026-06-02T05:01:50.711+0000] {logging_mixin.py:188} INFO - [2026-06-02T05:01:50.711+0000] {dag.py:3954} INFO - Setting next_dagrun for latest_only to 2026-06-02 00:00:00+00:00, run_after=2026-06-02 04:00:00+00:00
[2026-06-02T05:01:50.749+0000] {processor.py:183} INFO - Processing /home/airflow/.local/lib/python3.11/site-packages/airflow/example_dags/example_latest_only.py took 0.176 seconds
[2026-06-02T05:02:23.001+0000] {processor.py:161} INFO - Started process (PID=8472) to work on /home/airflow/.local/lib/python3.11/site-packages/airflow/example_dags/example_latest_only.py
[2026-06-02T05:02:23.018+0000] {processor.py:830} INFO - Processing file /home/airflow/.local/lib/python3.11/site-packages/airflow/example_dags/example_latest_only.py for tasks to queue
[2026-06-02T05:02:23.033+0000] {logging_mixin.py:188} INFO - [2026-06-02T05:02:23.033+0000] {dagbag.py:545} INFO - Filling up the DagBag from /home/airflow/.local/lib/python3.11/site-packages/airflow/example_dags/example_latest_only.py
[2026-06-02T05:02:23.067+0000] {processor.py:840} INFO - DAG(s) 'latest_only' retrieved from /home/airflow/.local/lib/python3.11/site-packages/airflow/example_dags/example_latest_only.py
[2026-06-02T05:02:23.107+0000] {logging_mixin.py:188} INFO - [2026-06-02T05:02:23.106+0000] {dag.py:3096} INFO - Sync 1 DAGs
[2026-06-02T05:02:23.150+0000] {logging_mixin.py:188} INFO - [2026-06-02T05:02:23.150+0000] {dag.py:3954} INFO - Setting next_dagrun for latest_only to 2026-06-02 00:00:00+00:00, run_after=2026-06-02 04:00:00+00:00
[2026-06-02T05:02:23.209+0000] {processor.py:183} INFO - Processing /home/airflow/.local/lib/python3.11/site-packages/airflow/example_dags/example_latest_only.py took 0.228 seconds
[2026-06-02T05:02:54.277+0000] {processor.py:161} INFO - Started process (PID=8738) to work on /home/airflow/.local/lib/python3.11/site-packages/airflow/example_dags/example_latest_only.py
[2026-06-02T05:02:54.282+0000] {processor.py:830} INFO - Processing file /home/airflow/.local/lib/python3.11/site-packages/airflow/example_dags/example_latest_only.py for tasks to queue
[2026-06-02T05:02:54.290+0000] {logging_mixin.py:188} INFO - [2026-06-02T05:02:54.290+0000] {dagbag.py:545} INFO - Filling up the DagBag from /home/airflow/.local/lib/python3.11/site-packages/airflow/example_dags/example_latest_only.py
[2026-06-02T05:02:54.295+0000] {processor.py:840} INFO - DAG(s) 'latest_only' retrieved from /home/airflow/.local/lib/python3.11/site-packages/airflow/example_dags/example_latest_only.py
[2026-06-02T05:02:54.327+0000] {logging_mixin.py:188} INFO - [2026-06-02T05:02:54.327+0000] {dag.py:3096} INFO - Sync 1 DAGs
[2026-06-02T05:02:54.357+0000] {logging_mixin.py:188} INFO - [2026-06-02T05:02:54.357+0000] {dag.py:3954} INFO - Setting next_dagrun for latest_only to 2026-06-02 00:00:00+00:00, run_after=2026-06-02 04:00:00+00:00
[2026-06-02T05:02:54.396+0000] {processor.py:183} INFO - Processing /home/airflow/.local/lib/python3.11/site-packages/airflow/example_dags/example_latest_only.py took 0.125 seconds
[2026-06-02T05:03:24.902+0000] {processor.py:161} INFO - Started process (PID=9008) to work on /home/airflow/.local/lib/python3.11/site-packages/airflow/example_dags/example_latest_only.py
[2026-06-02T05:03:24.913+0000] {processor.py:830} INFO - Processing file /home/airflow/.local/lib/python3.11/site-packages/airflow/example_dags/example_latest_only.py for tasks to queue
[2026-06-02T05:03:24.941+0000] {logging_mixin.py:188} INFO - [2026-06-02T05:03:24.940+0000] {dagbag.py:545} INFO - Filling up the DagBag from /home/airflow/.local/lib/python3.11/site-packages/airflow/example_dags/example_latest_only.py
[2026-06-02T05:03:24.974+0000] {processor.py:840} INFO - DAG(s) 'latest_only' retrieved from /home/airflow/.local/lib/python3.11/site-packages/airflow/example_dags/example_latest_only.py
[2026-06-02T05:03:25.030+0000] {logging_mixin.py:188} INFO - [2026-06-02T05:03:25.030+0000] {dag.py:3096} INFO - Sync 1 DAGs
[2026-06-02T05:03:25.201+0000] {logging_mixin.py:188} INFO - [2026-06-02T05:03:25.201+0000] {dag.py:3954} INFO - Setting next_dagrun for latest_only to 2026-06-02 00:00:00+00:00, run_after=2026-06-02 04:00:00+00:00
[2026-06-02T05:03:25.243+0000] {processor.py:183} INFO - Processing /home/airflow/.local/lib/python3.11/site-packages/airflow/example_dags/example_latest_only.py took 0.354 seconds
[2026-06-02T05:03:57.246+0000] {processor.py:161} INFO - Started process (PID=9284) to work on /home/airflow/.local/lib/python3.11/site-packages/airflow/example_dags/example_latest_only.py
[2026-06-02T05:03:57.263+0000] {processor.py:830} INFO - Processing file /home/airflow/.local/lib/python3.11/site-packages/airflow/example_dags/example_latest_only.py for tasks to queue
[2026-06-02T05:03:57.272+0000] {logging_mixin.py:188} INFO - [2026-06-02T05:03:57.271+0000] {dagbag.py:545} INFO - Filling up the DagBag from /home/airflow/.local/lib/python3.11/site-packages/airflow/example_dags/example_latest_only.py
[2026-06-02T05:03:57.278+0000] {processor.py:840} INFO - DAG(s) 'latest_only' retrieved from /home/airflow/.local/lib/python3.11/site-packages/airflow/example_dags/example_latest_only.py
[2026-06-02T05:03:57.384+0000] {logging_mixin.py:188} INFO - [2026-06-02T05:03:57.384+0000] {dag.py:3096} INFO - Sync 1 DAGs
[2026-06-02T05:03:57.485+0000] {logging_mixin.py:188} INFO - [2026-06-02T05:03:57.484+0000] {dag.py:3954} INFO - Setting next_dagrun for latest_only to 2026-06-02 00:00:00+00:00, run_after=2026-06-02 04:00:00+00:00
[2026-06-02T05:03:57.588+0000] {processor.py:183} INFO - Processing /home/airflow/.local/lib/python3.11/site-packages/airflow/example_dags/example_latest_only.py took 0.374 seconds
[2026-06-02T05:04:28.759+0000] {processor.py:161} INFO - Started process (PID=9560) to work on /home/airflow/.local/lib/python3.11/site-packages/airflow/example_dags/example_latest_only.py
[2026-06-02T05:04:28.782+0000] {processor.py:830} INFO - Processing file /home/airflow/.local/lib/python3.11/site-packages/airflow/example_dags/example_latest_only.py for tasks to queue
[2026-06-02T05:04:28.807+0000] {logging_mixin.py:188} INFO - [2026-06-02T05:04:28.806+0000] {dagbag.py:545} INFO - Filling up the DagBag from /home/airflow/.local/lib/python3.11/site-packages/airflow/example_dags/example_latest_only.py
[2026-06-02T05:04:28.841+0000] {processor.py:840} INFO - DAG(s) 'latest_only' retrieved from /home/airflow/.local/lib/python3.11/site-packages/airflow/example_dags/example_latest_only.py
[2026-06-02T05:04:28.942+0000] {logging_mixin.py:188} INFO - [2026-06-02T05:04:28.942+0000] {dag.py:3096} INFO - Sync 1 DAGs
[2026-06-02T05:04:29.075+0000] {logging_mixin.py:188} INFO - [2026-06-02T05:04:29.075+0000] {dag.py:3954} INFO - Setting next_dagrun for latest_only to 2026-06-02 00:00:00+00:00, run_after=2026-06-02 04:00:00+00:00
[2026-06-02T05:04:29.106+0000] {processor.py:183} INFO - Processing /home/airflow/.local/lib/python3.11/site-packages/airflow/example_dags/example_latest_only.py took 0.378 seconds
[2026-06-02T05:04:59.772+0000] {processor.py:161} INFO - Started process (PID=9832) to work on /home/airflow/.local/lib/python3.11/site-packages/airflow/example_dags/example_latest_only.py
[2026-06-02T05:04:59.780+0000] {processor.py:830} INFO - Processing file /home/airflow/.local/lib/python3.11/site-packages/airflow/example_dags/example_latest_only.py for tasks to queue
[2026-06-02T05:04:59.786+0000] {logging_mixin.py:188} INFO - [2026-06-02T05:04:59.785+0000] {dagbag.py:545} INFO - Filling up the DagBag from /home/airflow/.local/lib/python3.11/site-packages/airflow/example_dags/example_latest_only.py
[2026-06-02T05:04:59.802+0000] {processor.py:840} INFO - DAG(s) 'latest_only' retrieved from /home/airflow/.local/lib/python3.11/site-packages/airflow/example_dags/example_latest_only.py
[2026-06-02T05:04:59.890+0000] {logging_mixin.py:188} INFO - [2026-06-02T05:04:59.890+0000] {dag.py:3096} INFO - Sync 1 DAGs
[2026-06-02T05:04:59.978+0000] {logging_mixin.py:188} INFO - [2026-06-02T05:04:59.978+0000] {dag.py:3954} INFO - Setting next_dagrun for latest_only to 2026-06-02 00:00:00+00:00, run_after=2026-06-02 04:00:00+00:00
[2026-06-02T05:05:00.104+0000] {processor.py:183} INFO - Processing /home/airflow/.local/lib/python3.11/site-packages/airflow/example_dags/example_latest_only.py took 0.350 seconds
[2026-06-02T05:05:31.463+0000] {processor.py:161} INFO - Started process (PID=10106) to work on /home/airflow/.local/lib/python3.11/site-packages/airflow/example_dags/example_latest_only.py
[2026-06-02T05:05:31.485+0000] {processor.py:830} INFO - Processing file /home/airflow/.local/lib/python3.11/site-packages/airflow/example_dags/example_latest_only.py for tasks to queue
[2026-06-02T05:05:31.487+0000] {logging_mixin.py:188} INFO - [2026-06-02T05:05:31.487+0000] {dagbag.py:545} INFO - Filling up the DagBag from /home/airflow/.local/lib/python3.11/site-packages/airflow/example_dags/example_latest_only.py
[2026-06-02T05:05:31.511+0000] {processor.py:840} INFO - DAG(s) 'latest_only' retrieved from /home/airflow/.local/lib/python3.11/site-packages/airflow/example_dags/example_latest_only.py
[2026-06-02T05:05:31.579+0000] {logging_mixin.py:188} INFO - [2026-06-02T05:05:31.578+0000] {dag.py:3096} INFO - Sync 1 DAGs
[2026-06-02T05:05:31.702+0000] {logging_mixin.py:188} INFO - [2026-06-02T05:05:31.702+0000] {dag.py:3954} INFO - Setting next_dagrun for latest_only to 2026-06-02 00:00:00+00:00, run_after=2026-06-02 04:00:00+00:00
[2026-06-02T05:05:31.848+0000] {processor.py:183} INFO - Processing /home/airflow/.local/lib/python3.11/site-packages/airflow/example_dags/example_latest_only.py took 0.426 seconds
[2026-06-02T05:06:02.471+0000] {processor.py:161} INFO - Started process (PID=10369) to work on /home/airflow/.local/lib/python3.11/site-packages/airflow/example_dags/example_latest_only.py
[2026-06-02T05:06:02.486+0000] {processor.py:830} INFO - Processing file /home/airflow/.local/lib/python3.11/site-packages/airflow/example_dags/example_latest_only.py for tasks to queue
[2026-06-02T05:06:02.499+0000] {logging_mixin.py:188} INFO - [2026-06-02T05:06:02.498+0000] {dagbag.py:545} INFO - Filling up the DagBag from /home/airflow/.local/lib/python3.11/site-packages/airflow/example_dags/example_latest_only.py
[2026-06-02T05:06:02.529+0000] {processor.py:840} INFO - DAG(s) 'latest_only' retrieved from /home/airflow/.local/lib/python3.11/site-packages/airflow/example_dags/example_latest_only.py
[2026-06-02T05:06:02.614+0000] {logging_mixin.py:188} INFO - [2026-06-02T05:06:02.614+0000] {dag.py:3096} INFO - Sync 1 DAGs
[2026-06-02T05:06:02.740+0000] {logging_mixin.py:188} INFO - [2026-06-02T05:06:02.739+0000] {dag.py:3954} INFO - Setting next_dagrun for latest_only to 2026-06-02 00:00:00+00:00, run_after=2026-06-02 04:00:00+00:00
[2026-06-02T05:06:02.891+0000] {processor.py:183} INFO - Processing /home/airflow/.local/lib/python3.11/site-packages/airflow/example_dags/example_latest_only.py took 0.580 seconds
[2026-06-02T05:06:33.966+0000] {processor.py:161} INFO - Started process (PID=10642) to work on /home/airflow/.local/lib/python3.11/site-packages/airflow/example_dags/example_latest_only.py
[2026-06-02T05:06:33.982+0000] {processor.py:830} INFO - Processing file /home/airflow/.local/lib/python3.11/site-packages/airflow/example_dags/example_latest_only.py for tasks to queue
[2026-06-02T05:06:33.984+0000] {logging_mixin.py:188} INFO - [2026-06-02T05:06:33.984+0000] {dagbag.py:545} INFO - Filling up the DagBag from /home/airflow/.local/lib/python3.11/site-packages/airflow/example_dags/example_latest_only.py
[2026-06-02T05:06:34.016+0000] {processor.py:840} INFO - DAG(s) 'latest_only' retrieved from /home/airflow/.local/lib/python3.11/site-packages/airflow/example_dags/example_latest_only.py
[2026-06-02T05:06:34.100+0000] {logging_mixin.py:188} INFO - [2026-06-02T05:06:34.100+0000] {dag.py:3096} INFO - Sync 1 DAGs
[2026-06-02T05:06:34.152+0000] {logging_mixin.py:188} INFO - [2026-06-02T05:06:34.151+0000] {dag.py:3954} INFO - Setting next_dagrun for latest_only to 2026-06-02 00:00:00+00:00, run_after=2026-06-02 04:00:00+00:00
[2026-06-02T05:06:34.237+0000] {processor.py:183} INFO - Processing /home/airflow/.local/lib/python3.11/site-packages/airflow/example_dags/example_latest_only.py took 0.324 seconds
[2026-06-02T05:07:04.763+0000] {processor.py:161} INFO - Started process (PID=10918) to work on /home/airflow/.local/lib/python3.11/site-packages/airflow/example_dags/example_latest_only.py
[2026-06-02T05:07:04.765+0000] {processor.py:830} INFO - Processing file /home/airflow/.local/lib/python3.11/site-packages/airflow/example_dags/example_latest_only.py for tasks to queue
[2026-06-02T05:07:04.786+0000] {logging_mixin.py:188} INFO - [2026-06-02T05:07:04.785+0000] {dagbag.py:545} INFO - Filling up the DagBag from /home/airflow/.local/lib/python3.11/site-packages/airflow/example_dags/example_latest_only.py
[2026-06-02T05:07:04.814+0000] {processor.py:840} INFO - DAG(s) 'latest_only' retrieved from /home/airflow/.local/lib/python3.11/site-packages/airflow/example_dags/example_latest_only.py
[2026-06-02T05:07:04.898+0000] {logging_mixin.py:188} INFO - [2026-06-02T05:07:04.897+0000] {dag.py:3096} INFO - Sync 1 DAGs
[2026-06-02T05:07:05.014+0000] {logging_mixin.py:188} INFO - [2026-06-02T05:07:05.014+0000] {dag.py:3954} INFO - Setting next_dagrun for latest_only to 2026-06-02 00:00:00+00:00, run_after=2026-06-02 04:00:00+00:00
[2026-06-02T05:07:05.089+0000] {processor.py:183} INFO - Processing /home/airflow/.local/lib/python3.11/site-packages/airflow/example_dags/example_latest_only.py took 0.353 seconds
[2026-06-02T05:07:35.626+0000] {processor.py:161} INFO - Started process (PID=11194) to work on /home/airflow/.local/lib/python3.11/site-packages/airflow/example_dags/example_latest_only.py
[2026-06-02T05:07:35.632+0000] {processor.py:830} INFO - Processing file /home/airflow/.local/lib/python3.11/site-packages/airflow/example_dags/example_latest_only.py for tasks to queue
[2026-06-02T05:07:35.648+0000] {logging_mixin.py:188} INFO - [2026-06-02T05:07:35.648+0000] {dagbag.py:545} INFO - Filling up the DagBag from /home/airflow/.local/lib/python3.11/site-packages/airflow/example_dags/example_latest_only.py
[2026-06-02T05:07:35.677+0000] {processor.py:840} INFO - DAG(s) 'latest_only' retrieved from /home/airflow/.local/lib/python3.11/site-packages/airflow/example_dags/example_latest_only.py
[2026-06-02T05:07:35.754+0000] {logging_mixin.py:188} INFO - [2026-06-02T05:07:35.754+0000] {dag.py:3096} INFO - Sync 1 DAGs
[2026-06-02T05:07:35.909+0000] {logging_mixin.py:188} INFO - [2026-06-02T05:07:35.909+0000] {dag.py:3954} INFO - Setting next_dagrun for latest_only to 2026-06-02 00:00:00+00:00, run_after=2026-06-02 04:00:00+00:00
[2026-06-02T05:07:36.089+0000] {processor.py:183} INFO - Processing /home/airflow/.local/lib/python3.11/site-packages/airflow/example_dags/example_latest_only.py took 0.482 seconds
[2026-06-02T05:08:06.499+0000] {processor.py:161} INFO - Started process (PID=11468) to work on /home/airflow/.local/lib/python3.11/site-packages/airflow/example_dags/example_latest_only.py
[2026-06-02T05:08:06.525+0000] {processor.py:830} INFO - Processing file /home/airflow/.local/lib/python3.11/site-packages/airflow/example_dags/example_latest_only.py for tasks to queue
[2026-06-02T05:08:06.537+0000] {logging_mixin.py:188} INFO - [2026-06-02T05:08:06.535+0000] {dagbag.py:545} INFO - Filling up the DagBag from /home/airflow/.local/lib/python3.11/site-packages/airflow/example_dags/example_latest_only.py
[2026-06-02T05:08:06.582+0000] {processor.py:840} INFO - DAG(s) 'latest_only' retrieved from /home/airflow/.local/lib/python3.11/site-packages/airflow/example_dags/example_latest_only.py
[2026-06-02T05:08:06.769+0000] {logging_mixin.py:188} INFO - [2026-06-02T05:08:06.768+0000] {dag.py:3096} INFO - Sync 1 DAGs
[2026-06-02T05:08:06.908+0000] {logging_mixin.py:188} INFO - [2026-06-02T05:08:06.897+0000] {dag.py:3954} INFO - Setting next_dagrun for latest_only to 2026-06-02 00:00:00+00:00, run_after=2026-06-02 04:00:00+00:00
[2026-06-02T05:08:07.034+0000] {processor.py:183} INFO - Processing /home/airflow/.local/lib/python3.11/site-packages/airflow/example_dags/example_latest_only.py took 0.564 seconds
[2026-06-02T05:08:37.364+0000] {processor.py:161} INFO - Started process (PID=11732) to work on /home/airflow/.local/lib/python3.11/site-packages/airflow/example_dags/example_latest_only.py
[2026-06-02T05:08:37.378+0000] {processor.py:830} INFO - Processing file /home/airflow/.local/lib/python3.11/site-packages/airflow/example_dags/example_latest_only.py for tasks to queue
[2026-06-02T05:08:37.387+0000] {logging_mixin.py:188} INFO - [2026-06-02T05:08:37.386+0000] {dagbag.py:545} INFO - Filling up the DagBag from /home/airflow/.local/lib/python3.11/site-packages/airflow/example_dags/example_latest_only.py
[2026-06-02T05:08:37.392+0000] {processor.py:840} INFO - DAG(s) 'latest_only' retrieved from /home/airflow/.local/lib/python3.11/site-packages/airflow/example_dags/example_latest_only.py
[2026-06-02T05:08:37.503+0000] {logging_mixin.py:188} INFO - [2026-06-02T05:08:37.503+0000] {dag.py:3096} INFO - Sync 1 DAGs
[2026-06-02T05:08:37.692+0000] {logging_mixin.py:188} INFO - [2026-06-02T05:08:37.691+0000] {dag.py:3954} INFO - Setting next_dagrun for latest_only to 2026-06-02 00:00:00+00:00, run_after=2026-06-02 04:00:00+00:00
[2026-06-02T05:08:37.771+0000] {processor.py:183} INFO - Processing /home/airflow/.local/lib/python3.11/site-packages/airflow/example_dags/example_latest_only.py took 0.443 seconds
[2026-06-02T05:09:08.580+0000] {processor.py:161} INFO - Started process (PID=12008) to work on /home/airflow/.local/lib/python3.11/site-packages/airflow/example_dags/example_latest_only.py
[2026-06-02T05:09:08.589+0000] {processor.py:830} INFO - Processing file /home/airflow/.local/lib/python3.11/site-packages/airflow/example_dags/example_latest_only.py for tasks to queue
[2026-06-02T05:09:08.599+0000] {logging_mixin.py:188} INFO - [2026-06-02T05:09:08.597+0000] {dagbag.py:545} INFO - Filling up the DagBag from /home/airflow/.local/lib/python3.11/site-packages/airflow/example_dags/example_latest_only.py
[2026-06-02T05:09:08.628+0000] {processor.py:840} INFO - DAG(s) 'latest_only' retrieved from /home/airflow/.local/lib/python3.11/site-packages/airflow/example_dags/example_latest_only.py
[2026-06-02T05:09:08.718+0000] {logging_mixin.py:188} INFO - [2026-06-02T05:09:08.718+0000] {dag.py:3096} INFO - Sync 1 DAGs
[2026-06-02T05:09:08.843+0000] {logging_mixin.py:188} INFO - [2026-06-02T05:09:08.842+0000] {dag.py:3954} INFO - Setting next_dagrun for latest_only to 2026-06-02 00:00:00+00:00, run_after=2026-06-02 04:00:00+00:00
[2026-06-02T05:09:08.915+0000] {processor.py:183} INFO - Processing /home/airflow/.local/lib/python3.11/site-packages/airflow/example_dags/example_latest_only.py took 0.355 seconds
[2026-06-02T05:09:46.703+0000] {processor.py:161} INFO - Started process (PID=12303) to work on /home/airflow/.local/lib/python3.11/site-packages/airflow/example_dags/example_latest_only.py
[2026-06-02T05:09:46.732+0000] {processor.py:830} INFO - Processing file /home/airflow/.local/lib/python3.11/site-packages/airflow/example_dags/example_latest_only.py for tasks to queue
[2026-06-02T05:09:46.764+0000] {logging_mixin.py:188} INFO - [2026-06-02T05:09:46.762+0000] {dagbag.py:545} INFO - Filling up the DagBag from /home/airflow/.local/lib/python3.11/site-packages/airflow/example_dags/example_latest_only.py
[2026-06-02T05:09:46.820+0000] {processor.py:840} INFO - DAG(s) 'latest_only' retrieved from /home/airflow/.local/lib/python3.11/site-packages/airflow/example_dags/example_latest_only.py
[2026-06-02T05:09:46.894+0000] {logging_mixin.py:188} INFO - [2026-06-02T05:09:46.894+0000] {dag.py:3096} INFO - Sync 1 DAGs
[2026-06-02T05:09:47.091+0000] {logging_mixin.py:188} INFO - [2026-06-02T05:09:47.091+0000] {dag.py:3954} INFO - Setting next_dagrun for latest_only to 2026-06-02 00:00:00+00:00, run_after=2026-06-02 04:00:00+00:00
[2026-06-02T05:09:47.206+0000] {processor.py:183} INFO - Processing /home/airflow/.local/lib/python3.11/site-packages/airflow/example_dags/example_latest_only.py took 0.532 seconds
[2026-06-02T05:10:24.970+0000] {processor.py:161} INFO - Started process (PID=12573) to work on /home/airflow/.local/lib/python3.11/site-packages/airflow/example_dags/example_latest_only.py
[2026-06-02T05:10:24.989+0000] {processor.py:830} INFO - Processing file /home/airflow/.local/lib/python3.11/site-packages/airflow/example_dags/example_latest_only.py for tasks to queue
[2026-06-02T05:10:25.003+0000] {logging_mixin.py:188} INFO - [2026-06-02T05:10:25.002+0000] {dagbag.py:545} INFO - Filling up the DagBag from /home/airflow/.local/lib/python3.11/site-packages/airflow/example_dags/example_latest_only.py
[2026-06-02T05:10:25.026+0000] {processor.py:840} INFO - DAG(s) 'latest_only' retrieved from /home/airflow/.local/lib/python3.11/site-packages/airflow/example_dags/example_latest_only.py
[2026-06-02T05:10:25.090+0000] {logging_mixin.py:188} INFO - [2026-06-02T05:10:25.089+0000] {dag.py:3096} INFO - Sync 1 DAGs
[2026-06-02T05:10:25.171+0000] {logging_mixin.py:188} INFO - [2026-06-02T05:10:25.170+0000] {dag.py:3954} INFO - Setting next_dagrun for latest_only to 2026-06-02 00:00:00+00:00, run_after=2026-06-02 04:00:00+00:00
[2026-06-02T05:10:25.242+0000] {processor.py:183} INFO - Processing /home/airflow/.local/lib/python3.11/site-packages/airflow/example_dags/example_latest_only.py took 0.307 seconds
[2026-06-02T05:10:59.958+0000] {processor.py:161} INFO - Started process (PID=12873) to work on /home/airflow/.local/lib/python3.11/site-packages/airflow/example_dags/example_latest_only.py
[2026-06-02T05:10:59.968+0000] {processor.py:830} INFO - Processing file /home/airflow/.local/lib/python3.11/site-packages/airflow/example_dags/example_latest_only.py for tasks to queue
[2026-06-02T05:10:59.985+0000] {logging_mixin.py:188} INFO - [2026-06-02T05:10:59.984+0000] {dagbag.py:545} INFO - Filling up the DagBag from /home/airflow/.local/lib/python3.11/site-packages/airflow/example_dags/example_latest_only.py
[2026-06-02T05:11:00.031+0000] {processor.py:840} INFO - DAG(s) 'latest_only' retrieved from /home/airflow/.local/lib/python3.11/site-packages/airflow/example_dags/example_latest_only.py
[2026-06-02T05:11:00.121+0000] {logging_mixin.py:188} INFO - [2026-06-02T05:11:00.120+0000] {dag.py:3096} INFO - Sync 1 DAGs
[2026-06-02T05:11:00.197+0000] {logging_mixin.py:188} INFO - [2026-06-02T05:11:00.197+0000] {dag.py:3954} INFO - Setting next_dagrun for latest_only to 2026-06-02 00:00:00+00:00, run_after=2026-06-02 04:00:00+00:00
[2026-06-02T05:11:00.246+0000] {processor.py:183} INFO - Processing /home/airflow/.local/lib/python3.11/site-packages/airflow/example_dags/example_latest_only.py took 0.347 seconds
[2026-06-02T05:11:33.724+0000] {processor.py:161} INFO - Started process (PID=13158) to work on /home/airflow/.local/lib/python3.11/site-packages/airflow/example_dags/example_latest_only.py
[2026-06-02T05:11:33.734+0000] {processor.py:830} INFO - Processing file /home/airflow/.local/lib/python3.11/site-packages/airflow/example_dags/example_latest_only.py for tasks to queue
[2026-06-02T05:11:33.739+0000] {logging_mixin.py:188} INFO - [2026-06-02T05:11:33.739+0000] {dagbag.py:545} INFO - Filling up the DagBag from /home/airflow/.local/lib/python3.11/site-packages/airflow/example_dags/example_latest_only.py
[2026-06-02T05:11:33.746+0000] {processor.py:840} INFO - DAG(s) 'latest_only' retrieved from /home/airflow/.local/lib/python3.11/site-packages/airflow/example_dags/example_latest_only.py
[2026-06-02T05:11:33.829+0000] {logging_mixin.py:188} INFO - [2026-06-02T05:11:33.817+0000] {dag.py:3096} INFO - Sync 1 DAGs
[2026-06-02T05:11:34.008+0000] {logging_mixin.py:188} INFO - [2026-06-02T05:11:34.008+0000] {dag.py:3954} INFO - Setting next_dagrun for latest_only to 2026-06-02 00:00:00+00:00, run_after=2026-06-02 04:00:00+00:00
[2026-06-02T05:11:34.203+0000] {processor.py:183} INFO - Processing /home/airflow/.local/lib/python3.11/site-packages/airflow/example_dags/example_latest_only.py took 0.507 seconds
[2026-06-02T05:12:05.126+0000] {processor.py:161} INFO - Started process (PID=13420) to work on /home/airflow/.local/lib/python3.11/site-packages/airflow/example_dags/example_latest_only.py
[2026-06-02T05:12:05.127+0000] {processor.py:830} INFO - Processing file /home/airflow/.local/lib/python3.11/site-packages/airflow/example_dags/example_latest_only.py for tasks to queue
[2026-06-02T05:12:05.138+0000] {logging_mixin.py:188} INFO - [2026-06-02T05:12:05.138+0000] {dagbag.py:545} INFO - Filling up the DagBag from /home/airflow/.local/lib/python3.11/site-packages/airflow/example_dags/example_latest_only.py
[2026-06-02T05:12:05.144+0000] {processor.py:840} INFO - DAG(s) 'latest_only' retrieved from /home/airflow/.local/lib/python3.11/site-packages/airflow/example_dags/example_latest_only.py
[2026-06-02T05:12:05.215+0000] {logging_mixin.py:188} INFO - [2026-06-02T05:12:05.215+0000] {dag.py:3096} INFO - Sync 1 DAGs
[2026-06-02T05:12:05.347+0000] {logging_mixin.py:188} INFO - [2026-06-02T05:12:05.346+0000] {dag.py:3954} INFO - Setting next_dagrun for latest_only to 2026-06-02 00:00:00+00:00, run_after=2026-06-02 04:00:00+00:00
[2026-06-02T05:12:05.409+0000] {processor.py:183} INFO - Processing /home/airflow/.local/lib/python3.11/site-packages/airflow/example_dags/example_latest_only.py took 0.299 seconds
[2026-06-02T05:12:36.159+0000] {processor.py:161} INFO - Started process (PID=13696) to work on /home/airflow/.local/lib/python3.11/site-packages/airflow/example_dags/example_latest_only.py
[2026-06-02T05:12:36.175+0000] {processor.py:830} INFO - Processing file /home/airflow/.local/lib/python3.11/site-packages/airflow/example_dags/example_latest_only.py for tasks to queue
[2026-06-02T05:12:36.178+0000] {logging_mixin.py:188} INFO - [2026-06-02T05:12:36.178+0000] {dagbag.py:545} INFO - Filling up the DagBag from /home/airflow/.local/lib/python3.11/site-packages/airflow/example_dags/example_latest_only.py
[2026-06-02T05:12:36.213+0000] {processor.py:840} INFO - DAG(s) 'latest_only' retrieved from /home/airflow/.local/lib/python3.11/site-packages/airflow/example_dags/example_latest_only.py
[2026-06-02T05:12:36.342+0000] {logging_mixin.py:188} INFO - [2026-06-02T05:12:36.342+0000] {dag.py:3096} INFO - Sync 1 DAGs
[2026-06-02T05:12:36.412+0000] {logging_mixin.py:188} INFO - [2026-06-02T05:12:36.411+0000] {dag.py:3954} INFO - Setting next_dagrun for latest_only to 2026-06-02 00:00:00+00:00, run_after=2026-06-02 04:00:00+00:00
[2026-06-02T05:12:36.499+0000] {processor.py:183} INFO - Processing /home/airflow/.local/lib/python3.11/site-packages/airflow/example_dags/example_latest_only.py took 0.359 seconds
[2026-06-02T05:13:09.455+0000] {processor.py:161} INFO - Started process (PID=13968) to work on /home/airflow/.local/lib/python3.11/site-packages/airflow/example_dags/example_latest_only.py
[2026-06-02T05:13:09.473+0000] {processor.py:830} INFO - Processing file /home/airflow/.local/lib/python3.11/site-packages/airflow/example_dags/example_latest_only.py for tasks to queue
[2026-06-02T05:13:09.475+0000] {logging_mixin.py:188} INFO - [2026-06-02T05:13:09.474+0000] {dagbag.py:545} INFO - Filling up the DagBag from /home/airflow/.local/lib/python3.11/site-packages/airflow/example_dags/example_latest_only.py
[2026-06-02T05:13:09.510+0000] {processor.py:840} INFO - DAG(s) 'latest_only' retrieved from /home/airflow/.local/lib/python3.11/site-packages/airflow/example_dags/example_latest_only.py
[2026-06-02T05:13:09.589+0000] {logging_mixin.py:188} INFO - [2026-06-02T05:13:09.589+0000] {dag.py:3096} INFO - Sync 1 DAGs
[2026-06-02T05:13:09.682+0000] {logging_mixin.py:188} INFO - [2026-06-02T05:13:09.681+0000] {dag.py:3954} INFO - Setting next_dagrun for latest_only to 2026-06-02 00:00:00+00:00, run_after=2026-06-02 04:00:00+00:00
[2026-06-02T05:13:09.782+0000] {processor.py:183} INFO - Processing /home/airflow/.local/lib/python3.11/site-packages/airflow/example_dags/example_latest_only.py took 0.363 seconds
[2026-06-02T05:13:42.820+0000] {processor.py:161} INFO - Started process (PID=14244) to work on /home/airflow/.local/lib/python3.11/site-packages/airflow/example_dags/example_latest_only.py
[2026-06-02T05:13:42.838+0000] {processor.py:830} INFO - Processing file /home/airflow/.local/lib/python3.11/site-packages/airflow/example_dags/example_latest_only.py for tasks to queue
[2026-06-02T05:13:42.853+0000] {logging_mixin.py:188} INFO - [2026-06-02T05:13:42.853+0000] {dagbag.py:545} INFO - Filling up the DagBag from /home/airflow/.local/lib/python3.11/site-packages/airflow/example_dags/example_latest_only.py
[2026-06-02T05:13:42.879+0000] {processor.py:840} INFO - DAG(s) 'latest_only' retrieved from /home/airflow/.local/lib/python3.11/site-packages/airflow/example_dags/example_latest_only.py
[2026-06-02T05:13:43.029+0000] {logging_mixin.py:188} INFO - [2026-06-02T05:13:43.029+0000] {dag.py:3096} INFO - Sync 1 DAGs
[2026-06-02T05:13:43.127+0000] {logging_mixin.py:188} INFO - [2026-06-02T05:13:43.127+0000] {dag.py:3954} INFO - Setting next_dagrun for latest_only to 2026-06-02 00:00:00+00:00, run_after=2026-06-02 04:00:00+00:00
[2026-06-02T05:13:43.227+0000] {processor.py:183} INFO - Processing /home/airflow/.local/lib/python3.11/site-packages/airflow/example_dags/example_latest_only.py took 0.433 seconds
[2026-06-02T05:14:19.533+0000] {processor.py:161} INFO - Started process (PID=14534) to work on /home/airflow/.local/lib/python3.11/site-packages/airflow/example_dags/example_latest_only.py
[2026-06-02T05:14:19.546+0000] {processor.py:830} INFO - Processing file /home/airflow/.local/lib/python3.11/site-packages/airflow/example_dags/example_latest_only.py for tasks to queue
[2026-06-02T05:14:19.563+0000] {logging_mixin.py:188} INFO - [2026-06-02T05:14:19.562+0000] {dagbag.py:545} INFO - Filling up the DagBag from /home/airflow/.local/lib/python3.11/site-packages/airflow/example_dags/example_latest_only.py
[2026-06-02T05:14:19.570+0000] {processor.py:840} INFO - DAG(s) 'latest_only' retrieved from /home/airflow/.local/lib/python3.11/site-packages/airflow/example_dags/example_latest_only.py
[2026-06-02T05:14:19.731+0000] {logging_mixin.py:188} INFO - [2026-06-02T05:14:19.731+0000] {dag.py:3096} INFO - Sync 1 DAGs
[2026-06-02T05:14:19.831+0000] {logging_mixin.py:188} INFO - [2026-06-02T05:14:19.831+0000] {dag.py:3954} INFO - Setting next_dagrun for latest_only to 2026-06-02 00:00:00+00:00, run_after=2026-06-02 04:00:00+00:00
[2026-06-02T05:14:19.876+0000] {processor.py:183} INFO - Processing /home/airflow/.local/lib/python3.11/site-packages/airflow/example_dags/example_latest_only.py took 0.351 seconds
[2026-06-02T05:14:50.511+0000] {processor.py:161} INFO - Started process (PID=14796) to work on /home/airflow/.local/lib/python3.11/site-packages/airflow/example_dags/example_latest_only.py
[2026-06-02T05:14:50.523+0000] {processor.py:830} INFO - Processing file /home/airflow/.local/lib/python3.11/site-packages/airflow/example_dags/example_latest_only.py for tasks to queue
[2026-06-02T05:14:50.531+0000] {logging_mixin.py:188} INFO - [2026-06-02T05:14:50.530+0000] {dagbag.py:545} INFO - Filling up the DagBag from /home/airflow/.local/lib/python3.11/site-packages/airflow/example_dags/example_latest_only.py
[2026-06-02T05:14:50.540+0000] {processor.py:840} INFO - DAG(s) 'latest_only' retrieved from /home/airflow/.local/lib/python3.11/site-packages/airflow/example_dags/example_latest_only.py
[2026-06-02T05:14:50.617+0000] {logging_mixin.py:188} INFO - [2026-06-02T05:14:50.616+0000] {dag.py:3096} INFO - Sync 1 DAGs
[2026-06-02T05:14:50.760+0000] {logging_mixin.py:188} INFO - [2026-06-02T05:14:50.759+0000] {dag.py:3954} INFO - Setting next_dagrun for latest_only to 2026-06-02 00:00:00+00:00, run_after=2026-06-02 04:00:00+00:00
[2026-06-02T05:14:50.902+0000] {processor.py:183} INFO - Processing /home/airflow/.local/lib/python3.11/site-packages/airflow/example_dags/example_latest_only.py took 0.415 seconds
[2026-06-02T05:15:22.190+0000] {processor.py:161} INFO - Started process (PID=15072) to work on /home/airflow/.local/lib/python3.11/site-packages/airflow/example_dags/example_latest_only.py
[2026-06-02T05:15:22.205+0000] {processor.py:830} INFO - Processing file /home/airflow/.local/lib/python3.11/site-packages/airflow/example_dags/example_latest_only.py for tasks to queue
[2026-06-02T05:15:22.213+0000] {logging_mixin.py:188} INFO - [2026-06-02T05:15:22.213+0000] {dagbag.py:545} INFO - Filling up the DagBag from /home/airflow/.local/lib/python3.11/site-packages/airflow/example_dags/example_latest_only.py
[2026-06-02T05:15:22.231+0000] {processor.py:840} INFO - DAG(s) 'latest_only' retrieved from /home/airflow/.local/lib/python3.11/site-packages/airflow/example_dags/example_latest_only.py
[2026-06-02T05:15:22.414+0000] {logging_mixin.py:188} INFO - [2026-06-02T05:15:22.369+0000] {dag.py:3096} INFO - Sync 1 DAGs
[2026-06-02T05:15:22.540+0000] {logging_mixin.py:188} INFO - [2026-06-02T05:15:22.540+0000] {dag.py:3954} INFO - Setting next_dagrun for latest_only to 2026-06-02 00:00:00+00:00, run_after=2026-06-02 04:00:00+00:00
[2026-06-02T05:15:22.646+0000] {processor.py:183} INFO - Processing /home/airflow/.local/lib/python3.11/site-packages/airflow/example_dags/example_latest_only.py took 0.475 seconds
[2026-06-02T05:15:53.166+0000] {processor.py:161} INFO - Started process (PID=15341) to work on /home/airflow/.local/lib/python3.11/site-packages/airflow/example_dags/example_latest_only.py
[2026-06-02T05:15:53.184+0000] {processor.py:830} INFO - Processing file /home/airflow/.local/lib/python3.11/site-packages/airflow/example_dags/example_latest_only.py for tasks to queue
[2026-06-02T05:15:53.193+0000] {logging_mixin.py:188} INFO - [2026-06-02T05:15:53.192+0000] {dagbag.py:545} INFO - Filling up the DagBag from /home/airflow/.local/lib/python3.11/site-packages/airflow/example_dags/example_latest_only.py
[2026-06-02T05:15:53.219+0000] {processor.py:840} INFO - DAG(s) 'latest_only' retrieved from /home/airflow/.local/lib/python3.11/site-packages/airflow/example_dags/example_latest_only.py
[2026-06-02T05:15:53.360+0000] {logging_mixin.py:188} INFO - [2026-06-02T05:15:53.360+0000] {dag.py:3096} INFO - Sync 1 DAGs
[2026-06-02T05:15:53.540+0000] {logging_mixin.py:188} INFO - [2026-06-02T05:15:53.540+0000] {dag.py:3954} INFO - Setting next_dagrun for latest_only to 2026-06-02 00:00:00+00:00, run_after=2026-06-02 04:00:00+00:00
[2026-06-02T05:15:53.796+0000] {processor.py:183} INFO - Processing /home/airflow/.local/lib/python3.11/site-packages/airflow/example_dags/example_latest_only.py took 0.653 seconds
[2026-06-02T05:16:24.620+0000] {processor.py:161} INFO - Started process (PID=15615) to work on /home/airflow/.local/lib/python3.11/site-packages/airflow/example_dags/example_latest_only.py
[2026-06-02T05:16:24.628+0000] {processor.py:830} INFO - Processing file /home/airflow/.local/lib/python3.11/site-packages/airflow/example_dags/example_latest_only.py for tasks to queue
[2026-06-02T05:16:24.640+0000] {logging_mixin.py:188} INFO - [2026-06-02T05:16:24.640+0000] {dagbag.py:545} INFO - Filling up the DagBag from /home/airflow/.local/lib/python3.11/site-packages/airflow/example_dags/example_latest_only.py
[2026-06-02T05:16:24.674+0000] {processor.py:840} INFO - DAG(s) 'latest_only' retrieved from /home/airflow/.local/lib/python3.11/site-packages/airflow/example_dags/example_latest_only.py
[2026-06-02T05:16:24.799+0000] {logging_mixin.py:188} INFO - [2026-06-02T05:16:24.799+0000] {dag.py:3096} INFO - Sync 1 DAGs
[2026-06-02T05:16:24.909+0000] {logging_mixin.py:188} INFO - [2026-06-02T05:16:24.909+0000] {dag.py:3954} INFO - Setting next_dagrun for latest_only to 2026-06-02 00:00:00+00:00, run_after=2026-06-02 04:00:00+00:00
[2026-06-02T05:16:24.966+0000] {processor.py:183} INFO - Processing /home/airflow/.local/lib/python3.11/site-packages/airflow/example_dags/example_latest_only.py took 0.399 seconds
[2026-06-02T05:16:55.398+0000] {processor.py:161} INFO - Started process (PID=15887) to work on /home/airflow/.local/lib/python3.11/site-packages/airflow/example_dags/example_latest_only.py
[2026-06-02T05:16:55.419+0000] {processor.py:830} INFO - Processing file /home/airflow/.local/lib/python3.11/site-packages/airflow/example_dags/example_latest_only.py for tasks to queue
[2026-06-02T05:16:55.423+0000] {logging_mixin.py:188} INFO - [2026-06-02T05:16:55.422+0000] {dagbag.py:545} INFO - Filling up the DagBag from /home/airflow/.local/lib/python3.11/site-packages/airflow/example_dags/example_latest_only.py
[2026-06-02T05:16:55.450+0000] {processor.py:840} INFO - DAG(s) 'latest_only' retrieved from /home/airflow/.local/lib/python3.11/site-packages/airflow/example_dags/example_latest_only.py
[2026-06-02T05:16:55.580+0000] {logging_mixin.py:188} INFO - [2026-06-02T05:16:55.579+0000] {dag.py:3096} INFO - Sync 1 DAGs
[2026-06-02T05:16:55.668+0000] {logging_mixin.py:188} INFO - [2026-06-02T05:16:55.668+0000] {dag.py:3954} INFO - Setting next_dagrun for latest_only to 2026-06-02 00:00:00+00:00, run_after=2026-06-02 04:00:00+00:00
[2026-06-02T05:16:55.776+0000] {processor.py:183} INFO - Processing /home/airflow/.local/lib/python3.11/site-packages/airflow/example_dags/example_latest_only.py took 0.404 seconds
[2026-06-02T05:17:26.427+0000] {processor.py:161} INFO - Started process (PID=16151) to work on /home/airflow/.local/lib/python3.11/site-packages/airflow/example_dags/example_latest_only.py
[2026-06-02T05:17:26.451+0000] {processor.py:830} INFO - Processing file /home/airflow/.local/lib/python3.11/site-packages/airflow/example_dags/example_latest_only.py for tasks to queue
[2026-06-02T05:17:26.467+0000] {logging_mixin.py:188} INFO - [2026-06-02T05:17:26.466+0000] {dagbag.py:545} INFO - Filling up the DagBag from /home/airflow/.local/lib/python3.11/site-packages/airflow/example_dags/example_latest_only.py
[2026-06-02T05:17:26.503+0000] {processor.py:840} INFO - DAG(s) 'latest_only' retrieved from /home/airflow/.local/lib/python3.11/site-packages/airflow/example_dags/example_latest_only.py
[2026-06-02T05:17:26.623+0000] {logging_mixin.py:188} INFO - [2026-06-02T05:17:26.622+0000] {dag.py:3096} INFO - Sync 1 DAGs
[2026-06-02T05:17:26.670+0000] {logging_mixin.py:188} INFO - [2026-06-02T05:17:26.669+0000] {dag.py:3954} INFO - Setting next_dagrun for latest_only to 2026-06-02 00:00:00+00:00, run_after=2026-06-02 04:00:00+00:00
[2026-06-02T05:17:26.702+0000] {processor.py:183} INFO - Processing /home/airflow/.local/lib/python3.11/site-packages/airflow/example_dags/example_latest_only.py took 0.306 seconds
[2026-06-02T05:17:56.924+0000] {processor.py:161} INFO - Started process (PID=16427) to work on /home/airflow/.local/lib/python3.11/site-packages/airflow/example_dags/example_latest_only.py
[2026-06-02T05:17:56.934+0000] {processor.py:830} INFO - Processing file /home/airflow/.local/lib/python3.11/site-packages/airflow/example_dags/example_latest_only.py for tasks to queue
[2026-06-02T05:17:56.938+0000] {logging_mixin.py:188} INFO - [2026-06-02T05:17:56.937+0000] {dagbag.py:545} INFO - Filling up the DagBag from /home/airflow/.local/lib/python3.11/site-packages/airflow/example_dags/example_latest_only.py
[2026-06-02T05:17:56.952+0000] {processor.py:840} INFO - DAG(s) 'latest_only' retrieved from /home/airflow/.local/lib/python3.11/site-packages/airflow/example_dags/example_latest_only.py
[2026-06-02T05:17:57.019+0000] {logging_mixin.py:188} INFO - [2026-06-02T05:17:57.019+0000] {dag.py:3096} INFO - Sync 1 DAGs
[2026-06-02T05:17:57.112+0000] {logging_mixin.py:188} INFO - [2026-06-02T05:17:57.111+0000] {dag.py:3954} INFO - Setting next_dagrun for latest_only to 2026-06-02 00:00:00+00:00, run_after=2026-06-02 04:00:00+00:00
[2026-06-02T05:17:57.183+0000] {processor.py:183} INFO - Processing /home/airflow/.local/lib/python3.11/site-packages/airflow/example_dags/example_latest_only.py took 0.276 seconds
[2026-06-02T05:18:27.600+0000] {processor.py:161} INFO - Started process (PID=16703) to work on /home/airflow/.local/lib/python3.11/site-packages/airflow/example_dags/example_latest_only.py
[2026-06-02T05:18:27.618+0000] {processor.py:830} INFO - Processing file /home/airflow/.local/lib/python3.11/site-packages/airflow/example_dags/example_latest_only.py for tasks to queue
[2026-06-02T05:18:27.622+0000] {logging_mixin.py:188} INFO - [2026-06-02T05:18:27.622+0000] {dagbag.py:545} INFO - Filling up the DagBag from /home/airflow/.local/lib/python3.11/site-packages/airflow/example_dags/example_latest_only.py
[2026-06-02T05:18:27.648+0000] {processor.py:840} INFO - DAG(s) 'latest_only' retrieved from /home/airflow/.local/lib/python3.11/site-packages/airflow/example_dags/example_latest_only.py
[2026-06-02T05:18:27.777+0000] {logging_mixin.py:188} INFO - [2026-06-02T05:18:27.777+0000] {dag.py:3096} INFO - Sync 1 DAGs
[2026-06-02T05:18:27.811+0000] {logging_mixin.py:188} INFO - [2026-06-02T05:18:27.810+0000] {dag.py:3954} INFO - Setting next_dagrun for latest_only to 2026-06-02 00:00:00+00:00, run_after=2026-06-02 04:00:00+00:00
[2026-06-02T05:18:27.918+0000] {processor.py:183} INFO - Processing /home/airflow/.local/lib/python3.11/site-packages/airflow/example_dags/example_latest_only.py took 0.343 seconds
[2026-06-02T05:19:00.174+0000] {processor.py:161} INFO - Started process (PID=16984) to work on /home/airflow/.local/lib/python3.11/site-packages/airflow/example_dags/example_latest_only.py
[2026-06-02T05:19:00.187+0000] {processor.py:830} INFO - Processing file /home/airflow/.local/lib/python3.11/site-packages/airflow/example_dags/example_latest_only.py for tasks to queue
[2026-06-02T05:19:00.193+0000] {logging_mixin.py:188} INFO - [2026-06-02T05:19:00.193+0000] {dagbag.py:545} INFO - Filling up the DagBag from /home/airflow/.local/lib/python3.11/site-packages/airflow/example_dags/example_latest_only.py
[2026-06-02T05:19:00.215+0000] {processor.py:840} INFO - DAG(s) 'latest_only' retrieved from /home/airflow/.local/lib/python3.11/site-packages/airflow/example_dags/example_latest_only.py
[2026-06-02T05:19:00.282+0000] {logging_mixin.py:188} INFO - [2026-06-02T05:19:00.281+0000] {dag.py:3096} INFO - Sync 1 DAGs
[2026-06-02T05:19:00.356+0000] {logging_mixin.py:188} INFO - [2026-06-02T05:19:00.356+0000] {dag.py:3954} INFO - Setting next_dagrun for latest_only to 2026-06-02 00:00:00+00:00, run_after=2026-06-02 04:00:00+00:00
[2026-06-02T05:19:00.470+0000] {processor.py:183} INFO - Processing /home/airflow/.local/lib/python3.11/site-packages/airflow/example_dags/example_latest_only.py took 0.315 seconds
[2026-06-02T05:19:34.868+0000] {processor.py:161} INFO - Started process (PID=17260) to work on /home/airflow/.local/lib/python3.11/site-packages/airflow/example_dags/example_latest_only.py
[2026-06-02T05:19:34.875+0000] {processor.py:830} INFO - Processing file /home/airflow/.local/lib/python3.11/site-packages/airflow/example_dags/example_latest_only.py for tasks to queue
[2026-06-02T05:19:34.894+0000] {logging_mixin.py:188} INFO - [2026-06-02T05:19:34.893+0000] {dagbag.py:545} INFO - Filling up the DagBag from /home/airflow/.local/lib/python3.11/site-packages/airflow/example_dags/example_latest_only.py
[2026-06-02T05:19:34.911+0000] {processor.py:840} INFO - DAG(s) 'latest_only' retrieved from /home/airflow/.local/lib/python3.11/site-packages/airflow/example_dags/example_latest_only.py
[2026-06-02T05:19:35.004+0000] {logging_mixin.py:188} INFO - [2026-06-02T05:19:35.004+0000] {dag.py:3096} INFO - Sync 1 DAGs
[2026-06-02T05:19:35.058+0000] {logging_mixin.py:188} INFO - [2026-06-02T05:19:35.058+0000] {dag.py:3954} INFO - Setting next_dagrun for latest_only to 2026-06-02 00:00:00+00:00, run_after=2026-06-02 04:00:00+00:00
[2026-06-02T05:19:35.125+0000] {processor.py:183} INFO - Processing /home/airflow/.local/lib/python3.11/site-packages/airflow/example_dags/example_latest_only.py took 0.264 seconds
[2026-06-02T05:20:07.297+0000] {processor.py:161} INFO - Started process (PID=17533) to work on /home/airflow/.local/lib/python3.11/site-packages/airflow/example_dags/example_latest_only.py
[2026-06-02T05:20:07.301+0000] {processor.py:830} INFO - Processing file /home/airflow/.local/lib/python3.11/site-packages/airflow/example_dags/example_latest_only.py for tasks to queue
[2026-06-02T05:20:07.315+0000] {logging_mixin.py:188} INFO - [2026-06-02T05:20:07.315+0000] {dagbag.py:545} INFO - Filling up the DagBag from /home/airflow/.local/lib/python3.11/site-packages/airflow/example_dags/example_latest_only.py
[2026-06-02T05:20:07.331+0000] {processor.py:840} INFO - DAG(s) 'latest_only' retrieved from /home/airflow/.local/lib/python3.11/site-packages/airflow/example_dags/example_latest_only.py
[2026-06-02T05:20:07.446+0000] {logging_mixin.py:188} INFO - [2026-06-02T05:20:07.446+0000] {dag.py:3096} INFO - Sync 1 DAGs
[2026-06-02T05:20:07.523+0000] {logging_mixin.py:188} INFO - [2026-06-02T05:20:07.523+0000] {dag.py:3954} INFO - Setting next_dagrun for latest_only to 2026-06-02 00:00:00+00:00, run_after=2026-06-02 04:00:00+00:00
[2026-06-02T05:20:07.555+0000] {processor.py:183} INFO - Processing /home/airflow/.local/lib/python3.11/site-packages/airflow/example_dags/example_latest_only.py took 0.282 seconds
[2026-06-02T05:20:37.874+0000] {processor.py:161} INFO - Started process (PID=17803) to work on /home/airflow/.local/lib/python3.11/site-packages/airflow/example_dags/example_latest_only.py
[2026-06-02T05:20:37.892+0000] {processor.py:830} INFO - Processing file /home/airflow/.local/lib/python3.11/site-packages/airflow/example_dags/example_latest_only.py for tasks to queue
[2026-06-02T05:20:37.909+0000] {logging_mixin.py:188} INFO - [2026-06-02T05:20:37.908+0000] {dagbag.py:545} INFO - Filling up the DagBag from /home/airflow/.local/lib/python3.11/site-packages/airflow/example_dags/example_latest_only.py
[2026-06-02T05:20:37.938+0000] {processor.py:840} INFO - DAG(s) 'latest_only' retrieved from /home/airflow/.local/lib/python3.11/site-packages/airflow/example_dags/example_latest_only.py
[2026-06-02T05:20:38.006+0000] {logging_mixin.py:188} INFO - [2026-06-02T05:20:38.006+0000] {dag.py:3096} INFO - Sync 1 DAGs
[2026-06-02T05:20:38.154+0000] {logging_mixin.py:188} INFO - [2026-06-02T05:20:38.153+0000] {dag.py:3954} INFO - Setting next_dagrun for latest_only to 2026-06-02 00:00:00+00:00, run_after=2026-06-02 04:00:00+00:00
[2026-06-02T05:20:38.333+0000] {processor.py:183} INFO - Processing /home/airflow/.local/lib/python3.11/site-packages/airflow/example_dags/example_latest_only.py took 0.498 seconds
[2026-06-02T05:21:12.267+0000] {processor.py:161} INFO - Started process (PID=18089) to work on /home/airflow/.local/lib/python3.11/site-packages/airflow/example_dags/example_latest_only.py
[2026-06-02T05:21:12.287+0000] {processor.py:830} INFO - Processing file /home/airflow/.local/lib/python3.11/site-packages/airflow/example_dags/example_latest_only.py for tasks to queue
[2026-06-02T05:21:12.297+0000] {logging_mixin.py:188} INFO - [2026-06-02T05:21:12.296+0000] {dagbag.py:545} INFO - Filling up the DagBag from /home/airflow/.local/lib/python3.11/site-packages/airflow/example_dags/example_latest_only.py
[2026-06-02T05:21:12.324+0000] {processor.py:840} INFO - DAG(s) 'latest_only' retrieved from /home/airflow/.local/lib/python3.11/site-packages/airflow/example_dags/example_latest_only.py
[2026-06-02T05:21:12.475+0000] {logging_mixin.py:188} INFO - [2026-06-02T05:21:12.474+0000] {dag.py:3096} INFO - Sync 1 DAGs
[2026-06-02T05:21:12.553+0000] {logging_mixin.py:188} INFO - [2026-06-02T05:21:12.553+0000] {dag.py:3954} INFO - Setting next_dagrun for latest_only to 2026-06-02 00:00:00+00:00, run_after=2026-06-02 04:00:00+00:00
[2026-06-02T05:21:12.654+0000] {processor.py:183} INFO - Processing /home/airflow/.local/lib/python3.11/site-packages/airflow/example_dags/example_latest_only.py took 0.407 seconds
[2026-06-02T05:21:42.981+0000] {processor.py:161} INFO - Started process (PID=18361) to work on /home/airflow/.local/lib/python3.11/site-packages/airflow/example_dags/example_latest_only.py
[2026-06-02T05:21:42.991+0000] {processor.py:830} INFO - Processing file /home/airflow/.local/lib/python3.11/site-packages/airflow/example_dags/example_latest_only.py for tasks to queue
[2026-06-02T05:21:43.000+0000] {logging_mixin.py:188} INFO - [2026-06-02T05:21:42.999+0000] {dagbag.py:545} INFO - Filling up the DagBag from /home/airflow/.local/lib/python3.11/site-packages/airflow/example_dags/example_latest_only.py
[2026-06-02T05:21:43.011+0000] {processor.py:840} INFO - DAG(s) 'latest_only' retrieved from /home/airflow/.local/lib/python3.11/site-packages/airflow/example_dags/example_latest_only.py
[2026-06-02T05:21:43.052+0000] {logging_mixin.py:188} INFO - [2026-06-02T05:21:43.051+0000] {dag.py:3096} INFO - Sync 1 DAGs
[2026-06-02T05:21:43.204+0000] {logging_mixin.py:188} INFO - [2026-06-02T05:21:43.204+0000] {dag.py:3954} INFO - Setting next_dagrun for latest_only to 2026-06-02 00:00:00+00:00, run_after=2026-06-02 04:00:00+00:00
[2026-06-02T05:21:43.275+0000] {processor.py:183} INFO - Processing /home/airflow/.local/lib/python3.11/site-packages/airflow/example_dags/example_latest_only.py took 0.312 seconds
[2026-06-02T05:22:13.616+0000] {processor.py:161} INFO - Started process (PID=18635) to work on /home/airflow/.local/lib/python3.11/site-packages/airflow/example_dags/example_latest_only.py
[2026-06-02T05:22:13.618+0000] {processor.py:830} INFO - Processing file /home/airflow/.local/lib/python3.11/site-packages/airflow/example_dags/example_latest_only.py for tasks to queue
[2026-06-02T05:22:13.631+0000] {logging_mixin.py:188} INFO - [2026-06-02T05:22:13.631+0000] {dagbag.py:545} INFO - Filling up the DagBag from /home/airflow/.local/lib/python3.11/site-packages/airflow/example_dags/example_latest_only.py
[2026-06-02T05:22:13.656+0000] {processor.py:840} INFO - DAG(s) 'latest_only' retrieved from /home/airflow/.local/lib/python3.11/site-packages/airflow/example_dags/example_latest_only.py
[2026-06-02T05:22:13.746+0000] {logging_mixin.py:188} INFO - [2026-06-02T05:22:13.743+0000] {dag.py:3096} INFO - Sync 1 DAGs
[2026-06-02T05:22:13.861+0000] {logging_mixin.py:188} INFO - [2026-06-02T05:22:13.860+0000] {dag.py:3954} INFO - Setting next_dagrun for latest_only to 2026-06-02 00:00:00+00:00, run_after=2026-06-02 04:00:00+00:00
[2026-06-02T05:22:13.954+0000] {processor.py:183} INFO - Processing /home/airflow/.local/lib/python3.11/site-packages/airflow/example_dags/example_latest_only.py took 0.358 seconds
[2026-06-02T05:22:47.696+0000] {processor.py:161} INFO - Started process (PID=18917) to work on /home/airflow/.local/lib/python3.11/site-packages/airflow/example_dags/example_latest_only.py
[2026-06-02T05:22:47.697+0000] {processor.py:830} INFO - Processing file /home/airflow/.local/lib/python3.11/site-packages/airflow/example_dags/example_latest_only.py for tasks to queue
[2026-06-02T05:22:47.699+0000] {logging_mixin.py:188} INFO - [2026-06-02T05:22:47.699+0000] {dagbag.py:545} INFO - Filling up the DagBag from /home/airflow/.local/lib/python3.11/site-packages/airflow/example_dags/example_latest_only.py
[2026-06-02T05:22:47.729+0000] {processor.py:840} INFO - DAG(s) 'latest_only' retrieved from /home/airflow/.local/lib/python3.11/site-packages/airflow/example_dags/example_latest_only.py
[2026-06-02T05:22:47.795+0000] {logging_mixin.py:188} INFO - [2026-06-02T05:22:47.795+0000] {dag.py:3096} INFO - Sync 1 DAGs
[2026-06-02T05:22:47.896+0000] {logging_mixin.py:188} INFO - [2026-06-02T05:22:47.896+0000] {dag.py:3954} INFO - Setting next_dagrun for latest_only to 2026-06-02 00:00:00+00:00, run_after=2026-06-02 04:00:00+00:00
[2026-06-02T05:22:47.943+0000] {processor.py:183} INFO - Processing /home/airflow/.local/lib/python3.11/site-packages/airflow/example_dags/example_latest_only.py took 0.284 seconds
[2026-06-02T05:23:18.551+0000] {processor.py:161} INFO - Started process (PID=19179) to work on /home/airflow/.local/lib/python3.11/site-packages/airflow/example_dags/example_latest_only.py
[2026-06-02T05:23:18.567+0000] {processor.py:830} INFO - Processing file /home/airflow/.local/lib/python3.11/site-packages/airflow/example_dags/example_latest_only.py for tasks to queue
[2026-06-02T05:23:18.573+0000] {logging_mixin.py:188} INFO - [2026-06-02T05:23:18.573+0000] {dagbag.py:545} INFO - Filling up the DagBag from /home/airflow/.local/lib/python3.11/site-packages/airflow/example_dags/example_latest_only.py
[2026-06-02T05:23:18.603+0000] {processor.py:840} INFO - DAG(s) 'latest_only' retrieved from /home/airflow/.local/lib/python3.11/site-packages/airflow/example_dags/example_latest_only.py
[2026-06-02T05:23:18.714+0000] {logging_mixin.py:188} INFO - [2026-06-02T05:23:18.714+0000] {dag.py:3096} INFO - Sync 1 DAGs
[2026-06-02T05:23:18.934+0000] {logging_mixin.py:188} INFO - [2026-06-02T05:23:18.932+0000] {dag.py:3954} INFO - Setting next_dagrun for latest_only to 2026-06-02 00:00:00+00:00, run_after=2026-06-02 04:00:00+00:00
[2026-06-02T05:23:19.122+0000] {processor.py:183} INFO - Processing /home/airflow/.local/lib/python3.11/site-packages/airflow/example_dags/example_latest_only.py took 0.594 seconds
[2026-06-02T05:23:49.700+0000] {processor.py:161} INFO - Started process (PID=19452) to work on /home/airflow/.local/lib/python3.11/site-packages/airflow/example_dags/example_latest_only.py
[2026-06-02T05:23:49.718+0000] {processor.py:830} INFO - Processing file /home/airflow/.local/lib/python3.11/site-packages/airflow/example_dags/example_latest_only.py for tasks to queue
[2026-06-02T05:23:49.721+0000] {logging_mixin.py:188} INFO - [2026-06-02T05:23:49.720+0000] {dagbag.py:545} INFO - Filling up the DagBag from /home/airflow/.local/lib/python3.11/site-packages/airflow/example_dags/example_latest_only.py
[2026-06-02T05:23:49.753+0000] {processor.py:840} INFO - DAG(s) 'latest_only' retrieved from /home/airflow/.local/lib/python3.11/site-packages/airflow/example_dags/example_latest_only.py
[2026-06-02T05:23:49.831+0000] {logging_mixin.py:188} INFO - [2026-06-02T05:23:49.831+0000] {dag.py:3096} INFO - Sync 1 DAGs
[2026-06-02T05:23:50.117+0000] {logging_mixin.py:188} INFO - [2026-06-02T05:23:50.095+0000] {dag.py:3954} INFO - Setting next_dagrun for latest_only to 2026-06-02 00:00:00+00:00, run_after=2026-06-02 04:00:00+00:00
[2026-06-02T05:23:50.263+0000] {processor.py:183} INFO - Processing /home/airflow/.local/lib/python3.11/site-packages/airflow/example_dags/example_latest_only.py took 0.586 seconds
[2026-06-02T05:24:21.028+0000] {processor.py:161} INFO - Started process (PID=19728) to work on /home/airflow/.local/lib/python3.11/site-packages/airflow/example_dags/example_latest_only.py
[2026-06-02T05:24:21.034+0000] {processor.py:830} INFO - Processing file /home/airflow/.local/lib/python3.11/site-packages/airflow/example_dags/example_latest_only.py for tasks to queue
[2026-06-02T05:24:21.047+0000] {logging_mixin.py:188} INFO - [2026-06-02T05:24:21.046+0000] {dagbag.py:545} INFO - Filling up the DagBag from /home/airflow/.local/lib/python3.11/site-packages/airflow/example_dags/example_latest_only.py
[2026-06-02T05:24:21.068+0000] {processor.py:840} INFO - DAG(s) 'latest_only' retrieved from /home/airflow/.local/lib/python3.11/site-packages/airflow/example_dags/example_latest_only.py
[2026-06-02T05:24:21.118+0000] {logging_mixin.py:188} INFO - [2026-06-02T05:24:21.118+0000] {dag.py:3096} INFO - Sync 1 DAGs
[2026-06-02T05:24:21.288+0000] {logging_mixin.py:188} INFO - [2026-06-02T05:24:21.287+0000] {dag.py:3954} INFO - Setting next_dagrun for latest_only to 2026-06-02 00:00:00+00:00, run_after=2026-06-02 04:00:00+00:00
[2026-06-02T05:24:21.423+0000] {processor.py:183} INFO - Processing /home/airflow/.local/lib/python3.11/site-packages/airflow/example_dags/example_latest_only.py took 0.436 seconds
[2026-06-02T05:24:54.428+0000] {processor.py:161} INFO - Started process (PID=20008) to work on /home/airflow/.local/lib/python3.11/site-packages/airflow/example_dags/example_latest_only.py
[2026-06-02T05:24:54.438+0000] {processor.py:830} INFO - Processing file /home/airflow/.local/lib/python3.11/site-packages/airflow/example_dags/example_latest_only.py for tasks to queue
[2026-06-02T05:24:54.441+0000] {logging_mixin.py:188} INFO - [2026-06-02T05:24:54.440+0000] {dagbag.py:545} INFO - Filling up the DagBag from /home/airflow/.local/lib/python3.11/site-packages/airflow/example_dags/example_latest_only.py
[2026-06-02T05:24:54.459+0000] {processor.py:840} INFO - DAG(s) 'latest_only' retrieved from /home/airflow/.local/lib/python3.11/site-packages/airflow/example_dags/example_latest_only.py
[2026-06-02T05:24:54.518+0000] {logging_mixin.py:188} INFO - [2026-06-02T05:24:54.518+0000] {dag.py:3096} INFO - Sync 1 DAGs
[2026-06-02T05:24:54.683+0000] {logging_mixin.py:188} INFO - [2026-06-02T05:24:54.683+0000] {dag.py:3954} INFO - Setting next_dagrun for latest_only to 2026-06-02 00:00:00+00:00, run_after=2026-06-02 04:00:00+00:00
[2026-06-02T05:24:54.719+0000] {processor.py:183} INFO - Processing /home/airflow/.local/lib/python3.11/site-packages/airflow/example_dags/example_latest_only.py took 0.320 seconds
[2026-06-02T05:25:27.291+0000] {processor.py:161} INFO - Started process (PID=20278) to work on /home/airflow/.local/lib/python3.11/site-packages/airflow/example_dags/example_latest_only.py
[2026-06-02T05:25:27.302+0000] {processor.py:830} INFO - Processing file /home/airflow/.local/lib/python3.11/site-packages/airflow/example_dags/example_latest_only.py for tasks to queue
[2026-06-02T05:25:27.310+0000] {logging_mixin.py:188} INFO - [2026-06-02T05:25:27.309+0000] {dagbag.py:545} INFO - Filling up the DagBag from /home/airflow/.local/lib/python3.11/site-packages/airflow/example_dags/example_latest_only.py
[2026-06-02T05:25:27.336+0000] {processor.py:840} INFO - DAG(s) 'latest_only' retrieved from /home/airflow/.local/lib/python3.11/site-packages/airflow/example_dags/example_latest_only.py
[2026-06-02T05:25:27.507+0000] {logging_mixin.py:188} INFO - [2026-06-02T05:25:27.507+0000] {dag.py:3096} INFO - Sync 1 DAGs
[2026-06-02T05:25:27.688+0000] {logging_mixin.py:188} INFO - [2026-06-02T05:25:27.687+0000] {dag.py:3954} INFO - Setting next_dagrun for latest_only to 2026-06-02 00:00:00+00:00, run_after=2026-06-02 04:00:00+00:00
[2026-06-02T05:25:27.886+0000] {processor.py:183} INFO - Processing /home/airflow/.local/lib/python3.11/site-packages/airflow/example_dags/example_latest_only.py took 0.630 seconds
[2026-06-02T05:25:58.585+0000] {processor.py:161} INFO - Started process (PID=20541) to work on /home/airflow/.local/lib/python3.11/site-packages/airflow/example_dags/example_latest_only.py
[2026-06-02T05:25:58.598+0000] {processor.py:830} INFO - Processing file /home/airflow/.local/lib/python3.11/site-packages/airflow/example_dags/example_latest_only.py for tasks to queue
[2026-06-02T05:25:58.603+0000] {logging_mixin.py:188} INFO - [2026-06-02T05:25:58.602+0000] {dagbag.py:545} INFO - Filling up the DagBag from /home/airflow/.local/lib/python3.11/site-packages/airflow/example_dags/example_latest_only.py
[2026-06-02T05:25:58.630+0000] {processor.py:840} INFO - DAG(s) 'latest_only' retrieved from /home/airflow/.local/lib/python3.11/site-packages/airflow/example_dags/example_latest_only.py
[2026-06-02T05:25:58.691+0000] {logging_mixin.py:188} INFO - [2026-06-02T05:25:58.691+0000] {dag.py:3096} INFO - Sync 1 DAGs
[2026-06-02T05:25:58.761+0000] {logging_mixin.py:188} INFO - [2026-06-02T05:25:58.760+0000] {dag.py:3954} INFO - Setting next_dagrun for latest_only to 2026-06-02 00:00:00+00:00, run_after=2026-06-02 04:00:00+00:00
[2026-06-02T05:25:58.802+0000] {processor.py:183} INFO - Processing /home/airflow/.local/lib/python3.11/site-packages/airflow/example_dags/example_latest_only.py took 0.238 seconds
[2026-06-02T05:26:29.807+0000] {processor.py:161} INFO - Started process (PID=20819) to work on /home/airflow/.local/lib/python3.11/site-packages/airflow/example_dags/example_latest_only.py
[2026-06-02T05:26:29.816+0000] {processor.py:830} INFO - Processing file /home/airflow/.local/lib/python3.11/site-packages/airflow/example_dags/example_latest_only.py for tasks to queue
[2026-06-02T05:26:29.818+0000] {logging_mixin.py:188} INFO - [2026-06-02T05:26:29.818+0000] {dagbag.py:545} INFO - Filling up the DagBag from /home/airflow/.local/lib/python3.11/site-packages/airflow/example_dags/example_latest_only.py
[2026-06-02T05:26:29.836+0000] {processor.py:840} INFO - DAG(s) 'latest_only' retrieved from /home/airflow/.local/lib/python3.11/site-packages/airflow/example_dags/example_latest_only.py
[2026-06-02T05:26:29.930+0000] {logging_mixin.py:188} INFO - [2026-06-02T05:26:29.930+0000] {dag.py:3096} INFO - Sync 1 DAGs
[2026-06-02T05:26:30.046+0000] {logging_mixin.py:188} INFO - [2026-06-02T05:26:30.046+0000] {dag.py:3954} INFO - Setting next_dagrun for latest_only to 2026-06-02 00:00:00+00:00, run_after=2026-06-02 04:00:00+00:00
[2026-06-02T05:26:30.178+0000] {processor.py:183} INFO - Processing /home/airflow/.local/lib/python3.11/site-packages/airflow/example_dags/example_latest_only.py took 0.400 seconds
[2026-06-02T05:27:05.045+0000] {processor.py:161} INFO - Started process (PID=21091) to work on /home/airflow/.local/lib/python3.11/site-packages/airflow/example_dags/example_latest_only.py
[2026-06-02T05:27:05.062+0000] {processor.py:830} INFO - Processing file /home/airflow/.local/lib/python3.11/site-packages/airflow/example_dags/example_latest_only.py for tasks to queue
[2026-06-02T05:27:05.071+0000] {logging_mixin.py:188} INFO - [2026-06-02T05:27:05.070+0000] {dagbag.py:545} INFO - Filling up the DagBag from /home/airflow/.local/lib/python3.11/site-packages/airflow/example_dags/example_latest_only.py
[2026-06-02T05:27:05.119+0000] {processor.py:840} INFO - DAG(s) 'latest_only' retrieved from /home/airflow/.local/lib/python3.11/site-packages/airflow/example_dags/example_latest_only.py
[2026-06-02T05:27:05.250+0000] {logging_mixin.py:188} INFO - [2026-06-02T05:27:05.250+0000] {dag.py:3096} INFO - Sync 1 DAGs
[2026-06-02T05:27:05.380+0000] {logging_mixin.py:188} INFO - [2026-06-02T05:27:05.380+0000] {dag.py:3954} INFO - Setting next_dagrun for latest_only to 2026-06-02 00:00:00+00:00, run_after=2026-06-02 04:00:00+00:00
[2026-06-02T05:27:05.504+0000] {processor.py:183} INFO - Processing /home/airflow/.local/lib/python3.11/site-packages/airflow/example_dags/example_latest_only.py took 0.497 seconds
[2026-06-02T05:27:40.502+0000] {processor.py:161} INFO - Started process (PID=21364) to work on /home/airflow/.local/lib/python3.11/site-packages/airflow/example_dags/example_latest_only.py
[2026-06-02T05:27:40.504+0000] {processor.py:830} INFO - Processing file /home/airflow/.local/lib/python3.11/site-packages/airflow/example_dags/example_latest_only.py for tasks to queue
[2026-06-02T05:27:40.523+0000] {logging_mixin.py:188} INFO - [2026-06-02T05:27:40.522+0000] {dagbag.py:545} INFO - Filling up the DagBag from /home/airflow/.local/lib/python3.11/site-packages/airflow/example_dags/example_latest_only.py
[2026-06-02T05:27:40.547+0000] {processor.py:840} INFO - DAG(s) 'latest_only' retrieved from /home/airflow/.local/lib/python3.11/site-packages/airflow/example_dags/example_latest_only.py
[2026-06-02T05:27:40.635+0000] {logging_mixin.py:188} INFO - [2026-06-02T05:27:40.635+0000] {dag.py:3096} INFO - Sync 1 DAGs
[2026-06-02T05:27:40.756+0000] {logging_mixin.py:188} INFO - [2026-06-02T05:27:40.755+0000] {dag.py:3954} INFO - Setting next_dagrun for latest_only to 2026-06-02 00:00:00+00:00, run_after=2026-06-02 04:00:00+00:00
[2026-06-02T05:27:40.890+0000] {processor.py:183} INFO - Processing /home/airflow/.local/lib/python3.11/site-packages/airflow/example_dags/example_latest_only.py took 0.435 seconds
[2026-06-02T05:28:18.684+0000] {processor.py:161} INFO - Started process (PID=21648) to work on /home/airflow/.local/lib/python3.11/site-packages/airflow/example_dags/example_latest_only.py
[2026-06-02T05:28:18.698+0000] {processor.py:830} INFO - Processing file /home/airflow/.local/lib/python3.11/site-packages/airflow/example_dags/example_latest_only.py for tasks to queue
[2026-06-02T05:28:18.711+0000] {logging_mixin.py:188} INFO - [2026-06-02T05:28:18.711+0000] {dagbag.py:545} INFO - Filling up the DagBag from /home/airflow/.local/lib/python3.11/site-packages/airflow/example_dags/example_latest_only.py
[2026-06-02T05:28:18.744+0000] {processor.py:840} INFO - DAG(s) 'latest_only' retrieved from /home/airflow/.local/lib/python3.11/site-packages/airflow/example_dags/example_latest_only.py
[2026-06-02T05:28:18.811+0000] {logging_mixin.py:188} INFO - [2026-06-02T05:28:18.811+0000] {dag.py:3096} INFO - Sync 1 DAGs
[2026-06-02T05:28:18.900+0000] {logging_mixin.py:188} INFO - [2026-06-02T05:28:18.900+0000] {dag.py:3954} INFO - Setting next_dagrun for latest_only to 2026-06-02 00:00:00+00:00, run_after=2026-06-02 04:00:00+00:00
[2026-06-02T05:28:18.962+0000] {processor.py:183} INFO - Processing /home/airflow/.local/lib/python3.11/site-packages/airflow/example_dags/example_latest_only.py took 0.302 seconds
[2026-06-02T05:28:51.213+0000] {processor.py:161} INFO - Started process (PID=21917) to work on /home/airflow/.local/lib/python3.11/site-packages/airflow/example_dags/example_latest_only.py
[2026-06-02T05:28:51.219+0000] {processor.py:830} INFO - Processing file /home/airflow/.local/lib/python3.11/site-packages/airflow/example_dags/example_latest_only.py for tasks to queue
[2026-06-02T05:28:51.232+0000] {logging_mixin.py:188} INFO - [2026-06-02T05:28:51.231+0000] {dagbag.py:545} INFO - Filling up the DagBag from /home/airflow/.local/lib/python3.11/site-packages/airflow/example_dags/example_latest_only.py
[2026-06-02T05:28:51.243+0000] {processor.py:840} INFO - DAG(s) 'latest_only' retrieved from /home/airflow/.local/lib/python3.11/site-packages/airflow/example_dags/example_latest_only.py
[2026-06-02T05:28:51.415+0000] {logging_mixin.py:188} INFO - [2026-06-02T05:28:51.415+0000] {dag.py:3096} INFO - Sync 1 DAGs
[2026-06-02T05:28:51.528+0000] {logging_mixin.py:188} INFO - [2026-06-02T05:28:51.527+0000] {dag.py:3954} INFO - Setting next_dagrun for latest_only to 2026-06-02 00:00:00+00:00, run_after=2026-06-02 04:00:00+00:00
[2026-06-02T05:28:51.719+0000] {processor.py:183} INFO - Processing /home/airflow/.local/lib/python3.11/site-packages/airflow/example_dags/example_latest_only.py took 0.525 seconds
[2026-06-02T05:29:22.065+0000] {processor.py:161} INFO - Started process (PID=22189) to work on /home/airflow/.local/lib/python3.11/site-packages/airflow/example_dags/example_latest_only.py
[2026-06-02T05:29:22.066+0000] {processor.py:830} INFO - Processing file /home/airflow/.local/lib/python3.11/site-packages/airflow/example_dags/example_latest_only.py for tasks to queue
[2026-06-02T05:29:22.080+0000] {logging_mixin.py:188} INFO - [2026-06-02T05:29:22.080+0000] {dagbag.py:545} INFO - Filling up the DagBag from /home/airflow/.local/lib/python3.11/site-packages/airflow/example_dags/example_latest_only.py
[2026-06-02T05:29:22.106+0000] {processor.py:840} INFO - DAG(s) 'latest_only' retrieved from /home/airflow/.local/lib/python3.11/site-packages/airflow/example_dags/example_latest_only.py
[2026-06-02T05:29:22.180+0000] {logging_mixin.py:188} INFO - [2026-06-02T05:29:22.179+0000] {dag.py:3096} INFO - Sync 1 DAGs
[2026-06-02T05:29:22.281+0000] {logging_mixin.py:188} INFO - [2026-06-02T05:29:22.281+0000] {dag.py:3954} INFO - Setting next_dagrun for latest_only to 2026-06-02 00:00:00+00:00, run_after=2026-06-02 04:00:00+00:00
[2026-06-02T05:29:22.407+0000] {processor.py:183} INFO - Processing /home/airflow/.local/lib/python3.11/site-packages/airflow/example_dags/example_latest_only.py took 0.367 seconds
[2026-06-02T05:29:52.724+0000] {processor.py:161} INFO - Started process (PID=22477) to work on /home/airflow/.local/lib/python3.11/site-packages/airflow/example_dags/example_latest_only.py
[2026-06-02T05:29:52.749+0000] {processor.py:830} INFO - Processing file /home/airflow/.local/lib/python3.11/site-packages/airflow/example_dags/example_latest_only.py for tasks to queue
[2026-06-02T05:29:52.752+0000] {logging_mixin.py:188} INFO - [2026-06-02T05:29:52.751+0000] {dagbag.py:545} INFO - Filling up the DagBag from /home/airflow/.local/lib/python3.11/site-packages/airflow/example_dags/example_latest_only.py
[2026-06-02T05:29:52.783+0000] {processor.py:840} INFO - DAG(s) 'latest_only' retrieved from /home/airflow/.local/lib/python3.11/site-packages/airflow/example_dags/example_latest_only.py
[2026-06-02T05:29:53.002+0000] {logging_mixin.py:188} INFO - [2026-06-02T05:29:53.001+0000] {dag.py:3096} INFO - Sync 1 DAGs
[2026-06-02T05:29:53.251+0000] {logging_mixin.py:188} INFO - [2026-06-02T05:29:53.250+0000] {dag.py:3954} INFO - Setting next_dagrun for latest_only to 2026-06-02 00:00:00+00:00, run_after=2026-06-02 04:00:00+00:00
[2026-06-02T05:29:53.339+0000] {processor.py:183} INFO - Processing /home/airflow/.local/lib/python3.11/site-packages/airflow/example_dags/example_latest_only.py took 0.647 seconds
[2026-06-02T05:30:26.413+0000] {processor.py:161} INFO - Started process (PID=22763) to work on /home/airflow/.local/lib/python3.11/site-packages/airflow/example_dags/example_latest_only.py
[2026-06-02T05:30:26.442+0000] {processor.py:830} INFO - Processing file /home/airflow/.local/lib/python3.11/site-packages/airflow/example_dags/example_latest_only.py for tasks to queue
[2026-06-02T05:30:26.459+0000] {logging_mixin.py:188} INFO - [2026-06-02T05:30:26.458+0000] {dagbag.py:545} INFO - Filling up the DagBag from /home/airflow/.local/lib/python3.11/site-packages/airflow/example_dags/example_latest_only.py
[2026-06-02T05:30:26.500+0000] {processor.py:840} INFO - DAG(s) 'latest_only' retrieved from /home/airflow/.local/lib/python3.11/site-packages/airflow/example_dags/example_latest_only.py
[2026-06-02T05:30:26.599+0000] {logging_mixin.py:188} INFO - [2026-06-02T05:30:26.598+0000] {dag.py:3096} INFO - Sync 1 DAGs
[2026-06-02T05:30:26.625+0000] {logging_mixin.py:188} INFO - [2026-06-02T05:30:26.625+0000] {dag.py:3954} INFO - Setting next_dagrun for latest_only to 2026-06-02 00:00:00+00:00, run_after=2026-06-02 04:00:00+00:00
[2026-06-02T05:30:26.811+0000] {processor.py:183} INFO - Processing /home/airflow/.local/lib/python3.11/site-packages/airflow/example_dags/example_latest_only.py took 0.406 seconds
[2026-06-02T05:31:06.023+0000] {processor.py:161} INFO - Started process (PID=23052) to work on /home/airflow/.local/lib/python3.11/site-packages/airflow/example_dags/example_latest_only.py
[2026-06-02T05:31:06.033+0000] {processor.py:830} INFO - Processing file /home/airflow/.local/lib/python3.11/site-packages/airflow/example_dags/example_latest_only.py for tasks to queue
[2026-06-02T05:31:06.051+0000] {logging_mixin.py:188} INFO - [2026-06-02T05:31:06.050+0000] {dagbag.py:545} INFO - Filling up the DagBag from /home/airflow/.local/lib/python3.11/site-packages/airflow/example_dags/example_latest_only.py
[2026-06-02T05:31:06.087+0000] {processor.py:840} INFO - DAG(s) 'latest_only' retrieved from /home/airflow/.local/lib/python3.11/site-packages/airflow/example_dags/example_latest_only.py
[2026-06-02T05:31:06.194+0000] {logging_mixin.py:188} INFO - [2026-06-02T05:31:06.193+0000] {dag.py:3096} INFO - Sync 1 DAGs
[2026-06-02T05:31:06.339+0000] {logging_mixin.py:188} INFO - [2026-06-02T05:31:06.338+0000] {dag.py:3954} INFO - Setting next_dagrun for latest_only to 2026-06-02 00:00:00+00:00, run_after=2026-06-02 04:00:00+00:00
[2026-06-02T05:31:06.475+0000] {processor.py:183} INFO - Processing /home/airflow/.local/lib/python3.11/site-packages/airflow/example_dags/example_latest_only.py took 0.468 seconds
[2026-06-02T05:31:41.481+0000] {processor.py:161} INFO - Started process (PID=23336) to work on /home/airflow/.local/lib/python3.11/site-packages/airflow/example_dags/example_latest_only.py
[2026-06-02T05:31:41.496+0000] {processor.py:830} INFO - Processing file /home/airflow/.local/lib/python3.11/site-packages/airflow/example_dags/example_latest_only.py for tasks to queue
[2026-06-02T05:31:41.499+0000] {logging_mixin.py:188} INFO - [2026-06-02T05:31:41.498+0000] {dagbag.py:545} INFO - Filling up the DagBag from /home/airflow/.local/lib/python3.11/site-packages/airflow/example_dags/example_latest_only.py
[2026-06-02T05:31:41.527+0000] {processor.py:840} INFO - DAG(s) 'latest_only' retrieved from /home/airflow/.local/lib/python3.11/site-packages/airflow/example_dags/example_latest_only.py
[2026-06-02T05:31:41.617+0000] {logging_mixin.py:188} INFO - [2026-06-02T05:31:41.616+0000] {dag.py:3096} INFO - Sync 1 DAGs
[2026-06-02T05:31:41.722+0000] {logging_mixin.py:188} INFO - [2026-06-02T05:31:41.721+0000] {dag.py:3954} INFO - Setting next_dagrun for latest_only to 2026-06-02 00:00:00+00:00, run_after=2026-06-02 04:00:00+00:00
[2026-06-02T05:31:41.777+0000] {processor.py:183} INFO - Processing /home/airflow/.local/lib/python3.11/site-packages/airflow/example_dags/example_latest_only.py took 0.322 seconds
[2026-06-02T05:32:12.407+0000] {processor.py:161} INFO - Started process (PID=23598) to work on /home/airflow/.local/lib/python3.11/site-packages/airflow/example_dags/example_latest_only.py
[2026-06-02T05:32:12.415+0000] {processor.py:830} INFO - Processing file /home/airflow/.local/lib/python3.11/site-packages/airflow/example_dags/example_latest_only.py for tasks to queue
[2026-06-02T05:32:12.441+0000] {logging_mixin.py:188} INFO - [2026-06-02T05:32:12.441+0000] {dagbag.py:545} INFO - Filling up the DagBag from /home/airflow/.local/lib/python3.11/site-packages/airflow/example_dags/example_latest_only.py
[2026-06-02T05:32:12.480+0000] {processor.py:840} INFO - DAG(s) 'latest_only' retrieved from /home/airflow/.local/lib/python3.11/site-packages/airflow/example_dags/example_latest_only.py
[2026-06-02T05:32:12.634+0000] {logging_mixin.py:188} INFO - [2026-06-02T05:32:12.634+0000] {dag.py:3096} INFO - Sync 1 DAGs
[2026-06-02T05:32:12.740+0000] {logging_mixin.py:188} INFO - [2026-06-02T05:32:12.740+0000] {dag.py:3954} INFO - Setting next_dagrun for latest_only to 2026-06-02 00:00:00+00:00, run_after=2026-06-02 04:00:00+00:00
[2026-06-02T05:32:12.853+0000] {processor.py:183} INFO - Processing /home/airflow/.local/lib/python3.11/site-packages/airflow/example_dags/example_latest_only.py took 0.498 seconds
[2026-06-02T05:32:43.510+0000] {processor.py:161} INFO - Started process (PID=23874) to work on /home/airflow/.local/lib/python3.11/site-packages/airflow/example_dags/example_latest_only.py
[2026-06-02T05:32:43.526+0000] {processor.py:830} INFO - Processing file /home/airflow/.local/lib/python3.11/site-packages/airflow/example_dags/example_latest_only.py for tasks to queue
[2026-06-02T05:32:43.528+0000] {logging_mixin.py:188} INFO - [2026-06-02T05:32:43.528+0000] {dagbag.py:545} INFO - Filling up the DagBag from /home/airflow/.local/lib/python3.11/site-packages/airflow/example_dags/example_latest_only.py
[2026-06-02T05:32:43.543+0000] {processor.py:840} INFO - DAG(s) 'latest_only' retrieved from /home/airflow/.local/lib/python3.11/site-packages/airflow/example_dags/example_latest_only.py
[2026-06-02T05:32:43.652+0000] {logging_mixin.py:188} INFO - [2026-06-02T05:32:43.651+0000] {dag.py:3096} INFO - Sync 1 DAGs
[2026-06-02T05:32:43.820+0000] {logging_mixin.py:188} INFO - [2026-06-02T05:32:43.820+0000] {dag.py:3954} INFO - Setting next_dagrun for latest_only to 2026-06-02 00:00:00+00:00, run_after=2026-06-02 04:00:00+00:00
[2026-06-02T05:32:43.969+0000] {processor.py:183} INFO - Processing /home/airflow/.local/lib/python3.11/site-packages/airflow/example_dags/example_latest_only.py took 0.518 seconds
[2026-06-02T05:33:17.309+0000] {processor.py:161} INFO - Started process (PID=24150) to work on /home/airflow/.local/lib/python3.11/site-packages/airflow/example_dags/example_latest_only.py
[2026-06-02T05:33:17.316+0000] {processor.py:830} INFO - Processing file /home/airflow/.local/lib/python3.11/site-packages/airflow/example_dags/example_latest_only.py for tasks to queue
[2026-06-02T05:33:17.337+0000] {logging_mixin.py:188} INFO - [2026-06-02T05:33:17.337+0000] {dagbag.py:545} INFO - Filling up the DagBag from /home/airflow/.local/lib/python3.11/site-packages/airflow/example_dags/example_latest_only.py
[2026-06-02T05:33:17.369+0000] {processor.py:840} INFO - DAG(s) 'latest_only' retrieved from /home/airflow/.local/lib/python3.11/site-packages/airflow/example_dags/example_latest_only.py
[2026-06-02T05:33:17.402+0000] {logging_mixin.py:188} INFO - [2026-06-02T05:33:17.402+0000] {dag.py:3096} INFO - Sync 1 DAGs
[2026-06-02T05:33:17.547+0000] {logging_mixin.py:188} INFO - [2026-06-02T05:33:17.546+0000] {dag.py:3954} INFO - Setting next_dagrun for latest_only to 2026-06-02 00:00:00+00:00, run_after=2026-06-02 04:00:00+00:00
[2026-06-02T05:33:17.577+0000] {processor.py:183} INFO - Processing /home/airflow/.local/lib/python3.11/site-packages/airflow/example_dags/example_latest_only.py took 0.319 seconds
[2026-06-02T05:33:56.269+0000] {processor.py:161} INFO - Started process (PID=24423) to work on /home/airflow/.local/lib/python3.11/site-packages/airflow/example_dags/example_latest_only.py
[2026-06-02T05:33:56.297+0000] {processor.py:830} INFO - Processing file /home/airflow/.local/lib/python3.11/site-packages/airflow/example_dags/example_latest_only.py for tasks to queue
[2026-06-02T05:33:56.318+0000] {logging_mixin.py:188} INFO - [2026-06-02T05:33:56.318+0000] {dagbag.py:545} INFO - Filling up the DagBag from /home/airflow/.local/lib/python3.11/site-packages/airflow/example_dags/example_latest_only.py
[2026-06-02T05:33:56.324+0000] {processor.py:840} INFO - DAG(s) 'latest_only' retrieved from /home/airflow/.local/lib/python3.11/site-packages/airflow/example_dags/example_latest_only.py
[2026-06-02T05:33:56.401+0000] {logging_mixin.py:188} INFO - [2026-06-02T05:33:56.401+0000] {dag.py:3096} INFO - Sync 1 DAGs
[2026-06-02T05:33:56.539+0000] {logging_mixin.py:188} INFO - [2026-06-02T05:33:56.539+0000] {dag.py:3954} INFO - Setting next_dagrun for latest_only to 2026-06-02 00:00:00+00:00, run_after=2026-06-02 04:00:00+00:00
[2026-06-02T05:33:56.616+0000] {processor.py:183} INFO - Processing /home/airflow/.local/lib/python3.11/site-packages/airflow/example_dags/example_latest_only.py took 0.378 seconds
[2026-06-02T05:34:32.852+0000] {processor.py:161} INFO - Started process (PID=24718) to work on /home/airflow/.local/lib/python3.11/site-packages/airflow/example_dags/example_latest_only.py
[2026-06-02T05:34:32.853+0000] {processor.py:830} INFO - Processing file /home/airflow/.local/lib/python3.11/site-packages/airflow/example_dags/example_latest_only.py for tasks to queue
[2026-06-02T05:34:32.855+0000] {logging_mixin.py:188} INFO - [2026-06-02T05:34:32.855+0000] {dagbag.py:545} INFO - Filling up the DagBag from /home/airflow/.local/lib/python3.11/site-packages/airflow/example_dags/example_latest_only.py
[2026-06-02T05:34:32.870+0000] {processor.py:840} INFO - DAG(s) 'latest_only' retrieved from /home/airflow/.local/lib/python3.11/site-packages/airflow/example_dags/example_latest_only.py
[2026-06-02T05:34:32.932+0000] {logging_mixin.py:188} INFO - [2026-06-02T05:34:32.931+0000] {dag.py:3096} INFO - Sync 1 DAGs
[2026-06-02T05:34:33.064+0000] {logging_mixin.py:188} INFO - [2026-06-02T05:34:33.064+0000] {dag.py:3954} INFO - Setting next_dagrun for latest_only to 2026-06-02 00:00:00+00:00, run_after=2026-06-02 04:00:00+00:00
[2026-06-02T05:34:33.110+0000] {processor.py:183} INFO - Processing /home/airflow/.local/lib/python3.11/site-packages/airflow/example_dags/example_latest_only.py took 0.266 seconds
[2026-06-02T05:35:03.789+0000] {processor.py:161} INFO - Started process (PID=24980) to work on /home/airflow/.local/lib/python3.11/site-packages/airflow/example_dags/example_latest_only.py
[2026-06-02T05:35:03.801+0000] {processor.py:830} INFO - Processing file /home/airflow/.local/lib/python3.11/site-packages/airflow/example_dags/example_latest_only.py for tasks to queue
[2026-06-02T05:35:03.819+0000] {logging_mixin.py:188} INFO - [2026-06-02T05:35:03.819+0000] {dagbag.py:545} INFO - Filling up the DagBag from /home/airflow/.local/lib/python3.11/site-packages/airflow/example_dags/example_latest_only.py
[2026-06-02T05:35:03.873+0000] {processor.py:840} INFO - DAG(s) 'latest_only' retrieved from /home/airflow/.local/lib/python3.11/site-packages/airflow/example_dags/example_latest_only.py
[2026-06-02T05:35:04.029+0000] {logging_mixin.py:188} INFO - [2026-06-02T05:35:04.029+0000] {dag.py:3096} INFO - Sync 1 DAGs
[2026-06-02T05:35:04.229+0000] {logging_mixin.py:188} INFO - [2026-06-02T05:35:04.229+0000] {dag.py:3954} INFO - Setting next_dagrun for latest_only to 2026-06-02 00:00:00+00:00, run_after=2026-06-02 04:00:00+00:00
[2026-06-02T05:35:04.401+0000] {processor.py:183} INFO - Processing /home/airflow/.local/lib/python3.11/site-packages/airflow/example_dags/example_latest_only.py took 0.686 seconds
[2026-06-02T05:35:36.791+0000] {processor.py:161} INFO - Started process (PID=25256) to work on /home/airflow/.local/lib/python3.11/site-packages/airflow/example_dags/example_latest_only.py
[2026-06-02T05:35:36.795+0000] {processor.py:830} INFO - Processing file /home/airflow/.local/lib/python3.11/site-packages/airflow/example_dags/example_latest_only.py for tasks to queue
[2026-06-02T05:35:36.801+0000] {logging_mixin.py:188} INFO - [2026-06-02T05:35:36.800+0000] {dagbag.py:545} INFO - Filling up the DagBag from /home/airflow/.local/lib/python3.11/site-packages/airflow/example_dags/example_latest_only.py
[2026-06-02T05:35:36.843+0000] {processor.py:840} INFO - DAG(s) 'latest_only' retrieved from /home/airflow/.local/lib/python3.11/site-packages/airflow/example_dags/example_latest_only.py
[2026-06-02T05:35:36.933+0000] {logging_mixin.py:188} INFO - [2026-06-02T05:35:36.932+0000] {dag.py:3096} INFO - Sync 1 DAGs
[2026-06-02T05:35:37.175+0000] {logging_mixin.py:188} INFO - [2026-06-02T05:35:37.160+0000] {dag.py:3954} INFO - Setting next_dagrun for latest_only to 2026-06-02 00:00:00+00:00, run_after=2026-06-02 04:00:00+00:00
[2026-06-02T05:35:37.464+0000] {processor.py:183} INFO - Processing /home/airflow/.local/lib/python3.11/site-packages/airflow/example_dags/example_latest_only.py took 0.705 seconds
[2026-06-02T05:36:08.645+0000] {processor.py:161} INFO - Started process (PID=25531) to work on /home/airflow/.local/lib/python3.11/site-packages/airflow/example_dags/example_latest_only.py
[2026-06-02T05:36:08.647+0000] {processor.py:830} INFO - Processing file /home/airflow/.local/lib/python3.11/site-packages/airflow/example_dags/example_latest_only.py for tasks to queue
[2026-06-02T05:36:08.668+0000] {logging_mixin.py:188} INFO - [2026-06-02T05:36:08.668+0000] {dagbag.py:545} INFO - Filling up the DagBag from /home/airflow/.local/lib/python3.11/site-packages/airflow/example_dags/example_latest_only.py
[2026-06-02T05:36:08.675+0000] {processor.py:840} INFO - DAG(s) 'latest_only' retrieved from /home/airflow/.local/lib/python3.11/site-packages/airflow/example_dags/example_latest_only.py
[2026-06-02T05:36:08.827+0000] {logging_mixin.py:188} INFO - [2026-06-02T05:36:08.827+0000] {dag.py:3096} INFO - Sync 1 DAGs
[2026-06-02T05:36:09.020+0000] {logging_mixin.py:188} INFO - [2026-06-02T05:36:09.020+0000] {dag.py:3954} INFO - Setting next_dagrun for latest_only to 2026-06-02 00:00:00+00:00, run_after=2026-06-02 04:00:00+00:00
[2026-06-02T05:36:09.149+0000] {processor.py:183} INFO - Processing /home/airflow/.local/lib/python3.11/site-packages/airflow/example_dags/example_latest_only.py took 0.544 seconds
[2026-06-02T05:36:42.943+0000] {processor.py:161} INFO - Started process (PID=25806) to work on /home/airflow/.local/lib/python3.11/site-packages/airflow/example_dags/example_latest_only.py
[2026-06-02T05:36:42.966+0000] {processor.py:830} INFO - Processing file /home/airflow/.local/lib/python3.11/site-packages/airflow/example_dags/example_latest_only.py for tasks to queue
[2026-06-02T05:36:42.968+0000] {logging_mixin.py:188} INFO - [2026-06-02T05:36:42.967+0000] {dagbag.py:545} INFO - Filling up the DagBag from /home/airflow/.local/lib/python3.11/site-packages/airflow/example_dags/example_latest_only.py
[2026-06-02T05:36:42.997+0000] {processor.py:840} INFO - DAG(s) 'latest_only' retrieved from /home/airflow/.local/lib/python3.11/site-packages/airflow/example_dags/example_latest_only.py
[2026-06-02T05:36:43.072+0000] {logging_mixin.py:188} INFO - [2026-06-02T05:36:43.072+0000] {dag.py:3096} INFO - Sync 1 DAGs
[2026-06-02T05:36:43.182+0000] {logging_mixin.py:188} INFO - [2026-06-02T05:36:43.182+0000] {dag.py:3954} INFO - Setting next_dagrun for latest_only to 2026-06-02 00:00:00+00:00, run_after=2026-06-02 04:00:00+00:00
[2026-06-02T05:36:43.227+0000] {processor.py:183} INFO - Processing /home/airflow/.local/lib/python3.11/site-packages/airflow/example_dags/example_latest_only.py took 0.313 seconds
[2026-06-02T05:37:13.681+0000] {processor.py:161} INFO - Started process (PID=26068) to work on /home/airflow/.local/lib/python3.11/site-packages/airflow/example_dags/example_latest_only.py
[2026-06-02T05:37:13.707+0000] {processor.py:830} INFO - Processing file /home/airflow/.local/lib/python3.11/site-packages/airflow/example_dags/example_latest_only.py for tasks to queue
[2026-06-02T05:37:13.720+0000] {logging_mixin.py:188} INFO - [2026-06-02T05:37:13.720+0000] {dagbag.py:545} INFO - Filling up the DagBag from /home/airflow/.local/lib/python3.11/site-packages/airflow/example_dags/example_latest_only.py
[2026-06-02T05:37:13.758+0000] {processor.py:840} INFO - DAG(s) 'latest_only' retrieved from /home/airflow/.local/lib/python3.11/site-packages/airflow/example_dags/example_latest_only.py
[2026-06-02T05:37:13.833+0000] {logging_mixin.py:188} INFO - [2026-06-02T05:37:13.833+0000] {dag.py:3096} INFO - Sync 1 DAGs
[2026-06-02T05:37:13.928+0000] {logging_mixin.py:188} INFO - [2026-06-02T05:37:13.928+0000] {dag.py:3954} INFO - Setting next_dagrun for latest_only to 2026-06-02 00:00:00+00:00, run_after=2026-06-02 04:00:00+00:00
[2026-06-02T05:37:14.004+0000] {processor.py:183} INFO - Processing /home/airflow/.local/lib/python3.11/site-packages/airflow/example_dags/example_latest_only.py took 0.353 seconds
[2026-06-02T05:37:44.715+0000] {processor.py:161} INFO - Started process (PID=26346) to work on /home/airflow/.local/lib/python3.11/site-packages/airflow/example_dags/example_latest_only.py
[2026-06-02T05:37:44.742+0000] {processor.py:830} INFO - Processing file /home/airflow/.local/lib/python3.11/site-packages/airflow/example_dags/example_latest_only.py for tasks to queue
[2026-06-02T05:37:44.762+0000] {logging_mixin.py:188} INFO - [2026-06-02T05:37:44.762+0000] {dagbag.py:545} INFO - Filling up the DagBag from /home/airflow/.local/lib/python3.11/site-packages/airflow/example_dags/example_latest_only.py
[2026-06-02T05:37:44.837+0000] {processor.py:840} INFO - DAG(s) 'latest_only' retrieved from /home/airflow/.local/lib/python3.11/site-packages/airflow/example_dags/example_latest_only.py
[2026-06-02T05:37:44.945+0000] {logging_mixin.py:188} INFO - [2026-06-02T05:37:44.945+0000] {dag.py:3096} INFO - Sync 1 DAGs
[2026-06-02T05:37:44.978+0000] {logging_mixin.py:188} INFO - [2026-06-02T05:37:44.978+0000] {dag.py:3954} INFO - Setting next_dagrun for latest_only to 2026-06-02 00:00:00+00:00, run_after=2026-06-02 04:00:00+00:00
[2026-06-02T05:37:45.153+0000] {processor.py:183} INFO - Processing /home/airflow/.local/lib/python3.11/site-packages/airflow/example_dags/example_latest_only.py took 0.479 seconds
[2026-06-02T05:38:20.587+0000] {processor.py:161} INFO - Started process (PID=26625) to work on /home/airflow/.local/lib/python3.11/site-packages/airflow/example_dags/example_latest_only.py
[2026-06-02T05:38:20.593+0000] {processor.py:830} INFO - Processing file /home/airflow/.local/lib/python3.11/site-packages/airflow/example_dags/example_latest_only.py for tasks to queue
[2026-06-02T05:38:20.597+0000] {logging_mixin.py:188} INFO - [2026-06-02T05:38:20.596+0000] {dagbag.py:545} INFO - Filling up the DagBag from /home/airflow/.local/lib/python3.11/site-packages/airflow/example_dags/example_latest_only.py
[2026-06-02T05:38:20.608+0000] {processor.py:840} INFO - DAG(s) 'latest_only' retrieved from /home/airflow/.local/lib/python3.11/site-packages/airflow/example_dags/example_latest_only.py
[2026-06-02T05:38:20.655+0000] {logging_mixin.py:188} INFO - [2026-06-02T05:38:20.655+0000] {dag.py:3096} INFO - Sync 1 DAGs
[2026-06-02T05:38:20.815+0000] {logging_mixin.py:188} INFO - [2026-06-02T05:38:20.815+0000] {dag.py:3954} INFO - Setting next_dagrun for latest_only to 2026-06-02 00:00:00+00:00, run_after=2026-06-02 04:00:00+00:00
[2026-06-02T05:38:20.930+0000] {processor.py:183} INFO - Processing /home/airflow/.local/lib/python3.11/site-packages/airflow/example_dags/example_latest_only.py took 0.360 seconds
[2026-06-02T05:39:05.526+0000] {processor.py:161} INFO - Started process (PID=358) to work on /home/airflow/.local/lib/python3.11/site-packages/airflow/example_dags/example_latest_only.py
[2026-06-02T05:39:05.527+0000] {processor.py:830} INFO - Processing file /home/airflow/.local/lib/python3.11/site-packages/airflow/example_dags/example_latest_only.py for tasks to queue
[2026-06-02T05:39:05.531+0000] {logging_mixin.py:188} INFO - [2026-06-02T05:39:05.530+0000] {dagbag.py:545} INFO - Filling up the DagBag from /home/airflow/.local/lib/python3.11/site-packages/airflow/example_dags/example_latest_only.py
[2026-06-02T05:39:05.537+0000] {processor.py:840} INFO - DAG(s) 'latest_only' retrieved from /home/airflow/.local/lib/python3.11/site-packages/airflow/example_dags/example_latest_only.py
[2026-06-02T05:39:05.612+0000] {logging_mixin.py:188} INFO - [2026-06-02T05:39:05.611+0000] {dag.py:3096} INFO - Sync 1 DAGs
[2026-06-02T05:39:05.686+0000] {logging_mixin.py:188} INFO - [2026-06-02T05:39:05.684+0000] {dag.py:3954} INFO - Setting next_dagrun for latest_only to 2026-06-02 00:00:00+00:00, run_after=2026-06-02 04:00:00+00:00
[2026-06-02T05:39:05.726+0000] {processor.py:183} INFO - Processing /home/airflow/.local/lib/python3.11/site-packages/airflow/example_dags/example_latest_only.py took 0.208 seconds
[2026-06-02T05:39:37.720+0000] {processor.py:161} INFO - Started process (PID=632) to work on /home/airflow/.local/lib/python3.11/site-packages/airflow/example_dags/example_latest_only.py
[2026-06-02T05:39:37.722+0000] {processor.py:830} INFO - Processing file /home/airflow/.local/lib/python3.11/site-packages/airflow/example_dags/example_latest_only.py for tasks to queue
[2026-06-02T05:39:37.724+0000] {logging_mixin.py:188} INFO - [2026-06-02T05:39:37.724+0000] {dagbag.py:545} INFO - Filling up the DagBag from /home/airflow/.local/lib/python3.11/site-packages/airflow/example_dags/example_latest_only.py
[2026-06-02T05:39:37.732+0000] {processor.py:840} INFO - DAG(s) 'latest_only' retrieved from /home/airflow/.local/lib/python3.11/site-packages/airflow/example_dags/example_latest_only.py
[2026-06-02T05:39:37.883+0000] {logging_mixin.py:188} INFO - [2026-06-02T05:39:37.883+0000] {dag.py:3096} INFO - Sync 1 DAGs
[2026-06-02T05:39:37.903+0000] {logging_mixin.py:188} INFO - [2026-06-02T05:39:37.902+0000] {dag.py:3954} INFO - Setting next_dagrun for latest_only to 2026-06-02 00:00:00+00:00, run_after=2026-06-02 04:00:00+00:00
[2026-06-02T05:39:37.922+0000] {processor.py:183} INFO - Processing /home/airflow/.local/lib/python3.11/site-packages/airflow/example_dags/example_latest_only.py took 0.208 seconds
[2026-06-02T05:40:08.389+0000] {processor.py:161} INFO - Started process (PID=910) to work on /home/airflow/.local/lib/python3.11/site-packages/airflow/example_dags/example_latest_only.py
[2026-06-02T05:40:08.392+0000] {processor.py:830} INFO - Processing file /home/airflow/.local/lib/python3.11/site-packages/airflow/example_dags/example_latest_only.py for tasks to queue
[2026-06-02T05:40:08.398+0000] {logging_mixin.py:188} INFO - [2026-06-02T05:40:08.398+0000] {dagbag.py:545} INFO - Filling up the DagBag from /home/airflow/.local/lib/python3.11/site-packages/airflow/example_dags/example_latest_only.py
[2026-06-02T05:40:08.409+0000] {processor.py:840} INFO - DAG(s) 'latest_only' retrieved from /home/airflow/.local/lib/python3.11/site-packages/airflow/example_dags/example_latest_only.py
[2026-06-02T05:40:08.452+0000] {logging_mixin.py:188} INFO - [2026-06-02T05:40:08.452+0000] {dag.py:3096} INFO - Sync 1 DAGs
[2026-06-02T05:40:08.500+0000] {logging_mixin.py:188} INFO - [2026-06-02T05:40:08.499+0000] {dag.py:3954} INFO - Setting next_dagrun for latest_only to 2026-06-02 00:00:00+00:00, run_after=2026-06-02 04:00:00+00:00
[2026-06-02T05:40:08.528+0000] {processor.py:183} INFO - Processing /home/airflow/.local/lib/python3.11/site-packages/airflow/example_dags/example_latest_only.py took 0.153 seconds
[2026-06-02T05:40:39.492+0000] {processor.py:161} INFO - Started process (PID=1186) to work on /home/airflow/.local/lib/python3.11/site-packages/airflow/example_dags/example_latest_only.py
[2026-06-02T05:40:39.495+0000] {processor.py:830} INFO - Processing file /home/airflow/.local/lib/python3.11/site-packages/airflow/example_dags/example_latest_only.py for tasks to queue
[2026-06-02T05:40:39.497+0000] {logging_mixin.py:188} INFO - [2026-06-02T05:40:39.497+0000] {dagbag.py:545} INFO - Filling up the DagBag from /home/airflow/.local/lib/python3.11/site-packages/airflow/example_dags/example_latest_only.py
[2026-06-02T05:40:39.505+0000] {processor.py:840} INFO - DAG(s) 'latest_only' retrieved from /home/airflow/.local/lib/python3.11/site-packages/airflow/example_dags/example_latest_only.py
[2026-06-02T05:40:39.534+0000] {logging_mixin.py:188} INFO - [2026-06-02T05:40:39.534+0000] {dag.py:3096} INFO - Sync 1 DAGs
[2026-06-02T05:40:39.556+0000] {logging_mixin.py:188} INFO - [2026-06-02T05:40:39.556+0000] {dag.py:3954} INFO - Setting next_dagrun for latest_only to 2026-06-02 00:00:00+00:00, run_after=2026-06-02 04:00:00+00:00
[2026-06-02T05:40:39.596+0000] {processor.py:183} INFO - Processing /home/airflow/.local/lib/python3.11/site-packages/airflow/example_dags/example_latest_only.py took 0.112 seconds
[2026-06-02T05:41:10.285+0000] {processor.py:161} INFO - Started process (PID=1482) to work on /home/airflow/.local/lib/python3.11/site-packages/airflow/example_dags/example_latest_only.py
[2026-06-02T05:41:10.286+0000] {processor.py:830} INFO - Processing file /home/airflow/.local/lib/python3.11/site-packages/airflow/example_dags/example_latest_only.py for tasks to queue
[2026-06-02T05:41:10.289+0000] {logging_mixin.py:188} INFO - [2026-06-02T05:41:10.288+0000] {dagbag.py:545} INFO - Filling up the DagBag from /home/airflow/.local/lib/python3.11/site-packages/airflow/example_dags/example_latest_only.py
[2026-06-02T05:41:10.295+0000] {processor.py:840} INFO - DAG(s) 'latest_only' retrieved from /home/airflow/.local/lib/python3.11/site-packages/airflow/example_dags/example_latest_only.py
[2026-06-02T05:41:10.321+0000] {logging_mixin.py:188} INFO - [2026-06-02T05:41:10.321+0000] {dag.py:3096} INFO - Sync 1 DAGs
[2026-06-02T05:41:10.348+0000] {logging_mixin.py:188} INFO - [2026-06-02T05:41:10.348+0000] {dag.py:3954} INFO - Setting next_dagrun for latest_only to 2026-06-02 00:00:00+00:00, run_after=2026-06-02 04:00:00+00:00
[2026-06-02T05:41:10.372+0000] {processor.py:183} INFO - Processing /home/airflow/.local/lib/python3.11/site-packages/airflow/example_dags/example_latest_only.py took 0.094 seconds
[2026-06-02T05:41:40.818+0000] {processor.py:161} INFO - Started process (PID=1746) to work on /home/airflow/.local/lib/python3.11/site-packages/airflow/example_dags/example_latest_only.py
[2026-06-02T05:41:40.819+0000] {processor.py:830} INFO - Processing file /home/airflow/.local/lib/python3.11/site-packages/airflow/example_dags/example_latest_only.py for tasks to queue
[2026-06-02T05:41:40.821+0000] {logging_mixin.py:188} INFO - [2026-06-02T05:41:40.821+0000] {dagbag.py:545} INFO - Filling up the DagBag from /home/airflow/.local/lib/python3.11/site-packages/airflow/example_dags/example_latest_only.py
[2026-06-02T05:41:40.828+0000] {processor.py:840} INFO - DAG(s) 'latest_only' retrieved from /home/airflow/.local/lib/python3.11/site-packages/airflow/example_dags/example_latest_only.py
[2026-06-02T05:41:40.852+0000] {logging_mixin.py:188} INFO - [2026-06-02T05:41:40.851+0000] {dag.py:3096} INFO - Sync 1 DAGs
[2026-06-02T05:41:40.874+0000] {logging_mixin.py:188} INFO - [2026-06-02T05:41:40.873+0000] {dag.py:3954} INFO - Setting next_dagrun for latest_only to 2026-06-02 00:00:00+00:00, run_after=2026-06-02 04:00:00+00:00
[2026-06-02T05:41:40.904+0000] {processor.py:183} INFO - Processing /home/airflow/.local/lib/python3.11/site-packages/airflow/example_dags/example_latest_only.py took 0.096 seconds
[2026-06-02T05:42:11.760+0000] {processor.py:161} INFO - Started process (PID=2029) to work on /home/airflow/.local/lib/python3.11/site-packages/airflow/example_dags/example_latest_only.py
[2026-06-02T05:42:11.762+0000] {processor.py:830} INFO - Processing file /home/airflow/.local/lib/python3.11/site-packages/airflow/example_dags/example_latest_only.py for tasks to queue
[2026-06-02T05:42:11.764+0000] {logging_mixin.py:188} INFO - [2026-06-02T05:42:11.763+0000] {dagbag.py:545} INFO - Filling up the DagBag from /home/airflow/.local/lib/python3.11/site-packages/airflow/example_dags/example_latest_only.py
[2026-06-02T05:42:11.769+0000] {processor.py:840} INFO - DAG(s) 'latest_only' retrieved from /home/airflow/.local/lib/python3.11/site-packages/airflow/example_dags/example_latest_only.py
[2026-06-02T05:42:11.792+0000] {logging_mixin.py:188} INFO - [2026-06-02T05:42:11.792+0000] {dag.py:3096} INFO - Sync 1 DAGs
[2026-06-02T05:42:11.815+0000] {logging_mixin.py:188} INFO - [2026-06-02T05:42:11.815+0000] {dag.py:3954} INFO - Setting next_dagrun for latest_only to 2026-06-02 00:00:00+00:00, run_after=2026-06-02 04:00:00+00:00
[2026-06-02T05:42:11.836+0000] {processor.py:183} INFO - Processing /home/airflow/.local/lib/python3.11/site-packages/airflow/example_dags/example_latest_only.py took 0.084 seconds
[2026-06-02T05:42:42.484+0000] {processor.py:161} INFO - Started process (PID=2305) to work on /home/airflow/.local/lib/python3.11/site-packages/airflow/example_dags/example_latest_only.py
[2026-06-02T05:42:42.485+0000] {processor.py:830} INFO - Processing file /home/airflow/.local/lib/python3.11/site-packages/airflow/example_dags/example_latest_only.py for tasks to queue
[2026-06-02T05:42:42.488+0000] {logging_mixin.py:188} INFO - [2026-06-02T05:42:42.488+0000] {dagbag.py:545} INFO - Filling up the DagBag from /home/airflow/.local/lib/python3.11/site-packages/airflow/example_dags/example_latest_only.py
[2026-06-02T05:42:42.498+0000] {processor.py:840} INFO - DAG(s) 'latest_only' retrieved from /home/airflow/.local/lib/python3.11/site-packages/airflow/example_dags/example_latest_only.py
[2026-06-02T05:42:42.525+0000] {logging_mixin.py:188} INFO - [2026-06-02T05:42:42.524+0000] {dag.py:3096} INFO - Sync 1 DAGs
[2026-06-02T05:42:42.549+0000] {logging_mixin.py:188} INFO - [2026-06-02T05:42:42.549+0000] {dag.py:3954} INFO - Setting next_dagrun for latest_only to 2026-06-02 00:00:00+00:00, run_after=2026-06-02 04:00:00+00:00
[2026-06-02T05:42:42.585+0000] {processor.py:183} INFO - Processing /home/airflow/.local/lib/python3.11/site-packages/airflow/example_dags/example_latest_only.py took 0.109 seconds
[2026-06-02T05:43:13.105+0000] {processor.py:161} INFO - Started process (PID=2581) to work on /home/airflow/.local/lib/python3.11/site-packages/airflow/example_dags/example_latest_only.py
[2026-06-02T05:43:13.107+0000] {processor.py:830} INFO - Processing file /home/airflow/.local/lib/python3.11/site-packages/airflow/example_dags/example_latest_only.py for tasks to queue
[2026-06-02T05:43:13.110+0000] {logging_mixin.py:188} INFO - [2026-06-02T05:43:13.110+0000] {dagbag.py:545} INFO - Filling up the DagBag from /home/airflow/.local/lib/python3.11/site-packages/airflow/example_dags/example_latest_only.py
[2026-06-02T05:43:13.117+0000] {processor.py:840} INFO - DAG(s) 'latest_only' retrieved from /home/airflow/.local/lib/python3.11/site-packages/airflow/example_dags/example_latest_only.py
[2026-06-02T05:43:13.148+0000] {logging_mixin.py:188} INFO - [2026-06-02T05:43:13.148+0000] {dag.py:3096} INFO - Sync 1 DAGs
[2026-06-02T05:43:13.178+0000] {logging_mixin.py:188} INFO - [2026-06-02T05:43:13.178+0000] {dag.py:3954} INFO - Setting next_dagrun for latest_only to 2026-06-02 00:00:00+00:00, run_after=2026-06-02 04:00:00+00:00
[2026-06-02T05:43:13.205+0000] {processor.py:183} INFO - Processing /home/airflow/.local/lib/python3.11/site-packages/airflow/example_dags/example_latest_only.py took 0.110 seconds
[2026-06-02T05:43:44.078+0000] {processor.py:161} INFO - Started process (PID=2870) to work on /home/airflow/.local/lib/python3.11/site-packages/airflow/example_dags/example_latest_only.py
[2026-06-02T05:43:44.079+0000] {processor.py:830} INFO - Processing file /home/airflow/.local/lib/python3.11/site-packages/airflow/example_dags/example_latest_only.py for tasks to queue
[2026-06-02T05:43:44.080+0000] {logging_mixin.py:188} INFO - [2026-06-02T05:43:44.080+0000] {dagbag.py:545} INFO - Filling up the DagBag from /home/airflow/.local/lib/python3.11/site-packages/airflow/example_dags/example_latest_only.py
[2026-06-02T05:43:44.085+0000] {processor.py:840} INFO - DAG(s) 'latest_only' retrieved from /home/airflow/.local/lib/python3.11/site-packages/airflow/example_dags/example_latest_only.py
[2026-06-02T05:43:44.104+0000] {logging_mixin.py:188} INFO - [2026-06-02T05:43:44.104+0000] {dag.py:3096} INFO - Sync 1 DAGs
[2026-06-02T05:43:44.121+0000] {logging_mixin.py:188} INFO - [2026-06-02T05:43:44.121+0000] {dag.py:3954} INFO - Setting next_dagrun for latest_only to 2026-06-02 00:00:00+00:00, run_after=2026-06-02 04:00:00+00:00
[2026-06-02T05:43:44.148+0000] {processor.py:183} INFO - Processing /home/airflow/.local/lib/python3.11/site-packages/airflow/example_dags/example_latest_only.py took 0.075 seconds
[2026-06-02T05:44:14.735+0000] {processor.py:161} INFO - Started process (PID=3213) to work on /home/airflow/.local/lib/python3.11/site-packages/airflow/example_dags/example_latest_only.py
[2026-06-02T05:44:14.738+0000] {processor.py:830} INFO - Processing file /home/airflow/.local/lib/python3.11/site-packages/airflow/example_dags/example_latest_only.py for tasks to queue
[2026-06-02T05:44:14.743+0000] {logging_mixin.py:188} INFO - [2026-06-02T05:44:14.742+0000] {dagbag.py:545} INFO - Filling up the DagBag from /home/airflow/.local/lib/python3.11/site-packages/airflow/example_dags/example_latest_only.py
[2026-06-02T05:44:14.753+0000] {processor.py:840} INFO - DAG(s) 'latest_only' retrieved from /home/airflow/.local/lib/python3.11/site-packages/airflow/example_dags/example_latest_only.py
[2026-06-02T05:44:14.802+0000] {logging_mixin.py:188} INFO - [2026-06-02T05:44:14.802+0000] {dag.py:3096} INFO - Sync 1 DAGs
[2026-06-02T05:44:14.861+0000] {logging_mixin.py:188} INFO - [2026-06-02T05:44:14.860+0000] {dag.py:3954} INFO - Setting next_dagrun for latest_only to 2026-06-02 00:00:00+00:00, run_after=2026-06-02 04:00:00+00:00
[2026-06-02T05:44:14.903+0000] {processor.py:183} INFO - Processing /home/airflow/.local/lib/python3.11/site-packages/airflow/example_dags/example_latest_only.py took 0.180 seconds
[2026-06-02T05:44:45.183+0000] {processor.py:161} INFO - Started process (PID=3489) to work on /home/airflow/.local/lib/python3.11/site-packages/airflow/example_dags/example_latest_only.py
[2026-06-02T05:44:45.185+0000] {processor.py:830} INFO - Processing file /home/airflow/.local/lib/python3.11/site-packages/airflow/example_dags/example_latest_only.py for tasks to queue
[2026-06-02T05:44:45.188+0000] {logging_mixin.py:188} INFO - [2026-06-02T05:44:45.187+0000] {dagbag.py:545} INFO - Filling up the DagBag from /home/airflow/.local/lib/python3.11/site-packages/airflow/example_dags/example_latest_only.py
[2026-06-02T05:44:45.199+0000] {processor.py:840} INFO - DAG(s) 'latest_only' retrieved from /home/airflow/.local/lib/python3.11/site-packages/airflow/example_dags/example_latest_only.py
[2026-06-02T05:44:45.240+0000] {logging_mixin.py:188} INFO - [2026-06-02T05:44:45.240+0000] {dag.py:3096} INFO - Sync 1 DAGs
[2026-06-02T05:44:45.286+0000] {logging_mixin.py:188} INFO - [2026-06-02T05:44:45.286+0000] {dag.py:3954} INFO - Setting next_dagrun for latest_only to 2026-06-02 00:00:00+00:00, run_after=2026-06-02 04:00:00+00:00
[2026-06-02T05:44:45.318+0000] {processor.py:183} INFO - Processing /home/airflow/.local/lib/python3.11/site-packages/airflow/example_dags/example_latest_only.py took 0.145 seconds
[2026-06-02T05:45:16.199+0000] {processor.py:161} INFO - Started process (PID=3765) to work on /home/airflow/.local/lib/python3.11/site-packages/airflow/example_dags/example_latest_only.py
[2026-06-02T05:45:16.201+0000] {processor.py:830} INFO - Processing file /home/airflow/.local/lib/python3.11/site-packages/airflow/example_dags/example_latest_only.py for tasks to queue
[2026-06-02T05:45:16.205+0000] {logging_mixin.py:188} INFO - [2026-06-02T05:45:16.204+0000] {dagbag.py:545} INFO - Filling up the DagBag from /home/airflow/.local/lib/python3.11/site-packages/airflow/example_dags/example_latest_only.py
[2026-06-02T05:45:16.216+0000] {processor.py:840} INFO - DAG(s) 'latest_only' retrieved from /home/airflow/.local/lib/python3.11/site-packages/airflow/example_dags/example_latest_only.py
[2026-06-02T05:45:16.282+0000] {logging_mixin.py:188} INFO - [2026-06-02T05:45:16.282+0000] {dag.py:3096} INFO - Sync 1 DAGs
[2026-06-02T05:45:16.347+0000] {logging_mixin.py:188} INFO - [2026-06-02T05:45:16.346+0000] {dag.py:3954} INFO - Setting next_dagrun for latest_only to 2026-06-02 00:00:00+00:00, run_after=2026-06-02 04:00:00+00:00
[2026-06-02T05:45:16.382+0000] {processor.py:183} INFO - Processing /home/airflow/.local/lib/python3.11/site-packages/airflow/example_dags/example_latest_only.py took 0.199 seconds
[2026-06-02T05:45:46.781+0000] {processor.py:161} INFO - Started process (PID=4039) to work on /home/airflow/.local/lib/python3.11/site-packages/airflow/example_dags/example_latest_only.py
[2026-06-02T05:45:46.783+0000] {processor.py:830} INFO - Processing file /home/airflow/.local/lib/python3.11/site-packages/airflow/example_dags/example_latest_only.py for tasks to queue
[2026-06-02T05:45:46.788+0000] {logging_mixin.py:188} INFO - [2026-06-02T05:45:46.788+0000] {dagbag.py:545} INFO - Filling up the DagBag from /home/airflow/.local/lib/python3.11/site-packages/airflow/example_dags/example_latest_only.py
[2026-06-02T05:45:46.798+0000] {processor.py:840} INFO - DAG(s) 'latest_only' retrieved from /home/airflow/.local/lib/python3.11/site-packages/airflow/example_dags/example_latest_only.py
[2026-06-02T05:45:46.838+0000] {logging_mixin.py:188} INFO - [2026-06-02T05:45:46.838+0000] {dag.py:3096} INFO - Sync 1 DAGs
[2026-06-02T05:45:46.891+0000] {logging_mixin.py:188} INFO - [2026-06-02T05:45:46.891+0000] {dag.py:3954} INFO - Setting next_dagrun for latest_only to 2026-06-02 00:00:00+00:00, run_after=2026-06-02 04:00:00+00:00
[2026-06-02T05:45:46.940+0000] {processor.py:183} INFO - Processing /home/airflow/.local/lib/python3.11/site-packages/airflow/example_dags/example_latest_only.py took 0.171 seconds
[2026-06-02T05:46:18.698+0000] {processor.py:161} INFO - Started process (PID=4317) to work on /home/airflow/.local/lib/python3.11/site-packages/airflow/example_dags/example_latest_only.py
[2026-06-02T05:46:18.707+0000] {processor.py:830} INFO - Processing file /home/airflow/.local/lib/python3.11/site-packages/airflow/example_dags/example_latest_only.py for tasks to queue
[2026-06-02T05:46:18.711+0000] {logging_mixin.py:188} INFO - [2026-06-02T05:46:18.710+0000] {dagbag.py:545} INFO - Filling up the DagBag from /home/airflow/.local/lib/python3.11/site-packages/airflow/example_dags/example_latest_only.py
[2026-06-02T05:46:18.729+0000] {processor.py:840} INFO - DAG(s) 'latest_only' retrieved from /home/airflow/.local/lib/python3.11/site-packages/airflow/example_dags/example_latest_only.py
[2026-06-02T05:46:18.810+0000] {logging_mixin.py:188} INFO - [2026-06-02T05:46:18.809+0000] {dag.py:3096} INFO - Sync 1 DAGs
[2026-06-02T05:46:18.948+0000] {logging_mixin.py:188} INFO - [2026-06-02T05:46:18.947+0000] {dag.py:3954} INFO - Setting next_dagrun for latest_only to 2026-06-02 00:00:00+00:00, run_after=2026-06-02 04:00:00+00:00
[2026-06-02T05:46:19.002+0000] {processor.py:183} INFO - Processing /home/airflow/.local/lib/python3.11/site-packages/airflow/example_dags/example_latest_only.py took 0.319 seconds
[2026-06-02T05:46:49.133+0000] {processor.py:161} INFO - Started process (PID=4635) to work on /home/airflow/.local/lib/python3.11/site-packages/airflow/example_dags/example_latest_only.py
[2026-06-02T05:46:49.138+0000] {processor.py:830} INFO - Processing file /home/airflow/.local/lib/python3.11/site-packages/airflow/example_dags/example_latest_only.py for tasks to queue
[2026-06-02T05:46:49.154+0000] {logging_mixin.py:188} INFO - [2026-06-02T05:46:49.153+0000] {dagbag.py:545} INFO - Filling up the DagBag from /home/airflow/.local/lib/python3.11/site-packages/airflow/example_dags/example_latest_only.py
[2026-06-02T05:46:49.163+0000] {processor.py:840} INFO - DAG(s) 'latest_only' retrieved from /home/airflow/.local/lib/python3.11/site-packages/airflow/example_dags/example_latest_only.py
[2026-06-02T05:46:49.201+0000] {logging_mixin.py:188} INFO - [2026-06-02T05:46:49.201+0000] {dag.py:3096} INFO - Sync 1 DAGs
[2026-06-02T05:46:49.241+0000] {logging_mixin.py:188} INFO - [2026-06-02T05:46:49.240+0000] {dag.py:3954} INFO - Setting next_dagrun for latest_only to 2026-06-02 00:00:00+00:00, run_after=2026-06-02 04:00:00+00:00
[2026-06-02T05:46:49.284+0000] {processor.py:183} INFO - Processing /home/airflow/.local/lib/python3.11/site-packages/airflow/example_dags/example_latest_only.py took 0.165 seconds
[2026-06-02T05:47:35.710+0000] {processor.py:161} INFO - Started process (PID=358) to work on /home/airflow/.local/lib/python3.11/site-packages/airflow/example_dags/example_latest_only.py
[2026-06-02T05:47:35.711+0000] {processor.py:830} INFO - Processing file /home/airflow/.local/lib/python3.11/site-packages/airflow/example_dags/example_latest_only.py for tasks to queue
[2026-06-02T05:47:35.713+0000] {logging_mixin.py:188} INFO - [2026-06-02T05:47:35.713+0000] {dagbag.py:545} INFO - Filling up the DagBag from /home/airflow/.local/lib/python3.11/site-packages/airflow/example_dags/example_latest_only.py
[2026-06-02T05:47:35.722+0000] {processor.py:840} INFO - DAG(s) 'latest_only' retrieved from /home/airflow/.local/lib/python3.11/site-packages/airflow/example_dags/example_latest_only.py
[2026-06-02T05:47:35.737+0000] {logging_mixin.py:188} INFO - [2026-06-02T05:47:35.736+0000] {dag.py:3096} INFO - Sync 1 DAGs
[2026-06-02T05:47:35.768+0000] {logging_mixin.py:188} INFO - [2026-06-02T05:47:35.767+0000] {dag.py:3954} INFO - Setting next_dagrun for latest_only to 2026-06-02 00:00:00+00:00, run_after=2026-06-02 04:00:00+00:00
[2026-06-02T05:47:35.799+0000] {processor.py:183} INFO - Processing /home/airflow/.local/lib/python3.11/site-packages/airflow/example_dags/example_latest_only.py took 0.103 seconds
[2026-06-02T05:48:06.982+0000] {processor.py:161} INFO - Started process (PID=643) to work on /home/airflow/.local/lib/python3.11/site-packages/airflow/example_dags/example_latest_only.py
[2026-06-02T05:48:06.983+0000] {processor.py:830} INFO - Processing file /home/airflow/.local/lib/python3.11/site-packages/airflow/example_dags/example_latest_only.py for tasks to queue
[2026-06-02T05:48:06.987+0000] {logging_mixin.py:188} INFO - [2026-06-02T05:48:06.986+0000] {dagbag.py:545} INFO - Filling up the DagBag from /home/airflow/.local/lib/python3.11/site-packages/airflow/example_dags/example_latest_only.py
[2026-06-02T05:48:06.994+0000] {processor.py:840} INFO - DAG(s) 'latest_only' retrieved from /home/airflow/.local/lib/python3.11/site-packages/airflow/example_dags/example_latest_only.py
[2026-06-02T05:48:07.125+0000] {logging_mixin.py:188} INFO - [2026-06-02T05:48:07.125+0000] {dag.py:3096} INFO - Sync 1 DAGs
[2026-06-02T05:48:07.152+0000] {logging_mixin.py:188} INFO - [2026-06-02T05:48:07.152+0000] {dag.py:3954} INFO - Setting next_dagrun for latest_only to 2026-06-02 00:00:00+00:00, run_after=2026-06-02 04:00:00+00:00
[2026-06-02T05:48:07.177+0000] {processor.py:183} INFO - Processing /home/airflow/.local/lib/python3.11/site-packages/airflow/example_dags/example_latest_only.py took 0.205 seconds
[2026-06-02T05:48:38.227+0000] {processor.py:161} INFO - Started process (PID=930) to work on /home/airflow/.local/lib/python3.11/site-packages/airflow/example_dags/example_latest_only.py
[2026-06-02T05:48:38.229+0000] {processor.py:830} INFO - Processing file /home/airflow/.local/lib/python3.11/site-packages/airflow/example_dags/example_latest_only.py for tasks to queue
[2026-06-02T05:48:38.233+0000] {logging_mixin.py:188} INFO - [2026-06-02T05:48:38.232+0000] {dagbag.py:545} INFO - Filling up the DagBag from /home/airflow/.local/lib/python3.11/site-packages/airflow/example_dags/example_latest_only.py
[2026-06-02T05:48:38.241+0000] {processor.py:840} INFO - DAG(s) 'latest_only' retrieved from /home/airflow/.local/lib/python3.11/site-packages/airflow/example_dags/example_latest_only.py
[2026-06-02T05:48:38.268+0000] {logging_mixin.py:188} INFO - [2026-06-02T05:48:38.268+0000] {dag.py:3096} INFO - Sync 1 DAGs
[2026-06-02T05:48:38.298+0000] {logging_mixin.py:188} INFO - [2026-06-02T05:48:38.298+0000] {dag.py:3954} INFO - Setting next_dagrun for latest_only to 2026-06-02 00:00:00+00:00, run_after=2026-06-02 04:00:00+00:00
[2026-06-02T05:48:38.336+0000] {processor.py:183} INFO - Processing /home/airflow/.local/lib/python3.11/site-packages/airflow/example_dags/example_latest_only.py took 0.117 seconds
[2026-06-02T05:49:09.255+0000] {processor.py:161} INFO - Started process (PID=1204) to work on /home/airflow/.local/lib/python3.11/site-packages/airflow/example_dags/example_latest_only.py
[2026-06-02T05:49:09.256+0000] {processor.py:830} INFO - Processing file /home/airflow/.local/lib/python3.11/site-packages/airflow/example_dags/example_latest_only.py for tasks to queue
[2026-06-02T05:49:09.258+0000] {logging_mixin.py:188} INFO - [2026-06-02T05:49:09.258+0000] {dagbag.py:545} INFO - Filling up the DagBag from /home/airflow/.local/lib/python3.11/site-packages/airflow/example_dags/example_latest_only.py
[2026-06-02T05:49:09.264+0000] {processor.py:840} INFO - DAG(s) 'latest_only' retrieved from /home/airflow/.local/lib/python3.11/site-packages/airflow/example_dags/example_latest_only.py
[2026-06-02T05:49:09.284+0000] {logging_mixin.py:188} INFO - [2026-06-02T05:49:09.284+0000] {dag.py:3096} INFO - Sync 1 DAGs
[2026-06-02T05:49:09.306+0000] {logging_mixin.py:188} INFO - [2026-06-02T05:49:09.305+0000] {dag.py:3954} INFO - Setting next_dagrun for latest_only to 2026-06-02 00:00:00+00:00, run_after=2026-06-02 04:00:00+00:00
[2026-06-02T05:49:09.335+0000] {processor.py:183} INFO - Processing /home/airflow/.local/lib/python3.11/site-packages/airflow/example_dags/example_latest_only.py took 0.086 seconds
[2026-06-02T05:49:39.524+0000] {processor.py:161} INFO - Started process (PID=1477) to work on /home/airflow/.local/lib/python3.11/site-packages/airflow/example_dags/example_latest_only.py
[2026-06-02T05:49:39.526+0000] {processor.py:830} INFO - Processing file /home/airflow/.local/lib/python3.11/site-packages/airflow/example_dags/example_latest_only.py for tasks to queue
[2026-06-02T05:49:39.528+0000] {logging_mixin.py:188} INFO - [2026-06-02T05:49:39.528+0000] {dagbag.py:545} INFO - Filling up the DagBag from /home/airflow/.local/lib/python3.11/site-packages/airflow/example_dags/example_latest_only.py
[2026-06-02T05:49:39.535+0000] {processor.py:840} INFO - DAG(s) 'latest_only' retrieved from /home/airflow/.local/lib/python3.11/site-packages/airflow/example_dags/example_latest_only.py
[2026-06-02T05:49:39.559+0000] {logging_mixin.py:188} INFO - [2026-06-02T05:49:39.558+0000] {dag.py:3096} INFO - Sync 1 DAGs
[2026-06-02T05:49:39.584+0000] {logging_mixin.py:188} INFO - [2026-06-02T05:49:39.584+0000] {dag.py:3954} INFO - Setting next_dagrun for latest_only to 2026-06-02 00:00:00+00:00, run_after=2026-06-02 04:00:00+00:00
[2026-06-02T05:49:39.610+0000] {processor.py:183} INFO - Processing /home/airflow/.local/lib/python3.11/site-packages/airflow/example_dags/example_latest_only.py took 0.092 seconds
[2026-06-02T05:50:09.738+0000] {processor.py:161} INFO - Started process (PID=1753) to work on /home/airflow/.local/lib/python3.11/site-packages/airflow/example_dags/example_latest_only.py
[2026-06-02T05:50:09.739+0000] {processor.py:830} INFO - Processing file /home/airflow/.local/lib/python3.11/site-packages/airflow/example_dags/example_latest_only.py for tasks to queue
[2026-06-02T05:50:09.741+0000] {logging_mixin.py:188} INFO - [2026-06-02T05:50:09.741+0000] {dagbag.py:545} INFO - Filling up the DagBag from /home/airflow/.local/lib/python3.11/site-packages/airflow/example_dags/example_latest_only.py
[2026-06-02T05:50:09.747+0000] {processor.py:840} INFO - DAG(s) 'latest_only' retrieved from /home/airflow/.local/lib/python3.11/site-packages/airflow/example_dags/example_latest_only.py
[2026-06-02T05:50:09.768+0000] {logging_mixin.py:188} INFO - [2026-06-02T05:50:09.767+0000] {dag.py:3096} INFO - Sync 1 DAGs
[2026-06-02T05:50:09.787+0000] {logging_mixin.py:188} INFO - [2026-06-02T05:50:09.787+0000] {dag.py:3954} INFO - Setting next_dagrun for latest_only to 2026-06-02 00:00:00+00:00, run_after=2026-06-02 04:00:00+00:00
[2026-06-02T05:50:09.804+0000] {processor.py:183} INFO - Processing /home/airflow/.local/lib/python3.11/site-packages/airflow/example_dags/example_latest_only.py took 0.072 seconds
[2026-06-02T05:50:39.892+0000] {processor.py:161} INFO - Started process (PID=2029) to work on /home/airflow/.local/lib/python3.11/site-packages/airflow/example_dags/example_latest_only.py
[2026-06-02T05:50:39.895+0000] {processor.py:830} INFO - Processing file /home/airflow/.local/lib/python3.11/site-packages/airflow/example_dags/example_latest_only.py for tasks to queue
[2026-06-02T05:50:39.901+0000] {logging_mixin.py:188} INFO - [2026-06-02T05:50:39.900+0000] {dagbag.py:545} INFO - Filling up the DagBag from /home/airflow/.local/lib/python3.11/site-packages/airflow/example_dags/example_latest_only.py
[2026-06-02T05:50:39.909+0000] {processor.py:840} INFO - DAG(s) 'latest_only' retrieved from /home/airflow/.local/lib/python3.11/site-packages/airflow/example_dags/example_latest_only.py
[2026-06-02T05:50:39.938+0000] {logging_mixin.py:188} INFO - [2026-06-02T05:50:39.937+0000] {dag.py:3096} INFO - Sync 1 DAGs
[2026-06-02T05:50:39.962+0000] {logging_mixin.py:188} INFO - [2026-06-02T05:50:39.962+0000] {dag.py:3954} INFO - Setting next_dagrun for latest_only to 2026-06-02 00:00:00+00:00, run_after=2026-06-02 04:00:00+00:00
[2026-06-02T05:50:39.997+0000] {processor.py:183} INFO - Processing /home/airflow/.local/lib/python3.11/site-packages/airflow/example_dags/example_latest_only.py took 0.114 seconds
[2026-06-02T05:51:10.748+0000] {processor.py:161} INFO - Started process (PID=2319) to work on /home/airflow/.local/lib/python3.11/site-packages/airflow/example_dags/example_latest_only.py
[2026-06-02T05:51:10.749+0000] {processor.py:830} INFO - Processing file /home/airflow/.local/lib/python3.11/site-packages/airflow/example_dags/example_latest_only.py for tasks to queue
[2026-06-02T05:51:10.751+0000] {logging_mixin.py:188} INFO - [2026-06-02T05:51:10.751+0000] {dagbag.py:545} INFO - Filling up the DagBag from /home/airflow/.local/lib/python3.11/site-packages/airflow/example_dags/example_latest_only.py
[2026-06-02T05:51:10.756+0000] {processor.py:840} INFO - DAG(s) 'latest_only' retrieved from /home/airflow/.local/lib/python3.11/site-packages/airflow/example_dags/example_latest_only.py
[2026-06-02T05:51:10.774+0000] {logging_mixin.py:188} INFO - [2026-06-02T05:51:10.774+0000] {dag.py:3096} INFO - Sync 1 DAGs
[2026-06-02T05:51:10.792+0000] {logging_mixin.py:188} INFO - [2026-06-02T05:51:10.791+0000] {dag.py:3954} INFO - Setting next_dagrun for latest_only to 2026-06-02 00:00:00+00:00, run_after=2026-06-02 04:00:00+00:00
[2026-06-02T05:51:10.819+0000] {processor.py:183} INFO - Processing /home/airflow/.local/lib/python3.11/site-packages/airflow/example_dags/example_latest_only.py took 0.077 seconds
[2026-06-02T05:51:41.197+0000] {processor.py:161} INFO - Started process (PID=2595) to work on /home/airflow/.local/lib/python3.11/site-packages/airflow/example_dags/example_latest_only.py
[2026-06-02T05:51:41.198+0000] {processor.py:830} INFO - Processing file /home/airflow/.local/lib/python3.11/site-packages/airflow/example_dags/example_latest_only.py for tasks to queue
[2026-06-02T05:51:41.201+0000] {logging_mixin.py:188} INFO - [2026-06-02T05:51:41.200+0000] {dagbag.py:545} INFO - Filling up the DagBag from /home/airflow/.local/lib/python3.11/site-packages/airflow/example_dags/example_latest_only.py
[2026-06-02T05:51:41.205+0000] {processor.py:840} INFO - DAG(s) 'latest_only' retrieved from /home/airflow/.local/lib/python3.11/site-packages/airflow/example_dags/example_latest_only.py
[2026-06-02T05:51:41.225+0000] {logging_mixin.py:188} INFO - [2026-06-02T05:51:41.225+0000] {dag.py:3096} INFO - Sync 1 DAGs
[2026-06-02T05:51:41.245+0000] {logging_mixin.py:188} INFO - [2026-06-02T05:51:41.244+0000] {dag.py:3954} INFO - Setting next_dagrun for latest_only to 2026-06-02 00:00:00+00:00, run_after=2026-06-02 04:00:00+00:00
[2026-06-02T05:51:41.272+0000] {processor.py:183} INFO - Processing /home/airflow/.local/lib/python3.11/site-packages/airflow/example_dags/example_latest_only.py took 0.083 seconds
[2026-06-02T05:52:11.525+0000] {processor.py:161} INFO - Started process (PID=2871) to work on /home/airflow/.local/lib/python3.11/site-packages/airflow/example_dags/example_latest_only.py
[2026-06-02T05:52:11.526+0000] {processor.py:830} INFO - Processing file /home/airflow/.local/lib/python3.11/site-packages/airflow/example_dags/example_latest_only.py for tasks to queue
[2026-06-02T05:52:11.528+0000] {logging_mixin.py:188} INFO - [2026-06-02T05:52:11.528+0000] {dagbag.py:545} INFO - Filling up the DagBag from /home/airflow/.local/lib/python3.11/site-packages/airflow/example_dags/example_latest_only.py
[2026-06-02T05:52:11.533+0000] {processor.py:840} INFO - DAG(s) 'latest_only' retrieved from /home/airflow/.local/lib/python3.11/site-packages/airflow/example_dags/example_latest_only.py
[2026-06-02T05:52:11.551+0000] {logging_mixin.py:188} INFO - [2026-06-02T05:52:11.551+0000] {dag.py:3096} INFO - Sync 1 DAGs
[2026-06-02T05:52:11.570+0000] {logging_mixin.py:188} INFO - [2026-06-02T05:52:11.570+0000] {dag.py:3954} INFO - Setting next_dagrun for latest_only to 2026-06-02 00:00:00+00:00, run_after=2026-06-02 04:00:00+00:00
[2026-06-02T05:52:11.597+0000] {processor.py:183} INFO - Processing /home/airflow/.local/lib/python3.11/site-packages/airflow/example_dags/example_latest_only.py took 0.077 seconds
[2026-06-02T05:52:41.819+0000] {processor.py:161} INFO - Started process (PID=3147) to work on /home/airflow/.local/lib/python3.11/site-packages/airflow/example_dags/example_latest_only.py
[2026-06-02T05:52:41.820+0000] {processor.py:830} INFO - Processing file /home/airflow/.local/lib/python3.11/site-packages/airflow/example_dags/example_latest_only.py for tasks to queue
[2026-06-02T05:52:41.822+0000] {logging_mixin.py:188} INFO - [2026-06-02T05:52:41.821+0000] {dagbag.py:545} INFO - Filling up the DagBag from /home/airflow/.local/lib/python3.11/site-packages/airflow/example_dags/example_latest_only.py
[2026-06-02T05:52:41.827+0000] {processor.py:840} INFO - DAG(s) 'latest_only' retrieved from /home/airflow/.local/lib/python3.11/site-packages/airflow/example_dags/example_latest_only.py
[2026-06-02T05:52:41.846+0000] {logging_mixin.py:188} INFO - [2026-06-02T05:52:41.846+0000] {dag.py:3096} INFO - Sync 1 DAGs
[2026-06-02T05:52:41.864+0000] {logging_mixin.py:188} INFO - [2026-06-02T05:52:41.864+0000] {dag.py:3954} INFO - Setting next_dagrun for latest_only to 2026-06-02 00:00:00+00:00, run_after=2026-06-02 04:00:00+00:00
[2026-06-02T05:52:41.893+0000] {processor.py:183} INFO - Processing /home/airflow/.local/lib/python3.11/site-packages/airflow/example_dags/example_latest_only.py took 0.079 seconds
[2026-06-02T05:53:12.146+0000] {processor.py:161} INFO - Started process (PID=3423) to work on /home/airflow/.local/lib/python3.11/site-packages/airflow/example_dags/example_latest_only.py
[2026-06-02T05:53:12.147+0000] {processor.py:830} INFO - Processing file /home/airflow/.local/lib/python3.11/site-packages/airflow/example_dags/example_latest_only.py for tasks to queue
[2026-06-02T05:53:12.148+0000] {logging_mixin.py:188} INFO - [2026-06-02T05:53:12.148+0000] {dagbag.py:545} INFO - Filling up the DagBag from /home/airflow/.local/lib/python3.11/site-packages/airflow/example_dags/example_latest_only.py
[2026-06-02T05:53:12.152+0000] {processor.py:840} INFO - DAG(s) 'latest_only' retrieved from /home/airflow/.local/lib/python3.11/site-packages/airflow/example_dags/example_latest_only.py
[2026-06-02T05:53:12.171+0000] {logging_mixin.py:188} INFO - [2026-06-02T05:53:12.170+0000] {dag.py:3096} INFO - Sync 1 DAGs
[2026-06-02T05:53:12.187+0000] {logging_mixin.py:188} INFO - [2026-06-02T05:53:12.187+0000] {dag.py:3954} INFO - Setting next_dagrun for latest_only to 2026-06-02 00:00:00+00:00, run_after=2026-06-02 04:00:00+00:00
[2026-06-02T05:53:12.214+0000] {processor.py:183} INFO - Processing /home/airflow/.local/lib/python3.11/site-packages/airflow/example_dags/example_latest_only.py took 0.074 seconds
[2026-06-02T05:53:42.519+0000] {processor.py:161} INFO - Started process (PID=3699) to work on /home/airflow/.local/lib/python3.11/site-packages/airflow/example_dags/example_latest_only.py
[2026-06-02T05:53:42.520+0000] {processor.py:830} INFO - Processing file /home/airflow/.local/lib/python3.11/site-packages/airflow/example_dags/example_latest_only.py for tasks to queue
[2026-06-02T05:53:42.522+0000] {logging_mixin.py:188} INFO - [2026-06-02T05:53:42.522+0000] {dagbag.py:545} INFO - Filling up the DagBag from /home/airflow/.local/lib/python3.11/site-packages/airflow/example_dags/example_latest_only.py
[2026-06-02T05:53:42.526+0000] {processor.py:840} INFO - DAG(s) 'latest_only' retrieved from /home/airflow/.local/lib/python3.11/site-packages/airflow/example_dags/example_latest_only.py
[2026-06-02T05:53:42.545+0000] {logging_mixin.py:188} INFO - [2026-06-02T05:53:42.544+0000] {dag.py:3096} INFO - Sync 1 DAGs
[2026-06-02T05:53:42.563+0000] {logging_mixin.py:188} INFO - [2026-06-02T05:53:42.563+0000] {dag.py:3954} INFO - Setting next_dagrun for latest_only to 2026-06-02 00:00:00+00:00, run_after=2026-06-02 04:00:00+00:00
[2026-06-02T05:53:42.590+0000] {processor.py:183} INFO - Processing /home/airflow/.local/lib/python3.11/site-packages/airflow/example_dags/example_latest_only.py took 0.076 seconds
[2026-06-02T05:54:12.993+0000] {processor.py:161} INFO - Started process (PID=3975) to work on /home/airflow/.local/lib/python3.11/site-packages/airflow/example_dags/example_latest_only.py
[2026-06-02T05:54:12.994+0000] {processor.py:830} INFO - Processing file /home/airflow/.local/lib/python3.11/site-packages/airflow/example_dags/example_latest_only.py for tasks to queue
[2026-06-02T05:54:12.995+0000] {logging_mixin.py:188} INFO - [2026-06-02T05:54:12.995+0000] {dagbag.py:545} INFO - Filling up the DagBag from /home/airflow/.local/lib/python3.11/site-packages/airflow/example_dags/example_latest_only.py
[2026-06-02T05:54:13.000+0000] {processor.py:840} INFO - DAG(s) 'latest_only' retrieved from /home/airflow/.local/lib/python3.11/site-packages/airflow/example_dags/example_latest_only.py
[2026-06-02T05:54:13.018+0000] {logging_mixin.py:188} INFO - [2026-06-02T05:54:13.018+0000] {dag.py:3096} INFO - Sync 1 DAGs
[2026-06-02T05:54:13.036+0000] {logging_mixin.py:188} INFO - [2026-06-02T05:54:13.036+0000] {dag.py:3954} INFO - Setting next_dagrun for latest_only to 2026-06-02 00:00:00+00:00, run_after=2026-06-02 04:00:00+00:00
[2026-06-02T05:54:13.060+0000] {processor.py:183} INFO - Processing /home/airflow/.local/lib/python3.11/site-packages/airflow/example_dags/example_latest_only.py took 0.073 seconds
[2026-06-02T05:54:43.406+0000] {processor.py:161} INFO - Started process (PID=4251) to work on /home/airflow/.local/lib/python3.11/site-packages/airflow/example_dags/example_latest_only.py
[2026-06-02T05:54:43.407+0000] {processor.py:830} INFO - Processing file /home/airflow/.local/lib/python3.11/site-packages/airflow/example_dags/example_latest_only.py for tasks to queue
[2026-06-02T05:54:43.409+0000] {logging_mixin.py:188} INFO - [2026-06-02T05:54:43.409+0000] {dagbag.py:545} INFO - Filling up the DagBag from /home/airflow/.local/lib/python3.11/site-packages/airflow/example_dags/example_latest_only.py
[2026-06-02T05:54:43.414+0000] {processor.py:840} INFO - DAG(s) 'latest_only' retrieved from /home/airflow/.local/lib/python3.11/site-packages/airflow/example_dags/example_latest_only.py
[2026-06-02T05:54:43.431+0000] {logging_mixin.py:188} INFO - [2026-06-02T05:54:43.431+0000] {dag.py:3096} INFO - Sync 1 DAGs
[2026-06-02T05:54:43.449+0000] {logging_mixin.py:188} INFO - [2026-06-02T05:54:43.449+0000] {dag.py:3954} INFO - Setting next_dagrun for latest_only to 2026-06-02 00:00:00+00:00, run_after=2026-06-02 04:00:00+00:00
[2026-06-02T05:54:43.477+0000] {processor.py:183} INFO - Processing /home/airflow/.local/lib/python3.11/site-packages/airflow/example_dags/example_latest_only.py took 0.077 seconds
[2026-06-02T05:55:13.717+0000] {processor.py:161} INFO - Started process (PID=4527) to work on /home/airflow/.local/lib/python3.11/site-packages/airflow/example_dags/example_latest_only.py
[2026-06-02T05:55:13.718+0000] {processor.py:830} INFO - Processing file /home/airflow/.local/lib/python3.11/site-packages/airflow/example_dags/example_latest_only.py for tasks to queue
[2026-06-02T05:55:13.719+0000] {logging_mixin.py:188} INFO - [2026-06-02T05:55:13.719+0000] {dagbag.py:545} INFO - Filling up the DagBag from /home/airflow/.local/lib/python3.11/site-packages/airflow/example_dags/example_latest_only.py
[2026-06-02T05:55:13.725+0000] {processor.py:840} INFO - DAG(s) 'latest_only' retrieved from /home/airflow/.local/lib/python3.11/site-packages/airflow/example_dags/example_latest_only.py
[2026-06-02T05:55:13.742+0000] {logging_mixin.py:188} INFO - [2026-06-02T05:55:13.742+0000] {dag.py:3096} INFO - Sync 1 DAGs
[2026-06-02T05:55:13.759+0000] {logging_mixin.py:188} INFO - [2026-06-02T05:55:13.759+0000] {dag.py:3954} INFO - Setting next_dagrun for latest_only to 2026-06-02 00:00:00+00:00, run_after=2026-06-02 04:00:00+00:00
[2026-06-02T05:55:13.785+0000] {processor.py:183} INFO - Processing /home/airflow/.local/lib/python3.11/site-packages/airflow/example_dags/example_latest_only.py took 0.074 seconds
[2026-06-02T05:55:43.970+0000] {processor.py:161} INFO - Started process (PID=4804) to work on /home/airflow/.local/lib/python3.11/site-packages/airflow/example_dags/example_latest_only.py
[2026-06-02T05:55:43.972+0000] {processor.py:830} INFO - Processing file /home/airflow/.local/lib/python3.11/site-packages/airflow/example_dags/example_latest_only.py for tasks to queue
[2026-06-02T05:55:43.974+0000] {logging_mixin.py:188} INFO - [2026-06-02T05:55:43.973+0000] {dagbag.py:545} INFO - Filling up the DagBag from /home/airflow/.local/lib/python3.11/site-packages/airflow/example_dags/example_latest_only.py
[2026-06-02T05:55:43.979+0000] {processor.py:840} INFO - DAG(s) 'latest_only' retrieved from /home/airflow/.local/lib/python3.11/site-packages/airflow/example_dags/example_latest_only.py
[2026-06-02T05:55:43.997+0000] {logging_mixin.py:188} INFO - [2026-06-02T05:55:43.996+0000] {dag.py:3096} INFO - Sync 1 DAGs
[2026-06-02T05:55:44.013+0000] {logging_mixin.py:188} INFO - [2026-06-02T05:55:44.013+0000] {dag.py:3954} INFO - Setting next_dagrun for latest_only to 2026-06-02 00:00:00+00:00, run_after=2026-06-02 04:00:00+00:00
[2026-06-02T05:55:44.040+0000] {processor.py:183} INFO - Processing /home/airflow/.local/lib/python3.11/site-packages/airflow/example_dags/example_latest_only.py took 0.076 seconds
[2026-06-02T05:56:14.866+0000] {processor.py:161} INFO - Started process (PID=5080) to work on /home/airflow/.local/lib/python3.11/site-packages/airflow/example_dags/example_latest_only.py
[2026-06-02T05:56:14.867+0000] {processor.py:830} INFO - Processing file /home/airflow/.local/lib/python3.11/site-packages/airflow/example_dags/example_latest_only.py for tasks to queue
[2026-06-02T05:56:14.869+0000] {logging_mixin.py:188} INFO - [2026-06-02T05:56:14.869+0000] {dagbag.py:545} INFO - Filling up the DagBag from /home/airflow/.local/lib/python3.11/site-packages/airflow/example_dags/example_latest_only.py
[2026-06-02T05:56:14.873+0000] {processor.py:840} INFO - DAG(s) 'latest_only' retrieved from /home/airflow/.local/lib/python3.11/site-packages/airflow/example_dags/example_latest_only.py
[2026-06-02T05:56:14.891+0000] {logging_mixin.py:188} INFO - [2026-06-02T05:56:14.890+0000] {dag.py:3096} INFO - Sync 1 DAGs
[2026-06-02T05:56:14.909+0000] {logging_mixin.py:188} INFO - [2026-06-02T05:56:14.908+0000] {dag.py:3954} INFO - Setting next_dagrun for latest_only to 2026-06-02 00:00:00+00:00, run_after=2026-06-02 04:00:00+00:00
[2026-06-02T05:56:14.932+0000] {processor.py:183} INFO - Processing /home/airflow/.local/lib/python3.11/site-packages/airflow/example_dags/example_latest_only.py took 0.072 seconds
[2026-06-02T05:56:45.264+0000] {processor.py:161} INFO - Started process (PID=5356) to work on /home/airflow/.local/lib/python3.11/site-packages/airflow/example_dags/example_latest_only.py
[2026-06-02T05:56:45.265+0000] {processor.py:830} INFO - Processing file /home/airflow/.local/lib/python3.11/site-packages/airflow/example_dags/example_latest_only.py for tasks to queue
[2026-06-02T05:56:45.266+0000] {logging_mixin.py:188} INFO - [2026-06-02T05:56:45.266+0000] {dagbag.py:545} INFO - Filling up the DagBag from /home/airflow/.local/lib/python3.11/site-packages/airflow/example_dags/example_latest_only.py
[2026-06-02T05:56:45.271+0000] {processor.py:840} INFO - DAG(s) 'latest_only' retrieved from /home/airflow/.local/lib/python3.11/site-packages/airflow/example_dags/example_latest_only.py
[2026-06-02T05:56:45.290+0000] {logging_mixin.py:188} INFO - [2026-06-02T05:56:45.289+0000] {dag.py:3096} INFO - Sync 1 DAGs
[2026-06-02T05:56:45.310+0000] {logging_mixin.py:188} INFO - [2026-06-02T05:56:45.309+0000] {dag.py:3954} INFO - Setting next_dagrun for latest_only to 2026-06-02 00:00:00+00:00, run_after=2026-06-02 04:00:00+00:00
[2026-06-02T05:56:45.326+0000] {processor.py:183} INFO - Processing /home/airflow/.local/lib/python3.11/site-packages/airflow/example_dags/example_latest_only.py took 0.068 seconds
[2026-06-02T05:57:15.651+0000] {processor.py:161} INFO - Started process (PID=5632) to work on /home/airflow/.local/lib/python3.11/site-packages/airflow/example_dags/example_latest_only.py
[2026-06-02T05:57:15.652+0000] {processor.py:830} INFO - Processing file /home/airflow/.local/lib/python3.11/site-packages/airflow/example_dags/example_latest_only.py for tasks to queue
[2026-06-02T05:57:15.655+0000] {logging_mixin.py:188} INFO - [2026-06-02T05:57:15.655+0000] {dagbag.py:545} INFO - Filling up the DagBag from /home/airflow/.local/lib/python3.11/site-packages/airflow/example_dags/example_latest_only.py
[2026-06-02T05:57:15.660+0000] {processor.py:840} INFO - DAG(s) 'latest_only' retrieved from /home/airflow/.local/lib/python3.11/site-packages/airflow/example_dags/example_latest_only.py
[2026-06-02T05:57:15.680+0000] {logging_mixin.py:188} INFO - [2026-06-02T05:57:15.679+0000] {dag.py:3096} INFO - Sync 1 DAGs
[2026-06-02T05:57:15.699+0000] {logging_mixin.py:188} INFO - [2026-06-02T05:57:15.699+0000] {dag.py:3954} INFO - Setting next_dagrun for latest_only to 2026-06-02 00:00:00+00:00, run_after=2026-06-02 04:00:00+00:00
[2026-06-02T05:57:15.728+0000] {processor.py:183} INFO - Processing /home/airflow/.local/lib/python3.11/site-packages/airflow/example_dags/example_latest_only.py took 0.083 seconds
[2026-06-02T05:57:46.184+0000] {processor.py:161} INFO - Started process (PID=5908) to work on /home/airflow/.local/lib/python3.11/site-packages/airflow/example_dags/example_latest_only.py
[2026-06-02T05:57:46.184+0000] {processor.py:830} INFO - Processing file /home/airflow/.local/lib/python3.11/site-packages/airflow/example_dags/example_latest_only.py for tasks to queue
[2026-06-02T05:57:46.186+0000] {logging_mixin.py:188} INFO - [2026-06-02T05:57:46.186+0000] {dagbag.py:545} INFO - Filling up the DagBag from /home/airflow/.local/lib/python3.11/site-packages/airflow/example_dags/example_latest_only.py
[2026-06-02T05:57:46.191+0000] {processor.py:840} INFO - DAG(s) 'latest_only' retrieved from /home/airflow/.local/lib/python3.11/site-packages/airflow/example_dags/example_latest_only.py
[2026-06-02T05:57:46.209+0000] {logging_mixin.py:188} INFO - [2026-06-02T05:57:46.209+0000] {dag.py:3096} INFO - Sync 1 DAGs
[2026-06-02T05:57:46.225+0000] {logging_mixin.py:188} INFO - [2026-06-02T05:57:46.225+0000] {dag.py:3954} INFO - Setting next_dagrun for latest_only to 2026-06-02 00:00:00+00:00, run_after=2026-06-02 04:00:00+00:00
[2026-06-02T05:57:46.253+0000] {processor.py:183} INFO - Processing /home/airflow/.local/lib/python3.11/site-packages/airflow/example_dags/example_latest_only.py took 0.075 seconds
[2026-06-02T05:58:16.346+0000] {processor.py:161} INFO - Started process (PID=6184) to work on /home/airflow/.local/lib/python3.11/site-packages/airflow/example_dags/example_latest_only.py
[2026-06-02T05:58:16.348+0000] {processor.py:830} INFO - Processing file /home/airflow/.local/lib/python3.11/site-packages/airflow/example_dags/example_latest_only.py for tasks to queue
[2026-06-02T05:58:16.350+0000] {logging_mixin.py:188} INFO - [2026-06-02T05:58:16.349+0000] {dagbag.py:545} INFO - Filling up the DagBag from /home/airflow/.local/lib/python3.11/site-packages/airflow/example_dags/example_latest_only.py
[2026-06-02T05:58:16.356+0000] {processor.py:840} INFO - DAG(s) 'latest_only' retrieved from /home/airflow/.local/lib/python3.11/site-packages/airflow/example_dags/example_latest_only.py
[2026-06-02T05:58:16.376+0000] {logging_mixin.py:188} INFO - [2026-06-02T05:58:16.376+0000] {dag.py:3096} INFO - Sync 1 DAGs
[2026-06-02T05:58:16.396+0000] {logging_mixin.py:188} INFO - [2026-06-02T05:58:16.395+0000] {dag.py:3954} INFO - Setting next_dagrun for latest_only to 2026-06-02 00:00:00+00:00, run_after=2026-06-02 04:00:00+00:00
[2026-06-02T05:58:16.423+0000] {processor.py:183} INFO - Processing /home/airflow/.local/lib/python3.11/site-packages/airflow/example_dags/example_latest_only.py took 0.082 seconds
[2026-06-02T05:59:21.772+0000] {processor.py:161} INFO - Started process (PID=357) to work on /home/airflow/.local/lib/python3.11/site-packages/airflow/example_dags/example_latest_only.py
[2026-06-02T05:59:21.774+0000] {processor.py:830} INFO - Processing file /home/airflow/.local/lib/python3.11/site-packages/airflow/example_dags/example_latest_only.py for tasks to queue
[2026-06-02T05:59:21.777+0000] {logging_mixin.py:188} INFO - [2026-06-02T05:59:21.776+0000] {dagbag.py:545} INFO - Filling up the DagBag from /home/airflow/.local/lib/python3.11/site-packages/airflow/example_dags/example_latest_only.py
[2026-06-02T05:59:21.786+0000] {processor.py:840} INFO - DAG(s) 'latest_only' retrieved from /home/airflow/.local/lib/python3.11/site-packages/airflow/example_dags/example_latest_only.py
[2026-06-02T05:59:21.803+0000] {logging_mixin.py:188} INFO - [2026-06-02T05:59:21.803+0000] {dag.py:3096} INFO - Sync 1 DAGs
[2026-06-02T05:59:21.832+0000] {logging_mixin.py:188} INFO - [2026-06-02T05:59:21.831+0000] {dag.py:3954} INFO - Setting next_dagrun for latest_only to 2026-06-02 00:00:00+00:00, run_after=2026-06-02 04:00:00+00:00
[2026-06-02T05:59:21.858+0000] {processor.py:183} INFO - Processing /home/airflow/.local/lib/python3.11/site-packages/airflow/example_dags/example_latest_only.py took 0.097 seconds
[2026-06-02T05:59:52.653+0000] {processor.py:161} INFO - Started process (PID=633) to work on /home/airflow/.local/lib/python3.11/site-packages/airflow/example_dags/example_latest_only.py
[2026-06-02T05:59:52.654+0000] {processor.py:830} INFO - Processing file /home/airflow/.local/lib/python3.11/site-packages/airflow/example_dags/example_latest_only.py for tasks to queue
[2026-06-02T05:59:52.657+0000] {logging_mixin.py:188} INFO - [2026-06-02T05:59:52.656+0000] {dagbag.py:545} INFO - Filling up the DagBag from /home/airflow/.local/lib/python3.11/site-packages/airflow/example_dags/example_latest_only.py
[2026-06-02T05:59:52.661+0000] {processor.py:840} INFO - DAG(s) 'latest_only' retrieved from /home/airflow/.local/lib/python3.11/site-packages/airflow/example_dags/example_latest_only.py
[2026-06-02T05:59:52.745+0000] {logging_mixin.py:188} INFO - [2026-06-02T05:59:52.745+0000] {dag.py:3096} INFO - Sync 1 DAGs
[2026-06-02T05:59:52.763+0000] {logging_mixin.py:188} INFO - [2026-06-02T05:59:52.762+0000] {dag.py:3954} INFO - Setting next_dagrun for latest_only to 2026-06-02 00:00:00+00:00, run_after=2026-06-02 04:00:00+00:00
[2026-06-02T05:59:52.790+0000] {processor.py:183} INFO - Processing /home/airflow/.local/lib/python3.11/site-packages/airflow/example_dags/example_latest_only.py took 0.142 seconds
[2026-06-02T06:00:23.523+0000] {processor.py:161} INFO - Started process (PID=907) to work on /home/airflow/.local/lib/python3.11/site-packages/airflow/example_dags/example_latest_only.py
[2026-06-02T06:00:23.524+0000] {processor.py:830} INFO - Processing file /home/airflow/.local/lib/python3.11/site-packages/airflow/example_dags/example_latest_only.py for tasks to queue
[2026-06-02T06:00:23.526+0000] {logging_mixin.py:188} INFO - [2026-06-02T06:00:23.526+0000] {dagbag.py:545} INFO - Filling up the DagBag from /home/airflow/.local/lib/python3.11/site-packages/airflow/example_dags/example_latest_only.py
[2026-06-02T06:00:23.532+0000] {processor.py:840} INFO - DAG(s) 'latest_only' retrieved from /home/airflow/.local/lib/python3.11/site-packages/airflow/example_dags/example_latest_only.py
[2026-06-02T06:00:23.551+0000] {logging_mixin.py:188} INFO - [2026-06-02T06:00:23.550+0000] {dag.py:3096} INFO - Sync 1 DAGs
[2026-06-02T06:00:23.575+0000] {logging_mixin.py:188} INFO - [2026-06-02T06:00:23.575+0000] {dag.py:3954} INFO - Setting next_dagrun for latest_only to 2026-06-02 00:00:00+00:00, run_after=2026-06-02 04:00:00+00:00
[2026-06-02T06:00:23.602+0000] {processor.py:183} INFO - Processing /home/airflow/.local/lib/python3.11/site-packages/airflow/example_dags/example_latest_only.py took 0.084 seconds
[2026-06-02T06:01:33.621+0000] {processor.py:161} INFO - Started process (PID=357) to work on /home/airflow/.local/lib/python3.11/site-packages/airflow/example_dags/example_latest_only.py
[2026-06-02T06:01:33.623+0000] {processor.py:830} INFO - Processing file /home/airflow/.local/lib/python3.11/site-packages/airflow/example_dags/example_latest_only.py for tasks to queue
[2026-06-02T06:01:33.625+0000] {logging_mixin.py:188} INFO - [2026-06-02T06:01:33.625+0000] {dagbag.py:545} INFO - Filling up the DagBag from /home/airflow/.local/lib/python3.11/site-packages/airflow/example_dags/example_latest_only.py
[2026-06-02T06:01:33.635+0000] {processor.py:840} INFO - DAG(s) 'latest_only' retrieved from /home/airflow/.local/lib/python3.11/site-packages/airflow/example_dags/example_latest_only.py
[2026-06-02T06:01:33.652+0000] {logging_mixin.py:188} INFO - [2026-06-02T06:01:33.652+0000] {dag.py:3096} INFO - Sync 1 DAGs
[2026-06-02T06:01:33.679+0000] {logging_mixin.py:188} INFO - [2026-06-02T06:01:33.678+0000] {dag.py:3954} INFO - Setting next_dagrun for latest_only to 2026-06-02 00:00:00+00:00, run_after=2026-06-02 04:00:00+00:00
[2026-06-02T06:01:33.704+0000] {processor.py:183} INFO - Processing /home/airflow/.local/lib/python3.11/site-packages/airflow/example_dags/example_latest_only.py took 0.093 seconds
[2026-06-02T06:02:04.612+0000] {processor.py:161} INFO - Started process (PID=631) to work on /home/airflow/.local/lib/python3.11/site-packages/airflow/example_dags/example_latest_only.py
[2026-06-02T06:02:04.615+0000] {processor.py:830} INFO - Processing file /home/airflow/.local/lib/python3.11/site-packages/airflow/example_dags/example_latest_only.py for tasks to queue
[2026-06-02T06:02:04.618+0000] {logging_mixin.py:188} INFO - [2026-06-02T06:02:04.618+0000] {dagbag.py:545} INFO - Filling up the DagBag from /home/airflow/.local/lib/python3.11/site-packages/airflow/example_dags/example_latest_only.py
[2026-06-02T06:02:04.623+0000] {processor.py:840} INFO - DAG(s) 'latest_only' retrieved from /home/airflow/.local/lib/python3.11/site-packages/airflow/example_dags/example_latest_only.py
[2026-06-02T06:02:04.748+0000] {logging_mixin.py:188} INFO - [2026-06-02T06:02:04.748+0000] {dag.py:3096} INFO - Sync 1 DAGs
[2026-06-02T06:02:04.768+0000] {logging_mixin.py:188} INFO - [2026-06-02T06:02:04.768+0000] {dag.py:3954} INFO - Setting next_dagrun for latest_only to 2026-06-02 00:00:00+00:00, run_after=2026-06-02 04:00:00+00:00
[2026-06-02T06:02:04.795+0000] {processor.py:183} INFO - Processing /home/airflow/.local/lib/python3.11/site-packages/airflow/example_dags/example_latest_only.py took 0.197 seconds
[2026-06-02T06:02:35.535+0000] {processor.py:161} INFO - Started process (PID=907) to work on /home/airflow/.local/lib/python3.11/site-packages/airflow/example_dags/example_latest_only.py
[2026-06-02T06:02:35.537+0000] {processor.py:830} INFO - Processing file /home/airflow/.local/lib/python3.11/site-packages/airflow/example_dags/example_latest_only.py for tasks to queue
[2026-06-02T06:02:35.538+0000] {logging_mixin.py:188} INFO - [2026-06-02T06:02:35.538+0000] {dagbag.py:545} INFO - Filling up the DagBag from /home/airflow/.local/lib/python3.11/site-packages/airflow/example_dags/example_latest_only.py
[2026-06-02T06:02:35.545+0000] {processor.py:840} INFO - DAG(s) 'latest_only' retrieved from /home/airflow/.local/lib/python3.11/site-packages/airflow/example_dags/example_latest_only.py
[2026-06-02T06:02:35.567+0000] {logging_mixin.py:188} INFO - [2026-06-02T06:02:35.566+0000] {dag.py:3096} INFO - Sync 1 DAGs
[2026-06-02T06:02:35.590+0000] {logging_mixin.py:188} INFO - [2026-06-02T06:02:35.589+0000] {dag.py:3954} INFO - Setting next_dagrun for latest_only to 2026-06-02 00:00:00+00:00, run_after=2026-06-02 04:00:00+00:00
[2026-06-02T06:02:35.620+0000] {processor.py:183} INFO - Processing /home/airflow/.local/lib/python3.11/site-packages/airflow/example_dags/example_latest_only.py took 0.093 seconds
[2026-06-02T06:03:05.680+0000] {processor.py:161} INFO - Started process (PID=1193) to work on /home/airflow/.local/lib/python3.11/site-packages/airflow/example_dags/example_latest_only.py
[2026-06-02T06:03:05.681+0000] {processor.py:830} INFO - Processing file /home/airflow/.local/lib/python3.11/site-packages/airflow/example_dags/example_latest_only.py for tasks to queue
[2026-06-02T06:03:05.682+0000] {logging_mixin.py:188} INFO - [2026-06-02T06:03:05.682+0000] {dagbag.py:545} INFO - Filling up the DagBag from /home/airflow/.local/lib/python3.11/site-packages/airflow/example_dags/example_latest_only.py
[2026-06-02T06:03:05.687+0000] {processor.py:840} INFO - DAG(s) 'latest_only' retrieved from /home/airflow/.local/lib/python3.11/site-packages/airflow/example_dags/example_latest_only.py
[2026-06-02T06:03:05.706+0000] {logging_mixin.py:188} INFO - [2026-06-02T06:03:05.706+0000] {dag.py:3096} INFO - Sync 1 DAGs
[2026-06-02T06:03:05.722+0000] {logging_mixin.py:188} INFO - [2026-06-02T06:03:05.722+0000] {dag.py:3954} INFO - Setting next_dagrun for latest_only to 2026-06-02 00:00:00+00:00, run_after=2026-06-02 04:00:00+00:00
[2026-06-02T06:03:05.750+0000] {processor.py:183} INFO - Processing /home/airflow/.local/lib/python3.11/site-packages/airflow/example_dags/example_latest_only.py took 0.076 seconds
[2026-06-02T06:03:35.799+0000] {processor.py:161} INFO - Started process (PID=1492) to work on /home/airflow/.local/lib/python3.11/site-packages/airflow/example_dags/example_latest_only.py
[2026-06-02T06:03:35.800+0000] {processor.py:830} INFO - Processing file /home/airflow/.local/lib/python3.11/site-packages/airflow/example_dags/example_latest_only.py for tasks to queue
[2026-06-02T06:03:35.802+0000] {logging_mixin.py:188} INFO - [2026-06-02T06:03:35.802+0000] {dagbag.py:545} INFO - Filling up the DagBag from /home/airflow/.local/lib/python3.11/site-packages/airflow/example_dags/example_latest_only.py
[2026-06-02T06:03:35.807+0000] {processor.py:840} INFO - DAG(s) 'latest_only' retrieved from /home/airflow/.local/lib/python3.11/site-packages/airflow/example_dags/example_latest_only.py
[2026-06-02T06:03:35.825+0000] {logging_mixin.py:188} INFO - [2026-06-02T06:03:35.824+0000] {dag.py:3096} INFO - Sync 1 DAGs
[2026-06-02T06:03:35.842+0000] {logging_mixin.py:188} INFO - [2026-06-02T06:03:35.842+0000] {dag.py:3954} INFO - Setting next_dagrun for latest_only to 2026-06-02 00:00:00+00:00, run_after=2026-06-02 04:00:00+00:00
[2026-06-02T06:03:35.868+0000] {processor.py:183} INFO - Processing /home/airflow/.local/lib/python3.11/site-packages/airflow/example_dags/example_latest_only.py took 0.074 seconds
[2026-06-02T06:04:06.294+0000] {processor.py:161} INFO - Started process (PID=1779) to work on /home/airflow/.local/lib/python3.11/site-packages/airflow/example_dags/example_latest_only.py
[2026-06-02T06:04:06.296+0000] {processor.py:830} INFO - Processing file /home/airflow/.local/lib/python3.11/site-packages/airflow/example_dags/example_latest_only.py for tasks to queue
[2026-06-02T06:04:06.298+0000] {logging_mixin.py:188} INFO - [2026-06-02T06:04:06.298+0000] {dagbag.py:545} INFO - Filling up the DagBag from /home/airflow/.local/lib/python3.11/site-packages/airflow/example_dags/example_latest_only.py
[2026-06-02T06:04:06.304+0000] {processor.py:840} INFO - DAG(s) 'latest_only' retrieved from /home/airflow/.local/lib/python3.11/site-packages/airflow/example_dags/example_latest_only.py
[2026-06-02T06:04:06.330+0000] {logging_mixin.py:188} INFO - [2026-06-02T06:04:06.329+0000] {dag.py:3096} INFO - Sync 1 DAGs
[2026-06-02T06:04:06.352+0000] {logging_mixin.py:188} INFO - [2026-06-02T06:04:06.351+0000] {dag.py:3954} INFO - Setting next_dagrun for latest_only to 2026-06-02 00:00:00+00:00, run_after=2026-06-02 04:00:00+00:00
[2026-06-02T06:04:06.387+0000] {processor.py:183} INFO - Processing /home/airflow/.local/lib/python3.11/site-packages/airflow/example_dags/example_latest_only.py took 0.101 seconds
[2026-06-02T06:04:37.466+0000] {processor.py:161} INFO - Started process (PID=2064) to work on /home/airflow/.local/lib/python3.11/site-packages/airflow/example_dags/example_latest_only.py
[2026-06-02T06:04:37.467+0000] {processor.py:830} INFO - Processing file /home/airflow/.local/lib/python3.11/site-packages/airflow/example_dags/example_latest_only.py for tasks to queue
[2026-06-02T06:04:37.470+0000] {logging_mixin.py:188} INFO - [2026-06-02T06:04:37.470+0000] {dagbag.py:545} INFO - Filling up the DagBag from /home/airflow/.local/lib/python3.11/site-packages/airflow/example_dags/example_latest_only.py
[2026-06-02T06:04:37.479+0000] {processor.py:840} INFO - DAG(s) 'latest_only' retrieved from /home/airflow/.local/lib/python3.11/site-packages/airflow/example_dags/example_latest_only.py
[2026-06-02T06:04:37.512+0000] {logging_mixin.py:188} INFO - [2026-06-02T06:04:37.512+0000] {dag.py:3096} INFO - Sync 1 DAGs
[2026-06-02T06:04:37.542+0000] {logging_mixin.py:188} INFO - [2026-06-02T06:04:37.541+0000] {dag.py:3954} INFO - Setting next_dagrun for latest_only to 2026-06-02 00:00:00+00:00, run_after=2026-06-02 04:00:00+00:00
[2026-06-02T06:04:37.568+0000] {processor.py:183} INFO - Processing /home/airflow/.local/lib/python3.11/site-packages/airflow/example_dags/example_latest_only.py took 0.116 seconds
[2026-06-02T06:05:07.880+0000] {processor.py:161} INFO - Started process (PID=2341) to work on /home/airflow/.local/lib/python3.11/site-packages/airflow/example_dags/example_latest_only.py
[2026-06-02T06:05:07.881+0000] {processor.py:830} INFO - Processing file /home/airflow/.local/lib/python3.11/site-packages/airflow/example_dags/example_latest_only.py for tasks to queue
[2026-06-02T06:05:07.884+0000] {logging_mixin.py:188} INFO - [2026-06-02T06:05:07.883+0000] {dagbag.py:545} INFO - Filling up the DagBag from /home/airflow/.local/lib/python3.11/site-packages/airflow/example_dags/example_latest_only.py
[2026-06-02T06:05:07.889+0000] {processor.py:840} INFO - DAG(s) 'latest_only' retrieved from /home/airflow/.local/lib/python3.11/site-packages/airflow/example_dags/example_latest_only.py
[2026-06-02T06:05:07.919+0000] {logging_mixin.py:188} INFO - [2026-06-02T06:05:07.918+0000] {dag.py:3096} INFO - Sync 1 DAGs
[2026-06-02T06:05:07.945+0000] {logging_mixin.py:188} INFO - [2026-06-02T06:05:07.945+0000] {dag.py:3954} INFO - Setting next_dagrun for latest_only to 2026-06-02 00:00:00+00:00, run_after=2026-06-02 04:00:00+00:00
[2026-06-02T06:05:07.967+0000] {processor.py:183} INFO - Processing /home/airflow/.local/lib/python3.11/site-packages/airflow/example_dags/example_latest_only.py took 0.095 seconds
[2026-06-02T06:05:38.301+0000] {processor.py:161} INFO - Started process (PID=2626) to work on /home/airflow/.local/lib/python3.11/site-packages/airflow/example_dags/example_latest_only.py
[2026-06-02T06:05:38.302+0000] {processor.py:830} INFO - Processing file /home/airflow/.local/lib/python3.11/site-packages/airflow/example_dags/example_latest_only.py for tasks to queue
[2026-06-02T06:05:38.305+0000] {logging_mixin.py:188} INFO - [2026-06-02T06:05:38.305+0000] {dagbag.py:545} INFO - Filling up the DagBag from /home/airflow/.local/lib/python3.11/site-packages/airflow/example_dags/example_latest_only.py
[2026-06-02T06:05:38.312+0000] {processor.py:840} INFO - DAG(s) 'latest_only' retrieved from /home/airflow/.local/lib/python3.11/site-packages/airflow/example_dags/example_latest_only.py
[2026-06-02T06:05:38.335+0000] {logging_mixin.py:188} INFO - [2026-06-02T06:05:38.335+0000] {dag.py:3096} INFO - Sync 1 DAGs
[2026-06-02T06:05:38.359+0000] {logging_mixin.py:188} INFO - [2026-06-02T06:05:38.359+0000] {dag.py:3954} INFO - Setting next_dagrun for latest_only to 2026-06-02 00:00:00+00:00, run_after=2026-06-02 04:00:00+00:00
[2026-06-02T06:05:38.390+0000] {processor.py:183} INFO - Processing /home/airflow/.local/lib/python3.11/site-packages/airflow/example_dags/example_latest_only.py took 0.097 seconds
[2026-06-02T06:06:08.518+0000] {processor.py:161} INFO - Started process (PID=2900) to work on /home/airflow/.local/lib/python3.11/site-packages/airflow/example_dags/example_latest_only.py
[2026-06-02T06:06:08.519+0000] {processor.py:830} INFO - Processing file /home/airflow/.local/lib/python3.11/site-packages/airflow/example_dags/example_latest_only.py for tasks to queue
[2026-06-02T06:06:08.521+0000] {logging_mixin.py:188} INFO - [2026-06-02T06:06:08.521+0000] {dagbag.py:545} INFO - Filling up the DagBag from /home/airflow/.local/lib/python3.11/site-packages/airflow/example_dags/example_latest_only.py
[2026-06-02T06:06:08.528+0000] {processor.py:840} INFO - DAG(s) 'latest_only' retrieved from /home/airflow/.local/lib/python3.11/site-packages/airflow/example_dags/example_latest_only.py
[2026-06-02T06:06:08.554+0000] {logging_mixin.py:188} INFO - [2026-06-02T06:06:08.553+0000] {dag.py:3096} INFO - Sync 1 DAGs
[2026-06-02T06:06:08.582+0000] {logging_mixin.py:188} INFO - [2026-06-02T06:06:08.581+0000] {dag.py:3954} INFO - Setting next_dagrun for latest_only to 2026-06-02 00:00:00+00:00, run_after=2026-06-02 04:00:00+00:00
[2026-06-02T06:06:08.616+0000] {processor.py:183} INFO - Processing /home/airflow/.local/lib/python3.11/site-packages/airflow/example_dags/example_latest_only.py took 0.109 seconds
[2026-06-02T06:06:38.956+0000] {processor.py:161} INFO - Started process (PID=3178) to work on /home/airflow/.local/lib/python3.11/site-packages/airflow/example_dags/example_latest_only.py
[2026-06-02T06:06:38.957+0000] {processor.py:830} INFO - Processing file /home/airflow/.local/lib/python3.11/site-packages/airflow/example_dags/example_latest_only.py for tasks to queue
[2026-06-02T06:06:38.960+0000] {logging_mixin.py:188} INFO - [2026-06-02T06:06:38.959+0000] {dagbag.py:545} INFO - Filling up the DagBag from /home/airflow/.local/lib/python3.11/site-packages/airflow/example_dags/example_latest_only.py
[2026-06-02T06:06:38.966+0000] {processor.py:840} INFO - DAG(s) 'latest_only' retrieved from /home/airflow/.local/lib/python3.11/site-packages/airflow/example_dags/example_latest_only.py
[2026-06-02T06:06:38.989+0000] {logging_mixin.py:188} INFO - [2026-06-02T06:06:38.989+0000] {dag.py:3096} INFO - Sync 1 DAGs
[2026-06-02T06:06:39.012+0000] {logging_mixin.py:188} INFO - [2026-06-02T06:06:39.012+0000] {dag.py:3954} INFO - Setting next_dagrun for latest_only to 2026-06-02 00:00:00+00:00, run_after=2026-06-02 04:00:00+00:00
[2026-06-02T06:06:39.036+0000] {processor.py:183} INFO - Processing /home/airflow/.local/lib/python3.11/site-packages/airflow/example_dags/example_latest_only.py took 0.087 seconds
[2026-06-02T06:07:09.488+0000] {processor.py:161} INFO - Started process (PID=3466) to work on /home/airflow/.local/lib/python3.11/site-packages/airflow/example_dags/example_latest_only.py
[2026-06-02T06:07:09.489+0000] {processor.py:830} INFO - Processing file /home/airflow/.local/lib/python3.11/site-packages/airflow/example_dags/example_latest_only.py for tasks to queue
[2026-06-02T06:07:09.491+0000] {logging_mixin.py:188} INFO - [2026-06-02T06:07:09.490+0000] {dagbag.py:545} INFO - Filling up the DagBag from /home/airflow/.local/lib/python3.11/site-packages/airflow/example_dags/example_latest_only.py
[2026-06-02T06:07:09.496+0000] {processor.py:840} INFO - DAG(s) 'latest_only' retrieved from /home/airflow/.local/lib/python3.11/site-packages/airflow/example_dags/example_latest_only.py
[2026-06-02T06:07:09.517+0000] {logging_mixin.py:188} INFO - [2026-06-02T06:07:09.517+0000] {dag.py:3096} INFO - Sync 1 DAGs
[2026-06-02T06:07:09.536+0000] {logging_mixin.py:188} INFO - [2026-06-02T06:07:09.536+0000] {dag.py:3954} INFO - Setting next_dagrun for latest_only to 2026-06-02 00:00:00+00:00, run_after=2026-06-02 04:00:00+00:00
[2026-06-02T06:07:09.560+0000] {processor.py:183} INFO - Processing /home/airflow/.local/lib/python3.11/site-packages/airflow/example_dags/example_latest_only.py took 0.078 seconds
[2026-06-02T06:07:39.805+0000] {processor.py:161} INFO - Started process (PID=3744) to work on /home/airflow/.local/lib/python3.11/site-packages/airflow/example_dags/example_latest_only.py
[2026-06-02T06:07:39.807+0000] {processor.py:830} INFO - Processing file /home/airflow/.local/lib/python3.11/site-packages/airflow/example_dags/example_latest_only.py for tasks to queue
[2026-06-02T06:07:39.808+0000] {logging_mixin.py:188} INFO - [2026-06-02T06:07:39.808+0000] {dagbag.py:545} INFO - Filling up the DagBag from /home/airflow/.local/lib/python3.11/site-packages/airflow/example_dags/example_latest_only.py
[2026-06-02T06:07:39.813+0000] {processor.py:840} INFO - DAG(s) 'latest_only' retrieved from /home/airflow/.local/lib/python3.11/site-packages/airflow/example_dags/example_latest_only.py
[2026-06-02T06:07:39.830+0000] {logging_mixin.py:188} INFO - [2026-06-02T06:07:39.830+0000] {dag.py:3096} INFO - Sync 1 DAGs
[2026-06-02T06:07:39.848+0000] {logging_mixin.py:188} INFO - [2026-06-02T06:07:39.848+0000] {dag.py:3954} INFO - Setting next_dagrun for latest_only to 2026-06-02 00:00:00+00:00, run_after=2026-06-02 04:00:00+00:00
[2026-06-02T06:07:39.874+0000] {processor.py:183} INFO - Processing /home/airflow/.local/lib/python3.11/site-packages/airflow/example_dags/example_latest_only.py took 0.075 seconds
[2026-06-02T06:08:10.215+0000] {processor.py:161} INFO - Started process (PID=4020) to work on /home/airflow/.local/lib/python3.11/site-packages/airflow/example_dags/example_latest_only.py
[2026-06-02T06:08:10.216+0000] {processor.py:830} INFO - Processing file /home/airflow/.local/lib/python3.11/site-packages/airflow/example_dags/example_latest_only.py for tasks to queue
[2026-06-02T06:08:10.218+0000] {logging_mixin.py:188} INFO - [2026-06-02T06:08:10.218+0000] {dagbag.py:545} INFO - Filling up the DagBag from /home/airflow/.local/lib/python3.11/site-packages/airflow/example_dags/example_latest_only.py
[2026-06-02T06:08:10.223+0000] {processor.py:840} INFO - DAG(s) 'latest_only' retrieved from /home/airflow/.local/lib/python3.11/site-packages/airflow/example_dags/example_latest_only.py
[2026-06-02T06:08:10.240+0000] {logging_mixin.py:188} INFO - [2026-06-02T06:08:10.240+0000] {dag.py:3096} INFO - Sync 1 DAGs
[2026-06-02T06:08:10.257+0000] {logging_mixin.py:188} INFO - [2026-06-02T06:08:10.256+0000] {dag.py:3954} INFO - Setting next_dagrun for latest_only to 2026-06-02 00:00:00+00:00, run_after=2026-06-02 04:00:00+00:00
[2026-06-02T06:08:10.284+0000] {processor.py:183} INFO - Processing /home/airflow/.local/lib/python3.11/site-packages/airflow/example_dags/example_latest_only.py took 0.074 seconds
[2026-06-02T06:08:40.690+0000] {processor.py:161} INFO - Started process (PID=4296) to work on /home/airflow/.local/lib/python3.11/site-packages/airflow/example_dags/example_latest_only.py
[2026-06-02T06:08:40.691+0000] {processor.py:830} INFO - Processing file /home/airflow/.local/lib/python3.11/site-packages/airflow/example_dags/example_latest_only.py for tasks to queue
[2026-06-02T06:08:40.693+0000] {logging_mixin.py:188} INFO - [2026-06-02T06:08:40.692+0000] {dagbag.py:545} INFO - Filling up the DagBag from /home/airflow/.local/lib/python3.11/site-packages/airflow/example_dags/example_latest_only.py
[2026-06-02T06:08:40.698+0000] {processor.py:840} INFO - DAG(s) 'latest_only' retrieved from /home/airflow/.local/lib/python3.11/site-packages/airflow/example_dags/example_latest_only.py
[2026-06-02T06:08:40.719+0000] {logging_mixin.py:188} INFO - [2026-06-02T06:08:40.719+0000] {dag.py:3096} INFO - Sync 1 DAGs
[2026-06-02T06:08:40.739+0000] {logging_mixin.py:188} INFO - [2026-06-02T06:08:40.739+0000] {dag.py:3954} INFO - Setting next_dagrun for latest_only to 2026-06-02 00:00:00+00:00, run_after=2026-06-02 04:00:00+00:00
[2026-06-02T06:08:40.768+0000] {processor.py:183} INFO - Processing /home/airflow/.local/lib/python3.11/site-packages/airflow/example_dags/example_latest_only.py took 0.084 seconds
[2026-06-02T06:09:11.107+0000] {processor.py:161} INFO - Started process (PID=4570) to work on /home/airflow/.local/lib/python3.11/site-packages/airflow/example_dags/example_latest_only.py
[2026-06-02T06:09:11.108+0000] {processor.py:830} INFO - Processing file /home/airflow/.local/lib/python3.11/site-packages/airflow/example_dags/example_latest_only.py for tasks to queue
[2026-06-02T06:09:11.110+0000] {logging_mixin.py:188} INFO - [2026-06-02T06:09:11.109+0000] {dagbag.py:545} INFO - Filling up the DagBag from /home/airflow/.local/lib/python3.11/site-packages/airflow/example_dags/example_latest_only.py
[2026-06-02T06:09:11.114+0000] {processor.py:840} INFO - DAG(s) 'latest_only' retrieved from /home/airflow/.local/lib/python3.11/site-packages/airflow/example_dags/example_latest_only.py
[2026-06-02T06:09:11.135+0000] {logging_mixin.py:188} INFO - [2026-06-02T06:09:11.135+0000] {dag.py:3096} INFO - Sync 1 DAGs
[2026-06-02T06:09:11.157+0000] {logging_mixin.py:188} INFO - [2026-06-02T06:09:11.156+0000] {dag.py:3954} INFO - Setting next_dagrun for latest_only to 2026-06-02 00:00:00+00:00, run_after=2026-06-02 04:00:00+00:00
[2026-06-02T06:09:11.181+0000] {processor.py:183} INFO - Processing /home/airflow/.local/lib/python3.11/site-packages/airflow/example_dags/example_latest_only.py took 0.080 seconds
[2026-06-02T06:09:41.915+0000] {processor.py:161} INFO - Started process (PID=4846) to work on /home/airflow/.local/lib/python3.11/site-packages/airflow/example_dags/example_latest_only.py
[2026-06-02T06:09:41.916+0000] {processor.py:830} INFO - Processing file /home/airflow/.local/lib/python3.11/site-packages/airflow/example_dags/example_latest_only.py for tasks to queue
[2026-06-02T06:09:41.918+0000] {logging_mixin.py:188} INFO - [2026-06-02T06:09:41.918+0000] {dagbag.py:545} INFO - Filling up the DagBag from /home/airflow/.local/lib/python3.11/site-packages/airflow/example_dags/example_latest_only.py
[2026-06-02T06:09:41.923+0000] {processor.py:840} INFO - DAG(s) 'latest_only' retrieved from /home/airflow/.local/lib/python3.11/site-packages/airflow/example_dags/example_latest_only.py
[2026-06-02T06:09:41.943+0000] {logging_mixin.py:188} INFO - [2026-06-02T06:09:41.943+0000] {dag.py:3096} INFO - Sync 1 DAGs
[2026-06-02T06:09:41.962+0000] {logging_mixin.py:188} INFO - [2026-06-02T06:09:41.962+0000] {dag.py:3954} INFO - Setting next_dagrun for latest_only to 2026-06-02 00:00:00+00:00, run_after=2026-06-02 04:00:00+00:00
[2026-06-02T06:09:41.984+0000] {processor.py:183} INFO - Processing /home/airflow/.local/lib/python3.11/site-packages/airflow/example_dags/example_latest_only.py took 0.074 seconds
[2026-06-02T06:10:12.271+0000] {processor.py:161} INFO - Started process (PID=5119) to work on /home/airflow/.local/lib/python3.11/site-packages/airflow/example_dags/example_latest_only.py
[2026-06-02T06:10:12.272+0000] {processor.py:830} INFO - Processing file /home/airflow/.local/lib/python3.11/site-packages/airflow/example_dags/example_latest_only.py for tasks to queue
[2026-06-02T06:10:12.274+0000] {logging_mixin.py:188} INFO - [2026-06-02T06:10:12.274+0000] {dagbag.py:545} INFO - Filling up the DagBag from /home/airflow/.local/lib/python3.11/site-packages/airflow/example_dags/example_latest_only.py
[2026-06-02T06:10:12.279+0000] {processor.py:840} INFO - DAG(s) 'latest_only' retrieved from /home/airflow/.local/lib/python3.11/site-packages/airflow/example_dags/example_latest_only.py
[2026-06-02T06:10:12.297+0000] {logging_mixin.py:188} INFO - [2026-06-02T06:10:12.297+0000] {dag.py:3096} INFO - Sync 1 DAGs
[2026-06-02T06:10:12.319+0000] {logging_mixin.py:188} INFO - [2026-06-02T06:10:12.319+0000] {dag.py:3954} INFO - Setting next_dagrun for latest_only to 2026-06-02 00:00:00+00:00, run_after=2026-06-02 04:00:00+00:00
[2026-06-02T06:10:12.345+0000] {processor.py:183} INFO - Processing /home/airflow/.local/lib/python3.11/site-packages/airflow/example_dags/example_latest_only.py took 0.081 seconds
[2026-06-02T06:10:42.462+0000] {processor.py:161} INFO - Started process (PID=5393) to work on /home/airflow/.local/lib/python3.11/site-packages/airflow/example_dags/example_latest_only.py
[2026-06-02T06:10:42.463+0000] {processor.py:830} INFO - Processing file /home/airflow/.local/lib/python3.11/site-packages/airflow/example_dags/example_latest_only.py for tasks to queue
[2026-06-02T06:10:42.465+0000] {logging_mixin.py:188} INFO - [2026-06-02T06:10:42.464+0000] {dagbag.py:545} INFO - Filling up the DagBag from /home/airflow/.local/lib/python3.11/site-packages/airflow/example_dags/example_latest_only.py
[2026-06-02T06:10:42.469+0000] {processor.py:840} INFO - DAG(s) 'latest_only' retrieved from /home/airflow/.local/lib/python3.11/site-packages/airflow/example_dags/example_latest_only.py
[2026-06-02T06:10:42.488+0000] {logging_mixin.py:188} INFO - [2026-06-02T06:10:42.488+0000] {dag.py:3096} INFO - Sync 1 DAGs
[2026-06-02T06:10:42.506+0000] {logging_mixin.py:188} INFO - [2026-06-02T06:10:42.506+0000] {dag.py:3954} INFO - Setting next_dagrun for latest_only to 2026-06-02 00:00:00+00:00, run_after=2026-06-02 04:00:00+00:00
[2026-06-02T06:10:42.533+0000] {processor.py:183} INFO - Processing /home/airflow/.local/lib/python3.11/site-packages/airflow/example_dags/example_latest_only.py took 0.076 seconds
[2026-06-02T06:11:13.009+0000] {processor.py:161} INFO - Started process (PID=5676) to work on /home/airflow/.local/lib/python3.11/site-packages/airflow/example_dags/example_latest_only.py
[2026-06-02T06:11:13.010+0000] {processor.py:830} INFO - Processing file /home/airflow/.local/lib/python3.11/site-packages/airflow/example_dags/example_latest_only.py for tasks to queue
[2026-06-02T06:11:13.012+0000] {logging_mixin.py:188} INFO - [2026-06-02T06:11:13.011+0000] {dagbag.py:545} INFO - Filling up the DagBag from /home/airflow/.local/lib/python3.11/site-packages/airflow/example_dags/example_latest_only.py
[2026-06-02T06:11:13.016+0000] {processor.py:840} INFO - DAG(s) 'latest_only' retrieved from /home/airflow/.local/lib/python3.11/site-packages/airflow/example_dags/example_latest_only.py
[2026-06-02T06:11:13.036+0000] {logging_mixin.py:188} INFO - [2026-06-02T06:11:13.035+0000] {dag.py:3096} INFO - Sync 1 DAGs
[2026-06-02T06:11:13.055+0000] {logging_mixin.py:188} INFO - [2026-06-02T06:11:13.054+0000] {dag.py:3954} INFO - Setting next_dagrun for latest_only to 2026-06-02 00:00:00+00:00, run_after=2026-06-02 04:00:00+00:00
[2026-06-02T06:11:13.087+0000] {processor.py:183} INFO - Processing /home/airflow/.local/lib/python3.11/site-packages/airflow/example_dags/example_latest_only.py took 0.086 seconds
[2026-06-02T06:11:43.381+0000] {processor.py:161} INFO - Started process (PID=5950) to work on /home/airflow/.local/lib/python3.11/site-packages/airflow/example_dags/example_latest_only.py
[2026-06-02T06:11:43.382+0000] {processor.py:830} INFO - Processing file /home/airflow/.local/lib/python3.11/site-packages/airflow/example_dags/example_latest_only.py for tasks to queue
[2026-06-02T06:11:43.384+0000] {logging_mixin.py:188} INFO - [2026-06-02T06:11:43.384+0000] {dagbag.py:545} INFO - Filling up the DagBag from /home/airflow/.local/lib/python3.11/site-packages/airflow/example_dags/example_latest_only.py
[2026-06-02T06:11:43.389+0000] {processor.py:840} INFO - DAG(s) 'latest_only' retrieved from /home/airflow/.local/lib/python3.11/site-packages/airflow/example_dags/example_latest_only.py
[2026-06-02T06:11:43.410+0000] {logging_mixin.py:188} INFO - [2026-06-02T06:11:43.409+0000] {dag.py:3096} INFO - Sync 1 DAGs
[2026-06-02T06:11:43.431+0000] {logging_mixin.py:188} INFO - [2026-06-02T06:11:43.431+0000] {dag.py:3954} INFO - Setting next_dagrun for latest_only to 2026-06-02 00:00:00+00:00, run_after=2026-06-02 04:00:00+00:00
[2026-06-02T06:11:43.450+0000] {processor.py:183} INFO - Processing /home/airflow/.local/lib/python3.11/site-packages/airflow/example_dags/example_latest_only.py took 0.075 seconds
[2026-06-02T06:12:13.784+0000] {processor.py:161} INFO - Started process (PID=6228) to work on /home/airflow/.local/lib/python3.11/site-packages/airflow/example_dags/example_latest_only.py
[2026-06-02T06:12:13.785+0000] {processor.py:830} INFO - Processing file /home/airflow/.local/lib/python3.11/site-packages/airflow/example_dags/example_latest_only.py for tasks to queue
[2026-06-02T06:12:13.787+0000] {logging_mixin.py:188} INFO - [2026-06-02T06:12:13.786+0000] {dagbag.py:545} INFO - Filling up the DagBag from /home/airflow/.local/lib/python3.11/site-packages/airflow/example_dags/example_latest_only.py
[2026-06-02T06:12:13.791+0000] {processor.py:840} INFO - DAG(s) 'latest_only' retrieved from /home/airflow/.local/lib/python3.11/site-packages/airflow/example_dags/example_latest_only.py
[2026-06-02T06:12:13.809+0000] {logging_mixin.py:188} INFO - [2026-06-02T06:12:13.809+0000] {dag.py:3096} INFO - Sync 1 DAGs
[2026-06-02T06:12:13.826+0000] {logging_mixin.py:188} INFO - [2026-06-02T06:12:13.826+0000] {dag.py:3954} INFO - Setting next_dagrun for latest_only to 2026-06-02 00:00:00+00:00, run_after=2026-06-02 04:00:00+00:00
[2026-06-02T06:12:13.853+0000] {processor.py:183} INFO - Processing /home/airflow/.local/lib/python3.11/site-packages/airflow/example_dags/example_latest_only.py took 0.074 seconds
[2026-06-02T06:12:44.448+0000] {processor.py:161} INFO - Started process (PID=6502) to work on /home/airflow/.local/lib/python3.11/site-packages/airflow/example_dags/example_latest_only.py
[2026-06-02T06:12:44.449+0000] {processor.py:830} INFO - Processing file /home/airflow/.local/lib/python3.11/site-packages/airflow/example_dags/example_latest_only.py for tasks to queue
[2026-06-02T06:12:44.450+0000] {logging_mixin.py:188} INFO - [2026-06-02T06:12:44.450+0000] {dagbag.py:545} INFO - Filling up the DagBag from /home/airflow/.local/lib/python3.11/site-packages/airflow/example_dags/example_latest_only.py
[2026-06-02T06:12:44.455+0000] {processor.py:840} INFO - DAG(s) 'latest_only' retrieved from /home/airflow/.local/lib/python3.11/site-packages/airflow/example_dags/example_latest_only.py
[2026-06-02T06:12:44.475+0000] {logging_mixin.py:188} INFO - [2026-06-02T06:12:44.475+0000] {dag.py:3096} INFO - Sync 1 DAGs
[2026-06-02T06:12:44.495+0000] {logging_mixin.py:188} INFO - [2026-06-02T06:12:44.495+0000] {dag.py:3954} INFO - Setting next_dagrun for latest_only to 2026-06-02 00:00:00+00:00, run_after=2026-06-02 04:00:00+00:00
[2026-06-02T06:12:44.515+0000] {processor.py:183} INFO - Processing /home/airflow/.local/lib/python3.11/site-packages/airflow/example_dags/example_latest_only.py took 0.073 seconds
[2026-06-02T06:13:14.718+0000] {processor.py:161} INFO - Started process (PID=6778) to work on /home/airflow/.local/lib/python3.11/site-packages/airflow/example_dags/example_latest_only.py
[2026-06-02T06:13:14.719+0000] {processor.py:830} INFO - Processing file /home/airflow/.local/lib/python3.11/site-packages/airflow/example_dags/example_latest_only.py for tasks to queue
[2026-06-02T06:13:14.721+0000] {logging_mixin.py:188} INFO - [2026-06-02T06:13:14.720+0000] {dagbag.py:545} INFO - Filling up the DagBag from /home/airflow/.local/lib/python3.11/site-packages/airflow/example_dags/example_latest_only.py
[2026-06-02T06:13:14.725+0000] {processor.py:840} INFO - DAG(s) 'latest_only' retrieved from /home/airflow/.local/lib/python3.11/site-packages/airflow/example_dags/example_latest_only.py
[2026-06-02T06:13:14.744+0000] {logging_mixin.py:188} INFO - [2026-06-02T06:13:14.743+0000] {dag.py:3096} INFO - Sync 1 DAGs
[2026-06-02T06:13:14.764+0000] {logging_mixin.py:188} INFO - [2026-06-02T06:13:14.764+0000] {dag.py:3954} INFO - Setting next_dagrun for latest_only to 2026-06-02 00:00:00+00:00, run_after=2026-06-02 04:00:00+00:00
[2026-06-02T06:13:14.782+0000] {processor.py:183} INFO - Processing /home/airflow/.local/lib/python3.11/site-packages/airflow/example_dags/example_latest_only.py took 0.070 seconds
[2026-06-02T06:13:45.011+0000] {processor.py:161} INFO - Started process (PID=7054) to work on /home/airflow/.local/lib/python3.11/site-packages/airflow/example_dags/example_latest_only.py
[2026-06-02T06:13:45.012+0000] {processor.py:830} INFO - Processing file /home/airflow/.local/lib/python3.11/site-packages/airflow/example_dags/example_latest_only.py for tasks to queue
[2026-06-02T06:13:45.014+0000] {logging_mixin.py:188} INFO - [2026-06-02T06:13:45.013+0000] {dagbag.py:545} INFO - Filling up the DagBag from /home/airflow/.local/lib/python3.11/site-packages/airflow/example_dags/example_latest_only.py
[2026-06-02T06:13:45.018+0000] {processor.py:840} INFO - DAG(s) 'latest_only' retrieved from /home/airflow/.local/lib/python3.11/site-packages/airflow/example_dags/example_latest_only.py
[2026-06-02T06:13:45.037+0000] {logging_mixin.py:188} INFO - [2026-06-02T06:13:45.037+0000] {dag.py:3096} INFO - Sync 1 DAGs
[2026-06-02T06:13:45.057+0000] {logging_mixin.py:188} INFO - [2026-06-02T06:13:45.057+0000] {dag.py:3954} INFO - Setting next_dagrun for latest_only to 2026-06-02 00:00:00+00:00, run_after=2026-06-02 04:00:00+00:00
[2026-06-02T06:13:45.073+0000] {processor.py:183} INFO - Processing /home/airflow/.local/lib/python3.11/site-packages/airflow/example_dags/example_latest_only.py took 0.068 seconds
[2026-06-02T06:14:16.023+0000] {processor.py:161} INFO - Started process (PID=7330) to work on /home/airflow/.local/lib/python3.11/site-packages/airflow/example_dags/example_latest_only.py
[2026-06-02T06:14:16.024+0000] {processor.py:830} INFO - Processing file /home/airflow/.local/lib/python3.11/site-packages/airflow/example_dags/example_latest_only.py for tasks to queue
[2026-06-02T06:14:16.025+0000] {logging_mixin.py:188} INFO - [2026-06-02T06:14:16.025+0000] {dagbag.py:545} INFO - Filling up the DagBag from /home/airflow/.local/lib/python3.11/site-packages/airflow/example_dags/example_latest_only.py
[2026-06-02T06:14:16.030+0000] {processor.py:840} INFO - DAG(s) 'latest_only' retrieved from /home/airflow/.local/lib/python3.11/site-packages/airflow/example_dags/example_latest_only.py
[2026-06-02T06:14:16.050+0000] {logging_mixin.py:188} INFO - [2026-06-02T06:14:16.050+0000] {dag.py:3096} INFO - Sync 1 DAGs
[2026-06-02T06:14:16.070+0000] {logging_mixin.py:188} INFO - [2026-06-02T06:14:16.070+0000] {dag.py:3954} INFO - Setting next_dagrun for latest_only to 2026-06-02 00:00:00+00:00, run_after=2026-06-02 04:00:00+00:00
[2026-06-02T06:14:16.090+0000] {processor.py:183} INFO - Processing /home/airflow/.local/lib/python3.11/site-packages/airflow/example_dags/example_latest_only.py took 0.073 seconds
[2026-06-02T06:14:47.009+0000] {processor.py:161} INFO - Started process (PID=7606) to work on /home/airflow/.local/lib/python3.11/site-packages/airflow/example_dags/example_latest_only.py
[2026-06-02T06:14:47.011+0000] {processor.py:830} INFO - Processing file /home/airflow/.local/lib/python3.11/site-packages/airflow/example_dags/example_latest_only.py for tasks to queue
[2026-06-02T06:14:47.013+0000] {logging_mixin.py:188} INFO - [2026-06-02T06:14:47.013+0000] {dagbag.py:545} INFO - Filling up the DagBag from /home/airflow/.local/lib/python3.11/site-packages/airflow/example_dags/example_latest_only.py
[2026-06-02T06:14:47.018+0000] {processor.py:840} INFO - DAG(s) 'latest_only' retrieved from /home/airflow/.local/lib/python3.11/site-packages/airflow/example_dags/example_latest_only.py
[2026-06-02T06:14:47.039+0000] {logging_mixin.py:188} INFO - [2026-06-02T06:14:47.039+0000] {dag.py:3096} INFO - Sync 1 DAGs
[2026-06-02T06:14:47.059+0000] {logging_mixin.py:188} INFO - [2026-06-02T06:14:47.059+0000] {dag.py:3954} INFO - Setting next_dagrun for latest_only to 2026-06-02 00:00:00+00:00, run_after=2026-06-02 04:00:00+00:00
[2026-06-02T06:14:47.077+0000] {processor.py:183} INFO - Processing /home/airflow/.local/lib/python3.11/site-packages/airflow/example_dags/example_latest_only.py took 0.073 seconds
[2026-06-02T06:15:18.281+0000] {processor.py:161} INFO - Started process (PID=7882) to work on /home/airflow/.local/lib/python3.11/site-packages/airflow/example_dags/example_latest_only.py
[2026-06-02T06:15:18.282+0000] {processor.py:830} INFO - Processing file /home/airflow/.local/lib/python3.11/site-packages/airflow/example_dags/example_latest_only.py for tasks to queue
[2026-06-02T06:15:18.284+0000] {logging_mixin.py:188} INFO - [2026-06-02T06:15:18.284+0000] {dagbag.py:545} INFO - Filling up the DagBag from /home/airflow/.local/lib/python3.11/site-packages/airflow/example_dags/example_latest_only.py
[2026-06-02T06:15:18.291+0000] {processor.py:840} INFO - DAG(s) 'latest_only' retrieved from /home/airflow/.local/lib/python3.11/site-packages/airflow/example_dags/example_latest_only.py
[2026-06-02T06:15:18.314+0000] {logging_mixin.py:188} INFO - [2026-06-02T06:15:18.314+0000] {dag.py:3096} INFO - Sync 1 DAGs
[2026-06-02T06:15:18.337+0000] {logging_mixin.py:188} INFO - [2026-06-02T06:15:18.337+0000] {dag.py:3954} INFO - Setting next_dagrun for latest_only to 2026-06-02 00:00:00+00:00, run_after=2026-06-02 04:00:00+00:00
[2026-06-02T06:15:18.356+0000] {processor.py:183} INFO - Processing /home/airflow/.local/lib/python3.11/site-packages/airflow/example_dags/example_latest_only.py took 0.083 seconds
[2026-06-02T06:15:49.350+0000] {processor.py:161} INFO - Started process (PID=8150) to work on /home/airflow/.local/lib/python3.11/site-packages/airflow/example_dags/example_latest_only.py
[2026-06-02T06:15:49.351+0000] {processor.py:830} INFO - Processing file /home/airflow/.local/lib/python3.11/site-packages/airflow/example_dags/example_latest_only.py for tasks to queue
[2026-06-02T06:15:49.353+0000] {logging_mixin.py:188} INFO - [2026-06-02T06:15:49.353+0000] {dagbag.py:545} INFO - Filling up the DagBag from /home/airflow/.local/lib/python3.11/site-packages/airflow/example_dags/example_latest_only.py
[2026-06-02T06:15:49.359+0000] {processor.py:840} INFO - DAG(s) 'latest_only' retrieved from /home/airflow/.local/lib/python3.11/site-packages/airflow/example_dags/example_latest_only.py
[2026-06-02T06:15:49.380+0000] {logging_mixin.py:188} INFO - [2026-06-02T06:15:49.379+0000] {dag.py:3096} INFO - Sync 1 DAGs
[2026-06-02T06:15:49.399+0000] {logging_mixin.py:188} INFO - [2026-06-02T06:15:49.399+0000] {dag.py:3954} INFO - Setting next_dagrun for latest_only to 2026-06-02 00:00:00+00:00, run_after=2026-06-02 04:00:00+00:00
[2026-06-02T06:15:49.431+0000] {processor.py:183} INFO - Processing /home/airflow/.local/lib/python3.11/site-packages/airflow/example_dags/example_latest_only.py took 0.087 seconds
[2026-06-02T06:16:19.485+0000] {processor.py:161} INFO - Started process (PID=8422) to work on /home/airflow/.local/lib/python3.11/site-packages/airflow/example_dags/example_latest_only.py
[2026-06-02T06:16:19.486+0000] {processor.py:830} INFO - Processing file /home/airflow/.local/lib/python3.11/site-packages/airflow/example_dags/example_latest_only.py for tasks to queue
[2026-06-02T06:16:19.489+0000] {logging_mixin.py:188} INFO - [2026-06-02T06:16:19.488+0000] {dagbag.py:545} INFO - Filling up the DagBag from /home/airflow/.local/lib/python3.11/site-packages/airflow/example_dags/example_latest_only.py
[2026-06-02T06:16:19.495+0000] {processor.py:840} INFO - DAG(s) 'latest_only' retrieved from /home/airflow/.local/lib/python3.11/site-packages/airflow/example_dags/example_latest_only.py
[2026-06-02T06:16:19.516+0000] {logging_mixin.py:188} INFO - [2026-06-02T06:16:19.516+0000] {dag.py:3096} INFO - Sync 1 DAGs
[2026-06-02T06:16:19.537+0000] {logging_mixin.py:188} INFO - [2026-06-02T06:16:19.537+0000] {dag.py:3954} INFO - Setting next_dagrun for latest_only to 2026-06-02 00:00:00+00:00, run_after=2026-06-02 04:00:00+00:00
[2026-06-02T06:16:19.568+0000] {processor.py:183} INFO - Processing /home/airflow/.local/lib/python3.11/site-packages/airflow/example_dags/example_latest_only.py took 0.089 seconds
[2026-06-02T06:16:49.633+0000] {processor.py:161} INFO - Started process (PID=8698) to work on /home/airflow/.local/lib/python3.11/site-packages/airflow/example_dags/example_latest_only.py
[2026-06-02T06:16:49.635+0000] {processor.py:830} INFO - Processing file /home/airflow/.local/lib/python3.11/site-packages/airflow/example_dags/example_latest_only.py for tasks to queue
[2026-06-02T06:16:49.636+0000] {logging_mixin.py:188} INFO - [2026-06-02T06:16:49.636+0000] {dagbag.py:545} INFO - Filling up the DagBag from /home/airflow/.local/lib/python3.11/site-packages/airflow/example_dags/example_latest_only.py
[2026-06-02T06:16:49.641+0000] {processor.py:840} INFO - DAG(s) 'latest_only' retrieved from /home/airflow/.local/lib/python3.11/site-packages/airflow/example_dags/example_latest_only.py
[2026-06-02T06:16:49.659+0000] {logging_mixin.py:188} INFO - [2026-06-02T06:16:49.658+0000] {dag.py:3096} INFO - Sync 1 DAGs
[2026-06-02T06:16:49.683+0000] {logging_mixin.py:188} INFO - [2026-06-02T06:16:49.682+0000] {dag.py:3954} INFO - Setting next_dagrun for latest_only to 2026-06-02 00:00:00+00:00, run_after=2026-06-02 04:00:00+00:00
[2026-06-02T06:16:49.706+0000] {processor.py:183} INFO - Processing /home/airflow/.local/lib/python3.11/site-packages/airflow/example_dags/example_latest_only.py took 0.078 seconds
[2026-06-02T06:17:19.872+0000] {processor.py:161} INFO - Started process (PID=8972) to work on /home/airflow/.local/lib/python3.11/site-packages/airflow/example_dags/example_latest_only.py
[2026-06-02T06:17:19.873+0000] {processor.py:830} INFO - Processing file /home/airflow/.local/lib/python3.11/site-packages/airflow/example_dags/example_latest_only.py for tasks to queue
[2026-06-02T06:17:19.875+0000] {logging_mixin.py:188} INFO - [2026-06-02T06:17:19.875+0000] {dagbag.py:545} INFO - Filling up the DagBag from /home/airflow/.local/lib/python3.11/site-packages/airflow/example_dags/example_latest_only.py
[2026-06-02T06:17:19.880+0000] {processor.py:840} INFO - DAG(s) 'latest_only' retrieved from /home/airflow/.local/lib/python3.11/site-packages/airflow/example_dags/example_latest_only.py
[2026-06-02T06:17:19.901+0000] {logging_mixin.py:188} INFO - [2026-06-02T06:17:19.901+0000] {dag.py:3096} INFO - Sync 1 DAGs
[2026-06-02T06:17:19.925+0000] {logging_mixin.py:188} INFO - [2026-06-02T06:17:19.925+0000] {dag.py:3954} INFO - Setting next_dagrun for latest_only to 2026-06-02 00:00:00+00:00, run_after=2026-06-02 04:00:00+00:00
[2026-06-02T06:17:19.949+0000] {processor.py:183} INFO - Processing /home/airflow/.local/lib/python3.11/site-packages/airflow/example_dags/example_latest_only.py took 0.083 seconds
[2026-06-02T06:17:50.383+0000] {processor.py:161} INFO - Started process (PID=9248) to work on /home/airflow/.local/lib/python3.11/site-packages/airflow/example_dags/example_latest_only.py
[2026-06-02T06:17:50.384+0000] {processor.py:830} INFO - Processing file /home/airflow/.local/lib/python3.11/site-packages/airflow/example_dags/example_latest_only.py for tasks to queue
[2026-06-02T06:17:50.385+0000] {logging_mixin.py:188} INFO - [2026-06-02T06:17:50.385+0000] {dagbag.py:545} INFO - Filling up the DagBag from /home/airflow/.local/lib/python3.11/site-packages/airflow/example_dags/example_latest_only.py
[2026-06-02T06:17:50.391+0000] {processor.py:840} INFO - DAG(s) 'latest_only' retrieved from /home/airflow/.local/lib/python3.11/site-packages/airflow/example_dags/example_latest_only.py
[2026-06-02T06:17:50.411+0000] {logging_mixin.py:188} INFO - [2026-06-02T06:17:50.411+0000] {dag.py:3096} INFO - Sync 1 DAGs
[2026-06-02T06:17:50.432+0000] {logging_mixin.py:188} INFO - [2026-06-02T06:17:50.432+0000] {dag.py:3954} INFO - Setting next_dagrun for latest_only to 2026-06-02 00:00:00+00:00, run_after=2026-06-02 04:00:00+00:00
[2026-06-02T06:17:50.450+0000] {processor.py:183} INFO - Processing /home/airflow/.local/lib/python3.11/site-packages/airflow/example_dags/example_latest_only.py took 0.073 seconds
[2026-06-02T06:18:20.645+0000] {processor.py:161} INFO - Started process (PID=9525) to work on /home/airflow/.local/lib/python3.11/site-packages/airflow/example_dags/example_latest_only.py
[2026-06-02T06:18:20.646+0000] {processor.py:830} INFO - Processing file /home/airflow/.local/lib/python3.11/site-packages/airflow/example_dags/example_latest_only.py for tasks to queue
[2026-06-02T06:18:20.648+0000] {logging_mixin.py:188} INFO - [2026-06-02T06:18:20.647+0000] {dagbag.py:545} INFO - Filling up the DagBag from /home/airflow/.local/lib/python3.11/site-packages/airflow/example_dags/example_latest_only.py
[2026-06-02T06:18:20.652+0000] {processor.py:840} INFO - DAG(s) 'latest_only' retrieved from /home/airflow/.local/lib/python3.11/site-packages/airflow/example_dags/example_latest_only.py
[2026-06-02T06:18:20.671+0000] {logging_mixin.py:188} INFO - [2026-06-02T06:18:20.671+0000] {dag.py:3096} INFO - Sync 1 DAGs
[2026-06-02T06:18:20.693+0000] {logging_mixin.py:188} INFO - [2026-06-02T06:18:20.693+0000] {dag.py:3954} INFO - Setting next_dagrun for latest_only to 2026-06-02 00:00:00+00:00, run_after=2026-06-02 04:00:00+00:00
[2026-06-02T06:18:20.724+0000] {processor.py:183} INFO - Processing /home/airflow/.local/lib/python3.11/site-packages/airflow/example_dags/example_latest_only.py took 0.085 seconds
[2026-06-02T06:18:51.266+0000] {processor.py:161} INFO - Started process (PID=9801) to work on /home/airflow/.local/lib/python3.11/site-packages/airflow/example_dags/example_latest_only.py
[2026-06-02T06:18:51.268+0000] {processor.py:830} INFO - Processing file /home/airflow/.local/lib/python3.11/site-packages/airflow/example_dags/example_latest_only.py for tasks to queue
[2026-06-02T06:18:51.269+0000] {logging_mixin.py:188} INFO - [2026-06-02T06:18:51.269+0000] {dagbag.py:545} INFO - Filling up the DagBag from /home/airflow/.local/lib/python3.11/site-packages/airflow/example_dags/example_latest_only.py
[2026-06-02T06:18:51.275+0000] {processor.py:840} INFO - DAG(s) 'latest_only' retrieved from /home/airflow/.local/lib/python3.11/site-packages/airflow/example_dags/example_latest_only.py
[2026-06-02T06:18:51.293+0000] {logging_mixin.py:188} INFO - [2026-06-02T06:18:51.293+0000] {dag.py:3096} INFO - Sync 1 DAGs
[2026-06-02T06:18:51.316+0000] {logging_mixin.py:188} INFO - [2026-06-02T06:18:51.316+0000] {dag.py:3954} INFO - Setting next_dagrun for latest_only to 2026-06-02 00:00:00+00:00, run_after=2026-06-02 04:00:00+00:00
[2026-06-02T06:18:51.338+0000] {processor.py:183} INFO - Processing /home/airflow/.local/lib/python3.11/site-packages/airflow/example_dags/example_latest_only.py took 0.077 seconds
[2026-06-02T06:19:21.408+0000] {processor.py:161} INFO - Started process (PID=10072) to work on /home/airflow/.local/lib/python3.11/site-packages/airflow/example_dags/example_latest_only.py
[2026-06-02T06:19:21.409+0000] {processor.py:830} INFO - Processing file /home/airflow/.local/lib/python3.11/site-packages/airflow/example_dags/example_latest_only.py for tasks to queue
[2026-06-02T06:19:21.411+0000] {logging_mixin.py:188} INFO - [2026-06-02T06:19:21.411+0000] {dagbag.py:545} INFO - Filling up the DagBag from /home/airflow/.local/lib/python3.11/site-packages/airflow/example_dags/example_latest_only.py
[2026-06-02T06:19:21.415+0000] {processor.py:840} INFO - DAG(s) 'latest_only' retrieved from /home/airflow/.local/lib/python3.11/site-packages/airflow/example_dags/example_latest_only.py
[2026-06-02T06:19:21.436+0000] {logging_mixin.py:188} INFO - [2026-06-02T06:19:21.435+0000] {dag.py:3096} INFO - Sync 1 DAGs
[2026-06-02T06:19:21.457+0000] {logging_mixin.py:188} INFO - [2026-06-02T06:19:21.457+0000] {dag.py:3954} INFO - Setting next_dagrun for latest_only to 2026-06-02 00:00:00+00:00, run_after=2026-06-02 04:00:00+00:00
[2026-06-02T06:19:21.479+0000] {processor.py:183} INFO - Processing /home/airflow/.local/lib/python3.11/site-packages/airflow/example_dags/example_latest_only.py took 0.076 seconds
[2026-06-02T06:19:51.740+0000] {processor.py:161} INFO - Started process (PID=10348) to work on /home/airflow/.local/lib/python3.11/site-packages/airflow/example_dags/example_latest_only.py
[2026-06-02T06:19:51.741+0000] {processor.py:830} INFO - Processing file /home/airflow/.local/lib/python3.11/site-packages/airflow/example_dags/example_latest_only.py for tasks to queue
[2026-06-02T06:19:51.743+0000] {logging_mixin.py:188} INFO - [2026-06-02T06:19:51.742+0000] {dagbag.py:545} INFO - Filling up the DagBag from /home/airflow/.local/lib/python3.11/site-packages/airflow/example_dags/example_latest_only.py
[2026-06-02T06:19:51.748+0000] {processor.py:840} INFO - DAG(s) 'latest_only' retrieved from /home/airflow/.local/lib/python3.11/site-packages/airflow/example_dags/example_latest_only.py
[2026-06-02T06:19:51.773+0000] {logging_mixin.py:188} INFO - [2026-06-02T06:19:51.772+0000] {dag.py:3096} INFO - Sync 1 DAGs
[2026-06-02T06:19:51.798+0000] {logging_mixin.py:188} INFO - [2026-06-02T06:19:51.798+0000] {dag.py:3954} INFO - Setting next_dagrun for latest_only to 2026-06-02 00:00:00+00:00, run_after=2026-06-02 04:00:00+00:00
[2026-06-02T06:19:51.822+0000] {processor.py:183} INFO - Processing /home/airflow/.local/lib/python3.11/site-packages/airflow/example_dags/example_latest_only.py took 0.089 seconds
[2026-06-02T06:20:21.929+0000] {processor.py:161} INFO - Started process (PID=10624) to work on /home/airflow/.local/lib/python3.11/site-packages/airflow/example_dags/example_latest_only.py
[2026-06-02T06:20:21.930+0000] {processor.py:830} INFO - Processing file /home/airflow/.local/lib/python3.11/site-packages/airflow/example_dags/example_latest_only.py for tasks to queue
[2026-06-02T06:20:21.932+0000] {logging_mixin.py:188} INFO - [2026-06-02T06:20:21.932+0000] {dagbag.py:545} INFO - Filling up the DagBag from /home/airflow/.local/lib/python3.11/site-packages/airflow/example_dags/example_latest_only.py
[2026-06-02T06:20:21.937+0000] {processor.py:840} INFO - DAG(s) 'latest_only' retrieved from /home/airflow/.local/lib/python3.11/site-packages/airflow/example_dags/example_latest_only.py
[2026-06-02T06:20:21.959+0000] {logging_mixin.py:188} INFO - [2026-06-02T06:20:21.959+0000] {dag.py:3096} INFO - Sync 1 DAGs
[2026-06-02T06:20:21.989+0000] {logging_mixin.py:188} INFO - [2026-06-02T06:20:21.989+0000] {dag.py:3954} INFO - Setting next_dagrun for latest_only to 2026-06-02 00:00:00+00:00, run_after=2026-06-02 04:00:00+00:00
[2026-06-02T06:20:22.012+0000] {processor.py:183} INFO - Processing /home/airflow/.local/lib/python3.11/site-packages/airflow/example_dags/example_latest_only.py took 0.089 seconds
[2026-06-02T06:20:52.638+0000] {processor.py:161} INFO - Started process (PID=10900) to work on /home/airflow/.local/lib/python3.11/site-packages/airflow/example_dags/example_latest_only.py
[2026-06-02T06:20:52.639+0000] {processor.py:830} INFO - Processing file /home/airflow/.local/lib/python3.11/site-packages/airflow/example_dags/example_latest_only.py for tasks to queue
[2026-06-02T06:20:52.641+0000] {logging_mixin.py:188} INFO - [2026-06-02T06:20:52.641+0000] {dagbag.py:545} INFO - Filling up the DagBag from /home/airflow/.local/lib/python3.11/site-packages/airflow/example_dags/example_latest_only.py
[2026-06-02T06:20:52.646+0000] {processor.py:840} INFO - DAG(s) 'latest_only' retrieved from /home/airflow/.local/lib/python3.11/site-packages/airflow/example_dags/example_latest_only.py
[2026-06-02T06:20:52.668+0000] {logging_mixin.py:188} INFO - [2026-06-02T06:20:52.668+0000] {dag.py:3096} INFO - Sync 1 DAGs
[2026-06-02T06:20:52.687+0000] {logging_mixin.py:188} INFO - [2026-06-02T06:20:52.687+0000] {dag.py:3954} INFO - Setting next_dagrun for latest_only to 2026-06-02 00:00:00+00:00, run_after=2026-06-02 04:00:00+00:00
[2026-06-02T06:20:52.715+0000] {processor.py:183} INFO - Processing /home/airflow/.local/lib/python3.11/site-packages/airflow/example_dags/example_latest_only.py took 0.083 seconds
[2026-06-02T06:21:22.789+0000] {processor.py:161} INFO - Started process (PID=11176) to work on /home/airflow/.local/lib/python3.11/site-packages/airflow/example_dags/example_latest_only.py
[2026-06-02T06:21:22.790+0000] {processor.py:830} INFO - Processing file /home/airflow/.local/lib/python3.11/site-packages/airflow/example_dags/example_latest_only.py for tasks to queue
[2026-06-02T06:21:22.792+0000] {logging_mixin.py:188} INFO - [2026-06-02T06:21:22.791+0000] {dagbag.py:545} INFO - Filling up the DagBag from /home/airflow/.local/lib/python3.11/site-packages/airflow/example_dags/example_latest_only.py
[2026-06-02T06:21:22.797+0000] {processor.py:840} INFO - DAG(s) 'latest_only' retrieved from /home/airflow/.local/lib/python3.11/site-packages/airflow/example_dags/example_latest_only.py
[2026-06-02T06:21:22.819+0000] {logging_mixin.py:188} INFO - [2026-06-02T06:21:22.819+0000] {dag.py:3096} INFO - Sync 1 DAGs
[2026-06-02T06:21:22.840+0000] {logging_mixin.py:188} INFO - [2026-06-02T06:21:22.839+0000] {dag.py:3954} INFO - Setting next_dagrun for latest_only to 2026-06-02 00:00:00+00:00, run_after=2026-06-02 04:00:00+00:00
[2026-06-02T06:21:22.867+0000] {processor.py:183} INFO - Processing /home/airflow/.local/lib/python3.11/site-packages/airflow/example_dags/example_latest_only.py took 0.084 seconds
[2026-06-02T06:21:53.345+0000] {processor.py:161} INFO - Started process (PID=11452) to work on /home/airflow/.local/lib/python3.11/site-packages/airflow/example_dags/example_latest_only.py
[2026-06-02T06:21:53.346+0000] {processor.py:830} INFO - Processing file /home/airflow/.local/lib/python3.11/site-packages/airflow/example_dags/example_latest_only.py for tasks to queue
[2026-06-02T06:21:53.348+0000] {logging_mixin.py:188} INFO - [2026-06-02T06:21:53.347+0000] {dagbag.py:545} INFO - Filling up the DagBag from /home/airflow/.local/lib/python3.11/site-packages/airflow/example_dags/example_latest_only.py
[2026-06-02T06:21:53.355+0000] {processor.py:840} INFO - DAG(s) 'latest_only' retrieved from /home/airflow/.local/lib/python3.11/site-packages/airflow/example_dags/example_latest_only.py
[2026-06-02T06:21:53.377+0000] {logging_mixin.py:188} INFO - [2026-06-02T06:21:53.377+0000] {dag.py:3096} INFO - Sync 1 DAGs
[2026-06-02T06:21:53.395+0000] {logging_mixin.py:188} INFO - [2026-06-02T06:21:53.395+0000] {dag.py:3954} INFO - Setting next_dagrun for latest_only to 2026-06-02 00:00:00+00:00, run_after=2026-06-02 04:00:00+00:00
[2026-06-02T06:21:53.417+0000] {processor.py:183} INFO - Processing /home/airflow/.local/lib/python3.11/site-packages/airflow/example_dags/example_latest_only.py took 0.078 seconds
[2026-06-02T06:22:23.587+0000] {processor.py:161} INFO - Started process (PID=11728) to work on /home/airflow/.local/lib/python3.11/site-packages/airflow/example_dags/example_latest_only.py
[2026-06-02T06:22:23.588+0000] {processor.py:830} INFO - Processing file /home/airflow/.local/lib/python3.11/site-packages/airflow/example_dags/example_latest_only.py for tasks to queue
[2026-06-02T06:22:23.590+0000] {logging_mixin.py:188} INFO - [2026-06-02T06:22:23.589+0000] {dagbag.py:545} INFO - Filling up the DagBag from /home/airflow/.local/lib/python3.11/site-packages/airflow/example_dags/example_latest_only.py
[2026-06-02T06:22:23.594+0000] {processor.py:840} INFO - DAG(s) 'latest_only' retrieved from /home/airflow/.local/lib/python3.11/site-packages/airflow/example_dags/example_latest_only.py
[2026-06-02T06:22:23.614+0000] {logging_mixin.py:188} INFO - [2026-06-02T06:22:23.614+0000] {dag.py:3096} INFO - Sync 1 DAGs
[2026-06-02T06:22:23.632+0000] {logging_mixin.py:188} INFO - [2026-06-02T06:22:23.631+0000] {dag.py:3954} INFO - Setting next_dagrun for latest_only to 2026-06-02 00:00:00+00:00, run_after=2026-06-02 04:00:00+00:00
[2026-06-02T06:22:23.654+0000] {processor.py:183} INFO - Processing /home/airflow/.local/lib/python3.11/site-packages/airflow/example_dags/example_latest_only.py took 0.072 seconds
[2026-06-02T06:22:54.234+0000] {processor.py:161} INFO - Started process (PID=12004) to work on /home/airflow/.local/lib/python3.11/site-packages/airflow/example_dags/example_latest_only.py
[2026-06-02T06:22:54.234+0000] {processor.py:830} INFO - Processing file /home/airflow/.local/lib/python3.11/site-packages/airflow/example_dags/example_latest_only.py for tasks to queue
[2026-06-02T06:22:54.236+0000] {logging_mixin.py:188} INFO - [2026-06-02T06:22:54.236+0000] {dagbag.py:545} INFO - Filling up the DagBag from /home/airflow/.local/lib/python3.11/site-packages/airflow/example_dags/example_latest_only.py
[2026-06-02T06:22:54.242+0000] {processor.py:840} INFO - DAG(s) 'latest_only' retrieved from /home/airflow/.local/lib/python3.11/site-packages/airflow/example_dags/example_latest_only.py
[2026-06-02T06:22:54.263+0000] {logging_mixin.py:188} INFO - [2026-06-02T06:22:54.263+0000] {dag.py:3096} INFO - Sync 1 DAGs
[2026-06-02T06:22:54.283+0000] {logging_mixin.py:188} INFO - [2026-06-02T06:22:54.283+0000] {dag.py:3954} INFO - Setting next_dagrun for latest_only to 2026-06-02 00:00:00+00:00, run_after=2026-06-02 04:00:00+00:00
[2026-06-02T06:22:54.308+0000] {processor.py:183} INFO - Processing /home/airflow/.local/lib/python3.11/site-packages/airflow/example_dags/example_latest_only.py took 0.079 seconds
[2026-06-02T06:23:24.830+0000] {processor.py:161} INFO - Started process (PID=12280) to work on /home/airflow/.local/lib/python3.11/site-packages/airflow/example_dags/example_latest_only.py
[2026-06-02T06:23:24.831+0000] {processor.py:830} INFO - Processing file /home/airflow/.local/lib/python3.11/site-packages/airflow/example_dags/example_latest_only.py for tasks to queue
[2026-06-02T06:23:24.833+0000] {logging_mixin.py:188} INFO - [2026-06-02T06:23:24.833+0000] {dagbag.py:545} INFO - Filling up the DagBag from /home/airflow/.local/lib/python3.11/site-packages/airflow/example_dags/example_latest_only.py
[2026-06-02T06:23:24.838+0000] {processor.py:840} INFO - DAG(s) 'latest_only' retrieved from /home/airflow/.local/lib/python3.11/site-packages/airflow/example_dags/example_latest_only.py
[2026-06-02T06:23:24.857+0000] {logging_mixin.py:188} INFO - [2026-06-02T06:23:24.857+0000] {dag.py:3096} INFO - Sync 1 DAGs
[2026-06-02T06:23:24.876+0000] {logging_mixin.py:188} INFO - [2026-06-02T06:23:24.876+0000] {dag.py:3954} INFO - Setting next_dagrun for latest_only to 2026-06-02 00:00:00+00:00, run_after=2026-06-02 04:00:00+00:00
[2026-06-02T06:23:24.900+0000] {processor.py:183} INFO - Processing /home/airflow/.local/lib/python3.11/site-packages/airflow/example_dags/example_latest_only.py took 0.076 seconds
[2026-06-02T06:23:55.220+0000] {processor.py:161} INFO - Started process (PID=12557) to work on /home/airflow/.local/lib/python3.11/site-packages/airflow/example_dags/example_latest_only.py
[2026-06-02T06:23:55.221+0000] {processor.py:830} INFO - Processing file /home/airflow/.local/lib/python3.11/site-packages/airflow/example_dags/example_latest_only.py for tasks to queue
[2026-06-02T06:23:55.223+0000] {logging_mixin.py:188} INFO - [2026-06-02T06:23:55.223+0000] {dagbag.py:545} INFO - Filling up the DagBag from /home/airflow/.local/lib/python3.11/site-packages/airflow/example_dags/example_latest_only.py
[2026-06-02T06:23:55.228+0000] {processor.py:840} INFO - DAG(s) 'latest_only' retrieved from /home/airflow/.local/lib/python3.11/site-packages/airflow/example_dags/example_latest_only.py
[2026-06-02T06:23:55.249+0000] {logging_mixin.py:188} INFO - [2026-06-02T06:23:55.249+0000] {dag.py:3096} INFO - Sync 1 DAGs
[2026-06-02T06:23:55.270+0000] {logging_mixin.py:188} INFO - [2026-06-02T06:23:55.269+0000] {dag.py:3954} INFO - Setting next_dagrun for latest_only to 2026-06-02 00:00:00+00:00, run_after=2026-06-02 04:00:00+00:00
[2026-06-02T06:23:55.292+0000] {processor.py:183} INFO - Processing /home/airflow/.local/lib/python3.11/site-packages/airflow/example_dags/example_latest_only.py took 0.078 seconds
[2026-06-02T06:24:25.583+0000] {processor.py:161} INFO - Started process (PID=12833) to work on /home/airflow/.local/lib/python3.11/site-packages/airflow/example_dags/example_latest_only.py
[2026-06-02T06:24:25.584+0000] {processor.py:830} INFO - Processing file /home/airflow/.local/lib/python3.11/site-packages/airflow/example_dags/example_latest_only.py for tasks to queue
[2026-06-02T06:24:25.586+0000] {logging_mixin.py:188} INFO - [2026-06-02T06:24:25.586+0000] {dagbag.py:545} INFO - Filling up the DagBag from /home/airflow/.local/lib/python3.11/site-packages/airflow/example_dags/example_latest_only.py
[2026-06-02T06:24:25.591+0000] {processor.py:840} INFO - DAG(s) 'latest_only' retrieved from /home/airflow/.local/lib/python3.11/site-packages/airflow/example_dags/example_latest_only.py
[2026-06-02T06:24:25.611+0000] {logging_mixin.py:188} INFO - [2026-06-02T06:24:25.610+0000] {dag.py:3096} INFO - Sync 1 DAGs
[2026-06-02T06:24:25.630+0000] {logging_mixin.py:188} INFO - [2026-06-02T06:24:25.630+0000] {dag.py:3954} INFO - Setting next_dagrun for latest_only to 2026-06-02 00:00:00+00:00, run_after=2026-06-02 04:00:00+00:00
[2026-06-02T06:24:25.655+0000] {processor.py:183} INFO - Processing /home/airflow/.local/lib/python3.11/site-packages/airflow/example_dags/example_latest_only.py took 0.077 seconds
[2026-06-02T06:24:55.887+0000] {processor.py:161} INFO - Started process (PID=13109) to work on /home/airflow/.local/lib/python3.11/site-packages/airflow/example_dags/example_latest_only.py
[2026-06-02T06:24:55.888+0000] {processor.py:830} INFO - Processing file /home/airflow/.local/lib/python3.11/site-packages/airflow/example_dags/example_latest_only.py for tasks to queue
[2026-06-02T06:24:55.890+0000] {logging_mixin.py:188} INFO - [2026-06-02T06:24:55.889+0000] {dagbag.py:545} INFO - Filling up the DagBag from /home/airflow/.local/lib/python3.11/site-packages/airflow/example_dags/example_latest_only.py
[2026-06-02T06:24:55.897+0000] {processor.py:840} INFO - DAG(s) 'latest_only' retrieved from /home/airflow/.local/lib/python3.11/site-packages/airflow/example_dags/example_latest_only.py
[2026-06-02T06:24:55.916+0000] {logging_mixin.py:188} INFO - [2026-06-02T06:24:55.916+0000] {dag.py:3096} INFO - Sync 1 DAGs
[2026-06-02T06:24:55.936+0000] {logging_mixin.py:188} INFO - [2026-06-02T06:24:55.936+0000] {dag.py:3954} INFO - Setting next_dagrun for latest_only to 2026-06-02 00:00:00+00:00, run_after=2026-06-02 04:00:00+00:00
[2026-06-02T06:24:55.954+0000] {processor.py:183} INFO - Processing /home/airflow/.local/lib/python3.11/site-packages/airflow/example_dags/example_latest_only.py took 0.072 seconds
[2026-06-02T06:25:26.096+0000] {processor.py:161} INFO - Started process (PID=13385) to work on /home/airflow/.local/lib/python3.11/site-packages/airflow/example_dags/example_latest_only.py
[2026-06-02T06:25:26.097+0000] {processor.py:830} INFO - Processing file /home/airflow/.local/lib/python3.11/site-packages/airflow/example_dags/example_latest_only.py for tasks to queue
[2026-06-02T06:25:26.098+0000] {logging_mixin.py:188} INFO - [2026-06-02T06:25:26.098+0000] {dagbag.py:545} INFO - Filling up the DagBag from /home/airflow/.local/lib/python3.11/site-packages/airflow/example_dags/example_latest_only.py
[2026-06-02T06:25:26.103+0000] {processor.py:840} INFO - DAG(s) 'latest_only' retrieved from /home/airflow/.local/lib/python3.11/site-packages/airflow/example_dags/example_latest_only.py
[2026-06-02T06:25:26.125+0000] {logging_mixin.py:188} INFO - [2026-06-02T06:25:26.125+0000] {dag.py:3096} INFO - Sync 1 DAGs
[2026-06-02T06:25:26.142+0000] {logging_mixin.py:188} INFO - [2026-06-02T06:25:26.142+0000] {dag.py:3954} INFO - Setting next_dagrun for latest_only to 2026-06-02 00:00:00+00:00, run_after=2026-06-02 04:00:00+00:00
[2026-06-02T06:25:26.162+0000] {processor.py:183} INFO - Processing /home/airflow/.local/lib/python3.11/site-packages/airflow/example_dags/example_latest_only.py took 0.071 seconds
[2026-06-02T06:25:56.296+0000] {processor.py:161} INFO - Started process (PID=13661) to work on /home/airflow/.local/lib/python3.11/site-packages/airflow/example_dags/example_latest_only.py
[2026-06-02T06:25:56.297+0000] {processor.py:830} INFO - Processing file /home/airflow/.local/lib/python3.11/site-packages/airflow/example_dags/example_latest_only.py for tasks to queue
[2026-06-02T06:25:56.299+0000] {logging_mixin.py:188} INFO - [2026-06-02T06:25:56.299+0000] {dagbag.py:545} INFO - Filling up the DagBag from /home/airflow/.local/lib/python3.11/site-packages/airflow/example_dags/example_latest_only.py
[2026-06-02T06:25:56.304+0000] {processor.py:840} INFO - DAG(s) 'latest_only' retrieved from /home/airflow/.local/lib/python3.11/site-packages/airflow/example_dags/example_latest_only.py
[2026-06-02T06:25:56.323+0000] {logging_mixin.py:188} INFO - [2026-06-02T06:25:56.322+0000] {dag.py:3096} INFO - Sync 1 DAGs
[2026-06-02T06:25:56.341+0000] {logging_mixin.py:188} INFO - [2026-06-02T06:25:56.341+0000] {dag.py:3954} INFO - Setting next_dagrun for latest_only to 2026-06-02 00:00:00+00:00, run_after=2026-06-02 04:00:00+00:00
[2026-06-02T06:25:56.359+0000] {processor.py:183} INFO - Processing /home/airflow/.local/lib/python3.11/site-packages/airflow/example_dags/example_latest_only.py took 0.069 seconds
[2026-06-02T06:26:26.805+0000] {processor.py:161} INFO - Started process (PID=13937) to work on /home/airflow/.local/lib/python3.11/site-packages/airflow/example_dags/example_latest_only.py
[2026-06-02T06:26:26.806+0000] {processor.py:830} INFO - Processing file /home/airflow/.local/lib/python3.11/site-packages/airflow/example_dags/example_latest_only.py for tasks to queue
[2026-06-02T06:26:26.808+0000] {logging_mixin.py:188} INFO - [2026-06-02T06:26:26.807+0000] {dagbag.py:545} INFO - Filling up the DagBag from /home/airflow/.local/lib/python3.11/site-packages/airflow/example_dags/example_latest_only.py
[2026-06-02T06:26:26.813+0000] {processor.py:840} INFO - DAG(s) 'latest_only' retrieved from /home/airflow/.local/lib/python3.11/site-packages/airflow/example_dags/example_latest_only.py
[2026-06-02T06:26:26.832+0000] {logging_mixin.py:188} INFO - [2026-06-02T06:26:26.831+0000] {dag.py:3096} INFO - Sync 1 DAGs
[2026-06-02T06:26:26.850+0000] {logging_mixin.py:188} INFO - [2026-06-02T06:26:26.850+0000] {dag.py:3954} INFO - Setting next_dagrun for latest_only to 2026-06-02 00:00:00+00:00, run_after=2026-06-02 04:00:00+00:00
[2026-06-02T06:26:26.870+0000] {processor.py:183} INFO - Processing /home/airflow/.local/lib/python3.11/site-packages/airflow/example_dags/example_latest_only.py took 0.070 seconds
[2026-06-02T06:26:56.928+0000] {processor.py:161} INFO - Started process (PID=14213) to work on /home/airflow/.local/lib/python3.11/site-packages/airflow/example_dags/example_latest_only.py
[2026-06-02T06:26:56.931+0000] {processor.py:830} INFO - Processing file /home/airflow/.local/lib/python3.11/site-packages/airflow/example_dags/example_latest_only.py for tasks to queue
[2026-06-02T06:26:56.933+0000] {logging_mixin.py:188} INFO - [2026-06-02T06:26:56.933+0000] {dagbag.py:545} INFO - Filling up the DagBag from /home/airflow/.local/lib/python3.11/site-packages/airflow/example_dags/example_latest_only.py
[2026-06-02T06:26:56.939+0000] {processor.py:840} INFO - DAG(s) 'latest_only' retrieved from /home/airflow/.local/lib/python3.11/site-packages/airflow/example_dags/example_latest_only.py
[2026-06-02T06:26:56.959+0000] {logging_mixin.py:188} INFO - [2026-06-02T06:26:56.959+0000] {dag.py:3096} INFO - Sync 1 DAGs
[2026-06-02T06:26:56.979+0000] {logging_mixin.py:188} INFO - [2026-06-02T06:26:56.979+0000] {dag.py:3954} INFO - Setting next_dagrun for latest_only to 2026-06-02 00:00:00+00:00, run_after=2026-06-02 04:00:00+00:00
[2026-06-02T06:26:57.007+0000] {processor.py:183} INFO - Processing /home/airflow/.local/lib/python3.11/site-packages/airflow/example_dags/example_latest_only.py took 0.087 seconds
[2026-06-02T06:27:27.734+0000] {processor.py:161} INFO - Started process (PID=14489) to work on /home/airflow/.local/lib/python3.11/site-packages/airflow/example_dags/example_latest_only.py
[2026-06-02T06:27:27.735+0000] {processor.py:830} INFO - Processing file /home/airflow/.local/lib/python3.11/site-packages/airflow/example_dags/example_latest_only.py for tasks to queue
[2026-06-02T06:27:27.736+0000] {logging_mixin.py:188} INFO - [2026-06-02T06:27:27.736+0000] {dagbag.py:545} INFO - Filling up the DagBag from /home/airflow/.local/lib/python3.11/site-packages/airflow/example_dags/example_latest_only.py
[2026-06-02T06:27:27.741+0000] {processor.py:840} INFO - DAG(s) 'latest_only' retrieved from /home/airflow/.local/lib/python3.11/site-packages/airflow/example_dags/example_latest_only.py
[2026-06-02T06:27:27.761+0000] {logging_mixin.py:188} INFO - [2026-06-02T06:27:27.761+0000] {dag.py:3096} INFO - Sync 1 DAGs
[2026-06-02T06:27:27.778+0000] {logging_mixin.py:188} INFO - [2026-06-02T06:27:27.778+0000] {dag.py:3954} INFO - Setting next_dagrun for latest_only to 2026-06-02 00:00:00+00:00, run_after=2026-06-02 04:00:00+00:00
[2026-06-02T06:27:27.798+0000] {processor.py:183} INFO - Processing /home/airflow/.local/lib/python3.11/site-packages/airflow/example_dags/example_latest_only.py took 0.070 seconds
[2026-06-02T06:27:57.957+0000] {processor.py:161} INFO - Started process (PID=14765) to work on /home/airflow/.local/lib/python3.11/site-packages/airflow/example_dags/example_latest_only.py
[2026-06-02T06:27:57.958+0000] {processor.py:830} INFO - Processing file /home/airflow/.local/lib/python3.11/site-packages/airflow/example_dags/example_latest_only.py for tasks to queue
[2026-06-02T06:27:57.960+0000] {logging_mixin.py:188} INFO - [2026-06-02T06:27:57.960+0000] {dagbag.py:545} INFO - Filling up the DagBag from /home/airflow/.local/lib/python3.11/site-packages/airflow/example_dags/example_latest_only.py
[2026-06-02T06:27:57.965+0000] {processor.py:840} INFO - DAG(s) 'latest_only' retrieved from /home/airflow/.local/lib/python3.11/site-packages/airflow/example_dags/example_latest_only.py
[2026-06-02T06:27:57.985+0000] {logging_mixin.py:188} INFO - [2026-06-02T06:27:57.984+0000] {dag.py:3096} INFO - Sync 1 DAGs
[2026-06-02T06:27:58.008+0000] {logging_mixin.py:188} INFO - [2026-06-02T06:27:58.008+0000] {dag.py:3954} INFO - Setting next_dagrun for latest_only to 2026-06-02 00:00:00+00:00, run_after=2026-06-02 04:00:00+00:00
[2026-06-02T06:27:58.039+0000] {processor.py:183} INFO - Processing /home/airflow/.local/lib/python3.11/site-packages/airflow/example_dags/example_latest_only.py took 0.087 seconds
[2026-06-02T06:28:28.312+0000] {processor.py:161} INFO - Started process (PID=15041) to work on /home/airflow/.local/lib/python3.11/site-packages/airflow/example_dags/example_latest_only.py
[2026-06-02T06:28:28.313+0000] {processor.py:830} INFO - Processing file /home/airflow/.local/lib/python3.11/site-packages/airflow/example_dags/example_latest_only.py for tasks to queue
[2026-06-02T06:28:28.315+0000] {logging_mixin.py:188} INFO - [2026-06-02T06:28:28.315+0000] {dagbag.py:545} INFO - Filling up the DagBag from /home/airflow/.local/lib/python3.11/site-packages/airflow/example_dags/example_latest_only.py
[2026-06-02T06:28:28.321+0000] {processor.py:840} INFO - DAG(s) 'latest_only' retrieved from /home/airflow/.local/lib/python3.11/site-packages/airflow/example_dags/example_latest_only.py
[2026-06-02T06:28:28.342+0000] {logging_mixin.py:188} INFO - [2026-06-02T06:28:28.342+0000] {dag.py:3096} INFO - Sync 1 DAGs
[2026-06-02T06:28:28.362+0000] {logging_mixin.py:188} INFO - [2026-06-02T06:28:28.361+0000] {dag.py:3954} INFO - Setting next_dagrun for latest_only to 2026-06-02 00:00:00+00:00, run_after=2026-06-02 04:00:00+00:00
[2026-06-02T06:28:28.382+0000] {processor.py:183} INFO - Processing /home/airflow/.local/lib/python3.11/site-packages/airflow/example_dags/example_latest_only.py took 0.075 seconds
[2026-06-02T06:28:58.611+0000] {processor.py:161} INFO - Started process (PID=15317) to work on /home/airflow/.local/lib/python3.11/site-packages/airflow/example_dags/example_latest_only.py
[2026-06-02T06:28:58.612+0000] {processor.py:830} INFO - Processing file /home/airflow/.local/lib/python3.11/site-packages/airflow/example_dags/example_latest_only.py for tasks to queue
[2026-06-02T06:28:58.615+0000] {logging_mixin.py:188} INFO - [2026-06-02T06:28:58.614+0000] {dagbag.py:545} INFO - Filling up the DagBag from /home/airflow/.local/lib/python3.11/site-packages/airflow/example_dags/example_latest_only.py
[2026-06-02T06:28:58.619+0000] {processor.py:840} INFO - DAG(s) 'latest_only' retrieved from /home/airflow/.local/lib/python3.11/site-packages/airflow/example_dags/example_latest_only.py
[2026-06-02T06:28:58.638+0000] {logging_mixin.py:188} INFO - [2026-06-02T06:28:58.637+0000] {dag.py:3096} INFO - Sync 1 DAGs
[2026-06-02T06:28:58.661+0000] {logging_mixin.py:188} INFO - [2026-06-02T06:28:58.661+0000] {dag.py:3954} INFO - Setting next_dagrun for latest_only to 2026-06-02 00:00:00+00:00, run_after=2026-06-02 04:00:00+00:00
[2026-06-02T06:28:58.682+0000] {processor.py:183} INFO - Processing /home/airflow/.local/lib/python3.11/site-packages/airflow/example_dags/example_latest_only.py took 0.076 seconds
[2026-06-02T06:29:28.846+0000] {processor.py:161} INFO - Started process (PID=15593) to work on /home/airflow/.local/lib/python3.11/site-packages/airflow/example_dags/example_latest_only.py
[2026-06-02T06:29:28.847+0000] {processor.py:830} INFO - Processing file /home/airflow/.local/lib/python3.11/site-packages/airflow/example_dags/example_latest_only.py for tasks to queue
[2026-06-02T06:29:28.849+0000] {logging_mixin.py:188} INFO - [2026-06-02T06:29:28.848+0000] {dagbag.py:545} INFO - Filling up the DagBag from /home/airflow/.local/lib/python3.11/site-packages/airflow/example_dags/example_latest_only.py
[2026-06-02T06:29:28.853+0000] {processor.py:840} INFO - DAG(s) 'latest_only' retrieved from /home/airflow/.local/lib/python3.11/site-packages/airflow/example_dags/example_latest_only.py
[2026-06-02T06:29:28.874+0000] {logging_mixin.py:188} INFO - [2026-06-02T06:29:28.874+0000] {dag.py:3096} INFO - Sync 1 DAGs
[2026-06-02T06:29:28.898+0000] {logging_mixin.py:188} INFO - [2026-06-02T06:29:28.897+0000] {dag.py:3954} INFO - Setting next_dagrun for latest_only to 2026-06-02 00:00:00+00:00, run_after=2026-06-02 04:00:00+00:00
[2026-06-02T06:29:28.917+0000] {processor.py:183} INFO - Processing /home/airflow/.local/lib/python3.11/site-packages/airflow/example_dags/example_latest_only.py took 0.077 seconds
[2026-06-02T06:29:59.415+0000] {processor.py:161} INFO - Started process (PID=15869) to work on /home/airflow/.local/lib/python3.11/site-packages/airflow/example_dags/example_latest_only.py
[2026-06-02T06:29:59.417+0000] {processor.py:830} INFO - Processing file /home/airflow/.local/lib/python3.11/site-packages/airflow/example_dags/example_latest_only.py for tasks to queue
[2026-06-02T06:29:59.419+0000] {logging_mixin.py:188} INFO - [2026-06-02T06:29:59.419+0000] {dagbag.py:545} INFO - Filling up the DagBag from /home/airflow/.local/lib/python3.11/site-packages/airflow/example_dags/example_latest_only.py
[2026-06-02T06:29:59.427+0000] {processor.py:840} INFO - DAG(s) 'latest_only' retrieved from /home/airflow/.local/lib/python3.11/site-packages/airflow/example_dags/example_latest_only.py
[2026-06-02T06:29:59.450+0000] {logging_mixin.py:188} INFO - [2026-06-02T06:29:59.450+0000] {dag.py:3096} INFO - Sync 1 DAGs
[2026-06-02T06:29:59.473+0000] {logging_mixin.py:188} INFO - [2026-06-02T06:29:59.473+0000] {dag.py:3954} INFO - Setting next_dagrun for latest_only to 2026-06-02 00:00:00+00:00, run_after=2026-06-02 04:00:00+00:00
[2026-06-02T06:29:59.497+0000] {processor.py:183} INFO - Processing /home/airflow/.local/lib/python3.11/site-packages/airflow/example_dags/example_latest_only.py took 0.091 seconds
[2026-06-02T06:30:29.836+0000] {processor.py:161} INFO - Started process (PID=16145) to work on /home/airflow/.local/lib/python3.11/site-packages/airflow/example_dags/example_latest_only.py
[2026-06-02T06:30:29.838+0000] {processor.py:830} INFO - Processing file /home/airflow/.local/lib/python3.11/site-packages/airflow/example_dags/example_latest_only.py for tasks to queue
[2026-06-02T06:30:29.840+0000] {logging_mixin.py:188} INFO - [2026-06-02T06:30:29.840+0000] {dagbag.py:545} INFO - Filling up the DagBag from /home/airflow/.local/lib/python3.11/site-packages/airflow/example_dags/example_latest_only.py
[2026-06-02T06:30:29.845+0000] {processor.py:840} INFO - DAG(s) 'latest_only' retrieved from /home/airflow/.local/lib/python3.11/site-packages/airflow/example_dags/example_latest_only.py
[2026-06-02T06:30:29.866+0000] {logging_mixin.py:188} INFO - [2026-06-02T06:30:29.866+0000] {dag.py:3096} INFO - Sync 1 DAGs
[2026-06-02T06:30:29.892+0000] {logging_mixin.py:188} INFO - [2026-06-02T06:30:29.892+0000] {dag.py:3954} INFO - Setting next_dagrun for latest_only to 2026-06-02 00:00:00+00:00, run_after=2026-06-02 04:00:00+00:00
[2026-06-02T06:30:29.915+0000] {processor.py:183} INFO - Processing /home/airflow/.local/lib/python3.11/site-packages/airflow/example_dags/example_latest_only.py took 0.084 seconds
[2026-06-02T06:30:59.996+0000] {processor.py:161} INFO - Started process (PID=16421) to work on /home/airflow/.local/lib/python3.11/site-packages/airflow/example_dags/example_latest_only.py
[2026-06-02T06:30:59.997+0000] {processor.py:830} INFO - Processing file /home/airflow/.local/lib/python3.11/site-packages/airflow/example_dags/example_latest_only.py for tasks to queue
[2026-06-02T06:31:00.000+0000] {logging_mixin.py:188} INFO - [2026-06-02T06:30:59.999+0000] {dagbag.py:545} INFO - Filling up the DagBag from /home/airflow/.local/lib/python3.11/site-packages/airflow/example_dags/example_latest_only.py
[2026-06-02T06:31:00.007+0000] {processor.py:840} INFO - DAG(s) 'latest_only' retrieved from /home/airflow/.local/lib/python3.11/site-packages/airflow/example_dags/example_latest_only.py
[2026-06-02T06:31:00.031+0000] {logging_mixin.py:188} INFO - [2026-06-02T06:31:00.031+0000] {dag.py:3096} INFO - Sync 1 DAGs
[2026-06-02T06:31:00.051+0000] {logging_mixin.py:188} INFO - [2026-06-02T06:31:00.051+0000] {dag.py:3954} INFO - Setting next_dagrun for latest_only to 2026-06-02 00:00:00+00:00, run_after=2026-06-02 04:00:00+00:00
[2026-06-02T06:31:00.077+0000] {processor.py:183} INFO - Processing /home/airflow/.local/lib/python3.11/site-packages/airflow/example_dags/example_latest_only.py took 0.091 seconds
[2026-06-02T06:31:30.774+0000] {processor.py:161} INFO - Started process (PID=16697) to work on /home/airflow/.local/lib/python3.11/site-packages/airflow/example_dags/example_latest_only.py
[2026-06-02T06:31:30.775+0000] {processor.py:830} INFO - Processing file /home/airflow/.local/lib/python3.11/site-packages/airflow/example_dags/example_latest_only.py for tasks to queue
[2026-06-02T06:31:30.777+0000] {logging_mixin.py:188} INFO - [2026-06-02T06:31:30.777+0000] {dagbag.py:545} INFO - Filling up the DagBag from /home/airflow/.local/lib/python3.11/site-packages/airflow/example_dags/example_latest_only.py
[2026-06-02T06:31:30.783+0000] {processor.py:840} INFO - DAG(s) 'latest_only' retrieved from /home/airflow/.local/lib/python3.11/site-packages/airflow/example_dags/example_latest_only.py
[2026-06-02T06:31:30.804+0000] {logging_mixin.py:188} INFO - [2026-06-02T06:31:30.804+0000] {dag.py:3096} INFO - Sync 1 DAGs
[2026-06-02T06:31:30.827+0000] {logging_mixin.py:188} INFO - [2026-06-02T06:31:30.826+0000] {dag.py:3954} INFO - Setting next_dagrun for latest_only to 2026-06-02 00:00:00+00:00, run_after=2026-06-02 04:00:00+00:00
[2026-06-02T06:31:30.847+0000] {processor.py:183} INFO - Processing /home/airflow/.local/lib/python3.11/site-packages/airflow/example_dags/example_latest_only.py took 0.079 seconds
[2026-06-02T06:32:01.189+0000] {processor.py:161} INFO - Started process (PID=16973) to work on /home/airflow/.local/lib/python3.11/site-packages/airflow/example_dags/example_latest_only.py
[2026-06-02T06:32:01.191+0000] {processor.py:830} INFO - Processing file /home/airflow/.local/lib/python3.11/site-packages/airflow/example_dags/example_latest_only.py for tasks to queue
[2026-06-02T06:32:01.193+0000] {logging_mixin.py:188} INFO - [2026-06-02T06:32:01.193+0000] {dagbag.py:545} INFO - Filling up the DagBag from /home/airflow/.local/lib/python3.11/site-packages/airflow/example_dags/example_latest_only.py
[2026-06-02T06:32:01.202+0000] {processor.py:840} INFO - DAG(s) 'latest_only' retrieved from /home/airflow/.local/lib/python3.11/site-packages/airflow/example_dags/example_latest_only.py
[2026-06-02T06:32:01.237+0000] {logging_mixin.py:188} INFO - [2026-06-02T06:32:01.237+0000] {dag.py:3096} INFO - Sync 1 DAGs
[2026-06-02T06:32:01.267+0000] {logging_mixin.py:188} INFO - [2026-06-02T06:32:01.266+0000] {dag.py:3954} INFO - Setting next_dagrun for latest_only to 2026-06-02 00:00:00+00:00, run_after=2026-06-02 04:00:00+00:00
[2026-06-02T06:32:01.295+0000] {processor.py:183} INFO - Processing /home/airflow/.local/lib/python3.11/site-packages/airflow/example_dags/example_latest_only.py took 0.116 seconds
[2026-06-02T06:32:32.309+0000] {processor.py:161} INFO - Started process (PID=17249) to work on /home/airflow/.local/lib/python3.11/site-packages/airflow/example_dags/example_latest_only.py
[2026-06-02T06:32:32.310+0000] {processor.py:830} INFO - Processing file /home/airflow/.local/lib/python3.11/site-packages/airflow/example_dags/example_latest_only.py for tasks to queue
[2026-06-02T06:32:32.312+0000] {logging_mixin.py:188} INFO - [2026-06-02T06:32:32.312+0000] {dagbag.py:545} INFO - Filling up the DagBag from /home/airflow/.local/lib/python3.11/site-packages/airflow/example_dags/example_latest_only.py
[2026-06-02T06:32:32.317+0000] {processor.py:840} INFO - DAG(s) 'latest_only' retrieved from /home/airflow/.local/lib/python3.11/site-packages/airflow/example_dags/example_latest_only.py
[2026-06-02T06:32:32.337+0000] {logging_mixin.py:188} INFO - [2026-06-02T06:32:32.337+0000] {dag.py:3096} INFO - Sync 1 DAGs
[2026-06-02T06:32:32.357+0000] {logging_mixin.py:188} INFO - [2026-06-02T06:32:32.357+0000] {dag.py:3954} INFO - Setting next_dagrun for latest_only to 2026-06-02 00:00:00+00:00, run_after=2026-06-02 04:00:00+00:00
[2026-06-02T06:32:32.387+0000] {processor.py:183} INFO - Processing /home/airflow/.local/lib/python3.11/site-packages/airflow/example_dags/example_latest_only.py took 0.086 seconds
[2026-06-02T06:33:02.531+0000] {processor.py:161} INFO - Started process (PID=17513) to work on /home/airflow/.local/lib/python3.11/site-packages/airflow/example_dags/example_latest_only.py
[2026-06-02T06:33:02.533+0000] {processor.py:830} INFO - Processing file /home/airflow/.local/lib/python3.11/site-packages/airflow/example_dags/example_latest_only.py for tasks to queue
[2026-06-02T06:33:02.535+0000] {logging_mixin.py:188} INFO - [2026-06-02T06:33:02.535+0000] {dagbag.py:545} INFO - Filling up the DagBag from /home/airflow/.local/lib/python3.11/site-packages/airflow/example_dags/example_latest_only.py
[2026-06-02T06:33:02.542+0000] {processor.py:840} INFO - DAG(s) 'latest_only' retrieved from /home/airflow/.local/lib/python3.11/site-packages/airflow/example_dags/example_latest_only.py
[2026-06-02T06:33:02.567+0000] {logging_mixin.py:188} INFO - [2026-06-02T06:33:02.566+0000] {dag.py:3096} INFO - Sync 1 DAGs
[2026-06-02T06:33:02.589+0000] {logging_mixin.py:188} INFO - [2026-06-02T06:33:02.589+0000] {dag.py:3954} INFO - Setting next_dagrun for latest_only to 2026-06-02 00:00:00+00:00, run_after=2026-06-02 04:00:00+00:00
[2026-06-02T06:33:02.618+0000] {processor.py:183} INFO - Processing /home/airflow/.local/lib/python3.11/site-packages/airflow/example_dags/example_latest_only.py took 0.093 seconds
[2026-06-02T06:33:32.932+0000] {processor.py:161} INFO - Started process (PID=17789) to work on /home/airflow/.local/lib/python3.11/site-packages/airflow/example_dags/example_latest_only.py
[2026-06-02T06:33:32.933+0000] {processor.py:830} INFO - Processing file /home/airflow/.local/lib/python3.11/site-packages/airflow/example_dags/example_latest_only.py for tasks to queue
[2026-06-02T06:33:32.935+0000] {logging_mixin.py:188} INFO - [2026-06-02T06:33:32.935+0000] {dagbag.py:545} INFO - Filling up the DagBag from /home/airflow/.local/lib/python3.11/site-packages/airflow/example_dags/example_latest_only.py
[2026-06-02T06:33:32.941+0000] {processor.py:840} INFO - DAG(s) 'latest_only' retrieved from /home/airflow/.local/lib/python3.11/site-packages/airflow/example_dags/example_latest_only.py
[2026-06-02T06:33:32.961+0000] {logging_mixin.py:188} INFO - [2026-06-02T06:33:32.961+0000] {dag.py:3096} INFO - Sync 1 DAGs
[2026-06-02T06:33:32.980+0000] {logging_mixin.py:188} INFO - [2026-06-02T06:33:32.979+0000] {dag.py:3954} INFO - Setting next_dagrun for latest_only to 2026-06-02 00:00:00+00:00, run_after=2026-06-02 04:00:00+00:00
[2026-06-02T06:33:33.009+0000] {processor.py:183} INFO - Processing /home/airflow/.local/lib/python3.11/site-packages/airflow/example_dags/example_latest_only.py took 0.083 seconds
[2026-06-02T06:34:03.418+0000] {processor.py:161} INFO - Started process (PID=18065) to work on /home/airflow/.local/lib/python3.11/site-packages/airflow/example_dags/example_latest_only.py
[2026-06-02T06:34:03.419+0000] {processor.py:830} INFO - Processing file /home/airflow/.local/lib/python3.11/site-packages/airflow/example_dags/example_latest_only.py for tasks to queue
[2026-06-02T06:34:03.421+0000] {logging_mixin.py:188} INFO - [2026-06-02T06:34:03.420+0000] {dagbag.py:545} INFO - Filling up the DagBag from /home/airflow/.local/lib/python3.11/site-packages/airflow/example_dags/example_latest_only.py
[2026-06-02T06:34:03.426+0000] {processor.py:840} INFO - DAG(s) 'latest_only' retrieved from /home/airflow/.local/lib/python3.11/site-packages/airflow/example_dags/example_latest_only.py
[2026-06-02T06:34:03.445+0000] {logging_mixin.py:188} INFO - [2026-06-02T06:34:03.445+0000] {dag.py:3096} INFO - Sync 1 DAGs
[2026-06-02T06:34:03.464+0000] {logging_mixin.py:188} INFO - [2026-06-02T06:34:03.464+0000] {dag.py:3954} INFO - Setting next_dagrun for latest_only to 2026-06-02 00:00:00+00:00, run_after=2026-06-02 04:00:00+00:00
[2026-06-02T06:34:03.489+0000] {processor.py:183} INFO - Processing /home/airflow/.local/lib/python3.11/site-packages/airflow/example_dags/example_latest_only.py took 0.077 seconds
[2026-06-02T06:34:33.873+0000] {processor.py:161} INFO - Started process (PID=18341) to work on /home/airflow/.local/lib/python3.11/site-packages/airflow/example_dags/example_latest_only.py
[2026-06-02T06:34:33.874+0000] {processor.py:830} INFO - Processing file /home/airflow/.local/lib/python3.11/site-packages/airflow/example_dags/example_latest_only.py for tasks to queue
[2026-06-02T06:34:33.876+0000] {logging_mixin.py:188} INFO - [2026-06-02T06:34:33.876+0000] {dagbag.py:545} INFO - Filling up the DagBag from /home/airflow/.local/lib/python3.11/site-packages/airflow/example_dags/example_latest_only.py
[2026-06-02T06:34:33.881+0000] {processor.py:840} INFO - DAG(s) 'latest_only' retrieved from /home/airflow/.local/lib/python3.11/site-packages/airflow/example_dags/example_latest_only.py
[2026-06-02T06:34:33.901+0000] {logging_mixin.py:188} INFO - [2026-06-02T06:34:33.901+0000] {dag.py:3096} INFO - Sync 1 DAGs
[2026-06-02T06:34:33.919+0000] {logging_mixin.py:188} INFO - [2026-06-02T06:34:33.919+0000] {dag.py:3954} INFO - Setting next_dagrun for latest_only to 2026-06-02 00:00:00+00:00, run_after=2026-06-02 04:00:00+00:00
[2026-06-02T06:34:33.948+0000] {processor.py:183} INFO - Processing /home/airflow/.local/lib/python3.11/site-packages/airflow/example_dags/example_latest_only.py took 0.080 seconds
[2026-06-02T06:35:04.355+0000] {processor.py:161} INFO - Started process (PID=18617) to work on /home/airflow/.local/lib/python3.11/site-packages/airflow/example_dags/example_latest_only.py
[2026-06-02T06:35:04.356+0000] {processor.py:830} INFO - Processing file /home/airflow/.local/lib/python3.11/site-packages/airflow/example_dags/example_latest_only.py for tasks to queue
[2026-06-02T06:35:04.358+0000] {logging_mixin.py:188} INFO - [2026-06-02T06:35:04.357+0000] {dagbag.py:545} INFO - Filling up the DagBag from /home/airflow/.local/lib/python3.11/site-packages/airflow/example_dags/example_latest_only.py
[2026-06-02T06:35:04.363+0000] {processor.py:840} INFO - DAG(s) 'latest_only' retrieved from /home/airflow/.local/lib/python3.11/site-packages/airflow/example_dags/example_latest_only.py
[2026-06-02T06:35:04.380+0000] {logging_mixin.py:188} INFO - [2026-06-02T06:35:04.380+0000] {dag.py:3096} INFO - Sync 1 DAGs
[2026-06-02T06:35:04.398+0000] {logging_mixin.py:188} INFO - [2026-06-02T06:35:04.397+0000] {dag.py:3954} INFO - Setting next_dagrun for latest_only to 2026-06-02 00:00:00+00:00, run_after=2026-06-02 04:00:00+00:00
[2026-06-02T06:35:04.423+0000] {processor.py:183} INFO - Processing /home/airflow/.local/lib/python3.11/site-packages/airflow/example_dags/example_latest_only.py took 0.073 seconds
[2026-06-02T06:35:34.902+0000] {processor.py:161} INFO - Started process (PID=18899) to work on /home/airflow/.local/lib/python3.11/site-packages/airflow/example_dags/example_latest_only.py
[2026-06-02T06:35:34.903+0000] {processor.py:830} INFO - Processing file /home/airflow/.local/lib/python3.11/site-packages/airflow/example_dags/example_latest_only.py for tasks to queue
[2026-06-02T06:35:34.904+0000] {logging_mixin.py:188} INFO - [2026-06-02T06:35:34.904+0000] {dagbag.py:545} INFO - Filling up the DagBag from /home/airflow/.local/lib/python3.11/site-packages/airflow/example_dags/example_latest_only.py
[2026-06-02T06:35:34.909+0000] {processor.py:840} INFO - DAG(s) 'latest_only' retrieved from /home/airflow/.local/lib/python3.11/site-packages/airflow/example_dags/example_latest_only.py
[2026-06-02T06:35:34.927+0000] {logging_mixin.py:188} INFO - [2026-06-02T06:35:34.927+0000] {dag.py:3096} INFO - Sync 1 DAGs
[2026-06-02T06:35:34.945+0000] {logging_mixin.py:188} INFO - [2026-06-02T06:35:34.944+0000] {dag.py:3954} INFO - Setting next_dagrun for latest_only to 2026-06-02 00:00:00+00:00, run_after=2026-06-02 04:00:00+00:00
[2026-06-02T06:35:34.971+0000] {processor.py:183} INFO - Processing /home/airflow/.local/lib/python3.11/site-packages/airflow/example_dags/example_latest_only.py took 0.074 seconds
[2026-06-02T06:42:30.966+0000] {processor.py:161} INFO - Started process (PID=357) to work on /home/airflow/.local/lib/python3.11/site-packages/airflow/example_dags/example_latest_only.py
[2026-06-02T06:42:30.967+0000] {processor.py:830} INFO - Processing file /home/airflow/.local/lib/python3.11/site-packages/airflow/example_dags/example_latest_only.py for tasks to queue
[2026-06-02T06:42:30.971+0000] {logging_mixin.py:188} INFO - [2026-06-02T06:42:30.971+0000] {dagbag.py:545} INFO - Filling up the DagBag from /home/airflow/.local/lib/python3.11/site-packages/airflow/example_dags/example_latest_only.py
[2026-06-02T06:42:30.978+0000] {processor.py:840} INFO - DAG(s) 'latest_only' retrieved from /home/airflow/.local/lib/python3.11/site-packages/airflow/example_dags/example_latest_only.py
[2026-06-02T06:42:30.998+0000] {logging_mixin.py:188} INFO - [2026-06-02T06:42:30.997+0000] {dag.py:3096} INFO - Sync 1 DAGs
[2026-06-02T06:42:31.036+0000] {logging_mixin.py:188} INFO - [2026-06-02T06:42:31.036+0000] {dag.py:3954} INFO - Setting next_dagrun for latest_only to 2026-06-02 00:00:00+00:00, run_after=2026-06-02 04:00:00+00:00
[2026-06-02T06:42:31.062+0000] {processor.py:183} INFO - Processing /home/airflow/.local/lib/python3.11/site-packages/airflow/example_dags/example_latest_only.py took 0.104 seconds
[2026-06-02T06:43:02.982+0000] {processor.py:161} INFO - Started process (PID=631) to work on /home/airflow/.local/lib/python3.11/site-packages/airflow/example_dags/example_latest_only.py
[2026-06-02T06:43:02.983+0000] {processor.py:830} INFO - Processing file /home/airflow/.local/lib/python3.11/site-packages/airflow/example_dags/example_latest_only.py for tasks to queue
[2026-06-02T06:43:02.984+0000] {logging_mixin.py:188} INFO - [2026-06-02T06:43:02.984+0000] {dagbag.py:545} INFO - Filling up the DagBag from /home/airflow/.local/lib/python3.11/site-packages/airflow/example_dags/example_latest_only.py
[2026-06-02T06:43:02.989+0000] {processor.py:840} INFO - DAG(s) 'latest_only' retrieved from /home/airflow/.local/lib/python3.11/site-packages/airflow/example_dags/example_latest_only.py
[2026-06-02T06:43:03.077+0000] {logging_mixin.py:188} INFO - [2026-06-02T06:43:03.076+0000] {dag.py:3096} INFO - Sync 1 DAGs
[2026-06-02T06:43:03.102+0000] {logging_mixin.py:188} INFO - [2026-06-02T06:43:03.101+0000] {dag.py:3954} INFO - Setting next_dagrun for latest_only to 2026-06-02 00:00:00+00:00, run_after=2026-06-02 04:00:00+00:00
[2026-06-02T06:43:03.127+0000] {processor.py:183} INFO - Processing /home/airflow/.local/lib/python3.11/site-packages/airflow/example_dags/example_latest_only.py took 0.150 seconds
[2026-06-02T06:43:33.843+0000] {processor.py:161} INFO - Started process (PID=907) to work on /home/airflow/.local/lib/python3.11/site-packages/airflow/example_dags/example_latest_only.py
[2026-06-02T06:43:33.844+0000] {processor.py:830} INFO - Processing file /home/airflow/.local/lib/python3.11/site-packages/airflow/example_dags/example_latest_only.py for tasks to queue
[2026-06-02T06:43:33.845+0000] {logging_mixin.py:188} INFO - [2026-06-02T06:43:33.845+0000] {dagbag.py:545} INFO - Filling up the DagBag from /home/airflow/.local/lib/python3.11/site-packages/airflow/example_dags/example_latest_only.py
[2026-06-02T06:43:33.850+0000] {processor.py:840} INFO - DAG(s) 'latest_only' retrieved from /home/airflow/.local/lib/python3.11/site-packages/airflow/example_dags/example_latest_only.py
[2026-06-02T06:43:33.871+0000] {logging_mixin.py:188} INFO - [2026-06-02T06:43:33.871+0000] {dag.py:3096} INFO - Sync 1 DAGs
[2026-06-02T06:43:33.909+0000] {logging_mixin.py:188} INFO - [2026-06-02T06:43:33.909+0000] {dag.py:3954} INFO - Setting next_dagrun for latest_only to 2026-06-02 00:00:00+00:00, run_after=2026-06-02 04:00:00+00:00
[2026-06-02T06:43:33.929+0000] {processor.py:183} INFO - Processing /home/airflow/.local/lib/python3.11/site-packages/airflow/example_dags/example_latest_only.py took 0.092 seconds
[2026-06-02T06:44:03.980+0000] {processor.py:161} INFO - Started process (PID=1169) to work on /home/airflow/.local/lib/python3.11/site-packages/airflow/example_dags/example_latest_only.py
[2026-06-02T06:44:03.981+0000] {processor.py:830} INFO - Processing file /home/airflow/.local/lib/python3.11/site-packages/airflow/example_dags/example_latest_only.py for tasks to queue
[2026-06-02T06:44:03.984+0000] {logging_mixin.py:188} INFO - [2026-06-02T06:44:03.983+0000] {dagbag.py:545} INFO - Filling up the DagBag from /home/airflow/.local/lib/python3.11/site-packages/airflow/example_dags/example_latest_only.py
[2026-06-02T06:44:03.989+0000] {processor.py:840} INFO - DAG(s) 'latest_only' retrieved from /home/airflow/.local/lib/python3.11/site-packages/airflow/example_dags/example_latest_only.py
[2026-06-02T06:44:04.012+0000] {logging_mixin.py:188} INFO - [2026-06-02T06:44:04.012+0000] {dag.py:3096} INFO - Sync 1 DAGs
[2026-06-02T06:44:04.034+0000] {logging_mixin.py:188} INFO - [2026-06-02T06:44:04.033+0000] {dag.py:3954} INFO - Setting next_dagrun for latest_only to 2026-06-02 00:00:00+00:00, run_after=2026-06-02 04:00:00+00:00
[2026-06-02T06:44:04.052+0000] {processor.py:183} INFO - Processing /home/airflow/.local/lib/python3.11/site-packages/airflow/example_dags/example_latest_only.py took 0.078 seconds
[2026-06-02T06:44:34.799+0000] {processor.py:161} INFO - Started process (PID=1445) to work on /home/airflow/.local/lib/python3.11/site-packages/airflow/example_dags/example_latest_only.py
[2026-06-02T06:44:34.800+0000] {processor.py:830} INFO - Processing file /home/airflow/.local/lib/python3.11/site-packages/airflow/example_dags/example_latest_only.py for tasks to queue
[2026-06-02T06:44:34.802+0000] {logging_mixin.py:188} INFO - [2026-06-02T06:44:34.802+0000] {dagbag.py:545} INFO - Filling up the DagBag from /home/airflow/.local/lib/python3.11/site-packages/airflow/example_dags/example_latest_only.py
[2026-06-02T06:44:34.808+0000] {processor.py:840} INFO - DAG(s) 'latest_only' retrieved from /home/airflow/.local/lib/python3.11/site-packages/airflow/example_dags/example_latest_only.py
[2026-06-02T06:44:34.828+0000] {logging_mixin.py:188} INFO - [2026-06-02T06:44:34.828+0000] {dag.py:3096} INFO - Sync 1 DAGs
[2026-06-02T06:44:34.847+0000] {logging_mixin.py:188} INFO - [2026-06-02T06:44:34.847+0000] {dag.py:3954} INFO - Setting next_dagrun for latest_only to 2026-06-02 00:00:00+00:00, run_after=2026-06-02 04:00:00+00:00
[2026-06-02T06:44:34.866+0000] {processor.py:183} INFO - Processing /home/airflow/.local/lib/python3.11/site-packages/airflow/example_dags/example_latest_only.py took 0.073 seconds
[2026-06-02T06:45:05.629+0000] {processor.py:161} INFO - Started process (PID=1723) to work on /home/airflow/.local/lib/python3.11/site-packages/airflow/example_dags/example_latest_only.py
[2026-06-02T06:45:05.630+0000] {processor.py:830} INFO - Processing file /home/airflow/.local/lib/python3.11/site-packages/airflow/example_dags/example_latest_only.py for tasks to queue
[2026-06-02T06:45:05.631+0000] {logging_mixin.py:188} INFO - [2026-06-02T06:45:05.631+0000] {dagbag.py:545} INFO - Filling up the DagBag from /home/airflow/.local/lib/python3.11/site-packages/airflow/example_dags/example_latest_only.py
[2026-06-02T06:45:05.636+0000] {processor.py:840} INFO - DAG(s) 'latest_only' retrieved from /home/airflow/.local/lib/python3.11/site-packages/airflow/example_dags/example_latest_only.py
[2026-06-02T06:45:05.654+0000] {logging_mixin.py:188} INFO - [2026-06-02T06:45:05.654+0000] {dag.py:3096} INFO - Sync 1 DAGs
[2026-06-02T06:45:05.671+0000] {logging_mixin.py:188} INFO - [2026-06-02T06:45:05.671+0000] {dag.py:3954} INFO - Setting next_dagrun for latest_only to 2026-06-02 00:00:00+00:00, run_after=2026-06-02 04:00:00+00:00
[2026-06-02T06:45:05.686+0000] {processor.py:183} INFO - Processing /home/airflow/.local/lib/python3.11/site-packages/airflow/example_dags/example_latest_only.py took 0.063 seconds
[2026-06-02T06:45:36.098+0000] {processor.py:161} INFO - Started process (PID=1999) to work on /home/airflow/.local/lib/python3.11/site-packages/airflow/example_dags/example_latest_only.py
[2026-06-02T06:45:36.099+0000] {processor.py:830} INFO - Processing file /home/airflow/.local/lib/python3.11/site-packages/airflow/example_dags/example_latest_only.py for tasks to queue
[2026-06-02T06:45:36.101+0000] {logging_mixin.py:188} INFO - [2026-06-02T06:45:36.100+0000] {dagbag.py:545} INFO - Filling up the DagBag from /home/airflow/.local/lib/python3.11/site-packages/airflow/example_dags/example_latest_only.py
[2026-06-02T06:45:36.105+0000] {processor.py:840} INFO - DAG(s) 'latest_only' retrieved from /home/airflow/.local/lib/python3.11/site-packages/airflow/example_dags/example_latest_only.py
[2026-06-02T06:45:36.123+0000] {logging_mixin.py:188} INFO - [2026-06-02T06:45:36.123+0000] {dag.py:3096} INFO - Sync 1 DAGs
[2026-06-02T06:45:36.139+0000] {logging_mixin.py:188} INFO - [2026-06-02T06:45:36.139+0000] {dag.py:3954} INFO - Setting next_dagrun for latest_only to 2026-06-02 00:00:00+00:00, run_after=2026-06-02 04:00:00+00:00
[2026-06-02T06:45:36.165+0000] {processor.py:183} INFO - Processing /home/airflow/.local/lib/python3.11/site-packages/airflow/example_dags/example_latest_only.py took 0.073 seconds
[2026-06-02T06:46:32.233+0000] {processor.py:161} INFO - Started process (PID=362) to work on /home/airflow/.local/lib/python3.11/site-packages/airflow/example_dags/example_latest_only.py
[2026-06-02T06:46:32.235+0000] {processor.py:830} INFO - Processing file /home/airflow/.local/lib/python3.11/site-packages/airflow/example_dags/example_latest_only.py for tasks to queue
[2026-06-02T06:46:32.237+0000] {logging_mixin.py:188} INFO - [2026-06-02T06:46:32.237+0000] {dagbag.py:545} INFO - Filling up the DagBag from /home/airflow/.local/lib/python3.11/site-packages/airflow/example_dags/example_latest_only.py
[2026-06-02T06:46:32.245+0000] {processor.py:840} INFO - DAG(s) 'latest_only' retrieved from /home/airflow/.local/lib/python3.11/site-packages/airflow/example_dags/example_latest_only.py
[2026-06-02T06:46:32.610+0000] {logging_mixin.py:188} INFO - [2026-06-02T06:46:32.610+0000] {dag.py:3096} INFO - Sync 1 DAGs
[2026-06-02T06:46:32.638+0000] {logging_mixin.py:188} INFO - [2026-06-02T06:46:32.638+0000] {dag.py:3954} INFO - Setting next_dagrun for latest_only to 2026-06-02 00:00:00+00:00, run_after=2026-06-02 04:00:00+00:00
[2026-06-02T06:46:32.667+0000] {processor.py:183} INFO - Processing /home/airflow/.local/lib/python3.11/site-packages/airflow/example_dags/example_latest_only.py took 0.442 seconds
[2026-06-02T06:47:03.176+0000] {processor.py:161} INFO - Started process (PID=636) to work on /home/airflow/.local/lib/python3.11/site-packages/airflow/example_dags/example_latest_only.py
[2026-06-02T06:47:03.177+0000] {processor.py:830} INFO - Processing file /home/airflow/.local/lib/python3.11/site-packages/airflow/example_dags/example_latest_only.py for tasks to queue
[2026-06-02T06:47:03.181+0000] {logging_mixin.py:188} INFO - [2026-06-02T06:47:03.181+0000] {dagbag.py:545} INFO - Filling up the DagBag from /home/airflow/.local/lib/python3.11/site-packages/airflow/example_dags/example_latest_only.py
[2026-06-02T06:47:03.188+0000] {processor.py:840} INFO - DAG(s) 'latest_only' retrieved from /home/airflow/.local/lib/python3.11/site-packages/airflow/example_dags/example_latest_only.py
[2026-06-02T06:47:03.214+0000] {logging_mixin.py:188} INFO - [2026-06-02T06:47:03.213+0000] {dag.py:3096} INFO - Sync 1 DAGs
[2026-06-02T06:47:03.242+0000] {logging_mixin.py:188} INFO - [2026-06-02T06:47:03.241+0000] {dag.py:3954} INFO - Setting next_dagrun for latest_only to 2026-06-02 00:00:00+00:00, run_after=2026-06-02 04:00:00+00:00
[2026-06-02T06:47:03.266+0000] {processor.py:183} INFO - Processing /home/airflow/.local/lib/python3.11/site-packages/airflow/example_dags/example_latest_only.py took 0.100 seconds
[2026-06-02T06:47:34.302+0000] {processor.py:161} INFO - Started process (PID=904) to work on /home/airflow/.local/lib/python3.11/site-packages/airflow/example_dags/example_latest_only.py
[2026-06-02T06:47:34.303+0000] {processor.py:830} INFO - Processing file /home/airflow/.local/lib/python3.11/site-packages/airflow/example_dags/example_latest_only.py for tasks to queue
[2026-06-02T06:47:34.306+0000] {logging_mixin.py:188} INFO - [2026-06-02T06:47:34.306+0000] {dagbag.py:545} INFO - Filling up the DagBag from /home/airflow/.local/lib/python3.11/site-packages/airflow/example_dags/example_latest_only.py
[2026-06-02T06:47:34.314+0000] {processor.py:840} INFO - DAG(s) 'latest_only' retrieved from /home/airflow/.local/lib/python3.11/site-packages/airflow/example_dags/example_latest_only.py
[2026-06-02T06:47:34.344+0000] {logging_mixin.py:188} INFO - [2026-06-02T06:47:34.344+0000] {dag.py:3096} INFO - Sync 1 DAGs
[2026-06-02T06:47:34.374+0000] {logging_mixin.py:188} INFO - [2026-06-02T06:47:34.374+0000] {dag.py:3954} INFO - Setting next_dagrun for latest_only to 2026-06-02 00:00:00+00:00, run_after=2026-06-02 04:00:00+00:00
[2026-06-02T06:47:34.404+0000] {processor.py:183} INFO - Processing /home/airflow/.local/lib/python3.11/site-packages/airflow/example_dags/example_latest_only.py took 0.112 seconds
[2026-06-02T06:48:05.332+0000] {processor.py:161} INFO - Started process (PID=1176) to work on /home/airflow/.local/lib/python3.11/site-packages/airflow/example_dags/example_latest_only.py
[2026-06-02T06:48:05.333+0000] {processor.py:830} INFO - Processing file /home/airflow/.local/lib/python3.11/site-packages/airflow/example_dags/example_latest_only.py for tasks to queue
[2026-06-02T06:48:05.335+0000] {logging_mixin.py:188} INFO - [2026-06-02T06:48:05.335+0000] {dagbag.py:545} INFO - Filling up the DagBag from /home/airflow/.local/lib/python3.11/site-packages/airflow/example_dags/example_latest_only.py
[2026-06-02T06:48:05.341+0000] {processor.py:840} INFO - DAG(s) 'latest_only' retrieved from /home/airflow/.local/lib/python3.11/site-packages/airflow/example_dags/example_latest_only.py
[2026-06-02T06:48:05.367+0000] {logging_mixin.py:188} INFO - [2026-06-02T06:48:05.367+0000] {dag.py:3096} INFO - Sync 1 DAGs
[2026-06-02T06:48:05.390+0000] {logging_mixin.py:188} INFO - [2026-06-02T06:48:05.390+0000] {dag.py:3954} INFO - Setting next_dagrun for latest_only to 2026-06-02 00:00:00+00:00, run_after=2026-06-02 04:00:00+00:00
[2026-06-02T06:48:05.418+0000] {processor.py:183} INFO - Processing /home/airflow/.local/lib/python3.11/site-packages/airflow/example_dags/example_latest_only.py took 0.092 seconds
[2026-06-02T06:48:36.220+0000] {processor.py:161} INFO - Started process (PID=1452) to work on /home/airflow/.local/lib/python3.11/site-packages/airflow/example_dags/example_latest_only.py
[2026-06-02T06:48:36.221+0000] {processor.py:830} INFO - Processing file /home/airflow/.local/lib/python3.11/site-packages/airflow/example_dags/example_latest_only.py for tasks to queue
[2026-06-02T06:48:36.224+0000] {logging_mixin.py:188} INFO - [2026-06-02T06:48:36.224+0000] {dagbag.py:545} INFO - Filling up the DagBag from /home/airflow/.local/lib/python3.11/site-packages/airflow/example_dags/example_latest_only.py
[2026-06-02T06:48:36.231+0000] {processor.py:840} INFO - DAG(s) 'latest_only' retrieved from /home/airflow/.local/lib/python3.11/site-packages/airflow/example_dags/example_latest_only.py
[2026-06-02T06:48:36.256+0000] {logging_mixin.py:188} INFO - [2026-06-02T06:48:36.256+0000] {dag.py:3096} INFO - Sync 1 DAGs
[2026-06-02T06:48:36.292+0000] {logging_mixin.py:188} INFO - [2026-06-02T06:48:36.292+0000] {dag.py:3954} INFO - Setting next_dagrun for latest_only to 2026-06-02 00:00:00+00:00, run_after=2026-06-02 04:00:00+00:00
[2026-06-02T06:48:36.327+0000] {processor.py:183} INFO - Processing /home/airflow/.local/lib/python3.11/site-packages/airflow/example_dags/example_latest_only.py took 0.115 seconds
[2026-06-02T06:49:07.125+0000] {processor.py:161} INFO - Started process (PID=1728) to work on /home/airflow/.local/lib/python3.11/site-packages/airflow/example_dags/example_latest_only.py
[2026-06-02T06:49:07.127+0000] {processor.py:830} INFO - Processing file /home/airflow/.local/lib/python3.11/site-packages/airflow/example_dags/example_latest_only.py for tasks to queue
[2026-06-02T06:49:07.129+0000] {logging_mixin.py:188} INFO - [2026-06-02T06:49:07.129+0000] {dagbag.py:545} INFO - Filling up the DagBag from /home/airflow/.local/lib/python3.11/site-packages/airflow/example_dags/example_latest_only.py
[2026-06-02T06:49:07.135+0000] {processor.py:840} INFO - DAG(s) 'latest_only' retrieved from /home/airflow/.local/lib/python3.11/site-packages/airflow/example_dags/example_latest_only.py
[2026-06-02T06:49:07.160+0000] {logging_mixin.py:188} INFO - [2026-06-02T06:49:07.160+0000] {dag.py:3096} INFO - Sync 1 DAGs
[2026-06-02T06:49:07.186+0000] {logging_mixin.py:188} INFO - [2026-06-02T06:49:07.186+0000] {dag.py:3954} INFO - Setting next_dagrun for latest_only to 2026-06-02 00:00:00+00:00, run_after=2026-06-02 04:00:00+00:00
[2026-06-02T06:49:07.206+0000] {processor.py:183} INFO - Processing /home/airflow/.local/lib/python3.11/site-packages/airflow/example_dags/example_latest_only.py took 0.088 seconds
[2026-06-02T06:49:37.743+0000] {processor.py:161} INFO - Started process (PID=2004) to work on /home/airflow/.local/lib/python3.11/site-packages/airflow/example_dags/example_latest_only.py
[2026-06-02T06:49:37.745+0000] {processor.py:830} INFO - Processing file /home/airflow/.local/lib/python3.11/site-packages/airflow/example_dags/example_latest_only.py for tasks to queue
[2026-06-02T06:49:37.747+0000] {logging_mixin.py:188} INFO - [2026-06-02T06:49:37.747+0000] {dagbag.py:545} INFO - Filling up the DagBag from /home/airflow/.local/lib/python3.11/site-packages/airflow/example_dags/example_latest_only.py
[2026-06-02T06:49:37.753+0000] {processor.py:840} INFO - DAG(s) 'latest_only' retrieved from /home/airflow/.local/lib/python3.11/site-packages/airflow/example_dags/example_latest_only.py
[2026-06-02T06:49:37.780+0000] {logging_mixin.py:188} INFO - [2026-06-02T06:49:37.779+0000] {dag.py:3096} INFO - Sync 1 DAGs
[2026-06-02T06:49:37.808+0000] {logging_mixin.py:188} INFO - [2026-06-02T06:49:37.808+0000] {dag.py:3954} INFO - Setting next_dagrun for latest_only to 2026-06-02 00:00:00+00:00, run_after=2026-06-02 04:00:00+00:00
[2026-06-02T06:49:37.844+0000] {processor.py:183} INFO - Processing /home/airflow/.local/lib/python3.11/site-packages/airflow/example_dags/example_latest_only.py took 0.110 seconds
[2026-06-02T06:50:08.226+0000] {processor.py:161} INFO - Started process (PID=2280) to work on /home/airflow/.local/lib/python3.11/site-packages/airflow/example_dags/example_latest_only.py
[2026-06-02T06:50:08.227+0000] {processor.py:830} INFO - Processing file /home/airflow/.local/lib/python3.11/site-packages/airflow/example_dags/example_latest_only.py for tasks to queue
[2026-06-02T06:50:08.229+0000] {logging_mixin.py:188} INFO - [2026-06-02T06:50:08.229+0000] {dagbag.py:545} INFO - Filling up the DagBag from /home/airflow/.local/lib/python3.11/site-packages/airflow/example_dags/example_latest_only.py
[2026-06-02T06:50:08.235+0000] {processor.py:840} INFO - DAG(s) 'latest_only' retrieved from /home/airflow/.local/lib/python3.11/site-packages/airflow/example_dags/example_latest_only.py
[2026-06-02T06:50:08.263+0000] {logging_mixin.py:188} INFO - [2026-06-02T06:50:08.263+0000] {dag.py:3096} INFO - Sync 1 DAGs
[2026-06-02T06:50:08.289+0000] {logging_mixin.py:188} INFO - [2026-06-02T06:50:08.289+0000] {dag.py:3954} INFO - Setting next_dagrun for latest_only to 2026-06-02 00:00:00+00:00, run_after=2026-06-02 04:00:00+00:00
[2026-06-02T06:50:08.325+0000] {processor.py:183} INFO - Processing /home/airflow/.local/lib/python3.11/site-packages/airflow/example_dags/example_latest_only.py took 0.107 seconds
[2026-06-02T06:50:38.450+0000] {processor.py:161} INFO - Started process (PID=2556) to work on /home/airflow/.local/lib/python3.11/site-packages/airflow/example_dags/example_latest_only.py
[2026-06-02T06:50:38.452+0000] {processor.py:830} INFO - Processing file /home/airflow/.local/lib/python3.11/site-packages/airflow/example_dags/example_latest_only.py for tasks to queue
[2026-06-02T06:50:38.455+0000] {logging_mixin.py:188} INFO - [2026-06-02T06:50:38.454+0000] {dagbag.py:545} INFO - Filling up the DagBag from /home/airflow/.local/lib/python3.11/site-packages/airflow/example_dags/example_latest_only.py
[2026-06-02T06:50:38.463+0000] {processor.py:840} INFO - DAG(s) 'latest_only' retrieved from /home/airflow/.local/lib/python3.11/site-packages/airflow/example_dags/example_latest_only.py
[2026-06-02T06:50:38.488+0000] {logging_mixin.py:188} INFO - [2026-06-02T06:50:38.487+0000] {dag.py:3096} INFO - Sync 1 DAGs
[2026-06-02T06:50:38.515+0000] {logging_mixin.py:188} INFO - [2026-06-02T06:50:38.515+0000] {dag.py:3954} INFO - Setting next_dagrun for latest_only to 2026-06-02 00:00:00+00:00, run_after=2026-06-02 04:00:00+00:00
[2026-06-02T06:50:38.549+0000] {processor.py:183} INFO - Processing /home/airflow/.local/lib/python3.11/site-packages/airflow/example_dags/example_latest_only.py took 0.107 seconds
[2026-06-02T06:51:09.044+0000] {processor.py:161} INFO - Started process (PID=2832) to work on /home/airflow/.local/lib/python3.11/site-packages/airflow/example_dags/example_latest_only.py
[2026-06-02T06:51:09.045+0000] {processor.py:830} INFO - Processing file /home/airflow/.local/lib/python3.11/site-packages/airflow/example_dags/example_latest_only.py for tasks to queue
[2026-06-02T06:51:09.047+0000] {logging_mixin.py:188} INFO - [2026-06-02T06:51:09.047+0000] {dagbag.py:545} INFO - Filling up the DagBag from /home/airflow/.local/lib/python3.11/site-packages/airflow/example_dags/example_latest_only.py
[2026-06-02T06:51:09.053+0000] {processor.py:840} INFO - DAG(s) 'latest_only' retrieved from /home/airflow/.local/lib/python3.11/site-packages/airflow/example_dags/example_latest_only.py
[2026-06-02T06:51:09.078+0000] {logging_mixin.py:188} INFO - [2026-06-02T06:51:09.078+0000] {dag.py:3096} INFO - Sync 1 DAGs
[2026-06-02T06:51:09.105+0000] {logging_mixin.py:188} INFO - [2026-06-02T06:51:09.104+0000] {dag.py:3954} INFO - Setting next_dagrun for latest_only to 2026-06-02 00:00:00+00:00, run_after=2026-06-02 04:00:00+00:00
[2026-06-02T06:51:09.138+0000] {processor.py:183} INFO - Processing /home/airflow/.local/lib/python3.11/site-packages/airflow/example_dags/example_latest_only.py took 0.102 seconds
[2026-06-02T06:51:39.211+0000] {processor.py:161} INFO - Started process (PID=3106) to work on /home/airflow/.local/lib/python3.11/site-packages/airflow/example_dags/example_latest_only.py
[2026-06-02T06:51:39.213+0000] {processor.py:830} INFO - Processing file /home/airflow/.local/lib/python3.11/site-packages/airflow/example_dags/example_latest_only.py for tasks to queue
[2026-06-02T06:51:39.215+0000] {logging_mixin.py:188} INFO - [2026-06-02T06:51:39.214+0000] {dagbag.py:545} INFO - Filling up the DagBag from /home/airflow/.local/lib/python3.11/site-packages/airflow/example_dags/example_latest_only.py
[2026-06-02T06:51:39.223+0000] {processor.py:840} INFO - DAG(s) 'latest_only' retrieved from /home/airflow/.local/lib/python3.11/site-packages/airflow/example_dags/example_latest_only.py
[2026-06-02T06:51:39.249+0000] {logging_mixin.py:188} INFO - [2026-06-02T06:51:39.249+0000] {dag.py:3096} INFO - Sync 1 DAGs
[2026-06-02T06:51:39.272+0000] {logging_mixin.py:188} INFO - [2026-06-02T06:51:39.272+0000] {dag.py:3954} INFO - Setting next_dagrun for latest_only to 2026-06-02 00:00:00+00:00, run_after=2026-06-02 04:00:00+00:00
[2026-06-02T06:51:39.295+0000] {processor.py:183} INFO - Processing /home/airflow/.local/lib/python3.11/site-packages/airflow/example_dags/example_latest_only.py took 0.092 seconds
[2026-06-02T07:08:58.214+0000] {processor.py:161} INFO - Started process (PID=3386) to work on /home/airflow/.local/lib/python3.11/site-packages/airflow/example_dags/example_latest_only.py
[2026-06-02T07:08:58.216+0000] {processor.py:830} INFO - Processing file /home/airflow/.local/lib/python3.11/site-packages/airflow/example_dags/example_latest_only.py for tasks to queue
[2026-06-02T07:08:58.220+0000] {logging_mixin.py:188} INFO - [2026-06-02T07:08:58.219+0000] {dagbag.py:545} INFO - Filling up the DagBag from /home/airflow/.local/lib/python3.11/site-packages/airflow/example_dags/example_latest_only.py
[2026-06-02T07:08:58.238+0000] {processor.py:840} INFO - DAG(s) 'latest_only' retrieved from /home/airflow/.local/lib/python3.11/site-packages/airflow/example_dags/example_latest_only.py
[2026-06-02T07:08:58.304+0000] {logging_mixin.py:188} INFO - [2026-06-02T07:08:58.304+0000] {dag.py:3096} INFO - Sync 1 DAGs
[2026-06-02T07:08:58.399+0000] {logging_mixin.py:188} INFO - [2026-06-02T07:08:58.399+0000] {dag.py:3954} INFO - Setting next_dagrun for latest_only to 2026-06-02 00:00:00+00:00, run_after=2026-06-02 04:00:00+00:00
[2026-06-02T07:08:58.463+0000] {processor.py:183} INFO - Processing /home/airflow/.local/lib/python3.11/site-packages/airflow/example_dags/example_latest_only.py took 0.270 seconds
[2026-06-02T07:09:28.697+0000] {processor.py:161} INFO - Started process (PID=3664) to work on /home/airflow/.local/lib/python3.11/site-packages/airflow/example_dags/example_latest_only.py
[2026-06-02T07:09:28.698+0000] {processor.py:830} INFO - Processing file /home/airflow/.local/lib/python3.11/site-packages/airflow/example_dags/example_latest_only.py for tasks to queue
[2026-06-02T07:09:28.701+0000] {logging_mixin.py:188} INFO - [2026-06-02T07:09:28.699+0000] {dagbag.py:545} INFO - Filling up the DagBag from /home/airflow/.local/lib/python3.11/site-packages/airflow/example_dags/example_latest_only.py
[2026-06-02T07:09:28.708+0000] {processor.py:840} INFO - DAG(s) 'latest_only' retrieved from /home/airflow/.local/lib/python3.11/site-packages/airflow/example_dags/example_latest_only.py
[2026-06-02T07:09:28.736+0000] {logging_mixin.py:188} INFO - [2026-06-02T07:09:28.736+0000] {dag.py:3096} INFO - Sync 1 DAGs
[2026-06-02T07:09:28.764+0000] {logging_mixin.py:188} INFO - [2026-06-02T07:09:28.764+0000] {dag.py:3954} INFO - Setting next_dagrun for latest_only to 2026-06-02 00:00:00+00:00, run_after=2026-06-02 04:00:00+00:00
[2026-06-02T07:09:28.801+0000] {processor.py:183} INFO - Processing /home/airflow/.local/lib/python3.11/site-packages/airflow/example_dags/example_latest_only.py took 0.115 seconds
[2026-06-02T07:09:58.966+0000] {processor.py:161} INFO - Started process (PID=3940) to work on /home/airflow/.local/lib/python3.11/site-packages/airflow/example_dags/example_latest_only.py
[2026-06-02T07:09:58.967+0000] {processor.py:830} INFO - Processing file /home/airflow/.local/lib/python3.11/site-packages/airflow/example_dags/example_latest_only.py for tasks to queue
[2026-06-02T07:09:58.969+0000] {logging_mixin.py:188} INFO - [2026-06-02T07:09:58.969+0000] {dagbag.py:545} INFO - Filling up the DagBag from /home/airflow/.local/lib/python3.11/site-packages/airflow/example_dags/example_latest_only.py
[2026-06-02T07:09:58.975+0000] {processor.py:840} INFO - DAG(s) 'latest_only' retrieved from /home/airflow/.local/lib/python3.11/site-packages/airflow/example_dags/example_latest_only.py
[2026-06-02T07:09:58.996+0000] {logging_mixin.py:188} INFO - [2026-06-02T07:09:58.996+0000] {dag.py:3096} INFO - Sync 1 DAGs
[2026-06-02T07:09:59.018+0000] {logging_mixin.py:188} INFO - [2026-06-02T07:09:59.017+0000] {dag.py:3954} INFO - Setting next_dagrun for latest_only to 2026-06-02 00:00:00+00:00, run_after=2026-06-02 04:00:00+00:00
[2026-06-02T07:09:59.036+0000] {processor.py:183} INFO - Processing /home/airflow/.local/lib/python3.11/site-packages/airflow/example_dags/example_latest_only.py took 0.077 seconds
[2026-06-02T07:10:29.088+0000] {processor.py:161} INFO - Started process (PID=4214) to work on /home/airflow/.local/lib/python3.11/site-packages/airflow/example_dags/example_latest_only.py
[2026-06-02T07:10:29.089+0000] {processor.py:830} INFO - Processing file /home/airflow/.local/lib/python3.11/site-packages/airflow/example_dags/example_latest_only.py for tasks to queue
[2026-06-02T07:10:29.091+0000] {logging_mixin.py:188} INFO - [2026-06-02T07:10:29.090+0000] {dagbag.py:545} INFO - Filling up the DagBag from /home/airflow/.local/lib/python3.11/site-packages/airflow/example_dags/example_latest_only.py
[2026-06-02T07:10:29.096+0000] {processor.py:840} INFO - DAG(s) 'latest_only' retrieved from /home/airflow/.local/lib/python3.11/site-packages/airflow/example_dags/example_latest_only.py
[2026-06-02T07:10:29.118+0000] {logging_mixin.py:188} INFO - [2026-06-02T07:10:29.118+0000] {dag.py:3096} INFO - Sync 1 DAGs
[2026-06-02T07:10:29.146+0000] {logging_mixin.py:188} INFO - [2026-06-02T07:10:29.145+0000] {dag.py:3954} INFO - Setting next_dagrun for latest_only to 2026-06-02 00:00:00+00:00, run_after=2026-06-02 04:00:00+00:00
[2026-06-02T07:10:29.167+0000] {processor.py:183} INFO - Processing /home/airflow/.local/lib/python3.11/site-packages/airflow/example_dags/example_latest_only.py took 0.086 seconds
[2026-06-02T07:10:59.530+0000] {processor.py:161} INFO - Started process (PID=4492) to work on /home/airflow/.local/lib/python3.11/site-packages/airflow/example_dags/example_latest_only.py
[2026-06-02T07:10:59.531+0000] {processor.py:830} INFO - Processing file /home/airflow/.local/lib/python3.11/site-packages/airflow/example_dags/example_latest_only.py for tasks to queue
[2026-06-02T07:10:59.534+0000] {logging_mixin.py:188} INFO - [2026-06-02T07:10:59.533+0000] {dagbag.py:545} INFO - Filling up the DagBag from /home/airflow/.local/lib/python3.11/site-packages/airflow/example_dags/example_latest_only.py
[2026-06-02T07:10:59.540+0000] {processor.py:840} INFO - DAG(s) 'latest_only' retrieved from /home/airflow/.local/lib/python3.11/site-packages/airflow/example_dags/example_latest_only.py
[2026-06-02T07:10:59.564+0000] {logging_mixin.py:188} INFO - [2026-06-02T07:10:59.563+0000] {dag.py:3096} INFO - Sync 1 DAGs
[2026-06-02T07:10:59.586+0000] {logging_mixin.py:188} INFO - [2026-06-02T07:10:59.586+0000] {dag.py:3954} INFO - Setting next_dagrun for latest_only to 2026-06-02 00:00:00+00:00, run_after=2026-06-02 04:00:00+00:00
[2026-06-02T07:10:59.618+0000] {processor.py:183} INFO - Processing /home/airflow/.local/lib/python3.11/site-packages/airflow/example_dags/example_latest_only.py took 0.096 seconds
[2026-06-02T07:11:30.534+0000] {processor.py:161} INFO - Started process (PID=4768) to work on /home/airflow/.local/lib/python3.11/site-packages/airflow/example_dags/example_latest_only.py
[2026-06-02T07:11:30.536+0000] {processor.py:830} INFO - Processing file /home/airflow/.local/lib/python3.11/site-packages/airflow/example_dags/example_latest_only.py for tasks to queue
[2026-06-02T07:11:30.539+0000] {logging_mixin.py:188} INFO - [2026-06-02T07:11:30.539+0000] {dagbag.py:545} INFO - Filling up the DagBag from /home/airflow/.local/lib/python3.11/site-packages/airflow/example_dags/example_latest_only.py
[2026-06-02T07:11:30.550+0000] {processor.py:840} INFO - DAG(s) 'latest_only' retrieved from /home/airflow/.local/lib/python3.11/site-packages/airflow/example_dags/example_latest_only.py
[2026-06-02T07:11:30.593+0000] {logging_mixin.py:188} INFO - [2026-06-02T07:11:30.593+0000] {dag.py:3096} INFO - Sync 1 DAGs
[2026-06-02T07:11:30.639+0000] {logging_mixin.py:188} INFO - [2026-06-02T07:11:30.639+0000] {dag.py:3954} INFO - Setting next_dagrun for latest_only to 2026-06-02 00:00:00+00:00, run_after=2026-06-02 04:00:00+00:00
[2026-06-02T07:11:30.686+0000] {processor.py:183} INFO - Processing /home/airflow/.local/lib/python3.11/site-packages/airflow/example_dags/example_latest_only.py took 0.169 seconds
[2026-06-02T07:12:01.584+0000] {processor.py:161} INFO - Started process (PID=5044) to work on /home/airflow/.local/lib/python3.11/site-packages/airflow/example_dags/example_latest_only.py
[2026-06-02T07:12:01.588+0000] {processor.py:830} INFO - Processing file /home/airflow/.local/lib/python3.11/site-packages/airflow/example_dags/example_latest_only.py for tasks to queue
[2026-06-02T07:12:01.597+0000] {logging_mixin.py:188} INFO - [2026-06-02T07:12:01.596+0000] {dagbag.py:545} INFO - Filling up the DagBag from /home/airflow/.local/lib/python3.11/site-packages/airflow/example_dags/example_latest_only.py
[2026-06-02T07:12:01.625+0000] {processor.py:840} INFO - DAG(s) 'latest_only' retrieved from /home/airflow/.local/lib/python3.11/site-packages/airflow/example_dags/example_latest_only.py
[2026-06-02T07:12:01.697+0000] {logging_mixin.py:188} INFO - [2026-06-02T07:12:01.697+0000] {dag.py:3096} INFO - Sync 1 DAGs
[2026-06-02T07:12:01.761+0000] {logging_mixin.py:188} INFO - [2026-06-02T07:12:01.760+0000] {dag.py:3954} INFO - Setting next_dagrun for latest_only to 2026-06-02 00:00:00+00:00, run_after=2026-06-02 04:00:00+00:00
[2026-06-02T07:12:01.814+0000] {processor.py:183} INFO - Processing /home/airflow/.local/lib/python3.11/site-packages/airflow/example_dags/example_latest_only.py took 0.262 seconds
[2026-06-02T07:12:32.045+0000] {processor.py:161} INFO - Started process (PID=5320) to work on /home/airflow/.local/lib/python3.11/site-packages/airflow/example_dags/example_latest_only.py
[2026-06-02T07:12:32.053+0000] {processor.py:830} INFO - Processing file /home/airflow/.local/lib/python3.11/site-packages/airflow/example_dags/example_latest_only.py for tasks to queue
[2026-06-02T07:12:32.061+0000] {logging_mixin.py:188} INFO - [2026-06-02T07:12:32.061+0000] {dagbag.py:545} INFO - Filling up the DagBag from /home/airflow/.local/lib/python3.11/site-packages/airflow/example_dags/example_latest_only.py
[2026-06-02T07:12:32.071+0000] {processor.py:840} INFO - DAG(s) 'latest_only' retrieved from /home/airflow/.local/lib/python3.11/site-packages/airflow/example_dags/example_latest_only.py
[2026-06-02T07:12:32.110+0000] {logging_mixin.py:188} INFO - [2026-06-02T07:12:32.110+0000] {dag.py:3096} INFO - Sync 1 DAGs
[2026-06-02T07:12:32.154+0000] {logging_mixin.py:188} INFO - [2026-06-02T07:12:32.153+0000] {dag.py:3954} INFO - Setting next_dagrun for latest_only to 2026-06-02 00:00:00+00:00, run_after=2026-06-02 04:00:00+00:00
[2026-06-02T07:12:32.195+0000] {processor.py:183} INFO - Processing /home/airflow/.local/lib/python3.11/site-packages/airflow/example_dags/example_latest_only.py took 0.162 seconds
[2026-06-02T07:13:02.663+0000] {processor.py:161} INFO - Started process (PID=5596) to work on /home/airflow/.local/lib/python3.11/site-packages/airflow/example_dags/example_latest_only.py
[2026-06-02T07:13:02.666+0000] {processor.py:830} INFO - Processing file /home/airflow/.local/lib/python3.11/site-packages/airflow/example_dags/example_latest_only.py for tasks to queue
[2026-06-02T07:13:02.670+0000] {logging_mixin.py:188} INFO - [2026-06-02T07:13:02.669+0000] {dagbag.py:545} INFO - Filling up the DagBag from /home/airflow/.local/lib/python3.11/site-packages/airflow/example_dags/example_latest_only.py
[2026-06-02T07:13:02.677+0000] {processor.py:840} INFO - DAG(s) 'latest_only' retrieved from /home/airflow/.local/lib/python3.11/site-packages/airflow/example_dags/example_latest_only.py
[2026-06-02T07:13:02.712+0000] {logging_mixin.py:188} INFO - [2026-06-02T07:13:02.712+0000] {dag.py:3096} INFO - Sync 1 DAGs
[2026-06-02T07:13:02.752+0000] {logging_mixin.py:188} INFO - [2026-06-02T07:13:02.751+0000] {dag.py:3954} INFO - Setting next_dagrun for latest_only to 2026-06-02 00:00:00+00:00, run_after=2026-06-02 04:00:00+00:00
[2026-06-02T07:13:02.783+0000] {processor.py:183} INFO - Processing /home/airflow/.local/lib/python3.11/site-packages/airflow/example_dags/example_latest_only.py took 0.130 seconds
[2026-06-02T07:14:17.692+0000] {processor.py:161} INFO - Started process (PID=363) to work on /home/airflow/.local/lib/python3.11/site-packages/airflow/example_dags/example_latest_only.py
[2026-06-02T07:14:17.694+0000] {processor.py:830} INFO - Processing file /home/airflow/.local/lib/python3.11/site-packages/airflow/example_dags/example_latest_only.py for tasks to queue
[2026-06-02T07:14:17.696+0000] {logging_mixin.py:188} INFO - [2026-06-02T07:14:17.696+0000] {dagbag.py:545} INFO - Filling up the DagBag from /home/airflow/.local/lib/python3.11/site-packages/airflow/example_dags/example_latest_only.py
[2026-06-02T07:14:17.704+0000] {processor.py:840} INFO - DAG(s) 'latest_only' retrieved from /home/airflow/.local/lib/python3.11/site-packages/airflow/example_dags/example_latest_only.py
[2026-06-02T07:14:18.052+0000] {logging_mixin.py:188} INFO - [2026-06-02T07:14:18.052+0000] {dag.py:3096} INFO - Sync 1 DAGs
[2026-06-02T07:14:18.077+0000] {logging_mixin.py:188} INFO - [2026-06-02T07:14:18.076+0000] {dag.py:3954} INFO - Setting next_dagrun for latest_only to 2026-06-02 00:00:00+00:00, run_after=2026-06-02 04:00:00+00:00
[2026-06-02T07:14:18.104+0000] {processor.py:183} INFO - Processing /home/airflow/.local/lib/python3.11/site-packages/airflow/example_dags/example_latest_only.py took 0.421 seconds
[2026-06-02T07:14:49.017+0000] {processor.py:161} INFO - Started process (PID=639) to work on /home/airflow/.local/lib/python3.11/site-packages/airflow/example_dags/example_latest_only.py
[2026-06-02T07:14:49.019+0000] {processor.py:830} INFO - Processing file /home/airflow/.local/lib/python3.11/site-packages/airflow/example_dags/example_latest_only.py for tasks to queue
[2026-06-02T07:14:49.021+0000] {logging_mixin.py:188} INFO - [2026-06-02T07:14:49.021+0000] {dagbag.py:545} INFO - Filling up the DagBag from /home/airflow/.local/lib/python3.11/site-packages/airflow/example_dags/example_latest_only.py
[2026-06-02T07:14:49.027+0000] {processor.py:840} INFO - DAG(s) 'latest_only' retrieved from /home/airflow/.local/lib/python3.11/site-packages/airflow/example_dags/example_latest_only.py
[2026-06-02T07:14:49.055+0000] {logging_mixin.py:188} INFO - [2026-06-02T07:14:49.055+0000] {dag.py:3096} INFO - Sync 1 DAGs
[2026-06-02T07:14:49.083+0000] {logging_mixin.py:188} INFO - [2026-06-02T07:14:49.082+0000] {dag.py:3954} INFO - Setting next_dagrun for latest_only to 2026-06-02 00:00:00+00:00, run_after=2026-06-02 04:00:00+00:00
[2026-06-02T07:14:49.117+0000] {processor.py:183} INFO - Processing /home/airflow/.local/lib/python3.11/site-packages/airflow/example_dags/example_latest_only.py took 0.107 seconds
[2026-06-02T07:15:19.723+0000] {processor.py:161} INFO - Started process (PID=913) to work on /home/airflow/.local/lib/python3.11/site-packages/airflow/example_dags/example_latest_only.py
[2026-06-02T07:15:19.725+0000] {processor.py:830} INFO - Processing file /home/airflow/.local/lib/python3.11/site-packages/airflow/example_dags/example_latest_only.py for tasks to queue
[2026-06-02T07:15:19.729+0000] {logging_mixin.py:188} INFO - [2026-06-02T07:15:19.728+0000] {dagbag.py:545} INFO - Filling up the DagBag from /home/airflow/.local/lib/python3.11/site-packages/airflow/example_dags/example_latest_only.py
[2026-06-02T07:15:19.741+0000] {processor.py:840} INFO - DAG(s) 'latest_only' retrieved from /home/airflow/.local/lib/python3.11/site-packages/airflow/example_dags/example_latest_only.py
[2026-06-02T07:15:19.779+0000] {logging_mixin.py:188} INFO - [2026-06-02T07:15:19.778+0000] {dag.py:3096} INFO - Sync 1 DAGs
[2026-06-02T07:15:19.818+0000] {logging_mixin.py:188} INFO - [2026-06-02T07:15:19.817+0000] {dag.py:3954} INFO - Setting next_dagrun for latest_only to 2026-06-02 00:00:00+00:00, run_after=2026-06-02 04:00:00+00:00
[2026-06-02T07:15:19.856+0000] {processor.py:183} INFO - Processing /home/airflow/.local/lib/python3.11/site-packages/airflow/example_dags/example_latest_only.py took 0.146 seconds
[2026-06-02T07:16:19.533+0000] {processor.py:161} INFO - Started process (PID=364) to work on /home/airflow/.local/lib/python3.11/site-packages/airflow/example_dags/example_latest_only.py
[2026-06-02T07:16:19.534+0000] {processor.py:830} INFO - Processing file /home/airflow/.local/lib/python3.11/site-packages/airflow/example_dags/example_latest_only.py for tasks to queue
[2026-06-02T07:16:19.537+0000] {logging_mixin.py:188} INFO - [2026-06-02T07:16:19.536+0000] {dagbag.py:545} INFO - Filling up the DagBag from /home/airflow/.local/lib/python3.11/site-packages/airflow/example_dags/example_latest_only.py
[2026-06-02T07:16:19.545+0000] {processor.py:840} INFO - DAG(s) 'latest_only' retrieved from /home/airflow/.local/lib/python3.11/site-packages/airflow/example_dags/example_latest_only.py
[2026-06-02T07:16:19.564+0000] {logging_mixin.py:188} INFO - [2026-06-02T07:16:19.563+0000] {dag.py:3096} INFO - Sync 1 DAGs
[2026-06-02T07:16:19.601+0000] {logging_mixin.py:188} INFO - [2026-06-02T07:16:19.601+0000] {dag.py:3954} INFO - Setting next_dagrun for latest_only to 2026-06-02 00:00:00+00:00, run_after=2026-06-02 04:00:00+00:00
[2026-06-02T07:16:19.636+0000] {processor.py:183} INFO - Processing /home/airflow/.local/lib/python3.11/site-packages/airflow/example_dags/example_latest_only.py took 0.112 seconds
[2026-06-02T07:16:51.268+0000] {processor.py:161} INFO - Started process (PID=638) to work on /home/airflow/.local/lib/python3.11/site-packages/airflow/example_dags/example_latest_only.py
[2026-06-02T07:16:51.269+0000] {processor.py:830} INFO - Processing file /home/airflow/.local/lib/python3.11/site-packages/airflow/example_dags/example_latest_only.py for tasks to queue
[2026-06-02T07:16:51.272+0000] {logging_mixin.py:188} INFO - [2026-06-02T07:16:51.272+0000] {dagbag.py:545} INFO - Filling up the DagBag from /home/airflow/.local/lib/python3.11/site-packages/airflow/example_dags/example_latest_only.py
[2026-06-02T07:16:51.280+0000] {processor.py:840} INFO - DAG(s) 'latest_only' retrieved from /home/airflow/.local/lib/python3.11/site-packages/airflow/example_dags/example_latest_only.py
[2026-06-02T07:16:51.434+0000] {logging_mixin.py:188} INFO - [2026-06-02T07:16:51.434+0000] {dag.py:3096} INFO - Sync 1 DAGs
[2026-06-02T07:16:51.463+0000] {logging_mixin.py:188} INFO - [2026-06-02T07:16:51.461+0000] {dag.py:3954} INFO - Setting next_dagrun for latest_only to 2026-06-02 00:00:00+00:00, run_after=2026-06-02 04:00:00+00:00
[2026-06-02T07:16:51.487+0000] {processor.py:183} INFO - Processing /home/airflow/.local/lib/python3.11/site-packages/airflow/example_dags/example_latest_only.py took 0.227 seconds
[2026-06-02T07:17:22.683+0000] {processor.py:161} INFO - Started process (PID=915) to work on /home/airflow/.local/lib/python3.11/site-packages/airflow/example_dags/example_latest_only.py
[2026-06-02T07:17:22.685+0000] {processor.py:830} INFO - Processing file /home/airflow/.local/lib/python3.11/site-packages/airflow/example_dags/example_latest_only.py for tasks to queue
[2026-06-02T07:17:22.687+0000] {logging_mixin.py:188} INFO - [2026-06-02T07:17:22.686+0000] {dagbag.py:545} INFO - Filling up the DagBag from /home/airflow/.local/lib/python3.11/site-packages/airflow/example_dags/example_latest_only.py
[2026-06-02T07:17:22.693+0000] {processor.py:840} INFO - DAG(s) 'latest_only' retrieved from /home/airflow/.local/lib/python3.11/site-packages/airflow/example_dags/example_latest_only.py
[2026-06-02T07:17:22.720+0000] {logging_mixin.py:188} INFO - [2026-06-02T07:17:22.720+0000] {dag.py:3096} INFO - Sync 1 DAGs
[2026-06-02T07:17:22.753+0000] {logging_mixin.py:188} INFO - [2026-06-02T07:17:22.753+0000] {dag.py:3954} INFO - Setting next_dagrun for latest_only to 2026-06-02 00:00:00+00:00, run_after=2026-06-02 04:00:00+00:00
[2026-06-02T07:17:22.789+0000] {processor.py:183} INFO - Processing /home/airflow/.local/lib/python3.11/site-packages/airflow/example_dags/example_latest_only.py took 0.114 seconds
[2026-06-02T07:17:53.045+0000] {processor.py:161} INFO - Started process (PID=1179) to work on /home/airflow/.local/lib/python3.11/site-packages/airflow/example_dags/example_latest_only.py
[2026-06-02T07:17:53.046+0000] {processor.py:830} INFO - Processing file /home/airflow/.local/lib/python3.11/site-packages/airflow/example_dags/example_latest_only.py for tasks to queue
[2026-06-02T07:17:53.048+0000] {logging_mixin.py:188} INFO - [2026-06-02T07:17:53.048+0000] {dagbag.py:545} INFO - Filling up the DagBag from /home/airflow/.local/lib/python3.11/site-packages/airflow/example_dags/example_latest_only.py
[2026-06-02T07:17:53.054+0000] {processor.py:840} INFO - DAG(s) 'latest_only' retrieved from /home/airflow/.local/lib/python3.11/site-packages/airflow/example_dags/example_latest_only.py
[2026-06-02T07:17:53.079+0000] {logging_mixin.py:188} INFO - [2026-06-02T07:17:53.079+0000] {dag.py:3096} INFO - Sync 1 DAGs
[2026-06-02T07:17:53.106+0000] {logging_mixin.py:188} INFO - [2026-06-02T07:17:53.105+0000] {dag.py:3954} INFO - Setting next_dagrun for latest_only to 2026-06-02 00:00:00+00:00, run_after=2026-06-02 04:00:00+00:00
[2026-06-02T07:17:53.140+0000] {processor.py:183} INFO - Processing /home/airflow/.local/lib/python3.11/site-packages/airflow/example_dags/example_latest_only.py took 0.102 seconds
[2026-06-02T07:18:23.604+0000] {processor.py:161} INFO - Started process (PID=1455) to work on /home/airflow/.local/lib/python3.11/site-packages/airflow/example_dags/example_latest_only.py
[2026-06-02T07:18:23.606+0000] {processor.py:830} INFO - Processing file /home/airflow/.local/lib/python3.11/site-packages/airflow/example_dags/example_latest_only.py for tasks to queue
[2026-06-02T07:18:23.609+0000] {logging_mixin.py:188} INFO - [2026-06-02T07:18:23.609+0000] {dagbag.py:545} INFO - Filling up the DagBag from /home/airflow/.local/lib/python3.11/site-packages/airflow/example_dags/example_latest_only.py
[2026-06-02T07:18:23.619+0000] {processor.py:840} INFO - DAG(s) 'latest_only' retrieved from /home/airflow/.local/lib/python3.11/site-packages/airflow/example_dags/example_latest_only.py
[2026-06-02T07:18:23.647+0000] {logging_mixin.py:188} INFO - [2026-06-02T07:18:23.647+0000] {dag.py:3096} INFO - Sync 1 DAGs
[2026-06-02T07:18:23.679+0000] {logging_mixin.py:188} INFO - [2026-06-02T07:18:23.678+0000] {dag.py:3954} INFO - Setting next_dagrun for latest_only to 2026-06-02 00:00:00+00:00, run_after=2026-06-02 04:00:00+00:00
[2026-06-02T07:18:23.706+0000] {processor.py:183} INFO - Processing /home/airflow/.local/lib/python3.11/site-packages/airflow/example_dags/example_latest_only.py took 0.113 seconds
[2026-06-02T07:18:53.964+0000] {processor.py:161} INFO - Started process (PID=1731) to work on /home/airflow/.local/lib/python3.11/site-packages/airflow/example_dags/example_latest_only.py
[2026-06-02T07:18:53.966+0000] {processor.py:830} INFO - Processing file /home/airflow/.local/lib/python3.11/site-packages/airflow/example_dags/example_latest_only.py for tasks to queue
[2026-06-02T07:18:53.968+0000] {logging_mixin.py:188} INFO - [2026-06-02T07:18:53.968+0000] {dagbag.py:545} INFO - Filling up the DagBag from /home/airflow/.local/lib/python3.11/site-packages/airflow/example_dags/example_latest_only.py
[2026-06-02T07:18:53.975+0000] {processor.py:840} INFO - DAG(s) 'latest_only' retrieved from /home/airflow/.local/lib/python3.11/site-packages/airflow/example_dags/example_latest_only.py
[2026-06-02T07:18:54.001+0000] {logging_mixin.py:188} INFO - [2026-06-02T07:18:54.000+0000] {dag.py:3096} INFO - Sync 1 DAGs
[2026-06-02T07:18:54.025+0000] {logging_mixin.py:188} INFO - [2026-06-02T07:18:54.025+0000] {dag.py:3954} INFO - Setting next_dagrun for latest_only to 2026-06-02 00:00:00+00:00, run_after=2026-06-02 04:00:00+00:00
[2026-06-02T07:18:54.060+0000] {processor.py:183} INFO - Processing /home/airflow/.local/lib/python3.11/site-packages/airflow/example_dags/example_latest_only.py took 0.103 seconds
[2026-06-02T07:19:24.356+0000] {processor.py:161} INFO - Started process (PID=2007) to work on /home/airflow/.local/lib/python3.11/site-packages/airflow/example_dags/example_latest_only.py
[2026-06-02T07:19:24.357+0000] {processor.py:830} INFO - Processing file /home/airflow/.local/lib/python3.11/site-packages/airflow/example_dags/example_latest_only.py for tasks to queue
[2026-06-02T07:19:24.363+0000] {logging_mixin.py:188} INFO - [2026-06-02T07:19:24.362+0000] {dagbag.py:545} INFO - Filling up the DagBag from /home/airflow/.local/lib/python3.11/site-packages/airflow/example_dags/example_latest_only.py
[2026-06-02T07:19:24.371+0000] {processor.py:840} INFO - DAG(s) 'latest_only' retrieved from /home/airflow/.local/lib/python3.11/site-packages/airflow/example_dags/example_latest_only.py
[2026-06-02T07:19:24.398+0000] {logging_mixin.py:188} INFO - [2026-06-02T07:19:24.398+0000] {dag.py:3096} INFO - Sync 1 DAGs
[2026-06-02T07:19:24.425+0000] {logging_mixin.py:188} INFO - [2026-06-02T07:19:24.425+0000] {dag.py:3954} INFO - Setting next_dagrun for latest_only to 2026-06-02 00:00:00+00:00, run_after=2026-06-02 04:00:00+00:00
[2026-06-02T07:19:24.450+0000] {processor.py:183} INFO - Processing /home/airflow/.local/lib/python3.11/site-packages/airflow/example_dags/example_latest_only.py took 0.103 seconds
[2026-06-02T07:19:54.957+0000] {processor.py:161} INFO - Started process (PID=2283) to work on /home/airflow/.local/lib/python3.11/site-packages/airflow/example_dags/example_latest_only.py
[2026-06-02T07:19:54.959+0000] {processor.py:830} INFO - Processing file /home/airflow/.local/lib/python3.11/site-packages/airflow/example_dags/example_latest_only.py for tasks to queue
[2026-06-02T07:19:54.961+0000] {logging_mixin.py:188} INFO - [2026-06-02T07:19:54.961+0000] {dagbag.py:545} INFO - Filling up the DagBag from /home/airflow/.local/lib/python3.11/site-packages/airflow/example_dags/example_latest_only.py
[2026-06-02T07:19:54.968+0000] {processor.py:840} INFO - DAG(s) 'latest_only' retrieved from /home/airflow/.local/lib/python3.11/site-packages/airflow/example_dags/example_latest_only.py
[2026-06-02T07:19:54.993+0000] {logging_mixin.py:188} INFO - [2026-06-02T07:19:54.992+0000] {dag.py:3096} INFO - Sync 1 DAGs
[2026-06-02T07:19:55.020+0000] {logging_mixin.py:188} INFO - [2026-06-02T07:19:55.019+0000] {dag.py:3954} INFO - Setting next_dagrun for latest_only to 2026-06-02 00:00:00+00:00, run_after=2026-06-02 04:00:00+00:00
[2026-06-02T07:19:55.054+0000] {processor.py:183} INFO - Processing /home/airflow/.local/lib/python3.11/site-packages/airflow/example_dags/example_latest_only.py took 0.106 seconds
[2026-06-02T07:20:25.600+0000] {processor.py:161} INFO - Started process (PID=2559) to work on /home/airflow/.local/lib/python3.11/site-packages/airflow/example_dags/example_latest_only.py
[2026-06-02T07:20:25.602+0000] {processor.py:830} INFO - Processing file /home/airflow/.local/lib/python3.11/site-packages/airflow/example_dags/example_latest_only.py for tasks to queue
[2026-06-02T07:20:25.606+0000] {logging_mixin.py:188} INFO - [2026-06-02T07:20:25.605+0000] {dagbag.py:545} INFO - Filling up the DagBag from /home/airflow/.local/lib/python3.11/site-packages/airflow/example_dags/example_latest_only.py
[2026-06-02T07:20:25.615+0000] {processor.py:840} INFO - DAG(s) 'latest_only' retrieved from /home/airflow/.local/lib/python3.11/site-packages/airflow/example_dags/example_latest_only.py
[2026-06-02T07:20:25.652+0000] {logging_mixin.py:188} INFO - [2026-06-02T07:20:25.652+0000] {dag.py:3096} INFO - Sync 1 DAGs
[2026-06-02T07:20:25.680+0000] {logging_mixin.py:188} INFO - [2026-06-02T07:20:25.680+0000] {dag.py:3954} INFO - Setting next_dagrun for latest_only to 2026-06-02 00:00:00+00:00, run_after=2026-06-02 04:00:00+00:00
[2026-06-02T07:20:25.719+0000] {processor.py:183} INFO - Processing /home/airflow/.local/lib/python3.11/site-packages/airflow/example_dags/example_latest_only.py took 0.127 seconds
[2026-06-02T07:20:56.649+0000] {processor.py:161} INFO - Started process (PID=2835) to work on /home/airflow/.local/lib/python3.11/site-packages/airflow/example_dags/example_latest_only.py
[2026-06-02T07:20:56.651+0000] {processor.py:830} INFO - Processing file /home/airflow/.local/lib/python3.11/site-packages/airflow/example_dags/example_latest_only.py for tasks to queue
[2026-06-02T07:20:56.653+0000] {logging_mixin.py:188} INFO - [2026-06-02T07:20:56.653+0000] {dagbag.py:545} INFO - Filling up the DagBag from /home/airflow/.local/lib/python3.11/site-packages/airflow/example_dags/example_latest_only.py
[2026-06-02T07:20:56.661+0000] {processor.py:840} INFO - DAG(s) 'latest_only' retrieved from /home/airflow/.local/lib/python3.11/site-packages/airflow/example_dags/example_latest_only.py
[2026-06-02T07:20:56.686+0000] {logging_mixin.py:188} INFO - [2026-06-02T07:20:56.686+0000] {dag.py:3096} INFO - Sync 1 DAGs
[2026-06-02T07:20:56.712+0000] {logging_mixin.py:188} INFO - [2026-06-02T07:20:56.712+0000] {dag.py:3954} INFO - Setting next_dagrun for latest_only to 2026-06-02 00:00:00+00:00, run_after=2026-06-02 04:00:00+00:00
[2026-06-02T07:20:56.736+0000] {processor.py:183} INFO - Processing /home/airflow/.local/lib/python3.11/site-packages/airflow/example_dags/example_latest_only.py took 0.096 seconds
[2026-06-02T07:21:27.203+0000] {processor.py:161} INFO - Started process (PID=3111) to work on /home/airflow/.local/lib/python3.11/site-packages/airflow/example_dags/example_latest_only.py
[2026-06-02T07:21:27.204+0000] {processor.py:830} INFO - Processing file /home/airflow/.local/lib/python3.11/site-packages/airflow/example_dags/example_latest_only.py for tasks to queue
[2026-06-02T07:21:27.208+0000] {logging_mixin.py:188} INFO - [2026-06-02T07:21:27.207+0000] {dagbag.py:545} INFO - Filling up the DagBag from /home/airflow/.local/lib/python3.11/site-packages/airflow/example_dags/example_latest_only.py
[2026-06-02T07:21:27.214+0000] {processor.py:840} INFO - DAG(s) 'latest_only' retrieved from /home/airflow/.local/lib/python3.11/site-packages/airflow/example_dags/example_latest_only.py
[2026-06-02T07:21:27.239+0000] {logging_mixin.py:188} INFO - [2026-06-02T07:21:27.239+0000] {dag.py:3096} INFO - Sync 1 DAGs
[2026-06-02T07:21:27.263+0000] {logging_mixin.py:188} INFO - [2026-06-02T07:21:27.262+0000] {dag.py:3954} INFO - Setting next_dagrun for latest_only to 2026-06-02 00:00:00+00:00, run_after=2026-06-02 04:00:00+00:00
[2026-06-02T07:21:27.295+0000] {processor.py:183} INFO - Processing /home/airflow/.local/lib/python3.11/site-packages/airflow/example_dags/example_latest_only.py took 0.101 seconds
[2026-06-02T07:21:57.793+0000] {processor.py:161} INFO - Started process (PID=3387) to work on /home/airflow/.local/lib/python3.11/site-packages/airflow/example_dags/example_latest_only.py
[2026-06-02T07:21:57.794+0000] {processor.py:830} INFO - Processing file /home/airflow/.local/lib/python3.11/site-packages/airflow/example_dags/example_latest_only.py for tasks to queue
[2026-06-02T07:21:57.797+0000] {logging_mixin.py:188} INFO - [2026-06-02T07:21:57.797+0000] {dagbag.py:545} INFO - Filling up the DagBag from /home/airflow/.local/lib/python3.11/site-packages/airflow/example_dags/example_latest_only.py
[2026-06-02T07:21:57.803+0000] {processor.py:840} INFO - DAG(s) 'latest_only' retrieved from /home/airflow/.local/lib/python3.11/site-packages/airflow/example_dags/example_latest_only.py
[2026-06-02T07:21:57.828+0000] {logging_mixin.py:188} INFO - [2026-06-02T07:21:57.827+0000] {dag.py:3096} INFO - Sync 1 DAGs
[2026-06-02T07:21:57.855+0000] {logging_mixin.py:188} INFO - [2026-06-02T07:21:57.855+0000] {dag.py:3954} INFO - Setting next_dagrun for latest_only to 2026-06-02 00:00:00+00:00, run_after=2026-06-02 04:00:00+00:00
[2026-06-02T07:21:57.885+0000] {processor.py:183} INFO - Processing /home/airflow/.local/lib/python3.11/site-packages/airflow/example_dags/example_latest_only.py took 0.102 seconds
[2026-06-02T07:22:28.099+0000] {processor.py:161} INFO - Started process (PID=3663) to work on /home/airflow/.local/lib/python3.11/site-packages/airflow/example_dags/example_latest_only.py
[2026-06-02T07:22:28.101+0000] {processor.py:830} INFO - Processing file /home/airflow/.local/lib/python3.11/site-packages/airflow/example_dags/example_latest_only.py for tasks to queue
[2026-06-02T07:22:28.103+0000] {logging_mixin.py:188} INFO - [2026-06-02T07:22:28.103+0000] {dagbag.py:545} INFO - Filling up the DagBag from /home/airflow/.local/lib/python3.11/site-packages/airflow/example_dags/example_latest_only.py
[2026-06-02T07:22:28.111+0000] {processor.py:840} INFO - DAG(s) 'latest_only' retrieved from /home/airflow/.local/lib/python3.11/site-packages/airflow/example_dags/example_latest_only.py
[2026-06-02T07:22:28.136+0000] {logging_mixin.py:188} INFO - [2026-06-02T07:22:28.135+0000] {dag.py:3096} INFO - Sync 1 DAGs
[2026-06-02T07:22:28.161+0000] {logging_mixin.py:188} INFO - [2026-06-02T07:22:28.160+0000] {dag.py:3954} INFO - Setting next_dagrun for latest_only to 2026-06-02 00:00:00+00:00, run_after=2026-06-02 04:00:00+00:00
[2026-06-02T07:22:28.195+0000] {processor.py:183} INFO - Processing /home/airflow/.local/lib/python3.11/site-packages/airflow/example_dags/example_latest_only.py took 0.103 seconds
[2026-06-02T07:22:58.653+0000] {processor.py:161} INFO - Started process (PID=3939) to work on /home/airflow/.local/lib/python3.11/site-packages/airflow/example_dags/example_latest_only.py
[2026-06-02T07:22:58.655+0000] {processor.py:830} INFO - Processing file /home/airflow/.local/lib/python3.11/site-packages/airflow/example_dags/example_latest_only.py for tasks to queue
[2026-06-02T07:22:58.658+0000] {logging_mixin.py:188} INFO - [2026-06-02T07:22:58.657+0000] {dagbag.py:545} INFO - Filling up the DagBag from /home/airflow/.local/lib/python3.11/site-packages/airflow/example_dags/example_latest_only.py
[2026-06-02T07:22:58.665+0000] {processor.py:840} INFO - DAG(s) 'latest_only' retrieved from /home/airflow/.local/lib/python3.11/site-packages/airflow/example_dags/example_latest_only.py
[2026-06-02T07:22:58.690+0000] {logging_mixin.py:188} INFO - [2026-06-02T07:22:58.690+0000] {dag.py:3096} INFO - Sync 1 DAGs
[2026-06-02T07:22:58.717+0000] {logging_mixin.py:188} INFO - [2026-06-02T07:22:58.716+0000] {dag.py:3954} INFO - Setting next_dagrun for latest_only to 2026-06-02 00:00:00+00:00, run_after=2026-06-02 04:00:00+00:00
[2026-06-02T07:22:58.754+0000] {processor.py:183} INFO - Processing /home/airflow/.local/lib/python3.11/site-packages/airflow/example_dags/example_latest_only.py took 0.109 seconds
[2026-06-02T07:23:28.886+0000] {processor.py:161} INFO - Started process (PID=4215) to work on /home/airflow/.local/lib/python3.11/site-packages/airflow/example_dags/example_latest_only.py
[2026-06-02T07:23:28.888+0000] {processor.py:830} INFO - Processing file /home/airflow/.local/lib/python3.11/site-packages/airflow/example_dags/example_latest_only.py for tasks to queue
[2026-06-02T07:23:28.891+0000] {logging_mixin.py:188} INFO - [2026-06-02T07:23:28.890+0000] {dagbag.py:545} INFO - Filling up the DagBag from /home/airflow/.local/lib/python3.11/site-packages/airflow/example_dags/example_latest_only.py
[2026-06-02T07:23:28.898+0000] {processor.py:840} INFO - DAG(s) 'latest_only' retrieved from /home/airflow/.local/lib/python3.11/site-packages/airflow/example_dags/example_latest_only.py
[2026-06-02T07:23:28.923+0000] {logging_mixin.py:188} INFO - [2026-06-02T07:23:28.923+0000] {dag.py:3096} INFO - Sync 1 DAGs
[2026-06-02T07:23:28.945+0000] {logging_mixin.py:188} INFO - [2026-06-02T07:23:28.945+0000] {dag.py:3954} INFO - Setting next_dagrun for latest_only to 2026-06-02 00:00:00+00:00, run_after=2026-06-02 04:00:00+00:00
[2026-06-02T07:23:28.979+0000] {processor.py:183} INFO - Processing /home/airflow/.local/lib/python3.11/site-packages/airflow/example_dags/example_latest_only.py took 0.102 seconds
[2026-06-02T07:23:59.076+0000] {processor.py:161} INFO - Started process (PID=4491) to work on /home/airflow/.local/lib/python3.11/site-packages/airflow/example_dags/example_latest_only.py
[2026-06-02T07:23:59.078+0000] {processor.py:830} INFO - Processing file /home/airflow/.local/lib/python3.11/site-packages/airflow/example_dags/example_latest_only.py for tasks to queue
[2026-06-02T07:23:59.080+0000] {logging_mixin.py:188} INFO - [2026-06-02T07:23:59.080+0000] {dagbag.py:545} INFO - Filling up the DagBag from /home/airflow/.local/lib/python3.11/site-packages/airflow/example_dags/example_latest_only.py
[2026-06-02T07:23:59.089+0000] {processor.py:840} INFO - DAG(s) 'latest_only' retrieved from /home/airflow/.local/lib/python3.11/site-packages/airflow/example_dags/example_latest_only.py
[2026-06-02T07:23:59.118+0000] {logging_mixin.py:188} INFO - [2026-06-02T07:23:59.118+0000] {dag.py:3096} INFO - Sync 1 DAGs
[2026-06-02T07:23:59.148+0000] {logging_mixin.py:188} INFO - [2026-06-02T07:23:59.148+0000] {dag.py:3954} INFO - Setting next_dagrun for latest_only to 2026-06-02 00:00:00+00:00, run_after=2026-06-02 04:00:00+00:00
[2026-06-02T07:23:59.176+0000] {processor.py:183} INFO - Processing /home/airflow/.local/lib/python3.11/site-packages/airflow/example_dags/example_latest_only.py took 0.110 seconds
[2026-06-02T07:24:29.372+0000] {processor.py:161} INFO - Started process (PID=4765) to work on /home/airflow/.local/lib/python3.11/site-packages/airflow/example_dags/example_latest_only.py
[2026-06-02T07:24:29.374+0000] {processor.py:830} INFO - Processing file /home/airflow/.local/lib/python3.11/site-packages/airflow/example_dags/example_latest_only.py for tasks to queue
[2026-06-02T07:24:29.377+0000] {logging_mixin.py:188} INFO - [2026-06-02T07:24:29.377+0000] {dagbag.py:545} INFO - Filling up the DagBag from /home/airflow/.local/lib/python3.11/site-packages/airflow/example_dags/example_latest_only.py
[2026-06-02T07:24:29.387+0000] {processor.py:840} INFO - DAG(s) 'latest_only' retrieved from /home/airflow/.local/lib/python3.11/site-packages/airflow/example_dags/example_latest_only.py
[2026-06-02T07:24:29.418+0000] {logging_mixin.py:188} INFO - [2026-06-02T07:24:29.417+0000] {dag.py:3096} INFO - Sync 1 DAGs
[2026-06-02T07:24:29.447+0000] {logging_mixin.py:188} INFO - [2026-06-02T07:24:29.447+0000] {dag.py:3954} INFO - Setting next_dagrun for latest_only to 2026-06-02 00:00:00+00:00, run_after=2026-06-02 04:00:00+00:00
[2026-06-02T07:24:29.490+0000] {processor.py:183} INFO - Processing /home/airflow/.local/lib/python3.11/site-packages/airflow/example_dags/example_latest_only.py took 0.129 seconds
[2026-06-02T07:24:59.784+0000] {processor.py:161} INFO - Started process (PID=5041) to work on /home/airflow/.local/lib/python3.11/site-packages/airflow/example_dags/example_latest_only.py
[2026-06-02T07:24:59.786+0000] {processor.py:830} INFO - Processing file /home/airflow/.local/lib/python3.11/site-packages/airflow/example_dags/example_latest_only.py for tasks to queue
[2026-06-02T07:24:59.788+0000] {logging_mixin.py:188} INFO - [2026-06-02T07:24:59.788+0000] {dagbag.py:545} INFO - Filling up the DagBag from /home/airflow/.local/lib/python3.11/site-packages/airflow/example_dags/example_latest_only.py
[2026-06-02T07:24:59.797+0000] {processor.py:840} INFO - DAG(s) 'latest_only' retrieved from /home/airflow/.local/lib/python3.11/site-packages/airflow/example_dags/example_latest_only.py
[2026-06-02T07:24:59.826+0000] {logging_mixin.py:188} INFO - [2026-06-02T07:24:59.825+0000] {dag.py:3096} INFO - Sync 1 DAGs
[2026-06-02T07:24:59.857+0000] {logging_mixin.py:188} INFO - [2026-06-02T07:24:59.857+0000] {dag.py:3954} INFO - Setting next_dagrun for latest_only to 2026-06-02 00:00:00+00:00, run_after=2026-06-02 04:00:00+00:00
[2026-06-02T07:24:59.894+0000] {processor.py:183} INFO - Processing /home/airflow/.local/lib/python3.11/site-packages/airflow/example_dags/example_latest_only.py took 0.121 seconds
[2026-06-02T07:25:30.737+0000] {processor.py:161} INFO - Started process (PID=5319) to work on /home/airflow/.local/lib/python3.11/site-packages/airflow/example_dags/example_latest_only.py
[2026-06-02T07:25:30.738+0000] {processor.py:830} INFO - Processing file /home/airflow/.local/lib/python3.11/site-packages/airflow/example_dags/example_latest_only.py for tasks to queue
[2026-06-02T07:25:30.740+0000] {logging_mixin.py:188} INFO - [2026-06-02T07:25:30.740+0000] {dagbag.py:545} INFO - Filling up the DagBag from /home/airflow/.local/lib/python3.11/site-packages/airflow/example_dags/example_latest_only.py
[2026-06-02T07:25:30.747+0000] {processor.py:840} INFO - DAG(s) 'latest_only' retrieved from /home/airflow/.local/lib/python3.11/site-packages/airflow/example_dags/example_latest_only.py
[2026-06-02T07:25:30.774+0000] {logging_mixin.py:188} INFO - [2026-06-02T07:25:30.774+0000] {dag.py:3096} INFO - Sync 1 DAGs
[2026-06-02T07:25:30.800+0000] {logging_mixin.py:188} INFO - [2026-06-02T07:25:30.800+0000] {dag.py:3954} INFO - Setting next_dagrun for latest_only to 2026-06-02 00:00:00+00:00, run_after=2026-06-02 04:00:00+00:00
[2026-06-02T07:25:30.838+0000] {processor.py:183} INFO - Processing /home/airflow/.local/lib/python3.11/site-packages/airflow/example_dags/example_latest_only.py took 0.111 seconds
[2026-06-02T07:26:01.077+0000] {processor.py:161} INFO - Started process (PID=5593) to work on /home/airflow/.local/lib/python3.11/site-packages/airflow/example_dags/example_latest_only.py
[2026-06-02T07:26:01.079+0000] {processor.py:830} INFO - Processing file /home/airflow/.local/lib/python3.11/site-packages/airflow/example_dags/example_latest_only.py for tasks to queue
[2026-06-02T07:26:01.083+0000] {logging_mixin.py:188} INFO - [2026-06-02T07:26:01.082+0000] {dagbag.py:545} INFO - Filling up the DagBag from /home/airflow/.local/lib/python3.11/site-packages/airflow/example_dags/example_latest_only.py
[2026-06-02T07:26:01.092+0000] {processor.py:840} INFO - DAG(s) 'latest_only' retrieved from /home/airflow/.local/lib/python3.11/site-packages/airflow/example_dags/example_latest_only.py
[2026-06-02T07:26:01.129+0000] {logging_mixin.py:188} INFO - [2026-06-02T07:26:01.128+0000] {dag.py:3096} INFO - Sync 1 DAGs
[2026-06-02T07:26:01.171+0000] {logging_mixin.py:188} INFO - [2026-06-02T07:26:01.171+0000] {dag.py:3954} INFO - Setting next_dagrun for latest_only to 2026-06-02 00:00:00+00:00, run_after=2026-06-02 04:00:00+00:00
[2026-06-02T07:26:01.204+0000] {processor.py:183} INFO - Processing /home/airflow/.local/lib/python3.11/site-packages/airflow/example_dags/example_latest_only.py took 0.137 seconds
[2026-06-02T07:26:32.728+0000] {processor.py:161} INFO - Started process (PID=5871) to work on /home/airflow/.local/lib/python3.11/site-packages/airflow/example_dags/example_latest_only.py
[2026-06-02T07:26:32.729+0000] {processor.py:830} INFO - Processing file /home/airflow/.local/lib/python3.11/site-packages/airflow/example_dags/example_latest_only.py for tasks to queue
[2026-06-02T07:26:32.732+0000] {logging_mixin.py:188} INFO - [2026-06-02T07:26:32.731+0000] {dagbag.py:545} INFO - Filling up the DagBag from /home/airflow/.local/lib/python3.11/site-packages/airflow/example_dags/example_latest_only.py
[2026-06-02T07:26:32.739+0000] {processor.py:840} INFO - DAG(s) 'latest_only' retrieved from /home/airflow/.local/lib/python3.11/site-packages/airflow/example_dags/example_latest_only.py
[2026-06-02T07:26:32.768+0000] {logging_mixin.py:188} INFO - [2026-06-02T07:26:32.768+0000] {dag.py:3096} INFO - Sync 1 DAGs
[2026-06-02T07:26:32.796+0000] {logging_mixin.py:188} INFO - [2026-06-02T07:26:32.796+0000] {dag.py:3954} INFO - Setting next_dagrun for latest_only to 2026-06-02 00:00:00+00:00, run_after=2026-06-02 04:00:00+00:00
[2026-06-02T07:26:32.830+0000] {processor.py:183} INFO - Processing /home/airflow/.local/lib/python3.11/site-packages/airflow/example_dags/example_latest_only.py took 0.111 seconds
[2026-06-02T07:27:04.284+0000] {processor.py:161} INFO - Started process (PID=6145) to work on /home/airflow/.local/lib/python3.11/site-packages/airflow/example_dags/example_latest_only.py
[2026-06-02T07:27:04.287+0000] {processor.py:830} INFO - Processing file /home/airflow/.local/lib/python3.11/site-packages/airflow/example_dags/example_latest_only.py for tasks to queue
[2026-06-02T07:27:04.291+0000] {logging_mixin.py:188} INFO - [2026-06-02T07:27:04.291+0000] {dagbag.py:545} INFO - Filling up the DagBag from /home/airflow/.local/lib/python3.11/site-packages/airflow/example_dags/example_latest_only.py
[2026-06-02T07:27:04.306+0000] {processor.py:840} INFO - DAG(s) 'latest_only' retrieved from /home/airflow/.local/lib/python3.11/site-packages/airflow/example_dags/example_latest_only.py
[2026-06-02T07:27:04.351+0000] {logging_mixin.py:188} INFO - [2026-06-02T07:27:04.351+0000] {dag.py:3096} INFO - Sync 1 DAGs
[2026-06-02T07:27:04.391+0000] {logging_mixin.py:188} INFO - [2026-06-02T07:27:04.391+0000] {dag.py:3954} INFO - Setting next_dagrun for latest_only to 2026-06-02 00:00:00+00:00, run_after=2026-06-02 04:00:00+00:00
[2026-06-02T07:27:04.422+0000] {processor.py:183} INFO - Processing /home/airflow/.local/lib/python3.11/site-packages/airflow/example_dags/example_latest_only.py took 0.152 seconds
[2026-06-02T07:27:35.042+0000] {processor.py:161} INFO - Started process (PID=6407) to work on /home/airflow/.local/lib/python3.11/site-packages/airflow/example_dags/example_latest_only.py
[2026-06-02T07:27:35.044+0000] {processor.py:830} INFO - Processing file /home/airflow/.local/lib/python3.11/site-packages/airflow/example_dags/example_latest_only.py for tasks to queue
[2026-06-02T07:27:35.046+0000] {logging_mixin.py:188} INFO - [2026-06-02T07:27:35.045+0000] {dagbag.py:545} INFO - Filling up the DagBag from /home/airflow/.local/lib/python3.11/site-packages/airflow/example_dags/example_latest_only.py
[2026-06-02T07:27:35.054+0000] {processor.py:840} INFO - DAG(s) 'latest_only' retrieved from /home/airflow/.local/lib/python3.11/site-packages/airflow/example_dags/example_latest_only.py
[2026-06-02T07:27:35.079+0000] {logging_mixin.py:188} INFO - [2026-06-02T07:27:35.079+0000] {dag.py:3096} INFO - Sync 1 DAGs
[2026-06-02T07:27:35.105+0000] {logging_mixin.py:188} INFO - [2026-06-02T07:27:35.105+0000] {dag.py:3954} INFO - Setting next_dagrun for latest_only to 2026-06-02 00:00:00+00:00, run_after=2026-06-02 04:00:00+00:00
[2026-06-02T07:27:35.127+0000] {processor.py:183} INFO - Processing /home/airflow/.local/lib/python3.11/site-packages/airflow/example_dags/example_latest_only.py took 0.093 seconds
[2026-06-02T07:28:05.806+0000] {processor.py:161} INFO - Started process (PID=6683) to work on /home/airflow/.local/lib/python3.11/site-packages/airflow/example_dags/example_latest_only.py
[2026-06-02T07:28:05.808+0000] {processor.py:830} INFO - Processing file /home/airflow/.local/lib/python3.11/site-packages/airflow/example_dags/example_latest_only.py for tasks to queue
[2026-06-02T07:28:05.811+0000] {logging_mixin.py:188} INFO - [2026-06-02T07:28:05.810+0000] {dagbag.py:545} INFO - Filling up the DagBag from /home/airflow/.local/lib/python3.11/site-packages/airflow/example_dags/example_latest_only.py
[2026-06-02T07:28:05.822+0000] {processor.py:840} INFO - DAG(s) 'latest_only' retrieved from /home/airflow/.local/lib/python3.11/site-packages/airflow/example_dags/example_latest_only.py
[2026-06-02T07:28:05.862+0000] {logging_mixin.py:188} INFO - [2026-06-02T07:28:05.861+0000] {dag.py:3096} INFO - Sync 1 DAGs
[2026-06-02T07:28:05.904+0000] {logging_mixin.py:188} INFO - [2026-06-02T07:28:05.904+0000] {dag.py:3954} INFO - Setting next_dagrun for latest_only to 2026-06-02 00:00:00+00:00, run_after=2026-06-02 04:00:00+00:00
[2026-06-02T07:28:05.937+0000] {processor.py:183} INFO - Processing /home/airflow/.local/lib/python3.11/site-packages/airflow/example_dags/example_latest_only.py took 0.142 seconds
[2026-06-02T07:28:36.372+0000] {processor.py:161} INFO - Started process (PID=6959) to work on /home/airflow/.local/lib/python3.11/site-packages/airflow/example_dags/example_latest_only.py
[2026-06-02T07:28:36.374+0000] {processor.py:830} INFO - Processing file /home/airflow/.local/lib/python3.11/site-packages/airflow/example_dags/example_latest_only.py for tasks to queue
[2026-06-02T07:28:36.377+0000] {logging_mixin.py:188} INFO - [2026-06-02T07:28:36.376+0000] {dagbag.py:545} INFO - Filling up the DagBag from /home/airflow/.local/lib/python3.11/site-packages/airflow/example_dags/example_latest_only.py
[2026-06-02T07:28:36.383+0000] {processor.py:840} INFO - DAG(s) 'latest_only' retrieved from /home/airflow/.local/lib/python3.11/site-packages/airflow/example_dags/example_latest_only.py
[2026-06-02T07:28:36.408+0000] {logging_mixin.py:188} INFO - [2026-06-02T07:28:36.408+0000] {dag.py:3096} INFO - Sync 1 DAGs
[2026-06-02T07:28:36.432+0000] {logging_mixin.py:188} INFO - [2026-06-02T07:28:36.431+0000] {dag.py:3954} INFO - Setting next_dagrun for latest_only to 2026-06-02 00:00:00+00:00, run_after=2026-06-02 04:00:00+00:00
[2026-06-02T07:28:36.453+0000] {processor.py:183} INFO - Processing /home/airflow/.local/lib/python3.11/site-packages/airflow/example_dags/example_latest_only.py took 0.092 seconds
[2026-06-02T07:30:05.796+0000] {processor.py:161} INFO - Started process (PID=364) to work on /home/airflow/.local/lib/python3.11/site-packages/airflow/example_dags/example_latest_only.py
[2026-06-02T07:30:05.798+0000] {processor.py:830} INFO - Processing file /home/airflow/.local/lib/python3.11/site-packages/airflow/example_dags/example_latest_only.py for tasks to queue
[2026-06-02T07:30:05.802+0000] {logging_mixin.py:188} INFO - [2026-06-02T07:30:05.801+0000] {dagbag.py:545} INFO - Filling up the DagBag from /home/airflow/.local/lib/python3.11/site-packages/airflow/example_dags/example_latest_only.py
[2026-06-02T07:30:05.811+0000] {processor.py:840} INFO - DAG(s) 'latest_only' retrieved from /home/airflow/.local/lib/python3.11/site-packages/airflow/example_dags/example_latest_only.py
[2026-06-02T07:30:05.830+0000] {logging_mixin.py:188} INFO - [2026-06-02T07:30:05.830+0000] {dag.py:3096} INFO - Sync 1 DAGs
[2026-06-02T07:30:05.865+0000] {logging_mixin.py:188} INFO - [2026-06-02T07:30:05.865+0000] {dag.py:3954} INFO - Setting next_dagrun for latest_only to 2026-06-02 00:00:00+00:00, run_after=2026-06-02 04:00:00+00:00
[2026-06-02T07:30:05.890+0000] {processor.py:183} INFO - Processing /home/airflow/.local/lib/python3.11/site-packages/airflow/example_dags/example_latest_only.py took 0.102 seconds
[2026-06-02T07:30:36.676+0000] {processor.py:161} INFO - Started process (PID=640) to work on /home/airflow/.local/lib/python3.11/site-packages/airflow/example_dags/example_latest_only.py
[2026-06-02T07:30:36.678+0000] {processor.py:830} INFO - Processing file /home/airflow/.local/lib/python3.11/site-packages/airflow/example_dags/example_latest_only.py for tasks to queue
[2026-06-02T07:30:36.680+0000] {logging_mixin.py:188} INFO - [2026-06-02T07:30:36.680+0000] {dagbag.py:545} INFO - Filling up the DagBag from /home/airflow/.local/lib/python3.11/site-packages/airflow/example_dags/example_latest_only.py
[2026-06-02T07:30:36.685+0000] {processor.py:840} INFO - DAG(s) 'latest_only' retrieved from /home/airflow/.local/lib/python3.11/site-packages/airflow/example_dags/example_latest_only.py
[2026-06-02T07:30:36.799+0000] {logging_mixin.py:188} INFO - [2026-06-02T07:30:36.799+0000] {dag.py:3096} INFO - Sync 1 DAGs
[2026-06-02T07:30:36.815+0000] {logging_mixin.py:188} INFO - [2026-06-02T07:30:36.815+0000] {dag.py:3954} INFO - Setting next_dagrun for latest_only to 2026-06-02 00:00:00+00:00, run_after=2026-06-02 04:00:00+00:00
[2026-06-02T07:30:36.834+0000] {processor.py:183} INFO - Processing /home/airflow/.local/lib/python3.11/site-packages/airflow/example_dags/example_latest_only.py took 0.163 seconds
[2026-06-02T07:31:07.119+0000] {processor.py:161} INFO - Started process (PID=914) to work on /home/airflow/.local/lib/python3.11/site-packages/airflow/example_dags/example_latest_only.py
[2026-06-02T07:31:07.120+0000] {processor.py:830} INFO - Processing file /home/airflow/.local/lib/python3.11/site-packages/airflow/example_dags/example_latest_only.py for tasks to queue
[2026-06-02T07:31:07.122+0000] {logging_mixin.py:188} INFO - [2026-06-02T07:31:07.122+0000] {dagbag.py:545} INFO - Filling up the DagBag from /home/airflow/.local/lib/python3.11/site-packages/airflow/example_dags/example_latest_only.py
[2026-06-02T07:31:07.129+0000] {processor.py:840} INFO - DAG(s) 'latest_only' retrieved from /home/airflow/.local/lib/python3.11/site-packages/airflow/example_dags/example_latest_only.py
[2026-06-02T07:31:07.150+0000] {logging_mixin.py:188} INFO - [2026-06-02T07:31:07.150+0000] {dag.py:3096} INFO - Sync 1 DAGs
[2026-06-02T07:31:07.171+0000] {logging_mixin.py:188} INFO - [2026-06-02T07:31:07.171+0000] {dag.py:3954} INFO - Setting next_dagrun for latest_only to 2026-06-02 00:00:00+00:00, run_after=2026-06-02 04:00:00+00:00
[2026-06-02T07:31:07.202+0000] {processor.py:183} INFO - Processing /home/airflow/.local/lib/python3.11/site-packages/airflow/example_dags/example_latest_only.py took 0.090 seconds
[2026-06-02T07:31:37.324+0000] {processor.py:161} INFO - Started process (PID=1178) to work on /home/airflow/.local/lib/python3.11/site-packages/airflow/example_dags/example_latest_only.py
[2026-06-02T07:31:37.325+0000] {processor.py:830} INFO - Processing file /home/airflow/.local/lib/python3.11/site-packages/airflow/example_dags/example_latest_only.py for tasks to queue
[2026-06-02T07:31:37.328+0000] {logging_mixin.py:188} INFO - [2026-06-02T07:31:37.327+0000] {dagbag.py:545} INFO - Filling up the DagBag from /home/airflow/.local/lib/python3.11/site-packages/airflow/example_dags/example_latest_only.py
[2026-06-02T07:31:37.334+0000] {processor.py:840} INFO - DAG(s) 'latest_only' retrieved from /home/airflow/.local/lib/python3.11/site-packages/airflow/example_dags/example_latest_only.py
[2026-06-02T07:31:37.359+0000] {logging_mixin.py:188} INFO - [2026-06-02T07:31:37.359+0000] {dag.py:3096} INFO - Sync 1 DAGs
[2026-06-02T07:31:37.382+0000] {logging_mixin.py:188} INFO - [2026-06-02T07:31:37.382+0000] {dag.py:3954} INFO - Setting next_dagrun for latest_only to 2026-06-02 00:00:00+00:00, run_after=2026-06-02 04:00:00+00:00
[2026-06-02T07:31:37.413+0000] {processor.py:183} INFO - Processing /home/airflow/.local/lib/python3.11/site-packages/airflow/example_dags/example_latest_only.py took 0.095 seconds
[2026-06-02T07:32:07.892+0000] {processor.py:161} INFO - Started process (PID=1454) to work on /home/airflow/.local/lib/python3.11/site-packages/airflow/example_dags/example_latest_only.py
[2026-06-02T07:32:07.893+0000] {processor.py:830} INFO - Processing file /home/airflow/.local/lib/python3.11/site-packages/airflow/example_dags/example_latest_only.py for tasks to queue
[2026-06-02T07:32:07.895+0000] {logging_mixin.py:188} INFO - [2026-06-02T07:32:07.895+0000] {dagbag.py:545} INFO - Filling up the DagBag from /home/airflow/.local/lib/python3.11/site-packages/airflow/example_dags/example_latest_only.py
[2026-06-02T07:32:07.901+0000] {processor.py:840} INFO - DAG(s) 'latest_only' retrieved from /home/airflow/.local/lib/python3.11/site-packages/airflow/example_dags/example_latest_only.py
[2026-06-02T07:32:07.922+0000] {logging_mixin.py:188} INFO - [2026-06-02T07:32:07.921+0000] {dag.py:3096} INFO - Sync 1 DAGs
[2026-06-02T07:32:07.941+0000] {logging_mixin.py:188} INFO - [2026-06-02T07:32:07.941+0000] {dag.py:3954} INFO - Setting next_dagrun for latest_only to 2026-06-02 00:00:00+00:00, run_after=2026-06-02 04:00:00+00:00
[2026-06-02T07:32:07.968+0000] {processor.py:183} INFO - Processing /home/airflow/.local/lib/python3.11/site-packages/airflow/example_dags/example_latest_only.py took 0.082 seconds
[2026-06-02T07:32:38.917+0000] {processor.py:161} INFO - Started process (PID=1728) to work on /home/airflow/.local/lib/python3.11/site-packages/airflow/example_dags/example_latest_only.py
[2026-06-02T07:32:38.918+0000] {processor.py:830} INFO - Processing file /home/airflow/.local/lib/python3.11/site-packages/airflow/example_dags/example_latest_only.py for tasks to queue
[2026-06-02T07:32:38.920+0000] {logging_mixin.py:188} INFO - [2026-06-02T07:32:38.920+0000] {dagbag.py:545} INFO - Filling up the DagBag from /home/airflow/.local/lib/python3.11/site-packages/airflow/example_dags/example_latest_only.py
[2026-06-02T07:32:38.926+0000] {processor.py:840} INFO - DAG(s) 'latest_only' retrieved from /home/airflow/.local/lib/python3.11/site-packages/airflow/example_dags/example_latest_only.py
[2026-06-02T07:32:38.947+0000] {logging_mixin.py:188} INFO - [2026-06-02T07:32:38.947+0000] {dag.py:3096} INFO - Sync 1 DAGs
[2026-06-02T07:32:38.970+0000] {logging_mixin.py:188} INFO - [2026-06-02T07:32:38.970+0000] {dag.py:3954} INFO - Setting next_dagrun for latest_only to 2026-06-02 00:00:00+00:00, run_after=2026-06-02 04:00:00+00:00
[2026-06-02T07:32:39.001+0000] {processor.py:183} INFO - Processing /home/airflow/.local/lib/python3.11/site-packages/airflow/example_dags/example_latest_only.py took 0.092 seconds
[2026-06-02T07:33:09.088+0000] {processor.py:161} INFO - Started process (PID=2004) to work on /home/airflow/.local/lib/python3.11/site-packages/airflow/example_dags/example_latest_only.py
[2026-06-02T07:33:09.089+0000] {processor.py:830} INFO - Processing file /home/airflow/.local/lib/python3.11/site-packages/airflow/example_dags/example_latest_only.py for tasks to queue
[2026-06-02T07:33:09.091+0000] {logging_mixin.py:188} INFO - [2026-06-02T07:33:09.091+0000] {dagbag.py:545} INFO - Filling up the DagBag from /home/airflow/.local/lib/python3.11/site-packages/airflow/example_dags/example_latest_only.py
[2026-06-02T07:33:09.096+0000] {processor.py:840} INFO - DAG(s) 'latest_only' retrieved from /home/airflow/.local/lib/python3.11/site-packages/airflow/example_dags/example_latest_only.py
[2026-06-02T07:33:09.115+0000] {logging_mixin.py:188} INFO - [2026-06-02T07:33:09.115+0000] {dag.py:3096} INFO - Sync 1 DAGs
[2026-06-02T07:33:09.135+0000] {logging_mixin.py:188} INFO - [2026-06-02T07:33:09.135+0000] {dag.py:3954} INFO - Setting next_dagrun for latest_only to 2026-06-02 00:00:00+00:00, run_after=2026-06-02 04:00:00+00:00
[2026-06-02T07:33:09.156+0000] {processor.py:183} INFO - Processing /home/airflow/.local/lib/python3.11/site-packages/airflow/example_dags/example_latest_only.py took 0.073 seconds
[2026-06-02T07:33:40.319+0000] {processor.py:161} INFO - Started process (PID=2280) to work on /home/airflow/.local/lib/python3.11/site-packages/airflow/example_dags/example_latest_only.py
[2026-06-02T07:33:40.320+0000] {processor.py:830} INFO - Processing file /home/airflow/.local/lib/python3.11/site-packages/airflow/example_dags/example_latest_only.py for tasks to queue
[2026-06-02T07:33:40.322+0000] {logging_mixin.py:188} INFO - [2026-06-02T07:33:40.322+0000] {dagbag.py:545} INFO - Filling up the DagBag from /home/airflow/.local/lib/python3.11/site-packages/airflow/example_dags/example_latest_only.py
[2026-06-02T07:33:40.327+0000] {processor.py:840} INFO - DAG(s) 'latest_only' retrieved from /home/airflow/.local/lib/python3.11/site-packages/airflow/example_dags/example_latest_only.py
[2026-06-02T07:33:40.352+0000] {logging_mixin.py:188} INFO - [2026-06-02T07:33:40.352+0000] {dag.py:3096} INFO - Sync 1 DAGs
[2026-06-02T07:33:40.379+0000] {logging_mixin.py:188} INFO - [2026-06-02T07:33:40.379+0000] {dag.py:3954} INFO - Setting next_dagrun for latest_only to 2026-06-02 00:00:00+00:00, run_after=2026-06-02 04:00:00+00:00
[2026-06-02T07:33:40.399+0000] {processor.py:183} INFO - Processing /home/airflow/.local/lib/python3.11/site-packages/airflow/example_dags/example_latest_only.py took 0.086 seconds
[2026-06-02T07:34:11.393+0000] {processor.py:161} INFO - Started process (PID=2558) to work on /home/airflow/.local/lib/python3.11/site-packages/airflow/example_dags/example_latest_only.py
[2026-06-02T07:34:11.395+0000] {processor.py:830} INFO - Processing file /home/airflow/.local/lib/python3.11/site-packages/airflow/example_dags/example_latest_only.py for tasks to queue
[2026-06-02T07:34:11.397+0000] {logging_mixin.py:188} INFO - [2026-06-02T07:34:11.397+0000] {dagbag.py:545} INFO - Filling up the DagBag from /home/airflow/.local/lib/python3.11/site-packages/airflow/example_dags/example_latest_only.py
[2026-06-02T07:34:11.402+0000] {processor.py:840} INFO - DAG(s) 'latest_only' retrieved from /home/airflow/.local/lib/python3.11/site-packages/airflow/example_dags/example_latest_only.py
[2026-06-02T07:34:11.424+0000] {logging_mixin.py:188} INFO - [2026-06-02T07:34:11.424+0000] {dag.py:3096} INFO - Sync 1 DAGs
[2026-06-02T07:34:11.443+0000] {logging_mixin.py:188} INFO - [2026-06-02T07:34:11.443+0000] {dag.py:3954} INFO - Setting next_dagrun for latest_only to 2026-06-02 00:00:00+00:00, run_after=2026-06-02 04:00:00+00:00
[2026-06-02T07:34:11.472+0000] {processor.py:183} INFO - Processing /home/airflow/.local/lib/python3.11/site-packages/airflow/example_dags/example_latest_only.py took 0.086 seconds
[2026-06-02T07:34:43.180+0000] {processor.py:161} INFO - Started process (PID=2834) to work on /home/airflow/.local/lib/python3.11/site-packages/airflow/example_dags/example_latest_only.py
[2026-06-02T07:34:43.183+0000] {processor.py:830} INFO - Processing file /home/airflow/.local/lib/python3.11/site-packages/airflow/example_dags/example_latest_only.py for tasks to queue
[2026-06-02T07:34:43.185+0000] {logging_mixin.py:188} INFO - [2026-06-02T07:34:43.185+0000] {dagbag.py:545} INFO - Filling up the DagBag from /home/airflow/.local/lib/python3.11/site-packages/airflow/example_dags/example_latest_only.py
[2026-06-02T07:34:43.193+0000] {processor.py:840} INFO - DAG(s) 'latest_only' retrieved from /home/airflow/.local/lib/python3.11/site-packages/airflow/example_dags/example_latest_only.py
[2026-06-02T07:34:43.229+0000] {logging_mixin.py:188} INFO - [2026-06-02T07:34:43.229+0000] {dag.py:3096} INFO - Sync 1 DAGs
[2026-06-02T07:34:43.262+0000] {logging_mixin.py:188} INFO - [2026-06-02T07:34:43.261+0000] {dag.py:3954} INFO - Setting next_dagrun for latest_only to 2026-06-02 00:00:00+00:00, run_after=2026-06-02 04:00:00+00:00
[2026-06-02T07:34:43.300+0000] {processor.py:183} INFO - Processing /home/airflow/.local/lib/python3.11/site-packages/airflow/example_dags/example_latest_only.py took 0.130 seconds
[2026-06-02T07:35:13.392+0000] {processor.py:161} INFO - Started process (PID=3110) to work on /home/airflow/.local/lib/python3.11/site-packages/airflow/example_dags/example_latest_only.py
[2026-06-02T07:35:13.395+0000] {processor.py:830} INFO - Processing file /home/airflow/.local/lib/python3.11/site-packages/airflow/example_dags/example_latest_only.py for tasks to queue
[2026-06-02T07:35:13.398+0000] {logging_mixin.py:188} INFO - [2026-06-02T07:35:13.397+0000] {dagbag.py:545} INFO - Filling up the DagBag from /home/airflow/.local/lib/python3.11/site-packages/airflow/example_dags/example_latest_only.py
[2026-06-02T07:35:13.405+0000] {processor.py:840} INFO - DAG(s) 'latest_only' retrieved from /home/airflow/.local/lib/python3.11/site-packages/airflow/example_dags/example_latest_only.py
[2026-06-02T07:35:13.438+0000] {logging_mixin.py:188} INFO - [2026-06-02T07:35:13.437+0000] {dag.py:3096} INFO - Sync 1 DAGs
[2026-06-02T07:35:13.467+0000] {logging_mixin.py:188} INFO - [2026-06-02T07:35:13.467+0000] {dag.py:3954} INFO - Setting next_dagrun for latest_only to 2026-06-02 00:00:00+00:00, run_after=2026-06-02 04:00:00+00:00
[2026-06-02T07:35:13.490+0000] {processor.py:183} INFO - Processing /home/airflow/.local/lib/python3.11/site-packages/airflow/example_dags/example_latest_only.py took 0.106 seconds
[2026-06-02T07:35:43.721+0000] {processor.py:161} INFO - Started process (PID=3386) to work on /home/airflow/.local/lib/python3.11/site-packages/airflow/example_dags/example_latest_only.py
[2026-06-02T07:35:43.722+0000] {processor.py:830} INFO - Processing file /home/airflow/.local/lib/python3.11/site-packages/airflow/example_dags/example_latest_only.py for tasks to queue
[2026-06-02T07:35:43.724+0000] {logging_mixin.py:188} INFO - [2026-06-02T07:35:43.724+0000] {dagbag.py:545} INFO - Filling up the DagBag from /home/airflow/.local/lib/python3.11/site-packages/airflow/example_dags/example_latest_only.py
[2026-06-02T07:35:43.730+0000] {processor.py:840} INFO - DAG(s) 'latest_only' retrieved from /home/airflow/.local/lib/python3.11/site-packages/airflow/example_dags/example_latest_only.py
[2026-06-02T07:35:43.759+0000] {logging_mixin.py:188} INFO - [2026-06-02T07:35:43.758+0000] {dag.py:3096} INFO - Sync 1 DAGs
[2026-06-02T07:35:43.782+0000] {logging_mixin.py:188} INFO - [2026-06-02T07:35:43.782+0000] {dag.py:3954} INFO - Setting next_dagrun for latest_only to 2026-06-02 00:00:00+00:00, run_after=2026-06-02 04:00:00+00:00
[2026-06-02T07:35:43.813+0000] {processor.py:183} INFO - Processing /home/airflow/.local/lib/python3.11/site-packages/airflow/example_dags/example_latest_only.py took 0.103 seconds
[2026-06-02T07:36:13.918+0000] {processor.py:161} INFO - Started process (PID=3662) to work on /home/airflow/.local/lib/python3.11/site-packages/airflow/example_dags/example_latest_only.py
[2026-06-02T07:36:13.919+0000] {processor.py:830} INFO - Processing file /home/airflow/.local/lib/python3.11/site-packages/airflow/example_dags/example_latest_only.py for tasks to queue
[2026-06-02T07:36:13.921+0000] {logging_mixin.py:188} INFO - [2026-06-02T07:36:13.921+0000] {dagbag.py:545} INFO - Filling up the DagBag from /home/airflow/.local/lib/python3.11/site-packages/airflow/example_dags/example_latest_only.py
[2026-06-02T07:36:13.926+0000] {processor.py:840} INFO - DAG(s) 'latest_only' retrieved from /home/airflow/.local/lib/python3.11/site-packages/airflow/example_dags/example_latest_only.py
[2026-06-02T07:36:13.946+0000] {logging_mixin.py:188} INFO - [2026-06-02T07:36:13.946+0000] {dag.py:3096} INFO - Sync 1 DAGs
[2026-06-02T07:36:13.967+0000] {logging_mixin.py:188} INFO - [2026-06-02T07:36:13.967+0000] {dag.py:3954} INFO - Setting next_dagrun for latest_only to 2026-06-02 00:00:00+00:00, run_after=2026-06-02 04:00:00+00:00
[2026-06-02T07:36:13.995+0000] {processor.py:183} INFO - Processing /home/airflow/.local/lib/python3.11/site-packages/airflow/example_dags/example_latest_only.py took 0.083 seconds
[2026-06-02T07:36:44.392+0000] {processor.py:161} INFO - Started process (PID=3938) to work on /home/airflow/.local/lib/python3.11/site-packages/airflow/example_dags/example_latest_only.py
[2026-06-02T07:36:44.394+0000] {processor.py:830} INFO - Processing file /home/airflow/.local/lib/python3.11/site-packages/airflow/example_dags/example_latest_only.py for tasks to queue
[2026-06-02T07:36:44.397+0000] {logging_mixin.py:188} INFO - [2026-06-02T07:36:44.396+0000] {dagbag.py:545} INFO - Filling up the DagBag from /home/airflow/.local/lib/python3.11/site-packages/airflow/example_dags/example_latest_only.py
[2026-06-02T07:36:44.401+0000] {processor.py:840} INFO - DAG(s) 'latest_only' retrieved from /home/airflow/.local/lib/python3.11/site-packages/airflow/example_dags/example_latest_only.py
[2026-06-02T07:36:44.423+0000] {logging_mixin.py:188} INFO - [2026-06-02T07:36:44.423+0000] {dag.py:3096} INFO - Sync 1 DAGs
[2026-06-02T07:36:44.443+0000] {logging_mixin.py:188} INFO - [2026-06-02T07:36:44.443+0000] {dag.py:3954} INFO - Setting next_dagrun for latest_only to 2026-06-02 00:00:00+00:00, run_after=2026-06-02 04:00:00+00:00
[2026-06-02T07:36:44.463+0000] {processor.py:183} INFO - Processing /home/airflow/.local/lib/python3.11/site-packages/airflow/example_dags/example_latest_only.py took 0.077 seconds
[2026-06-02T07:37:15.173+0000] {processor.py:161} INFO - Started process (PID=4214) to work on /home/airflow/.local/lib/python3.11/site-packages/airflow/example_dags/example_latest_only.py
[2026-06-02T07:37:15.174+0000] {processor.py:830} INFO - Processing file /home/airflow/.local/lib/python3.11/site-packages/airflow/example_dags/example_latest_only.py for tasks to queue
[2026-06-02T07:37:15.177+0000] {logging_mixin.py:188} INFO - [2026-06-02T07:37:15.177+0000] {dagbag.py:545} INFO - Filling up the DagBag from /home/airflow/.local/lib/python3.11/site-packages/airflow/example_dags/example_latest_only.py
[2026-06-02T07:37:15.184+0000] {processor.py:840} INFO - DAG(s) 'latest_only' retrieved from /home/airflow/.local/lib/python3.11/site-packages/airflow/example_dags/example_latest_only.py
[2026-06-02T07:37:15.209+0000] {logging_mixin.py:188} INFO - [2026-06-02T07:37:15.209+0000] {dag.py:3096} INFO - Sync 1 DAGs
[2026-06-02T07:37:15.230+0000] {logging_mixin.py:188} INFO - [2026-06-02T07:37:15.230+0000] {dag.py:3954} INFO - Setting next_dagrun for latest_only to 2026-06-02 00:00:00+00:00, run_after=2026-06-02 04:00:00+00:00
[2026-06-02T07:37:15.263+0000] {processor.py:183} INFO - Processing /home/airflow/.local/lib/python3.11/site-packages/airflow/example_dags/example_latest_only.py took 0.096 seconds
[2026-06-02T07:37:45.832+0000] {processor.py:161} INFO - Started process (PID=4490) to work on /home/airflow/.local/lib/python3.11/site-packages/airflow/example_dags/example_latest_only.py
[2026-06-02T07:37:45.833+0000] {processor.py:830} INFO - Processing file /home/airflow/.local/lib/python3.11/site-packages/airflow/example_dags/example_latest_only.py for tasks to queue
[2026-06-02T07:37:45.835+0000] {logging_mixin.py:188} INFO - [2026-06-02T07:37:45.835+0000] {dagbag.py:545} INFO - Filling up the DagBag from /home/airflow/.local/lib/python3.11/site-packages/airflow/example_dags/example_latest_only.py
[2026-06-02T07:37:45.843+0000] {processor.py:840} INFO - DAG(s) 'latest_only' retrieved from /home/airflow/.local/lib/python3.11/site-packages/airflow/example_dags/example_latest_only.py
[2026-06-02T07:37:45.871+0000] {logging_mixin.py:188} INFO - [2026-06-02T07:37:45.871+0000] {dag.py:3096} INFO - Sync 1 DAGs
[2026-06-02T07:37:45.897+0000] {logging_mixin.py:188} INFO - [2026-06-02T07:37:45.897+0000] {dag.py:3954} INFO - Setting next_dagrun for latest_only to 2026-06-02 00:00:00+00:00, run_after=2026-06-02 04:00:00+00:00
[2026-06-02T07:37:45.931+0000] {processor.py:183} INFO - Processing /home/airflow/.local/lib/python3.11/site-packages/airflow/example_dags/example_latest_only.py took 0.109 seconds
[2026-06-02T07:38:16.619+0000] {processor.py:161} INFO - Started process (PID=4766) to work on /home/airflow/.local/lib/python3.11/site-packages/airflow/example_dags/example_latest_only.py
[2026-06-02T07:38:16.620+0000] {processor.py:830} INFO - Processing file /home/airflow/.local/lib/python3.11/site-packages/airflow/example_dags/example_latest_only.py for tasks to queue
[2026-06-02T07:38:16.623+0000] {logging_mixin.py:188} INFO - [2026-06-02T07:38:16.622+0000] {dagbag.py:545} INFO - Filling up the DagBag from /home/airflow/.local/lib/python3.11/site-packages/airflow/example_dags/example_latest_only.py
[2026-06-02T07:38:16.629+0000] {processor.py:840} INFO - DAG(s) 'latest_only' retrieved from /home/airflow/.local/lib/python3.11/site-packages/airflow/example_dags/example_latest_only.py
[2026-06-02T07:38:16.650+0000] {logging_mixin.py:188} INFO - [2026-06-02T07:38:16.650+0000] {dag.py:3096} INFO - Sync 1 DAGs
[2026-06-02T07:38:16.677+0000] {logging_mixin.py:188} INFO - [2026-06-02T07:38:16.677+0000] {dag.py:3954} INFO - Setting next_dagrun for latest_only to 2026-06-02 00:00:00+00:00, run_after=2026-06-02 04:00:00+00:00
[2026-06-02T07:38:16.707+0000] {processor.py:183} INFO - Processing /home/airflow/.local/lib/python3.11/site-packages/airflow/example_dags/example_latest_only.py took 0.095 seconds
