[2026-06-02T04:47:09.113+0000] {processor.py:161} INFO - Started process (PID=430) to work on /home/airflow/.local/lib/python3.11/site-packages/airflow/example_dags/example_local_kubernetes_executor.py
[2026-06-02T04:47:09.115+0000] {processor.py:830} INFO - Processing file /home/airflow/.local/lib/python3.11/site-packages/airflow/example_dags/example_local_kubernetes_executor.py for tasks to queue
[2026-06-02T04:47:09.119+0000] {logging_mixin.py:188} INFO - [2026-06-02T04:47:09.118+0000] {dagbag.py:545} INFO - Filling up the DagBag from /home/airflow/.local/lib/python3.11/site-packages/airflow/example_dags/example_local_kubernetes_executor.py
[2026-06-02T04:47:09.129+0000] {processor.py:840} INFO - DAG(s) 'example_local_kubernetes_executor' retrieved from /home/airflow/.local/lib/python3.11/site-packages/airflow/example_dags/example_local_kubernetes_executor.py
[2026-06-02T04:47:09.186+0000] {logging_mixin.py:188} INFO - [2026-06-02T04:47:09.186+0000] {dag.py:3096} INFO - Sync 1 DAGs
[2026-06-02T04:47:09.202+0000] {logging_mixin.py:188} INFO - [2026-06-02T04:47:09.202+0000] {dag.py:3954} INFO - Setting next_dagrun for example_local_kubernetes_executor to None, run_after=None
[2026-06-02T04:47:09.223+0000] {processor.py:183} INFO - Processing /home/airflow/.local/lib/python3.11/site-packages/airflow/example_dags/example_local_kubernetes_executor.py took 0.122 seconds
[2026-06-02T04:47:42.416+0000] {processor.py:161} INFO - Started process (PID=717) to work on /home/airflow/.local/lib/python3.11/site-packages/airflow/example_dags/example_local_kubernetes_executor.py
[2026-06-02T04:47:42.417+0000] {processor.py:830} INFO - Processing file /home/airflow/.local/lib/python3.11/site-packages/airflow/example_dags/example_local_kubernetes_executor.py for tasks to queue
[2026-06-02T04:47:42.420+0000] {logging_mixin.py:188} INFO - [2026-06-02T04:47:42.420+0000] {dagbag.py:545} INFO - Filling up the DagBag from /home/airflow/.local/lib/python3.11/site-packages/airflow/example_dags/example_local_kubernetes_executor.py
[2026-06-02T04:47:42.431+0000] {processor.py:840} INFO - DAG(s) 'example_local_kubernetes_executor' retrieved from /home/airflow/.local/lib/python3.11/site-packages/airflow/example_dags/example_local_kubernetes_executor.py
[2026-06-02T04:47:42.483+0000] {logging_mixin.py:188} INFO - [2026-06-02T04:47:42.482+0000] {dag.py:3096} INFO - Sync 1 DAGs
[2026-06-02T04:47:42.501+0000] {logging_mixin.py:188} INFO - [2026-06-02T04:47:42.501+0000] {dag.py:3954} INFO - Setting next_dagrun for example_local_kubernetes_executor to None, run_after=None
[2026-06-02T04:47:42.529+0000] {processor.py:183} INFO - Processing /home/airflow/.local/lib/python3.11/site-packages/airflow/example_dags/example_local_kubernetes_executor.py took 0.120 seconds
[2026-06-02T04:48:12.819+0000] {processor.py:161} INFO - Started process (PID=993) to work on /home/airflow/.local/lib/python3.11/site-packages/airflow/example_dags/example_local_kubernetes_executor.py
[2026-06-02T04:48:12.821+0000] {processor.py:830} INFO - Processing file /home/airflow/.local/lib/python3.11/site-packages/airflow/example_dags/example_local_kubernetes_executor.py for tasks to queue
[2026-06-02T04:48:12.824+0000] {logging_mixin.py:188} INFO - [2026-06-02T04:48:12.823+0000] {dagbag.py:545} INFO - Filling up the DagBag from /home/airflow/.local/lib/python3.11/site-packages/airflow/example_dags/example_local_kubernetes_executor.py
[2026-06-02T04:48:12.835+0000] {processor.py:840} INFO - DAG(s) 'example_local_kubernetes_executor' retrieved from /home/airflow/.local/lib/python3.11/site-packages/airflow/example_dags/example_local_kubernetes_executor.py
[2026-06-02T04:48:12.879+0000] {logging_mixin.py:188} INFO - [2026-06-02T04:48:12.879+0000] {dag.py:3096} INFO - Sync 1 DAGs
[2026-06-02T04:48:12.900+0000] {logging_mixin.py:188} INFO - [2026-06-02T04:48:12.899+0000] {dag.py:3954} INFO - Setting next_dagrun for example_local_kubernetes_executor to None, run_after=None
[2026-06-02T04:48:12.928+0000] {processor.py:183} INFO - Processing /home/airflow/.local/lib/python3.11/site-packages/airflow/example_dags/example_local_kubernetes_executor.py took 0.118 seconds
[2026-06-02T04:48:44.751+0000] {processor.py:161} INFO - Started process (PID=1303) to work on /home/airflow/.local/lib/python3.11/site-packages/airflow/example_dags/example_local_kubernetes_executor.py
[2026-06-02T04:48:44.752+0000] {processor.py:830} INFO - Processing file /home/airflow/.local/lib/python3.11/site-packages/airflow/example_dags/example_local_kubernetes_executor.py for tasks to queue
[2026-06-02T04:48:44.755+0000] {logging_mixin.py:188} INFO - [2026-06-02T04:48:44.754+0000] {dagbag.py:545} INFO - Filling up the DagBag from /home/airflow/.local/lib/python3.11/site-packages/airflow/example_dags/example_local_kubernetes_executor.py
[2026-06-02T04:48:44.765+0000] {processor.py:840} INFO - DAG(s) 'example_local_kubernetes_executor' retrieved from /home/airflow/.local/lib/python3.11/site-packages/airflow/example_dags/example_local_kubernetes_executor.py
[2026-06-02T04:48:44.819+0000] {logging_mixin.py:188} INFO - [2026-06-02T04:48:44.819+0000] {dag.py:3096} INFO - Sync 1 DAGs
[2026-06-02T04:48:44.839+0000] {logging_mixin.py:188} INFO - [2026-06-02T04:48:44.839+0000] {dag.py:3954} INFO - Setting next_dagrun for example_local_kubernetes_executor to None, run_after=None
[2026-06-02T04:48:44.877+0000] {processor.py:183} INFO - Processing /home/airflow/.local/lib/python3.11/site-packages/airflow/example_dags/example_local_kubernetes_executor.py took 0.137 seconds
[2026-06-02T04:49:15.396+0000] {processor.py:161} INFO - Started process (PID=1567) to work on /home/airflow/.local/lib/python3.11/site-packages/airflow/example_dags/example_local_kubernetes_executor.py
[2026-06-02T04:49:15.401+0000] {processor.py:830} INFO - Processing file /home/airflow/.local/lib/python3.11/site-packages/airflow/example_dags/example_local_kubernetes_executor.py for tasks to queue
[2026-06-02T04:49:15.421+0000] {logging_mixin.py:188} INFO - [2026-06-02T04:49:15.420+0000] {dagbag.py:545} INFO - Filling up the DagBag from /home/airflow/.local/lib/python3.11/site-packages/airflow/example_dags/example_local_kubernetes_executor.py
[2026-06-02T04:49:15.478+0000] {processor.py:840} INFO - DAG(s) 'example_local_kubernetes_executor' retrieved from /home/airflow/.local/lib/python3.11/site-packages/airflow/example_dags/example_local_kubernetes_executor.py
[2026-06-02T04:49:15.571+0000] {logging_mixin.py:188} INFO - [2026-06-02T04:49:15.571+0000] {dag.py:3096} INFO - Sync 1 DAGs
[2026-06-02T04:49:15.600+0000] {logging_mixin.py:188} INFO - [2026-06-02T04:49:15.600+0000] {dag.py:3954} INFO - Setting next_dagrun for example_local_kubernetes_executor to None, run_after=None
[2026-06-02T04:49:15.646+0000] {processor.py:183} INFO - Processing /home/airflow/.local/lib/python3.11/site-packages/airflow/example_dags/example_local_kubernetes_executor.py took 0.278 seconds
[2026-06-02T04:49:46.127+0000] {processor.py:161} INFO - Started process (PID=1843) to work on /home/airflow/.local/lib/python3.11/site-packages/airflow/example_dags/example_local_kubernetes_executor.py
[2026-06-02T04:49:46.129+0000] {processor.py:830} INFO - Processing file /home/airflow/.local/lib/python3.11/site-packages/airflow/example_dags/example_local_kubernetes_executor.py for tasks to queue
[2026-06-02T04:49:46.133+0000] {logging_mixin.py:188} INFO - [2026-06-02T04:49:46.132+0000] {dagbag.py:545} INFO - Filling up the DagBag from /home/airflow/.local/lib/python3.11/site-packages/airflow/example_dags/example_local_kubernetes_executor.py
[2026-06-02T04:49:46.146+0000] {processor.py:840} INFO - DAG(s) 'example_local_kubernetes_executor' retrieved from /home/airflow/.local/lib/python3.11/site-packages/airflow/example_dags/example_local_kubernetes_executor.py
[2026-06-02T04:49:46.212+0000] {logging_mixin.py:188} INFO - [2026-06-02T04:49:46.212+0000] {dag.py:3096} INFO - Sync 1 DAGs
[2026-06-02T04:49:46.242+0000] {logging_mixin.py:188} INFO - [2026-06-02T04:49:46.242+0000] {dag.py:3954} INFO - Setting next_dagrun for example_local_kubernetes_executor to None, run_after=None
[2026-06-02T04:49:46.296+0000] {processor.py:183} INFO - Processing /home/airflow/.local/lib/python3.11/site-packages/airflow/example_dags/example_local_kubernetes_executor.py took 0.180 seconds
[2026-06-02T04:50:17.051+0000] {processor.py:161} INFO - Started process (PID=2119) to work on /home/airflow/.local/lib/python3.11/site-packages/airflow/example_dags/example_local_kubernetes_executor.py
[2026-06-02T04:50:17.053+0000] {processor.py:830} INFO - Processing file /home/airflow/.local/lib/python3.11/site-packages/airflow/example_dags/example_local_kubernetes_executor.py for tasks to queue
[2026-06-02T04:50:17.056+0000] {logging_mixin.py:188} INFO - [2026-06-02T04:50:17.055+0000] {dagbag.py:545} INFO - Filling up the DagBag from /home/airflow/.local/lib/python3.11/site-packages/airflow/example_dags/example_local_kubernetes_executor.py
[2026-06-02T04:50:17.068+0000] {processor.py:840} INFO - DAG(s) 'example_local_kubernetes_executor' retrieved from /home/airflow/.local/lib/python3.11/site-packages/airflow/example_dags/example_local_kubernetes_executor.py
[2026-06-02T04:50:17.126+0000] {logging_mixin.py:188} INFO - [2026-06-02T04:50:17.126+0000] {dag.py:3096} INFO - Sync 1 DAGs
[2026-06-02T04:50:17.153+0000] {logging_mixin.py:188} INFO - [2026-06-02T04:50:17.153+0000] {dag.py:3954} INFO - Setting next_dagrun for example_local_kubernetes_executor to None, run_after=None
[2026-06-02T04:50:17.193+0000] {processor.py:183} INFO - Processing /home/airflow/.local/lib/python3.11/site-packages/airflow/example_dags/example_local_kubernetes_executor.py took 0.154 seconds
[2026-06-02T04:50:47.715+0000] {processor.py:161} INFO - Started process (PID=2393) to work on /home/airflow/.local/lib/python3.11/site-packages/airflow/example_dags/example_local_kubernetes_executor.py
[2026-06-02T04:50:47.717+0000] {processor.py:830} INFO - Processing file /home/airflow/.local/lib/python3.11/site-packages/airflow/example_dags/example_local_kubernetes_executor.py for tasks to queue
[2026-06-02T04:50:47.720+0000] {logging_mixin.py:188} INFO - [2026-06-02T04:50:47.719+0000] {dagbag.py:545} INFO - Filling up the DagBag from /home/airflow/.local/lib/python3.11/site-packages/airflow/example_dags/example_local_kubernetes_executor.py
[2026-06-02T04:50:47.734+0000] {processor.py:840} INFO - DAG(s) 'example_local_kubernetes_executor' retrieved from /home/airflow/.local/lib/python3.11/site-packages/airflow/example_dags/example_local_kubernetes_executor.py
[2026-06-02T04:50:47.816+0000] {logging_mixin.py:188} INFO - [2026-06-02T04:50:47.815+0000] {dag.py:3096} INFO - Sync 1 DAGs
[2026-06-02T04:50:47.844+0000] {logging_mixin.py:188} INFO - [2026-06-02T04:50:47.844+0000] {dag.py:3954} INFO - Setting next_dagrun for example_local_kubernetes_executor to None, run_after=None
[2026-06-02T04:50:47.878+0000] {processor.py:183} INFO - Processing /home/airflow/.local/lib/python3.11/site-packages/airflow/example_dags/example_local_kubernetes_executor.py took 0.177 seconds
[2026-06-02T04:51:18.353+0000] {processor.py:161} INFO - Started process (PID=2669) to work on /home/airflow/.local/lib/python3.11/site-packages/airflow/example_dags/example_local_kubernetes_executor.py
[2026-06-02T04:51:18.354+0000] {processor.py:830} INFO - Processing file /home/airflow/.local/lib/python3.11/site-packages/airflow/example_dags/example_local_kubernetes_executor.py for tasks to queue
[2026-06-02T04:51:18.360+0000] {logging_mixin.py:188} INFO - [2026-06-02T04:51:18.359+0000] {dagbag.py:545} INFO - Filling up the DagBag from /home/airflow/.local/lib/python3.11/site-packages/airflow/example_dags/example_local_kubernetes_executor.py
[2026-06-02T04:51:18.372+0000] {processor.py:840} INFO - DAG(s) 'example_local_kubernetes_executor' retrieved from /home/airflow/.local/lib/python3.11/site-packages/airflow/example_dags/example_local_kubernetes_executor.py
[2026-06-02T04:51:18.436+0000] {logging_mixin.py:188} INFO - [2026-06-02T04:51:18.436+0000] {dag.py:3096} INFO - Sync 1 DAGs
[2026-06-02T04:51:18.462+0000] {logging_mixin.py:188} INFO - [2026-06-02T04:51:18.462+0000] {dag.py:3954} INFO - Setting next_dagrun for example_local_kubernetes_executor to None, run_after=None
[2026-06-02T04:51:18.499+0000] {processor.py:183} INFO - Processing /home/airflow/.local/lib/python3.11/site-packages/airflow/example_dags/example_local_kubernetes_executor.py took 0.157 seconds
[2026-06-02T04:51:51.849+0000] {processor.py:161} INFO - Started process (PID=3003) to work on /home/airflow/.local/lib/python3.11/site-packages/airflow/example_dags/example_local_kubernetes_executor.py
[2026-06-02T04:51:51.867+0000] {processor.py:830} INFO - Processing file /home/airflow/.local/lib/python3.11/site-packages/airflow/example_dags/example_local_kubernetes_executor.py for tasks to queue
[2026-06-02T04:51:51.869+0000] {logging_mixin.py:188} INFO - [2026-06-02T04:51:51.869+0000] {dagbag.py:545} INFO - Filling up the DagBag from /home/airflow/.local/lib/python3.11/site-packages/airflow/example_dags/example_local_kubernetes_executor.py
[2026-06-02T04:51:51.906+0000] {processor.py:840} INFO - DAG(s) 'example_local_kubernetes_executor' retrieved from /home/airflow/.local/lib/python3.11/site-packages/airflow/example_dags/example_local_kubernetes_executor.py
[2026-06-02T04:51:52.048+0000] {logging_mixin.py:188} INFO - [2026-06-02T04:51:52.047+0000] {dag.py:3096} INFO - Sync 1 DAGs
[2026-06-02T04:51:52.074+0000] {logging_mixin.py:188} INFO - [2026-06-02T04:51:52.074+0000] {dag.py:3954} INFO - Setting next_dagrun for example_local_kubernetes_executor to None, run_after=None
[2026-06-02T04:51:52.144+0000] {processor.py:183} INFO - Processing /home/airflow/.local/lib/python3.11/site-packages/airflow/example_dags/example_local_kubernetes_executor.py took 0.317 seconds
[2026-06-02T04:52:22.463+0000] {processor.py:161} INFO - Started process (PID=3290) to work on /home/airflow/.local/lib/python3.11/site-packages/airflow/example_dags/example_local_kubernetes_executor.py
[2026-06-02T04:52:22.481+0000] {processor.py:830} INFO - Processing file /home/airflow/.local/lib/python3.11/site-packages/airflow/example_dags/example_local_kubernetes_executor.py for tasks to queue
[2026-06-02T04:52:22.504+0000] {logging_mixin.py:188} INFO - [2026-06-02T04:52:22.503+0000] {dagbag.py:545} INFO - Filling up the DagBag from /home/airflow/.local/lib/python3.11/site-packages/airflow/example_dags/example_local_kubernetes_executor.py
[2026-06-02T04:52:22.544+0000] {processor.py:840} INFO - DAG(s) 'example_local_kubernetes_executor' retrieved from /home/airflow/.local/lib/python3.11/site-packages/airflow/example_dags/example_local_kubernetes_executor.py
[2026-06-02T04:52:22.710+0000] {logging_mixin.py:188} INFO - [2026-06-02T04:52:22.710+0000] {dag.py:3096} INFO - Sync 1 DAGs
[2026-06-02T04:52:22.727+0000] {logging_mixin.py:188} INFO - [2026-06-02T04:52:22.727+0000] {dag.py:3954} INFO - Setting next_dagrun for example_local_kubernetes_executor to None, run_after=None
[2026-06-02T04:52:22.812+0000] {processor.py:183} INFO - Processing /home/airflow/.local/lib/python3.11/site-packages/airflow/example_dags/example_local_kubernetes_executor.py took 0.356 seconds
[2026-06-02T04:52:54.909+0000] {processor.py:161} INFO - Started process (PID=3566) to work on /home/airflow/.local/lib/python3.11/site-packages/airflow/example_dags/example_local_kubernetes_executor.py
[2026-06-02T04:52:54.919+0000] {processor.py:830} INFO - Processing file /home/airflow/.local/lib/python3.11/site-packages/airflow/example_dags/example_local_kubernetes_executor.py for tasks to queue
[2026-06-02T04:52:54.928+0000] {logging_mixin.py:188} INFO - [2026-06-02T04:52:54.928+0000] {dagbag.py:545} INFO - Filling up the DagBag from /home/airflow/.local/lib/python3.11/site-packages/airflow/example_dags/example_local_kubernetes_executor.py
[2026-06-02T04:52:54.964+0000] {processor.py:840} INFO - DAG(s) 'example_local_kubernetes_executor' retrieved from /home/airflow/.local/lib/python3.11/site-packages/airflow/example_dags/example_local_kubernetes_executor.py
[2026-06-02T04:52:55.124+0000] {logging_mixin.py:188} INFO - [2026-06-02T04:52:55.123+0000] {dag.py:3096} INFO - Sync 1 DAGs
[2026-06-02T04:52:55.203+0000] {logging_mixin.py:188} INFO - [2026-06-02T04:52:55.190+0000] {dag.py:3954} INFO - Setting next_dagrun for example_local_kubernetes_executor to None, run_after=None
[2026-06-02T04:52:55.474+0000] {processor.py:183} INFO - Processing /home/airflow/.local/lib/python3.11/site-packages/airflow/example_dags/example_local_kubernetes_executor.py took 0.597 seconds
[2026-06-02T04:53:29.999+0000] {processor.py:161} INFO - Started process (PID=3842) to work on /home/airflow/.local/lib/python3.11/site-packages/airflow/example_dags/example_local_kubernetes_executor.py
[2026-06-02T04:53:30.008+0000] {processor.py:830} INFO - Processing file /home/airflow/.local/lib/python3.11/site-packages/airflow/example_dags/example_local_kubernetes_executor.py for tasks to queue
[2026-06-02T04:53:30.029+0000] {logging_mixin.py:188} INFO - [2026-06-02T04:53:30.029+0000] {dagbag.py:545} INFO - Filling up the DagBag from /home/airflow/.local/lib/python3.11/site-packages/airflow/example_dags/example_local_kubernetes_executor.py
[2026-06-02T04:53:30.064+0000] {processor.py:840} INFO - DAG(s) 'example_local_kubernetes_executor' retrieved from /home/airflow/.local/lib/python3.11/site-packages/airflow/example_dags/example_local_kubernetes_executor.py
[2026-06-02T04:53:30.233+0000] {logging_mixin.py:188} INFO - [2026-06-02T04:53:30.233+0000] {dag.py:3096} INFO - Sync 1 DAGs
[2026-06-02T04:53:30.306+0000] {logging_mixin.py:188} INFO - [2026-06-02T04:53:30.306+0000] {dag.py:3954} INFO - Setting next_dagrun for example_local_kubernetes_executor to None, run_after=None
[2026-06-02T04:53:30.425+0000] {processor.py:183} INFO - Processing /home/airflow/.local/lib/python3.11/site-packages/airflow/example_dags/example_local_kubernetes_executor.py took 0.442 seconds
[2026-06-02T04:54:04.322+0000] {processor.py:161} INFO - Started process (PID=4118) to work on /home/airflow/.local/lib/python3.11/site-packages/airflow/example_dags/example_local_kubernetes_executor.py
[2026-06-02T04:54:04.326+0000] {processor.py:830} INFO - Processing file /home/airflow/.local/lib/python3.11/site-packages/airflow/example_dags/example_local_kubernetes_executor.py for tasks to queue
[2026-06-02T04:54:04.335+0000] {logging_mixin.py:188} INFO - [2026-06-02T04:54:04.334+0000] {dagbag.py:545} INFO - Filling up the DagBag from /home/airflow/.local/lib/python3.11/site-packages/airflow/example_dags/example_local_kubernetes_executor.py
[2026-06-02T04:54:04.352+0000] {processor.py:840} INFO - DAG(s) 'example_local_kubernetes_executor' retrieved from /home/airflow/.local/lib/python3.11/site-packages/airflow/example_dags/example_local_kubernetes_executor.py
[2026-06-02T04:54:04.531+0000] {logging_mixin.py:188} INFO - [2026-06-02T04:54:04.531+0000] {dag.py:3096} INFO - Sync 1 DAGs
[2026-06-02T04:54:04.599+0000] {logging_mixin.py:188} INFO - [2026-06-02T04:54:04.599+0000] {dag.py:3954} INFO - Setting next_dagrun for example_local_kubernetes_executor to None, run_after=None
[2026-06-02T04:54:04.699+0000] {processor.py:183} INFO - Processing /home/airflow/.local/lib/python3.11/site-packages/airflow/example_dags/example_local_kubernetes_executor.py took 0.403 seconds
[2026-06-02T04:54:36.602+0000] {processor.py:161} INFO - Started process (PID=4393) to work on /home/airflow/.local/lib/python3.11/site-packages/airflow/example_dags/example_local_kubernetes_executor.py
[2026-06-02T04:54:36.615+0000] {processor.py:830} INFO - Processing file /home/airflow/.local/lib/python3.11/site-packages/airflow/example_dags/example_local_kubernetes_executor.py for tasks to queue
[2026-06-02T04:54:36.625+0000] {logging_mixin.py:188} INFO - [2026-06-02T04:54:36.625+0000] {dagbag.py:545} INFO - Filling up the DagBag from /home/airflow/.local/lib/python3.11/site-packages/airflow/example_dags/example_local_kubernetes_executor.py
[2026-06-02T04:54:36.652+0000] {processor.py:840} INFO - DAG(s) 'example_local_kubernetes_executor' retrieved from /home/airflow/.local/lib/python3.11/site-packages/airflow/example_dags/example_local_kubernetes_executor.py
[2026-06-02T04:54:36.740+0000] {logging_mixin.py:188} INFO - [2026-06-02T04:54:36.739+0000] {dag.py:3096} INFO - Sync 1 DAGs
[2026-06-02T04:54:36.763+0000] {logging_mixin.py:188} INFO - [2026-06-02T04:54:36.763+0000] {dag.py:3954} INFO - Setting next_dagrun for example_local_kubernetes_executor to None, run_after=None
[2026-06-02T04:54:36.828+0000] {processor.py:183} INFO - Processing /home/airflow/.local/lib/python3.11/site-packages/airflow/example_dags/example_local_kubernetes_executor.py took 0.256 seconds
[2026-06-02T04:55:07.417+0000] {processor.py:161} INFO - Started process (PID=4663) to work on /home/airflow/.local/lib/python3.11/site-packages/airflow/example_dags/example_local_kubernetes_executor.py
[2026-06-02T04:55:07.431+0000] {processor.py:830} INFO - Processing file /home/airflow/.local/lib/python3.11/site-packages/airflow/example_dags/example_local_kubernetes_executor.py for tasks to queue
[2026-06-02T04:55:07.433+0000] {logging_mixin.py:188} INFO - [2026-06-02T04:55:07.432+0000] {dagbag.py:545} INFO - Filling up the DagBag from /home/airflow/.local/lib/python3.11/site-packages/airflow/example_dags/example_local_kubernetes_executor.py
[2026-06-02T04:55:07.458+0000] {processor.py:840} INFO - DAG(s) 'example_local_kubernetes_executor' retrieved from /home/airflow/.local/lib/python3.11/site-packages/airflow/example_dags/example_local_kubernetes_executor.py
[2026-06-02T04:55:07.651+0000] {logging_mixin.py:188} INFO - [2026-06-02T04:55:07.650+0000] {dag.py:3096} INFO - Sync 1 DAGs
[2026-06-02T04:55:07.695+0000] {logging_mixin.py:188} INFO - [2026-06-02T04:55:07.694+0000] {dag.py:3954} INFO - Setting next_dagrun for example_local_kubernetes_executor to None, run_after=None
[2026-06-02T04:55:07.803+0000] {processor.py:183} INFO - Processing /home/airflow/.local/lib/python3.11/site-packages/airflow/example_dags/example_local_kubernetes_executor.py took 0.405 seconds
[2026-06-02T04:55:38.097+0000] {processor.py:161} INFO - Started process (PID=4938) to work on /home/airflow/.local/lib/python3.11/site-packages/airflow/example_dags/example_local_kubernetes_executor.py
[2026-06-02T04:55:38.109+0000] {processor.py:830} INFO - Processing file /home/airflow/.local/lib/python3.11/site-packages/airflow/example_dags/example_local_kubernetes_executor.py for tasks to queue
[2026-06-02T04:55:38.111+0000] {logging_mixin.py:188} INFO - [2026-06-02T04:55:38.110+0000] {dagbag.py:545} INFO - Filling up the DagBag from /home/airflow/.local/lib/python3.11/site-packages/airflow/example_dags/example_local_kubernetes_executor.py
[2026-06-02T04:55:38.124+0000] {processor.py:840} INFO - DAG(s) 'example_local_kubernetes_executor' retrieved from /home/airflow/.local/lib/python3.11/site-packages/airflow/example_dags/example_local_kubernetes_executor.py
[2026-06-02T04:55:38.247+0000] {logging_mixin.py:188} INFO - [2026-06-02T04:55:38.247+0000] {dag.py:3096} INFO - Sync 1 DAGs
[2026-06-02T04:55:38.303+0000] {logging_mixin.py:188} INFO - [2026-06-02T04:55:38.302+0000] {dag.py:3954} INFO - Setting next_dagrun for example_local_kubernetes_executor to None, run_after=None
[2026-06-02T04:55:38.407+0000] {processor.py:183} INFO - Processing /home/airflow/.local/lib/python3.11/site-packages/airflow/example_dags/example_local_kubernetes_executor.py took 0.322 seconds
[2026-06-02T04:56:08.587+0000] {processor.py:161} INFO - Started process (PID=5212) to work on /home/airflow/.local/lib/python3.11/site-packages/airflow/example_dags/example_local_kubernetes_executor.py
[2026-06-02T04:56:08.589+0000] {processor.py:830} INFO - Processing file /home/airflow/.local/lib/python3.11/site-packages/airflow/example_dags/example_local_kubernetes_executor.py for tasks to queue
[2026-06-02T04:56:08.599+0000] {logging_mixin.py:188} INFO - [2026-06-02T04:56:08.599+0000] {dagbag.py:545} INFO - Filling up the DagBag from /home/airflow/.local/lib/python3.11/site-packages/airflow/example_dags/example_local_kubernetes_executor.py
[2026-06-02T04:56:08.626+0000] {processor.py:840} INFO - DAG(s) 'example_local_kubernetes_executor' retrieved from /home/airflow/.local/lib/python3.11/site-packages/airflow/example_dags/example_local_kubernetes_executor.py
[2026-06-02T04:56:08.747+0000] {logging_mixin.py:188} INFO - [2026-06-02T04:56:08.747+0000] {dag.py:3096} INFO - Sync 1 DAGs
[2026-06-02T04:56:08.801+0000] {logging_mixin.py:188} INFO - [2026-06-02T04:56:08.800+0000] {dag.py:3954} INFO - Setting next_dagrun for example_local_kubernetes_executor to None, run_after=None
[2026-06-02T04:56:08.867+0000] {processor.py:183} INFO - Processing /home/airflow/.local/lib/python3.11/site-packages/airflow/example_dags/example_local_kubernetes_executor.py took 0.304 seconds
[2026-06-02T04:56:39.811+0000] {processor.py:161} INFO - Started process (PID=5488) to work on /home/airflow/.local/lib/python3.11/site-packages/airflow/example_dags/example_local_kubernetes_executor.py
[2026-06-02T04:56:39.817+0000] {processor.py:830} INFO - Processing file /home/airflow/.local/lib/python3.11/site-packages/airflow/example_dags/example_local_kubernetes_executor.py for tasks to queue
[2026-06-02T04:56:39.819+0000] {logging_mixin.py:188} INFO - [2026-06-02T04:56:39.819+0000] {dagbag.py:545} INFO - Filling up the DagBag from /home/airflow/.local/lib/python3.11/site-packages/airflow/example_dags/example_local_kubernetes_executor.py
[2026-06-02T04:56:39.832+0000] {processor.py:840} INFO - DAG(s) 'example_local_kubernetes_executor' retrieved from /home/airflow/.local/lib/python3.11/site-packages/airflow/example_dags/example_local_kubernetes_executor.py
[2026-06-02T04:56:39.941+0000] {logging_mixin.py:188} INFO - [2026-06-02T04:56:39.940+0000] {dag.py:3096} INFO - Sync 1 DAGs
[2026-06-02T04:56:39.987+0000] {logging_mixin.py:188} INFO - [2026-06-02T04:56:39.987+0000] {dag.py:3954} INFO - Setting next_dagrun for example_local_kubernetes_executor to None, run_after=None
[2026-06-02T04:56:40.044+0000] {processor.py:183} INFO - Processing /home/airflow/.local/lib/python3.11/site-packages/airflow/example_dags/example_local_kubernetes_executor.py took 0.249 seconds
[2026-06-02T04:57:12.553+0000] {processor.py:161} INFO - Started process (PID=5764) to work on /home/airflow/.local/lib/python3.11/site-packages/airflow/example_dags/example_local_kubernetes_executor.py
[2026-06-02T04:57:12.572+0000] {processor.py:830} INFO - Processing file /home/airflow/.local/lib/python3.11/site-packages/airflow/example_dags/example_local_kubernetes_executor.py for tasks to queue
[2026-06-02T04:57:12.575+0000] {logging_mixin.py:188} INFO - [2026-06-02T04:57:12.574+0000] {dagbag.py:545} INFO - Filling up the DagBag from /home/airflow/.local/lib/python3.11/site-packages/airflow/example_dags/example_local_kubernetes_executor.py
[2026-06-02T04:57:12.615+0000] {processor.py:840} INFO - DAG(s) 'example_local_kubernetes_executor' retrieved from /home/airflow/.local/lib/python3.11/site-packages/airflow/example_dags/example_local_kubernetes_executor.py
[2026-06-02T04:57:12.844+0000] {logging_mixin.py:188} INFO - [2026-06-02T04:57:12.844+0000] {dag.py:3096} INFO - Sync 1 DAGs
[2026-06-02T04:57:12.878+0000] {logging_mixin.py:188} INFO - [2026-06-02T04:57:12.878+0000] {dag.py:3954} INFO - Setting next_dagrun for example_local_kubernetes_executor to None, run_after=None
[2026-06-02T04:57:12.928+0000] {processor.py:183} INFO - Processing /home/airflow/.local/lib/python3.11/site-packages/airflow/example_dags/example_local_kubernetes_executor.py took 0.399 seconds
[2026-06-02T04:57:43.201+0000] {processor.py:161} INFO - Started process (PID=6028) to work on /home/airflow/.local/lib/python3.11/site-packages/airflow/example_dags/example_local_kubernetes_executor.py
[2026-06-02T04:57:43.225+0000] {processor.py:830} INFO - Processing file /home/airflow/.local/lib/python3.11/site-packages/airflow/example_dags/example_local_kubernetes_executor.py for tasks to queue
[2026-06-02T04:57:43.238+0000] {logging_mixin.py:188} INFO - [2026-06-02T04:57:43.237+0000] {dagbag.py:545} INFO - Filling up the DagBag from /home/airflow/.local/lib/python3.11/site-packages/airflow/example_dags/example_local_kubernetes_executor.py
[2026-06-02T04:57:43.277+0000] {processor.py:840} INFO - DAG(s) 'example_local_kubernetes_executor' retrieved from /home/airflow/.local/lib/python3.11/site-packages/airflow/example_dags/example_local_kubernetes_executor.py
[2026-06-02T04:57:43.377+0000] {logging_mixin.py:188} INFO - [2026-06-02T04:57:43.377+0000] {dag.py:3096} INFO - Sync 1 DAGs
[2026-06-02T04:57:43.414+0000] {logging_mixin.py:188} INFO - [2026-06-02T04:57:43.414+0000] {dag.py:3954} INFO - Setting next_dagrun for example_local_kubernetes_executor to None, run_after=None
[2026-06-02T04:57:43.521+0000] {processor.py:183} INFO - Processing /home/airflow/.local/lib/python3.11/site-packages/airflow/example_dags/example_local_kubernetes_executor.py took 0.328 seconds
[2026-06-02T04:58:14.269+0000] {processor.py:161} INFO - Started process (PID=6302) to work on /home/airflow/.local/lib/python3.11/site-packages/airflow/example_dags/example_local_kubernetes_executor.py
[2026-06-02T04:58:14.273+0000] {processor.py:830} INFO - Processing file /home/airflow/.local/lib/python3.11/site-packages/airflow/example_dags/example_local_kubernetes_executor.py for tasks to queue
[2026-06-02T04:58:14.281+0000] {logging_mixin.py:188} INFO - [2026-06-02T04:58:14.281+0000] {dagbag.py:545} INFO - Filling up the DagBag from /home/airflow/.local/lib/python3.11/site-packages/airflow/example_dags/example_local_kubernetes_executor.py
[2026-06-02T04:58:14.321+0000] {processor.py:840} INFO - DAG(s) 'example_local_kubernetes_executor' retrieved from /home/airflow/.local/lib/python3.11/site-packages/airflow/example_dags/example_local_kubernetes_executor.py
[2026-06-02T04:58:14.506+0000] {logging_mixin.py:188} INFO - [2026-06-02T04:58:14.505+0000] {dag.py:3096} INFO - Sync 1 DAGs
[2026-06-02T04:58:14.595+0000] {logging_mixin.py:188} INFO - [2026-06-02T04:58:14.594+0000] {dag.py:3954} INFO - Setting next_dagrun for example_local_kubernetes_executor to None, run_after=None
[2026-06-02T04:58:14.725+0000] {processor.py:183} INFO - Processing /home/airflow/.local/lib/python3.11/site-packages/airflow/example_dags/example_local_kubernetes_executor.py took 0.475 seconds
[2026-06-02T04:58:45.234+0000] {processor.py:161} INFO - Started process (PID=6578) to work on /home/airflow/.local/lib/python3.11/site-packages/airflow/example_dags/example_local_kubernetes_executor.py
[2026-06-02T04:58:45.239+0000] {processor.py:830} INFO - Processing file /home/airflow/.local/lib/python3.11/site-packages/airflow/example_dags/example_local_kubernetes_executor.py for tasks to queue
[2026-06-02T04:58:45.241+0000] {logging_mixin.py:188} INFO - [2026-06-02T04:58:45.241+0000] {dagbag.py:545} INFO - Filling up the DagBag from /home/airflow/.local/lib/python3.11/site-packages/airflow/example_dags/example_local_kubernetes_executor.py
[2026-06-02T04:58:45.256+0000] {processor.py:840} INFO - DAG(s) 'example_local_kubernetes_executor' retrieved from /home/airflow/.local/lib/python3.11/site-packages/airflow/example_dags/example_local_kubernetes_executor.py
[2026-06-02T04:58:45.376+0000] {logging_mixin.py:188} INFO - [2026-06-02T04:58:45.375+0000] {dag.py:3096} INFO - Sync 1 DAGs
[2026-06-02T04:58:45.457+0000] {logging_mixin.py:188} INFO - [2026-06-02T04:58:45.457+0000] {dag.py:3954} INFO - Setting next_dagrun for example_local_kubernetes_executor to None, run_after=None
[2026-06-02T04:58:45.644+0000] {processor.py:183} INFO - Processing /home/airflow/.local/lib/python3.11/site-packages/airflow/example_dags/example_local_kubernetes_executor.py took 0.423 seconds
[2026-06-02T04:59:16.242+0000] {processor.py:161} INFO - Started process (PID=6850) to work on /home/airflow/.local/lib/python3.11/site-packages/airflow/example_dags/example_local_kubernetes_executor.py
[2026-06-02T04:59:16.258+0000] {processor.py:830} INFO - Processing file /home/airflow/.local/lib/python3.11/site-packages/airflow/example_dags/example_local_kubernetes_executor.py for tasks to queue
[2026-06-02T04:59:16.267+0000] {logging_mixin.py:188} INFO - [2026-06-02T04:59:16.266+0000] {dagbag.py:545} INFO - Filling up the DagBag from /home/airflow/.local/lib/python3.11/site-packages/airflow/example_dags/example_local_kubernetes_executor.py
[2026-06-02T04:59:16.304+0000] {processor.py:840} INFO - DAG(s) 'example_local_kubernetes_executor' retrieved from /home/airflow/.local/lib/python3.11/site-packages/airflow/example_dags/example_local_kubernetes_executor.py
[2026-06-02T04:59:16.499+0000] {logging_mixin.py:188} INFO - [2026-06-02T04:59:16.498+0000] {dag.py:3096} INFO - Sync 1 DAGs
[2026-06-02T04:59:16.564+0000] {logging_mixin.py:188} INFO - [2026-06-02T04:59:16.564+0000] {dag.py:3954} INFO - Setting next_dagrun for example_local_kubernetes_executor to None, run_after=None
[2026-06-02T04:59:16.678+0000] {processor.py:183} INFO - Processing /home/airflow/.local/lib/python3.11/site-packages/airflow/example_dags/example_local_kubernetes_executor.py took 0.460 seconds
[2026-06-02T04:59:49.541+0000] {processor.py:161} INFO - Started process (PID=7126) to work on /home/airflow/.local/lib/python3.11/site-packages/airflow/example_dags/example_local_kubernetes_executor.py
[2026-06-02T04:59:49.556+0000] {processor.py:830} INFO - Processing file /home/airflow/.local/lib/python3.11/site-packages/airflow/example_dags/example_local_kubernetes_executor.py for tasks to queue
[2026-06-02T04:59:49.559+0000] {logging_mixin.py:188} INFO - [2026-06-02T04:59:49.558+0000] {dagbag.py:545} INFO - Filling up the DagBag from /home/airflow/.local/lib/python3.11/site-packages/airflow/example_dags/example_local_kubernetes_executor.py
[2026-06-02T04:59:49.606+0000] {processor.py:840} INFO - DAG(s) 'example_local_kubernetes_executor' retrieved from /home/airflow/.local/lib/python3.11/site-packages/airflow/example_dags/example_local_kubernetes_executor.py
[2026-06-02T04:59:49.786+0000] {logging_mixin.py:188} INFO - [2026-06-02T04:59:49.786+0000] {dag.py:3096} INFO - Sync 1 DAGs
[2026-06-02T04:59:49.849+0000] {logging_mixin.py:188} INFO - [2026-06-02T04:59:49.849+0000] {dag.py:3954} INFO - Setting next_dagrun for example_local_kubernetes_executor to None, run_after=None
[2026-06-02T04:59:49.961+0000] {processor.py:183} INFO - Processing /home/airflow/.local/lib/python3.11/site-packages/airflow/example_dags/example_local_kubernetes_executor.py took 0.435 seconds
[2026-06-02T05:00:20.247+0000] {processor.py:161} INFO - Started process (PID=7392) to work on /home/airflow/.local/lib/python3.11/site-packages/airflow/example_dags/example_local_kubernetes_executor.py
[2026-06-02T05:00:20.248+0000] {processor.py:830} INFO - Processing file /home/airflow/.local/lib/python3.11/site-packages/airflow/example_dags/example_local_kubernetes_executor.py for tasks to queue
[2026-06-02T05:00:20.250+0000] {logging_mixin.py:188} INFO - [2026-06-02T05:00:20.250+0000] {dagbag.py:545} INFO - Filling up the DagBag from /home/airflow/.local/lib/python3.11/site-packages/airflow/example_dags/example_local_kubernetes_executor.py
[2026-06-02T05:00:20.266+0000] {processor.py:840} INFO - DAG(s) 'example_local_kubernetes_executor' retrieved from /home/airflow/.local/lib/python3.11/site-packages/airflow/example_dags/example_local_kubernetes_executor.py
[2026-06-02T05:00:20.416+0000] {logging_mixin.py:188} INFO - [2026-06-02T05:00:20.415+0000] {dag.py:3096} INFO - Sync 1 DAGs
[2026-06-02T05:00:20.473+0000] {logging_mixin.py:188} INFO - [2026-06-02T05:00:20.473+0000] {dag.py:3954} INFO - Setting next_dagrun for example_local_kubernetes_executor to None, run_after=None
[2026-06-02T05:00:20.586+0000] {processor.py:183} INFO - Processing /home/airflow/.local/lib/python3.11/site-packages/airflow/example_dags/example_local_kubernetes_executor.py took 0.366 seconds
[2026-06-02T05:00:51.182+0000] {processor.py:161} INFO - Started process (PID=7662) to work on /home/airflow/.local/lib/python3.11/site-packages/airflow/example_dags/example_local_kubernetes_executor.py
[2026-06-02T05:00:51.202+0000] {processor.py:830} INFO - Processing file /home/airflow/.local/lib/python3.11/site-packages/airflow/example_dags/example_local_kubernetes_executor.py for tasks to queue
[2026-06-02T05:00:51.211+0000] {logging_mixin.py:188} INFO - [2026-06-02T05:00:51.211+0000] {dagbag.py:545} INFO - Filling up the DagBag from /home/airflow/.local/lib/python3.11/site-packages/airflow/example_dags/example_local_kubernetes_executor.py
[2026-06-02T05:00:51.253+0000] {processor.py:840} INFO - DAG(s) 'example_local_kubernetes_executor' retrieved from /home/airflow/.local/lib/python3.11/site-packages/airflow/example_dags/example_local_kubernetes_executor.py
[2026-06-02T05:00:51.426+0000] {logging_mixin.py:188} INFO - [2026-06-02T05:00:51.425+0000] {dag.py:3096} INFO - Sync 1 DAGs
[2026-06-02T05:00:51.502+0000] {logging_mixin.py:188} INFO - [2026-06-02T05:00:51.502+0000] {dag.py:3954} INFO - Setting next_dagrun for example_local_kubernetes_executor to None, run_after=None
[2026-06-02T05:00:51.600+0000] {processor.py:183} INFO - Processing /home/airflow/.local/lib/python3.11/site-packages/airflow/example_dags/example_local_kubernetes_executor.py took 0.426 seconds
[2026-06-02T05:01:21.898+0000] {processor.py:161} INFO - Started process (PID=7937) to work on /home/airflow/.local/lib/python3.11/site-packages/airflow/example_dags/example_local_kubernetes_executor.py
[2026-06-02T05:01:21.904+0000] {processor.py:830} INFO - Processing file /home/airflow/.local/lib/python3.11/site-packages/airflow/example_dags/example_local_kubernetes_executor.py for tasks to queue
[2026-06-02T05:01:21.921+0000] {logging_mixin.py:188} INFO - [2026-06-02T05:01:21.920+0000] {dagbag.py:545} INFO - Filling up the DagBag from /home/airflow/.local/lib/python3.11/site-packages/airflow/example_dags/example_local_kubernetes_executor.py
[2026-06-02T05:01:21.940+0000] {processor.py:840} INFO - DAG(s) 'example_local_kubernetes_executor' retrieved from /home/airflow/.local/lib/python3.11/site-packages/airflow/example_dags/example_local_kubernetes_executor.py
[2026-06-02T05:01:22.041+0000] {logging_mixin.py:188} INFO - [2026-06-02T05:01:22.040+0000] {dag.py:3096} INFO - Sync 1 DAGs
[2026-06-02T05:01:22.094+0000] {logging_mixin.py:188} INFO - [2026-06-02T05:01:22.094+0000] {dag.py:3954} INFO - Setting next_dagrun for example_local_kubernetes_executor to None, run_after=None
[2026-06-02T05:01:22.189+0000] {processor.py:183} INFO - Processing /home/airflow/.local/lib/python3.11/site-packages/airflow/example_dags/example_local_kubernetes_executor.py took 0.314 seconds
[2026-06-02T05:01:52.394+0000] {processor.py:161} INFO - Started process (PID=8214) to work on /home/airflow/.local/lib/python3.11/site-packages/airflow/example_dags/example_local_kubernetes_executor.py
[2026-06-02T05:01:52.399+0000] {processor.py:830} INFO - Processing file /home/airflow/.local/lib/python3.11/site-packages/airflow/example_dags/example_local_kubernetes_executor.py for tasks to queue
[2026-06-02T05:01:52.408+0000] {logging_mixin.py:188} INFO - [2026-06-02T05:01:52.407+0000] {dagbag.py:545} INFO - Filling up the DagBag from /home/airflow/.local/lib/python3.11/site-packages/airflow/example_dags/example_local_kubernetes_executor.py
[2026-06-02T05:01:52.420+0000] {processor.py:840} INFO - DAG(s) 'example_local_kubernetes_executor' retrieved from /home/airflow/.local/lib/python3.11/site-packages/airflow/example_dags/example_local_kubernetes_executor.py
[2026-06-02T05:01:52.549+0000] {logging_mixin.py:188} INFO - [2026-06-02T05:01:52.549+0000] {dag.py:3096} INFO - Sync 1 DAGs
[2026-06-02T05:01:52.606+0000] {logging_mixin.py:188} INFO - [2026-06-02T05:01:52.605+0000] {dag.py:3954} INFO - Setting next_dagrun for example_local_kubernetes_executor to None, run_after=None
[2026-06-02T05:01:52.698+0000] {processor.py:183} INFO - Processing /home/airflow/.local/lib/python3.11/site-packages/airflow/example_dags/example_local_kubernetes_executor.py took 0.315 seconds
[2026-06-02T05:02:23.790+0000] {processor.py:161} INFO - Started process (PID=8490) to work on /home/airflow/.local/lib/python3.11/site-packages/airflow/example_dags/example_local_kubernetes_executor.py
[2026-06-02T05:02:23.794+0000] {processor.py:830} INFO - Processing file /home/airflow/.local/lib/python3.11/site-packages/airflow/example_dags/example_local_kubernetes_executor.py for tasks to queue
[2026-06-02T05:02:23.803+0000] {logging_mixin.py:188} INFO - [2026-06-02T05:02:23.802+0000] {dagbag.py:545} INFO - Filling up the DagBag from /home/airflow/.local/lib/python3.11/site-packages/airflow/example_dags/example_local_kubernetes_executor.py
[2026-06-02T05:02:23.823+0000] {processor.py:840} INFO - DAG(s) 'example_local_kubernetes_executor' retrieved from /home/airflow/.local/lib/python3.11/site-packages/airflow/example_dags/example_local_kubernetes_executor.py
[2026-06-02T05:02:23.911+0000] {logging_mixin.py:188} INFO - [2026-06-02T05:02:23.911+0000] {dag.py:3096} INFO - Sync 1 DAGs
[2026-06-02T05:02:23.936+0000] {logging_mixin.py:188} INFO - [2026-06-02T05:02:23.936+0000] {dag.py:3954} INFO - Setting next_dagrun for example_local_kubernetes_executor to None, run_after=None
[2026-06-02T05:02:23.980+0000] {processor.py:183} INFO - Processing /home/airflow/.local/lib/python3.11/site-packages/airflow/example_dags/example_local_kubernetes_executor.py took 0.222 seconds
[2026-06-02T05:02:56.089+0000] {processor.py:161} INFO - Started process (PID=8766) to work on /home/airflow/.local/lib/python3.11/site-packages/airflow/example_dags/example_local_kubernetes_executor.py
[2026-06-02T05:02:56.096+0000] {processor.py:830} INFO - Processing file /home/airflow/.local/lib/python3.11/site-packages/airflow/example_dags/example_local_kubernetes_executor.py for tasks to queue
[2026-06-02T05:02:56.107+0000] {logging_mixin.py:188} INFO - [2026-06-02T05:02:56.106+0000] {dagbag.py:545} INFO - Filling up the DagBag from /home/airflow/.local/lib/python3.11/site-packages/airflow/example_dags/example_local_kubernetes_executor.py
[2026-06-02T05:02:56.132+0000] {processor.py:840} INFO - DAG(s) 'example_local_kubernetes_executor' retrieved from /home/airflow/.local/lib/python3.11/site-packages/airflow/example_dags/example_local_kubernetes_executor.py
[2026-06-02T05:02:56.326+0000] {logging_mixin.py:188} INFO - [2026-06-02T05:02:56.326+0000] {dag.py:3096} INFO - Sync 1 DAGs
[2026-06-02T05:02:56.404+0000] {logging_mixin.py:188} INFO - [2026-06-02T05:02:56.403+0000] {dag.py:3954} INFO - Setting next_dagrun for example_local_kubernetes_executor to None, run_after=None
[2026-06-02T05:02:56.498+0000] {processor.py:183} INFO - Processing /home/airflow/.local/lib/python3.11/site-packages/airflow/example_dags/example_local_kubernetes_executor.py took 0.433 seconds
[2026-06-02T05:03:27.383+0000] {processor.py:161} INFO - Started process (PID=9030) to work on /home/airflow/.local/lib/python3.11/site-packages/airflow/example_dags/example_local_kubernetes_executor.py
[2026-06-02T05:03:27.399+0000] {processor.py:830} INFO - Processing file /home/airflow/.local/lib/python3.11/site-packages/airflow/example_dags/example_local_kubernetes_executor.py for tasks to queue
[2026-06-02T05:03:27.402+0000] {logging_mixin.py:188} INFO - [2026-06-02T05:03:27.402+0000] {dagbag.py:545} INFO - Filling up the DagBag from /home/airflow/.local/lib/python3.11/site-packages/airflow/example_dags/example_local_kubernetes_executor.py
[2026-06-02T05:03:27.442+0000] {processor.py:840} INFO - DAG(s) 'example_local_kubernetes_executor' retrieved from /home/airflow/.local/lib/python3.11/site-packages/airflow/example_dags/example_local_kubernetes_executor.py
[2026-06-02T05:03:27.580+0000] {logging_mixin.py:188} INFO - [2026-06-02T05:03:27.580+0000] {dag.py:3096} INFO - Sync 1 DAGs
[2026-06-02T05:03:27.657+0000] {logging_mixin.py:188} INFO - [2026-06-02T05:03:27.651+0000] {dag.py:3954} INFO - Setting next_dagrun for example_local_kubernetes_executor to None, run_after=None
[2026-06-02T05:03:27.804+0000] {processor.py:183} INFO - Processing /home/airflow/.local/lib/python3.11/site-packages/airflow/example_dags/example_local_kubernetes_executor.py took 0.449 seconds
[2026-06-02T05:03:58.350+0000] {processor.py:161} INFO - Started process (PID=9304) to work on /home/airflow/.local/lib/python3.11/site-packages/airflow/example_dags/example_local_kubernetes_executor.py
[2026-06-02T05:03:58.358+0000] {processor.py:830} INFO - Processing file /home/airflow/.local/lib/python3.11/site-packages/airflow/example_dags/example_local_kubernetes_executor.py for tasks to queue
[2026-06-02T05:03:58.360+0000] {logging_mixin.py:188} INFO - [2026-06-02T05:03:58.360+0000] {dagbag.py:545} INFO - Filling up the DagBag from /home/airflow/.local/lib/python3.11/site-packages/airflow/example_dags/example_local_kubernetes_executor.py
[2026-06-02T05:03:58.398+0000] {processor.py:840} INFO - DAG(s) 'example_local_kubernetes_executor' retrieved from /home/airflow/.local/lib/python3.11/site-packages/airflow/example_dags/example_local_kubernetes_executor.py
[2026-06-02T05:03:58.580+0000] {logging_mixin.py:188} INFO - [2026-06-02T05:03:58.579+0000] {dag.py:3096} INFO - Sync 1 DAGs
[2026-06-02T05:03:58.669+0000] {logging_mixin.py:188} INFO - [2026-06-02T05:03:58.669+0000] {dag.py:3954} INFO - Setting next_dagrun for example_local_kubernetes_executor to None, run_after=None
[2026-06-02T05:03:58.767+0000] {processor.py:183} INFO - Processing /home/airflow/.local/lib/python3.11/site-packages/airflow/example_dags/example_local_kubernetes_executor.py took 0.439 seconds
[2026-06-02T05:04:30.145+0000] {processor.py:161} INFO - Started process (PID=9580) to work on /home/airflow/.local/lib/python3.11/site-packages/airflow/example_dags/example_local_kubernetes_executor.py
[2026-06-02T05:04:30.154+0000] {processor.py:830} INFO - Processing file /home/airflow/.local/lib/python3.11/site-packages/airflow/example_dags/example_local_kubernetes_executor.py for tasks to queue
[2026-06-02T05:04:30.167+0000] {logging_mixin.py:188} INFO - [2026-06-02T05:04:30.166+0000] {dagbag.py:545} INFO - Filling up the DagBag from /home/airflow/.local/lib/python3.11/site-packages/airflow/example_dags/example_local_kubernetes_executor.py
[2026-06-02T05:04:30.193+0000] {processor.py:840} INFO - DAG(s) 'example_local_kubernetes_executor' retrieved from /home/airflow/.local/lib/python3.11/site-packages/airflow/example_dags/example_local_kubernetes_executor.py
[2026-06-02T05:04:30.317+0000] {logging_mixin.py:188} INFO - [2026-06-02T05:04:30.316+0000] {dag.py:3096} INFO - Sync 1 DAGs
[2026-06-02T05:04:30.342+0000] {logging_mixin.py:188} INFO - [2026-06-02T05:04:30.342+0000] {dag.py:3954} INFO - Setting next_dagrun for example_local_kubernetes_executor to None, run_after=None
[2026-06-02T05:04:30.376+0000] {processor.py:183} INFO - Processing /home/airflow/.local/lib/python3.11/site-packages/airflow/example_dags/example_local_kubernetes_executor.py took 0.250 seconds
[2026-06-02T05:05:01.464+0000] {processor.py:161} INFO - Started process (PID=9856) to work on /home/airflow/.local/lib/python3.11/site-packages/airflow/example_dags/example_local_kubernetes_executor.py
[2026-06-02T05:05:01.473+0000] {processor.py:830} INFO - Processing file /home/airflow/.local/lib/python3.11/site-packages/airflow/example_dags/example_local_kubernetes_executor.py for tasks to queue
[2026-06-02T05:05:01.490+0000] {logging_mixin.py:188} INFO - [2026-06-02T05:05:01.489+0000] {dagbag.py:545} INFO - Filling up the DagBag from /home/airflow/.local/lib/python3.11/site-packages/airflow/example_dags/example_local_kubernetes_executor.py
[2026-06-02T05:05:01.521+0000] {processor.py:840} INFO - DAG(s) 'example_local_kubernetes_executor' retrieved from /home/airflow/.local/lib/python3.11/site-packages/airflow/example_dags/example_local_kubernetes_executor.py
[2026-06-02T05:05:01.666+0000] {logging_mixin.py:188} INFO - [2026-06-02T05:05:01.666+0000] {dag.py:3096} INFO - Sync 1 DAGs
[2026-06-02T05:05:01.732+0000] {logging_mixin.py:188} INFO - [2026-06-02T05:05:01.731+0000] {dag.py:3954} INFO - Setting next_dagrun for example_local_kubernetes_executor to None, run_after=None
[2026-06-02T05:05:01.827+0000] {processor.py:183} INFO - Processing /home/airflow/.local/lib/python3.11/site-packages/airflow/example_dags/example_local_kubernetes_executor.py took 0.391 seconds
[2026-06-02T05:05:34.806+0000] {processor.py:161} INFO - Started process (PID=10126) to work on /home/airflow/.local/lib/python3.11/site-packages/airflow/example_dags/example_local_kubernetes_executor.py
[2026-06-02T05:05:34.828+0000] {processor.py:830} INFO - Processing file /home/airflow/.local/lib/python3.11/site-packages/airflow/example_dags/example_local_kubernetes_executor.py for tasks to queue
[2026-06-02T05:05:34.862+0000] {logging_mixin.py:188} INFO - [2026-06-02T05:05:34.861+0000] {dagbag.py:545} INFO - Filling up the DagBag from /home/airflow/.local/lib/python3.11/site-packages/airflow/example_dags/example_local_kubernetes_executor.py
[2026-06-02T05:05:35.028+0000] {processor.py:840} INFO - DAG(s) 'example_local_kubernetes_executor' retrieved from /home/airflow/.local/lib/python3.11/site-packages/airflow/example_dags/example_local_kubernetes_executor.py
[2026-06-02T05:05:35.259+0000] {logging_mixin.py:188} INFO - [2026-06-02T05:05:35.258+0000] {dag.py:3096} INFO - Sync 1 DAGs
[2026-06-02T05:05:35.355+0000] {logging_mixin.py:188} INFO - [2026-06-02T05:05:35.354+0000] {dag.py:3954} INFO - Setting next_dagrun for example_local_kubernetes_executor to None, run_after=None
[2026-06-02T05:05:35.600+0000] {processor.py:183} INFO - Processing /home/airflow/.local/lib/python3.11/site-packages/airflow/example_dags/example_local_kubernetes_executor.py took 0.886 seconds
[2026-06-02T05:06:06.032+0000] {processor.py:161} INFO - Started process (PID=10395) to work on /home/airflow/.local/lib/python3.11/site-packages/airflow/example_dags/example_local_kubernetes_executor.py
[2026-06-02T05:06:06.053+0000] {processor.py:830} INFO - Processing file /home/airflow/.local/lib/python3.11/site-packages/airflow/example_dags/example_local_kubernetes_executor.py for tasks to queue
[2026-06-02T05:06:06.057+0000] {logging_mixin.py:188} INFO - [2026-06-02T05:06:06.056+0000] {dagbag.py:545} INFO - Filling up the DagBag from /home/airflow/.local/lib/python3.11/site-packages/airflow/example_dags/example_local_kubernetes_executor.py
[2026-06-02T05:06:06.104+0000] {processor.py:840} INFO - DAG(s) 'example_local_kubernetes_executor' retrieved from /home/airflow/.local/lib/python3.11/site-packages/airflow/example_dags/example_local_kubernetes_executor.py
[2026-06-02T05:06:06.209+0000] {logging_mixin.py:188} INFO - [2026-06-02T05:06:06.209+0000] {dag.py:3096} INFO - Sync 1 DAGs
[2026-06-02T05:06:06.238+0000] {logging_mixin.py:188} INFO - [2026-06-02T05:06:06.238+0000] {dag.py:3954} INFO - Setting next_dagrun for example_local_kubernetes_executor to None, run_after=None
[2026-06-02T05:06:06.285+0000] {processor.py:183} INFO - Processing /home/airflow/.local/lib/python3.11/site-packages/airflow/example_dags/example_local_kubernetes_executor.py took 0.334 seconds
[2026-06-02T05:06:36.521+0000] {processor.py:161} INFO - Started process (PID=10665) to work on /home/airflow/.local/lib/python3.11/site-packages/airflow/example_dags/example_local_kubernetes_executor.py
[2026-06-02T05:06:36.531+0000] {processor.py:830} INFO - Processing file /home/airflow/.local/lib/python3.11/site-packages/airflow/example_dags/example_local_kubernetes_executor.py for tasks to queue
[2026-06-02T05:06:36.543+0000] {logging_mixin.py:188} INFO - [2026-06-02T05:06:36.542+0000] {dagbag.py:545} INFO - Filling up the DagBag from /home/airflow/.local/lib/python3.11/site-packages/airflow/example_dags/example_local_kubernetes_executor.py
[2026-06-02T05:06:36.570+0000] {processor.py:840} INFO - DAG(s) 'example_local_kubernetes_executor' retrieved from /home/airflow/.local/lib/python3.11/site-packages/airflow/example_dags/example_local_kubernetes_executor.py
[2026-06-02T05:06:36.747+0000] {logging_mixin.py:188} INFO - [2026-06-02T05:06:36.747+0000] {dag.py:3096} INFO - Sync 1 DAGs
[2026-06-02T05:06:36.816+0000] {logging_mixin.py:188} INFO - [2026-06-02T05:06:36.816+0000] {dag.py:3954} INFO - Setting next_dagrun for example_local_kubernetes_executor to None, run_after=None
[2026-06-02T05:06:36.929+0000] {processor.py:183} INFO - Processing /home/airflow/.local/lib/python3.11/site-packages/airflow/example_dags/example_local_kubernetes_executor.py took 0.415 seconds
[2026-06-02T05:07:07.629+0000] {processor.py:161} INFO - Started process (PID=10941) to work on /home/airflow/.local/lib/python3.11/site-packages/airflow/example_dags/example_local_kubernetes_executor.py
[2026-06-02T05:07:07.633+0000] {processor.py:830} INFO - Processing file /home/airflow/.local/lib/python3.11/site-packages/airflow/example_dags/example_local_kubernetes_executor.py for tasks to queue
[2026-06-02T05:07:07.639+0000] {logging_mixin.py:188} INFO - [2026-06-02T05:07:07.639+0000] {dagbag.py:545} INFO - Filling up the DagBag from /home/airflow/.local/lib/python3.11/site-packages/airflow/example_dags/example_local_kubernetes_executor.py
[2026-06-02T05:07:07.674+0000] {processor.py:840} INFO - DAG(s) 'example_local_kubernetes_executor' retrieved from /home/airflow/.local/lib/python3.11/site-packages/airflow/example_dags/example_local_kubernetes_executor.py
[2026-06-02T05:07:07.836+0000] {logging_mixin.py:188} INFO - [2026-06-02T05:07:07.836+0000] {dag.py:3096} INFO - Sync 1 DAGs
[2026-06-02T05:07:07.958+0000] {logging_mixin.py:188} INFO - [2026-06-02T05:07:07.958+0000] {dag.py:3954} INFO - Setting next_dagrun for example_local_kubernetes_executor to None, run_after=None
[2026-06-02T05:07:08.038+0000] {processor.py:183} INFO - Processing /home/airflow/.local/lib/python3.11/site-packages/airflow/example_dags/example_local_kubernetes_executor.py took 0.440 seconds
[2026-06-02T05:07:38.250+0000] {processor.py:161} INFO - Started process (PID=11214) to work on /home/airflow/.local/lib/python3.11/site-packages/airflow/example_dags/example_local_kubernetes_executor.py
[2026-06-02T05:07:38.264+0000] {processor.py:830} INFO - Processing file /home/airflow/.local/lib/python3.11/site-packages/airflow/example_dags/example_local_kubernetes_executor.py for tasks to queue
[2026-06-02T05:07:38.273+0000] {logging_mixin.py:188} INFO - [2026-06-02T05:07:38.272+0000] {dagbag.py:545} INFO - Filling up the DagBag from /home/airflow/.local/lib/python3.11/site-packages/airflow/example_dags/example_local_kubernetes_executor.py
[2026-06-02T05:07:38.314+0000] {processor.py:840} INFO - DAG(s) 'example_local_kubernetes_executor' retrieved from /home/airflow/.local/lib/python3.11/site-packages/airflow/example_dags/example_local_kubernetes_executor.py
[2026-06-02T05:07:38.436+0000] {logging_mixin.py:188} INFO - [2026-06-02T05:07:38.436+0000] {dag.py:3096} INFO - Sync 1 DAGs
[2026-06-02T05:07:38.478+0000] {logging_mixin.py:188} INFO - [2026-06-02T05:07:38.477+0000] {dag.py:3954} INFO - Setting next_dagrun for example_local_kubernetes_executor to None, run_after=None
[2026-06-02T05:07:38.564+0000] {processor.py:183} INFO - Processing /home/airflow/.local/lib/python3.11/site-packages/airflow/example_dags/example_local_kubernetes_executor.py took 0.334 seconds
[2026-06-02T05:08:09.829+0000] {processor.py:161} INFO - Started process (PID=11493) to work on /home/airflow/.local/lib/python3.11/site-packages/airflow/example_dags/example_local_kubernetes_executor.py
[2026-06-02T05:08:09.830+0000] {processor.py:830} INFO - Processing file /home/airflow/.local/lib/python3.11/site-packages/airflow/example_dags/example_local_kubernetes_executor.py for tasks to queue
[2026-06-02T05:08:09.848+0000] {logging_mixin.py:188} INFO - [2026-06-02T05:08:09.847+0000] {dagbag.py:545} INFO - Filling up the DagBag from /home/airflow/.local/lib/python3.11/site-packages/airflow/example_dags/example_local_kubernetes_executor.py
[2026-06-02T05:08:09.894+0000] {processor.py:840} INFO - DAG(s) 'example_local_kubernetes_executor' retrieved from /home/airflow/.local/lib/python3.11/site-packages/airflow/example_dags/example_local_kubernetes_executor.py
[2026-06-02T05:08:10.124+0000] {logging_mixin.py:188} INFO - [2026-06-02T05:08:10.124+0000] {dag.py:3096} INFO - Sync 1 DAGs
[2026-06-02T05:08:10.226+0000] {logging_mixin.py:188} INFO - [2026-06-02T05:08:10.226+0000] {dag.py:3954} INFO - Setting next_dagrun for example_local_kubernetes_executor to None, run_after=None
[2026-06-02T05:08:10.316+0000] {processor.py:183} INFO - Processing /home/airflow/.local/lib/python3.11/site-packages/airflow/example_dags/example_local_kubernetes_executor.py took 0.508 seconds
[2026-06-02T05:08:40.627+0000] {processor.py:161} INFO - Started process (PID=11757) to work on /home/airflow/.local/lib/python3.11/site-packages/airflow/example_dags/example_local_kubernetes_executor.py
[2026-06-02T05:08:40.628+0000] {processor.py:830} INFO - Processing file /home/airflow/.local/lib/python3.11/site-packages/airflow/example_dags/example_local_kubernetes_executor.py for tasks to queue
[2026-06-02T05:08:40.648+0000] {logging_mixin.py:188} INFO - [2026-06-02T05:08:40.648+0000] {dagbag.py:545} INFO - Filling up the DagBag from /home/airflow/.local/lib/python3.11/site-packages/airflow/example_dags/example_local_kubernetes_executor.py
[2026-06-02T05:08:40.725+0000] {processor.py:840} INFO - DAG(s) 'example_local_kubernetes_executor' retrieved from /home/airflow/.local/lib/python3.11/site-packages/airflow/example_dags/example_local_kubernetes_executor.py
[2026-06-02T05:08:40.866+0000] {logging_mixin.py:188} INFO - [2026-06-02T05:08:40.866+0000] {dag.py:3096} INFO - Sync 1 DAGs
[2026-06-02T05:08:40.904+0000] {logging_mixin.py:188} INFO - [2026-06-02T05:08:40.903+0000] {dag.py:3954} INFO - Setting next_dagrun for example_local_kubernetes_executor to None, run_after=None
[2026-06-02T05:08:40.984+0000] {processor.py:183} INFO - Processing /home/airflow/.local/lib/python3.11/site-packages/airflow/example_dags/example_local_kubernetes_executor.py took 0.390 seconds
[2026-06-02T05:09:11.372+0000] {processor.py:161} INFO - Started process (PID=12031) to work on /home/airflow/.local/lib/python3.11/site-packages/airflow/example_dags/example_local_kubernetes_executor.py
[2026-06-02T05:09:11.383+0000] {processor.py:830} INFO - Processing file /home/airflow/.local/lib/python3.11/site-packages/airflow/example_dags/example_local_kubernetes_executor.py for tasks to queue
[2026-06-02T05:09:11.390+0000] {logging_mixin.py:188} INFO - [2026-06-02T05:09:11.389+0000] {dagbag.py:545} INFO - Filling up the DagBag from /home/airflow/.local/lib/python3.11/site-packages/airflow/example_dags/example_local_kubernetes_executor.py
[2026-06-02T05:09:11.437+0000] {processor.py:840} INFO - DAG(s) 'example_local_kubernetes_executor' retrieved from /home/airflow/.local/lib/python3.11/site-packages/airflow/example_dags/example_local_kubernetes_executor.py
[2026-06-02T05:09:11.574+0000] {logging_mixin.py:188} INFO - [2026-06-02T05:09:11.573+0000] {dag.py:3096} INFO - Sync 1 DAGs
[2026-06-02T05:09:11.639+0000] {logging_mixin.py:188} INFO - [2026-06-02T05:09:11.639+0000] {dag.py:3954} INFO - Setting next_dagrun for example_local_kubernetes_executor to None, run_after=None
[2026-06-02T05:09:11.769+0000] {processor.py:183} INFO - Processing /home/airflow/.local/lib/python3.11/site-packages/airflow/example_dags/example_local_kubernetes_executor.py took 0.420 seconds
[2026-06-02T05:09:53.273+0000] {processor.py:161} INFO - Started process (PID=12328) to work on /home/airflow/.local/lib/python3.11/site-packages/airflow/example_dags/example_local_kubernetes_executor.py
[2026-06-02T05:09:53.323+0000] {processor.py:830} INFO - Processing file /home/airflow/.local/lib/python3.11/site-packages/airflow/example_dags/example_local_kubernetes_executor.py for tasks to queue
[2026-06-02T05:09:53.355+0000] {logging_mixin.py:188} INFO - [2026-06-02T05:09:53.326+0000] {dagbag.py:545} INFO - Filling up the DagBag from /home/airflow/.local/lib/python3.11/site-packages/airflow/example_dags/example_local_kubernetes_executor.py
[2026-06-02T05:09:53.378+0000] {processor.py:840} INFO - DAG(s) 'example_local_kubernetes_executor' retrieved from /home/airflow/.local/lib/python3.11/site-packages/airflow/example_dags/example_local_kubernetes_executor.py
[2026-06-02T05:09:53.620+0000] {logging_mixin.py:188} INFO - [2026-06-02T05:09:53.620+0000] {dag.py:3096} INFO - Sync 1 DAGs
[2026-06-02T05:09:53.768+0000] {logging_mixin.py:188} INFO - [2026-06-02T05:09:53.768+0000] {dag.py:3954} INFO - Setting next_dagrun for example_local_kubernetes_executor to None, run_after=None
[2026-06-02T05:09:53.940+0000] {processor.py:183} INFO - Processing /home/airflow/.local/lib/python3.11/site-packages/airflow/example_dags/example_local_kubernetes_executor.py took 0.727 seconds
[2026-06-02T05:10:27.827+0000] {processor.py:161} INFO - Started process (PID=12608) to work on /home/airflow/.local/lib/python3.11/site-packages/airflow/example_dags/example_local_kubernetes_executor.py
[2026-06-02T05:10:27.849+0000] {processor.py:830} INFO - Processing file /home/airflow/.local/lib/python3.11/site-packages/airflow/example_dags/example_local_kubernetes_executor.py for tasks to queue
[2026-06-02T05:10:27.852+0000] {logging_mixin.py:188} INFO - [2026-06-02T05:10:27.852+0000] {dagbag.py:545} INFO - Filling up the DagBag from /home/airflow/.local/lib/python3.11/site-packages/airflow/example_dags/example_local_kubernetes_executor.py
[2026-06-02T05:10:27.881+0000] {processor.py:840} INFO - DAG(s) 'example_local_kubernetes_executor' retrieved from /home/airflow/.local/lib/python3.11/site-packages/airflow/example_dags/example_local_kubernetes_executor.py
[2026-06-02T05:10:28.058+0000] {logging_mixin.py:188} INFO - [2026-06-02T05:10:28.058+0000] {dag.py:3096} INFO - Sync 1 DAGs
[2026-06-02T05:10:28.086+0000] {logging_mixin.py:188} INFO - [2026-06-02T05:10:28.086+0000] {dag.py:3954} INFO - Setting next_dagrun for example_local_kubernetes_executor to None, run_after=None
[2026-06-02T05:10:28.140+0000] {processor.py:183} INFO - Processing /home/airflow/.local/lib/python3.11/site-packages/airflow/example_dags/example_local_kubernetes_executor.py took 0.334 seconds
[2026-06-02T05:11:01.731+0000] {processor.py:161} INFO - Started process (PID=12899) to work on /home/airflow/.local/lib/python3.11/site-packages/airflow/example_dags/example_local_kubernetes_executor.py
[2026-06-02T05:11:01.752+0000] {processor.py:830} INFO - Processing file /home/airflow/.local/lib/python3.11/site-packages/airflow/example_dags/example_local_kubernetes_executor.py for tasks to queue
[2026-06-02T05:11:01.769+0000] {logging_mixin.py:188} INFO - [2026-06-02T05:11:01.768+0000] {dagbag.py:545} INFO - Filling up the DagBag from /home/airflow/.local/lib/python3.11/site-packages/airflow/example_dags/example_local_kubernetes_executor.py
[2026-06-02T05:11:01.824+0000] {processor.py:840} INFO - DAG(s) 'example_local_kubernetes_executor' retrieved from /home/airflow/.local/lib/python3.11/site-packages/airflow/example_dags/example_local_kubernetes_executor.py
[2026-06-02T05:11:02.141+0000] {logging_mixin.py:188} INFO - [2026-06-02T05:11:02.140+0000] {dag.py:3096} INFO - Sync 1 DAGs
[2026-06-02T05:11:02.212+0000] {logging_mixin.py:188} INFO - [2026-06-02T05:11:02.205+0000] {dag.py:3954} INFO - Setting next_dagrun for example_local_kubernetes_executor to None, run_after=None
[2026-06-02T05:11:02.287+0000] {processor.py:183} INFO - Processing /home/airflow/.local/lib/python3.11/site-packages/airflow/example_dags/example_local_kubernetes_executor.py took 0.603 seconds
[2026-06-02T05:11:38.394+0000] {processor.py:161} INFO - Started process (PID=13188) to work on /home/airflow/.local/lib/python3.11/site-packages/airflow/example_dags/example_local_kubernetes_executor.py
[2026-06-02T05:11:38.403+0000] {processor.py:830} INFO - Processing file /home/airflow/.local/lib/python3.11/site-packages/airflow/example_dags/example_local_kubernetes_executor.py for tasks to queue
[2026-06-02T05:11:38.410+0000] {logging_mixin.py:188} INFO - [2026-06-02T05:11:38.409+0000] {dagbag.py:545} INFO - Filling up the DagBag from /home/airflow/.local/lib/python3.11/site-packages/airflow/example_dags/example_local_kubernetes_executor.py
[2026-06-02T05:11:38.445+0000] {processor.py:840} INFO - DAG(s) 'example_local_kubernetes_executor' retrieved from /home/airflow/.local/lib/python3.11/site-packages/airflow/example_dags/example_local_kubernetes_executor.py
[2026-06-02T05:11:38.720+0000] {logging_mixin.py:188} INFO - [2026-06-02T05:11:38.719+0000] {dag.py:3096} INFO - Sync 1 DAGs
[2026-06-02T05:11:38.807+0000] {logging_mixin.py:188} INFO - [2026-06-02T05:11:38.807+0000] {dag.py:3954} INFO - Setting next_dagrun for example_local_kubernetes_executor to None, run_after=None
[2026-06-02T05:11:38.964+0000] {processor.py:183} INFO - Processing /home/airflow/.local/lib/python3.11/site-packages/airflow/example_dags/example_local_kubernetes_executor.py took 0.595 seconds
[2026-06-02T05:12:09.912+0000] {processor.py:161} INFO - Started process (PID=13456) to work on /home/airflow/.local/lib/python3.11/site-packages/airflow/example_dags/example_local_kubernetes_executor.py
[2026-06-02T05:12:09.918+0000] {processor.py:830} INFO - Processing file /home/airflow/.local/lib/python3.11/site-packages/airflow/example_dags/example_local_kubernetes_executor.py for tasks to queue
[2026-06-02T05:12:09.922+0000] {logging_mixin.py:188} INFO - [2026-06-02T05:12:09.922+0000] {dagbag.py:545} INFO - Filling up the DagBag from /home/airflow/.local/lib/python3.11/site-packages/airflow/example_dags/example_local_kubernetes_executor.py
[2026-06-02T05:12:09.964+0000] {processor.py:840} INFO - DAG(s) 'example_local_kubernetes_executor' retrieved from /home/airflow/.local/lib/python3.11/site-packages/airflow/example_dags/example_local_kubernetes_executor.py
[2026-06-02T05:12:10.221+0000] {logging_mixin.py:188} INFO - [2026-06-02T05:12:10.221+0000] {dag.py:3096} INFO - Sync 1 DAGs
[2026-06-02T05:12:10.356+0000] {logging_mixin.py:188} INFO - [2026-06-02T05:12:10.356+0000] {dag.py:3954} INFO - Setting next_dagrun for example_local_kubernetes_executor to None, run_after=None
[2026-06-02T05:12:10.574+0000] {processor.py:183} INFO - Processing /home/airflow/.local/lib/python3.11/site-packages/airflow/example_dags/example_local_kubernetes_executor.py took 0.689 seconds
[2026-06-02T05:12:41.315+0000] {processor.py:161} INFO - Started process (PID=13726) to work on /home/airflow/.local/lib/python3.11/site-packages/airflow/example_dags/example_local_kubernetes_executor.py
[2026-06-02T05:12:41.334+0000] {processor.py:830} INFO - Processing file /home/airflow/.local/lib/python3.11/site-packages/airflow/example_dags/example_local_kubernetes_executor.py for tasks to queue
[2026-06-02T05:12:41.349+0000] {logging_mixin.py:188} INFO - [2026-06-02T05:12:41.348+0000] {dagbag.py:545} INFO - Filling up the DagBag from /home/airflow/.local/lib/python3.11/site-packages/airflow/example_dags/example_local_kubernetes_executor.py
[2026-06-02T05:12:41.461+0000] {processor.py:840} INFO - DAG(s) 'example_local_kubernetes_executor' retrieved from /home/airflow/.local/lib/python3.11/site-packages/airflow/example_dags/example_local_kubernetes_executor.py
[2026-06-02T05:12:41.798+0000] {logging_mixin.py:188} INFO - [2026-06-02T05:12:41.797+0000] {dag.py:3096} INFO - Sync 1 DAGs
[2026-06-02T05:12:41.896+0000] {logging_mixin.py:188} INFO - [2026-06-02T05:12:41.891+0000] {dag.py:3954} INFO - Setting next_dagrun for example_local_kubernetes_executor to None, run_after=None
[2026-06-02T05:12:42.140+0000] {processor.py:183} INFO - Processing /home/airflow/.local/lib/python3.11/site-packages/airflow/example_dags/example_local_kubernetes_executor.py took 0.950 seconds
[2026-06-02T05:13:12.951+0000] {processor.py:161} INFO - Started process (PID=14003) to work on /home/airflow/.local/lib/python3.11/site-packages/airflow/example_dags/example_local_kubernetes_executor.py
[2026-06-02T05:13:12.965+0000] {processor.py:830} INFO - Processing file /home/airflow/.local/lib/python3.11/site-packages/airflow/example_dags/example_local_kubernetes_executor.py for tasks to queue
[2026-06-02T05:13:12.967+0000] {logging_mixin.py:188} INFO - [2026-06-02T05:13:12.966+0000] {dagbag.py:545} INFO - Filling up the DagBag from /home/airflow/.local/lib/python3.11/site-packages/airflow/example_dags/example_local_kubernetes_executor.py
[2026-06-02T05:13:13.001+0000] {processor.py:840} INFO - DAG(s) 'example_local_kubernetes_executor' retrieved from /home/airflow/.local/lib/python3.11/site-packages/airflow/example_dags/example_local_kubernetes_executor.py
[2026-06-02T05:13:13.173+0000] {logging_mixin.py:188} INFO - [2026-06-02T05:13:13.173+0000] {dag.py:3096} INFO - Sync 1 DAGs
[2026-06-02T05:13:13.255+0000] {logging_mixin.py:188} INFO - [2026-06-02T05:13:13.254+0000] {dag.py:3954} INFO - Setting next_dagrun for example_local_kubernetes_executor to None, run_after=None
[2026-06-02T05:13:13.369+0000] {processor.py:183} INFO - Processing /home/airflow/.local/lib/python3.11/site-packages/airflow/example_dags/example_local_kubernetes_executor.py took 0.438 seconds
[2026-06-02T05:13:45.014+0000] {processor.py:161} INFO - Started process (PID=14277) to work on /home/airflow/.local/lib/python3.11/site-packages/airflow/example_dags/example_local_kubernetes_executor.py
[2026-06-02T05:13:45.025+0000] {processor.py:830} INFO - Processing file /home/airflow/.local/lib/python3.11/site-packages/airflow/example_dags/example_local_kubernetes_executor.py for tasks to queue
[2026-06-02T05:13:45.030+0000] {logging_mixin.py:188} INFO - [2026-06-02T05:13:45.030+0000] {dagbag.py:545} INFO - Filling up the DagBag from /home/airflow/.local/lib/python3.11/site-packages/airflow/example_dags/example_local_kubernetes_executor.py
[2026-06-02T05:13:45.056+0000] {processor.py:840} INFO - DAG(s) 'example_local_kubernetes_executor' retrieved from /home/airflow/.local/lib/python3.11/site-packages/airflow/example_dags/example_local_kubernetes_executor.py
[2026-06-02T05:13:45.238+0000] {logging_mixin.py:188} INFO - [2026-06-02T05:13:45.238+0000] {dag.py:3096} INFO - Sync 1 DAGs
[2026-06-02T05:13:45.311+0000] {logging_mixin.py:188} INFO - [2026-06-02T05:13:45.311+0000] {dag.py:3954} INFO - Setting next_dagrun for example_local_kubernetes_executor to None, run_after=None
[2026-06-02T05:13:45.393+0000] {processor.py:183} INFO - Processing /home/airflow/.local/lib/python3.11/site-packages/airflow/example_dags/example_local_kubernetes_executor.py took 0.396 seconds
[2026-06-02T05:14:22.356+0000] {processor.py:161} INFO - Started process (PID=14558) to work on /home/airflow/.local/lib/python3.11/site-packages/airflow/example_dags/example_local_kubernetes_executor.py
[2026-06-02T05:14:22.358+0000] {processor.py:830} INFO - Processing file /home/airflow/.local/lib/python3.11/site-packages/airflow/example_dags/example_local_kubernetes_executor.py for tasks to queue
[2026-06-02T05:14:22.367+0000] {logging_mixin.py:188} INFO - [2026-06-02T05:14:22.366+0000] {dagbag.py:545} INFO - Filling up the DagBag from /home/airflow/.local/lib/python3.11/site-packages/airflow/example_dags/example_local_kubernetes_executor.py
[2026-06-02T05:14:22.392+0000] {processor.py:840} INFO - DAG(s) 'example_local_kubernetes_executor' retrieved from /home/airflow/.local/lib/python3.11/site-packages/airflow/example_dags/example_local_kubernetes_executor.py
[2026-06-02T05:14:22.515+0000] {logging_mixin.py:188} INFO - [2026-06-02T05:14:22.515+0000] {dag.py:3096} INFO - Sync 1 DAGs
[2026-06-02T05:14:22.606+0000] {logging_mixin.py:188} INFO - [2026-06-02T05:14:22.605+0000] {dag.py:3954} INFO - Setting next_dagrun for example_local_kubernetes_executor to None, run_after=None
[2026-06-02T05:14:22.751+0000] {processor.py:183} INFO - Processing /home/airflow/.local/lib/python3.11/site-packages/airflow/example_dags/example_local_kubernetes_executor.py took 0.419 seconds
[2026-06-02T05:14:53.965+0000] {processor.py:161} INFO - Started process (PID=14827) to work on /home/airflow/.local/lib/python3.11/site-packages/airflow/example_dags/example_local_kubernetes_executor.py
[2026-06-02T05:14:53.967+0000] {processor.py:830} INFO - Processing file /home/airflow/.local/lib/python3.11/site-packages/airflow/example_dags/example_local_kubernetes_executor.py for tasks to queue
[2026-06-02T05:14:53.973+0000] {logging_mixin.py:188} INFO - [2026-06-02T05:14:53.973+0000] {dagbag.py:545} INFO - Filling up the DagBag from /home/airflow/.local/lib/python3.11/site-packages/airflow/example_dags/example_local_kubernetes_executor.py
[2026-06-02T05:14:53.991+0000] {processor.py:840} INFO - DAG(s) 'example_local_kubernetes_executor' retrieved from /home/airflow/.local/lib/python3.11/site-packages/airflow/example_dags/example_local_kubernetes_executor.py
[2026-06-02T05:14:54.135+0000] {logging_mixin.py:188} INFO - [2026-06-02T05:14:54.134+0000] {dag.py:3096} INFO - Sync 1 DAGs
[2026-06-02T05:14:54.207+0000] {logging_mixin.py:188} INFO - [2026-06-02T05:14:54.206+0000] {dag.py:3954} INFO - Setting next_dagrun for example_local_kubernetes_executor to None, run_after=None
[2026-06-02T05:14:54.281+0000] {processor.py:183} INFO - Processing /home/airflow/.local/lib/python3.11/site-packages/airflow/example_dags/example_local_kubernetes_executor.py took 0.332 seconds
[2026-06-02T05:15:25.060+0000] {processor.py:161} INFO - Started process (PID=15097) to work on /home/airflow/.local/lib/python3.11/site-packages/airflow/example_dags/example_local_kubernetes_executor.py
[2026-06-02T05:15:25.074+0000] {processor.py:830} INFO - Processing file /home/airflow/.local/lib/python3.11/site-packages/airflow/example_dags/example_local_kubernetes_executor.py for tasks to queue
[2026-06-02T05:15:25.076+0000] {logging_mixin.py:188} INFO - [2026-06-02T05:15:25.076+0000] {dagbag.py:545} INFO - Filling up the DagBag from /home/airflow/.local/lib/python3.11/site-packages/airflow/example_dags/example_local_kubernetes_executor.py
[2026-06-02T05:15:25.120+0000] {processor.py:840} INFO - DAG(s) 'example_local_kubernetes_executor' retrieved from /home/airflow/.local/lib/python3.11/site-packages/airflow/example_dags/example_local_kubernetes_executor.py
[2026-06-02T05:15:25.298+0000] {logging_mixin.py:188} INFO - [2026-06-02T05:15:25.297+0000] {dag.py:3096} INFO - Sync 1 DAGs
[2026-06-02T05:15:25.359+0000] {logging_mixin.py:188} INFO - [2026-06-02T05:15:25.359+0000] {dag.py:3954} INFO - Setting next_dagrun for example_local_kubernetes_executor to None, run_after=None
[2026-06-02T05:15:25.453+0000] {processor.py:183} INFO - Processing /home/airflow/.local/lib/python3.11/site-packages/airflow/example_dags/example_local_kubernetes_executor.py took 0.421 seconds
[2026-06-02T05:15:56.853+0000] {processor.py:161} INFO - Started process (PID=15372) to work on /home/airflow/.local/lib/python3.11/site-packages/airflow/example_dags/example_local_kubernetes_executor.py
[2026-06-02T05:15:56.876+0000] {processor.py:830} INFO - Processing file /home/airflow/.local/lib/python3.11/site-packages/airflow/example_dags/example_local_kubernetes_executor.py for tasks to queue
[2026-06-02T05:15:56.893+0000] {logging_mixin.py:188} INFO - [2026-06-02T05:15:56.893+0000] {dagbag.py:545} INFO - Filling up the DagBag from /home/airflow/.local/lib/python3.11/site-packages/airflow/example_dags/example_local_kubernetes_executor.py
[2026-06-02T05:15:56.965+0000] {processor.py:840} INFO - DAG(s) 'example_local_kubernetes_executor' retrieved from /home/airflow/.local/lib/python3.11/site-packages/airflow/example_dags/example_local_kubernetes_executor.py
[2026-06-02T05:15:57.161+0000] {logging_mixin.py:188} INFO - [2026-06-02T05:15:57.161+0000] {dag.py:3096} INFO - Sync 1 DAGs
[2026-06-02T05:15:57.226+0000] {logging_mixin.py:188} INFO - [2026-06-02T05:15:57.226+0000] {dag.py:3954} INFO - Setting next_dagrun for example_local_kubernetes_executor to None, run_after=None
[2026-06-02T05:15:57.399+0000] {processor.py:183} INFO - Processing /home/airflow/.local/lib/python3.11/site-packages/airflow/example_dags/example_local_kubernetes_executor.py took 0.591 seconds
[2026-06-02T05:16:28.222+0000] {processor.py:161} INFO - Started process (PID=15647) to work on /home/airflow/.local/lib/python3.11/site-packages/airflow/example_dags/example_local_kubernetes_executor.py
[2026-06-02T05:16:28.232+0000] {processor.py:830} INFO - Processing file /home/airflow/.local/lib/python3.11/site-packages/airflow/example_dags/example_local_kubernetes_executor.py for tasks to queue
[2026-06-02T05:16:28.244+0000] {logging_mixin.py:188} INFO - [2026-06-02T05:16:28.244+0000] {dagbag.py:545} INFO - Filling up the DagBag from /home/airflow/.local/lib/python3.11/site-packages/airflow/example_dags/example_local_kubernetes_executor.py
[2026-06-02T05:16:28.272+0000] {processor.py:840} INFO - DAG(s) 'example_local_kubernetes_executor' retrieved from /home/airflow/.local/lib/python3.11/site-packages/airflow/example_dags/example_local_kubernetes_executor.py
[2026-06-02T05:16:28.484+0000] {logging_mixin.py:188} INFO - [2026-06-02T05:16:28.484+0000] {dag.py:3096} INFO - Sync 1 DAGs
[2026-06-02T05:16:28.571+0000] {logging_mixin.py:188} INFO - [2026-06-02T05:16:28.571+0000] {dag.py:3954} INFO - Setting next_dagrun for example_local_kubernetes_executor to None, run_after=None
[2026-06-02T05:16:28.715+0000] {processor.py:183} INFO - Processing /home/airflow/.local/lib/python3.11/site-packages/airflow/example_dags/example_local_kubernetes_executor.py took 0.510 seconds
[2026-06-02T05:16:59.759+0000] {processor.py:161} INFO - Started process (PID=15919) to work on /home/airflow/.local/lib/python3.11/site-packages/airflow/example_dags/example_local_kubernetes_executor.py
[2026-06-02T05:16:59.763+0000] {processor.py:830} INFO - Processing file /home/airflow/.local/lib/python3.11/site-packages/airflow/example_dags/example_local_kubernetes_executor.py for tasks to queue
[2026-06-02T05:16:59.775+0000] {logging_mixin.py:188} INFO - [2026-06-02T05:16:59.775+0000] {dagbag.py:545} INFO - Filling up the DagBag from /home/airflow/.local/lib/python3.11/site-packages/airflow/example_dags/example_local_kubernetes_executor.py
[2026-06-02T05:16:59.817+0000] {processor.py:840} INFO - DAG(s) 'example_local_kubernetes_executor' retrieved from /home/airflow/.local/lib/python3.11/site-packages/airflow/example_dags/example_local_kubernetes_executor.py
[2026-06-02T05:17:00.052+0000] {logging_mixin.py:188} INFO - [2026-06-02T05:17:00.051+0000] {dag.py:3096} INFO - Sync 1 DAGs
[2026-06-02T05:17:00.137+0000] {logging_mixin.py:188} INFO - [2026-06-02T05:17:00.137+0000] {dag.py:3954} INFO - Setting next_dagrun for example_local_kubernetes_executor to None, run_after=None
[2026-06-02T05:17:00.257+0000] {processor.py:183} INFO - Processing /home/airflow/.local/lib/python3.11/site-packages/airflow/example_dags/example_local_kubernetes_executor.py took 0.541 seconds
[2026-06-02T05:17:31.091+0000] {processor.py:161} INFO - Started process (PID=16185) to work on /home/airflow/.local/lib/python3.11/site-packages/airflow/example_dags/example_local_kubernetes_executor.py
[2026-06-02T05:17:31.095+0000] {processor.py:830} INFO - Processing file /home/airflow/.local/lib/python3.11/site-packages/airflow/example_dags/example_local_kubernetes_executor.py for tasks to queue
[2026-06-02T05:17:31.097+0000] {logging_mixin.py:188} INFO - [2026-06-02T05:17:31.097+0000] {dagbag.py:545} INFO - Filling up the DagBag from /home/airflow/.local/lib/python3.11/site-packages/airflow/example_dags/example_local_kubernetes_executor.py
[2026-06-02T05:17:31.123+0000] {processor.py:840} INFO - DAG(s) 'example_local_kubernetes_executor' retrieved from /home/airflow/.local/lib/python3.11/site-packages/airflow/example_dags/example_local_kubernetes_executor.py
[2026-06-02T05:17:31.209+0000] {logging_mixin.py:188} INFO - [2026-06-02T05:17:31.209+0000] {dag.py:3096} INFO - Sync 1 DAGs
[2026-06-02T05:17:31.236+0000] {logging_mixin.py:188} INFO - [2026-06-02T05:17:31.236+0000] {dag.py:3954} INFO - Setting next_dagrun for example_local_kubernetes_executor to None, run_after=None
[2026-06-02T05:17:31.276+0000] {processor.py:183} INFO - Processing /home/airflow/.local/lib/python3.11/site-packages/airflow/example_dags/example_local_kubernetes_executor.py took 0.202 seconds
[2026-06-02T05:18:01.772+0000] {processor.py:161} INFO - Started process (PID=16455) to work on /home/airflow/.local/lib/python3.11/site-packages/airflow/example_dags/example_local_kubernetes_executor.py
[2026-06-02T05:18:01.810+0000] {processor.py:830} INFO - Processing file /home/airflow/.local/lib/python3.11/site-packages/airflow/example_dags/example_local_kubernetes_executor.py for tasks to queue
[2026-06-02T05:18:01.819+0000] {logging_mixin.py:188} INFO - [2026-06-02T05:18:01.818+0000] {dagbag.py:545} INFO - Filling up the DagBag from /home/airflow/.local/lib/python3.11/site-packages/airflow/example_dags/example_local_kubernetes_executor.py
[2026-06-02T05:18:01.849+0000] {processor.py:840} INFO - DAG(s) 'example_local_kubernetes_executor' retrieved from /home/airflow/.local/lib/python3.11/site-packages/airflow/example_dags/example_local_kubernetes_executor.py
[2026-06-02T05:18:02.047+0000] {logging_mixin.py:188} INFO - [2026-06-02T05:18:02.046+0000] {dag.py:3096} INFO - Sync 1 DAGs
[2026-06-02T05:18:02.116+0000] {logging_mixin.py:188} INFO - [2026-06-02T05:18:02.116+0000] {dag.py:3954} INFO - Setting next_dagrun for example_local_kubernetes_executor to None, run_after=None
[2026-06-02T05:18:02.283+0000] {processor.py:183} INFO - Processing /home/airflow/.local/lib/python3.11/site-packages/airflow/example_dags/example_local_kubernetes_executor.py took 0.546 seconds
[2026-06-02T05:18:33.133+0000] {processor.py:161} INFO - Started process (PID=16738) to work on /home/airflow/.local/lib/python3.11/site-packages/airflow/example_dags/example_local_kubernetes_executor.py
[2026-06-02T05:18:33.150+0000] {processor.py:830} INFO - Processing file /home/airflow/.local/lib/python3.11/site-packages/airflow/example_dags/example_local_kubernetes_executor.py for tasks to queue
[2026-06-02T05:18:33.166+0000] {logging_mixin.py:188} INFO - [2026-06-02T05:18:33.166+0000] {dagbag.py:545} INFO - Filling up the DagBag from /home/airflow/.local/lib/python3.11/site-packages/airflow/example_dags/example_local_kubernetes_executor.py
[2026-06-02T05:18:33.201+0000] {processor.py:840} INFO - DAG(s) 'example_local_kubernetes_executor' retrieved from /home/airflow/.local/lib/python3.11/site-packages/airflow/example_dags/example_local_kubernetes_executor.py
[2026-06-02T05:18:33.423+0000] {logging_mixin.py:188} INFO - [2026-06-02T05:18:33.422+0000] {dag.py:3096} INFO - Sync 1 DAGs
[2026-06-02T05:18:33.496+0000] {logging_mixin.py:188} INFO - [2026-06-02T05:18:33.495+0000] {dag.py:3954} INFO - Setting next_dagrun for example_local_kubernetes_executor to None, run_after=None
[2026-06-02T05:18:33.636+0000] {processor.py:183} INFO - Processing /home/airflow/.local/lib/python3.11/site-packages/airflow/example_dags/example_local_kubernetes_executor.py took 0.532 seconds
[2026-06-02T05:19:03.846+0000] {processor.py:161} INFO - Started process (PID=17011) to work on /home/airflow/.local/lib/python3.11/site-packages/airflow/example_dags/example_local_kubernetes_executor.py
[2026-06-02T05:19:03.848+0000] {processor.py:830} INFO - Processing file /home/airflow/.local/lib/python3.11/site-packages/airflow/example_dags/example_local_kubernetes_executor.py for tasks to queue
[2026-06-02T05:19:03.858+0000] {logging_mixin.py:188} INFO - [2026-06-02T05:19:03.857+0000] {dagbag.py:545} INFO - Filling up the DagBag from /home/airflow/.local/lib/python3.11/site-packages/airflow/example_dags/example_local_kubernetes_executor.py
[2026-06-02T05:19:03.899+0000] {processor.py:840} INFO - DAG(s) 'example_local_kubernetes_executor' retrieved from /home/airflow/.local/lib/python3.11/site-packages/airflow/example_dags/example_local_kubernetes_executor.py
[2026-06-02T05:19:04.050+0000] {logging_mixin.py:188} INFO - [2026-06-02T05:19:04.049+0000] {dag.py:3096} INFO - Sync 1 DAGs
[2026-06-02T05:19:04.125+0000] {logging_mixin.py:188} INFO - [2026-06-02T05:19:04.124+0000] {dag.py:3954} INFO - Setting next_dagrun for example_local_kubernetes_executor to None, run_after=None
[2026-06-02T05:19:04.278+0000] {processor.py:183} INFO - Processing /home/airflow/.local/lib/python3.11/site-packages/airflow/example_dags/example_local_kubernetes_executor.py took 0.456 seconds
[2026-06-02T05:19:36.251+0000] {processor.py:161} INFO - Started process (PID=17285) to work on /home/airflow/.local/lib/python3.11/site-packages/airflow/example_dags/example_local_kubernetes_executor.py
[2026-06-02T05:19:36.265+0000] {processor.py:830} INFO - Processing file /home/airflow/.local/lib/python3.11/site-packages/airflow/example_dags/example_local_kubernetes_executor.py for tasks to queue
[2026-06-02T05:19:36.274+0000] {logging_mixin.py:188} INFO - [2026-06-02T05:19:36.273+0000] {dagbag.py:545} INFO - Filling up the DagBag from /home/airflow/.local/lib/python3.11/site-packages/airflow/example_dags/example_local_kubernetes_executor.py
[2026-06-02T05:19:36.282+0000] {processor.py:840} INFO - DAG(s) 'example_local_kubernetes_executor' retrieved from /home/airflow/.local/lib/python3.11/site-packages/airflow/example_dags/example_local_kubernetes_executor.py
[2026-06-02T05:19:36.353+0000] {logging_mixin.py:188} INFO - [2026-06-02T05:19:36.352+0000] {dag.py:3096} INFO - Sync 1 DAGs
[2026-06-02T05:19:36.385+0000] {logging_mixin.py:188} INFO - [2026-06-02T05:19:36.385+0000] {dag.py:3954} INFO - Setting next_dagrun for example_local_kubernetes_executor to None, run_after=None
[2026-06-02T05:19:36.448+0000] {processor.py:183} INFO - Processing /home/airflow/.local/lib/python3.11/site-packages/airflow/example_dags/example_local_kubernetes_executor.py took 0.218 seconds
[2026-06-02T05:20:11.251+0000] {processor.py:161} INFO - Started process (PID=17576) to work on /home/airflow/.local/lib/python3.11/site-packages/airflow/example_dags/example_local_kubernetes_executor.py
[2026-06-02T05:20:11.265+0000] {processor.py:830} INFO - Processing file /home/airflow/.local/lib/python3.11/site-packages/airflow/example_dags/example_local_kubernetes_executor.py for tasks to queue
[2026-06-02T05:20:11.288+0000] {logging_mixin.py:188} INFO - [2026-06-02T05:20:11.286+0000] {dagbag.py:545} INFO - Filling up the DagBag from /home/airflow/.local/lib/python3.11/site-packages/airflow/example_dags/example_local_kubernetes_executor.py
[2026-06-02T05:20:11.375+0000] {processor.py:840} INFO - DAG(s) 'example_local_kubernetes_executor' retrieved from /home/airflow/.local/lib/python3.11/site-packages/airflow/example_dags/example_local_kubernetes_executor.py
[2026-06-02T05:20:11.600+0000] {logging_mixin.py:188} INFO - [2026-06-02T05:20:11.600+0000] {dag.py:3096} INFO - Sync 1 DAGs
[2026-06-02T05:20:11.665+0000] {logging_mixin.py:188} INFO - [2026-06-02T05:20:11.665+0000] {dag.py:3954} INFO - Setting next_dagrun for example_local_kubernetes_executor to None, run_after=None
[2026-06-02T05:20:11.723+0000] {processor.py:183} INFO - Processing /home/airflow/.local/lib/python3.11/site-packages/airflow/example_dags/example_local_kubernetes_executor.py took 0.492 seconds
[2026-06-02T05:20:42.448+0000] {processor.py:161} INFO - Started process (PID=17840) to work on /home/airflow/.local/lib/python3.11/site-packages/airflow/example_dags/example_local_kubernetes_executor.py
[2026-06-02T05:20:42.449+0000] {processor.py:830} INFO - Processing file /home/airflow/.local/lib/python3.11/site-packages/airflow/example_dags/example_local_kubernetes_executor.py for tasks to queue
[2026-06-02T05:20:42.469+0000] {logging_mixin.py:188} INFO - [2026-06-02T05:20:42.468+0000] {dagbag.py:545} INFO - Filling up the DagBag from /home/airflow/.local/lib/python3.11/site-packages/airflow/example_dags/example_local_kubernetes_executor.py
[2026-06-02T05:20:42.504+0000] {processor.py:840} INFO - DAG(s) 'example_local_kubernetes_executor' retrieved from /home/airflow/.local/lib/python3.11/site-packages/airflow/example_dags/example_local_kubernetes_executor.py
[2026-06-02T05:20:42.745+0000] {logging_mixin.py:188} INFO - [2026-06-02T05:20:42.744+0000] {dag.py:3096} INFO - Sync 1 DAGs
[2026-06-02T05:20:42.778+0000] {logging_mixin.py:188} INFO - [2026-06-02T05:20:42.778+0000] {dag.py:3954} INFO - Setting next_dagrun for example_local_kubernetes_executor to None, run_after=None
[2026-06-02T05:20:42.852+0000] {processor.py:183} INFO - Processing /home/airflow/.local/lib/python3.11/site-packages/airflow/example_dags/example_local_kubernetes_executor.py took 0.436 seconds
[2026-06-02T05:21:14.894+0000] {processor.py:161} INFO - Started process (PID=18114) to work on /home/airflow/.local/lib/python3.11/site-packages/airflow/example_dags/example_local_kubernetes_executor.py
[2026-06-02T05:21:14.917+0000] {processor.py:830} INFO - Processing file /home/airflow/.local/lib/python3.11/site-packages/airflow/example_dags/example_local_kubernetes_executor.py for tasks to queue
[2026-06-02T05:21:14.933+0000] {logging_mixin.py:188} INFO - [2026-06-02T05:21:14.932+0000] {dagbag.py:545} INFO - Filling up the DagBag from /home/airflow/.local/lib/python3.11/site-packages/airflow/example_dags/example_local_kubernetes_executor.py
[2026-06-02T05:21:14.970+0000] {processor.py:840} INFO - DAG(s) 'example_local_kubernetes_executor' retrieved from /home/airflow/.local/lib/python3.11/site-packages/airflow/example_dags/example_local_kubernetes_executor.py
[2026-06-02T05:21:15.254+0000] {logging_mixin.py:188} INFO - [2026-06-02T05:21:15.253+0000] {dag.py:3096} INFO - Sync 1 DAGs
[2026-06-02T05:21:15.331+0000] {logging_mixin.py:188} INFO - [2026-06-02T05:21:15.330+0000] {dag.py:3954} INFO - Setting next_dagrun for example_local_kubernetes_executor to None, run_after=None
[2026-06-02T05:21:15.599+0000] {processor.py:183} INFO - Processing /home/airflow/.local/lib/python3.11/site-packages/airflow/example_dags/example_local_kubernetes_executor.py took 0.816 seconds
[2026-06-02T05:21:46.184+0000] {processor.py:161} INFO - Started process (PID=18388) to work on /home/airflow/.local/lib/python3.11/site-packages/airflow/example_dags/example_local_kubernetes_executor.py
[2026-06-02T05:21:46.187+0000] {processor.py:830} INFO - Processing file /home/airflow/.local/lib/python3.11/site-packages/airflow/example_dags/example_local_kubernetes_executor.py for tasks to queue
[2026-06-02T05:21:46.199+0000] {logging_mixin.py:188} INFO - [2026-06-02T05:21:46.198+0000] {dagbag.py:545} INFO - Filling up the DagBag from /home/airflow/.local/lib/python3.11/site-packages/airflow/example_dags/example_local_kubernetes_executor.py
[2026-06-02T05:21:46.249+0000] {processor.py:840} INFO - DAG(s) 'example_local_kubernetes_executor' retrieved from /home/airflow/.local/lib/python3.11/site-packages/airflow/example_dags/example_local_kubernetes_executor.py
[2026-06-02T05:21:46.448+0000] {logging_mixin.py:188} INFO - [2026-06-02T05:21:46.447+0000] {dag.py:3096} INFO - Sync 1 DAGs
[2026-06-02T05:21:46.517+0000] {logging_mixin.py:188} INFO - [2026-06-02T05:21:46.517+0000] {dag.py:3954} INFO - Setting next_dagrun for example_local_kubernetes_executor to None, run_after=None
[2026-06-02T05:21:46.822+0000] {processor.py:183} INFO - Processing /home/airflow/.local/lib/python3.11/site-packages/airflow/example_dags/example_local_kubernetes_executor.py took 0.688 seconds
[2026-06-02T05:22:17.237+0000] {processor.py:161} INFO - Started process (PID=18663) to work on /home/airflow/.local/lib/python3.11/site-packages/airflow/example_dags/example_local_kubernetes_executor.py
[2026-06-02T05:22:17.255+0000] {processor.py:830} INFO - Processing file /home/airflow/.local/lib/python3.11/site-packages/airflow/example_dags/example_local_kubernetes_executor.py for tasks to queue
[2026-06-02T05:22:17.275+0000] {logging_mixin.py:188} INFO - [2026-06-02T05:22:17.275+0000] {dagbag.py:545} INFO - Filling up the DagBag from /home/airflow/.local/lib/python3.11/site-packages/airflow/example_dags/example_local_kubernetes_executor.py
[2026-06-02T05:22:17.317+0000] {processor.py:840} INFO - DAG(s) 'example_local_kubernetes_executor' retrieved from /home/airflow/.local/lib/python3.11/site-packages/airflow/example_dags/example_local_kubernetes_executor.py
[2026-06-02T05:22:17.548+0000] {logging_mixin.py:188} INFO - [2026-06-02T05:22:17.547+0000] {dag.py:3096} INFO - Sync 1 DAGs
[2026-06-02T05:22:17.643+0000] {logging_mixin.py:188} INFO - [2026-06-02T05:22:17.637+0000] {dag.py:3954} INFO - Setting next_dagrun for example_local_kubernetes_executor to None, run_after=None
[2026-06-02T05:22:17.746+0000] {processor.py:183} INFO - Processing /home/airflow/.local/lib/python3.11/site-packages/airflow/example_dags/example_local_kubernetes_executor.py took 0.517 seconds
[2026-06-02T05:22:50.745+0000] {processor.py:161} INFO - Started process (PID=18947) to work on /home/airflow/.local/lib/python3.11/site-packages/airflow/example_dags/example_local_kubernetes_executor.py
[2026-06-02T05:22:50.760+0000] {processor.py:830} INFO - Processing file /home/airflow/.local/lib/python3.11/site-packages/airflow/example_dags/example_local_kubernetes_executor.py for tasks to queue
[2026-06-02T05:22:50.767+0000] {logging_mixin.py:188} INFO - [2026-06-02T05:22:50.763+0000] {dagbag.py:545} INFO - Filling up the DagBag from /home/airflow/.local/lib/python3.11/site-packages/airflow/example_dags/example_local_kubernetes_executor.py
[2026-06-02T05:22:50.808+0000] {processor.py:840} INFO - DAG(s) 'example_local_kubernetes_executor' retrieved from /home/airflow/.local/lib/python3.11/site-packages/airflow/example_dags/example_local_kubernetes_executor.py
[2026-06-02T05:22:50.999+0000] {logging_mixin.py:188} INFO - [2026-06-02T05:22:50.999+0000] {dag.py:3096} INFO - Sync 1 DAGs
[2026-06-02T05:22:51.065+0000] {logging_mixin.py:188} INFO - [2026-06-02T05:22:51.065+0000] {dag.py:3954} INFO - Setting next_dagrun for example_local_kubernetes_executor to None, run_after=None
[2026-06-02T05:22:51.178+0000] {processor.py:183} INFO - Processing /home/airflow/.local/lib/python3.11/site-packages/airflow/example_dags/example_local_kubernetes_executor.py took 0.465 seconds
[2026-06-02T05:23:22.701+0000] {processor.py:161} INFO - Started process (PID=19215) to work on /home/airflow/.local/lib/python3.11/site-packages/airflow/example_dags/example_local_kubernetes_executor.py
[2026-06-02T05:23:22.714+0000] {processor.py:830} INFO - Processing file /home/airflow/.local/lib/python3.11/site-packages/airflow/example_dags/example_local_kubernetes_executor.py for tasks to queue
[2026-06-02T05:23:22.717+0000] {logging_mixin.py:188} INFO - [2026-06-02T05:23:22.716+0000] {dagbag.py:545} INFO - Filling up the DagBag from /home/airflow/.local/lib/python3.11/site-packages/airflow/example_dags/example_local_kubernetes_executor.py
[2026-06-02T05:23:22.760+0000] {processor.py:840} INFO - DAG(s) 'example_local_kubernetes_executor' retrieved from /home/airflow/.local/lib/python3.11/site-packages/airflow/example_dags/example_local_kubernetes_executor.py
[2026-06-02T05:23:22.923+0000] {logging_mixin.py:188} INFO - [2026-06-02T05:23:22.923+0000] {dag.py:3096} INFO - Sync 1 DAGs
[2026-06-02T05:23:22.988+0000] {logging_mixin.py:188} INFO - [2026-06-02T05:23:22.988+0000] {dag.py:3954} INFO - Setting next_dagrun for example_local_kubernetes_executor to None, run_after=None
[2026-06-02T05:23:23.076+0000] {processor.py:183} INFO - Processing /home/airflow/.local/lib/python3.11/site-packages/airflow/example_dags/example_local_kubernetes_executor.py took 0.383 seconds
[2026-06-02T05:23:53.617+0000] {processor.py:161} INFO - Started process (PID=19493) to work on /home/airflow/.local/lib/python3.11/site-packages/airflow/example_dags/example_local_kubernetes_executor.py
[2026-06-02T05:23:53.630+0000] {processor.py:830} INFO - Processing file /home/airflow/.local/lib/python3.11/site-packages/airflow/example_dags/example_local_kubernetes_executor.py for tasks to queue
[2026-06-02T05:23:53.635+0000] {logging_mixin.py:188} INFO - [2026-06-02T05:23:53.634+0000] {dagbag.py:545} INFO - Filling up the DagBag from /home/airflow/.local/lib/python3.11/site-packages/airflow/example_dags/example_local_kubernetes_executor.py
[2026-06-02T05:23:53.667+0000] {processor.py:840} INFO - DAG(s) 'example_local_kubernetes_executor' retrieved from /home/airflow/.local/lib/python3.11/site-packages/airflow/example_dags/example_local_kubernetes_executor.py
[2026-06-02T05:23:53.921+0000] {logging_mixin.py:188} INFO - [2026-06-02T05:23:53.920+0000] {dag.py:3096} INFO - Sync 1 DAGs
[2026-06-02T05:23:54.010+0000] {logging_mixin.py:188} INFO - [2026-06-02T05:23:53.993+0000] {dag.py:3954} INFO - Setting next_dagrun for example_local_kubernetes_executor to None, run_after=None
[2026-06-02T05:23:54.111+0000] {processor.py:183} INFO - Processing /home/airflow/.local/lib/python3.11/site-packages/airflow/example_dags/example_local_kubernetes_executor.py took 0.511 seconds
[2026-06-02T05:24:24.361+0000] {processor.py:161} INFO - Started process (PID=19767) to work on /home/airflow/.local/lib/python3.11/site-packages/airflow/example_dags/example_local_kubernetes_executor.py
[2026-06-02T05:24:24.386+0000] {processor.py:830} INFO - Processing file /home/airflow/.local/lib/python3.11/site-packages/airflow/example_dags/example_local_kubernetes_executor.py for tasks to queue
[2026-06-02T05:24:24.398+0000] {logging_mixin.py:188} INFO - [2026-06-02T05:24:24.398+0000] {dagbag.py:545} INFO - Filling up the DagBag from /home/airflow/.local/lib/python3.11/site-packages/airflow/example_dags/example_local_kubernetes_executor.py
[2026-06-02T05:24:24.444+0000] {processor.py:840} INFO - DAG(s) 'example_local_kubernetes_executor' retrieved from /home/airflow/.local/lib/python3.11/site-packages/airflow/example_dags/example_local_kubernetes_executor.py
[2026-06-02T05:24:24.646+0000] {logging_mixin.py:188} INFO - [2026-06-02T05:24:24.646+0000] {dag.py:3096} INFO - Sync 1 DAGs
[2026-06-02T05:24:24.684+0000] {logging_mixin.py:188} INFO - [2026-06-02T05:24:24.684+0000] {dag.py:3954} INFO - Setting next_dagrun for example_local_kubernetes_executor to None, run_after=None
[2026-06-02T05:24:24.758+0000] {processor.py:183} INFO - Processing /home/airflow/.local/lib/python3.11/site-packages/airflow/example_dags/example_local_kubernetes_executor.py took 0.426 seconds
[2026-06-02T05:24:59.210+0000] {processor.py:161} INFO - Started process (PID=20048) to work on /home/airflow/.local/lib/python3.11/site-packages/airflow/example_dags/example_local_kubernetes_executor.py
[2026-06-02T05:24:59.216+0000] {processor.py:830} INFO - Processing file /home/airflow/.local/lib/python3.11/site-packages/airflow/example_dags/example_local_kubernetes_executor.py for tasks to queue
[2026-06-02T05:24:59.230+0000] {logging_mixin.py:188} INFO - [2026-06-02T05:24:59.230+0000] {dagbag.py:545} INFO - Filling up the DagBag from /home/airflow/.local/lib/python3.11/site-packages/airflow/example_dags/example_local_kubernetes_executor.py
[2026-06-02T05:24:59.283+0000] {processor.py:840} INFO - DAG(s) 'example_local_kubernetes_executor' retrieved from /home/airflow/.local/lib/python3.11/site-packages/airflow/example_dags/example_local_kubernetes_executor.py
[2026-06-02T05:24:59.474+0000] {logging_mixin.py:188} INFO - [2026-06-02T05:24:59.474+0000] {dag.py:3096} INFO - Sync 1 DAGs
[2026-06-02T05:24:59.552+0000] {logging_mixin.py:188} INFO - [2026-06-02T05:24:59.551+0000] {dag.py:3954} INFO - Setting next_dagrun for example_local_kubernetes_executor to None, run_after=None
[2026-06-02T05:24:59.721+0000] {processor.py:183} INFO - Processing /home/airflow/.local/lib/python3.11/site-packages/airflow/example_dags/example_local_kubernetes_executor.py took 0.569 seconds
[2026-06-02T05:25:36.424+0000] {processor.py:161} INFO - Started process (PID=20334) to work on /home/airflow/.local/lib/python3.11/site-packages/airflow/example_dags/example_local_kubernetes_executor.py
[2026-06-02T05:25:36.445+0000] {processor.py:830} INFO - Processing file /home/airflow/.local/lib/python3.11/site-packages/airflow/example_dags/example_local_kubernetes_executor.py for tasks to queue
[2026-06-02T05:25:36.454+0000] {logging_mixin.py:188} INFO - [2026-06-02T05:25:36.453+0000] {dagbag.py:545} INFO - Filling up the DagBag from /home/airflow/.local/lib/python3.11/site-packages/airflow/example_dags/example_local_kubernetes_executor.py
[2026-06-02T05:25:36.503+0000] {processor.py:840} INFO - DAG(s) 'example_local_kubernetes_executor' retrieved from /home/airflow/.local/lib/python3.11/site-packages/airflow/example_dags/example_local_kubernetes_executor.py
[2026-06-02T05:25:36.754+0000] {logging_mixin.py:188} INFO - [2026-06-02T05:25:36.754+0000] {dag.py:3096} INFO - Sync 1 DAGs
[2026-06-02T05:25:37.016+0000] {logging_mixin.py:188} INFO - [2026-06-02T05:25:37.015+0000] {dag.py:3954} INFO - Setting next_dagrun for example_local_kubernetes_executor to None, run_after=None
[2026-06-02T05:25:37.474+0000] {processor.py:183} INFO - Processing /home/airflow/.local/lib/python3.11/site-packages/airflow/example_dags/example_local_kubernetes_executor.py took 1.057 seconds
[2026-06-02T05:26:17.884+0000] {processor.py:161} INFO - Started process (PID=20654) to work on /home/airflow/.local/lib/python3.11/site-packages/airflow/example_dags/example_local_kubernetes_executor.py
[2026-06-02T05:26:17.891+0000] {processor.py:830} INFO - Processing file /home/airflow/.local/lib/python3.11/site-packages/airflow/example_dags/example_local_kubernetes_executor.py for tasks to queue
[2026-06-02T05:26:17.893+0000] {logging_mixin.py:188} INFO - [2026-06-02T05:26:17.893+0000] {dagbag.py:545} INFO - Filling up the DagBag from /home/airflow/.local/lib/python3.11/site-packages/airflow/example_dags/example_local_kubernetes_executor.py
[2026-06-02T05:26:17.921+0000] {processor.py:840} INFO - DAG(s) 'example_local_kubernetes_executor' retrieved from /home/airflow/.local/lib/python3.11/site-packages/airflow/example_dags/example_local_kubernetes_executor.py
[2026-06-02T05:26:18.243+0000] {logging_mixin.py:188} INFO - [2026-06-02T05:26:18.243+0000] {dag.py:3096} INFO - Sync 1 DAGs
[2026-06-02T05:26:18.306+0000] {logging_mixin.py:188} INFO - [2026-06-02T05:26:18.306+0000] {dag.py:3954} INFO - Setting next_dagrun for example_local_kubernetes_executor to None, run_after=None
[2026-06-02T05:26:18.379+0000] {processor.py:183} INFO - Processing /home/airflow/.local/lib/python3.11/site-packages/airflow/example_dags/example_local_kubernetes_executor.py took 0.513 seconds
[2026-06-02T05:26:53.396+0000] {processor.py:161} INFO - Started process (PID=20930) to work on /home/airflow/.local/lib/python3.11/site-packages/airflow/example_dags/example_local_kubernetes_executor.py
[2026-06-02T05:26:53.418+0000] {processor.py:830} INFO - Processing file /home/airflow/.local/lib/python3.11/site-packages/airflow/example_dags/example_local_kubernetes_executor.py for tasks to queue
[2026-06-02T05:26:53.435+0000] {logging_mixin.py:188} INFO - [2026-06-02T05:26:53.434+0000] {dagbag.py:545} INFO - Filling up the DagBag from /home/airflow/.local/lib/python3.11/site-packages/airflow/example_dags/example_local_kubernetes_executor.py
[2026-06-02T05:26:53.507+0000] {processor.py:840} INFO - DAG(s) 'example_local_kubernetes_executor' retrieved from /home/airflow/.local/lib/python3.11/site-packages/airflow/example_dags/example_local_kubernetes_executor.py
[2026-06-02T05:26:53.771+0000] {logging_mixin.py:188} INFO - [2026-06-02T05:26:53.770+0000] {dag.py:3096} INFO - Sync 1 DAGs
[2026-06-02T05:26:53.871+0000] {logging_mixin.py:188} INFO - [2026-06-02T05:26:53.871+0000] {dag.py:3954} INFO - Setting next_dagrun for example_local_kubernetes_executor to None, run_after=None
[2026-06-02T05:26:54.031+0000] {processor.py:183} INFO - Processing /home/airflow/.local/lib/python3.11/site-packages/airflow/example_dags/example_local_kubernetes_executor.py took 0.699 seconds
[2026-06-02T05:27:24.424+0000] {processor.py:161} INFO - Started process (PID=21192) to work on /home/airflow/.local/lib/python3.11/site-packages/airflow/example_dags/example_local_kubernetes_executor.py
[2026-06-02T05:27:24.430+0000] {processor.py:830} INFO - Processing file /home/airflow/.local/lib/python3.11/site-packages/airflow/example_dags/example_local_kubernetes_executor.py for tasks to queue
[2026-06-02T05:27:24.439+0000] {logging_mixin.py:188} INFO - [2026-06-02T05:27:24.438+0000] {dagbag.py:545} INFO - Filling up the DagBag from /home/airflow/.local/lib/python3.11/site-packages/airflow/example_dags/example_local_kubernetes_executor.py
[2026-06-02T05:27:24.466+0000] {processor.py:840} INFO - DAG(s) 'example_local_kubernetes_executor' retrieved from /home/airflow/.local/lib/python3.11/site-packages/airflow/example_dags/example_local_kubernetes_executor.py
[2026-06-02T05:27:24.615+0000] {logging_mixin.py:188} INFO - [2026-06-02T05:27:24.614+0000] {dag.py:3096} INFO - Sync 1 DAGs
[2026-06-02T05:27:24.646+0000] {logging_mixin.py:188} INFO - [2026-06-02T05:27:24.646+0000] {dag.py:3954} INFO - Setting next_dagrun for example_local_kubernetes_executor to None, run_after=None
[2026-06-02T05:27:24.719+0000] {processor.py:183} INFO - Processing /home/airflow/.local/lib/python3.11/site-packages/airflow/example_dags/example_local_kubernetes_executor.py took 0.306 seconds
[2026-06-02T05:27:55.383+0000] {processor.py:161} INFO - Started process (PID=21468) to work on /home/airflow/.local/lib/python3.11/site-packages/airflow/example_dags/example_local_kubernetes_executor.py
[2026-06-02T05:27:55.390+0000] {processor.py:830} INFO - Processing file /home/airflow/.local/lib/python3.11/site-packages/airflow/example_dags/example_local_kubernetes_executor.py for tasks to queue
[2026-06-02T05:27:55.399+0000] {logging_mixin.py:188} INFO - [2026-06-02T05:27:55.398+0000] {dagbag.py:545} INFO - Filling up the DagBag from /home/airflow/.local/lib/python3.11/site-packages/airflow/example_dags/example_local_kubernetes_executor.py
[2026-06-02T05:27:55.447+0000] {processor.py:840} INFO - DAG(s) 'example_local_kubernetes_executor' retrieved from /home/airflow/.local/lib/python3.11/site-packages/airflow/example_dags/example_local_kubernetes_executor.py
[2026-06-02T05:27:55.683+0000] {logging_mixin.py:188} INFO - [2026-06-02T05:27:55.683+0000] {dag.py:3096} INFO - Sync 1 DAGs
[2026-06-02T05:27:55.722+0000] {logging_mixin.py:188} INFO - [2026-06-02T05:27:55.722+0000] {dag.py:3954} INFO - Setting next_dagrun for example_local_kubernetes_executor to None, run_after=None
[2026-06-02T05:27:55.773+0000] {processor.py:183} INFO - Processing /home/airflow/.local/lib/python3.11/site-packages/airflow/example_dags/example_local_kubernetes_executor.py took 0.453 seconds
[2026-06-02T05:28:28.278+0000] {processor.py:161} INFO - Started process (PID=21752) to work on /home/airflow/.local/lib/python3.11/site-packages/airflow/example_dags/example_local_kubernetes_executor.py
[2026-06-02T05:28:28.283+0000] {processor.py:830} INFO - Processing file /home/airflow/.local/lib/python3.11/site-packages/airflow/example_dags/example_local_kubernetes_executor.py for tasks to queue
[2026-06-02T05:28:28.291+0000] {logging_mixin.py:188} INFO - [2026-06-02T05:28:28.291+0000] {dagbag.py:545} INFO - Filling up the DagBag from /home/airflow/.local/lib/python3.11/site-packages/airflow/example_dags/example_local_kubernetes_executor.py
[2026-06-02T05:28:28.317+0000] {processor.py:840} INFO - DAG(s) 'example_local_kubernetes_executor' retrieved from /home/airflow/.local/lib/python3.11/site-packages/airflow/example_dags/example_local_kubernetes_executor.py
[2026-06-02T05:28:28.517+0000] {logging_mixin.py:188} INFO - [2026-06-02T05:28:28.517+0000] {dag.py:3096} INFO - Sync 1 DAGs
[2026-06-02T05:28:28.556+0000] {logging_mixin.py:188} INFO - [2026-06-02T05:28:28.556+0000] {dag.py:3954} INFO - Setting next_dagrun for example_local_kubernetes_executor to None, run_after=None
[2026-06-02T05:28:28.633+0000] {processor.py:183} INFO - Processing /home/airflow/.local/lib/python3.11/site-packages/airflow/example_dags/example_local_kubernetes_executor.py took 0.373 seconds
[2026-06-02T05:29:01.978+0000] {processor.py:161} INFO - Started process (PID=22021) to work on /home/airflow/.local/lib/python3.11/site-packages/airflow/example_dags/example_local_kubernetes_executor.py
[2026-06-02T05:29:01.985+0000] {processor.py:830} INFO - Processing file /home/airflow/.local/lib/python3.11/site-packages/airflow/example_dags/example_local_kubernetes_executor.py for tasks to queue
[2026-06-02T05:29:01.992+0000] {logging_mixin.py:188} INFO - [2026-06-02T05:29:01.991+0000] {dagbag.py:545} INFO - Filling up the DagBag from /home/airflow/.local/lib/python3.11/site-packages/airflow/example_dags/example_local_kubernetes_executor.py
[2026-06-02T05:29:02.011+0000] {processor.py:840} INFO - DAG(s) 'example_local_kubernetes_executor' retrieved from /home/airflow/.local/lib/python3.11/site-packages/airflow/example_dags/example_local_kubernetes_executor.py
[2026-06-02T05:29:02.120+0000] {logging_mixin.py:188} INFO - [2026-06-02T05:29:02.119+0000] {dag.py:3096} INFO - Sync 1 DAGs
[2026-06-02T05:29:02.151+0000] {logging_mixin.py:188} INFO - [2026-06-02T05:29:02.150+0000] {dag.py:3954} INFO - Setting next_dagrun for example_local_kubernetes_executor to None, run_after=None
[2026-06-02T05:29:02.287+0000] {processor.py:183} INFO - Processing /home/airflow/.local/lib/python3.11/site-packages/airflow/example_dags/example_local_kubernetes_executor.py took 0.358 seconds
[2026-06-02T05:29:35.017+0000] {processor.py:161} INFO - Started process (PID=22297) to work on /home/airflow/.local/lib/python3.11/site-packages/airflow/example_dags/example_local_kubernetes_executor.py
[2026-06-02T05:29:35.024+0000] {processor.py:830} INFO - Processing file /home/airflow/.local/lib/python3.11/site-packages/airflow/example_dags/example_local_kubernetes_executor.py for tasks to queue
[2026-06-02T05:29:35.032+0000] {logging_mixin.py:188} INFO - [2026-06-02T05:29:35.032+0000] {dagbag.py:545} INFO - Filling up the DagBag from /home/airflow/.local/lib/python3.11/site-packages/airflow/example_dags/example_local_kubernetes_executor.py
[2026-06-02T05:29:35.073+0000] {processor.py:840} INFO - DAG(s) 'example_local_kubernetes_executor' retrieved from /home/airflow/.local/lib/python3.11/site-packages/airflow/example_dags/example_local_kubernetes_executor.py
[2026-06-02T05:29:35.188+0000] {logging_mixin.py:188} INFO - [2026-06-02T05:29:35.188+0000] {dag.py:3096} INFO - Sync 1 DAGs
[2026-06-02T05:29:35.223+0000] {logging_mixin.py:188} INFO - [2026-06-02T05:29:35.223+0000] {dag.py:3954} INFO - Setting next_dagrun for example_local_kubernetes_executor to None, run_after=None
[2026-06-02T05:29:35.343+0000] {processor.py:183} INFO - Processing /home/airflow/.local/lib/python3.11/site-packages/airflow/example_dags/example_local_kubernetes_executor.py took 0.364 seconds
[2026-06-02T05:30:05.946+0000] {processor.py:161} INFO - Started process (PID=22572) to work on /home/airflow/.local/lib/python3.11/site-packages/airflow/example_dags/example_local_kubernetes_executor.py
[2026-06-02T05:30:05.953+0000] {processor.py:830} INFO - Processing file /home/airflow/.local/lib/python3.11/site-packages/airflow/example_dags/example_local_kubernetes_executor.py for tasks to queue
[2026-06-02T05:30:05.974+0000] {logging_mixin.py:188} INFO - [2026-06-02T05:30:05.973+0000] {dagbag.py:545} INFO - Filling up the DagBag from /home/airflow/.local/lib/python3.11/site-packages/airflow/example_dags/example_local_kubernetes_executor.py
[2026-06-02T05:30:06.045+0000] {processor.py:840} INFO - DAG(s) 'example_local_kubernetes_executor' retrieved from /home/airflow/.local/lib/python3.11/site-packages/airflow/example_dags/example_local_kubernetes_executor.py
[2026-06-02T05:30:06.266+0000] {logging_mixin.py:188} INFO - [2026-06-02T05:30:06.265+0000] {dag.py:3096} INFO - Sync 1 DAGs
[2026-06-02T05:30:06.343+0000] {logging_mixin.py:188} INFO - [2026-06-02T05:30:06.343+0000] {dag.py:3954} INFO - Setting next_dagrun for example_local_kubernetes_executor to None, run_after=None
[2026-06-02T05:30:06.494+0000] {processor.py:183} INFO - Processing /home/airflow/.local/lib/python3.11/site-packages/airflow/example_dags/example_local_kubernetes_executor.py took 0.575 seconds
[2026-06-02T05:30:37.366+0000] {processor.py:161} INFO - Started process (PID=22849) to work on /home/airflow/.local/lib/python3.11/site-packages/airflow/example_dags/example_local_kubernetes_executor.py
[2026-06-02T05:30:37.368+0000] {processor.py:830} INFO - Processing file /home/airflow/.local/lib/python3.11/site-packages/airflow/example_dags/example_local_kubernetes_executor.py for tasks to queue
[2026-06-02T05:30:37.387+0000] {logging_mixin.py:188} INFO - [2026-06-02T05:30:37.386+0000] {dagbag.py:545} INFO - Filling up the DagBag from /home/airflow/.local/lib/python3.11/site-packages/airflow/example_dags/example_local_kubernetes_executor.py
[2026-06-02T05:30:37.434+0000] {processor.py:840} INFO - DAG(s) 'example_local_kubernetes_executor' retrieved from /home/airflow/.local/lib/python3.11/site-packages/airflow/example_dags/example_local_kubernetes_executor.py
[2026-06-02T05:30:37.667+0000] {logging_mixin.py:188} INFO - [2026-06-02T05:30:37.667+0000] {dag.py:3096} INFO - Sync 1 DAGs
[2026-06-02T05:30:37.759+0000] {logging_mixin.py:188} INFO - [2026-06-02T05:30:37.759+0000] {dag.py:3954} INFO - Setting next_dagrun for example_local_kubernetes_executor to None, run_after=None
[2026-06-02T05:30:37.862+0000] {processor.py:183} INFO - Processing /home/airflow/.local/lib/python3.11/site-packages/airflow/example_dags/example_local_kubernetes_executor.py took 0.536 seconds
[2026-06-02T05:31:11.057+0000] {processor.py:161} INFO - Started process (PID=23125) to work on /home/airflow/.local/lib/python3.11/site-packages/airflow/example_dags/example_local_kubernetes_executor.py
[2026-06-02T05:31:11.065+0000] {processor.py:830} INFO - Processing file /home/airflow/.local/lib/python3.11/site-packages/airflow/example_dags/example_local_kubernetes_executor.py for tasks to queue
[2026-06-02T05:31:11.078+0000] {logging_mixin.py:188} INFO - [2026-06-02T05:31:11.077+0000] {dagbag.py:545} INFO - Filling up the DagBag from /home/airflow/.local/lib/python3.11/site-packages/airflow/example_dags/example_local_kubernetes_executor.py
[2026-06-02T05:31:11.103+0000] {processor.py:840} INFO - DAG(s) 'example_local_kubernetes_executor' retrieved from /home/airflow/.local/lib/python3.11/site-packages/airflow/example_dags/example_local_kubernetes_executor.py
[2026-06-02T05:31:11.362+0000] {logging_mixin.py:188} INFO - [2026-06-02T05:31:11.362+0000] {dag.py:3096} INFO - Sync 1 DAGs
[2026-06-02T05:31:11.499+0000] {logging_mixin.py:188} INFO - [2026-06-02T05:31:11.498+0000] {dag.py:3954} INFO - Setting next_dagrun for example_local_kubernetes_executor to None, run_after=None
[2026-06-02T05:31:11.623+0000] {processor.py:183} INFO - Processing /home/airflow/.local/lib/python3.11/site-packages/airflow/example_dags/example_local_kubernetes_executor.py took 0.584 seconds
[2026-06-02T05:31:49.007+0000] {processor.py:161} INFO - Started process (PID=23416) to work on /home/airflow/.local/lib/python3.11/site-packages/airflow/example_dags/example_local_kubernetes_executor.py
[2026-06-02T05:31:49.037+0000] {processor.py:830} INFO - Processing file /home/airflow/.local/lib/python3.11/site-packages/airflow/example_dags/example_local_kubernetes_executor.py for tasks to queue
[2026-06-02T05:31:49.039+0000] {logging_mixin.py:188} INFO - [2026-06-02T05:31:49.039+0000] {dagbag.py:545} INFO - Filling up the DagBag from /home/airflow/.local/lib/python3.11/site-packages/airflow/example_dags/example_local_kubernetes_executor.py
[2026-06-02T05:31:49.064+0000] {processor.py:840} INFO - DAG(s) 'example_local_kubernetes_executor' retrieved from /home/airflow/.local/lib/python3.11/site-packages/airflow/example_dags/example_local_kubernetes_executor.py
[2026-06-02T05:31:49.359+0000] {logging_mixin.py:188} INFO - [2026-06-02T05:31:49.359+0000] {dag.py:3096} INFO - Sync 1 DAGs
[2026-06-02T05:31:49.487+0000] {logging_mixin.py:188} INFO - [2026-06-02T05:31:49.485+0000] {dag.py:3954} INFO - Setting next_dagrun for example_local_kubernetes_executor to None, run_after=None
[2026-06-02T05:31:49.654+0000] {processor.py:183} INFO - Processing /home/airflow/.local/lib/python3.11/site-packages/airflow/example_dags/example_local_kubernetes_executor.py took 0.675 seconds
[2026-06-02T05:32:23.502+0000] {processor.py:161} INFO - Started process (PID=23692) to work on /home/airflow/.local/lib/python3.11/site-packages/airflow/example_dags/example_local_kubernetes_executor.py
[2026-06-02T05:32:23.520+0000] {processor.py:830} INFO - Processing file /home/airflow/.local/lib/python3.11/site-packages/airflow/example_dags/example_local_kubernetes_executor.py for tasks to queue
[2026-06-02T05:32:23.532+0000] {logging_mixin.py:188} INFO - [2026-06-02T05:32:23.531+0000] {dagbag.py:545} INFO - Filling up the DagBag from /home/airflow/.local/lib/python3.11/site-packages/airflow/example_dags/example_local_kubernetes_executor.py
[2026-06-02T05:32:23.581+0000] {processor.py:840} INFO - DAG(s) 'example_local_kubernetes_executor' retrieved from /home/airflow/.local/lib/python3.11/site-packages/airflow/example_dags/example_local_kubernetes_executor.py
[2026-06-02T05:32:23.872+0000] {logging_mixin.py:188} INFO - [2026-06-02T05:32:23.872+0000] {dag.py:3096} INFO - Sync 1 DAGs
[2026-06-02T05:32:23.979+0000] {logging_mixin.py:188} INFO - [2026-06-02T05:32:23.979+0000] {dag.py:3954} INFO - Setting next_dagrun for example_local_kubernetes_executor to None, run_after=None
[2026-06-02T05:32:24.135+0000] {processor.py:183} INFO - Processing /home/airflow/.local/lib/python3.11/site-packages/airflow/example_dags/example_local_kubernetes_executor.py took 0.665 seconds
[2026-06-02T05:32:55.051+0000] {processor.py:161} INFO - Started process (PID=23954) to work on /home/airflow/.local/lib/python3.11/site-packages/airflow/example_dags/example_local_kubernetes_executor.py
[2026-06-02T05:32:55.065+0000] {processor.py:830} INFO - Processing file /home/airflow/.local/lib/python3.11/site-packages/airflow/example_dags/example_local_kubernetes_executor.py for tasks to queue
[2026-06-02T05:32:55.078+0000] {logging_mixin.py:188} INFO - [2026-06-02T05:32:55.077+0000] {dagbag.py:545} INFO - Filling up the DagBag from /home/airflow/.local/lib/python3.11/site-packages/airflow/example_dags/example_local_kubernetes_executor.py
[2026-06-02T05:32:55.128+0000] {processor.py:840} INFO - DAG(s) 'example_local_kubernetes_executor' retrieved from /home/airflow/.local/lib/python3.11/site-packages/airflow/example_dags/example_local_kubernetes_executor.py
[2026-06-02T05:32:55.450+0000] {logging_mixin.py:188} INFO - [2026-06-02T05:32:55.450+0000] {dag.py:3096} INFO - Sync 1 DAGs
[2026-06-02T05:32:55.537+0000] {logging_mixin.py:188} INFO - [2026-06-02T05:32:55.537+0000] {dag.py:3954} INFO - Setting next_dagrun for example_local_kubernetes_executor to None, run_after=None
[2026-06-02T05:32:55.690+0000] {processor.py:183} INFO - Processing /home/airflow/.local/lib/python3.11/site-packages/airflow/example_dags/example_local_kubernetes_executor.py took 0.665 seconds
[2026-06-02T05:33:26.202+0000] {processor.py:161} INFO - Started process (PID=24227) to work on /home/airflow/.local/lib/python3.11/site-packages/airflow/example_dags/example_local_kubernetes_executor.py
[2026-06-02T05:33:26.211+0000] {processor.py:830} INFO - Processing file /home/airflow/.local/lib/python3.11/site-packages/airflow/example_dags/example_local_kubernetes_executor.py for tasks to queue
[2026-06-02T05:33:26.220+0000] {logging_mixin.py:188} INFO - [2026-06-02T05:33:26.219+0000] {dagbag.py:545} INFO - Filling up the DagBag from /home/airflow/.local/lib/python3.11/site-packages/airflow/example_dags/example_local_kubernetes_executor.py
[2026-06-02T05:33:26.273+0000] {processor.py:840} INFO - DAG(s) 'example_local_kubernetes_executor' retrieved from /home/airflow/.local/lib/python3.11/site-packages/airflow/example_dags/example_local_kubernetes_executor.py
[2026-06-02T05:33:26.550+0000] {logging_mixin.py:188} INFO - [2026-06-02T05:33:26.549+0000] {dag.py:3096} INFO - Sync 1 DAGs
[2026-06-02T05:33:26.628+0000] {logging_mixin.py:188} INFO - [2026-06-02T05:33:26.628+0000] {dag.py:3954} INFO - Setting next_dagrun for example_local_kubernetes_executor to None, run_after=None
[2026-06-02T05:33:26.776+0000] {processor.py:183} INFO - Processing /home/airflow/.local/lib/python3.11/site-packages/airflow/example_dags/example_local_kubernetes_executor.py took 0.593 seconds
[2026-06-02T05:34:00.302+0000] {processor.py:161} INFO - Started process (PID=24477) to work on /home/airflow/.local/lib/python3.11/site-packages/airflow/example_dags/example_local_kubernetes_executor.py
[2026-06-02T05:34:00.310+0000] {processor.py:830} INFO - Processing file /home/airflow/.local/lib/python3.11/site-packages/airflow/example_dags/example_local_kubernetes_executor.py for tasks to queue
[2026-06-02T05:34:00.315+0000] {logging_mixin.py:188} INFO - [2026-06-02T05:34:00.314+0000] {dagbag.py:545} INFO - Filling up the DagBag from /home/airflow/.local/lib/python3.11/site-packages/airflow/example_dags/example_local_kubernetes_executor.py
[2026-06-02T05:34:00.367+0000] {processor.py:840} INFO - DAG(s) 'example_local_kubernetes_executor' retrieved from /home/airflow/.local/lib/python3.11/site-packages/airflow/example_dags/example_local_kubernetes_executor.py
[2026-06-02T05:34:00.615+0000] {logging_mixin.py:188} INFO - [2026-06-02T05:34:00.614+0000] {dag.py:3096} INFO - Sync 1 DAGs
[2026-06-02T05:34:00.723+0000] {logging_mixin.py:188} INFO - [2026-06-02T05:34:00.722+0000] {dag.py:3954} INFO - Setting next_dagrun for example_local_kubernetes_executor to None, run_after=None
[2026-06-02T05:34:00.933+0000] {processor.py:183} INFO - Processing /home/airflow/.local/lib/python3.11/site-packages/airflow/example_dags/example_local_kubernetes_executor.py took 0.670 seconds
[2026-06-02T05:34:38.625+0000] {processor.py:161} INFO - Started process (PID=24783) to work on /home/airflow/.local/lib/python3.11/site-packages/airflow/example_dags/example_local_kubernetes_executor.py
[2026-06-02T05:34:38.645+0000] {processor.py:830} INFO - Processing file /home/airflow/.local/lib/python3.11/site-packages/airflow/example_dags/example_local_kubernetes_executor.py for tasks to queue
[2026-06-02T05:34:38.648+0000] {logging_mixin.py:188} INFO - [2026-06-02T05:34:38.647+0000] {dagbag.py:545} INFO - Filling up the DagBag from /home/airflow/.local/lib/python3.11/site-packages/airflow/example_dags/example_local_kubernetes_executor.py
[2026-06-02T05:34:38.688+0000] {processor.py:840} INFO - DAG(s) 'example_local_kubernetes_executor' retrieved from /home/airflow/.local/lib/python3.11/site-packages/airflow/example_dags/example_local_kubernetes_executor.py
[2026-06-02T05:34:38.779+0000] {logging_mixin.py:188} INFO - [2026-06-02T05:34:38.774+0000] {dag.py:3096} INFO - Sync 1 DAGs
[2026-06-02T05:34:38.805+0000] {logging_mixin.py:188} INFO - [2026-06-02T05:34:38.805+0000] {dag.py:3954} INFO - Setting next_dagrun for example_local_kubernetes_executor to None, run_after=None
[2026-06-02T05:34:38.844+0000] {processor.py:183} INFO - Processing /home/airflow/.local/lib/python3.11/site-packages/airflow/example_dags/example_local_kubernetes_executor.py took 0.243 seconds
[2026-06-02T05:35:12.738+0000] {processor.py:161} INFO - Started process (PID=25059) to work on /home/airflow/.local/lib/python3.11/site-packages/airflow/example_dags/example_local_kubernetes_executor.py
[2026-06-02T05:35:12.744+0000] {processor.py:830} INFO - Processing file /home/airflow/.local/lib/python3.11/site-packages/airflow/example_dags/example_local_kubernetes_executor.py for tasks to queue
[2026-06-02T05:35:12.765+0000] {logging_mixin.py:188} INFO - [2026-06-02T05:35:12.764+0000] {dagbag.py:545} INFO - Filling up the DagBag from /home/airflow/.local/lib/python3.11/site-packages/airflow/example_dags/example_local_kubernetes_executor.py
[2026-06-02T05:35:12.803+0000] {processor.py:840} INFO - DAG(s) 'example_local_kubernetes_executor' retrieved from /home/airflow/.local/lib/python3.11/site-packages/airflow/example_dags/example_local_kubernetes_executor.py
[2026-06-02T05:35:13.188+0000] {logging_mixin.py:188} INFO - [2026-06-02T05:35:13.187+0000] {dag.py:3096} INFO - Sync 1 DAGs
[2026-06-02T05:35:13.247+0000] {logging_mixin.py:188} INFO - [2026-06-02T05:35:13.247+0000] {dag.py:3954} INFO - Setting next_dagrun for example_local_kubernetes_executor to None, run_after=None
[2026-06-02T05:35:13.341+0000] {processor.py:183} INFO - Processing /home/airflow/.local/lib/python3.11/site-packages/airflow/example_dags/example_local_kubernetes_executor.py took 0.643 seconds
[2026-06-02T05:35:44.098+0000] {processor.py:161} INFO - Started process (PID=25321) to work on /home/airflow/.local/lib/python3.11/site-packages/airflow/example_dags/example_local_kubernetes_executor.py
[2026-06-02T05:35:44.111+0000] {processor.py:830} INFO - Processing file /home/airflow/.local/lib/python3.11/site-packages/airflow/example_dags/example_local_kubernetes_executor.py for tasks to queue
[2026-06-02T05:35:44.126+0000] {logging_mixin.py:188} INFO - [2026-06-02T05:35:44.126+0000] {dagbag.py:545} INFO - Filling up the DagBag from /home/airflow/.local/lib/python3.11/site-packages/airflow/example_dags/example_local_kubernetes_executor.py
[2026-06-02T05:35:44.196+0000] {processor.py:840} INFO - DAG(s) 'example_local_kubernetes_executor' retrieved from /home/airflow/.local/lib/python3.11/site-packages/airflow/example_dags/example_local_kubernetes_executor.py
[2026-06-02T05:35:44.654+0000] {logging_mixin.py:188} INFO - [2026-06-02T05:35:44.654+0000] {dag.py:3096} INFO - Sync 1 DAGs
[2026-06-02T05:35:44.837+0000] {logging_mixin.py:188} INFO - [2026-06-02T05:35:44.836+0000] {dag.py:3954} INFO - Setting next_dagrun for example_local_kubernetes_executor to None, run_after=None
[2026-06-02T05:35:44.948+0000] {processor.py:183} INFO - Processing /home/airflow/.local/lib/python3.11/site-packages/airflow/example_dags/example_local_kubernetes_executor.py took 0.922 seconds
[2026-06-02T05:36:15.274+0000] {processor.py:161} INFO - Started process (PID=25598) to work on /home/airflow/.local/lib/python3.11/site-packages/airflow/example_dags/example_local_kubernetes_executor.py
[2026-06-02T05:36:15.280+0000] {processor.py:830} INFO - Processing file /home/airflow/.local/lib/python3.11/site-packages/airflow/example_dags/example_local_kubernetes_executor.py for tasks to queue
[2026-06-02T05:36:15.288+0000] {logging_mixin.py:188} INFO - [2026-06-02T05:36:15.288+0000] {dagbag.py:545} INFO - Filling up the DagBag from /home/airflow/.local/lib/python3.11/site-packages/airflow/example_dags/example_local_kubernetes_executor.py
[2026-06-02T05:36:15.301+0000] {processor.py:840} INFO - DAG(s) 'example_local_kubernetes_executor' retrieved from /home/airflow/.local/lib/python3.11/site-packages/airflow/example_dags/example_local_kubernetes_executor.py
[2026-06-02T05:36:15.384+0000] {logging_mixin.py:188} INFO - [2026-06-02T05:36:15.384+0000] {dag.py:3096} INFO - Sync 1 DAGs
[2026-06-02T05:36:15.419+0000] {logging_mixin.py:188} INFO - [2026-06-02T05:36:15.419+0000] {dag.py:3954} INFO - Setting next_dagrun for example_local_kubernetes_executor to None, run_after=None
[2026-06-02T05:36:15.532+0000] {processor.py:183} INFO - Processing /home/airflow/.local/lib/python3.11/site-packages/airflow/example_dags/example_local_kubernetes_executor.py took 0.275 seconds
[2026-06-02T05:36:50.443+0000] {processor.py:161} INFO - Started process (PID=25877) to work on /home/airflow/.local/lib/python3.11/site-packages/airflow/example_dags/example_local_kubernetes_executor.py
[2026-06-02T05:36:50.453+0000] {processor.py:830} INFO - Processing file /home/airflow/.local/lib/python3.11/site-packages/airflow/example_dags/example_local_kubernetes_executor.py for tasks to queue
[2026-06-02T05:36:50.467+0000] {logging_mixin.py:188} INFO - [2026-06-02T05:36:50.467+0000] {dagbag.py:545} INFO - Filling up the DagBag from /home/airflow/.local/lib/python3.11/site-packages/airflow/example_dags/example_local_kubernetes_executor.py
[2026-06-02T05:36:50.495+0000] {processor.py:840} INFO - DAG(s) 'example_local_kubernetes_executor' retrieved from /home/airflow/.local/lib/python3.11/site-packages/airflow/example_dags/example_local_kubernetes_executor.py
[2026-06-02T05:36:50.710+0000] {logging_mixin.py:188} INFO - [2026-06-02T05:36:50.710+0000] {dag.py:3096} INFO - Sync 1 DAGs
[2026-06-02T05:36:50.796+0000] {logging_mixin.py:188} INFO - [2026-06-02T05:36:50.795+0000] {dag.py:3954} INFO - Setting next_dagrun for example_local_kubernetes_executor to None, run_after=None
[2026-06-02T05:36:50.921+0000] {processor.py:183} INFO - Processing /home/airflow/.local/lib/python3.11/site-packages/airflow/example_dags/example_local_kubernetes_executor.py took 0.493 seconds
[2026-06-02T05:37:26.483+0000] {processor.py:161} INFO - Started process (PID=26153) to work on /home/airflow/.local/lib/python3.11/site-packages/airflow/example_dags/example_local_kubernetes_executor.py
[2026-06-02T05:37:26.485+0000] {processor.py:830} INFO - Processing file /home/airflow/.local/lib/python3.11/site-packages/airflow/example_dags/example_local_kubernetes_executor.py for tasks to queue
[2026-06-02T05:37:26.500+0000] {logging_mixin.py:188} INFO - [2026-06-02T05:37:26.499+0000] {dagbag.py:545} INFO - Filling up the DagBag from /home/airflow/.local/lib/python3.11/site-packages/airflow/example_dags/example_local_kubernetes_executor.py
[2026-06-02T05:37:26.550+0000] {processor.py:840} INFO - DAG(s) 'example_local_kubernetes_executor' retrieved from /home/airflow/.local/lib/python3.11/site-packages/airflow/example_dags/example_local_kubernetes_executor.py
[2026-06-02T05:37:26.756+0000] {logging_mixin.py:188} INFO - [2026-06-02T05:37:26.756+0000] {dag.py:3096} INFO - Sync 1 DAGs
[2026-06-02T05:37:26.783+0000] {logging_mixin.py:188} INFO - [2026-06-02T05:37:26.783+0000] {dag.py:3954} INFO - Setting next_dagrun for example_local_kubernetes_executor to None, run_after=None
[2026-06-02T05:37:26.965+0000] {processor.py:183} INFO - Processing /home/airflow/.local/lib/python3.11/site-packages/airflow/example_dags/example_local_kubernetes_executor.py took 0.528 seconds
[2026-06-02T05:38:09.996+0000] {processor.py:161} INFO - Started process (PID=26485) to work on /home/airflow/.local/lib/python3.11/site-packages/airflow/example_dags/example_local_kubernetes_executor.py
[2026-06-02T05:38:10.026+0000] {processor.py:830} INFO - Processing file /home/airflow/.local/lib/python3.11/site-packages/airflow/example_dags/example_local_kubernetes_executor.py for tasks to queue
[2026-06-02T05:38:10.028+0000] {logging_mixin.py:188} INFO - [2026-06-02T05:38:10.028+0000] {dagbag.py:545} INFO - Filling up the DagBag from /home/airflow/.local/lib/python3.11/site-packages/airflow/example_dags/example_local_kubernetes_executor.py
[2026-06-02T05:38:10.121+0000] {processor.py:840} INFO - DAG(s) 'example_local_kubernetes_executor' retrieved from /home/airflow/.local/lib/python3.11/site-packages/airflow/example_dags/example_local_kubernetes_executor.py
[2026-06-02T05:38:10.250+0000] {logging_mixin.py:188} INFO - [2026-06-02T05:38:10.250+0000] {dag.py:3096} INFO - Sync 1 DAGs
[2026-06-02T05:38:10.348+0000] {logging_mixin.py:188} INFO - [2026-06-02T05:38:10.348+0000] {dag.py:3954} INFO - Setting next_dagrun for example_local_kubernetes_executor to None, run_after=None
[2026-06-02T05:38:10.596+0000] {processor.py:183} INFO - Processing /home/airflow/.local/lib/python3.11/site-packages/airflow/example_dags/example_local_kubernetes_executor.py took 0.633 seconds
[2026-06-02T05:39:06.284+0000] {processor.py:161} INFO - Started process (PID=381) to work on /home/airflow/.local/lib/python3.11/site-packages/airflow/example_dags/example_local_kubernetes_executor.py
[2026-06-02T05:39:06.286+0000] {processor.py:830} INFO - Processing file /home/airflow/.local/lib/python3.11/site-packages/airflow/example_dags/example_local_kubernetes_executor.py for tasks to queue
[2026-06-02T05:39:06.289+0000] {logging_mixin.py:188} INFO - [2026-06-02T05:39:06.288+0000] {dagbag.py:545} INFO - Filling up the DagBag from /home/airflow/.local/lib/python3.11/site-packages/airflow/example_dags/example_local_kubernetes_executor.py
[2026-06-02T05:39:06.302+0000] {processor.py:840} INFO - DAG(s) 'example_local_kubernetes_executor' retrieved from /home/airflow/.local/lib/python3.11/site-packages/airflow/example_dags/example_local_kubernetes_executor.py
[2026-06-02T05:39:06.355+0000] {logging_mixin.py:188} INFO - [2026-06-02T05:39:06.355+0000] {dag.py:3096} INFO - Sync 1 DAGs
[2026-06-02T05:39:06.369+0000] {logging_mixin.py:188} INFO - [2026-06-02T05:39:06.369+0000] {dag.py:3954} INFO - Setting next_dagrun for example_local_kubernetes_executor to None, run_after=None
[2026-06-02T05:39:06.394+0000] {processor.py:183} INFO - Processing /home/airflow/.local/lib/python3.11/site-packages/airflow/example_dags/example_local_kubernetes_executor.py took 0.121 seconds
[2026-06-02T05:39:38.483+0000] {processor.py:161} INFO - Started process (PID=657) to work on /home/airflow/.local/lib/python3.11/site-packages/airflow/example_dags/example_local_kubernetes_executor.py
[2026-06-02T05:39:38.484+0000] {processor.py:830} INFO - Processing file /home/airflow/.local/lib/python3.11/site-packages/airflow/example_dags/example_local_kubernetes_executor.py for tasks to queue
[2026-06-02T05:39:38.486+0000] {logging_mixin.py:188} INFO - [2026-06-02T05:39:38.485+0000] {dagbag.py:545} INFO - Filling up the DagBag from /home/airflow/.local/lib/python3.11/site-packages/airflow/example_dags/example_local_kubernetes_executor.py
[2026-06-02T05:39:38.492+0000] {processor.py:840} INFO - DAG(s) 'example_local_kubernetes_executor' retrieved from /home/airflow/.local/lib/python3.11/site-packages/airflow/example_dags/example_local_kubernetes_executor.py
[2026-06-02T05:39:38.652+0000] {logging_mixin.py:188} INFO - [2026-06-02T05:39:38.652+0000] {dag.py:3096} INFO - Sync 1 DAGs
[2026-06-02T05:39:38.660+0000] {logging_mixin.py:188} INFO - [2026-06-02T05:39:38.660+0000] {dag.py:3954} INFO - Setting next_dagrun for example_local_kubernetes_executor to None, run_after=None
[2026-06-02T05:39:38.687+0000] {processor.py:183} INFO - Processing /home/airflow/.local/lib/python3.11/site-packages/airflow/example_dags/example_local_kubernetes_executor.py took 0.211 seconds
[2026-06-02T05:40:08.825+0000] {processor.py:161} INFO - Started process (PID=928) to work on /home/airflow/.local/lib/python3.11/site-packages/airflow/example_dags/example_local_kubernetes_executor.py
[2026-06-02T05:40:08.828+0000] {processor.py:830} INFO - Processing file /home/airflow/.local/lib/python3.11/site-packages/airflow/example_dags/example_local_kubernetes_executor.py for tasks to queue
[2026-06-02T05:40:08.831+0000] {logging_mixin.py:188} INFO - [2026-06-02T05:40:08.830+0000] {dagbag.py:545} INFO - Filling up the DagBag from /home/airflow/.local/lib/python3.11/site-packages/airflow/example_dags/example_local_kubernetes_executor.py
[2026-06-02T05:40:08.847+0000] {processor.py:840} INFO - DAG(s) 'example_local_kubernetes_executor' retrieved from /home/airflow/.local/lib/python3.11/site-packages/airflow/example_dags/example_local_kubernetes_executor.py
[2026-06-02T05:40:08.913+0000] {logging_mixin.py:188} INFO - [2026-06-02T05:40:08.913+0000] {dag.py:3096} INFO - Sync 1 DAGs
[2026-06-02T05:40:08.936+0000] {logging_mixin.py:188} INFO - [2026-06-02T05:40:08.936+0000] {dag.py:3954} INFO - Setting next_dagrun for example_local_kubernetes_executor to None, run_after=None
[2026-06-02T05:40:08.968+0000] {processor.py:183} INFO - Processing /home/airflow/.local/lib/python3.11/site-packages/airflow/example_dags/example_local_kubernetes_executor.py took 0.153 seconds
[2026-06-02T05:40:39.929+0000] {processor.py:161} INFO - Started process (PID=1209) to work on /home/airflow/.local/lib/python3.11/site-packages/airflow/example_dags/example_local_kubernetes_executor.py
[2026-06-02T05:40:39.931+0000] {processor.py:830} INFO - Processing file /home/airflow/.local/lib/python3.11/site-packages/airflow/example_dags/example_local_kubernetes_executor.py for tasks to queue
[2026-06-02T05:40:39.933+0000] {logging_mixin.py:188} INFO - [2026-06-02T05:40:39.933+0000] {dagbag.py:545} INFO - Filling up the DagBag from /home/airflow/.local/lib/python3.11/site-packages/airflow/example_dags/example_local_kubernetes_executor.py
[2026-06-02T05:40:39.940+0000] {processor.py:840} INFO - DAG(s) 'example_local_kubernetes_executor' retrieved from /home/airflow/.local/lib/python3.11/site-packages/airflow/example_dags/example_local_kubernetes_executor.py
[2026-06-02T05:40:39.978+0000] {logging_mixin.py:188} INFO - [2026-06-02T05:40:39.977+0000] {dag.py:3096} INFO - Sync 1 DAGs
[2026-06-02T05:40:39.992+0000] {logging_mixin.py:188} INFO - [2026-06-02T05:40:39.992+0000] {dag.py:3954} INFO - Setting next_dagrun for example_local_kubernetes_executor to None, run_after=None
[2026-06-02T05:40:40.014+0000] {processor.py:183} INFO - Processing /home/airflow/.local/lib/python3.11/site-packages/airflow/example_dags/example_local_kubernetes_executor.py took 0.091 seconds
[2026-06-02T05:41:10.944+0000] {processor.py:161} INFO - Started process (PID=1507) to work on /home/airflow/.local/lib/python3.11/site-packages/airflow/example_dags/example_local_kubernetes_executor.py
[2026-06-02T05:41:10.946+0000] {processor.py:830} INFO - Processing file /home/airflow/.local/lib/python3.11/site-packages/airflow/example_dags/example_local_kubernetes_executor.py for tasks to queue
[2026-06-02T05:41:10.950+0000] {logging_mixin.py:188} INFO - [2026-06-02T05:41:10.949+0000] {dagbag.py:545} INFO - Filling up the DagBag from /home/airflow/.local/lib/python3.11/site-packages/airflow/example_dags/example_local_kubernetes_executor.py
[2026-06-02T05:41:10.965+0000] {processor.py:840} INFO - DAG(s) 'example_local_kubernetes_executor' retrieved from /home/airflow/.local/lib/python3.11/site-packages/airflow/example_dags/example_local_kubernetes_executor.py
[2026-06-02T05:41:11.029+0000] {logging_mixin.py:188} INFO - [2026-06-02T05:41:11.029+0000] {dag.py:3096} INFO - Sync 1 DAGs
[2026-06-02T05:41:11.049+0000] {logging_mixin.py:188} INFO - [2026-06-02T05:41:11.049+0000] {dag.py:3954} INFO - Setting next_dagrun for example_local_kubernetes_executor to None, run_after=None
[2026-06-02T05:41:11.086+0000] {processor.py:183} INFO - Processing /home/airflow/.local/lib/python3.11/site-packages/airflow/example_dags/example_local_kubernetes_executor.py took 0.152 seconds
[2026-06-02T05:41:41.882+0000] {processor.py:161} INFO - Started process (PID=1783) to work on /home/airflow/.local/lib/python3.11/site-packages/airflow/example_dags/example_local_kubernetes_executor.py
[2026-06-02T05:41:41.884+0000] {processor.py:830} INFO - Processing file /home/airflow/.local/lib/python3.11/site-packages/airflow/example_dags/example_local_kubernetes_executor.py for tasks to queue
[2026-06-02T05:41:41.887+0000] {logging_mixin.py:188} INFO - [2026-06-02T05:41:41.887+0000] {dagbag.py:545} INFO - Filling up the DagBag from /home/airflow/.local/lib/python3.11/site-packages/airflow/example_dags/example_local_kubernetes_executor.py
[2026-06-02T05:41:41.898+0000] {processor.py:840} INFO - DAG(s) 'example_local_kubernetes_executor' retrieved from /home/airflow/.local/lib/python3.11/site-packages/airflow/example_dags/example_local_kubernetes_executor.py
[2026-06-02T05:41:41.957+0000] {logging_mixin.py:188} INFO - [2026-06-02T05:41:41.957+0000] {dag.py:3096} INFO - Sync 1 DAGs
[2026-06-02T05:41:41.977+0000] {logging_mixin.py:188} INFO - [2026-06-02T05:41:41.977+0000] {dag.py:3954} INFO - Setting next_dagrun for example_local_kubernetes_executor to None, run_after=None
[2026-06-02T05:41:42.013+0000] {processor.py:183} INFO - Processing /home/airflow/.local/lib/python3.11/site-packages/airflow/example_dags/example_local_kubernetes_executor.py took 0.140 seconds
[2026-06-02T05:42:12.250+0000] {processor.py:161} INFO - Started process (PID=2052) to work on /home/airflow/.local/lib/python3.11/site-packages/airflow/example_dags/example_local_kubernetes_executor.py
[2026-06-02T05:42:12.252+0000] {processor.py:830} INFO - Processing file /home/airflow/.local/lib/python3.11/site-packages/airflow/example_dags/example_local_kubernetes_executor.py for tasks to queue
[2026-06-02T05:42:12.255+0000] {logging_mixin.py:188} INFO - [2026-06-02T05:42:12.254+0000] {dagbag.py:545} INFO - Filling up the DagBag from /home/airflow/.local/lib/python3.11/site-packages/airflow/example_dags/example_local_kubernetes_executor.py
[2026-06-02T05:42:12.265+0000] {processor.py:840} INFO - DAG(s) 'example_local_kubernetes_executor' retrieved from /home/airflow/.local/lib/python3.11/site-packages/airflow/example_dags/example_local_kubernetes_executor.py
[2026-06-02T05:42:12.310+0000] {logging_mixin.py:188} INFO - [2026-06-02T05:42:12.309+0000] {dag.py:3096} INFO - Sync 1 DAGs
[2026-06-02T05:42:12.326+0000] {logging_mixin.py:188} INFO - [2026-06-02T05:42:12.325+0000] {dag.py:3954} INFO - Setting next_dagrun for example_local_kubernetes_executor to None, run_after=None
[2026-06-02T05:42:12.355+0000] {processor.py:183} INFO - Processing /home/airflow/.local/lib/python3.11/site-packages/airflow/example_dags/example_local_kubernetes_executor.py took 0.115 seconds
[2026-06-02T05:42:42.950+0000] {processor.py:161} INFO - Started process (PID=2328) to work on /home/airflow/.local/lib/python3.11/site-packages/airflow/example_dags/example_local_kubernetes_executor.py
[2026-06-02T05:42:42.952+0000] {processor.py:830} INFO - Processing file /home/airflow/.local/lib/python3.11/site-packages/airflow/example_dags/example_local_kubernetes_executor.py for tasks to queue
[2026-06-02T05:42:42.954+0000] {logging_mixin.py:188} INFO - [2026-06-02T05:42:42.954+0000] {dagbag.py:545} INFO - Filling up the DagBag from /home/airflow/.local/lib/python3.11/site-packages/airflow/example_dags/example_local_kubernetes_executor.py
[2026-06-02T05:42:42.965+0000] {processor.py:840} INFO - DAG(s) 'example_local_kubernetes_executor' retrieved from /home/airflow/.local/lib/python3.11/site-packages/airflow/example_dags/example_local_kubernetes_executor.py
[2026-06-02T05:42:43.027+0000] {logging_mixin.py:188} INFO - [2026-06-02T05:42:43.027+0000] {dag.py:3096} INFO - Sync 1 DAGs
[2026-06-02T05:42:43.044+0000] {logging_mixin.py:188} INFO - [2026-06-02T05:42:43.044+0000] {dag.py:3954} INFO - Setting next_dagrun for example_local_kubernetes_executor to None, run_after=None
[2026-06-02T05:42:43.070+0000] {processor.py:183} INFO - Processing /home/airflow/.local/lib/python3.11/site-packages/airflow/example_dags/example_local_kubernetes_executor.py took 0.128 seconds
[2026-06-02T05:43:13.647+0000] {processor.py:161} INFO - Started process (PID=2604) to work on /home/airflow/.local/lib/python3.11/site-packages/airflow/example_dags/example_local_kubernetes_executor.py
[2026-06-02T05:43:13.648+0000] {processor.py:830} INFO - Processing file /home/airflow/.local/lib/python3.11/site-packages/airflow/example_dags/example_local_kubernetes_executor.py for tasks to queue
[2026-06-02T05:43:13.651+0000] {logging_mixin.py:188} INFO - [2026-06-02T05:43:13.651+0000] {dagbag.py:545} INFO - Filling up the DagBag from /home/airflow/.local/lib/python3.11/site-packages/airflow/example_dags/example_local_kubernetes_executor.py
[2026-06-02T05:43:13.661+0000] {processor.py:840} INFO - DAG(s) 'example_local_kubernetes_executor' retrieved from /home/airflow/.local/lib/python3.11/site-packages/airflow/example_dags/example_local_kubernetes_executor.py
[2026-06-02T05:43:13.709+0000] {logging_mixin.py:188} INFO - [2026-06-02T05:43:13.708+0000] {dag.py:3096} INFO - Sync 1 DAGs
[2026-06-02T05:43:13.725+0000] {logging_mixin.py:188} INFO - [2026-06-02T05:43:13.724+0000] {dag.py:3954} INFO - Setting next_dagrun for example_local_kubernetes_executor to None, run_after=None
[2026-06-02T05:43:13.748+0000] {processor.py:183} INFO - Processing /home/airflow/.local/lib/python3.11/site-packages/airflow/example_dags/example_local_kubernetes_executor.py took 0.111 seconds
[2026-06-02T05:43:44.303+0000] {processor.py:161} INFO - Started process (PID=2893) to work on /home/airflow/.local/lib/python3.11/site-packages/airflow/example_dags/example_local_kubernetes_executor.py
[2026-06-02T05:43:44.304+0000] {processor.py:830} INFO - Processing file /home/airflow/.local/lib/python3.11/site-packages/airflow/example_dags/example_local_kubernetes_executor.py for tasks to queue
[2026-06-02T05:43:44.306+0000] {logging_mixin.py:188} INFO - [2026-06-02T05:43:44.305+0000] {dagbag.py:545} INFO - Filling up the DagBag from /home/airflow/.local/lib/python3.11/site-packages/airflow/example_dags/example_local_kubernetes_executor.py
[2026-06-02T05:43:44.312+0000] {processor.py:840} INFO - DAG(s) 'example_local_kubernetes_executor' retrieved from /home/airflow/.local/lib/python3.11/site-packages/airflow/example_dags/example_local_kubernetes_executor.py
[2026-06-02T05:43:44.345+0000] {logging_mixin.py:188} INFO - [2026-06-02T05:43:44.345+0000] {dag.py:3096} INFO - Sync 1 DAGs
[2026-06-02T05:43:44.356+0000] {logging_mixin.py:188} INFO - [2026-06-02T05:43:44.355+0000] {dag.py:3954} INFO - Setting next_dagrun for example_local_kubernetes_executor to None, run_after=None
[2026-06-02T05:43:44.382+0000] {processor.py:183} INFO - Processing /home/airflow/.local/lib/python3.11/site-packages/airflow/example_dags/example_local_kubernetes_executor.py took 0.085 seconds
[2026-06-02T05:44:15.969+0000] {processor.py:161} INFO - Started process (PID=3236) to work on /home/airflow/.local/lib/python3.11/site-packages/airflow/example_dags/example_local_kubernetes_executor.py
[2026-06-02T05:44:15.974+0000] {processor.py:830} INFO - Processing file /home/airflow/.local/lib/python3.11/site-packages/airflow/example_dags/example_local_kubernetes_executor.py for tasks to queue
[2026-06-02T05:44:15.988+0000] {logging_mixin.py:188} INFO - [2026-06-02T05:44:15.988+0000] {dagbag.py:545} INFO - Filling up the DagBag from /home/airflow/.local/lib/python3.11/site-packages/airflow/example_dags/example_local_kubernetes_executor.py
[2026-06-02T05:44:16.022+0000] {processor.py:840} INFO - DAG(s) 'example_local_kubernetes_executor' retrieved from /home/airflow/.local/lib/python3.11/site-packages/airflow/example_dags/example_local_kubernetes_executor.py
[2026-06-02T05:44:16.178+0000] {logging_mixin.py:188} INFO - [2026-06-02T05:44:16.177+0000] {dag.py:3096} INFO - Sync 1 DAGs
[2026-06-02T05:44:16.262+0000] {logging_mixin.py:188} INFO - [2026-06-02T05:44:16.261+0000] {dag.py:3954} INFO - Setting next_dagrun for example_local_kubernetes_executor to None, run_after=None
[2026-06-02T05:44:16.338+0000] {processor.py:183} INFO - Processing /home/airflow/.local/lib/python3.11/site-packages/airflow/example_dags/example_local_kubernetes_executor.py took 0.396 seconds
[2026-06-02T05:44:46.547+0000] {processor.py:161} INFO - Started process (PID=3514) to work on /home/airflow/.local/lib/python3.11/site-packages/airflow/example_dags/example_local_kubernetes_executor.py
[2026-06-02T05:44:46.548+0000] {processor.py:830} INFO - Processing file /home/airflow/.local/lib/python3.11/site-packages/airflow/example_dags/example_local_kubernetes_executor.py for tasks to queue
[2026-06-02T05:44:46.551+0000] {logging_mixin.py:188} INFO - [2026-06-02T05:44:46.550+0000] {dagbag.py:545} INFO - Filling up the DagBag from /home/airflow/.local/lib/python3.11/site-packages/airflow/example_dags/example_local_kubernetes_executor.py
[2026-06-02T05:44:46.567+0000] {processor.py:840} INFO - DAG(s) 'example_local_kubernetes_executor' retrieved from /home/airflow/.local/lib/python3.11/site-packages/airflow/example_dags/example_local_kubernetes_executor.py
[2026-06-02T05:44:46.634+0000] {logging_mixin.py:188} INFO - [2026-06-02T05:44:46.633+0000] {dag.py:3096} INFO - Sync 1 DAGs
[2026-06-02T05:44:46.659+0000] {logging_mixin.py:188} INFO - [2026-06-02T05:44:46.659+0000] {dag.py:3954} INFO - Setting next_dagrun for example_local_kubernetes_executor to None, run_after=None
[2026-06-02T05:44:46.703+0000] {processor.py:183} INFO - Processing /home/airflow/.local/lib/python3.11/site-packages/airflow/example_dags/example_local_kubernetes_executor.py took 0.167 seconds
[2026-06-02T05:45:16.860+0000] {processor.py:161} INFO - Started process (PID=3788) to work on /home/airflow/.local/lib/python3.11/site-packages/airflow/example_dags/example_local_kubernetes_executor.py
[2026-06-02T05:45:16.875+0000] {processor.py:830} INFO - Processing file /home/airflow/.local/lib/python3.11/site-packages/airflow/example_dags/example_local_kubernetes_executor.py for tasks to queue
[2026-06-02T05:45:16.883+0000] {logging_mixin.py:188} INFO - [2026-06-02T05:45:16.882+0000] {dagbag.py:545} INFO - Filling up the DagBag from /home/airflow/.local/lib/python3.11/site-packages/airflow/example_dags/example_local_kubernetes_executor.py
[2026-06-02T05:45:16.911+0000] {processor.py:840} INFO - DAG(s) 'example_local_kubernetes_executor' retrieved from /home/airflow/.local/lib/python3.11/site-packages/airflow/example_dags/example_local_kubernetes_executor.py
[2026-06-02T05:45:17.002+0000] {logging_mixin.py:188} INFO - [2026-06-02T05:45:17.002+0000] {dag.py:3096} INFO - Sync 1 DAGs
[2026-06-02T05:45:17.039+0000] {logging_mixin.py:188} INFO - [2026-06-02T05:45:17.039+0000] {dag.py:3954} INFO - Setting next_dagrun for example_local_kubernetes_executor to None, run_after=None
[2026-06-02T05:45:17.096+0000] {processor.py:183} INFO - Processing /home/airflow/.local/lib/python3.11/site-packages/airflow/example_dags/example_local_kubernetes_executor.py took 0.270 seconds
[2026-06-02T05:45:47.916+0000] {processor.py:161} INFO - Started process (PID=4064) to work on /home/airflow/.local/lib/python3.11/site-packages/airflow/example_dags/example_local_kubernetes_executor.py
[2026-06-02T05:45:47.918+0000] {processor.py:830} INFO - Processing file /home/airflow/.local/lib/python3.11/site-packages/airflow/example_dags/example_local_kubernetes_executor.py for tasks to queue
[2026-06-02T05:45:47.929+0000] {logging_mixin.py:188} INFO - [2026-06-02T05:45:47.928+0000] {dagbag.py:545} INFO - Filling up the DagBag from /home/airflow/.local/lib/python3.11/site-packages/airflow/example_dags/example_local_kubernetes_executor.py
[2026-06-02T05:45:47.966+0000] {processor.py:840} INFO - DAG(s) 'example_local_kubernetes_executor' retrieved from /home/airflow/.local/lib/python3.11/site-packages/airflow/example_dags/example_local_kubernetes_executor.py
[2026-06-02T05:45:48.097+0000] {logging_mixin.py:188} INFO - [2026-06-02T05:45:48.096+0000] {dag.py:3096} INFO - Sync 1 DAGs
[2026-06-02T05:45:48.130+0000] {logging_mixin.py:188} INFO - [2026-06-02T05:45:48.130+0000] {dag.py:3954} INFO - Setting next_dagrun for example_local_kubernetes_executor to None, run_after=None
[2026-06-02T05:45:48.212+0000] {processor.py:183} INFO - Processing /home/airflow/.local/lib/python3.11/site-packages/airflow/example_dags/example_local_kubernetes_executor.py took 0.328 seconds
[2026-06-02T05:46:19.658+0000] {processor.py:161} INFO - Started process (PID=4340) to work on /home/airflow/.local/lib/python3.11/site-packages/airflow/example_dags/example_local_kubernetes_executor.py
[2026-06-02T05:46:19.661+0000] {processor.py:830} INFO - Processing file /home/airflow/.local/lib/python3.11/site-packages/airflow/example_dags/example_local_kubernetes_executor.py for tasks to queue
[2026-06-02T05:46:19.667+0000] {logging_mixin.py:188} INFO - [2026-06-02T05:46:19.666+0000] {dagbag.py:545} INFO - Filling up the DagBag from /home/airflow/.local/lib/python3.11/site-packages/airflow/example_dags/example_local_kubernetes_executor.py
[2026-06-02T05:46:19.691+0000] {processor.py:840} INFO - DAG(s) 'example_local_kubernetes_executor' retrieved from /home/airflow/.local/lib/python3.11/site-packages/airflow/example_dags/example_local_kubernetes_executor.py
[2026-06-02T05:46:19.820+0000] {logging_mixin.py:188} INFO - [2026-06-02T05:46:19.819+0000] {dag.py:3096} INFO - Sync 1 DAGs
[2026-06-02T05:46:19.865+0000] {logging_mixin.py:188} INFO - [2026-06-02T05:46:19.865+0000] {dag.py:3954} INFO - Setting next_dagrun for example_local_kubernetes_executor to None, run_after=None
[2026-06-02T05:46:19.905+0000] {processor.py:183} INFO - Processing /home/airflow/.local/lib/python3.11/site-packages/airflow/example_dags/example_local_kubernetes_executor.py took 0.264 seconds
[2026-06-02T05:46:50.897+0000] {processor.py:161} INFO - Started process (PID=4658) to work on /home/airflow/.local/lib/python3.11/site-packages/airflow/example_dags/example_local_kubernetes_executor.py
[2026-06-02T05:46:50.899+0000] {processor.py:830} INFO - Processing file /home/airflow/.local/lib/python3.11/site-packages/airflow/example_dags/example_local_kubernetes_executor.py for tasks to queue
[2026-06-02T05:46:50.904+0000] {logging_mixin.py:188} INFO - [2026-06-02T05:46:50.904+0000] {dagbag.py:545} INFO - Filling up the DagBag from /home/airflow/.local/lib/python3.11/site-packages/airflow/example_dags/example_local_kubernetes_executor.py
[2026-06-02T05:46:50.917+0000] {processor.py:840} INFO - DAG(s) 'example_local_kubernetes_executor' retrieved from /home/airflow/.local/lib/python3.11/site-packages/airflow/example_dags/example_local_kubernetes_executor.py
[2026-06-02T05:46:50.988+0000] {logging_mixin.py:188} INFO - [2026-06-02T05:46:50.987+0000] {dag.py:3096} INFO - Sync 1 DAGs
[2026-06-02T05:46:51.014+0000] {logging_mixin.py:188} INFO - [2026-06-02T05:46:51.013+0000] {dag.py:3954} INFO - Setting next_dagrun for example_local_kubernetes_executor to None, run_after=None
[2026-06-02T05:46:51.058+0000] {processor.py:183} INFO - Processing /home/airflow/.local/lib/python3.11/site-packages/airflow/example_dags/example_local_kubernetes_executor.py took 0.176 seconds
[2026-06-02T05:47:36.055+0000] {processor.py:161} INFO - Started process (PID=381) to work on /home/airflow/.local/lib/python3.11/site-packages/airflow/example_dags/example_local_kubernetes_executor.py
[2026-06-02T05:47:36.056+0000] {processor.py:830} INFO - Processing file /home/airflow/.local/lib/python3.11/site-packages/airflow/example_dags/example_local_kubernetes_executor.py for tasks to queue
[2026-06-02T05:47:36.059+0000] {logging_mixin.py:188} INFO - [2026-06-02T05:47:36.058+0000] {dagbag.py:545} INFO - Filling up the DagBag from /home/airflow/.local/lib/python3.11/site-packages/airflow/example_dags/example_local_kubernetes_executor.py
[2026-06-02T05:47:36.074+0000] {processor.py:840} INFO - DAG(s) 'example_local_kubernetes_executor' retrieved from /home/airflow/.local/lib/python3.11/site-packages/airflow/example_dags/example_local_kubernetes_executor.py
[2026-06-02T05:47:36.091+0000] {logging_mixin.py:188} INFO - [2026-06-02T05:47:36.091+0000] {dag.py:3096} INFO - Sync 1 DAGs
[2026-06-02T05:47:36.109+0000] {logging_mixin.py:188} INFO - [2026-06-02T05:47:36.108+0000] {dag.py:3954} INFO - Setting next_dagrun for example_local_kubernetes_executor to None, run_after=None
[2026-06-02T05:47:36.134+0000] {processor.py:183} INFO - Processing /home/airflow/.local/lib/python3.11/site-packages/airflow/example_dags/example_local_kubernetes_executor.py took 0.088 seconds
[2026-06-02T05:48:07.835+0000] {processor.py:161} INFO - Started process (PID=670) to work on /home/airflow/.local/lib/python3.11/site-packages/airflow/example_dags/example_local_kubernetes_executor.py
[2026-06-02T05:48:07.838+0000] {processor.py:830} INFO - Processing file /home/airflow/.local/lib/python3.11/site-packages/airflow/example_dags/example_local_kubernetes_executor.py for tasks to queue
[2026-06-02T05:48:07.842+0000] {logging_mixin.py:188} INFO - [2026-06-02T05:48:07.841+0000] {dagbag.py:545} INFO - Filling up the DagBag from /home/airflow/.local/lib/python3.11/site-packages/airflow/example_dags/example_local_kubernetes_executor.py
[2026-06-02T05:48:07.861+0000] {processor.py:840} INFO - DAG(s) 'example_local_kubernetes_executor' retrieved from /home/airflow/.local/lib/python3.11/site-packages/airflow/example_dags/example_local_kubernetes_executor.py
[2026-06-02T05:48:08.093+0000] {logging_mixin.py:188} INFO - [2026-06-02T05:48:08.092+0000] {dag.py:3096} INFO - Sync 1 DAGs
[2026-06-02T05:48:08.110+0000] {logging_mixin.py:188} INFO - [2026-06-02T05:48:08.109+0000] {dag.py:3954} INFO - Setting next_dagrun for example_local_kubernetes_executor to None, run_after=None
[2026-06-02T05:48:08.147+0000] {processor.py:183} INFO - Processing /home/airflow/.local/lib/python3.11/site-packages/airflow/example_dags/example_local_kubernetes_executor.py took 0.331 seconds
[2026-06-02T05:48:38.785+0000] {processor.py:161} INFO - Started process (PID=950) to work on /home/airflow/.local/lib/python3.11/site-packages/airflow/example_dags/example_local_kubernetes_executor.py
[2026-06-02T05:48:38.787+0000] {processor.py:830} INFO - Processing file /home/airflow/.local/lib/python3.11/site-packages/airflow/example_dags/example_local_kubernetes_executor.py for tasks to queue
[2026-06-02T05:48:38.789+0000] {logging_mixin.py:188} INFO - [2026-06-02T05:48:38.789+0000] {dagbag.py:545} INFO - Filling up the DagBag from /home/airflow/.local/lib/python3.11/site-packages/airflow/example_dags/example_local_kubernetes_executor.py
[2026-06-02T05:48:38.798+0000] {processor.py:840} INFO - DAG(s) 'example_local_kubernetes_executor' retrieved from /home/airflow/.local/lib/python3.11/site-packages/airflow/example_dags/example_local_kubernetes_executor.py
[2026-06-02T05:48:38.850+0000] {logging_mixin.py:188} INFO - [2026-06-02T05:48:38.849+0000] {dag.py:3096} INFO - Sync 1 DAGs
[2026-06-02T05:48:38.864+0000] {logging_mixin.py:188} INFO - [2026-06-02T05:48:38.864+0000] {dag.py:3954} INFO - Setting next_dagrun for example_local_kubernetes_executor to None, run_after=None
[2026-06-02T05:48:38.891+0000] {processor.py:183} INFO - Processing /home/airflow/.local/lib/python3.11/site-packages/airflow/example_dags/example_local_kubernetes_executor.py took 0.114 seconds
[2026-06-02T05:49:11.054+0000] {processor.py:161} INFO - Started process (PID=1238) to work on /home/airflow/.local/lib/python3.11/site-packages/airflow/example_dags/example_local_kubernetes_executor.py
[2026-06-02T05:49:11.057+0000] {processor.py:830} INFO - Processing file /home/airflow/.local/lib/python3.11/site-packages/airflow/example_dags/example_local_kubernetes_executor.py for tasks to queue
[2026-06-02T05:49:11.060+0000] {logging_mixin.py:188} INFO - [2026-06-02T05:49:11.060+0000] {dagbag.py:545} INFO - Filling up the DagBag from /home/airflow/.local/lib/python3.11/site-packages/airflow/example_dags/example_local_kubernetes_executor.py
[2026-06-02T05:49:11.072+0000] {processor.py:840} INFO - DAG(s) 'example_local_kubernetes_executor' retrieved from /home/airflow/.local/lib/python3.11/site-packages/airflow/example_dags/example_local_kubernetes_executor.py
[2026-06-02T05:49:11.122+0000] {logging_mixin.py:188} INFO - [2026-06-02T05:49:11.122+0000] {dag.py:3096} INFO - Sync 1 DAGs
[2026-06-02T05:49:11.137+0000] {logging_mixin.py:188} INFO - [2026-06-02T05:49:11.137+0000] {dag.py:3954} INFO - Setting next_dagrun for example_local_kubernetes_executor to None, run_after=None
[2026-06-02T05:49:11.159+0000] {processor.py:183} INFO - Processing /home/airflow/.local/lib/python3.11/site-packages/airflow/example_dags/example_local_kubernetes_executor.py took 0.115 seconds
[2026-06-02T05:49:42.036+0000] {processor.py:161} INFO - Started process (PID=1506) to work on /home/airflow/.local/lib/python3.11/site-packages/airflow/example_dags/example_local_kubernetes_executor.py
[2026-06-02T05:49:42.038+0000] {processor.py:830} INFO - Processing file /home/airflow/.local/lib/python3.11/site-packages/airflow/example_dags/example_local_kubernetes_executor.py for tasks to queue
[2026-06-02T05:49:42.040+0000] {logging_mixin.py:188} INFO - [2026-06-02T05:49:42.039+0000] {dagbag.py:545} INFO - Filling up the DagBag from /home/airflow/.local/lib/python3.11/site-packages/airflow/example_dags/example_local_kubernetes_executor.py
[2026-06-02T05:49:42.048+0000] {processor.py:840} INFO - DAG(s) 'example_local_kubernetes_executor' retrieved from /home/airflow/.local/lib/python3.11/site-packages/airflow/example_dags/example_local_kubernetes_executor.py
[2026-06-02T05:49:42.091+0000] {logging_mixin.py:188} INFO - [2026-06-02T05:49:42.090+0000] {dag.py:3096} INFO - Sync 1 DAGs
[2026-06-02T05:49:42.106+0000] {logging_mixin.py:188} INFO - [2026-06-02T05:49:42.106+0000] {dag.py:3954} INFO - Setting next_dagrun for example_local_kubernetes_executor to None, run_after=None
[2026-06-02T05:49:42.138+0000] {processor.py:183} INFO - Processing /home/airflow/.local/lib/python3.11/site-packages/airflow/example_dags/example_local_kubernetes_executor.py took 0.110 seconds
[2026-06-02T05:50:12.335+0000] {processor.py:161} INFO - Started process (PID=1778) to work on /home/airflow/.local/lib/python3.11/site-packages/airflow/example_dags/example_local_kubernetes_executor.py
[2026-06-02T05:50:12.337+0000] {processor.py:830} INFO - Processing file /home/airflow/.local/lib/python3.11/site-packages/airflow/example_dags/example_local_kubernetes_executor.py for tasks to queue
[2026-06-02T05:50:12.339+0000] {logging_mixin.py:188} INFO - [2026-06-02T05:50:12.338+0000] {dagbag.py:545} INFO - Filling up the DagBag from /home/airflow/.local/lib/python3.11/site-packages/airflow/example_dags/example_local_kubernetes_executor.py
[2026-06-02T05:50:12.346+0000] {processor.py:840} INFO - DAG(s) 'example_local_kubernetes_executor' retrieved from /home/airflow/.local/lib/python3.11/site-packages/airflow/example_dags/example_local_kubernetes_executor.py
[2026-06-02T05:50:12.383+0000] {logging_mixin.py:188} INFO - [2026-06-02T05:50:12.383+0000] {dag.py:3096} INFO - Sync 1 DAGs
[2026-06-02T05:50:12.396+0000] {logging_mixin.py:188} INFO - [2026-06-02T05:50:12.396+0000] {dag.py:3954} INFO - Setting next_dagrun for example_local_kubernetes_executor to None, run_after=None
[2026-06-02T05:50:12.424+0000] {processor.py:183} INFO - Processing /home/airflow/.local/lib/python3.11/site-packages/airflow/example_dags/example_local_kubernetes_executor.py took 0.097 seconds
[2026-06-02T05:50:42.540+0000] {processor.py:161} INFO - Started process (PID=2054) to work on /home/airflow/.local/lib/python3.11/site-packages/airflow/example_dags/example_local_kubernetes_executor.py
[2026-06-02T05:50:42.541+0000] {processor.py:830} INFO - Processing file /home/airflow/.local/lib/python3.11/site-packages/airflow/example_dags/example_local_kubernetes_executor.py for tasks to queue
[2026-06-02T05:50:42.543+0000] {logging_mixin.py:188} INFO - [2026-06-02T05:50:42.543+0000] {dagbag.py:545} INFO - Filling up the DagBag from /home/airflow/.local/lib/python3.11/site-packages/airflow/example_dags/example_local_kubernetes_executor.py
[2026-06-02T05:50:42.553+0000] {processor.py:840} INFO - DAG(s) 'example_local_kubernetes_executor' retrieved from /home/airflow/.local/lib/python3.11/site-packages/airflow/example_dags/example_local_kubernetes_executor.py
[2026-06-02T05:50:42.601+0000] {logging_mixin.py:188} INFO - [2026-06-02T05:50:42.601+0000] {dag.py:3096} INFO - Sync 1 DAGs
[2026-06-02T05:50:42.620+0000] {logging_mixin.py:188} INFO - [2026-06-02T05:50:42.619+0000] {dag.py:3954} INFO - Setting next_dagrun for example_local_kubernetes_executor to None, run_after=None
[2026-06-02T05:50:42.660+0000] {processor.py:183} INFO - Processing /home/airflow/.local/lib/python3.11/site-packages/airflow/example_dags/example_local_kubernetes_executor.py took 0.128 seconds
[2026-06-02T05:51:12.993+0000] {processor.py:161} INFO - Started process (PID=2342) to work on /home/airflow/.local/lib/python3.11/site-packages/airflow/example_dags/example_local_kubernetes_executor.py
[2026-06-02T05:51:12.994+0000] {processor.py:830} INFO - Processing file /home/airflow/.local/lib/python3.11/site-packages/airflow/example_dags/example_local_kubernetes_executor.py for tasks to queue
[2026-06-02T05:51:12.996+0000] {logging_mixin.py:188} INFO - [2026-06-02T05:51:12.995+0000] {dagbag.py:545} INFO - Filling up the DagBag from /home/airflow/.local/lib/python3.11/site-packages/airflow/example_dags/example_local_kubernetes_executor.py
[2026-06-02T05:51:13.002+0000] {processor.py:840} INFO - DAG(s) 'example_local_kubernetes_executor' retrieved from /home/airflow/.local/lib/python3.11/site-packages/airflow/example_dags/example_local_kubernetes_executor.py
[2026-06-02T05:51:13.038+0000] {logging_mixin.py:188} INFO - [2026-06-02T05:51:13.038+0000] {dag.py:3096} INFO - Sync 1 DAGs
[2026-06-02T05:51:13.049+0000] {logging_mixin.py:188} INFO - [2026-06-02T05:51:13.049+0000] {dag.py:3954} INFO - Setting next_dagrun for example_local_kubernetes_executor to None, run_after=None
[2026-06-02T05:51:13.077+0000] {processor.py:183} INFO - Processing /home/airflow/.local/lib/python3.11/site-packages/airflow/example_dags/example_local_kubernetes_executor.py took 0.090 seconds
[2026-06-02T05:51:43.392+0000] {processor.py:161} INFO - Started process (PID=2618) to work on /home/airflow/.local/lib/python3.11/site-packages/airflow/example_dags/example_local_kubernetes_executor.py
[2026-06-02T05:51:43.393+0000] {processor.py:830} INFO - Processing file /home/airflow/.local/lib/python3.11/site-packages/airflow/example_dags/example_local_kubernetes_executor.py for tasks to queue
[2026-06-02T05:51:43.396+0000] {logging_mixin.py:188} INFO - [2026-06-02T05:51:43.396+0000] {dagbag.py:545} INFO - Filling up the DagBag from /home/airflow/.local/lib/python3.11/site-packages/airflow/example_dags/example_local_kubernetes_executor.py
[2026-06-02T05:51:43.403+0000] {processor.py:840} INFO - DAG(s) 'example_local_kubernetes_executor' retrieved from /home/airflow/.local/lib/python3.11/site-packages/airflow/example_dags/example_local_kubernetes_executor.py
[2026-06-02T05:51:43.441+0000] {logging_mixin.py:188} INFO - [2026-06-02T05:51:43.440+0000] {dag.py:3096} INFO - Sync 1 DAGs
[2026-06-02T05:51:43.452+0000] {logging_mixin.py:188} INFO - [2026-06-02T05:51:43.452+0000] {dag.py:3954} INFO - Setting next_dagrun for example_local_kubernetes_executor to None, run_after=None
[2026-06-02T05:51:43.471+0000] {processor.py:183} INFO - Processing /home/airflow/.local/lib/python3.11/site-packages/airflow/example_dags/example_local_kubernetes_executor.py took 0.084 seconds
[2026-06-02T05:52:13.766+0000] {processor.py:161} INFO - Started process (PID=2894) to work on /home/airflow/.local/lib/python3.11/site-packages/airflow/example_dags/example_local_kubernetes_executor.py
[2026-06-02T05:52:13.767+0000] {processor.py:830} INFO - Processing file /home/airflow/.local/lib/python3.11/site-packages/airflow/example_dags/example_local_kubernetes_executor.py for tasks to queue
[2026-06-02T05:52:13.769+0000] {logging_mixin.py:188} INFO - [2026-06-02T05:52:13.769+0000] {dagbag.py:545} INFO - Filling up the DagBag from /home/airflow/.local/lib/python3.11/site-packages/airflow/example_dags/example_local_kubernetes_executor.py
[2026-06-02T05:52:13.775+0000] {processor.py:840} INFO - DAG(s) 'example_local_kubernetes_executor' retrieved from /home/airflow/.local/lib/python3.11/site-packages/airflow/example_dags/example_local_kubernetes_executor.py
[2026-06-02T05:52:13.808+0000] {logging_mixin.py:188} INFO - [2026-06-02T05:52:13.808+0000] {dag.py:3096} INFO - Sync 1 DAGs
[2026-06-02T05:52:13.820+0000] {logging_mixin.py:188} INFO - [2026-06-02T05:52:13.819+0000] {dag.py:3954} INFO - Setting next_dagrun for example_local_kubernetes_executor to None, run_after=None
[2026-06-02T05:52:13.847+0000] {processor.py:183} INFO - Processing /home/airflow/.local/lib/python3.11/site-packages/airflow/example_dags/example_local_kubernetes_executor.py took 0.086 seconds
[2026-06-02T05:52:44.056+0000] {processor.py:161} INFO - Started process (PID=3170) to work on /home/airflow/.local/lib/python3.11/site-packages/airflow/example_dags/example_local_kubernetes_executor.py
[2026-06-02T05:52:44.057+0000] {processor.py:830} INFO - Processing file /home/airflow/.local/lib/python3.11/site-packages/airflow/example_dags/example_local_kubernetes_executor.py for tasks to queue
[2026-06-02T05:52:44.059+0000] {logging_mixin.py:188} INFO - [2026-06-02T05:52:44.058+0000] {dagbag.py:545} INFO - Filling up the DagBag from /home/airflow/.local/lib/python3.11/site-packages/airflow/example_dags/example_local_kubernetes_executor.py
[2026-06-02T05:52:44.065+0000] {processor.py:840} INFO - DAG(s) 'example_local_kubernetes_executor' retrieved from /home/airflow/.local/lib/python3.11/site-packages/airflow/example_dags/example_local_kubernetes_executor.py
[2026-06-02T05:52:44.097+0000] {logging_mixin.py:188} INFO - [2026-06-02T05:52:44.097+0000] {dag.py:3096} INFO - Sync 1 DAGs
[2026-06-02T05:52:44.109+0000] {logging_mixin.py:188} INFO - [2026-06-02T05:52:44.108+0000] {dag.py:3954} INFO - Setting next_dagrun for example_local_kubernetes_executor to None, run_after=None
[2026-06-02T05:52:44.137+0000] {processor.py:183} INFO - Processing /home/airflow/.local/lib/python3.11/site-packages/airflow/example_dags/example_local_kubernetes_executor.py took 0.087 seconds
[2026-06-02T05:53:14.375+0000] {processor.py:161} INFO - Started process (PID=3446) to work on /home/airflow/.local/lib/python3.11/site-packages/airflow/example_dags/example_local_kubernetes_executor.py
[2026-06-02T05:53:14.375+0000] {processor.py:830} INFO - Processing file /home/airflow/.local/lib/python3.11/site-packages/airflow/example_dags/example_local_kubernetes_executor.py for tasks to queue
[2026-06-02T05:53:14.377+0000] {logging_mixin.py:188} INFO - [2026-06-02T05:53:14.377+0000] {dagbag.py:545} INFO - Filling up the DagBag from /home/airflow/.local/lib/python3.11/site-packages/airflow/example_dags/example_local_kubernetes_executor.py
[2026-06-02T05:53:14.383+0000] {processor.py:840} INFO - DAG(s) 'example_local_kubernetes_executor' retrieved from /home/airflow/.local/lib/python3.11/site-packages/airflow/example_dags/example_local_kubernetes_executor.py
[2026-06-02T05:53:14.421+0000] {logging_mixin.py:188} INFO - [2026-06-02T05:53:14.421+0000] {dag.py:3096} INFO - Sync 1 DAGs
[2026-06-02T05:53:14.433+0000] {logging_mixin.py:188} INFO - [2026-06-02T05:53:14.433+0000] {dag.py:3954} INFO - Setting next_dagrun for example_local_kubernetes_executor to None, run_after=None
[2026-06-02T05:53:14.464+0000] {processor.py:183} INFO - Processing /home/airflow/.local/lib/python3.11/site-packages/airflow/example_dags/example_local_kubernetes_executor.py took 0.095 seconds
[2026-06-02T05:53:44.769+0000] {processor.py:161} INFO - Started process (PID=3722) to work on /home/airflow/.local/lib/python3.11/site-packages/airflow/example_dags/example_local_kubernetes_executor.py
[2026-06-02T05:53:44.770+0000] {processor.py:830} INFO - Processing file /home/airflow/.local/lib/python3.11/site-packages/airflow/example_dags/example_local_kubernetes_executor.py for tasks to queue
[2026-06-02T05:53:44.771+0000] {logging_mixin.py:188} INFO - [2026-06-02T05:53:44.771+0000] {dagbag.py:545} INFO - Filling up the DagBag from /home/airflow/.local/lib/python3.11/site-packages/airflow/example_dags/example_local_kubernetes_executor.py
[2026-06-02T05:53:44.777+0000] {processor.py:840} INFO - DAG(s) 'example_local_kubernetes_executor' retrieved from /home/airflow/.local/lib/python3.11/site-packages/airflow/example_dags/example_local_kubernetes_executor.py
[2026-06-02T05:53:44.808+0000] {logging_mixin.py:188} INFO - [2026-06-02T05:53:44.808+0000] {dag.py:3096} INFO - Sync 1 DAGs
[2026-06-02T05:53:44.818+0000] {logging_mixin.py:188} INFO - [2026-06-02T05:53:44.818+0000] {dag.py:3954} INFO - Setting next_dagrun for example_local_kubernetes_executor to None, run_after=None
[2026-06-02T05:53:44.846+0000] {processor.py:183} INFO - Processing /home/airflow/.local/lib/python3.11/site-packages/airflow/example_dags/example_local_kubernetes_executor.py took 0.083 seconds
[2026-06-02T05:54:15.178+0000] {processor.py:161} INFO - Started process (PID=3998) to work on /home/airflow/.local/lib/python3.11/site-packages/airflow/example_dags/example_local_kubernetes_executor.py
[2026-06-02T05:54:15.179+0000] {processor.py:830} INFO - Processing file /home/airflow/.local/lib/python3.11/site-packages/airflow/example_dags/example_local_kubernetes_executor.py for tasks to queue
[2026-06-02T05:54:15.180+0000] {logging_mixin.py:188} INFO - [2026-06-02T05:54:15.180+0000] {dagbag.py:545} INFO - Filling up the DagBag from /home/airflow/.local/lib/python3.11/site-packages/airflow/example_dags/example_local_kubernetes_executor.py
[2026-06-02T05:54:15.188+0000] {processor.py:840} INFO - DAG(s) 'example_local_kubernetes_executor' retrieved from /home/airflow/.local/lib/python3.11/site-packages/airflow/example_dags/example_local_kubernetes_executor.py
[2026-06-02T05:54:15.223+0000] {logging_mixin.py:188} INFO - [2026-06-02T05:54:15.223+0000] {dag.py:3096} INFO - Sync 1 DAGs
[2026-06-02T05:54:15.233+0000] {logging_mixin.py:188} INFO - [2026-06-02T05:54:15.233+0000] {dag.py:3954} INFO - Setting next_dagrun for example_local_kubernetes_executor to None, run_after=None
[2026-06-02T05:54:15.261+0000] {processor.py:183} INFO - Processing /home/airflow/.local/lib/python3.11/site-packages/airflow/example_dags/example_local_kubernetes_executor.py took 0.089 seconds
[2026-06-02T05:54:45.574+0000] {processor.py:161} INFO - Started process (PID=4274) to work on /home/airflow/.local/lib/python3.11/site-packages/airflow/example_dags/example_local_kubernetes_executor.py
[2026-06-02T05:54:45.575+0000] {processor.py:830} INFO - Processing file /home/airflow/.local/lib/python3.11/site-packages/airflow/example_dags/example_local_kubernetes_executor.py for tasks to queue
[2026-06-02T05:54:45.576+0000] {logging_mixin.py:188} INFO - [2026-06-02T05:54:45.576+0000] {dagbag.py:545} INFO - Filling up the DagBag from /home/airflow/.local/lib/python3.11/site-packages/airflow/example_dags/example_local_kubernetes_executor.py
[2026-06-02T05:54:45.582+0000] {processor.py:840} INFO - DAG(s) 'example_local_kubernetes_executor' retrieved from /home/airflow/.local/lib/python3.11/site-packages/airflow/example_dags/example_local_kubernetes_executor.py
[2026-06-02T05:54:45.616+0000] {logging_mixin.py:188} INFO - [2026-06-02T05:54:45.616+0000] {dag.py:3096} INFO - Sync 1 DAGs
[2026-06-02T05:54:45.630+0000] {logging_mixin.py:188} INFO - [2026-06-02T05:54:45.629+0000] {dag.py:3954} INFO - Setting next_dagrun for example_local_kubernetes_executor to None, run_after=None
[2026-06-02T05:54:45.659+0000] {processor.py:183} INFO - Processing /home/airflow/.local/lib/python3.11/site-packages/airflow/example_dags/example_local_kubernetes_executor.py took 0.091 seconds
[2026-06-02T05:55:15.970+0000] {processor.py:161} INFO - Started process (PID=4550) to work on /home/airflow/.local/lib/python3.11/site-packages/airflow/example_dags/example_local_kubernetes_executor.py
[2026-06-02T05:55:15.971+0000] {processor.py:830} INFO - Processing file /home/airflow/.local/lib/python3.11/site-packages/airflow/example_dags/example_local_kubernetes_executor.py for tasks to queue
[2026-06-02T05:55:15.973+0000] {logging_mixin.py:188} INFO - [2026-06-02T05:55:15.973+0000] {dagbag.py:545} INFO - Filling up the DagBag from /home/airflow/.local/lib/python3.11/site-packages/airflow/example_dags/example_local_kubernetes_executor.py
[2026-06-02T05:55:15.979+0000] {processor.py:840} INFO - DAG(s) 'example_local_kubernetes_executor' retrieved from /home/airflow/.local/lib/python3.11/site-packages/airflow/example_dags/example_local_kubernetes_executor.py
[2026-06-02T05:55:16.012+0000] {logging_mixin.py:188} INFO - [2026-06-02T05:55:16.012+0000] {dag.py:3096} INFO - Sync 1 DAGs
[2026-06-02T05:55:16.025+0000] {logging_mixin.py:188} INFO - [2026-06-02T05:55:16.025+0000] {dag.py:3954} INFO - Setting next_dagrun for example_local_kubernetes_executor to None, run_after=None
[2026-06-02T05:55:16.053+0000] {processor.py:183} INFO - Processing /home/airflow/.local/lib/python3.11/site-packages/airflow/example_dags/example_local_kubernetes_executor.py took 0.089 seconds
[2026-06-02T05:55:46.211+0000] {processor.py:161} INFO - Started process (PID=4827) to work on /home/airflow/.local/lib/python3.11/site-packages/airflow/example_dags/example_local_kubernetes_executor.py
[2026-06-02T05:55:46.212+0000] {processor.py:830} INFO - Processing file /home/airflow/.local/lib/python3.11/site-packages/airflow/example_dags/example_local_kubernetes_executor.py for tasks to queue
[2026-06-02T05:55:46.213+0000] {logging_mixin.py:188} INFO - [2026-06-02T05:55:46.213+0000] {dagbag.py:545} INFO - Filling up the DagBag from /home/airflow/.local/lib/python3.11/site-packages/airflow/example_dags/example_local_kubernetes_executor.py
[2026-06-02T05:55:46.220+0000] {processor.py:840} INFO - DAG(s) 'example_local_kubernetes_executor' retrieved from /home/airflow/.local/lib/python3.11/site-packages/airflow/example_dags/example_local_kubernetes_executor.py
[2026-06-02T05:55:46.250+0000] {logging_mixin.py:188} INFO - [2026-06-02T05:55:46.250+0000] {dag.py:3096} INFO - Sync 1 DAGs
[2026-06-02T05:55:46.262+0000] {logging_mixin.py:188} INFO - [2026-06-02T05:55:46.262+0000] {dag.py:3954} INFO - Setting next_dagrun for example_local_kubernetes_executor to None, run_after=None
[2026-06-02T05:55:46.289+0000] {processor.py:183} INFO - Processing /home/airflow/.local/lib/python3.11/site-packages/airflow/example_dags/example_local_kubernetes_executor.py took 0.084 seconds
[2026-06-02T05:56:17.026+0000] {processor.py:161} INFO - Started process (PID=5103) to work on /home/airflow/.local/lib/python3.11/site-packages/airflow/example_dags/example_local_kubernetes_executor.py
[2026-06-02T05:56:17.027+0000] {processor.py:830} INFO - Processing file /home/airflow/.local/lib/python3.11/site-packages/airflow/example_dags/example_local_kubernetes_executor.py for tasks to queue
[2026-06-02T05:56:17.029+0000] {logging_mixin.py:188} INFO - [2026-06-02T05:56:17.028+0000] {dagbag.py:545} INFO - Filling up the DagBag from /home/airflow/.local/lib/python3.11/site-packages/airflow/example_dags/example_local_kubernetes_executor.py
[2026-06-02T05:56:17.035+0000] {processor.py:840} INFO - DAG(s) 'example_local_kubernetes_executor' retrieved from /home/airflow/.local/lib/python3.11/site-packages/airflow/example_dags/example_local_kubernetes_executor.py
[2026-06-02T05:56:17.068+0000] {logging_mixin.py:188} INFO - [2026-06-02T05:56:17.068+0000] {dag.py:3096} INFO - Sync 1 DAGs
[2026-06-02T05:56:17.079+0000] {logging_mixin.py:188} INFO - [2026-06-02T05:56:17.078+0000] {dag.py:3954} INFO - Setting next_dagrun for example_local_kubernetes_executor to None, run_after=None
[2026-06-02T05:56:17.106+0000] {processor.py:183} INFO - Processing /home/airflow/.local/lib/python3.11/site-packages/airflow/example_dags/example_local_kubernetes_executor.py took 0.087 seconds
[2026-06-02T05:56:47.413+0000] {processor.py:161} INFO - Started process (PID=5379) to work on /home/airflow/.local/lib/python3.11/site-packages/airflow/example_dags/example_local_kubernetes_executor.py
[2026-06-02T05:56:47.414+0000] {processor.py:830} INFO - Processing file /home/airflow/.local/lib/python3.11/site-packages/airflow/example_dags/example_local_kubernetes_executor.py for tasks to queue
[2026-06-02T05:56:47.415+0000] {logging_mixin.py:188} INFO - [2026-06-02T05:56:47.415+0000] {dagbag.py:545} INFO - Filling up the DagBag from /home/airflow/.local/lib/python3.11/site-packages/airflow/example_dags/example_local_kubernetes_executor.py
[2026-06-02T05:56:47.424+0000] {processor.py:840} INFO - DAG(s) 'example_local_kubernetes_executor' retrieved from /home/airflow/.local/lib/python3.11/site-packages/airflow/example_dags/example_local_kubernetes_executor.py
[2026-06-02T05:56:47.459+0000] {logging_mixin.py:188} INFO - [2026-06-02T05:56:47.459+0000] {dag.py:3096} INFO - Sync 1 DAGs
[2026-06-02T05:56:47.473+0000] {logging_mixin.py:188} INFO - [2026-06-02T05:56:47.473+0000] {dag.py:3954} INFO - Setting next_dagrun for example_local_kubernetes_executor to None, run_after=None
[2026-06-02T05:56:47.500+0000] {processor.py:183} INFO - Processing /home/airflow/.local/lib/python3.11/site-packages/airflow/example_dags/example_local_kubernetes_executor.py took 0.093 seconds
[2026-06-02T05:57:17.810+0000] {processor.py:161} INFO - Started process (PID=5655) to work on /home/airflow/.local/lib/python3.11/site-packages/airflow/example_dags/example_local_kubernetes_executor.py
[2026-06-02T05:57:17.810+0000] {processor.py:830} INFO - Processing file /home/airflow/.local/lib/python3.11/site-packages/airflow/example_dags/example_local_kubernetes_executor.py for tasks to queue
[2026-06-02T05:57:17.812+0000] {logging_mixin.py:188} INFO - [2026-06-02T05:57:17.812+0000] {dagbag.py:545} INFO - Filling up the DagBag from /home/airflow/.local/lib/python3.11/site-packages/airflow/example_dags/example_local_kubernetes_executor.py
[2026-06-02T05:57:17.818+0000] {processor.py:840} INFO - DAG(s) 'example_local_kubernetes_executor' retrieved from /home/airflow/.local/lib/python3.11/site-packages/airflow/example_dags/example_local_kubernetes_executor.py
[2026-06-02T05:57:17.854+0000] {logging_mixin.py:188} INFO - [2026-06-02T05:57:17.854+0000] {dag.py:3096} INFO - Sync 1 DAGs
[2026-06-02T05:57:17.866+0000] {logging_mixin.py:188} INFO - [2026-06-02T05:57:17.866+0000] {dag.py:3954} INFO - Setting next_dagrun for example_local_kubernetes_executor to None, run_after=None
[2026-06-02T05:57:17.895+0000] {processor.py:183} INFO - Processing /home/airflow/.local/lib/python3.11/site-packages/airflow/example_dags/example_local_kubernetes_executor.py took 0.091 seconds
[2026-06-02T05:57:48.446+0000] {processor.py:161} INFO - Started process (PID=5931) to work on /home/airflow/.local/lib/python3.11/site-packages/airflow/example_dags/example_local_kubernetes_executor.py
[2026-06-02T05:57:48.447+0000] {processor.py:830} INFO - Processing file /home/airflow/.local/lib/python3.11/site-packages/airflow/example_dags/example_local_kubernetes_executor.py for tasks to queue
[2026-06-02T05:57:48.449+0000] {logging_mixin.py:188} INFO - [2026-06-02T05:57:48.449+0000] {dagbag.py:545} INFO - Filling up the DagBag from /home/airflow/.local/lib/python3.11/site-packages/airflow/example_dags/example_local_kubernetes_executor.py
[2026-06-02T05:57:48.457+0000] {processor.py:840} INFO - DAG(s) 'example_local_kubernetes_executor' retrieved from /home/airflow/.local/lib/python3.11/site-packages/airflow/example_dags/example_local_kubernetes_executor.py
[2026-06-02T05:57:48.493+0000] {logging_mixin.py:188} INFO - [2026-06-02T05:57:48.493+0000] {dag.py:3096} INFO - Sync 1 DAGs
[2026-06-02T05:57:48.504+0000] {logging_mixin.py:188} INFO - [2026-06-02T05:57:48.504+0000] {dag.py:3954} INFO - Setting next_dagrun for example_local_kubernetes_executor to None, run_after=None
[2026-06-02T05:57:48.531+0000] {processor.py:183} INFO - Processing /home/airflow/.local/lib/python3.11/site-packages/airflow/example_dags/example_local_kubernetes_executor.py took 0.090 seconds
[2026-06-02T05:58:18.632+0000] {processor.py:161} INFO - Started process (PID=6207) to work on /home/airflow/.local/lib/python3.11/site-packages/airflow/example_dags/example_local_kubernetes_executor.py
[2026-06-02T05:58:18.633+0000] {processor.py:830} INFO - Processing file /home/airflow/.local/lib/python3.11/site-packages/airflow/example_dags/example_local_kubernetes_executor.py for tasks to queue
[2026-06-02T05:58:18.637+0000] {logging_mixin.py:188} INFO - [2026-06-02T05:58:18.636+0000] {dagbag.py:545} INFO - Filling up the DagBag from /home/airflow/.local/lib/python3.11/site-packages/airflow/example_dags/example_local_kubernetes_executor.py
[2026-06-02T05:58:18.644+0000] {processor.py:840} INFO - DAG(s) 'example_local_kubernetes_executor' retrieved from /home/airflow/.local/lib/python3.11/site-packages/airflow/example_dags/example_local_kubernetes_executor.py
[2026-06-02T05:58:18.687+0000] {logging_mixin.py:188} INFO - [2026-06-02T05:58:18.686+0000] {dag.py:3096} INFO - Sync 1 DAGs
[2026-06-02T05:58:18.701+0000] {logging_mixin.py:188} INFO - [2026-06-02T05:58:18.701+0000] {dag.py:3954} INFO - Setting next_dagrun for example_local_kubernetes_executor to None, run_after=None
[2026-06-02T05:58:18.735+0000] {processor.py:183} INFO - Processing /home/airflow/.local/lib/python3.11/site-packages/airflow/example_dags/example_local_kubernetes_executor.py took 0.109 seconds
[2026-06-02T05:59:22.224+0000] {processor.py:161} INFO - Started process (PID=380) to work on /home/airflow/.local/lib/python3.11/site-packages/airflow/example_dags/example_local_kubernetes_executor.py
[2026-06-02T05:59:22.226+0000] {processor.py:830} INFO - Processing file /home/airflow/.local/lib/python3.11/site-packages/airflow/example_dags/example_local_kubernetes_executor.py for tasks to queue
[2026-06-02T05:59:22.228+0000] {logging_mixin.py:188} INFO - [2026-06-02T05:59:22.227+0000] {dagbag.py:545} INFO - Filling up the DagBag from /home/airflow/.local/lib/python3.11/site-packages/airflow/example_dags/example_local_kubernetes_executor.py
[2026-06-02T05:59:22.238+0000] {processor.py:840} INFO - DAG(s) 'example_local_kubernetes_executor' retrieved from /home/airflow/.local/lib/python3.11/site-packages/airflow/example_dags/example_local_kubernetes_executor.py
[2026-06-02T05:59:22.259+0000] {logging_mixin.py:188} INFO - [2026-06-02T05:59:22.259+0000] {dag.py:3096} INFO - Sync 1 DAGs
[2026-06-02T05:59:22.274+0000] {logging_mixin.py:188} INFO - [2026-06-02T05:59:22.274+0000] {dag.py:3954} INFO - Setting next_dagrun for example_local_kubernetes_executor to None, run_after=None
[2026-06-02T05:59:22.297+0000] {processor.py:183} INFO - Processing /home/airflow/.local/lib/python3.11/site-packages/airflow/example_dags/example_local_kubernetes_executor.py took 0.080 seconds
[2026-06-02T05:59:53.007+0000] {processor.py:161} INFO - Started process (PID=656) to work on /home/airflow/.local/lib/python3.11/site-packages/airflow/example_dags/example_local_kubernetes_executor.py
[2026-06-02T05:59:53.008+0000] {processor.py:830} INFO - Processing file /home/airflow/.local/lib/python3.11/site-packages/airflow/example_dags/example_local_kubernetes_executor.py for tasks to queue
[2026-06-02T05:59:53.010+0000] {logging_mixin.py:188} INFO - [2026-06-02T05:59:53.009+0000] {dagbag.py:545} INFO - Filling up the DagBag from /home/airflow/.local/lib/python3.11/site-packages/airflow/example_dags/example_local_kubernetes_executor.py
[2026-06-02T05:59:53.017+0000] {processor.py:840} INFO - DAG(s) 'example_local_kubernetes_executor' retrieved from /home/airflow/.local/lib/python3.11/site-packages/airflow/example_dags/example_local_kubernetes_executor.py
[2026-06-02T05:59:53.115+0000] {logging_mixin.py:188} INFO - [2026-06-02T05:59:53.115+0000] {dag.py:3096} INFO - Sync 1 DAGs
[2026-06-02T05:59:53.124+0000] {logging_mixin.py:188} INFO - [2026-06-02T05:59:53.124+0000] {dag.py:3954} INFO - Setting next_dagrun for example_local_kubernetes_executor to None, run_after=None
[2026-06-02T05:59:53.142+0000] {processor.py:183} INFO - Processing /home/airflow/.local/lib/python3.11/site-packages/airflow/example_dags/example_local_kubernetes_executor.py took 0.141 seconds
[2026-06-02T06:00:23.883+0000] {processor.py:161} INFO - Started process (PID=932) to work on /home/airflow/.local/lib/python3.11/site-packages/airflow/example_dags/example_local_kubernetes_executor.py
[2026-06-02T06:00:23.885+0000] {processor.py:830} INFO - Processing file /home/airflow/.local/lib/python3.11/site-packages/airflow/example_dags/example_local_kubernetes_executor.py for tasks to queue
[2026-06-02T06:00:23.886+0000] {logging_mixin.py:188} INFO - [2026-06-02T06:00:23.886+0000] {dagbag.py:545} INFO - Filling up the DagBag from /home/airflow/.local/lib/python3.11/site-packages/airflow/example_dags/example_local_kubernetes_executor.py
[2026-06-02T06:00:23.893+0000] {processor.py:840} INFO - DAG(s) 'example_local_kubernetes_executor' retrieved from /home/airflow/.local/lib/python3.11/site-packages/airflow/example_dags/example_local_kubernetes_executor.py
[2026-06-02T06:00:23.926+0000] {logging_mixin.py:188} INFO - [2026-06-02T06:00:23.926+0000] {dag.py:3096} INFO - Sync 1 DAGs
[2026-06-02T06:00:23.939+0000] {logging_mixin.py:188} INFO - [2026-06-02T06:00:23.938+0000] {dag.py:3954} INFO - Setting next_dagrun for example_local_kubernetes_executor to None, run_after=None
[2026-06-02T06:00:23.956+0000] {processor.py:183} INFO - Processing /home/airflow/.local/lib/python3.11/site-packages/airflow/example_dags/example_local_kubernetes_executor.py took 0.079 seconds
[2026-06-02T06:01:34.052+0000] {processor.py:161} INFO - Started process (PID=380) to work on /home/airflow/.local/lib/python3.11/site-packages/airflow/example_dags/example_local_kubernetes_executor.py
[2026-06-02T06:01:34.053+0000] {processor.py:830} INFO - Processing file /home/airflow/.local/lib/python3.11/site-packages/airflow/example_dags/example_local_kubernetes_executor.py for tasks to queue
[2026-06-02T06:01:34.055+0000] {logging_mixin.py:188} INFO - [2026-06-02T06:01:34.055+0000] {dagbag.py:545} INFO - Filling up the DagBag from /home/airflow/.local/lib/python3.11/site-packages/airflow/example_dags/example_local_kubernetes_executor.py
[2026-06-02T06:01:34.065+0000] {processor.py:840} INFO - DAG(s) 'example_local_kubernetes_executor' retrieved from /home/airflow/.local/lib/python3.11/site-packages/airflow/example_dags/example_local_kubernetes_executor.py
[2026-06-02T06:01:34.084+0000] {logging_mixin.py:188} INFO - [2026-06-02T06:01:34.083+0000] {dag.py:3096} INFO - Sync 1 DAGs
[2026-06-02T06:01:34.099+0000] {logging_mixin.py:188} INFO - [2026-06-02T06:01:34.098+0000] {dag.py:3954} INFO - Setting next_dagrun for example_local_kubernetes_executor to None, run_after=None
[2026-06-02T06:01:34.134+0000] {processor.py:183} INFO - Processing /home/airflow/.local/lib/python3.11/site-packages/airflow/example_dags/example_local_kubernetes_executor.py took 0.089 seconds
[2026-06-02T06:02:05.097+0000] {processor.py:161} INFO - Started process (PID=656) to work on /home/airflow/.local/lib/python3.11/site-packages/airflow/example_dags/example_local_kubernetes_executor.py
[2026-06-02T06:02:05.099+0000] {processor.py:830} INFO - Processing file /home/airflow/.local/lib/python3.11/site-packages/airflow/example_dags/example_local_kubernetes_executor.py for tasks to queue
[2026-06-02T06:02:05.101+0000] {logging_mixin.py:188} INFO - [2026-06-02T06:02:05.101+0000] {dagbag.py:545} INFO - Filling up the DagBag from /home/airflow/.local/lib/python3.11/site-packages/airflow/example_dags/example_local_kubernetes_executor.py
[2026-06-02T06:02:05.108+0000] {processor.py:840} INFO - DAG(s) 'example_local_kubernetes_executor' retrieved from /home/airflow/.local/lib/python3.11/site-packages/airflow/example_dags/example_local_kubernetes_executor.py
[2026-06-02T06:02:05.218+0000] {logging_mixin.py:188} INFO - [2026-06-02T06:02:05.218+0000] {dag.py:3096} INFO - Sync 1 DAGs
[2026-06-02T06:02:05.232+0000] {logging_mixin.py:188} INFO - [2026-06-02T06:02:05.232+0000] {dag.py:3954} INFO - Setting next_dagrun for example_local_kubernetes_executor to None, run_after=None
[2026-06-02T06:02:05.263+0000] {processor.py:183} INFO - Processing /home/airflow/.local/lib/python3.11/site-packages/airflow/example_dags/example_local_kubernetes_executor.py took 0.173 seconds
[2026-06-02T06:02:36.146+0000] {processor.py:161} INFO - Started process (PID=934) to work on /home/airflow/.local/lib/python3.11/site-packages/airflow/example_dags/example_local_kubernetes_executor.py
[2026-06-02T06:02:36.147+0000] {processor.py:830} INFO - Processing file /home/airflow/.local/lib/python3.11/site-packages/airflow/example_dags/example_local_kubernetes_executor.py for tasks to queue
[2026-06-02T06:02:36.149+0000] {logging_mixin.py:188} INFO - [2026-06-02T06:02:36.148+0000] {dagbag.py:545} INFO - Filling up the DagBag from /home/airflow/.local/lib/python3.11/site-packages/airflow/example_dags/example_local_kubernetes_executor.py
[2026-06-02T06:02:36.156+0000] {processor.py:840} INFO - DAG(s) 'example_local_kubernetes_executor' retrieved from /home/airflow/.local/lib/python3.11/site-packages/airflow/example_dags/example_local_kubernetes_executor.py
[2026-06-02T06:02:36.187+0000] {logging_mixin.py:188} INFO - [2026-06-02T06:02:36.187+0000] {dag.py:3096} INFO - Sync 1 DAGs
[2026-06-02T06:02:36.199+0000] {logging_mixin.py:188} INFO - [2026-06-02T06:02:36.199+0000] {dag.py:3954} INFO - Setting next_dagrun for example_local_kubernetes_executor to None, run_after=None
[2026-06-02T06:02:36.222+0000] {processor.py:183} INFO - Processing /home/airflow/.local/lib/python3.11/site-packages/airflow/example_dags/example_local_kubernetes_executor.py took 0.082 seconds
[2026-06-02T06:03:07.484+0000] {processor.py:161} INFO - Started process (PID=1238) to work on /home/airflow/.local/lib/python3.11/site-packages/airflow/example_dags/example_local_kubernetes_executor.py
[2026-06-02T06:03:07.485+0000] {processor.py:830} INFO - Processing file /home/airflow/.local/lib/python3.11/site-packages/airflow/example_dags/example_local_kubernetes_executor.py for tasks to queue
[2026-06-02T06:03:07.487+0000] {logging_mixin.py:188} INFO - [2026-06-02T06:03:07.486+0000] {dagbag.py:545} INFO - Filling up the DagBag from /home/airflow/.local/lib/python3.11/site-packages/airflow/example_dags/example_local_kubernetes_executor.py
[2026-06-02T06:03:07.494+0000] {processor.py:840} INFO - DAG(s) 'example_local_kubernetes_executor' retrieved from /home/airflow/.local/lib/python3.11/site-packages/airflow/example_dags/example_local_kubernetes_executor.py
[2026-06-02T06:03:07.525+0000] {logging_mixin.py:188} INFO - [2026-06-02T06:03:07.525+0000] {dag.py:3096} INFO - Sync 1 DAGs
[2026-06-02T06:03:07.536+0000] {logging_mixin.py:188} INFO - [2026-06-02T06:03:07.536+0000] {dag.py:3954} INFO - Setting next_dagrun for example_local_kubernetes_executor to None, run_after=None
[2026-06-02T06:03:07.565+0000] {processor.py:183} INFO - Processing /home/airflow/.local/lib/python3.11/site-packages/airflow/example_dags/example_local_kubernetes_executor.py took 0.087 seconds
[2026-06-02T06:03:38.491+0000] {processor.py:161} INFO - Started process (PID=1521) to work on /home/airflow/.local/lib/python3.11/site-packages/airflow/example_dags/example_local_kubernetes_executor.py
[2026-06-02T06:03:38.492+0000] {processor.py:830} INFO - Processing file /home/airflow/.local/lib/python3.11/site-packages/airflow/example_dags/example_local_kubernetes_executor.py for tasks to queue
[2026-06-02T06:03:38.494+0000] {logging_mixin.py:188} INFO - [2026-06-02T06:03:38.494+0000] {dagbag.py:545} INFO - Filling up the DagBag from /home/airflow/.local/lib/python3.11/site-packages/airflow/example_dags/example_local_kubernetes_executor.py
[2026-06-02T06:03:38.501+0000] {processor.py:840} INFO - DAG(s) 'example_local_kubernetes_executor' retrieved from /home/airflow/.local/lib/python3.11/site-packages/airflow/example_dags/example_local_kubernetes_executor.py
[2026-06-02T06:03:38.542+0000] {logging_mixin.py:188} INFO - [2026-06-02T06:03:38.542+0000] {dag.py:3096} INFO - Sync 1 DAGs
[2026-06-02T06:03:38.555+0000] {logging_mixin.py:188} INFO - [2026-06-02T06:03:38.555+0000] {dag.py:3954} INFO - Setting next_dagrun for example_local_kubernetes_executor to None, run_after=None
[2026-06-02T06:03:38.585+0000] {processor.py:183} INFO - Processing /home/airflow/.local/lib/python3.11/site-packages/airflow/example_dags/example_local_kubernetes_executor.py took 0.100 seconds
[2026-06-02T06:04:08.713+0000] {processor.py:161} INFO - Started process (PID=1805) to work on /home/airflow/.local/lib/python3.11/site-packages/airflow/example_dags/example_local_kubernetes_executor.py
[2026-06-02T06:04:08.723+0000] {processor.py:830} INFO - Processing file /home/airflow/.local/lib/python3.11/site-packages/airflow/example_dags/example_local_kubernetes_executor.py for tasks to queue
[2026-06-02T06:04:08.733+0000] {logging_mixin.py:188} INFO - [2026-06-02T06:04:08.733+0000] {dagbag.py:545} INFO - Filling up the DagBag from /home/airflow/.local/lib/python3.11/site-packages/airflow/example_dags/example_local_kubernetes_executor.py
[2026-06-02T06:04:08.751+0000] {processor.py:840} INFO - DAG(s) 'example_local_kubernetes_executor' retrieved from /home/airflow/.local/lib/python3.11/site-packages/airflow/example_dags/example_local_kubernetes_executor.py
[2026-06-02T06:04:08.831+0000] {logging_mixin.py:188} INFO - [2026-06-02T06:04:08.831+0000] {dag.py:3096} INFO - Sync 1 DAGs
[2026-06-02T06:04:08.863+0000] {logging_mixin.py:188} INFO - [2026-06-02T06:04:08.862+0000] {dag.py:3954} INFO - Setting next_dagrun for example_local_kubernetes_executor to None, run_after=None
[2026-06-02T06:04:08.912+0000] {processor.py:183} INFO - Processing /home/airflow/.local/lib/python3.11/site-packages/airflow/example_dags/example_local_kubernetes_executor.py took 0.207 seconds
[2026-06-02T06:04:39.021+0000] {processor.py:161} INFO - Started process (PID=2089) to work on /home/airflow/.local/lib/python3.11/site-packages/airflow/example_dags/example_local_kubernetes_executor.py
[2026-06-02T06:04:39.024+0000] {processor.py:830} INFO - Processing file /home/airflow/.local/lib/python3.11/site-packages/airflow/example_dags/example_local_kubernetes_executor.py for tasks to queue
[2026-06-02T06:04:39.028+0000] {logging_mixin.py:188} INFO - [2026-06-02T06:04:39.027+0000] {dagbag.py:545} INFO - Filling up the DagBag from /home/airflow/.local/lib/python3.11/site-packages/airflow/example_dags/example_local_kubernetes_executor.py
[2026-06-02T06:04:39.038+0000] {processor.py:840} INFO - DAG(s) 'example_local_kubernetes_executor' retrieved from /home/airflow/.local/lib/python3.11/site-packages/airflow/example_dags/example_local_kubernetes_executor.py
[2026-06-02T06:04:39.086+0000] {logging_mixin.py:188} INFO - [2026-06-02T06:04:39.086+0000] {dag.py:3096} INFO - Sync 1 DAGs
[2026-06-02T06:04:39.102+0000] {logging_mixin.py:188} INFO - [2026-06-02T06:04:39.102+0000] {dag.py:3954} INFO - Setting next_dagrun for example_local_kubernetes_executor to None, run_after=None
[2026-06-02T06:04:39.138+0000] {processor.py:183} INFO - Processing /home/airflow/.local/lib/python3.11/site-packages/airflow/example_dags/example_local_kubernetes_executor.py took 0.126 seconds
[2026-06-02T06:05:09.231+0000] {processor.py:161} INFO - Started process (PID=2373) to work on /home/airflow/.local/lib/python3.11/site-packages/airflow/example_dags/example_local_kubernetes_executor.py
[2026-06-02T06:05:09.233+0000] {processor.py:830} INFO - Processing file /home/airflow/.local/lib/python3.11/site-packages/airflow/example_dags/example_local_kubernetes_executor.py for tasks to queue
[2026-06-02T06:05:09.234+0000] {logging_mixin.py:188} INFO - [2026-06-02T06:05:09.234+0000] {dagbag.py:545} INFO - Filling up the DagBag from /home/airflow/.local/lib/python3.11/site-packages/airflow/example_dags/example_local_kubernetes_executor.py
[2026-06-02T06:05:09.242+0000] {processor.py:840} INFO - DAG(s) 'example_local_kubernetes_executor' retrieved from /home/airflow/.local/lib/python3.11/site-packages/airflow/example_dags/example_local_kubernetes_executor.py
[2026-06-02T06:05:09.283+0000] {logging_mixin.py:188} INFO - [2026-06-02T06:05:09.283+0000] {dag.py:3096} INFO - Sync 1 DAGs
[2026-06-02T06:05:09.303+0000] {logging_mixin.py:188} INFO - [2026-06-02T06:05:09.303+0000] {dag.py:3954} INFO - Setting next_dagrun for example_local_kubernetes_executor to None, run_after=None
[2026-06-02T06:05:09.341+0000] {processor.py:183} INFO - Processing /home/airflow/.local/lib/python3.11/site-packages/airflow/example_dags/example_local_kubernetes_executor.py took 0.118 seconds
[2026-06-02T06:05:39.607+0000] {processor.py:161} INFO - Started process (PID=2649) to work on /home/airflow/.local/lib/python3.11/site-packages/airflow/example_dags/example_local_kubernetes_executor.py
[2026-06-02T06:05:39.609+0000] {processor.py:830} INFO - Processing file /home/airflow/.local/lib/python3.11/site-packages/airflow/example_dags/example_local_kubernetes_executor.py for tasks to queue
[2026-06-02T06:05:39.612+0000] {logging_mixin.py:188} INFO - [2026-06-02T06:05:39.611+0000] {dagbag.py:545} INFO - Filling up the DagBag from /home/airflow/.local/lib/python3.11/site-packages/airflow/example_dags/example_local_kubernetes_executor.py
[2026-06-02T06:05:39.626+0000] {processor.py:840} INFO - DAG(s) 'example_local_kubernetes_executor' retrieved from /home/airflow/.local/lib/python3.11/site-packages/airflow/example_dags/example_local_kubernetes_executor.py
[2026-06-02T06:05:39.666+0000] {logging_mixin.py:188} INFO - [2026-06-02T06:05:39.666+0000] {dag.py:3096} INFO - Sync 1 DAGs
[2026-06-02T06:05:39.681+0000] {logging_mixin.py:188} INFO - [2026-06-02T06:05:39.681+0000] {dag.py:3954} INFO - Setting next_dagrun for example_local_kubernetes_executor to None, run_after=None
[2026-06-02T06:05:39.715+0000] {processor.py:183} INFO - Processing /home/airflow/.local/lib/python3.11/site-packages/airflow/example_dags/example_local_kubernetes_executor.py took 0.115 seconds
[2026-06-02T06:06:09.863+0000] {processor.py:161} INFO - Started process (PID=2925) to work on /home/airflow/.local/lib/python3.11/site-packages/airflow/example_dags/example_local_kubernetes_executor.py
[2026-06-02T06:06:09.864+0000] {processor.py:830} INFO - Processing file /home/airflow/.local/lib/python3.11/site-packages/airflow/example_dags/example_local_kubernetes_executor.py for tasks to queue
[2026-06-02T06:06:09.866+0000] {logging_mixin.py:188} INFO - [2026-06-02T06:06:09.865+0000] {dagbag.py:545} INFO - Filling up the DagBag from /home/airflow/.local/lib/python3.11/site-packages/airflow/example_dags/example_local_kubernetes_executor.py
[2026-06-02T06:06:09.872+0000] {processor.py:840} INFO - DAG(s) 'example_local_kubernetes_executor' retrieved from /home/airflow/.local/lib/python3.11/site-packages/airflow/example_dags/example_local_kubernetes_executor.py
[2026-06-02T06:06:09.908+0000] {logging_mixin.py:188} INFO - [2026-06-02T06:06:09.908+0000] {dag.py:3096} INFO - Sync 1 DAGs
[2026-06-02T06:06:09.921+0000] {logging_mixin.py:188} INFO - [2026-06-02T06:06:09.921+0000] {dag.py:3954} INFO - Setting next_dagrun for example_local_kubernetes_executor to None, run_after=None
[2026-06-02T06:06:09.952+0000] {processor.py:183} INFO - Processing /home/airflow/.local/lib/python3.11/site-packages/airflow/example_dags/example_local_kubernetes_executor.py took 0.097 seconds
[2026-06-02T06:06:40.254+0000] {processor.py:161} INFO - Started process (PID=3201) to work on /home/airflow/.local/lib/python3.11/site-packages/airflow/example_dags/example_local_kubernetes_executor.py
[2026-06-02T06:06:40.255+0000] {processor.py:830} INFO - Processing file /home/airflow/.local/lib/python3.11/site-packages/airflow/example_dags/example_local_kubernetes_executor.py for tasks to queue
[2026-06-02T06:06:40.257+0000] {logging_mixin.py:188} INFO - [2026-06-02T06:06:40.257+0000] {dagbag.py:545} INFO - Filling up the DagBag from /home/airflow/.local/lib/python3.11/site-packages/airflow/example_dags/example_local_kubernetes_executor.py
[2026-06-02T06:06:40.264+0000] {processor.py:840} INFO - DAG(s) 'example_local_kubernetes_executor' retrieved from /home/airflow/.local/lib/python3.11/site-packages/airflow/example_dags/example_local_kubernetes_executor.py
[2026-06-02T06:06:40.298+0000] {logging_mixin.py:188} INFO - [2026-06-02T06:06:40.298+0000] {dag.py:3096} INFO - Sync 1 DAGs
[2026-06-02T06:06:40.311+0000] {logging_mixin.py:188} INFO - [2026-06-02T06:06:40.310+0000] {dag.py:3954} INFO - Setting next_dagrun for example_local_kubernetes_executor to None, run_after=None
[2026-06-02T06:06:40.341+0000] {processor.py:183} INFO - Processing /home/airflow/.local/lib/python3.11/site-packages/airflow/example_dags/example_local_kubernetes_executor.py took 0.092 seconds
[2026-06-02T06:07:10.758+0000] {processor.py:161} INFO - Started process (PID=3491) to work on /home/airflow/.local/lib/python3.11/site-packages/airflow/example_dags/example_local_kubernetes_executor.py
[2026-06-02T06:07:10.759+0000] {processor.py:830} INFO - Processing file /home/airflow/.local/lib/python3.11/site-packages/airflow/example_dags/example_local_kubernetes_executor.py for tasks to queue
[2026-06-02T06:07:10.761+0000] {logging_mixin.py:188} INFO - [2026-06-02T06:07:10.761+0000] {dagbag.py:545} INFO - Filling up the DagBag from /home/airflow/.local/lib/python3.11/site-packages/airflow/example_dags/example_local_kubernetes_executor.py
[2026-06-02T06:07:10.767+0000] {processor.py:840} INFO - DAG(s) 'example_local_kubernetes_executor' retrieved from /home/airflow/.local/lib/python3.11/site-packages/airflow/example_dags/example_local_kubernetes_executor.py
[2026-06-02T06:07:10.799+0000] {logging_mixin.py:188} INFO - [2026-06-02T06:07:10.799+0000] {dag.py:3096} INFO - Sync 1 DAGs
[2026-06-02T06:07:10.811+0000] {logging_mixin.py:188} INFO - [2026-06-02T06:07:10.811+0000] {dag.py:3954} INFO - Setting next_dagrun for example_local_kubernetes_executor to None, run_after=None
[2026-06-02T06:07:10.840+0000] {processor.py:183} INFO - Processing /home/airflow/.local/lib/python3.11/site-packages/airflow/example_dags/example_local_kubernetes_executor.py took 0.087 seconds
[2026-06-02T06:07:41.092+0000] {processor.py:161} INFO - Started process (PID=3767) to work on /home/airflow/.local/lib/python3.11/site-packages/airflow/example_dags/example_local_kubernetes_executor.py
[2026-06-02T06:07:41.093+0000] {processor.py:830} INFO - Processing file /home/airflow/.local/lib/python3.11/site-packages/airflow/example_dags/example_local_kubernetes_executor.py for tasks to queue
[2026-06-02T06:07:41.096+0000] {logging_mixin.py:188} INFO - [2026-06-02T06:07:41.095+0000] {dagbag.py:545} INFO - Filling up the DagBag from /home/airflow/.local/lib/python3.11/site-packages/airflow/example_dags/example_local_kubernetes_executor.py
[2026-06-02T06:07:41.102+0000] {processor.py:840} INFO - DAG(s) 'example_local_kubernetes_executor' retrieved from /home/airflow/.local/lib/python3.11/site-packages/airflow/example_dags/example_local_kubernetes_executor.py
[2026-06-02T06:07:41.136+0000] {logging_mixin.py:188} INFO - [2026-06-02T06:07:41.136+0000] {dag.py:3096} INFO - Sync 1 DAGs
[2026-06-02T06:07:41.149+0000] {logging_mixin.py:188} INFO - [2026-06-02T06:07:41.149+0000] {dag.py:3954} INFO - Setting next_dagrun for example_local_kubernetes_executor to None, run_after=None
[2026-06-02T06:07:41.181+0000] {processor.py:183} INFO - Processing /home/airflow/.local/lib/python3.11/site-packages/airflow/example_dags/example_local_kubernetes_executor.py took 0.095 seconds
[2026-06-02T06:08:11.463+0000] {processor.py:161} INFO - Started process (PID=4043) to work on /home/airflow/.local/lib/python3.11/site-packages/airflow/example_dags/example_local_kubernetes_executor.py
[2026-06-02T06:08:11.464+0000] {processor.py:830} INFO - Processing file /home/airflow/.local/lib/python3.11/site-packages/airflow/example_dags/example_local_kubernetes_executor.py for tasks to queue
[2026-06-02T06:08:11.466+0000] {logging_mixin.py:188} INFO - [2026-06-02T06:08:11.466+0000] {dagbag.py:545} INFO - Filling up the DagBag from /home/airflow/.local/lib/python3.11/site-packages/airflow/example_dags/example_local_kubernetes_executor.py
[2026-06-02T06:08:11.472+0000] {processor.py:840} INFO - DAG(s) 'example_local_kubernetes_executor' retrieved from /home/airflow/.local/lib/python3.11/site-packages/airflow/example_dags/example_local_kubernetes_executor.py
[2026-06-02T06:08:11.508+0000] {logging_mixin.py:188} INFO - [2026-06-02T06:08:11.507+0000] {dag.py:3096} INFO - Sync 1 DAGs
[2026-06-02T06:08:11.520+0000] {logging_mixin.py:188} INFO - [2026-06-02T06:08:11.520+0000] {dag.py:3954} INFO - Setting next_dagrun for example_local_kubernetes_executor to None, run_after=None
[2026-06-02T06:08:11.548+0000] {processor.py:183} INFO - Processing /home/airflow/.local/lib/python3.11/site-packages/airflow/example_dags/example_local_kubernetes_executor.py took 0.092 seconds
[2026-06-02T06:08:41.936+0000] {processor.py:161} INFO - Started process (PID=4319) to work on /home/airflow/.local/lib/python3.11/site-packages/airflow/example_dags/example_local_kubernetes_executor.py
[2026-06-02T06:08:41.938+0000] {processor.py:830} INFO - Processing file /home/airflow/.local/lib/python3.11/site-packages/airflow/example_dags/example_local_kubernetes_executor.py for tasks to queue
[2026-06-02T06:08:41.939+0000] {logging_mixin.py:188} INFO - [2026-06-02T06:08:41.939+0000] {dagbag.py:545} INFO - Filling up the DagBag from /home/airflow/.local/lib/python3.11/site-packages/airflow/example_dags/example_local_kubernetes_executor.py
[2026-06-02T06:08:41.945+0000] {processor.py:840} INFO - DAG(s) 'example_local_kubernetes_executor' retrieved from /home/airflow/.local/lib/python3.11/site-packages/airflow/example_dags/example_local_kubernetes_executor.py
[2026-06-02T06:08:41.980+0000] {logging_mixin.py:188} INFO - [2026-06-02T06:08:41.980+0000] {dag.py:3096} INFO - Sync 1 DAGs
[2026-06-02T06:08:41.994+0000] {logging_mixin.py:188} INFO - [2026-06-02T06:08:41.993+0000] {dag.py:3954} INFO - Setting next_dagrun for example_local_kubernetes_executor to None, run_after=None
[2026-06-02T06:08:42.022+0000] {processor.py:183} INFO - Processing /home/airflow/.local/lib/python3.11/site-packages/airflow/example_dags/example_local_kubernetes_executor.py took 0.092 seconds
[2026-06-02T06:09:12.380+0000] {processor.py:161} INFO - Started process (PID=4595) to work on /home/airflow/.local/lib/python3.11/site-packages/airflow/example_dags/example_local_kubernetes_executor.py
[2026-06-02T06:09:12.381+0000] {processor.py:830} INFO - Processing file /home/airflow/.local/lib/python3.11/site-packages/airflow/example_dags/example_local_kubernetes_executor.py for tasks to queue
[2026-06-02T06:09:12.383+0000] {logging_mixin.py:188} INFO - [2026-06-02T06:09:12.382+0000] {dagbag.py:545} INFO - Filling up the DagBag from /home/airflow/.local/lib/python3.11/site-packages/airflow/example_dags/example_local_kubernetes_executor.py
[2026-06-02T06:09:12.390+0000] {processor.py:840} INFO - DAG(s) 'example_local_kubernetes_executor' retrieved from /home/airflow/.local/lib/python3.11/site-packages/airflow/example_dags/example_local_kubernetes_executor.py
[2026-06-02T06:09:12.429+0000] {logging_mixin.py:188} INFO - [2026-06-02T06:09:12.429+0000] {dag.py:3096} INFO - Sync 1 DAGs
[2026-06-02T06:09:12.443+0000] {logging_mixin.py:188} INFO - [2026-06-02T06:09:12.442+0000] {dag.py:3954} INFO - Setting next_dagrun for example_local_kubernetes_executor to None, run_after=None
[2026-06-02T06:09:12.464+0000] {processor.py:183} INFO - Processing /home/airflow/.local/lib/python3.11/site-packages/airflow/example_dags/example_local_kubernetes_executor.py took 0.089 seconds
[2026-06-02T06:09:43.206+0000] {processor.py:161} INFO - Started process (PID=4871) to work on /home/airflow/.local/lib/python3.11/site-packages/airflow/example_dags/example_local_kubernetes_executor.py
[2026-06-02T06:09:43.207+0000] {processor.py:830} INFO - Processing file /home/airflow/.local/lib/python3.11/site-packages/airflow/example_dags/example_local_kubernetes_executor.py for tasks to queue
[2026-06-02T06:09:43.209+0000] {logging_mixin.py:188} INFO - [2026-06-02T06:09:43.208+0000] {dagbag.py:545} INFO - Filling up the DagBag from /home/airflow/.local/lib/python3.11/site-packages/airflow/example_dags/example_local_kubernetes_executor.py
[2026-06-02T06:09:43.215+0000] {processor.py:840} INFO - DAG(s) 'example_local_kubernetes_executor' retrieved from /home/airflow/.local/lib/python3.11/site-packages/airflow/example_dags/example_local_kubernetes_executor.py
[2026-06-02T06:09:43.251+0000] {logging_mixin.py:188} INFO - [2026-06-02T06:09:43.250+0000] {dag.py:3096} INFO - Sync 1 DAGs
[2026-06-02T06:09:43.263+0000] {logging_mixin.py:188} INFO - [2026-06-02T06:09:43.263+0000] {dag.py:3954} INFO - Setting next_dagrun for example_local_kubernetes_executor to None, run_after=None
[2026-06-02T06:09:43.293+0000] {processor.py:183} INFO - Processing /home/airflow/.local/lib/python3.11/site-packages/airflow/example_dags/example_local_kubernetes_executor.py took 0.096 seconds
[2026-06-02T06:10:13.593+0000] {processor.py:161} INFO - Started process (PID=5147) to work on /home/airflow/.local/lib/python3.11/site-packages/airflow/example_dags/example_local_kubernetes_executor.py
[2026-06-02T06:10:13.594+0000] {processor.py:830} INFO - Processing file /home/airflow/.local/lib/python3.11/site-packages/airflow/example_dags/example_local_kubernetes_executor.py for tasks to queue
[2026-06-02T06:10:13.596+0000] {logging_mixin.py:188} INFO - [2026-06-02T06:10:13.595+0000] {dagbag.py:545} INFO - Filling up the DagBag from /home/airflow/.local/lib/python3.11/site-packages/airflow/example_dags/example_local_kubernetes_executor.py
[2026-06-02T06:10:13.604+0000] {processor.py:840} INFO - DAG(s) 'example_local_kubernetes_executor' retrieved from /home/airflow/.local/lib/python3.11/site-packages/airflow/example_dags/example_local_kubernetes_executor.py
[2026-06-02T06:10:13.636+0000] {logging_mixin.py:188} INFO - [2026-06-02T06:10:13.636+0000] {dag.py:3096} INFO - Sync 1 DAGs
[2026-06-02T06:10:13.647+0000] {logging_mixin.py:188} INFO - [2026-06-02T06:10:13.647+0000] {dag.py:3954} INFO - Setting next_dagrun for example_local_kubernetes_executor to None, run_after=None
[2026-06-02T06:10:13.666+0000] {processor.py:183} INFO - Processing /home/airflow/.local/lib/python3.11/site-packages/airflow/example_dags/example_local_kubernetes_executor.py took 0.081 seconds
[2026-06-02T06:10:43.830+0000] {processor.py:161} INFO - Started process (PID=5423) to work on /home/airflow/.local/lib/python3.11/site-packages/airflow/example_dags/example_local_kubernetes_executor.py
[2026-06-02T06:10:43.831+0000] {processor.py:830} INFO - Processing file /home/airflow/.local/lib/python3.11/site-packages/airflow/example_dags/example_local_kubernetes_executor.py for tasks to queue
[2026-06-02T06:10:43.833+0000] {logging_mixin.py:188} INFO - [2026-06-02T06:10:43.833+0000] {dagbag.py:545} INFO - Filling up the DagBag from /home/airflow/.local/lib/python3.11/site-packages/airflow/example_dags/example_local_kubernetes_executor.py
[2026-06-02T06:10:43.839+0000] {processor.py:840} INFO - DAG(s) 'example_local_kubernetes_executor' retrieved from /home/airflow/.local/lib/python3.11/site-packages/airflow/example_dags/example_local_kubernetes_executor.py
[2026-06-02T06:10:43.868+0000] {logging_mixin.py:188} INFO - [2026-06-02T06:10:43.868+0000] {dag.py:3096} INFO - Sync 1 DAGs
[2026-06-02T06:10:43.879+0000] {logging_mixin.py:188} INFO - [2026-06-02T06:10:43.879+0000] {dag.py:3954} INFO - Setting next_dagrun for example_local_kubernetes_executor to None, run_after=None
[2026-06-02T06:10:43.909+0000] {processor.py:183} INFO - Processing /home/airflow/.local/lib/python3.11/site-packages/airflow/example_dags/example_local_kubernetes_executor.py took 0.085 seconds
[2026-06-02T06:11:14.242+0000] {processor.py:161} INFO - Started process (PID=5699) to work on /home/airflow/.local/lib/python3.11/site-packages/airflow/example_dags/example_local_kubernetes_executor.py
[2026-06-02T06:11:14.243+0000] {processor.py:830} INFO - Processing file /home/airflow/.local/lib/python3.11/site-packages/airflow/example_dags/example_local_kubernetes_executor.py for tasks to queue
[2026-06-02T06:11:14.245+0000] {logging_mixin.py:188} INFO - [2026-06-02T06:11:14.245+0000] {dagbag.py:545} INFO - Filling up the DagBag from /home/airflow/.local/lib/python3.11/site-packages/airflow/example_dags/example_local_kubernetes_executor.py
[2026-06-02T06:11:14.251+0000] {processor.py:840} INFO - DAG(s) 'example_local_kubernetes_executor' retrieved from /home/airflow/.local/lib/python3.11/site-packages/airflow/example_dags/example_local_kubernetes_executor.py
[2026-06-02T06:11:14.287+0000] {logging_mixin.py:188} INFO - [2026-06-02T06:11:14.286+0000] {dag.py:3096} INFO - Sync 1 DAGs
[2026-06-02T06:11:14.297+0000] {logging_mixin.py:188} INFO - [2026-06-02T06:11:14.297+0000] {dag.py:3954} INFO - Setting next_dagrun for example_local_kubernetes_executor to None, run_after=None
[2026-06-02T06:11:14.329+0000] {processor.py:183} INFO - Processing /home/airflow/.local/lib/python3.11/site-packages/airflow/example_dags/example_local_kubernetes_executor.py took 0.092 seconds
[2026-06-02T06:11:44.603+0000] {processor.py:161} INFO - Started process (PID=5975) to work on /home/airflow/.local/lib/python3.11/site-packages/airflow/example_dags/example_local_kubernetes_executor.py
[2026-06-02T06:11:44.604+0000] {processor.py:830} INFO - Processing file /home/airflow/.local/lib/python3.11/site-packages/airflow/example_dags/example_local_kubernetes_executor.py for tasks to queue
[2026-06-02T06:11:44.606+0000] {logging_mixin.py:188} INFO - [2026-06-02T06:11:44.605+0000] {dagbag.py:545} INFO - Filling up the DagBag from /home/airflow/.local/lib/python3.11/site-packages/airflow/example_dags/example_local_kubernetes_executor.py
[2026-06-02T06:11:44.613+0000] {processor.py:840} INFO - DAG(s) 'example_local_kubernetes_executor' retrieved from /home/airflow/.local/lib/python3.11/site-packages/airflow/example_dags/example_local_kubernetes_executor.py
[2026-06-02T06:11:44.648+0000] {logging_mixin.py:188} INFO - [2026-06-02T06:11:44.648+0000] {dag.py:3096} INFO - Sync 1 DAGs
[2026-06-02T06:11:44.659+0000] {logging_mixin.py:188} INFO - [2026-06-02T06:11:44.659+0000] {dag.py:3954} INFO - Setting next_dagrun for example_local_kubernetes_executor to None, run_after=None
[2026-06-02T06:11:44.677+0000] {processor.py:183} INFO - Processing /home/airflow/.local/lib/python3.11/site-packages/airflow/example_dags/example_local_kubernetes_executor.py took 0.080 seconds
[2026-06-02T06:12:15.023+0000] {processor.py:161} INFO - Started process (PID=6251) to work on /home/airflow/.local/lib/python3.11/site-packages/airflow/example_dags/example_local_kubernetes_executor.py
[2026-06-02T06:12:15.024+0000] {processor.py:830} INFO - Processing file /home/airflow/.local/lib/python3.11/site-packages/airflow/example_dags/example_local_kubernetes_executor.py for tasks to queue
[2026-06-02T06:12:15.026+0000] {logging_mixin.py:188} INFO - [2026-06-02T06:12:15.025+0000] {dagbag.py:545} INFO - Filling up the DagBag from /home/airflow/.local/lib/python3.11/site-packages/airflow/example_dags/example_local_kubernetes_executor.py
[2026-06-02T06:12:15.033+0000] {processor.py:840} INFO - DAG(s) 'example_local_kubernetes_executor' retrieved from /home/airflow/.local/lib/python3.11/site-packages/airflow/example_dags/example_local_kubernetes_executor.py
[2026-06-02T06:12:15.068+0000] {logging_mixin.py:188} INFO - [2026-06-02T06:12:15.068+0000] {dag.py:3096} INFO - Sync 1 DAGs
[2026-06-02T06:12:15.078+0000] {logging_mixin.py:188} INFO - [2026-06-02T06:12:15.078+0000] {dag.py:3954} INFO - Setting next_dagrun for example_local_kubernetes_executor to None, run_after=None
[2026-06-02T06:12:15.109+0000] {processor.py:183} INFO - Processing /home/airflow/.local/lib/python3.11/site-packages/airflow/example_dags/example_local_kubernetes_executor.py took 0.091 seconds
[2026-06-02T06:12:45.679+0000] {processor.py:161} INFO - Started process (PID=6527) to work on /home/airflow/.local/lib/python3.11/site-packages/airflow/example_dags/example_local_kubernetes_executor.py
[2026-06-02T06:12:45.680+0000] {processor.py:830} INFO - Processing file /home/airflow/.local/lib/python3.11/site-packages/airflow/example_dags/example_local_kubernetes_executor.py for tasks to queue
[2026-06-02T06:12:45.682+0000] {logging_mixin.py:188} INFO - [2026-06-02T06:12:45.682+0000] {dagbag.py:545} INFO - Filling up the DagBag from /home/airflow/.local/lib/python3.11/site-packages/airflow/example_dags/example_local_kubernetes_executor.py
[2026-06-02T06:12:45.688+0000] {processor.py:840} INFO - DAG(s) 'example_local_kubernetes_executor' retrieved from /home/airflow/.local/lib/python3.11/site-packages/airflow/example_dags/example_local_kubernetes_executor.py
[2026-06-02T06:12:45.721+0000] {logging_mixin.py:188} INFO - [2026-06-02T06:12:45.721+0000] {dag.py:3096} INFO - Sync 1 DAGs
[2026-06-02T06:12:45.733+0000] {logging_mixin.py:188} INFO - [2026-06-02T06:12:45.733+0000] {dag.py:3954} INFO - Setting next_dagrun for example_local_kubernetes_executor to None, run_after=None
[2026-06-02T06:12:45.762+0000] {processor.py:183} INFO - Processing /home/airflow/.local/lib/python3.11/site-packages/airflow/example_dags/example_local_kubernetes_executor.py took 0.089 seconds
[2026-06-02T06:13:15.971+0000] {processor.py:161} INFO - Started process (PID=6803) to work on /home/airflow/.local/lib/python3.11/site-packages/airflow/example_dags/example_local_kubernetes_executor.py
[2026-06-02T06:13:15.974+0000] {processor.py:830} INFO - Processing file /home/airflow/.local/lib/python3.11/site-packages/airflow/example_dags/example_local_kubernetes_executor.py for tasks to queue
[2026-06-02T06:13:15.976+0000] {logging_mixin.py:188} INFO - [2026-06-02T06:13:15.976+0000] {dagbag.py:545} INFO - Filling up the DagBag from /home/airflow/.local/lib/python3.11/site-packages/airflow/example_dags/example_local_kubernetes_executor.py
[2026-06-02T06:13:15.987+0000] {processor.py:840} INFO - DAG(s) 'example_local_kubernetes_executor' retrieved from /home/airflow/.local/lib/python3.11/site-packages/airflow/example_dags/example_local_kubernetes_executor.py
[2026-06-02T06:13:16.045+0000] {logging_mixin.py:188} INFO - [2026-06-02T06:13:16.044+0000] {dag.py:3096} INFO - Sync 1 DAGs
[2026-06-02T06:13:16.059+0000] {logging_mixin.py:188} INFO - [2026-06-02T06:13:16.059+0000] {dag.py:3954} INFO - Setting next_dagrun for example_local_kubernetes_executor to None, run_after=None
[2026-06-02T06:13:16.094+0000] {processor.py:183} INFO - Processing /home/airflow/.local/lib/python3.11/site-packages/airflow/example_dags/example_local_kubernetes_executor.py took 0.132 seconds
[2026-06-02T06:13:46.323+0000] {processor.py:161} INFO - Started process (PID=7079) to work on /home/airflow/.local/lib/python3.11/site-packages/airflow/example_dags/example_local_kubernetes_executor.py
[2026-06-02T06:13:46.324+0000] {processor.py:830} INFO - Processing file /home/airflow/.local/lib/python3.11/site-packages/airflow/example_dags/example_local_kubernetes_executor.py for tasks to queue
[2026-06-02T06:13:46.326+0000] {logging_mixin.py:188} INFO - [2026-06-02T06:13:46.325+0000] {dagbag.py:545} INFO - Filling up the DagBag from /home/airflow/.local/lib/python3.11/site-packages/airflow/example_dags/example_local_kubernetes_executor.py
[2026-06-02T06:13:46.332+0000] {processor.py:840} INFO - DAG(s) 'example_local_kubernetes_executor' retrieved from /home/airflow/.local/lib/python3.11/site-packages/airflow/example_dags/example_local_kubernetes_executor.py
[2026-06-02T06:13:46.362+0000] {logging_mixin.py:188} INFO - [2026-06-02T06:13:46.362+0000] {dag.py:3096} INFO - Sync 1 DAGs
[2026-06-02T06:13:46.372+0000] {logging_mixin.py:188} INFO - [2026-06-02T06:13:46.372+0000] {dag.py:3954} INFO - Setting next_dagrun for example_local_kubernetes_executor to None, run_after=None
[2026-06-02T06:13:46.399+0000] {processor.py:183} INFO - Processing /home/airflow/.local/lib/python3.11/site-packages/airflow/example_dags/example_local_kubernetes_executor.py took 0.081 seconds
[2026-06-02T06:14:17.282+0000] {processor.py:161} INFO - Started process (PID=7355) to work on /home/airflow/.local/lib/python3.11/site-packages/airflow/example_dags/example_local_kubernetes_executor.py
[2026-06-02T06:14:17.283+0000] {processor.py:830} INFO - Processing file /home/airflow/.local/lib/python3.11/site-packages/airflow/example_dags/example_local_kubernetes_executor.py for tasks to queue
[2026-06-02T06:14:17.286+0000] {logging_mixin.py:188} INFO - [2026-06-02T06:14:17.285+0000] {dagbag.py:545} INFO - Filling up the DagBag from /home/airflow/.local/lib/python3.11/site-packages/airflow/example_dags/example_local_kubernetes_executor.py
[2026-06-02T06:14:17.295+0000] {processor.py:840} INFO - DAG(s) 'example_local_kubernetes_executor' retrieved from /home/airflow/.local/lib/python3.11/site-packages/airflow/example_dags/example_local_kubernetes_executor.py
[2026-06-02T06:14:17.332+0000] {logging_mixin.py:188} INFO - [2026-06-02T06:14:17.332+0000] {dag.py:3096} INFO - Sync 1 DAGs
[2026-06-02T06:14:17.344+0000] {logging_mixin.py:188} INFO - [2026-06-02T06:14:17.344+0000] {dag.py:3954} INFO - Setting next_dagrun for example_local_kubernetes_executor to None, run_after=None
[2026-06-02T06:14:17.374+0000] {processor.py:183} INFO - Processing /home/airflow/.local/lib/python3.11/site-packages/airflow/example_dags/example_local_kubernetes_executor.py took 0.100 seconds
[2026-06-02T06:14:47.525+0000] {processor.py:161} INFO - Started process (PID=7631) to work on /home/airflow/.local/lib/python3.11/site-packages/airflow/example_dags/example_local_kubernetes_executor.py
[2026-06-02T06:14:47.527+0000] {processor.py:830} INFO - Processing file /home/airflow/.local/lib/python3.11/site-packages/airflow/example_dags/example_local_kubernetes_executor.py for tasks to queue
[2026-06-02T06:14:47.530+0000] {logging_mixin.py:188} INFO - [2026-06-02T06:14:47.530+0000] {dagbag.py:545} INFO - Filling up the DagBag from /home/airflow/.local/lib/python3.11/site-packages/airflow/example_dags/example_local_kubernetes_executor.py
[2026-06-02T06:14:47.540+0000] {processor.py:840} INFO - DAG(s) 'example_local_kubernetes_executor' retrieved from /home/airflow/.local/lib/python3.11/site-packages/airflow/example_dags/example_local_kubernetes_executor.py
[2026-06-02T06:14:47.594+0000] {logging_mixin.py:188} INFO - [2026-06-02T06:14:47.594+0000] {dag.py:3096} INFO - Sync 1 DAGs
[2026-06-02T06:14:47.608+0000] {logging_mixin.py:188} INFO - [2026-06-02T06:14:47.607+0000] {dag.py:3954} INFO - Setting next_dagrun for example_local_kubernetes_executor to None, run_after=None
[2026-06-02T06:14:47.639+0000] {processor.py:183} INFO - Processing /home/airflow/.local/lib/python3.11/site-packages/airflow/example_dags/example_local_kubernetes_executor.py took 0.123 seconds
[2026-06-02T06:15:18.961+0000] {processor.py:161} INFO - Started process (PID=7907) to work on /home/airflow/.local/lib/python3.11/site-packages/airflow/example_dags/example_local_kubernetes_executor.py
[2026-06-02T06:15:18.963+0000] {processor.py:830} INFO - Processing file /home/airflow/.local/lib/python3.11/site-packages/airflow/example_dags/example_local_kubernetes_executor.py for tasks to queue
[2026-06-02T06:15:18.966+0000] {logging_mixin.py:188} INFO - [2026-06-02T06:15:18.965+0000] {dagbag.py:545} INFO - Filling up the DagBag from /home/airflow/.local/lib/python3.11/site-packages/airflow/example_dags/example_local_kubernetes_executor.py
[2026-06-02T06:15:18.972+0000] {processor.py:840} INFO - DAG(s) 'example_local_kubernetes_executor' retrieved from /home/airflow/.local/lib/python3.11/site-packages/airflow/example_dags/example_local_kubernetes_executor.py
[2026-06-02T06:15:19.008+0000] {logging_mixin.py:188} INFO - [2026-06-02T06:15:19.008+0000] {dag.py:3096} INFO - Sync 1 DAGs
[2026-06-02T06:15:19.023+0000] {logging_mixin.py:188} INFO - [2026-06-02T06:15:19.023+0000] {dag.py:3954} INFO - Setting next_dagrun for example_local_kubernetes_executor to None, run_after=None
[2026-06-02T06:15:19.043+0000] {processor.py:183} INFO - Processing /home/airflow/.local/lib/python3.11/site-packages/airflow/example_dags/example_local_kubernetes_executor.py took 0.088 seconds
[2026-06-02T06:15:50.211+0000] {processor.py:161} INFO - Started process (PID=8183) to work on /home/airflow/.local/lib/python3.11/site-packages/airflow/example_dags/example_local_kubernetes_executor.py
[2026-06-02T06:15:50.212+0000] {processor.py:830} INFO - Processing file /home/airflow/.local/lib/python3.11/site-packages/airflow/example_dags/example_local_kubernetes_executor.py for tasks to queue
[2026-06-02T06:15:50.214+0000] {logging_mixin.py:188} INFO - [2026-06-02T06:15:50.214+0000] {dagbag.py:545} INFO - Filling up the DagBag from /home/airflow/.local/lib/python3.11/site-packages/airflow/example_dags/example_local_kubernetes_executor.py
[2026-06-02T06:15:50.222+0000] {processor.py:840} INFO - DAG(s) 'example_local_kubernetes_executor' retrieved from /home/airflow/.local/lib/python3.11/site-packages/airflow/example_dags/example_local_kubernetes_executor.py
[2026-06-02T06:15:50.257+0000] {logging_mixin.py:188} INFO - [2026-06-02T06:15:50.257+0000] {dag.py:3096} INFO - Sync 1 DAGs
[2026-06-02T06:15:50.271+0000] {logging_mixin.py:188} INFO - [2026-06-02T06:15:50.270+0000] {dag.py:3954} INFO - Setting next_dagrun for example_local_kubernetes_executor to None, run_after=None
[2026-06-02T06:15:50.302+0000] {processor.py:183} INFO - Processing /home/airflow/.local/lib/python3.11/site-packages/airflow/example_dags/example_local_kubernetes_executor.py took 0.097 seconds
[2026-06-02T06:16:20.757+0000] {processor.py:161} INFO - Started process (PID=8445) to work on /home/airflow/.local/lib/python3.11/site-packages/airflow/example_dags/example_local_kubernetes_executor.py
[2026-06-02T06:16:20.758+0000] {processor.py:830} INFO - Processing file /home/airflow/.local/lib/python3.11/site-packages/airflow/example_dags/example_local_kubernetes_executor.py for tasks to queue
[2026-06-02T06:16:20.760+0000] {logging_mixin.py:188} INFO - [2026-06-02T06:16:20.760+0000] {dagbag.py:545} INFO - Filling up the DagBag from /home/airflow/.local/lib/python3.11/site-packages/airflow/example_dags/example_local_kubernetes_executor.py
[2026-06-02T06:16:20.767+0000] {processor.py:840} INFO - DAG(s) 'example_local_kubernetes_executor' retrieved from /home/airflow/.local/lib/python3.11/site-packages/airflow/example_dags/example_local_kubernetes_executor.py
[2026-06-02T06:16:20.801+0000] {logging_mixin.py:188} INFO - [2026-06-02T06:16:20.800+0000] {dag.py:3096} INFO - Sync 1 DAGs
[2026-06-02T06:16:20.813+0000] {logging_mixin.py:188} INFO - [2026-06-02T06:16:20.813+0000] {dag.py:3954} INFO - Setting next_dagrun for example_local_kubernetes_executor to None, run_after=None
[2026-06-02T06:16:20.832+0000] {processor.py:183} INFO - Processing /home/airflow/.local/lib/python3.11/site-packages/airflow/example_dags/example_local_kubernetes_executor.py took 0.081 seconds
[2026-06-02T06:16:50.979+0000] {processor.py:161} INFO - Started process (PID=8721) to work on /home/airflow/.local/lib/python3.11/site-packages/airflow/example_dags/example_local_kubernetes_executor.py
[2026-06-02T06:16:50.980+0000] {processor.py:830} INFO - Processing file /home/airflow/.local/lib/python3.11/site-packages/airflow/example_dags/example_local_kubernetes_executor.py for tasks to queue
[2026-06-02T06:16:50.982+0000] {logging_mixin.py:188} INFO - [2026-06-02T06:16:50.982+0000] {dagbag.py:545} INFO - Filling up the DagBag from /home/airflow/.local/lib/python3.11/site-packages/airflow/example_dags/example_local_kubernetes_executor.py
[2026-06-02T06:16:50.988+0000] {processor.py:840} INFO - DAG(s) 'example_local_kubernetes_executor' retrieved from /home/airflow/.local/lib/python3.11/site-packages/airflow/example_dags/example_local_kubernetes_executor.py
[2026-06-02T06:16:51.020+0000] {logging_mixin.py:188} INFO - [2026-06-02T06:16:51.019+0000] {dag.py:3096} INFO - Sync 1 DAGs
[2026-06-02T06:16:51.032+0000] {logging_mixin.py:188} INFO - [2026-06-02T06:16:51.032+0000] {dag.py:3954} INFO - Setting next_dagrun for example_local_kubernetes_executor to None, run_after=None
[2026-06-02T06:16:51.050+0000] {processor.py:183} INFO - Processing /home/airflow/.local/lib/python3.11/site-packages/airflow/example_dags/example_local_kubernetes_executor.py took 0.076 seconds
[2026-06-02T06:17:21.187+0000] {processor.py:161} INFO - Started process (PID=8997) to work on /home/airflow/.local/lib/python3.11/site-packages/airflow/example_dags/example_local_kubernetes_executor.py
[2026-06-02T06:17:21.188+0000] {processor.py:830} INFO - Processing file /home/airflow/.local/lib/python3.11/site-packages/airflow/example_dags/example_local_kubernetes_executor.py for tasks to queue
[2026-06-02T06:17:21.190+0000] {logging_mixin.py:188} INFO - [2026-06-02T06:17:21.190+0000] {dagbag.py:545} INFO - Filling up the DagBag from /home/airflow/.local/lib/python3.11/site-packages/airflow/example_dags/example_local_kubernetes_executor.py
[2026-06-02T06:17:21.197+0000] {processor.py:840} INFO - DAG(s) 'example_local_kubernetes_executor' retrieved from /home/airflow/.local/lib/python3.11/site-packages/airflow/example_dags/example_local_kubernetes_executor.py
[2026-06-02T06:17:21.231+0000] {logging_mixin.py:188} INFO - [2026-06-02T06:17:21.230+0000] {dag.py:3096} INFO - Sync 1 DAGs
[2026-06-02T06:17:21.242+0000] {logging_mixin.py:188} INFO - [2026-06-02T06:17:21.242+0000] {dag.py:3954} INFO - Setting next_dagrun for example_local_kubernetes_executor to None, run_after=None
[2026-06-02T06:17:21.269+0000] {processor.py:183} INFO - Processing /home/airflow/.local/lib/python3.11/site-packages/airflow/example_dags/example_local_kubernetes_executor.py took 0.087 seconds
[2026-06-02T06:17:51.717+0000] {processor.py:161} INFO - Started process (PID=9273) to work on /home/airflow/.local/lib/python3.11/site-packages/airflow/example_dags/example_local_kubernetes_executor.py
[2026-06-02T06:17:51.718+0000] {processor.py:830} INFO - Processing file /home/airflow/.local/lib/python3.11/site-packages/airflow/example_dags/example_local_kubernetes_executor.py for tasks to queue
[2026-06-02T06:17:51.719+0000] {logging_mixin.py:188} INFO - [2026-06-02T06:17:51.719+0000] {dagbag.py:545} INFO - Filling up the DagBag from /home/airflow/.local/lib/python3.11/site-packages/airflow/example_dags/example_local_kubernetes_executor.py
[2026-06-02T06:17:51.727+0000] {processor.py:840} INFO - DAG(s) 'example_local_kubernetes_executor' retrieved from /home/airflow/.local/lib/python3.11/site-packages/airflow/example_dags/example_local_kubernetes_executor.py
[2026-06-02T06:17:51.760+0000] {logging_mixin.py:188} INFO - [2026-06-02T06:17:51.760+0000] {dag.py:3096} INFO - Sync 1 DAGs
[2026-06-02T06:17:51.774+0000] {logging_mixin.py:188} INFO - [2026-06-02T06:17:51.773+0000] {dag.py:3954} INFO - Setting next_dagrun for example_local_kubernetes_executor to None, run_after=None
[2026-06-02T06:17:51.790+0000] {processor.py:183} INFO - Processing /home/airflow/.local/lib/python3.11/site-packages/airflow/example_dags/example_local_kubernetes_executor.py took 0.079 seconds
[2026-06-02T06:18:21.985+0000] {processor.py:161} INFO - Started process (PID=9550) to work on /home/airflow/.local/lib/python3.11/site-packages/airflow/example_dags/example_local_kubernetes_executor.py
[2026-06-02T06:18:21.987+0000] {processor.py:830} INFO - Processing file /home/airflow/.local/lib/python3.11/site-packages/airflow/example_dags/example_local_kubernetes_executor.py for tasks to queue
[2026-06-02T06:18:21.989+0000] {logging_mixin.py:188} INFO - [2026-06-02T06:18:21.989+0000] {dagbag.py:545} INFO - Filling up the DagBag from /home/airflow/.local/lib/python3.11/site-packages/airflow/example_dags/example_local_kubernetes_executor.py
[2026-06-02T06:18:21.995+0000] {processor.py:840} INFO - DAG(s) 'example_local_kubernetes_executor' retrieved from /home/airflow/.local/lib/python3.11/site-packages/airflow/example_dags/example_local_kubernetes_executor.py
[2026-06-02T06:18:22.028+0000] {logging_mixin.py:188} INFO - [2026-06-02T06:18:22.028+0000] {dag.py:3096} INFO - Sync 1 DAGs
[2026-06-02T06:18:22.040+0000] {logging_mixin.py:188} INFO - [2026-06-02T06:18:22.040+0000] {dag.py:3954} INFO - Setting next_dagrun for example_local_kubernetes_executor to None, run_after=None
[2026-06-02T06:18:22.056+0000] {processor.py:183} INFO - Processing /home/airflow/.local/lib/python3.11/site-packages/airflow/example_dags/example_local_kubernetes_executor.py took 0.076 seconds
[2026-06-02T06:18:52.636+0000] {processor.py:161} INFO - Started process (PID=9826) to work on /home/airflow/.local/lib/python3.11/site-packages/airflow/example_dags/example_local_kubernetes_executor.py
[2026-06-02T06:18:52.637+0000] {processor.py:830} INFO - Processing file /home/airflow/.local/lib/python3.11/site-packages/airflow/example_dags/example_local_kubernetes_executor.py for tasks to queue
[2026-06-02T06:18:52.639+0000] {logging_mixin.py:188} INFO - [2026-06-02T06:18:52.639+0000] {dagbag.py:545} INFO - Filling up the DagBag from /home/airflow/.local/lib/python3.11/site-packages/airflow/example_dags/example_local_kubernetes_executor.py
[2026-06-02T06:18:52.646+0000] {processor.py:840} INFO - DAG(s) 'example_local_kubernetes_executor' retrieved from /home/airflow/.local/lib/python3.11/site-packages/airflow/example_dags/example_local_kubernetes_executor.py
[2026-06-02T06:18:52.681+0000] {logging_mixin.py:188} INFO - [2026-06-02T06:18:52.681+0000] {dag.py:3096} INFO - Sync 1 DAGs
[2026-06-02T06:18:52.692+0000] {logging_mixin.py:188} INFO - [2026-06-02T06:18:52.692+0000] {dag.py:3954} INFO - Setting next_dagrun for example_local_kubernetes_executor to None, run_after=None
[2026-06-02T06:18:52.721+0000] {processor.py:183} INFO - Processing /home/airflow/.local/lib/python3.11/site-packages/airflow/example_dags/example_local_kubernetes_executor.py took 0.091 seconds
[2026-06-02T06:19:23.668+0000] {processor.py:161} INFO - Started process (PID=10102) to work on /home/airflow/.local/lib/python3.11/site-packages/airflow/example_dags/example_local_kubernetes_executor.py
[2026-06-02T06:19:23.669+0000] {processor.py:830} INFO - Processing file /home/airflow/.local/lib/python3.11/site-packages/airflow/example_dags/example_local_kubernetes_executor.py for tasks to queue
[2026-06-02T06:19:23.670+0000] {logging_mixin.py:188} INFO - [2026-06-02T06:19:23.670+0000] {dagbag.py:545} INFO - Filling up the DagBag from /home/airflow/.local/lib/python3.11/site-packages/airflow/example_dags/example_local_kubernetes_executor.py
[2026-06-02T06:19:23.678+0000] {processor.py:840} INFO - DAG(s) 'example_local_kubernetes_executor' retrieved from /home/airflow/.local/lib/python3.11/site-packages/airflow/example_dags/example_local_kubernetes_executor.py
[2026-06-02T06:19:23.709+0000] {logging_mixin.py:188} INFO - [2026-06-02T06:19:23.709+0000] {dag.py:3096} INFO - Sync 1 DAGs
[2026-06-02T06:19:23.719+0000] {logging_mixin.py:188} INFO - [2026-06-02T06:19:23.719+0000] {dag.py:3954} INFO - Setting next_dagrun for example_local_kubernetes_executor to None, run_after=None
[2026-06-02T06:19:23.737+0000] {processor.py:183} INFO - Processing /home/airflow/.local/lib/python3.11/site-packages/airflow/example_dags/example_local_kubernetes_executor.py took 0.074 seconds
[2026-06-02T06:19:54.045+0000] {processor.py:161} INFO - Started process (PID=10378) to work on /home/airflow/.local/lib/python3.11/site-packages/airflow/example_dags/example_local_kubernetes_executor.py
[2026-06-02T06:19:54.046+0000] {processor.py:830} INFO - Processing file /home/airflow/.local/lib/python3.11/site-packages/airflow/example_dags/example_local_kubernetes_executor.py for tasks to queue
[2026-06-02T06:19:54.049+0000] {logging_mixin.py:188} INFO - [2026-06-02T06:19:54.049+0000] {dagbag.py:545} INFO - Filling up the DagBag from /home/airflow/.local/lib/python3.11/site-packages/airflow/example_dags/example_local_kubernetes_executor.py
[2026-06-02T06:19:54.057+0000] {processor.py:840} INFO - DAG(s) 'example_local_kubernetes_executor' retrieved from /home/airflow/.local/lib/python3.11/site-packages/airflow/example_dags/example_local_kubernetes_executor.py
[2026-06-02T06:19:54.092+0000] {logging_mixin.py:188} INFO - [2026-06-02T06:19:54.092+0000] {dag.py:3096} INFO - Sync 1 DAGs
[2026-06-02T06:19:54.102+0000] {logging_mixin.py:188} INFO - [2026-06-02T06:19:54.102+0000] {dag.py:3954} INFO - Setting next_dagrun for example_local_kubernetes_executor to None, run_after=None
[2026-06-02T06:19:54.133+0000] {processor.py:183} INFO - Processing /home/airflow/.local/lib/python3.11/site-packages/airflow/example_dags/example_local_kubernetes_executor.py took 0.095 seconds
[2026-06-02T06:20:24.288+0000] {processor.py:161} INFO - Started process (PID=10654) to work on /home/airflow/.local/lib/python3.11/site-packages/airflow/example_dags/example_local_kubernetes_executor.py
[2026-06-02T06:20:24.290+0000] {processor.py:830} INFO - Processing file /home/airflow/.local/lib/python3.11/site-packages/airflow/example_dags/example_local_kubernetes_executor.py for tasks to queue
[2026-06-02T06:20:24.292+0000] {logging_mixin.py:188} INFO - [2026-06-02T06:20:24.292+0000] {dagbag.py:545} INFO - Filling up the DagBag from /home/airflow/.local/lib/python3.11/site-packages/airflow/example_dags/example_local_kubernetes_executor.py
[2026-06-02T06:20:24.300+0000] {processor.py:840} INFO - DAG(s) 'example_local_kubernetes_executor' retrieved from /home/airflow/.local/lib/python3.11/site-packages/airflow/example_dags/example_local_kubernetes_executor.py
[2026-06-02T06:20:24.340+0000] {logging_mixin.py:188} INFO - [2026-06-02T06:20:24.340+0000] {dag.py:3096} INFO - Sync 1 DAGs
[2026-06-02T06:20:24.352+0000] {logging_mixin.py:188} INFO - [2026-06-02T06:20:24.352+0000] {dag.py:3954} INFO - Setting next_dagrun for example_local_kubernetes_executor to None, run_after=None
[2026-06-02T06:20:24.384+0000] {processor.py:183} INFO - Processing /home/airflow/.local/lib/python3.11/site-packages/airflow/example_dags/example_local_kubernetes_executor.py took 0.102 seconds
[2026-06-02T06:20:55.037+0000] {processor.py:161} INFO - Started process (PID=10930) to work on /home/airflow/.local/lib/python3.11/site-packages/airflow/example_dags/example_local_kubernetes_executor.py
[2026-06-02T06:20:55.038+0000] {processor.py:830} INFO - Processing file /home/airflow/.local/lib/python3.11/site-packages/airflow/example_dags/example_local_kubernetes_executor.py for tasks to queue
[2026-06-02T06:20:55.040+0000] {logging_mixin.py:188} INFO - [2026-06-02T06:20:55.039+0000] {dagbag.py:545} INFO - Filling up the DagBag from /home/airflow/.local/lib/python3.11/site-packages/airflow/example_dags/example_local_kubernetes_executor.py
[2026-06-02T06:20:55.046+0000] {processor.py:840} INFO - DAG(s) 'example_local_kubernetes_executor' retrieved from /home/airflow/.local/lib/python3.11/site-packages/airflow/example_dags/example_local_kubernetes_executor.py
[2026-06-02T06:20:55.077+0000] {logging_mixin.py:188} INFO - [2026-06-02T06:20:55.077+0000] {dag.py:3096} INFO - Sync 1 DAGs
[2026-06-02T06:20:55.088+0000] {logging_mixin.py:188} INFO - [2026-06-02T06:20:55.088+0000] {dag.py:3954} INFO - Setting next_dagrun for example_local_kubernetes_executor to None, run_after=None
[2026-06-02T06:20:55.105+0000] {processor.py:183} INFO - Processing /home/airflow/.local/lib/python3.11/site-packages/airflow/example_dags/example_local_kubernetes_executor.py took 0.074 seconds
[2026-06-02T06:21:25.293+0000] {processor.py:161} INFO - Started process (PID=11206) to work on /home/airflow/.local/lib/python3.11/site-packages/airflow/example_dags/example_local_kubernetes_executor.py
[2026-06-02T06:21:25.294+0000] {processor.py:830} INFO - Processing file /home/airflow/.local/lib/python3.11/site-packages/airflow/example_dags/example_local_kubernetes_executor.py for tasks to queue
[2026-06-02T06:21:25.296+0000] {logging_mixin.py:188} INFO - [2026-06-02T06:21:25.296+0000] {dagbag.py:545} INFO - Filling up the DagBag from /home/airflow/.local/lib/python3.11/site-packages/airflow/example_dags/example_local_kubernetes_executor.py
[2026-06-02T06:21:25.303+0000] {processor.py:840} INFO - DAG(s) 'example_local_kubernetes_executor' retrieved from /home/airflow/.local/lib/python3.11/site-packages/airflow/example_dags/example_local_kubernetes_executor.py
[2026-06-02T06:21:25.337+0000] {logging_mixin.py:188} INFO - [2026-06-02T06:21:25.337+0000] {dag.py:3096} INFO - Sync 1 DAGs
[2026-06-02T06:21:25.347+0000] {logging_mixin.py:188} INFO - [2026-06-02T06:21:25.347+0000] {dag.py:3954} INFO - Setting next_dagrun for example_local_kubernetes_executor to None, run_after=None
[2026-06-02T06:21:25.368+0000] {processor.py:183} INFO - Processing /home/airflow/.local/lib/python3.11/site-packages/airflow/example_dags/example_local_kubernetes_executor.py took 0.081 seconds
[2026-06-02T06:21:55.635+0000] {processor.py:161} INFO - Started process (PID=11482) to work on /home/airflow/.local/lib/python3.11/site-packages/airflow/example_dags/example_local_kubernetes_executor.py
[2026-06-02T06:21:55.636+0000] {processor.py:830} INFO - Processing file /home/airflow/.local/lib/python3.11/site-packages/airflow/example_dags/example_local_kubernetes_executor.py for tasks to queue
[2026-06-02T06:21:55.638+0000] {logging_mixin.py:188} INFO - [2026-06-02T06:21:55.638+0000] {dagbag.py:545} INFO - Filling up the DagBag from /home/airflow/.local/lib/python3.11/site-packages/airflow/example_dags/example_local_kubernetes_executor.py
[2026-06-02T06:21:55.644+0000] {processor.py:840} INFO - DAG(s) 'example_local_kubernetes_executor' retrieved from /home/airflow/.local/lib/python3.11/site-packages/airflow/example_dags/example_local_kubernetes_executor.py
[2026-06-02T06:21:55.678+0000] {logging_mixin.py:188} INFO - [2026-06-02T06:21:55.678+0000] {dag.py:3096} INFO - Sync 1 DAGs
[2026-06-02T06:21:55.693+0000] {logging_mixin.py:188} INFO - [2026-06-02T06:21:55.693+0000] {dag.py:3954} INFO - Setting next_dagrun for example_local_kubernetes_executor to None, run_after=None
[2026-06-02T06:21:55.723+0000] {processor.py:183} INFO - Processing /home/airflow/.local/lib/python3.11/site-packages/airflow/example_dags/example_local_kubernetes_executor.py took 0.094 seconds
[2026-06-02T06:22:25.853+0000] {processor.py:161} INFO - Started process (PID=11758) to work on /home/airflow/.local/lib/python3.11/site-packages/airflow/example_dags/example_local_kubernetes_executor.py
[2026-06-02T06:22:25.854+0000] {processor.py:830} INFO - Processing file /home/airflow/.local/lib/python3.11/site-packages/airflow/example_dags/example_local_kubernetes_executor.py for tasks to queue
[2026-06-02T06:22:25.855+0000] {logging_mixin.py:188} INFO - [2026-06-02T06:22:25.855+0000] {dagbag.py:545} INFO - Filling up the DagBag from /home/airflow/.local/lib/python3.11/site-packages/airflow/example_dags/example_local_kubernetes_executor.py
[2026-06-02T06:22:25.863+0000] {processor.py:840} INFO - DAG(s) 'example_local_kubernetes_executor' retrieved from /home/airflow/.local/lib/python3.11/site-packages/airflow/example_dags/example_local_kubernetes_executor.py
[2026-06-02T06:22:25.893+0000] {logging_mixin.py:188} INFO - [2026-06-02T06:22:25.893+0000] {dag.py:3096} INFO - Sync 1 DAGs
[2026-06-02T06:22:25.907+0000] {logging_mixin.py:188} INFO - [2026-06-02T06:22:25.906+0000] {dag.py:3954} INFO - Setting next_dagrun for example_local_kubernetes_executor to None, run_after=None
[2026-06-02T06:22:25.936+0000] {processor.py:183} INFO - Processing /home/airflow/.local/lib/python3.11/site-packages/airflow/example_dags/example_local_kubernetes_executor.py took 0.090 seconds
[2026-06-02T06:22:56.605+0000] {processor.py:161} INFO - Started process (PID=12034) to work on /home/airflow/.local/lib/python3.11/site-packages/airflow/example_dags/example_local_kubernetes_executor.py
[2026-06-02T06:22:56.606+0000] {processor.py:830} INFO - Processing file /home/airflow/.local/lib/python3.11/site-packages/airflow/example_dags/example_local_kubernetes_executor.py for tasks to queue
[2026-06-02T06:22:56.607+0000] {logging_mixin.py:188} INFO - [2026-06-02T06:22:56.607+0000] {dagbag.py:545} INFO - Filling up the DagBag from /home/airflow/.local/lib/python3.11/site-packages/airflow/example_dags/example_local_kubernetes_executor.py
[2026-06-02T06:22:56.614+0000] {processor.py:840} INFO - DAG(s) 'example_local_kubernetes_executor' retrieved from /home/airflow/.local/lib/python3.11/site-packages/airflow/example_dags/example_local_kubernetes_executor.py
[2026-06-02T06:22:56.652+0000] {logging_mixin.py:188} INFO - [2026-06-02T06:22:56.652+0000] {dag.py:3096} INFO - Sync 1 DAGs
[2026-06-02T06:22:56.665+0000] {logging_mixin.py:188} INFO - [2026-06-02T06:22:56.665+0000] {dag.py:3954} INFO - Setting next_dagrun for example_local_kubernetes_executor to None, run_after=None
[2026-06-02T06:22:56.696+0000] {processor.py:183} INFO - Processing /home/airflow/.local/lib/python3.11/site-packages/airflow/example_dags/example_local_kubernetes_executor.py took 0.097 seconds
[2026-06-02T06:23:27.120+0000] {processor.py:161} INFO - Started process (PID=12310) to work on /home/airflow/.local/lib/python3.11/site-packages/airflow/example_dags/example_local_kubernetes_executor.py
[2026-06-02T06:23:27.122+0000] {processor.py:830} INFO - Processing file /home/airflow/.local/lib/python3.11/site-packages/airflow/example_dags/example_local_kubernetes_executor.py for tasks to queue
[2026-06-02T06:23:27.123+0000] {logging_mixin.py:188} INFO - [2026-06-02T06:23:27.123+0000] {dagbag.py:545} INFO - Filling up the DagBag from /home/airflow/.local/lib/python3.11/site-packages/airflow/example_dags/example_local_kubernetes_executor.py
[2026-06-02T06:23:27.130+0000] {processor.py:840} INFO - DAG(s) 'example_local_kubernetes_executor' retrieved from /home/airflow/.local/lib/python3.11/site-packages/airflow/example_dags/example_local_kubernetes_executor.py
[2026-06-02T06:23:27.161+0000] {logging_mixin.py:188} INFO - [2026-06-02T06:23:27.161+0000] {dag.py:3096} INFO - Sync 1 DAGs
[2026-06-02T06:23:27.172+0000] {logging_mixin.py:188} INFO - [2026-06-02T06:23:27.172+0000] {dag.py:3954} INFO - Setting next_dagrun for example_local_kubernetes_executor to None, run_after=None
[2026-06-02T06:23:27.202+0000] {processor.py:183} INFO - Processing /home/airflow/.local/lib/python3.11/site-packages/airflow/example_dags/example_local_kubernetes_executor.py took 0.087 seconds
[2026-06-02T06:23:57.605+0000] {processor.py:161} INFO - Started process (PID=12587) to work on /home/airflow/.local/lib/python3.11/site-packages/airflow/example_dags/example_local_kubernetes_executor.py
[2026-06-02T06:23:57.606+0000] {processor.py:830} INFO - Processing file /home/airflow/.local/lib/python3.11/site-packages/airflow/example_dags/example_local_kubernetes_executor.py for tasks to queue
[2026-06-02T06:23:57.607+0000] {logging_mixin.py:188} INFO - [2026-06-02T06:23:57.607+0000] {dagbag.py:545} INFO - Filling up the DagBag from /home/airflow/.local/lib/python3.11/site-packages/airflow/example_dags/example_local_kubernetes_executor.py
[2026-06-02T06:23:57.616+0000] {processor.py:840} INFO - DAG(s) 'example_local_kubernetes_executor' retrieved from /home/airflow/.local/lib/python3.11/site-packages/airflow/example_dags/example_local_kubernetes_executor.py
[2026-06-02T06:23:57.651+0000] {logging_mixin.py:188} INFO - [2026-06-02T06:23:57.651+0000] {dag.py:3096} INFO - Sync 1 DAGs
[2026-06-02T06:23:57.665+0000] {logging_mixin.py:188} INFO - [2026-06-02T06:23:57.664+0000] {dag.py:3954} INFO - Setting next_dagrun for example_local_kubernetes_executor to None, run_after=None
[2026-06-02T06:23:57.694+0000] {processor.py:183} INFO - Processing /home/airflow/.local/lib/python3.11/site-packages/airflow/example_dags/example_local_kubernetes_executor.py took 0.097 seconds
[2026-06-02T06:24:27.869+0000] {processor.py:161} INFO - Started process (PID=12863) to work on /home/airflow/.local/lib/python3.11/site-packages/airflow/example_dags/example_local_kubernetes_executor.py
[2026-06-02T06:24:27.871+0000] {processor.py:830} INFO - Processing file /home/airflow/.local/lib/python3.11/site-packages/airflow/example_dags/example_local_kubernetes_executor.py for tasks to queue
[2026-06-02T06:24:27.873+0000] {logging_mixin.py:188} INFO - [2026-06-02T06:24:27.873+0000] {dagbag.py:545} INFO - Filling up the DagBag from /home/airflow/.local/lib/python3.11/site-packages/airflow/example_dags/example_local_kubernetes_executor.py
[2026-06-02T06:24:27.882+0000] {processor.py:840} INFO - DAG(s) 'example_local_kubernetes_executor' retrieved from /home/airflow/.local/lib/python3.11/site-packages/airflow/example_dags/example_local_kubernetes_executor.py
[2026-06-02T06:24:27.937+0000] {logging_mixin.py:188} INFO - [2026-06-02T06:24:27.937+0000] {dag.py:3096} INFO - Sync 1 DAGs
[2026-06-02T06:24:27.956+0000] {logging_mixin.py:188} INFO - [2026-06-02T06:24:27.956+0000] {dag.py:3954} INFO - Setting next_dagrun for example_local_kubernetes_executor to None, run_after=None
[2026-06-02T06:24:27.992+0000] {processor.py:183} INFO - Processing /home/airflow/.local/lib/python3.11/site-packages/airflow/example_dags/example_local_kubernetes_executor.py took 0.129 seconds
[2026-06-02T06:24:58.251+0000] {processor.py:161} INFO - Started process (PID=13139) to work on /home/airflow/.local/lib/python3.11/site-packages/airflow/example_dags/example_local_kubernetes_executor.py
[2026-06-02T06:24:58.252+0000] {processor.py:830} INFO - Processing file /home/airflow/.local/lib/python3.11/site-packages/airflow/example_dags/example_local_kubernetes_executor.py for tasks to queue
[2026-06-02T06:24:58.253+0000] {logging_mixin.py:188} INFO - [2026-06-02T06:24:58.253+0000] {dagbag.py:545} INFO - Filling up the DagBag from /home/airflow/.local/lib/python3.11/site-packages/airflow/example_dags/example_local_kubernetes_executor.py
[2026-06-02T06:24:58.260+0000] {processor.py:840} INFO - DAG(s) 'example_local_kubernetes_executor' retrieved from /home/airflow/.local/lib/python3.11/site-packages/airflow/example_dags/example_local_kubernetes_executor.py
[2026-06-02T06:24:58.290+0000] {logging_mixin.py:188} INFO - [2026-06-02T06:24:58.290+0000] {dag.py:3096} INFO - Sync 1 DAGs
[2026-06-02T06:24:58.304+0000] {logging_mixin.py:188} INFO - [2026-06-02T06:24:58.303+0000] {dag.py:3954} INFO - Setting next_dagrun for example_local_kubernetes_executor to None, run_after=None
[2026-06-02T06:24:58.336+0000] {processor.py:183} INFO - Processing /home/airflow/.local/lib/python3.11/site-packages/airflow/example_dags/example_local_kubernetes_executor.py took 0.090 seconds
[2026-06-02T06:25:28.471+0000] {processor.py:161} INFO - Started process (PID=13415) to work on /home/airflow/.local/lib/python3.11/site-packages/airflow/example_dags/example_local_kubernetes_executor.py
[2026-06-02T06:25:28.473+0000] {processor.py:830} INFO - Processing file /home/airflow/.local/lib/python3.11/site-packages/airflow/example_dags/example_local_kubernetes_executor.py for tasks to queue
[2026-06-02T06:25:28.474+0000] {logging_mixin.py:188} INFO - [2026-06-02T06:25:28.474+0000] {dagbag.py:545} INFO - Filling up the DagBag from /home/airflow/.local/lib/python3.11/site-packages/airflow/example_dags/example_local_kubernetes_executor.py
[2026-06-02T06:25:28.482+0000] {processor.py:840} INFO - DAG(s) 'example_local_kubernetes_executor' retrieved from /home/airflow/.local/lib/python3.11/site-packages/airflow/example_dags/example_local_kubernetes_executor.py
[2026-06-02T06:25:28.516+0000] {logging_mixin.py:188} INFO - [2026-06-02T06:25:28.516+0000] {dag.py:3096} INFO - Sync 1 DAGs
[2026-06-02T06:25:28.526+0000] {logging_mixin.py:188} INFO - [2026-06-02T06:25:28.526+0000] {dag.py:3954} INFO - Setting next_dagrun for example_local_kubernetes_executor to None, run_after=None
[2026-06-02T06:25:28.554+0000] {processor.py:183} INFO - Processing /home/airflow/.local/lib/python3.11/site-packages/airflow/example_dags/example_local_kubernetes_executor.py took 0.088 seconds
[2026-06-02T06:25:58.689+0000] {processor.py:161} INFO - Started process (PID=13691) to work on /home/airflow/.local/lib/python3.11/site-packages/airflow/example_dags/example_local_kubernetes_executor.py
[2026-06-02T06:25:58.690+0000] {processor.py:830} INFO - Processing file /home/airflow/.local/lib/python3.11/site-packages/airflow/example_dags/example_local_kubernetes_executor.py for tasks to queue
[2026-06-02T06:25:58.692+0000] {logging_mixin.py:188} INFO - [2026-06-02T06:25:58.692+0000] {dagbag.py:545} INFO - Filling up the DagBag from /home/airflow/.local/lib/python3.11/site-packages/airflow/example_dags/example_local_kubernetes_executor.py
[2026-06-02T06:25:58.699+0000] {processor.py:840} INFO - DAG(s) 'example_local_kubernetes_executor' retrieved from /home/airflow/.local/lib/python3.11/site-packages/airflow/example_dags/example_local_kubernetes_executor.py
[2026-06-02T06:25:58.744+0000] {logging_mixin.py:188} INFO - [2026-06-02T06:25:58.743+0000] {dag.py:3096} INFO - Sync 1 DAGs
[2026-06-02T06:25:58.754+0000] {logging_mixin.py:188} INFO - [2026-06-02T06:25:58.754+0000] {dag.py:3954} INFO - Setting next_dagrun for example_local_kubernetes_executor to None, run_after=None
[2026-06-02T06:25:58.787+0000] {processor.py:183} INFO - Processing /home/airflow/.local/lib/python3.11/site-packages/airflow/example_dags/example_local_kubernetes_executor.py took 0.104 seconds
[2026-06-02T06:26:29.214+0000] {processor.py:161} INFO - Started process (PID=13967) to work on /home/airflow/.local/lib/python3.11/site-packages/airflow/example_dags/example_local_kubernetes_executor.py
[2026-06-02T06:26:29.215+0000] {processor.py:830} INFO - Processing file /home/airflow/.local/lib/python3.11/site-packages/airflow/example_dags/example_local_kubernetes_executor.py for tasks to queue
[2026-06-02T06:26:29.217+0000] {logging_mixin.py:188} INFO - [2026-06-02T06:26:29.216+0000] {dagbag.py:545} INFO - Filling up the DagBag from /home/airflow/.local/lib/python3.11/site-packages/airflow/example_dags/example_local_kubernetes_executor.py
[2026-06-02T06:26:29.222+0000] {processor.py:840} INFO - DAG(s) 'example_local_kubernetes_executor' retrieved from /home/airflow/.local/lib/python3.11/site-packages/airflow/example_dags/example_local_kubernetes_executor.py
[2026-06-02T06:26:29.259+0000] {logging_mixin.py:188} INFO - [2026-06-02T06:26:29.258+0000] {dag.py:3096} INFO - Sync 1 DAGs
[2026-06-02T06:26:29.269+0000] {logging_mixin.py:188} INFO - [2026-06-02T06:26:29.268+0000] {dag.py:3954} INFO - Setting next_dagrun for example_local_kubernetes_executor to None, run_after=None
[2026-06-02T06:26:29.296+0000] {processor.py:183} INFO - Processing /home/airflow/.local/lib/python3.11/site-packages/airflow/example_dags/example_local_kubernetes_executor.py took 0.088 seconds
[2026-06-02T06:26:59.377+0000] {processor.py:161} INFO - Started process (PID=14243) to work on /home/airflow/.local/lib/python3.11/site-packages/airflow/example_dags/example_local_kubernetes_executor.py
[2026-06-02T06:26:59.378+0000] {processor.py:830} INFO - Processing file /home/airflow/.local/lib/python3.11/site-packages/airflow/example_dags/example_local_kubernetes_executor.py for tasks to queue
[2026-06-02T06:26:59.380+0000] {logging_mixin.py:188} INFO - [2026-06-02T06:26:59.380+0000] {dagbag.py:545} INFO - Filling up the DagBag from /home/airflow/.local/lib/python3.11/site-packages/airflow/example_dags/example_local_kubernetes_executor.py
[2026-06-02T06:26:59.386+0000] {processor.py:840} INFO - DAG(s) 'example_local_kubernetes_executor' retrieved from /home/airflow/.local/lib/python3.11/site-packages/airflow/example_dags/example_local_kubernetes_executor.py
[2026-06-02T06:26:59.417+0000] {logging_mixin.py:188} INFO - [2026-06-02T06:26:59.417+0000] {dag.py:3096} INFO - Sync 1 DAGs
[2026-06-02T06:26:59.429+0000] {logging_mixin.py:188} INFO - [2026-06-02T06:26:59.429+0000] {dag.py:3954} INFO - Setting next_dagrun for example_local_kubernetes_executor to None, run_after=None
[2026-06-02T06:26:59.455+0000] {processor.py:183} INFO - Processing /home/airflow/.local/lib/python3.11/site-packages/airflow/example_dags/example_local_kubernetes_executor.py took 0.083 seconds
[2026-06-02T06:27:30.258+0000] {processor.py:161} INFO - Started process (PID=14519) to work on /home/airflow/.local/lib/python3.11/site-packages/airflow/example_dags/example_local_kubernetes_executor.py
[2026-06-02T06:27:30.259+0000] {processor.py:830} INFO - Processing file /home/airflow/.local/lib/python3.11/site-packages/airflow/example_dags/example_local_kubernetes_executor.py for tasks to queue
[2026-06-02T06:27:30.261+0000] {logging_mixin.py:188} INFO - [2026-06-02T06:27:30.261+0000] {dagbag.py:545} INFO - Filling up the DagBag from /home/airflow/.local/lib/python3.11/site-packages/airflow/example_dags/example_local_kubernetes_executor.py
[2026-06-02T06:27:30.268+0000] {processor.py:840} INFO - DAG(s) 'example_local_kubernetes_executor' retrieved from /home/airflow/.local/lib/python3.11/site-packages/airflow/example_dags/example_local_kubernetes_executor.py
[2026-06-02T06:27:30.303+0000] {logging_mixin.py:188} INFO - [2026-06-02T06:27:30.303+0000] {dag.py:3096} INFO - Sync 1 DAGs
[2026-06-02T06:27:30.314+0000] {logging_mixin.py:188} INFO - [2026-06-02T06:27:30.314+0000] {dag.py:3954} INFO - Setting next_dagrun for example_local_kubernetes_executor to None, run_after=None
[2026-06-02T06:27:30.342+0000] {processor.py:183} INFO - Processing /home/airflow/.local/lib/python3.11/site-packages/airflow/example_dags/example_local_kubernetes_executor.py took 0.089 seconds
[2026-06-02T06:28:00.467+0000] {processor.py:161} INFO - Started process (PID=14795) to work on /home/airflow/.local/lib/python3.11/site-packages/airflow/example_dags/example_local_kubernetes_executor.py
[2026-06-02T06:28:00.468+0000] {processor.py:830} INFO - Processing file /home/airflow/.local/lib/python3.11/site-packages/airflow/example_dags/example_local_kubernetes_executor.py for tasks to queue
[2026-06-02T06:28:00.470+0000] {logging_mixin.py:188} INFO - [2026-06-02T06:28:00.470+0000] {dagbag.py:545} INFO - Filling up the DagBag from /home/airflow/.local/lib/python3.11/site-packages/airflow/example_dags/example_local_kubernetes_executor.py
[2026-06-02T06:28:00.477+0000] {processor.py:840} INFO - DAG(s) 'example_local_kubernetes_executor' retrieved from /home/airflow/.local/lib/python3.11/site-packages/airflow/example_dags/example_local_kubernetes_executor.py
[2026-06-02T06:28:00.509+0000] {logging_mixin.py:188} INFO - [2026-06-02T06:28:00.509+0000] {dag.py:3096} INFO - Sync 1 DAGs
[2026-06-02T06:28:00.523+0000] {logging_mixin.py:188} INFO - [2026-06-02T06:28:00.523+0000] {dag.py:3954} INFO - Setting next_dagrun for example_local_kubernetes_executor to None, run_after=None
[2026-06-02T06:28:00.552+0000] {processor.py:183} INFO - Processing /home/airflow/.local/lib/python3.11/site-packages/airflow/example_dags/example_local_kubernetes_executor.py took 0.091 seconds
[2026-06-02T06:28:30.669+0000] {processor.py:161} INFO - Started process (PID=15071) to work on /home/airflow/.local/lib/python3.11/site-packages/airflow/example_dags/example_local_kubernetes_executor.py
[2026-06-02T06:28:30.670+0000] {processor.py:830} INFO - Processing file /home/airflow/.local/lib/python3.11/site-packages/airflow/example_dags/example_local_kubernetes_executor.py for tasks to queue
[2026-06-02T06:28:30.672+0000] {logging_mixin.py:188} INFO - [2026-06-02T06:28:30.671+0000] {dagbag.py:545} INFO - Filling up the DagBag from /home/airflow/.local/lib/python3.11/site-packages/airflow/example_dags/example_local_kubernetes_executor.py
[2026-06-02T06:28:30.679+0000] {processor.py:840} INFO - DAG(s) 'example_local_kubernetes_executor' retrieved from /home/airflow/.local/lib/python3.11/site-packages/airflow/example_dags/example_local_kubernetes_executor.py
[2026-06-02T06:28:30.710+0000] {logging_mixin.py:188} INFO - [2026-06-02T06:28:30.710+0000] {dag.py:3096} INFO - Sync 1 DAGs
[2026-06-02T06:28:30.720+0000] {logging_mixin.py:188} INFO - [2026-06-02T06:28:30.719+0000] {dag.py:3954} INFO - Setting next_dagrun for example_local_kubernetes_executor to None, run_after=None
[2026-06-02T06:28:30.749+0000] {processor.py:183} INFO - Processing /home/airflow/.local/lib/python3.11/site-packages/airflow/example_dags/example_local_kubernetes_executor.py took 0.086 seconds
[2026-06-02T06:29:01.007+0000] {processor.py:161} INFO - Started process (PID=15347) to work on /home/airflow/.local/lib/python3.11/site-packages/airflow/example_dags/example_local_kubernetes_executor.py
[2026-06-02T06:29:01.009+0000] {processor.py:830} INFO - Processing file /home/airflow/.local/lib/python3.11/site-packages/airflow/example_dags/example_local_kubernetes_executor.py for tasks to queue
[2026-06-02T06:29:01.011+0000] {logging_mixin.py:188} INFO - [2026-06-02T06:29:01.010+0000] {dagbag.py:545} INFO - Filling up the DagBag from /home/airflow/.local/lib/python3.11/site-packages/airflow/example_dags/example_local_kubernetes_executor.py
[2026-06-02T06:29:01.018+0000] {processor.py:840} INFO - DAG(s) 'example_local_kubernetes_executor' retrieved from /home/airflow/.local/lib/python3.11/site-packages/airflow/example_dags/example_local_kubernetes_executor.py
[2026-06-02T06:29:01.051+0000] {logging_mixin.py:188} INFO - [2026-06-02T06:29:01.051+0000] {dag.py:3096} INFO - Sync 1 DAGs
[2026-06-02T06:29:01.063+0000] {logging_mixin.py:188} INFO - [2026-06-02T06:29:01.063+0000] {dag.py:3954} INFO - Setting next_dagrun for example_local_kubernetes_executor to None, run_after=None
[2026-06-02T06:29:01.090+0000] {processor.py:183} INFO - Processing /home/airflow/.local/lib/python3.11/site-packages/airflow/example_dags/example_local_kubernetes_executor.py took 0.089 seconds
[2026-06-02T06:29:31.313+0000] {processor.py:161} INFO - Started process (PID=15623) to work on /home/airflow/.local/lib/python3.11/site-packages/airflow/example_dags/example_local_kubernetes_executor.py
[2026-06-02T06:29:31.314+0000] {processor.py:830} INFO - Processing file /home/airflow/.local/lib/python3.11/site-packages/airflow/example_dags/example_local_kubernetes_executor.py for tasks to queue
[2026-06-02T06:29:31.316+0000] {logging_mixin.py:188} INFO - [2026-06-02T06:29:31.316+0000] {dagbag.py:545} INFO - Filling up the DagBag from /home/airflow/.local/lib/python3.11/site-packages/airflow/example_dags/example_local_kubernetes_executor.py
[2026-06-02T06:29:31.324+0000] {processor.py:840} INFO - DAG(s) 'example_local_kubernetes_executor' retrieved from /home/airflow/.local/lib/python3.11/site-packages/airflow/example_dags/example_local_kubernetes_executor.py
[2026-06-02T06:29:31.357+0000] {logging_mixin.py:188} INFO - [2026-06-02T06:29:31.357+0000] {dag.py:3096} INFO - Sync 1 DAGs
[2026-06-02T06:29:31.367+0000] {logging_mixin.py:188} INFO - [2026-06-02T06:29:31.367+0000] {dag.py:3954} INFO - Setting next_dagrun for example_local_kubernetes_executor to None, run_after=None
[2026-06-02T06:29:31.386+0000] {processor.py:183} INFO - Processing /home/airflow/.local/lib/python3.11/site-packages/airflow/example_dags/example_local_kubernetes_executor.py took 0.079 seconds
[2026-06-02T06:30:01.792+0000] {processor.py:161} INFO - Started process (PID=15899) to work on /home/airflow/.local/lib/python3.11/site-packages/airflow/example_dags/example_local_kubernetes_executor.py
[2026-06-02T06:30:01.793+0000] {processor.py:830} INFO - Processing file /home/airflow/.local/lib/python3.11/site-packages/airflow/example_dags/example_local_kubernetes_executor.py for tasks to queue
[2026-06-02T06:30:01.797+0000] {logging_mixin.py:188} INFO - [2026-06-02T06:30:01.796+0000] {dagbag.py:545} INFO - Filling up the DagBag from /home/airflow/.local/lib/python3.11/site-packages/airflow/example_dags/example_local_kubernetes_executor.py
[2026-06-02T06:30:01.814+0000] {processor.py:840} INFO - DAG(s) 'example_local_kubernetes_executor' retrieved from /home/airflow/.local/lib/python3.11/site-packages/airflow/example_dags/example_local_kubernetes_executor.py
[2026-06-02T06:30:01.857+0000] {logging_mixin.py:188} INFO - [2026-06-02T06:30:01.856+0000] {dag.py:3096} INFO - Sync 1 DAGs
[2026-06-02T06:30:01.873+0000] {logging_mixin.py:188} INFO - [2026-06-02T06:30:01.873+0000] {dag.py:3954} INFO - Setting next_dagrun for example_local_kubernetes_executor to None, run_after=None
[2026-06-02T06:30:01.897+0000] {processor.py:183} INFO - Processing /home/airflow/.local/lib/python3.11/site-packages/airflow/example_dags/example_local_kubernetes_executor.py took 0.111 seconds
[2026-06-02T06:30:32.369+0000] {processor.py:161} INFO - Started process (PID=16175) to work on /home/airflow/.local/lib/python3.11/site-packages/airflow/example_dags/example_local_kubernetes_executor.py
[2026-06-02T06:30:32.371+0000] {processor.py:830} INFO - Processing file /home/airflow/.local/lib/python3.11/site-packages/airflow/example_dags/example_local_kubernetes_executor.py for tasks to queue
[2026-06-02T06:30:32.374+0000] {logging_mixin.py:188} INFO - [2026-06-02T06:30:32.373+0000] {dagbag.py:545} INFO - Filling up the DagBag from /home/airflow/.local/lib/python3.11/site-packages/airflow/example_dags/example_local_kubernetes_executor.py
[2026-06-02T06:30:32.380+0000] {processor.py:840} INFO - DAG(s) 'example_local_kubernetes_executor' retrieved from /home/airflow/.local/lib/python3.11/site-packages/airflow/example_dags/example_local_kubernetes_executor.py
[2026-06-02T06:30:32.416+0000] {logging_mixin.py:188} INFO - [2026-06-02T06:30:32.416+0000] {dag.py:3096} INFO - Sync 1 DAGs
[2026-06-02T06:30:32.426+0000] {logging_mixin.py:188} INFO - [2026-06-02T06:30:32.426+0000] {dag.py:3954} INFO - Setting next_dagrun for example_local_kubernetes_executor to None, run_after=None
[2026-06-02T06:30:32.458+0000] {processor.py:183} INFO - Processing /home/airflow/.local/lib/python3.11/site-packages/airflow/example_dags/example_local_kubernetes_executor.py took 0.096 seconds
[2026-06-02T06:31:02.502+0000] {processor.py:161} INFO - Started process (PID=16448) to work on /home/airflow/.local/lib/python3.11/site-packages/airflow/example_dags/example_local_kubernetes_executor.py
[2026-06-02T06:31:02.503+0000] {processor.py:830} INFO - Processing file /home/airflow/.local/lib/python3.11/site-packages/airflow/example_dags/example_local_kubernetes_executor.py for tasks to queue
[2026-06-02T06:31:02.506+0000] {logging_mixin.py:188} INFO - [2026-06-02T06:31:02.506+0000] {dagbag.py:545} INFO - Filling up the DagBag from /home/airflow/.local/lib/python3.11/site-packages/airflow/example_dags/example_local_kubernetes_executor.py
[2026-06-02T06:31:02.513+0000] {processor.py:840} INFO - DAG(s) 'example_local_kubernetes_executor' retrieved from /home/airflow/.local/lib/python3.11/site-packages/airflow/example_dags/example_local_kubernetes_executor.py
[2026-06-02T06:31:02.548+0000] {logging_mixin.py:188} INFO - [2026-06-02T06:31:02.547+0000] {dag.py:3096} INFO - Sync 1 DAGs
[2026-06-02T06:31:02.559+0000] {logging_mixin.py:188} INFO - [2026-06-02T06:31:02.559+0000] {dag.py:3954} INFO - Setting next_dagrun for example_local_kubernetes_executor to None, run_after=None
[2026-06-02T06:31:02.587+0000] {processor.py:183} INFO - Processing /home/airflow/.local/lib/python3.11/site-packages/airflow/example_dags/example_local_kubernetes_executor.py took 0.091 seconds
[2026-06-02T06:31:33.214+0000] {processor.py:161} INFO - Started process (PID=16727) to work on /home/airflow/.local/lib/python3.11/site-packages/airflow/example_dags/example_local_kubernetes_executor.py
[2026-06-02T06:31:33.215+0000] {processor.py:830} INFO - Processing file /home/airflow/.local/lib/python3.11/site-packages/airflow/example_dags/example_local_kubernetes_executor.py for tasks to queue
[2026-06-02T06:31:33.216+0000] {logging_mixin.py:188} INFO - [2026-06-02T06:31:33.216+0000] {dagbag.py:545} INFO - Filling up the DagBag from /home/airflow/.local/lib/python3.11/site-packages/airflow/example_dags/example_local_kubernetes_executor.py
[2026-06-02T06:31:33.224+0000] {processor.py:840} INFO - DAG(s) 'example_local_kubernetes_executor' retrieved from /home/airflow/.local/lib/python3.11/site-packages/airflow/example_dags/example_local_kubernetes_executor.py
[2026-06-02T06:31:33.255+0000] {logging_mixin.py:188} INFO - [2026-06-02T06:31:33.255+0000] {dag.py:3096} INFO - Sync 1 DAGs
[2026-06-02T06:31:33.266+0000] {logging_mixin.py:188} INFO - [2026-06-02T06:31:33.266+0000] {dag.py:3954} INFO - Setting next_dagrun for example_local_kubernetes_executor to None, run_after=None
[2026-06-02T06:31:33.284+0000] {processor.py:183} INFO - Processing /home/airflow/.local/lib/python3.11/site-packages/airflow/example_dags/example_local_kubernetes_executor.py took 0.075 seconds
[2026-06-02T06:32:03.732+0000] {processor.py:161} INFO - Started process (PID=17003) to work on /home/airflow/.local/lib/python3.11/site-packages/airflow/example_dags/example_local_kubernetes_executor.py
[2026-06-02T06:32:03.733+0000] {processor.py:830} INFO - Processing file /home/airflow/.local/lib/python3.11/site-packages/airflow/example_dags/example_local_kubernetes_executor.py for tasks to queue
[2026-06-02T06:32:03.740+0000] {logging_mixin.py:188} INFO - [2026-06-02T06:32:03.738+0000] {dagbag.py:545} INFO - Filling up the DagBag from /home/airflow/.local/lib/python3.11/site-packages/airflow/example_dags/example_local_kubernetes_executor.py
[2026-06-02T06:32:03.752+0000] {processor.py:840} INFO - DAG(s) 'example_local_kubernetes_executor' retrieved from /home/airflow/.local/lib/python3.11/site-packages/airflow/example_dags/example_local_kubernetes_executor.py
[2026-06-02T06:32:03.821+0000] {logging_mixin.py:188} INFO - [2026-06-02T06:32:03.820+0000] {dag.py:3096} INFO - Sync 1 DAGs
[2026-06-02T06:32:03.846+0000] {logging_mixin.py:188} INFO - [2026-06-02T06:32:03.845+0000] {dag.py:3954} INFO - Setting next_dagrun for example_local_kubernetes_executor to None, run_after=None
[2026-06-02T06:32:03.930+0000] {processor.py:183} INFO - Processing /home/airflow/.local/lib/python3.11/site-packages/airflow/example_dags/example_local_kubernetes_executor.py took 0.208 seconds
[2026-06-02T06:32:34.862+0000] {processor.py:161} INFO - Started process (PID=17285) to work on /home/airflow/.local/lib/python3.11/site-packages/airflow/example_dags/example_local_kubernetes_executor.py
[2026-06-02T06:32:34.863+0000] {processor.py:830} INFO - Processing file /home/airflow/.local/lib/python3.11/site-packages/airflow/example_dags/example_local_kubernetes_executor.py for tasks to queue
[2026-06-02T06:32:34.865+0000] {logging_mixin.py:188} INFO - [2026-06-02T06:32:34.865+0000] {dagbag.py:545} INFO - Filling up the DagBag from /home/airflow/.local/lib/python3.11/site-packages/airflow/example_dags/example_local_kubernetes_executor.py
[2026-06-02T06:32:34.874+0000] {processor.py:840} INFO - DAG(s) 'example_local_kubernetes_executor' retrieved from /home/airflow/.local/lib/python3.11/site-packages/airflow/example_dags/example_local_kubernetes_executor.py
[2026-06-02T06:32:34.906+0000] {logging_mixin.py:188} INFO - [2026-06-02T06:32:34.906+0000] {dag.py:3096} INFO - Sync 1 DAGs
[2026-06-02T06:32:34.916+0000] {logging_mixin.py:188} INFO - [2026-06-02T06:32:34.916+0000] {dag.py:3954} INFO - Setting next_dagrun for example_local_kubernetes_executor to None, run_after=None
[2026-06-02T06:32:34.945+0000] {processor.py:183} INFO - Processing /home/airflow/.local/lib/python3.11/site-packages/airflow/example_dags/example_local_kubernetes_executor.py took 0.090 seconds
[2026-06-02T06:33:05.400+0000] {processor.py:161} INFO - Started process (PID=17561) to work on /home/airflow/.local/lib/python3.11/site-packages/airflow/example_dags/example_local_kubernetes_executor.py
[2026-06-02T06:33:05.402+0000] {processor.py:830} INFO - Processing file /home/airflow/.local/lib/python3.11/site-packages/airflow/example_dags/example_local_kubernetes_executor.py for tasks to queue
[2026-06-02T06:33:05.403+0000] {logging_mixin.py:188} INFO - [2026-06-02T06:33:05.403+0000] {dagbag.py:545} INFO - Filling up the DagBag from /home/airflow/.local/lib/python3.11/site-packages/airflow/example_dags/example_local_kubernetes_executor.py
[2026-06-02T06:33:05.410+0000] {processor.py:840} INFO - DAG(s) 'example_local_kubernetes_executor' retrieved from /home/airflow/.local/lib/python3.11/site-packages/airflow/example_dags/example_local_kubernetes_executor.py
[2026-06-02T06:33:05.448+0000] {logging_mixin.py:188} INFO - [2026-06-02T06:33:05.448+0000] {dag.py:3096} INFO - Sync 1 DAGs
[2026-06-02T06:33:05.459+0000] {logging_mixin.py:188} INFO - [2026-06-02T06:33:05.459+0000] {dag.py:3954} INFO - Setting next_dagrun for example_local_kubernetes_executor to None, run_after=None
[2026-06-02T06:33:05.476+0000] {processor.py:183} INFO - Processing /home/airflow/.local/lib/python3.11/site-packages/airflow/example_dags/example_local_kubernetes_executor.py took 0.081 seconds
[2026-06-02T06:33:35.549+0000] {processor.py:161} INFO - Started process (PID=17824) to work on /home/airflow/.local/lib/python3.11/site-packages/airflow/example_dags/example_local_kubernetes_executor.py
[2026-06-02T06:33:35.551+0000] {processor.py:830} INFO - Processing file /home/airflow/.local/lib/python3.11/site-packages/airflow/example_dags/example_local_kubernetes_executor.py for tasks to queue
[2026-06-02T06:33:35.553+0000] {logging_mixin.py:188} INFO - [2026-06-02T06:33:35.552+0000] {dagbag.py:545} INFO - Filling up the DagBag from /home/airflow/.local/lib/python3.11/site-packages/airflow/example_dags/example_local_kubernetes_executor.py
[2026-06-02T06:33:35.562+0000] {processor.py:840} INFO - DAG(s) 'example_local_kubernetes_executor' retrieved from /home/airflow/.local/lib/python3.11/site-packages/airflow/example_dags/example_local_kubernetes_executor.py
[2026-06-02T06:33:35.610+0000] {logging_mixin.py:188} INFO - [2026-06-02T06:33:35.610+0000] {dag.py:3096} INFO - Sync 1 DAGs
[2026-06-02T06:33:35.627+0000] {logging_mixin.py:188} INFO - [2026-06-02T06:33:35.627+0000] {dag.py:3954} INFO - Setting next_dagrun for example_local_kubernetes_executor to None, run_after=None
[2026-06-02T06:33:35.659+0000] {processor.py:183} INFO - Processing /home/airflow/.local/lib/python3.11/site-packages/airflow/example_dags/example_local_kubernetes_executor.py took 0.117 seconds
[2026-06-02T06:34:05.760+0000] {processor.py:161} INFO - Started process (PID=18096) to work on /home/airflow/.local/lib/python3.11/site-packages/airflow/example_dags/example_local_kubernetes_executor.py
[2026-06-02T06:34:05.762+0000] {processor.py:830} INFO - Processing file /home/airflow/.local/lib/python3.11/site-packages/airflow/example_dags/example_local_kubernetes_executor.py for tasks to queue
[2026-06-02T06:34:05.764+0000] {logging_mixin.py:188} INFO - [2026-06-02T06:34:05.763+0000] {dagbag.py:545} INFO - Filling up the DagBag from /home/airflow/.local/lib/python3.11/site-packages/airflow/example_dags/example_local_kubernetes_executor.py
[2026-06-02T06:34:05.772+0000] {processor.py:840} INFO - DAG(s) 'example_local_kubernetes_executor' retrieved from /home/airflow/.local/lib/python3.11/site-packages/airflow/example_dags/example_local_kubernetes_executor.py
[2026-06-02T06:34:05.805+0000] {logging_mixin.py:188} INFO - [2026-06-02T06:34:05.805+0000] {dag.py:3096} INFO - Sync 1 DAGs
[2026-06-02T06:34:05.817+0000] {logging_mixin.py:188} INFO - [2026-06-02T06:34:05.816+0000] {dag.py:3954} INFO - Setting next_dagrun for example_local_kubernetes_executor to None, run_after=None
[2026-06-02T06:34:05.834+0000] {processor.py:183} INFO - Processing /home/airflow/.local/lib/python3.11/site-packages/airflow/example_dags/example_local_kubernetes_executor.py took 0.080 seconds
[2026-06-02T06:34:36.153+0000] {processor.py:161} INFO - Started process (PID=18370) to work on /home/airflow/.local/lib/python3.11/site-packages/airflow/example_dags/example_local_kubernetes_executor.py
[2026-06-02T06:34:36.154+0000] {processor.py:830} INFO - Processing file /home/airflow/.local/lib/python3.11/site-packages/airflow/example_dags/example_local_kubernetes_executor.py for tasks to queue
[2026-06-02T06:34:36.156+0000] {logging_mixin.py:188} INFO - [2026-06-02T06:34:36.156+0000] {dagbag.py:545} INFO - Filling up the DagBag from /home/airflow/.local/lib/python3.11/site-packages/airflow/example_dags/example_local_kubernetes_executor.py
[2026-06-02T06:34:36.163+0000] {processor.py:840} INFO - DAG(s) 'example_local_kubernetes_executor' retrieved from /home/airflow/.local/lib/python3.11/site-packages/airflow/example_dags/example_local_kubernetes_executor.py
[2026-06-02T06:34:36.196+0000] {logging_mixin.py:188} INFO - [2026-06-02T06:34:36.196+0000] {dag.py:3096} INFO - Sync 1 DAGs
[2026-06-02T06:34:36.210+0000] {logging_mixin.py:188} INFO - [2026-06-02T06:34:36.210+0000] {dag.py:3954} INFO - Setting next_dagrun for example_local_kubernetes_executor to None, run_after=None
[2026-06-02T06:34:36.240+0000] {processor.py:183} INFO - Processing /home/airflow/.local/lib/python3.11/site-packages/airflow/example_dags/example_local_kubernetes_executor.py took 0.095 seconds
[2026-06-02T06:35:06.638+0000] {processor.py:161} INFO - Started process (PID=18646) to work on /home/airflow/.local/lib/python3.11/site-packages/airflow/example_dags/example_local_kubernetes_executor.py
[2026-06-02T06:35:06.639+0000] {processor.py:830} INFO - Processing file /home/airflow/.local/lib/python3.11/site-packages/airflow/example_dags/example_local_kubernetes_executor.py for tasks to queue
[2026-06-02T06:35:06.641+0000] {logging_mixin.py:188} INFO - [2026-06-02T06:35:06.640+0000] {dagbag.py:545} INFO - Filling up the DagBag from /home/airflow/.local/lib/python3.11/site-packages/airflow/example_dags/example_local_kubernetes_executor.py
[2026-06-02T06:35:06.649+0000] {processor.py:840} INFO - DAG(s) 'example_local_kubernetes_executor' retrieved from /home/airflow/.local/lib/python3.11/site-packages/airflow/example_dags/example_local_kubernetes_executor.py
[2026-06-02T06:35:06.683+0000] {logging_mixin.py:188} INFO - [2026-06-02T06:35:06.683+0000] {dag.py:3096} INFO - Sync 1 DAGs
[2026-06-02T06:35:06.695+0000] {logging_mixin.py:188} INFO - [2026-06-02T06:35:06.695+0000] {dag.py:3954} INFO - Setting next_dagrun for example_local_kubernetes_executor to None, run_after=None
[2026-06-02T06:35:06.724+0000] {processor.py:183} INFO - Processing /home/airflow/.local/lib/python3.11/site-packages/airflow/example_dags/example_local_kubernetes_executor.py took 0.094 seconds
[2026-06-02T06:35:37.201+0000] {processor.py:161} INFO - Started process (PID=18922) to work on /home/airflow/.local/lib/python3.11/site-packages/airflow/example_dags/example_local_kubernetes_executor.py
[2026-06-02T06:35:37.202+0000] {processor.py:830} INFO - Processing file /home/airflow/.local/lib/python3.11/site-packages/airflow/example_dags/example_local_kubernetes_executor.py for tasks to queue
[2026-06-02T06:35:37.205+0000] {logging_mixin.py:188} INFO - [2026-06-02T06:35:37.204+0000] {dagbag.py:545} INFO - Filling up the DagBag from /home/airflow/.local/lib/python3.11/site-packages/airflow/example_dags/example_local_kubernetes_executor.py
[2026-06-02T06:35:37.217+0000] {processor.py:840} INFO - DAG(s) 'example_local_kubernetes_executor' retrieved from /home/airflow/.local/lib/python3.11/site-packages/airflow/example_dags/example_local_kubernetes_executor.py
[2026-06-02T06:35:37.274+0000] {logging_mixin.py:188} INFO - [2026-06-02T06:35:37.274+0000] {dag.py:3096} INFO - Sync 1 DAGs
[2026-06-02T06:35:37.291+0000] {logging_mixin.py:188} INFO - [2026-06-02T06:35:37.290+0000] {dag.py:3954} INFO - Setting next_dagrun for example_local_kubernetes_executor to None, run_after=None
[2026-06-02T06:35:37.309+0000] {processor.py:183} INFO - Processing /home/airflow/.local/lib/python3.11/site-packages/airflow/example_dags/example_local_kubernetes_executor.py took 0.119 seconds
[2026-06-02T06:42:31.475+0000] {processor.py:161} INFO - Started process (PID=380) to work on /home/airflow/.local/lib/python3.11/site-packages/airflow/example_dags/example_local_kubernetes_executor.py
[2026-06-02T06:42:31.478+0000] {processor.py:830} INFO - Processing file /home/airflow/.local/lib/python3.11/site-packages/airflow/example_dags/example_local_kubernetes_executor.py for tasks to queue
[2026-06-02T06:42:31.480+0000] {logging_mixin.py:188} INFO - [2026-06-02T06:42:31.480+0000] {dagbag.py:545} INFO - Filling up the DagBag from /home/airflow/.local/lib/python3.11/site-packages/airflow/example_dags/example_local_kubernetes_executor.py
[2026-06-02T06:42:31.490+0000] {processor.py:840} INFO - DAG(s) 'example_local_kubernetes_executor' retrieved from /home/airflow/.local/lib/python3.11/site-packages/airflow/example_dags/example_local_kubernetes_executor.py
[2026-06-02T06:42:31.513+0000] {logging_mixin.py:188} INFO - [2026-06-02T06:42:31.512+0000] {dag.py:3096} INFO - Sync 1 DAGs
[2026-06-02T06:42:31.535+0000] {logging_mixin.py:188} INFO - [2026-06-02T06:42:31.534+0000] {dag.py:3954} INFO - Setting next_dagrun for example_local_kubernetes_executor to None, run_after=None
[2026-06-02T06:42:31.575+0000] {processor.py:183} INFO - Processing /home/airflow/.local/lib/python3.11/site-packages/airflow/example_dags/example_local_kubernetes_executor.py took 0.109 seconds
[2026-06-02T06:43:03.531+0000] {processor.py:161} INFO - Started process (PID=656) to work on /home/airflow/.local/lib/python3.11/site-packages/airflow/example_dags/example_local_kubernetes_executor.py
[2026-06-02T06:43:03.532+0000] {processor.py:830} INFO - Processing file /home/airflow/.local/lib/python3.11/site-packages/airflow/example_dags/example_local_kubernetes_executor.py for tasks to queue
[2026-06-02T06:43:03.534+0000] {logging_mixin.py:188} INFO - [2026-06-02T06:43:03.533+0000] {dagbag.py:545} INFO - Filling up the DagBag from /home/airflow/.local/lib/python3.11/site-packages/airflow/example_dags/example_local_kubernetes_executor.py
[2026-06-02T06:43:03.540+0000] {processor.py:840} INFO - DAG(s) 'example_local_kubernetes_executor' retrieved from /home/airflow/.local/lib/python3.11/site-packages/airflow/example_dags/example_local_kubernetes_executor.py
[2026-06-02T06:43:03.641+0000] {logging_mixin.py:188} INFO - [2026-06-02T06:43:03.641+0000] {dag.py:3096} INFO - Sync 1 DAGs
[2026-06-02T06:43:03.650+0000] {logging_mixin.py:188} INFO - [2026-06-02T06:43:03.649+0000] {dag.py:3954} INFO - Setting next_dagrun for example_local_kubernetes_executor to None, run_after=None
[2026-06-02T06:43:03.666+0000] {processor.py:183} INFO - Processing /home/airflow/.local/lib/python3.11/site-packages/airflow/example_dags/example_local_kubernetes_executor.py took 0.141 seconds
[2026-06-02T06:43:34.127+0000] {processor.py:161} INFO - Started process (PID=927) to work on /home/airflow/.local/lib/python3.11/site-packages/airflow/example_dags/example_local_kubernetes_executor.py
[2026-06-02T06:43:34.129+0000] {processor.py:830} INFO - Processing file /home/airflow/.local/lib/python3.11/site-packages/airflow/example_dags/example_local_kubernetes_executor.py for tasks to queue
[2026-06-02T06:43:34.131+0000] {logging_mixin.py:188} INFO - [2026-06-02T06:43:34.131+0000] {dagbag.py:545} INFO - Filling up the DagBag from /home/airflow/.local/lib/python3.11/site-packages/airflow/example_dags/example_local_kubernetes_executor.py
[2026-06-02T06:43:34.138+0000] {processor.py:840} INFO - DAG(s) 'example_local_kubernetes_executor' retrieved from /home/airflow/.local/lib/python3.11/site-packages/airflow/example_dags/example_local_kubernetes_executor.py
[2026-06-02T06:43:34.173+0000] {logging_mixin.py:188} INFO - [2026-06-02T06:43:34.173+0000] {dag.py:3096} INFO - Sync 1 DAGs
[2026-06-02T06:43:34.186+0000] {logging_mixin.py:188} INFO - [2026-06-02T06:43:34.186+0000] {dag.py:3954} INFO - Setting next_dagrun for example_local_kubernetes_executor to None, run_after=None
[2026-06-02T06:43:34.209+0000] {processor.py:183} INFO - Processing /home/airflow/.local/lib/python3.11/site-packages/airflow/example_dags/example_local_kubernetes_executor.py took 0.088 seconds
[2026-06-02T06:44:05.401+0000] {processor.py:161} INFO - Started process (PID=1208) to work on /home/airflow/.local/lib/python3.11/site-packages/airflow/example_dags/example_local_kubernetes_executor.py
[2026-06-02T06:44:05.402+0000] {processor.py:830} INFO - Processing file /home/airflow/.local/lib/python3.11/site-packages/airflow/example_dags/example_local_kubernetes_executor.py for tasks to queue
[2026-06-02T06:44:05.404+0000] {logging_mixin.py:188} INFO - [2026-06-02T06:44:05.404+0000] {dagbag.py:545} INFO - Filling up the DagBag from /home/airflow/.local/lib/python3.11/site-packages/airflow/example_dags/example_local_kubernetes_executor.py
[2026-06-02T06:44:05.414+0000] {processor.py:840} INFO - DAG(s) 'example_local_kubernetes_executor' retrieved from /home/airflow/.local/lib/python3.11/site-packages/airflow/example_dags/example_local_kubernetes_executor.py
[2026-06-02T06:44:05.450+0000] {logging_mixin.py:188} INFO - [2026-06-02T06:44:05.449+0000] {dag.py:3096} INFO - Sync 1 DAGs
[2026-06-02T06:44:05.460+0000] {logging_mixin.py:188} INFO - [2026-06-02T06:44:05.460+0000] {dag.py:3954} INFO - Setting next_dagrun for example_local_kubernetes_executor to None, run_after=None
[2026-06-02T06:44:05.487+0000] {processor.py:183} INFO - Processing /home/airflow/.local/lib/python3.11/site-packages/airflow/example_dags/example_local_kubernetes_executor.py took 0.093 seconds
[2026-06-02T06:44:36.468+0000] {processor.py:161} INFO - Started process (PID=1484) to work on /home/airflow/.local/lib/python3.11/site-packages/airflow/example_dags/example_local_kubernetes_executor.py
[2026-06-02T06:44:36.469+0000] {processor.py:830} INFO - Processing file /home/airflow/.local/lib/python3.11/site-packages/airflow/example_dags/example_local_kubernetes_executor.py for tasks to queue
[2026-06-02T06:44:36.471+0000] {logging_mixin.py:188} INFO - [2026-06-02T06:44:36.471+0000] {dagbag.py:545} INFO - Filling up the DagBag from /home/airflow/.local/lib/python3.11/site-packages/airflow/example_dags/example_local_kubernetes_executor.py
[2026-06-02T06:44:36.478+0000] {processor.py:840} INFO - DAG(s) 'example_local_kubernetes_executor' retrieved from /home/airflow/.local/lib/python3.11/site-packages/airflow/example_dags/example_local_kubernetes_executor.py
[2026-06-02T06:44:36.519+0000] {logging_mixin.py:188} INFO - [2026-06-02T06:44:36.519+0000] {dag.py:3096} INFO - Sync 1 DAGs
[2026-06-02T06:44:36.531+0000] {logging_mixin.py:188} INFO - [2026-06-02T06:44:36.531+0000] {dag.py:3954} INFO - Setting next_dagrun for example_local_kubernetes_executor to None, run_after=None
[2026-06-02T06:44:36.561+0000] {processor.py:183} INFO - Processing /home/airflow/.local/lib/python3.11/site-packages/airflow/example_dags/example_local_kubernetes_executor.py took 0.100 seconds
[2026-06-02T06:45:06.884+0000] {processor.py:161} INFO - Started process (PID=1746) to work on /home/airflow/.local/lib/python3.11/site-packages/airflow/example_dags/example_local_kubernetes_executor.py
[2026-06-02T06:45:06.885+0000] {processor.py:830} INFO - Processing file /home/airflow/.local/lib/python3.11/site-packages/airflow/example_dags/example_local_kubernetes_executor.py for tasks to queue
[2026-06-02T06:45:06.887+0000] {logging_mixin.py:188} INFO - [2026-06-02T06:45:06.887+0000] {dagbag.py:545} INFO - Filling up the DagBag from /home/airflow/.local/lib/python3.11/site-packages/airflow/example_dags/example_local_kubernetes_executor.py
[2026-06-02T06:45:06.893+0000] {processor.py:840} INFO - DAG(s) 'example_local_kubernetes_executor' retrieved from /home/airflow/.local/lib/python3.11/site-packages/airflow/example_dags/example_local_kubernetes_executor.py
[2026-06-02T06:45:06.928+0000] {logging_mixin.py:188} INFO - [2026-06-02T06:45:06.928+0000] {dag.py:3096} INFO - Sync 1 DAGs
[2026-06-02T06:45:06.944+0000] {logging_mixin.py:188} INFO - [2026-06-02T06:45:06.943+0000] {dag.py:3954} INFO - Setting next_dagrun for example_local_kubernetes_executor to None, run_after=None
[2026-06-02T06:45:06.960+0000] {processor.py:183} INFO - Processing /home/airflow/.local/lib/python3.11/site-packages/airflow/example_dags/example_local_kubernetes_executor.py took 0.082 seconds
[2026-06-02T06:45:37.364+0000] {processor.py:161} INFO - Started process (PID=2022) to work on /home/airflow/.local/lib/python3.11/site-packages/airflow/example_dags/example_local_kubernetes_executor.py
[2026-06-02T06:45:37.366+0000] {processor.py:830} INFO - Processing file /home/airflow/.local/lib/python3.11/site-packages/airflow/example_dags/example_local_kubernetes_executor.py for tasks to queue
[2026-06-02T06:45:37.368+0000] {logging_mixin.py:188} INFO - [2026-06-02T06:45:37.368+0000] {dagbag.py:545} INFO - Filling up the DagBag from /home/airflow/.local/lib/python3.11/site-packages/airflow/example_dags/example_local_kubernetes_executor.py
[2026-06-02T06:45:37.376+0000] {processor.py:840} INFO - DAG(s) 'example_local_kubernetes_executor' retrieved from /home/airflow/.local/lib/python3.11/site-packages/airflow/example_dags/example_local_kubernetes_executor.py
[2026-06-02T06:45:37.412+0000] {logging_mixin.py:188} INFO - [2026-06-02T06:45:37.412+0000] {dag.py:3096} INFO - Sync 1 DAGs
[2026-06-02T06:45:37.428+0000] {logging_mixin.py:188} INFO - [2026-06-02T06:45:37.428+0000] {dag.py:3954} INFO - Setting next_dagrun for example_local_kubernetes_executor to None, run_after=None
[2026-06-02T06:45:37.451+0000] {processor.py:183} INFO - Processing /home/airflow/.local/lib/python3.11/site-packages/airflow/example_dags/example_local_kubernetes_executor.py took 0.094 seconds
[2026-06-02T06:46:33.216+0000] {processor.py:161} INFO - Started process (PID=385) to work on /home/airflow/.local/lib/python3.11/site-packages/airflow/example_dags/example_local_kubernetes_executor.py
[2026-06-02T06:46:33.217+0000] {processor.py:830} INFO - Processing file /home/airflow/.local/lib/python3.11/site-packages/airflow/example_dags/example_local_kubernetes_executor.py for tasks to queue
[2026-06-02T06:46:33.221+0000] {logging_mixin.py:188} INFO - [2026-06-02T06:46:33.220+0000] {dagbag.py:545} INFO - Filling up the DagBag from /home/airflow/.local/lib/python3.11/site-packages/airflow/example_dags/example_local_kubernetes_executor.py
[2026-06-02T06:46:33.236+0000] {processor.py:840} INFO - DAG(s) 'example_local_kubernetes_executor' retrieved from /home/airflow/.local/lib/python3.11/site-packages/airflow/example_dags/example_local_kubernetes_executor.py
[2026-06-02T06:46:33.639+0000] {logging_mixin.py:188} INFO - [2026-06-02T06:46:33.639+0000] {dag.py:3096} INFO - Sync 1 DAGs
[2026-06-02T06:46:33.657+0000] {logging_mixin.py:188} INFO - [2026-06-02T06:46:33.657+0000] {dag.py:3954} INFO - Setting next_dagrun for example_local_kubernetes_executor to None, run_after=None
[2026-06-02T06:46:33.687+0000] {processor.py:183} INFO - Processing /home/airflow/.local/lib/python3.11/site-packages/airflow/example_dags/example_local_kubernetes_executor.py took 0.480 seconds
[2026-06-02T06:47:04.488+0000] {processor.py:161} INFO - Started process (PID=661) to work on /home/airflow/.local/lib/python3.11/site-packages/airflow/example_dags/example_local_kubernetes_executor.py
[2026-06-02T06:47:04.490+0000] {processor.py:830} INFO - Processing file /home/airflow/.local/lib/python3.11/site-packages/airflow/example_dags/example_local_kubernetes_executor.py for tasks to queue
[2026-06-02T06:47:04.492+0000] {logging_mixin.py:188} INFO - [2026-06-02T06:47:04.492+0000] {dagbag.py:545} INFO - Filling up the DagBag from /home/airflow/.local/lib/python3.11/site-packages/airflow/example_dags/example_local_kubernetes_executor.py
[2026-06-02T06:47:04.501+0000] {processor.py:840} INFO - DAG(s) 'example_local_kubernetes_executor' retrieved from /home/airflow/.local/lib/python3.11/site-packages/airflow/example_dags/example_local_kubernetes_executor.py
[2026-06-02T06:47:04.543+0000] {logging_mixin.py:188} INFO - [2026-06-02T06:47:04.542+0000] {dag.py:3096} INFO - Sync 1 DAGs
[2026-06-02T06:47:04.558+0000] {logging_mixin.py:188} INFO - [2026-06-02T06:47:04.558+0000] {dag.py:3954} INFO - Setting next_dagrun for example_local_kubernetes_executor to None, run_after=None
[2026-06-02T06:47:04.577+0000] {processor.py:183} INFO - Processing /home/airflow/.local/lib/python3.11/site-packages/airflow/example_dags/example_local_kubernetes_executor.py took 0.097 seconds
[2026-06-02T06:47:35.327+0000] {processor.py:161} INFO - Started process (PID=937) to work on /home/airflow/.local/lib/python3.11/site-packages/airflow/example_dags/example_local_kubernetes_executor.py
[2026-06-02T06:47:35.329+0000] {processor.py:830} INFO - Processing file /home/airflow/.local/lib/python3.11/site-packages/airflow/example_dags/example_local_kubernetes_executor.py for tasks to queue
[2026-06-02T06:47:35.335+0000] {logging_mixin.py:188} INFO - [2026-06-02T06:47:35.333+0000] {dagbag.py:545} INFO - Filling up the DagBag from /home/airflow/.local/lib/python3.11/site-packages/airflow/example_dags/example_local_kubernetes_executor.py
[2026-06-02T06:47:35.363+0000] {processor.py:840} INFO - DAG(s) 'example_local_kubernetes_executor' retrieved from /home/airflow/.local/lib/python3.11/site-packages/airflow/example_dags/example_local_kubernetes_executor.py
[2026-06-02T06:47:35.423+0000] {logging_mixin.py:188} INFO - [2026-06-02T06:47:35.422+0000] {dag.py:3096} INFO - Sync 1 DAGs
[2026-06-02T06:47:35.466+0000] {logging_mixin.py:188} INFO - [2026-06-02T06:47:35.465+0000] {dag.py:3954} INFO - Setting next_dagrun for example_local_kubernetes_executor to None, run_after=None
[2026-06-02T06:47:35.510+0000] {processor.py:183} INFO - Processing /home/airflow/.local/lib/python3.11/site-packages/airflow/example_dags/example_local_kubernetes_executor.py took 0.201 seconds
[2026-06-02T06:48:05.652+0000] {processor.py:161} INFO - Started process (PID=1199) to work on /home/airflow/.local/lib/python3.11/site-packages/airflow/example_dags/example_local_kubernetes_executor.py
[2026-06-02T06:48:05.653+0000] {processor.py:830} INFO - Processing file /home/airflow/.local/lib/python3.11/site-packages/airflow/example_dags/example_local_kubernetes_executor.py for tasks to queue
[2026-06-02T06:48:05.656+0000] {logging_mixin.py:188} INFO - [2026-06-02T06:48:05.655+0000] {dagbag.py:545} INFO - Filling up the DagBag from /home/airflow/.local/lib/python3.11/site-packages/airflow/example_dags/example_local_kubernetes_executor.py
[2026-06-02T06:48:05.665+0000] {processor.py:840} INFO - DAG(s) 'example_local_kubernetes_executor' retrieved from /home/airflow/.local/lib/python3.11/site-packages/airflow/example_dags/example_local_kubernetes_executor.py
[2026-06-02T06:48:05.711+0000] {logging_mixin.py:188} INFO - [2026-06-02T06:48:05.711+0000] {dag.py:3096} INFO - Sync 1 DAGs
[2026-06-02T06:48:05.731+0000] {logging_mixin.py:188} INFO - [2026-06-02T06:48:05.730+0000] {dag.py:3954} INFO - Setting next_dagrun for example_local_kubernetes_executor to None, run_after=None
[2026-06-02T06:48:05.757+0000] {processor.py:183} INFO - Processing /home/airflow/.local/lib/python3.11/site-packages/airflow/example_dags/example_local_kubernetes_executor.py took 0.114 seconds
[2026-06-02T06:48:36.574+0000] {processor.py:161} INFO - Started process (PID=1475) to work on /home/airflow/.local/lib/python3.11/site-packages/airflow/example_dags/example_local_kubernetes_executor.py
[2026-06-02T06:48:36.575+0000] {processor.py:830} INFO - Processing file /home/airflow/.local/lib/python3.11/site-packages/airflow/example_dags/example_local_kubernetes_executor.py for tasks to queue
[2026-06-02T06:48:36.578+0000] {logging_mixin.py:188} INFO - [2026-06-02T06:48:36.578+0000] {dagbag.py:545} INFO - Filling up the DagBag from /home/airflow/.local/lib/python3.11/site-packages/airflow/example_dags/example_local_kubernetes_executor.py
[2026-06-02T06:48:36.588+0000] {processor.py:840} INFO - DAG(s) 'example_local_kubernetes_executor' retrieved from /home/airflow/.local/lib/python3.11/site-packages/airflow/example_dags/example_local_kubernetes_executor.py
[2026-06-02T06:48:36.637+0000] {logging_mixin.py:188} INFO - [2026-06-02T06:48:36.637+0000] {dag.py:3096} INFO - Sync 1 DAGs
[2026-06-02T06:48:36.655+0000] {logging_mixin.py:188} INFO - [2026-06-02T06:48:36.655+0000] {dag.py:3954} INFO - Setting next_dagrun for example_local_kubernetes_executor to None, run_after=None
[2026-06-02T06:48:36.683+0000] {processor.py:183} INFO - Processing /home/airflow/.local/lib/python3.11/site-packages/airflow/example_dags/example_local_kubernetes_executor.py took 0.119 seconds
[2026-06-02T06:49:07.472+0000] {processor.py:161} INFO - Started process (PID=1751) to work on /home/airflow/.local/lib/python3.11/site-packages/airflow/example_dags/example_local_kubernetes_executor.py
[2026-06-02T06:49:07.473+0000] {processor.py:830} INFO - Processing file /home/airflow/.local/lib/python3.11/site-packages/airflow/example_dags/example_local_kubernetes_executor.py for tasks to queue
[2026-06-02T06:49:07.477+0000] {logging_mixin.py:188} INFO - [2026-06-02T06:49:07.477+0000] {dagbag.py:545} INFO - Filling up the DagBag from /home/airflow/.local/lib/python3.11/site-packages/airflow/example_dags/example_local_kubernetes_executor.py
[2026-06-02T06:49:07.489+0000] {processor.py:840} INFO - DAG(s) 'example_local_kubernetes_executor' retrieved from /home/airflow/.local/lib/python3.11/site-packages/airflow/example_dags/example_local_kubernetes_executor.py
[2026-06-02T06:49:07.539+0000] {logging_mixin.py:188} INFO - [2026-06-02T06:49:07.539+0000] {dag.py:3096} INFO - Sync 1 DAGs
[2026-06-02T06:49:07.558+0000] {logging_mixin.py:188} INFO - [2026-06-02T06:49:07.558+0000] {dag.py:3954} INFO - Setting next_dagrun for example_local_kubernetes_executor to None, run_after=None
[2026-06-02T06:49:07.598+0000] {processor.py:183} INFO - Processing /home/airflow/.local/lib/python3.11/site-packages/airflow/example_dags/example_local_kubernetes_executor.py took 0.137 seconds
[2026-06-02T06:49:38.066+0000] {processor.py:161} INFO - Started process (PID=2027) to work on /home/airflow/.local/lib/python3.11/site-packages/airflow/example_dags/example_local_kubernetes_executor.py
[2026-06-02T06:49:38.068+0000] {processor.py:830} INFO - Processing file /home/airflow/.local/lib/python3.11/site-packages/airflow/example_dags/example_local_kubernetes_executor.py for tasks to queue
[2026-06-02T06:49:38.070+0000] {logging_mixin.py:188} INFO - [2026-06-02T06:49:38.069+0000] {dagbag.py:545} INFO - Filling up the DagBag from /home/airflow/.local/lib/python3.11/site-packages/airflow/example_dags/example_local_kubernetes_executor.py
[2026-06-02T06:49:38.079+0000] {processor.py:840} INFO - DAG(s) 'example_local_kubernetes_executor' retrieved from /home/airflow/.local/lib/python3.11/site-packages/airflow/example_dags/example_local_kubernetes_executor.py
[2026-06-02T06:49:38.124+0000] {logging_mixin.py:188} INFO - [2026-06-02T06:49:38.123+0000] {dag.py:3096} INFO - Sync 1 DAGs
[2026-06-02T06:49:38.141+0000] {logging_mixin.py:188} INFO - [2026-06-02T06:49:38.141+0000] {dag.py:3954} INFO - Setting next_dagrun for example_local_kubernetes_executor to None, run_after=None
[2026-06-02T06:49:38.176+0000] {processor.py:183} INFO - Processing /home/airflow/.local/lib/python3.11/site-packages/airflow/example_dags/example_local_kubernetes_executor.py took 0.117 seconds
[2026-06-02T06:50:08.537+0000] {processor.py:161} INFO - Started process (PID=2298) to work on /home/airflow/.local/lib/python3.11/site-packages/airflow/example_dags/example_local_kubernetes_executor.py
[2026-06-02T06:50:08.538+0000] {processor.py:830} INFO - Processing file /home/airflow/.local/lib/python3.11/site-packages/airflow/example_dags/example_local_kubernetes_executor.py for tasks to queue
[2026-06-02T06:50:08.540+0000] {logging_mixin.py:188} INFO - [2026-06-02T06:50:08.540+0000] {dagbag.py:545} INFO - Filling up the DagBag from /home/airflow/.local/lib/python3.11/site-packages/airflow/example_dags/example_local_kubernetes_executor.py
[2026-06-02T06:50:08.551+0000] {processor.py:840} INFO - DAG(s) 'example_local_kubernetes_executor' retrieved from /home/airflow/.local/lib/python3.11/site-packages/airflow/example_dags/example_local_kubernetes_executor.py
[2026-06-02T06:50:08.599+0000] {logging_mixin.py:188} INFO - [2026-06-02T06:50:08.599+0000] {dag.py:3096} INFO - Sync 1 DAGs
[2026-06-02T06:50:08.613+0000] {logging_mixin.py:188} INFO - [2026-06-02T06:50:08.613+0000] {dag.py:3954} INFO - Setting next_dagrun for example_local_kubernetes_executor to None, run_after=None
[2026-06-02T06:50:08.639+0000] {processor.py:183} INFO - Processing /home/airflow/.local/lib/python3.11/site-packages/airflow/example_dags/example_local_kubernetes_executor.py took 0.110 seconds
[2026-06-02T06:50:38.750+0000] {processor.py:161} INFO - Started process (PID=2574) to work on /home/airflow/.local/lib/python3.11/site-packages/airflow/example_dags/example_local_kubernetes_executor.py
[2026-06-02T06:50:38.752+0000] {processor.py:830} INFO - Processing file /home/airflow/.local/lib/python3.11/site-packages/airflow/example_dags/example_local_kubernetes_executor.py for tasks to queue
[2026-06-02T06:50:38.755+0000] {logging_mixin.py:188} INFO - [2026-06-02T06:50:38.754+0000] {dagbag.py:545} INFO - Filling up the DagBag from /home/airflow/.local/lib/python3.11/site-packages/airflow/example_dags/example_local_kubernetes_executor.py
[2026-06-02T06:50:38.765+0000] {processor.py:840} INFO - DAG(s) 'example_local_kubernetes_executor' retrieved from /home/airflow/.local/lib/python3.11/site-packages/airflow/example_dags/example_local_kubernetes_executor.py
[2026-06-02T06:50:38.803+0000] {logging_mixin.py:188} INFO - [2026-06-02T06:50:38.803+0000] {dag.py:3096} INFO - Sync 1 DAGs
[2026-06-02T06:50:38.818+0000] {logging_mixin.py:188} INFO - [2026-06-02T06:50:38.817+0000] {dag.py:3954} INFO - Setting next_dagrun for example_local_kubernetes_executor to None, run_after=None
[2026-06-02T06:50:38.841+0000] {processor.py:183} INFO - Processing /home/airflow/.local/lib/python3.11/site-packages/airflow/example_dags/example_local_kubernetes_executor.py took 0.100 seconds
[2026-06-02T06:51:09.310+0000] {processor.py:161} INFO - Started process (PID=2850) to work on /home/airflow/.local/lib/python3.11/site-packages/airflow/example_dags/example_local_kubernetes_executor.py
[2026-06-02T06:51:09.312+0000] {processor.py:830} INFO - Processing file /home/airflow/.local/lib/python3.11/site-packages/airflow/example_dags/example_local_kubernetes_executor.py for tasks to queue
[2026-06-02T06:51:09.314+0000] {logging_mixin.py:188} INFO - [2026-06-02T06:51:09.314+0000] {dagbag.py:545} INFO - Filling up the DagBag from /home/airflow/.local/lib/python3.11/site-packages/airflow/example_dags/example_local_kubernetes_executor.py
[2026-06-02T06:51:09.325+0000] {processor.py:840} INFO - DAG(s) 'example_local_kubernetes_executor' retrieved from /home/airflow/.local/lib/python3.11/site-packages/airflow/example_dags/example_local_kubernetes_executor.py
[2026-06-02T06:51:09.370+0000] {logging_mixin.py:188} INFO - [2026-06-02T06:51:09.370+0000] {dag.py:3096} INFO - Sync 1 DAGs
[2026-06-02T06:51:09.383+0000] {logging_mixin.py:188} INFO - [2026-06-02T06:51:09.382+0000] {dag.py:3954} INFO - Setting next_dagrun for example_local_kubernetes_executor to None, run_after=None
[2026-06-02T06:51:09.415+0000] {processor.py:183} INFO - Processing /home/airflow/.local/lib/python3.11/site-packages/airflow/example_dags/example_local_kubernetes_executor.py took 0.114 seconds
[2026-06-02T06:51:39.619+0000] {processor.py:161} INFO - Started process (PID=3128) to work on /home/airflow/.local/lib/python3.11/site-packages/airflow/example_dags/example_local_kubernetes_executor.py
[2026-06-02T06:51:39.620+0000] {processor.py:830} INFO - Processing file /home/airflow/.local/lib/python3.11/site-packages/airflow/example_dags/example_local_kubernetes_executor.py for tasks to queue
[2026-06-02T06:51:39.624+0000] {logging_mixin.py:188} INFO - [2026-06-02T06:51:39.623+0000] {dagbag.py:545} INFO - Filling up the DagBag from /home/airflow/.local/lib/python3.11/site-packages/airflow/example_dags/example_local_kubernetes_executor.py
[2026-06-02T06:51:39.633+0000] {processor.py:840} INFO - DAG(s) 'example_local_kubernetes_executor' retrieved from /home/airflow/.local/lib/python3.11/site-packages/airflow/example_dags/example_local_kubernetes_executor.py
[2026-06-02T06:51:39.673+0000] {logging_mixin.py:188} INFO - [2026-06-02T06:51:39.673+0000] {dag.py:3096} INFO - Sync 1 DAGs
[2026-06-02T06:51:39.686+0000] {logging_mixin.py:188} INFO - [2026-06-02T06:51:39.686+0000] {dag.py:3954} INFO - Setting next_dagrun for example_local_kubernetes_executor to None, run_after=None
[2026-06-02T06:51:39.708+0000] {processor.py:183} INFO - Processing /home/airflow/.local/lib/python3.11/site-packages/airflow/example_dags/example_local_kubernetes_executor.py took 0.097 seconds
[2026-06-02T07:08:58.845+0000] {processor.py:161} INFO - Started process (PID=3411) to work on /home/airflow/.local/lib/python3.11/site-packages/airflow/example_dags/example_local_kubernetes_executor.py
[2026-06-02T07:08:58.847+0000] {processor.py:830} INFO - Processing file /home/airflow/.local/lib/python3.11/site-packages/airflow/example_dags/example_local_kubernetes_executor.py for tasks to queue
[2026-06-02T07:08:58.850+0000] {logging_mixin.py:188} INFO - [2026-06-02T07:08:58.850+0000] {dagbag.py:545} INFO - Filling up the DagBag from /home/airflow/.local/lib/python3.11/site-packages/airflow/example_dags/example_local_kubernetes_executor.py
[2026-06-02T07:08:58.861+0000] {processor.py:840} INFO - DAG(s) 'example_local_kubernetes_executor' retrieved from /home/airflow/.local/lib/python3.11/site-packages/airflow/example_dags/example_local_kubernetes_executor.py
[2026-06-02T07:08:58.924+0000] {logging_mixin.py:188} INFO - [2026-06-02T07:08:58.923+0000] {dag.py:3096} INFO - Sync 1 DAGs
[2026-06-02T07:08:58.953+0000] {logging_mixin.py:188} INFO - [2026-06-02T07:08:58.952+0000] {dag.py:3954} INFO - Setting next_dagrun for example_local_kubernetes_executor to None, run_after=None
[2026-06-02T07:08:58.981+0000] {processor.py:183} INFO - Processing /home/airflow/.local/lib/python3.11/site-packages/airflow/example_dags/example_local_kubernetes_executor.py took 0.147 seconds
[2026-06-02T07:09:29.163+0000] {processor.py:161} INFO - Started process (PID=3687) to work on /home/airflow/.local/lib/python3.11/site-packages/airflow/example_dags/example_local_kubernetes_executor.py
[2026-06-02T07:09:29.165+0000] {processor.py:830} INFO - Processing file /home/airflow/.local/lib/python3.11/site-packages/airflow/example_dags/example_local_kubernetes_executor.py for tasks to queue
[2026-06-02T07:09:29.167+0000] {logging_mixin.py:188} INFO - [2026-06-02T07:09:29.166+0000] {dagbag.py:545} INFO - Filling up the DagBag from /home/airflow/.local/lib/python3.11/site-packages/airflow/example_dags/example_local_kubernetes_executor.py
[2026-06-02T07:09:29.175+0000] {processor.py:840} INFO - DAG(s) 'example_local_kubernetes_executor' retrieved from /home/airflow/.local/lib/python3.11/site-packages/airflow/example_dags/example_local_kubernetes_executor.py
[2026-06-02T07:09:29.213+0000] {logging_mixin.py:188} INFO - [2026-06-02T07:09:29.213+0000] {dag.py:3096} INFO - Sync 1 DAGs
[2026-06-02T07:09:29.228+0000] {logging_mixin.py:188} INFO - [2026-06-02T07:09:29.228+0000] {dag.py:3954} INFO - Setting next_dagrun for example_local_kubernetes_executor to None, run_after=None
[2026-06-02T07:09:29.249+0000] {processor.py:183} INFO - Processing /home/airflow/.local/lib/python3.11/site-packages/airflow/example_dags/example_local_kubernetes_executor.py took 0.094 seconds
[2026-06-02T07:09:59.550+0000] {processor.py:161} INFO - Started process (PID=3965) to work on /home/airflow/.local/lib/python3.11/site-packages/airflow/example_dags/example_local_kubernetes_executor.py
[2026-06-02T07:09:59.551+0000] {processor.py:830} INFO - Processing file /home/airflow/.local/lib/python3.11/site-packages/airflow/example_dags/example_local_kubernetes_executor.py for tasks to queue
[2026-06-02T07:09:59.553+0000] {logging_mixin.py:188} INFO - [2026-06-02T07:09:59.553+0000] {dagbag.py:545} INFO - Filling up the DagBag from /home/airflow/.local/lib/python3.11/site-packages/airflow/example_dags/example_local_kubernetes_executor.py
[2026-06-02T07:09:59.562+0000] {processor.py:840} INFO - DAG(s) 'example_local_kubernetes_executor' retrieved from /home/airflow/.local/lib/python3.11/site-packages/airflow/example_dags/example_local_kubernetes_executor.py
[2026-06-02T07:09:59.598+0000] {logging_mixin.py:188} INFO - [2026-06-02T07:09:59.598+0000] {dag.py:3096} INFO - Sync 1 DAGs
[2026-06-02T07:09:59.613+0000] {logging_mixin.py:188} INFO - [2026-06-02T07:09:59.613+0000] {dag.py:3954} INFO - Setting next_dagrun for example_local_kubernetes_executor to None, run_after=None
[2026-06-02T07:09:59.645+0000] {processor.py:183} INFO - Processing /home/airflow/.local/lib/python3.11/site-packages/airflow/example_dags/example_local_kubernetes_executor.py took 0.104 seconds
[2026-06-02T07:10:30.374+0000] {processor.py:161} INFO - Started process (PID=4239) to work on /home/airflow/.local/lib/python3.11/site-packages/airflow/example_dags/example_local_kubernetes_executor.py
[2026-06-02T07:10:30.375+0000] {processor.py:830} INFO - Processing file /home/airflow/.local/lib/python3.11/site-packages/airflow/example_dags/example_local_kubernetes_executor.py for tasks to queue
[2026-06-02T07:10:30.378+0000] {logging_mixin.py:188} INFO - [2026-06-02T07:10:30.377+0000] {dagbag.py:545} INFO - Filling up the DagBag from /home/airflow/.local/lib/python3.11/site-packages/airflow/example_dags/example_local_kubernetes_executor.py
[2026-06-02T07:10:30.386+0000] {processor.py:840} INFO - DAG(s) 'example_local_kubernetes_executor' retrieved from /home/airflow/.local/lib/python3.11/site-packages/airflow/example_dags/example_local_kubernetes_executor.py
[2026-06-02T07:10:30.419+0000] {logging_mixin.py:188} INFO - [2026-06-02T07:10:30.419+0000] {dag.py:3096} INFO - Sync 1 DAGs
[2026-06-02T07:10:30.434+0000] {logging_mixin.py:188} INFO - [2026-06-02T07:10:30.434+0000] {dag.py:3954} INFO - Setting next_dagrun for example_local_kubernetes_executor to None, run_after=None
[2026-06-02T07:10:30.454+0000] {processor.py:183} INFO - Processing /home/airflow/.local/lib/python3.11/site-packages/airflow/example_dags/example_local_kubernetes_executor.py took 0.088 seconds
[2026-06-02T07:11:00.861+0000] {processor.py:161} INFO - Started process (PID=4515) to work on /home/airflow/.local/lib/python3.11/site-packages/airflow/example_dags/example_local_kubernetes_executor.py
[2026-06-02T07:11:00.862+0000] {processor.py:830} INFO - Processing file /home/airflow/.local/lib/python3.11/site-packages/airflow/example_dags/example_local_kubernetes_executor.py for tasks to queue
[2026-06-02T07:11:00.865+0000] {logging_mixin.py:188} INFO - [2026-06-02T07:11:00.864+0000] {dagbag.py:545} INFO - Filling up the DagBag from /home/airflow/.local/lib/python3.11/site-packages/airflow/example_dags/example_local_kubernetes_executor.py
[2026-06-02T07:11:00.876+0000] {processor.py:840} INFO - DAG(s) 'example_local_kubernetes_executor' retrieved from /home/airflow/.local/lib/python3.11/site-packages/airflow/example_dags/example_local_kubernetes_executor.py
[2026-06-02T07:11:00.924+0000] {logging_mixin.py:188} INFO - [2026-06-02T07:11:00.924+0000] {dag.py:3096} INFO - Sync 1 DAGs
[2026-06-02T07:11:00.944+0000] {logging_mixin.py:188} INFO - [2026-06-02T07:11:00.943+0000] {dag.py:3954} INFO - Setting next_dagrun for example_local_kubernetes_executor to None, run_after=None
[2026-06-02T07:11:00.980+0000] {processor.py:183} INFO - Processing /home/airflow/.local/lib/python3.11/site-packages/airflow/example_dags/example_local_kubernetes_executor.py took 0.129 seconds
[2026-06-02T07:11:31.282+0000] {processor.py:161} INFO - Started process (PID=4791) to work on /home/airflow/.local/lib/python3.11/site-packages/airflow/example_dags/example_local_kubernetes_executor.py
[2026-06-02T07:11:31.284+0000] {processor.py:830} INFO - Processing file /home/airflow/.local/lib/python3.11/site-packages/airflow/example_dags/example_local_kubernetes_executor.py for tasks to queue
[2026-06-02T07:11:31.287+0000] {logging_mixin.py:188} INFO - [2026-06-02T07:11:31.286+0000] {dagbag.py:545} INFO - Filling up the DagBag from /home/airflow/.local/lib/python3.11/site-packages/airflow/example_dags/example_local_kubernetes_executor.py
[2026-06-02T07:11:31.296+0000] {processor.py:840} INFO - DAG(s) 'example_local_kubernetes_executor' retrieved from /home/airflow/.local/lib/python3.11/site-packages/airflow/example_dags/example_local_kubernetes_executor.py
[2026-06-02T07:11:31.399+0000] {logging_mixin.py:188} INFO - [2026-06-02T07:11:31.398+0000] {dag.py:3096} INFO - Sync 1 DAGs
[2026-06-02T07:11:31.435+0000] {logging_mixin.py:188} INFO - [2026-06-02T07:11:31.434+0000] {dag.py:3954} INFO - Setting next_dagrun for example_local_kubernetes_executor to None, run_after=None
[2026-06-02T07:11:31.502+0000] {processor.py:183} INFO - Processing /home/airflow/.local/lib/python3.11/site-packages/airflow/example_dags/example_local_kubernetes_executor.py took 0.227 seconds
[2026-06-02T07:12:02.205+0000] {processor.py:161} INFO - Started process (PID=5067) to work on /home/airflow/.local/lib/python3.11/site-packages/airflow/example_dags/example_local_kubernetes_executor.py
[2026-06-02T07:12:02.207+0000] {processor.py:830} INFO - Processing file /home/airflow/.local/lib/python3.11/site-packages/airflow/example_dags/example_local_kubernetes_executor.py for tasks to queue
[2026-06-02T07:12:02.211+0000] {logging_mixin.py:188} INFO - [2026-06-02T07:12:02.210+0000] {dagbag.py:545} INFO - Filling up the DagBag from /home/airflow/.local/lib/python3.11/site-packages/airflow/example_dags/example_local_kubernetes_executor.py
[2026-06-02T07:12:02.248+0000] {processor.py:840} INFO - DAG(s) 'example_local_kubernetes_executor' retrieved from /home/airflow/.local/lib/python3.11/site-packages/airflow/example_dags/example_local_kubernetes_executor.py
[2026-06-02T07:12:02.381+0000] {logging_mixin.py:188} INFO - [2026-06-02T07:12:02.380+0000] {dag.py:3096} INFO - Sync 1 DAGs
[2026-06-02T07:12:02.410+0000] {logging_mixin.py:188} INFO - [2026-06-02T07:12:02.409+0000] {dag.py:3954} INFO - Setting next_dagrun for example_local_kubernetes_executor to None, run_after=None
[2026-06-02T07:12:02.446+0000] {processor.py:183} INFO - Processing /home/airflow/.local/lib/python3.11/site-packages/airflow/example_dags/example_local_kubernetes_executor.py took 0.251 seconds
[2026-06-02T07:12:32.537+0000] {processor.py:161} INFO - Started process (PID=5343) to work on /home/airflow/.local/lib/python3.11/site-packages/airflow/example_dags/example_local_kubernetes_executor.py
[2026-06-02T07:12:32.539+0000] {processor.py:830} INFO - Processing file /home/airflow/.local/lib/python3.11/site-packages/airflow/example_dags/example_local_kubernetes_executor.py for tasks to queue
[2026-06-02T07:12:32.544+0000] {logging_mixin.py:188} INFO - [2026-06-02T07:12:32.543+0000] {dagbag.py:545} INFO - Filling up the DagBag from /home/airflow/.local/lib/python3.11/site-packages/airflow/example_dags/example_local_kubernetes_executor.py
[2026-06-02T07:12:32.560+0000] {processor.py:840} INFO - DAG(s) 'example_local_kubernetes_executor' retrieved from /home/airflow/.local/lib/python3.11/site-packages/airflow/example_dags/example_local_kubernetes_executor.py
[2026-06-02T07:12:32.635+0000] {logging_mixin.py:188} INFO - [2026-06-02T07:12:32.634+0000] {dag.py:3096} INFO - Sync 1 DAGs
[2026-06-02T07:12:32.663+0000] {logging_mixin.py:188} INFO - [2026-06-02T07:12:32.663+0000] {dag.py:3954} INFO - Setting next_dagrun for example_local_kubernetes_executor to None, run_after=None
[2026-06-02T07:12:32.752+0000] {processor.py:183} INFO - Processing /home/airflow/.local/lib/python3.11/site-packages/airflow/example_dags/example_local_kubernetes_executor.py took 0.230 seconds
[2026-06-02T07:13:03.076+0000] {processor.py:161} INFO - Started process (PID=5619) to work on /home/airflow/.local/lib/python3.11/site-packages/airflow/example_dags/example_local_kubernetes_executor.py
[2026-06-02T07:13:03.078+0000] {processor.py:830} INFO - Processing file /home/airflow/.local/lib/python3.11/site-packages/airflow/example_dags/example_local_kubernetes_executor.py for tasks to queue
[2026-06-02T07:13:03.081+0000] {logging_mixin.py:188} INFO - [2026-06-02T07:13:03.080+0000] {dagbag.py:545} INFO - Filling up the DagBag from /home/airflow/.local/lib/python3.11/site-packages/airflow/example_dags/example_local_kubernetes_executor.py
[2026-06-02T07:13:03.091+0000] {processor.py:840} INFO - DAG(s) 'example_local_kubernetes_executor' retrieved from /home/airflow/.local/lib/python3.11/site-packages/airflow/example_dags/example_local_kubernetes_executor.py
[2026-06-02T07:13:03.147+0000] {logging_mixin.py:188} INFO - [2026-06-02T07:13:03.147+0000] {dag.py:3096} INFO - Sync 1 DAGs
[2026-06-02T07:13:03.164+0000] {logging_mixin.py:188} INFO - [2026-06-02T07:13:03.163+0000] {dag.py:3954} INFO - Setting next_dagrun for example_local_kubernetes_executor to None, run_after=None
[2026-06-02T07:13:03.202+0000] {processor.py:183} INFO - Processing /home/airflow/.local/lib/python3.11/site-packages/airflow/example_dags/example_local_kubernetes_executor.py took 0.134 seconds
[2026-06-02T07:14:19.108+0000] {processor.py:161} INFO - Started process (PID=386) to work on /home/airflow/.local/lib/python3.11/site-packages/airflow/example_dags/example_local_kubernetes_executor.py
[2026-06-02T07:14:19.110+0000] {processor.py:830} INFO - Processing file /home/airflow/.local/lib/python3.11/site-packages/airflow/example_dags/example_local_kubernetes_executor.py for tasks to queue
[2026-06-02T07:14:19.114+0000] {logging_mixin.py:188} INFO - [2026-06-02T07:14:19.113+0000] {dagbag.py:545} INFO - Filling up the DagBag from /home/airflow/.local/lib/python3.11/site-packages/airflow/example_dags/example_local_kubernetes_executor.py
[2026-06-02T07:14:19.126+0000] {processor.py:840} INFO - DAG(s) 'example_local_kubernetes_executor' retrieved from /home/airflow/.local/lib/python3.11/site-packages/airflow/example_dags/example_local_kubernetes_executor.py
[2026-06-02T07:14:19.543+0000] {logging_mixin.py:188} INFO - [2026-06-02T07:14:19.543+0000] {dag.py:3096} INFO - Sync 1 DAGs
[2026-06-02T07:14:19.560+0000] {logging_mixin.py:188} INFO - [2026-06-02T07:14:19.560+0000] {dag.py:3954} INFO - Setting next_dagrun for example_local_kubernetes_executor to None, run_after=None
[2026-06-02T07:14:19.601+0000] {processor.py:183} INFO - Processing /home/airflow/.local/lib/python3.11/site-packages/airflow/example_dags/example_local_kubernetes_executor.py took 0.504 seconds
[2026-06-02T07:14:49.843+0000] {processor.py:161} INFO - Started process (PID=664) to work on /home/airflow/.local/lib/python3.11/site-packages/airflow/example_dags/example_local_kubernetes_executor.py
[2026-06-02T07:14:49.845+0000] {processor.py:830} INFO - Processing file /home/airflow/.local/lib/python3.11/site-packages/airflow/example_dags/example_local_kubernetes_executor.py for tasks to queue
[2026-06-02T07:14:49.849+0000] {logging_mixin.py:188} INFO - [2026-06-02T07:14:49.848+0000] {dagbag.py:545} INFO - Filling up the DagBag from /home/airflow/.local/lib/python3.11/site-packages/airflow/example_dags/example_local_kubernetes_executor.py
[2026-06-02T07:14:49.863+0000] {processor.py:840} INFO - DAG(s) 'example_local_kubernetes_executor' retrieved from /home/airflow/.local/lib/python3.11/site-packages/airflow/example_dags/example_local_kubernetes_executor.py
[2026-06-02T07:14:49.916+0000] {logging_mixin.py:188} INFO - [2026-06-02T07:14:49.916+0000] {dag.py:3096} INFO - Sync 1 DAGs
[2026-06-02T07:14:49.932+0000] {logging_mixin.py:188} INFO - [2026-06-02T07:14:49.932+0000] {dag.py:3954} INFO - Setting next_dagrun for example_local_kubernetes_executor to None, run_after=None
[2026-06-02T07:14:49.968+0000] {processor.py:183} INFO - Processing /home/airflow/.local/lib/python3.11/site-packages/airflow/example_dags/example_local_kubernetes_executor.py took 0.141 seconds
[2026-06-02T07:15:20.453+0000] {processor.py:161} INFO - Started process (PID=938) to work on /home/airflow/.local/lib/python3.11/site-packages/airflow/example_dags/example_local_kubernetes_executor.py
[2026-06-02T07:15:20.454+0000] {processor.py:830} INFO - Processing file /home/airflow/.local/lib/python3.11/site-packages/airflow/example_dags/example_local_kubernetes_executor.py for tasks to queue
[2026-06-02T07:15:20.457+0000] {logging_mixin.py:188} INFO - [2026-06-02T07:15:20.457+0000] {dagbag.py:545} INFO - Filling up the DagBag from /home/airflow/.local/lib/python3.11/site-packages/airflow/example_dags/example_local_kubernetes_executor.py
[2026-06-02T07:15:20.473+0000] {processor.py:840} INFO - DAG(s) 'example_local_kubernetes_executor' retrieved from /home/airflow/.local/lib/python3.11/site-packages/airflow/example_dags/example_local_kubernetes_executor.py
[2026-06-02T07:15:20.537+0000] {logging_mixin.py:188} INFO - [2026-06-02T07:15:20.537+0000] {dag.py:3096} INFO - Sync 1 DAGs
[2026-06-02T07:15:20.558+0000] {logging_mixin.py:188} INFO - [2026-06-02T07:15:20.558+0000] {dag.py:3954} INFO - Setting next_dagrun for example_local_kubernetes_executor to None, run_after=None
[2026-06-02T07:15:20.595+0000] {processor.py:183} INFO - Processing /home/airflow/.local/lib/python3.11/site-packages/airflow/example_dags/example_local_kubernetes_executor.py took 0.153 seconds
[2026-06-02T07:16:19.988+0000] {processor.py:161} INFO - Started process (PID=387) to work on /home/airflow/.local/lib/python3.11/site-packages/airflow/example_dags/example_local_kubernetes_executor.py
[2026-06-02T07:16:19.989+0000] {processor.py:830} INFO - Processing file /home/airflow/.local/lib/python3.11/site-packages/airflow/example_dags/example_local_kubernetes_executor.py for tasks to queue
[2026-06-02T07:16:19.991+0000] {logging_mixin.py:188} INFO - [2026-06-02T07:16:19.991+0000] {dagbag.py:545} INFO - Filling up the DagBag from /home/airflow/.local/lib/python3.11/site-packages/airflow/example_dags/example_local_kubernetes_executor.py
[2026-06-02T07:16:20.000+0000] {processor.py:840} INFO - DAG(s) 'example_local_kubernetes_executor' retrieved from /home/airflow/.local/lib/python3.11/site-packages/airflow/example_dags/example_local_kubernetes_executor.py
[2026-06-02T07:16:20.020+0000] {logging_mixin.py:188} INFO - [2026-06-02T07:16:20.020+0000] {dag.py:3096} INFO - Sync 1 DAGs
[2026-06-02T07:16:20.037+0000] {logging_mixin.py:188} INFO - [2026-06-02T07:16:20.036+0000] {dag.py:3954} INFO - Setting next_dagrun for example_local_kubernetes_executor to None, run_after=None
[2026-06-02T07:16:20.074+0000] {processor.py:183} INFO - Processing /home/airflow/.local/lib/python3.11/site-packages/airflow/example_dags/example_local_kubernetes_executor.py took 0.093 seconds
[2026-06-02T07:16:52.140+0000] {processor.py:161} INFO - Started process (PID=663) to work on /home/airflow/.local/lib/python3.11/site-packages/airflow/example_dags/example_local_kubernetes_executor.py
[2026-06-02T07:16:52.142+0000] {processor.py:830} INFO - Processing file /home/airflow/.local/lib/python3.11/site-packages/airflow/example_dags/example_local_kubernetes_executor.py for tasks to queue
[2026-06-02T07:16:52.145+0000] {logging_mixin.py:188} INFO - [2026-06-02T07:16:52.144+0000] {dagbag.py:545} INFO - Filling up the DagBag from /home/airflow/.local/lib/python3.11/site-packages/airflow/example_dags/example_local_kubernetes_executor.py
[2026-06-02T07:16:52.158+0000] {processor.py:840} INFO - DAG(s) 'example_local_kubernetes_executor' retrieved from /home/airflow/.local/lib/python3.11/site-packages/airflow/example_dags/example_local_kubernetes_executor.py
[2026-06-02T07:16:52.326+0000] {logging_mixin.py:188} INFO - [2026-06-02T07:16:52.325+0000] {dag.py:3096} INFO - Sync 1 DAGs
[2026-06-02T07:16:52.340+0000] {logging_mixin.py:188} INFO - [2026-06-02T07:16:52.340+0000] {dag.py:3954} INFO - Setting next_dagrun for example_local_kubernetes_executor to None, run_after=None
[2026-06-02T07:16:52.380+0000] {processor.py:183} INFO - Processing /home/airflow/.local/lib/python3.11/site-packages/airflow/example_dags/example_local_kubernetes_executor.py took 0.253 seconds
[2026-06-02T07:17:23.384+0000] {processor.py:161} INFO - Started process (PID=940) to work on /home/airflow/.local/lib/python3.11/site-packages/airflow/example_dags/example_local_kubernetes_executor.py
[2026-06-02T07:17:23.386+0000] {processor.py:830} INFO - Processing file /home/airflow/.local/lib/python3.11/site-packages/airflow/example_dags/example_local_kubernetes_executor.py for tasks to queue
[2026-06-02T07:17:23.388+0000] {logging_mixin.py:188} INFO - [2026-06-02T07:17:23.388+0000] {dagbag.py:545} INFO - Filling up the DagBag from /home/airflow/.local/lib/python3.11/site-packages/airflow/example_dags/example_local_kubernetes_executor.py
[2026-06-02T07:17:23.399+0000] {processor.py:840} INFO - DAG(s) 'example_local_kubernetes_executor' retrieved from /home/airflow/.local/lib/python3.11/site-packages/airflow/example_dags/example_local_kubernetes_executor.py
[2026-06-02T07:17:23.443+0000] {logging_mixin.py:188} INFO - [2026-06-02T07:17:23.443+0000] {dag.py:3096} INFO - Sync 1 DAGs
[2026-06-02T07:17:23.459+0000] {logging_mixin.py:188} INFO - [2026-06-02T07:17:23.459+0000] {dag.py:3954} INFO - Setting next_dagrun for example_local_kubernetes_executor to None, run_after=None
[2026-06-02T07:17:23.497+0000] {processor.py:183} INFO - Processing /home/airflow/.local/lib/python3.11/site-packages/airflow/example_dags/example_local_kubernetes_executor.py took 0.123 seconds
[2026-06-02T07:17:53.572+0000] {processor.py:161} INFO - Started process (PID=1203) to work on /home/airflow/.local/lib/python3.11/site-packages/airflow/example_dags/example_local_kubernetes_executor.py
[2026-06-02T07:17:53.574+0000] {processor.py:830} INFO - Processing file /home/airflow/.local/lib/python3.11/site-packages/airflow/example_dags/example_local_kubernetes_executor.py for tasks to queue
[2026-06-02T07:17:53.576+0000] {logging_mixin.py:188} INFO - [2026-06-02T07:17:53.576+0000] {dagbag.py:545} INFO - Filling up the DagBag from /home/airflow/.local/lib/python3.11/site-packages/airflow/example_dags/example_local_kubernetes_executor.py
[2026-06-02T07:17:53.585+0000] {processor.py:840} INFO - DAG(s) 'example_local_kubernetes_executor' retrieved from /home/airflow/.local/lib/python3.11/site-packages/airflow/example_dags/example_local_kubernetes_executor.py
[2026-06-02T07:17:53.634+0000] {logging_mixin.py:188} INFO - [2026-06-02T07:17:53.634+0000] {dag.py:3096} INFO - Sync 1 DAGs
[2026-06-02T07:17:53.652+0000] {logging_mixin.py:188} INFO - [2026-06-02T07:17:53.652+0000] {dag.py:3954} INFO - Setting next_dagrun for example_local_kubernetes_executor to None, run_after=None
[2026-06-02T07:17:53.680+0000] {processor.py:183} INFO - Processing /home/airflow/.local/lib/python3.11/site-packages/airflow/example_dags/example_local_kubernetes_executor.py took 0.116 seconds
[2026-06-02T07:18:24.019+0000] {processor.py:161} INFO - Started process (PID=1473) to work on /home/airflow/.local/lib/python3.11/site-packages/airflow/example_dags/example_local_kubernetes_executor.py
[2026-06-02T07:18:24.022+0000] {processor.py:830} INFO - Processing file /home/airflow/.local/lib/python3.11/site-packages/airflow/example_dags/example_local_kubernetes_executor.py for tasks to queue
[2026-06-02T07:18:24.025+0000] {logging_mixin.py:188} INFO - [2026-06-02T07:18:24.024+0000] {dagbag.py:545} INFO - Filling up the DagBag from /home/airflow/.local/lib/python3.11/site-packages/airflow/example_dags/example_local_kubernetes_executor.py
[2026-06-02T07:18:24.038+0000] {processor.py:840} INFO - DAG(s) 'example_local_kubernetes_executor' retrieved from /home/airflow/.local/lib/python3.11/site-packages/airflow/example_dags/example_local_kubernetes_executor.py
[2026-06-02T07:18:24.102+0000] {logging_mixin.py:188} INFO - [2026-06-02T07:18:24.102+0000] {dag.py:3096} INFO - Sync 1 DAGs
[2026-06-02T07:18:24.125+0000] {logging_mixin.py:188} INFO - [2026-06-02T07:18:24.125+0000] {dag.py:3954} INFO - Setting next_dagrun for example_local_kubernetes_executor to None, run_after=None
[2026-06-02T07:18:24.162+0000] {processor.py:183} INFO - Processing /home/airflow/.local/lib/python3.11/site-packages/airflow/example_dags/example_local_kubernetes_executor.py took 0.154 seconds
[2026-06-02T07:18:54.294+0000] {processor.py:161} INFO - Started process (PID=1749) to work on /home/airflow/.local/lib/python3.11/site-packages/airflow/example_dags/example_local_kubernetes_executor.py
[2026-06-02T07:18:54.295+0000] {processor.py:830} INFO - Processing file /home/airflow/.local/lib/python3.11/site-packages/airflow/example_dags/example_local_kubernetes_executor.py for tasks to queue
[2026-06-02T07:18:54.297+0000] {logging_mixin.py:188} INFO - [2026-06-02T07:18:54.297+0000] {dagbag.py:545} INFO - Filling up the DagBag from /home/airflow/.local/lib/python3.11/site-packages/airflow/example_dags/example_local_kubernetes_executor.py
[2026-06-02T07:18:54.305+0000] {processor.py:840} INFO - DAG(s) 'example_local_kubernetes_executor' retrieved from /home/airflow/.local/lib/python3.11/site-packages/airflow/example_dags/example_local_kubernetes_executor.py
[2026-06-02T07:18:54.349+0000] {logging_mixin.py:188} INFO - [2026-06-02T07:18:54.349+0000] {dag.py:3096} INFO - Sync 1 DAGs
[2026-06-02T07:18:54.366+0000] {logging_mixin.py:188} INFO - [2026-06-02T07:18:54.366+0000] {dag.py:3954} INFO - Setting next_dagrun for example_local_kubernetes_executor to None, run_after=None
[2026-06-02T07:18:54.397+0000] {processor.py:183} INFO - Processing /home/airflow/.local/lib/python3.11/site-packages/airflow/example_dags/example_local_kubernetes_executor.py took 0.111 seconds
[2026-06-02T07:19:24.635+0000] {processor.py:161} INFO - Started process (PID=2025) to work on /home/airflow/.local/lib/python3.11/site-packages/airflow/example_dags/example_local_kubernetes_executor.py
[2026-06-02T07:19:24.637+0000] {processor.py:830} INFO - Processing file /home/airflow/.local/lib/python3.11/site-packages/airflow/example_dags/example_local_kubernetes_executor.py for tasks to queue
[2026-06-02T07:19:24.639+0000] {logging_mixin.py:188} INFO - [2026-06-02T07:19:24.639+0000] {dagbag.py:545} INFO - Filling up the DagBag from /home/airflow/.local/lib/python3.11/site-packages/airflow/example_dags/example_local_kubernetes_executor.py
[2026-06-02T07:19:24.652+0000] {processor.py:840} INFO - DAG(s) 'example_local_kubernetes_executor' retrieved from /home/airflow/.local/lib/python3.11/site-packages/airflow/example_dags/example_local_kubernetes_executor.py
[2026-06-02T07:19:24.698+0000] {logging_mixin.py:188} INFO - [2026-06-02T07:19:24.698+0000] {dag.py:3096} INFO - Sync 1 DAGs
[2026-06-02T07:19:24.711+0000] {logging_mixin.py:188} INFO - [2026-06-02T07:19:24.711+0000] {dag.py:3954} INFO - Setting next_dagrun for example_local_kubernetes_executor to None, run_after=None
[2026-06-02T07:19:24.743+0000] {processor.py:183} INFO - Processing /home/airflow/.local/lib/python3.11/site-packages/airflow/example_dags/example_local_kubernetes_executor.py took 0.117 seconds
[2026-06-02T07:19:55.223+0000] {processor.py:161} INFO - Started process (PID=2301) to work on /home/airflow/.local/lib/python3.11/site-packages/airflow/example_dags/example_local_kubernetes_executor.py
[2026-06-02T07:19:55.225+0000] {processor.py:830} INFO - Processing file /home/airflow/.local/lib/python3.11/site-packages/airflow/example_dags/example_local_kubernetes_executor.py for tasks to queue
[2026-06-02T07:19:55.228+0000] {logging_mixin.py:188} INFO - [2026-06-02T07:19:55.227+0000] {dagbag.py:545} INFO - Filling up the DagBag from /home/airflow/.local/lib/python3.11/site-packages/airflow/example_dags/example_local_kubernetes_executor.py
[2026-06-02T07:19:55.240+0000] {processor.py:840} INFO - DAG(s) 'example_local_kubernetes_executor' retrieved from /home/airflow/.local/lib/python3.11/site-packages/airflow/example_dags/example_local_kubernetes_executor.py
[2026-06-02T07:19:55.280+0000] {logging_mixin.py:188} INFO - [2026-06-02T07:19:55.280+0000] {dag.py:3096} INFO - Sync 1 DAGs
[2026-06-02T07:19:55.296+0000] {logging_mixin.py:188} INFO - [2026-06-02T07:19:55.296+0000] {dag.py:3954} INFO - Setting next_dagrun for example_local_kubernetes_executor to None, run_after=None
[2026-06-02T07:19:55.320+0000] {processor.py:183} INFO - Processing /home/airflow/.local/lib/python3.11/site-packages/airflow/example_dags/example_local_kubernetes_executor.py took 0.105 seconds
[2026-06-02T07:20:25.946+0000] {processor.py:161} INFO - Started process (PID=2577) to work on /home/airflow/.local/lib/python3.11/site-packages/airflow/example_dags/example_local_kubernetes_executor.py
[2026-06-02T07:20:25.948+0000] {processor.py:830} INFO - Processing file /home/airflow/.local/lib/python3.11/site-packages/airflow/example_dags/example_local_kubernetes_executor.py for tasks to queue
[2026-06-02T07:20:25.951+0000] {logging_mixin.py:188} INFO - [2026-06-02T07:20:25.951+0000] {dagbag.py:545} INFO - Filling up the DagBag from /home/airflow/.local/lib/python3.11/site-packages/airflow/example_dags/example_local_kubernetes_executor.py
[2026-06-02T07:20:25.966+0000] {processor.py:840} INFO - DAG(s) 'example_local_kubernetes_executor' retrieved from /home/airflow/.local/lib/python3.11/site-packages/airflow/example_dags/example_local_kubernetes_executor.py
[2026-06-02T07:20:26.018+0000] {logging_mixin.py:188} INFO - [2026-06-02T07:20:26.017+0000] {dag.py:3096} INFO - Sync 1 DAGs
[2026-06-02T07:20:26.035+0000] {logging_mixin.py:188} INFO - [2026-06-02T07:20:26.035+0000] {dag.py:3954} INFO - Setting next_dagrun for example_local_kubernetes_executor to None, run_after=None
[2026-06-02T07:20:26.072+0000] {processor.py:183} INFO - Processing /home/airflow/.local/lib/python3.11/site-packages/airflow/example_dags/example_local_kubernetes_executor.py took 0.137 seconds
[2026-06-02T07:20:56.939+0000] {processor.py:161} INFO - Started process (PID=2853) to work on /home/airflow/.local/lib/python3.11/site-packages/airflow/example_dags/example_local_kubernetes_executor.py
[2026-06-02T07:20:56.940+0000] {processor.py:830} INFO - Processing file /home/airflow/.local/lib/python3.11/site-packages/airflow/example_dags/example_local_kubernetes_executor.py for tasks to queue
[2026-06-02T07:20:56.944+0000] {logging_mixin.py:188} INFO - [2026-06-02T07:20:56.943+0000] {dagbag.py:545} INFO - Filling up the DagBag from /home/airflow/.local/lib/python3.11/site-packages/airflow/example_dags/example_local_kubernetes_executor.py
[2026-06-02T07:20:56.955+0000] {processor.py:840} INFO - DAG(s) 'example_local_kubernetes_executor' retrieved from /home/airflow/.local/lib/python3.11/site-packages/airflow/example_dags/example_local_kubernetes_executor.py
[2026-06-02T07:20:57.012+0000] {logging_mixin.py:188} INFO - [2026-06-02T07:20:57.012+0000] {dag.py:3096} INFO - Sync 1 DAGs
[2026-06-02T07:20:57.028+0000] {logging_mixin.py:188} INFO - [2026-06-02T07:20:57.027+0000] {dag.py:3954} INFO - Setting next_dagrun for example_local_kubernetes_executor to None, run_after=None
[2026-06-02T07:20:57.070+0000] {processor.py:183} INFO - Processing /home/airflow/.local/lib/python3.11/site-packages/airflow/example_dags/example_local_kubernetes_executor.py took 0.141 seconds
[2026-06-02T07:21:27.517+0000] {processor.py:161} INFO - Started process (PID=3129) to work on /home/airflow/.local/lib/python3.11/site-packages/airflow/example_dags/example_local_kubernetes_executor.py
[2026-06-02T07:21:27.518+0000] {processor.py:830} INFO - Processing file /home/airflow/.local/lib/python3.11/site-packages/airflow/example_dags/example_local_kubernetes_executor.py for tasks to queue
[2026-06-02T07:21:27.521+0000] {logging_mixin.py:188} INFO - [2026-06-02T07:21:27.521+0000] {dagbag.py:545} INFO - Filling up the DagBag from /home/airflow/.local/lib/python3.11/site-packages/airflow/example_dags/example_local_kubernetes_executor.py
[2026-06-02T07:21:27.534+0000] {processor.py:840} INFO - DAG(s) 'example_local_kubernetes_executor' retrieved from /home/airflow/.local/lib/python3.11/site-packages/airflow/example_dags/example_local_kubernetes_executor.py
[2026-06-02T07:21:27.578+0000] {logging_mixin.py:188} INFO - [2026-06-02T07:21:27.578+0000] {dag.py:3096} INFO - Sync 1 DAGs
[2026-06-02T07:21:27.607+0000] {logging_mixin.py:188} INFO - [2026-06-02T07:21:27.606+0000] {dag.py:3954} INFO - Setting next_dagrun for example_local_kubernetes_executor to None, run_after=None
[2026-06-02T07:21:27.629+0000] {processor.py:183} INFO - Processing /home/airflow/.local/lib/python3.11/site-packages/airflow/example_dags/example_local_kubernetes_executor.py took 0.126 seconds
[2026-06-02T07:21:58.092+0000] {processor.py:161} INFO - Started process (PID=3405) to work on /home/airflow/.local/lib/python3.11/site-packages/airflow/example_dags/example_local_kubernetes_executor.py
[2026-06-02T07:21:58.094+0000] {processor.py:830} INFO - Processing file /home/airflow/.local/lib/python3.11/site-packages/airflow/example_dags/example_local_kubernetes_executor.py for tasks to queue
[2026-06-02T07:21:58.098+0000] {logging_mixin.py:188} INFO - [2026-06-02T07:21:58.098+0000] {dagbag.py:545} INFO - Filling up the DagBag from /home/airflow/.local/lib/python3.11/site-packages/airflow/example_dags/example_local_kubernetes_executor.py
[2026-06-02T07:21:58.108+0000] {processor.py:840} INFO - DAG(s) 'example_local_kubernetes_executor' retrieved from /home/airflow/.local/lib/python3.11/site-packages/airflow/example_dags/example_local_kubernetes_executor.py
[2026-06-02T07:21:58.151+0000] {logging_mixin.py:188} INFO - [2026-06-02T07:21:58.151+0000] {dag.py:3096} INFO - Sync 1 DAGs
[2026-06-02T07:21:58.175+0000] {logging_mixin.py:188} INFO - [2026-06-02T07:21:58.174+0000] {dag.py:3954} INFO - Setting next_dagrun for example_local_kubernetes_executor to None, run_after=None
[2026-06-02T07:21:58.213+0000] {processor.py:183} INFO - Processing /home/airflow/.local/lib/python3.11/site-packages/airflow/example_dags/example_local_kubernetes_executor.py took 0.131 seconds
[2026-06-02T07:22:28.377+0000] {processor.py:161} INFO - Started process (PID=3681) to work on /home/airflow/.local/lib/python3.11/site-packages/airflow/example_dags/example_local_kubernetes_executor.py
[2026-06-02T07:22:28.378+0000] {processor.py:830} INFO - Processing file /home/airflow/.local/lib/python3.11/site-packages/airflow/example_dags/example_local_kubernetes_executor.py for tasks to queue
[2026-06-02T07:22:28.381+0000] {logging_mixin.py:188} INFO - [2026-06-02T07:22:28.380+0000] {dagbag.py:545} INFO - Filling up the DagBag from /home/airflow/.local/lib/python3.11/site-packages/airflow/example_dags/example_local_kubernetes_executor.py
[2026-06-02T07:22:28.390+0000] {processor.py:840} INFO - DAG(s) 'example_local_kubernetes_executor' retrieved from /home/airflow/.local/lib/python3.11/site-packages/airflow/example_dags/example_local_kubernetes_executor.py
[2026-06-02T07:22:28.428+0000] {logging_mixin.py:188} INFO - [2026-06-02T07:22:28.428+0000] {dag.py:3096} INFO - Sync 1 DAGs
[2026-06-02T07:22:28.441+0000] {logging_mixin.py:188} INFO - [2026-06-02T07:22:28.440+0000] {dag.py:3954} INFO - Setting next_dagrun for example_local_kubernetes_executor to None, run_after=None
[2026-06-02T07:22:28.471+0000] {processor.py:183} INFO - Processing /home/airflow/.local/lib/python3.11/site-packages/airflow/example_dags/example_local_kubernetes_executor.py took 0.102 seconds
[2026-06-02T07:22:59.026+0000] {processor.py:161} INFO - Started process (PID=3957) to work on /home/airflow/.local/lib/python3.11/site-packages/airflow/example_dags/example_local_kubernetes_executor.py
[2026-06-02T07:22:59.027+0000] {processor.py:830} INFO - Processing file /home/airflow/.local/lib/python3.11/site-packages/airflow/example_dags/example_local_kubernetes_executor.py for tasks to queue
[2026-06-02T07:22:59.030+0000] {logging_mixin.py:188} INFO - [2026-06-02T07:22:59.029+0000] {dagbag.py:545} INFO - Filling up the DagBag from /home/airflow/.local/lib/python3.11/site-packages/airflow/example_dags/example_local_kubernetes_executor.py
[2026-06-02T07:22:59.042+0000] {processor.py:840} INFO - DAG(s) 'example_local_kubernetes_executor' retrieved from /home/airflow/.local/lib/python3.11/site-packages/airflow/example_dags/example_local_kubernetes_executor.py
[2026-06-02T07:22:59.090+0000] {logging_mixin.py:188} INFO - [2026-06-02T07:22:59.089+0000] {dag.py:3096} INFO - Sync 1 DAGs
[2026-06-02T07:22:59.107+0000] {logging_mixin.py:188} INFO - [2026-06-02T07:22:59.107+0000] {dag.py:3954} INFO - Setting next_dagrun for example_local_kubernetes_executor to None, run_after=None
[2026-06-02T07:22:59.145+0000] {processor.py:183} INFO - Processing /home/airflow/.local/lib/python3.11/site-packages/airflow/example_dags/example_local_kubernetes_executor.py took 0.128 seconds
[2026-06-02T07:23:29.207+0000] {processor.py:161} INFO - Started process (PID=4235) to work on /home/airflow/.local/lib/python3.11/site-packages/airflow/example_dags/example_local_kubernetes_executor.py
[2026-06-02T07:23:29.209+0000] {processor.py:830} INFO - Processing file /home/airflow/.local/lib/python3.11/site-packages/airflow/example_dags/example_local_kubernetes_executor.py for tasks to queue
[2026-06-02T07:23:29.211+0000] {logging_mixin.py:188} INFO - [2026-06-02T07:23:29.211+0000] {dagbag.py:545} INFO - Filling up the DagBag from /home/airflow/.local/lib/python3.11/site-packages/airflow/example_dags/example_local_kubernetes_executor.py
[2026-06-02T07:23:29.224+0000] {processor.py:840} INFO - DAG(s) 'example_local_kubernetes_executor' retrieved from /home/airflow/.local/lib/python3.11/site-packages/airflow/example_dags/example_local_kubernetes_executor.py
[2026-06-02T07:23:29.281+0000] {logging_mixin.py:188} INFO - [2026-06-02T07:23:29.281+0000] {dag.py:3096} INFO - Sync 1 DAGs
[2026-06-02T07:23:29.306+0000] {logging_mixin.py:188} INFO - [2026-06-02T07:23:29.306+0000] {dag.py:3954} INFO - Setting next_dagrun for example_local_kubernetes_executor to None, run_after=None
[2026-06-02T07:23:29.327+0000] {processor.py:183} INFO - Processing /home/airflow/.local/lib/python3.11/site-packages/airflow/example_dags/example_local_kubernetes_executor.py took 0.128 seconds
[2026-06-02T07:23:59.376+0000] {processor.py:161} INFO - Started process (PID=4509) to work on /home/airflow/.local/lib/python3.11/site-packages/airflow/example_dags/example_local_kubernetes_executor.py
[2026-06-02T07:23:59.379+0000] {processor.py:830} INFO - Processing file /home/airflow/.local/lib/python3.11/site-packages/airflow/example_dags/example_local_kubernetes_executor.py for tasks to queue
[2026-06-02T07:23:59.381+0000] {logging_mixin.py:188} INFO - [2026-06-02T07:23:59.381+0000] {dagbag.py:545} INFO - Filling up the DagBag from /home/airflow/.local/lib/python3.11/site-packages/airflow/example_dags/example_local_kubernetes_executor.py
[2026-06-02T07:23:59.392+0000] {processor.py:840} INFO - DAG(s) 'example_local_kubernetes_executor' retrieved from /home/airflow/.local/lib/python3.11/site-packages/airflow/example_dags/example_local_kubernetes_executor.py
[2026-06-02T07:23:59.436+0000] {logging_mixin.py:188} INFO - [2026-06-02T07:23:59.436+0000] {dag.py:3096} INFO - Sync 1 DAGs
[2026-06-02T07:23:59.450+0000] {logging_mixin.py:188} INFO - [2026-06-02T07:23:59.450+0000] {dag.py:3954} INFO - Setting next_dagrun for example_local_kubernetes_executor to None, run_after=None
[2026-06-02T07:23:59.475+0000] {processor.py:183} INFO - Processing /home/airflow/.local/lib/python3.11/site-packages/airflow/example_dags/example_local_kubernetes_executor.py took 0.108 seconds
[2026-06-02T07:24:29.694+0000] {processor.py:161} INFO - Started process (PID=4785) to work on /home/airflow/.local/lib/python3.11/site-packages/airflow/example_dags/example_local_kubernetes_executor.py
[2026-06-02T07:24:29.696+0000] {processor.py:830} INFO - Processing file /home/airflow/.local/lib/python3.11/site-packages/airflow/example_dags/example_local_kubernetes_executor.py for tasks to queue
[2026-06-02T07:24:29.699+0000] {logging_mixin.py:188} INFO - [2026-06-02T07:24:29.699+0000] {dagbag.py:545} INFO - Filling up the DagBag from /home/airflow/.local/lib/python3.11/site-packages/airflow/example_dags/example_local_kubernetes_executor.py
[2026-06-02T07:24:29.710+0000] {processor.py:840} INFO - DAG(s) 'example_local_kubernetes_executor' retrieved from /home/airflow/.local/lib/python3.11/site-packages/airflow/example_dags/example_local_kubernetes_executor.py
[2026-06-02T07:24:29.762+0000] {logging_mixin.py:188} INFO - [2026-06-02T07:24:29.762+0000] {dag.py:3096} INFO - Sync 1 DAGs
[2026-06-02T07:24:29.783+0000] {logging_mixin.py:188} INFO - [2026-06-02T07:24:29.782+0000] {dag.py:3954} INFO - Setting next_dagrun for example_local_kubernetes_executor to None, run_after=None
[2026-06-02T07:24:29.817+0000] {processor.py:183} INFO - Processing /home/airflow/.local/lib/python3.11/site-packages/airflow/example_dags/example_local_kubernetes_executor.py took 0.133 seconds
[2026-06-02T07:25:00.105+0000] {processor.py:161} INFO - Started process (PID=5061) to work on /home/airflow/.local/lib/python3.11/site-packages/airflow/example_dags/example_local_kubernetes_executor.py
[2026-06-02T07:25:00.107+0000] {processor.py:830} INFO - Processing file /home/airflow/.local/lib/python3.11/site-packages/airflow/example_dags/example_local_kubernetes_executor.py for tasks to queue
[2026-06-02T07:25:00.109+0000] {logging_mixin.py:188} INFO - [2026-06-02T07:25:00.109+0000] {dagbag.py:545} INFO - Filling up the DagBag from /home/airflow/.local/lib/python3.11/site-packages/airflow/example_dags/example_local_kubernetes_executor.py
[2026-06-02T07:25:00.123+0000] {processor.py:840} INFO - DAG(s) 'example_local_kubernetes_executor' retrieved from /home/airflow/.local/lib/python3.11/site-packages/airflow/example_dags/example_local_kubernetes_executor.py
[2026-06-02T07:25:00.168+0000] {logging_mixin.py:188} INFO - [2026-06-02T07:25:00.167+0000] {dag.py:3096} INFO - Sync 1 DAGs
[2026-06-02T07:25:00.183+0000] {logging_mixin.py:188} INFO - [2026-06-02T07:25:00.182+0000] {dag.py:3954} INFO - Setting next_dagrun for example_local_kubernetes_executor to None, run_after=None
[2026-06-02T07:25:00.220+0000] {processor.py:183} INFO - Processing /home/airflow/.local/lib/python3.11/site-packages/airflow/example_dags/example_local_kubernetes_executor.py took 0.126 seconds
[2026-06-02T07:25:31.071+0000] {processor.py:161} INFO - Started process (PID=5337) to work on /home/airflow/.local/lib/python3.11/site-packages/airflow/example_dags/example_local_kubernetes_executor.py
[2026-06-02T07:25:31.072+0000] {processor.py:830} INFO - Processing file /home/airflow/.local/lib/python3.11/site-packages/airflow/example_dags/example_local_kubernetes_executor.py for tasks to queue
[2026-06-02T07:25:31.075+0000] {logging_mixin.py:188} INFO - [2026-06-02T07:25:31.075+0000] {dagbag.py:545} INFO - Filling up the DagBag from /home/airflow/.local/lib/python3.11/site-packages/airflow/example_dags/example_local_kubernetes_executor.py
[2026-06-02T07:25:31.085+0000] {processor.py:840} INFO - DAG(s) 'example_local_kubernetes_executor' retrieved from /home/airflow/.local/lib/python3.11/site-packages/airflow/example_dags/example_local_kubernetes_executor.py
[2026-06-02T07:25:31.135+0000] {logging_mixin.py:188} INFO - [2026-06-02T07:25:31.134+0000] {dag.py:3096} INFO - Sync 1 DAGs
[2026-06-02T07:25:31.153+0000] {logging_mixin.py:188} INFO - [2026-06-02T07:25:31.153+0000] {dag.py:3954} INFO - Setting next_dagrun for example_local_kubernetes_executor to None, run_after=None
[2026-06-02T07:25:31.186+0000] {processor.py:183} INFO - Processing /home/airflow/.local/lib/python3.11/site-packages/airflow/example_dags/example_local_kubernetes_executor.py took 0.127 seconds
[2026-06-02T07:26:01.427+0000] {processor.py:161} INFO - Started process (PID=5613) to work on /home/airflow/.local/lib/python3.11/site-packages/airflow/example_dags/example_local_kubernetes_executor.py
[2026-06-02T07:26:01.428+0000] {processor.py:830} INFO - Processing file /home/airflow/.local/lib/python3.11/site-packages/airflow/example_dags/example_local_kubernetes_executor.py for tasks to queue
[2026-06-02T07:26:01.431+0000] {logging_mixin.py:188} INFO - [2026-06-02T07:26:01.431+0000] {dagbag.py:545} INFO - Filling up the DagBag from /home/airflow/.local/lib/python3.11/site-packages/airflow/example_dags/example_local_kubernetes_executor.py
[2026-06-02T07:26:01.441+0000] {processor.py:840} INFO - DAG(s) 'example_local_kubernetes_executor' retrieved from /home/airflow/.local/lib/python3.11/site-packages/airflow/example_dags/example_local_kubernetes_executor.py
[2026-06-02T07:26:01.486+0000] {logging_mixin.py:188} INFO - [2026-06-02T07:26:01.485+0000] {dag.py:3096} INFO - Sync 1 DAGs
[2026-06-02T07:26:01.501+0000] {logging_mixin.py:188} INFO - [2026-06-02T07:26:01.500+0000] {dag.py:3954} INFO - Setting next_dagrun for example_local_kubernetes_executor to None, run_after=None
[2026-06-02T07:26:01.528+0000] {processor.py:183} INFO - Processing /home/airflow/.local/lib/python3.11/site-packages/airflow/example_dags/example_local_kubernetes_executor.py took 0.109 seconds
[2026-06-02T07:26:33.026+0000] {processor.py:161} INFO - Started process (PID=5889) to work on /home/airflow/.local/lib/python3.11/site-packages/airflow/example_dags/example_local_kubernetes_executor.py
[2026-06-02T07:26:33.028+0000] {processor.py:830} INFO - Processing file /home/airflow/.local/lib/python3.11/site-packages/airflow/example_dags/example_local_kubernetes_executor.py for tasks to queue
[2026-06-02T07:26:33.030+0000] {logging_mixin.py:188} INFO - [2026-06-02T07:26:33.030+0000] {dagbag.py:545} INFO - Filling up the DagBag from /home/airflow/.local/lib/python3.11/site-packages/airflow/example_dags/example_local_kubernetes_executor.py
[2026-06-02T07:26:33.042+0000] {processor.py:840} INFO - DAG(s) 'example_local_kubernetes_executor' retrieved from /home/airflow/.local/lib/python3.11/site-packages/airflow/example_dags/example_local_kubernetes_executor.py
[2026-06-02T07:26:33.089+0000] {logging_mixin.py:188} INFO - [2026-06-02T07:26:33.088+0000] {dag.py:3096} INFO - Sync 1 DAGs
[2026-06-02T07:26:33.104+0000] {logging_mixin.py:188} INFO - [2026-06-02T07:26:33.104+0000] {dag.py:3954} INFO - Setting next_dagrun for example_local_kubernetes_executor to None, run_after=None
[2026-06-02T07:26:33.136+0000] {processor.py:183} INFO - Processing /home/airflow/.local/lib/python3.11/site-packages/airflow/example_dags/example_local_kubernetes_executor.py took 0.119 seconds
[2026-06-02T07:27:05.186+0000] {processor.py:161} INFO - Started process (PID=6165) to work on /home/airflow/.local/lib/python3.11/site-packages/airflow/example_dags/example_local_kubernetes_executor.py
[2026-06-02T07:27:05.188+0000] {processor.py:830} INFO - Processing file /home/airflow/.local/lib/python3.11/site-packages/airflow/example_dags/example_local_kubernetes_executor.py for tasks to queue
[2026-06-02T07:27:05.192+0000] {logging_mixin.py:188} INFO - [2026-06-02T07:27:05.191+0000] {dagbag.py:545} INFO - Filling up the DagBag from /home/airflow/.local/lib/python3.11/site-packages/airflow/example_dags/example_local_kubernetes_executor.py
[2026-06-02T07:27:05.206+0000] {processor.py:840} INFO - DAG(s) 'example_local_kubernetes_executor' retrieved from /home/airflow/.local/lib/python3.11/site-packages/airflow/example_dags/example_local_kubernetes_executor.py
[2026-06-02T07:27:05.284+0000] {logging_mixin.py:188} INFO - [2026-06-02T07:27:05.283+0000] {dag.py:3096} INFO - Sync 1 DAGs
[2026-06-02T07:27:05.314+0000] {logging_mixin.py:188} INFO - [2026-06-02T07:27:05.313+0000] {dag.py:3954} INFO - Setting next_dagrun for example_local_kubernetes_executor to None, run_after=None
[2026-06-02T07:27:05.359+0000] {processor.py:183} INFO - Processing /home/airflow/.local/lib/python3.11/site-packages/airflow/example_dags/example_local_kubernetes_executor.py took 0.192 seconds
[2026-06-02T07:27:35.570+0000] {processor.py:161} INFO - Started process (PID=6427) to work on /home/airflow/.local/lib/python3.11/site-packages/airflow/example_dags/example_local_kubernetes_executor.py
[2026-06-02T07:27:35.572+0000] {processor.py:830} INFO - Processing file /home/airflow/.local/lib/python3.11/site-packages/airflow/example_dags/example_local_kubernetes_executor.py for tasks to queue
[2026-06-02T07:27:35.575+0000] {logging_mixin.py:188} INFO - [2026-06-02T07:27:35.575+0000] {dagbag.py:545} INFO - Filling up the DagBag from /home/airflow/.local/lib/python3.11/site-packages/airflow/example_dags/example_local_kubernetes_executor.py
[2026-06-02T07:27:35.590+0000] {processor.py:840} INFO - DAG(s) 'example_local_kubernetes_executor' retrieved from /home/airflow/.local/lib/python3.11/site-packages/airflow/example_dags/example_local_kubernetes_executor.py
[2026-06-02T07:27:35.641+0000] {logging_mixin.py:188} INFO - [2026-06-02T07:27:35.641+0000] {dag.py:3096} INFO - Sync 1 DAGs
[2026-06-02T07:27:35.660+0000] {logging_mixin.py:188} INFO - [2026-06-02T07:27:35.660+0000] {dag.py:3954} INFO - Setting next_dagrun for example_local_kubernetes_executor to None, run_after=None
[2026-06-02T07:27:35.693+0000] {processor.py:183} INFO - Processing /home/airflow/.local/lib/python3.11/site-packages/airflow/example_dags/example_local_kubernetes_executor.py took 0.138 seconds
[2026-06-02T07:28:06.474+0000] {processor.py:161} INFO - Started process (PID=6705) to work on /home/airflow/.local/lib/python3.11/site-packages/airflow/example_dags/example_local_kubernetes_executor.py
[2026-06-02T07:28:06.476+0000] {processor.py:830} INFO - Processing file /home/airflow/.local/lib/python3.11/site-packages/airflow/example_dags/example_local_kubernetes_executor.py for tasks to queue
[2026-06-02T07:28:06.478+0000] {logging_mixin.py:188} INFO - [2026-06-02T07:28:06.478+0000] {dagbag.py:545} INFO - Filling up the DagBag from /home/airflow/.local/lib/python3.11/site-packages/airflow/example_dags/example_local_kubernetes_executor.py
[2026-06-02T07:28:06.505+0000] {processor.py:840} INFO - DAG(s) 'example_local_kubernetes_executor' retrieved from /home/airflow/.local/lib/python3.11/site-packages/airflow/example_dags/example_local_kubernetes_executor.py
[2026-06-02T07:28:06.556+0000] {logging_mixin.py:188} INFO - [2026-06-02T07:28:06.555+0000] {dag.py:3096} INFO - Sync 1 DAGs
[2026-06-02T07:28:06.575+0000] {logging_mixin.py:188} INFO - [2026-06-02T07:28:06.575+0000] {dag.py:3954} INFO - Setting next_dagrun for example_local_kubernetes_executor to None, run_after=None
[2026-06-02T07:28:06.604+0000] {processor.py:183} INFO - Processing /home/airflow/.local/lib/python3.11/site-packages/airflow/example_dags/example_local_kubernetes_executor.py took 0.141 seconds
[2026-06-02T07:28:36.673+0000] {processor.py:161} INFO - Started process (PID=6979) to work on /home/airflow/.local/lib/python3.11/site-packages/airflow/example_dags/example_local_kubernetes_executor.py
[2026-06-02T07:28:36.675+0000] {processor.py:830} INFO - Processing file /home/airflow/.local/lib/python3.11/site-packages/airflow/example_dags/example_local_kubernetes_executor.py for tasks to queue
[2026-06-02T07:28:36.677+0000] {logging_mixin.py:188} INFO - [2026-06-02T07:28:36.676+0000] {dagbag.py:545} INFO - Filling up the DagBag from /home/airflow/.local/lib/python3.11/site-packages/airflow/example_dags/example_local_kubernetes_executor.py
[2026-06-02T07:28:36.685+0000] {processor.py:840} INFO - DAG(s) 'example_local_kubernetes_executor' retrieved from /home/airflow/.local/lib/python3.11/site-packages/airflow/example_dags/example_local_kubernetes_executor.py
[2026-06-02T07:28:36.726+0000] {logging_mixin.py:188} INFO - [2026-06-02T07:28:36.726+0000] {dag.py:3096} INFO - Sync 1 DAGs
[2026-06-02T07:28:36.745+0000] {logging_mixin.py:188} INFO - [2026-06-02T07:28:36.744+0000] {dag.py:3954} INFO - Setting next_dagrun for example_local_kubernetes_executor to None, run_after=None
[2026-06-02T07:28:36.770+0000] {processor.py:183} INFO - Processing /home/airflow/.local/lib/python3.11/site-packages/airflow/example_dags/example_local_kubernetes_executor.py took 0.105 seconds
[2026-06-02T07:30:06.305+0000] {processor.py:161} INFO - Started process (PID=387) to work on /home/airflow/.local/lib/python3.11/site-packages/airflow/example_dags/example_local_kubernetes_executor.py
[2026-06-02T07:30:06.308+0000] {processor.py:830} INFO - Processing file /home/airflow/.local/lib/python3.11/site-packages/airflow/example_dags/example_local_kubernetes_executor.py for tasks to queue
[2026-06-02T07:30:06.311+0000] {logging_mixin.py:188} INFO - [2026-06-02T07:30:06.311+0000] {dagbag.py:545} INFO - Filling up the DagBag from /home/airflow/.local/lib/python3.11/site-packages/airflow/example_dags/example_local_kubernetes_executor.py
[2026-06-02T07:30:06.324+0000] {processor.py:840} INFO - DAG(s) 'example_local_kubernetes_executor' retrieved from /home/airflow/.local/lib/python3.11/site-packages/airflow/example_dags/example_local_kubernetes_executor.py
[2026-06-02T07:30:06.342+0000] {logging_mixin.py:188} INFO - [2026-06-02T07:30:06.341+0000] {dag.py:3096} INFO - Sync 1 DAGs
[2026-06-02T07:30:06.360+0000] {logging_mixin.py:188} INFO - [2026-06-02T07:30:06.360+0000] {dag.py:3954} INFO - Setting next_dagrun for example_local_kubernetes_executor to None, run_after=None
[2026-06-02T07:30:06.404+0000] {processor.py:183} INFO - Processing /home/airflow/.local/lib/python3.11/site-packages/airflow/example_dags/example_local_kubernetes_executor.py took 0.108 seconds
[2026-06-02T07:30:37.080+0000] {processor.py:161} INFO - Started process (PID=663) to work on /home/airflow/.local/lib/python3.11/site-packages/airflow/example_dags/example_local_kubernetes_executor.py
[2026-06-02T07:30:37.081+0000] {processor.py:830} INFO - Processing file /home/airflow/.local/lib/python3.11/site-packages/airflow/example_dags/example_local_kubernetes_executor.py for tasks to queue
[2026-06-02T07:30:37.083+0000] {logging_mixin.py:188} INFO - [2026-06-02T07:30:37.083+0000] {dagbag.py:545} INFO - Filling up the DagBag from /home/airflow/.local/lib/python3.11/site-packages/airflow/example_dags/example_local_kubernetes_executor.py
[2026-06-02T07:30:37.091+0000] {processor.py:840} INFO - DAG(s) 'example_local_kubernetes_executor' retrieved from /home/airflow/.local/lib/python3.11/site-packages/airflow/example_dags/example_local_kubernetes_executor.py
[2026-06-02T07:30:37.192+0000] {logging_mixin.py:188} INFO - [2026-06-02T07:30:37.192+0000] {dag.py:3096} INFO - Sync 1 DAGs
[2026-06-02T07:30:37.204+0000] {logging_mixin.py:188} INFO - [2026-06-02T07:30:37.203+0000] {dag.py:3954} INFO - Setting next_dagrun for example_local_kubernetes_executor to None, run_after=None
[2026-06-02T07:30:37.230+0000] {processor.py:183} INFO - Processing /home/airflow/.local/lib/python3.11/site-packages/airflow/example_dags/example_local_kubernetes_executor.py took 0.157 seconds
[2026-06-02T07:31:07.818+0000] {processor.py:161} INFO - Started process (PID=939) to work on /home/airflow/.local/lib/python3.11/site-packages/airflow/example_dags/example_local_kubernetes_executor.py
[2026-06-02T07:31:07.819+0000] {processor.py:830} INFO - Processing file /home/airflow/.local/lib/python3.11/site-packages/airflow/example_dags/example_local_kubernetes_executor.py for tasks to queue
[2026-06-02T07:31:07.821+0000] {logging_mixin.py:188} INFO - [2026-06-02T07:31:07.821+0000] {dagbag.py:545} INFO - Filling up the DagBag from /home/airflow/.local/lib/python3.11/site-packages/airflow/example_dags/example_local_kubernetes_executor.py
[2026-06-02T07:31:07.829+0000] {processor.py:840} INFO - DAG(s) 'example_local_kubernetes_executor' retrieved from /home/airflow/.local/lib/python3.11/site-packages/airflow/example_dags/example_local_kubernetes_executor.py
[2026-06-02T07:31:07.864+0000] {logging_mixin.py:188} INFO - [2026-06-02T07:31:07.864+0000] {dag.py:3096} INFO - Sync 1 DAGs
[2026-06-02T07:31:07.876+0000] {logging_mixin.py:188} INFO - [2026-06-02T07:31:07.875+0000] {dag.py:3954} INFO - Setting next_dagrun for example_local_kubernetes_executor to None, run_after=None
[2026-06-02T07:31:07.907+0000] {processor.py:183} INFO - Processing /home/airflow/.local/lib/python3.11/site-packages/airflow/example_dags/example_local_kubernetes_executor.py took 0.097 seconds
[2026-06-02T07:31:39.079+0000] {processor.py:161} INFO - Started process (PID=1207) to work on /home/airflow/.local/lib/python3.11/site-packages/airflow/example_dags/example_local_kubernetes_executor.py
[2026-06-02T07:31:39.081+0000] {processor.py:830} INFO - Processing file /home/airflow/.local/lib/python3.11/site-packages/airflow/example_dags/example_local_kubernetes_executor.py for tasks to queue
[2026-06-02T07:31:39.083+0000] {logging_mixin.py:188} INFO - [2026-06-02T07:31:39.083+0000] {dagbag.py:545} INFO - Filling up the DagBag from /home/airflow/.local/lib/python3.11/site-packages/airflow/example_dags/example_local_kubernetes_executor.py
[2026-06-02T07:31:39.091+0000] {processor.py:840} INFO - DAG(s) 'example_local_kubernetes_executor' retrieved from /home/airflow/.local/lib/python3.11/site-packages/airflow/example_dags/example_local_kubernetes_executor.py
[2026-06-02T07:31:39.131+0000] {logging_mixin.py:188} INFO - [2026-06-02T07:31:39.131+0000] {dag.py:3096} INFO - Sync 1 DAGs
[2026-06-02T07:31:39.149+0000] {logging_mixin.py:188} INFO - [2026-06-02T07:31:39.149+0000] {dag.py:3954} INFO - Setting next_dagrun for example_local_kubernetes_executor to None, run_after=None
[2026-06-02T07:31:39.183+0000] {processor.py:183} INFO - Processing /home/airflow/.local/lib/python3.11/site-packages/airflow/example_dags/example_local_kubernetes_executor.py took 0.110 seconds
[2026-06-02T07:32:09.265+0000] {processor.py:161} INFO - Started process (PID=1477) to work on /home/airflow/.local/lib/python3.11/site-packages/airflow/example_dags/example_local_kubernetes_executor.py
[2026-06-02T07:32:09.267+0000] {processor.py:830} INFO - Processing file /home/airflow/.local/lib/python3.11/site-packages/airflow/example_dags/example_local_kubernetes_executor.py for tasks to queue
[2026-06-02T07:32:09.268+0000] {logging_mixin.py:188} INFO - [2026-06-02T07:32:09.268+0000] {dagbag.py:545} INFO - Filling up the DagBag from /home/airflow/.local/lib/python3.11/site-packages/airflow/example_dags/example_local_kubernetes_executor.py
[2026-06-02T07:32:09.279+0000] {processor.py:840} INFO - DAG(s) 'example_local_kubernetes_executor' retrieved from /home/airflow/.local/lib/python3.11/site-packages/airflow/example_dags/example_local_kubernetes_executor.py
[2026-06-02T07:32:09.334+0000] {logging_mixin.py:188} INFO - [2026-06-02T07:32:09.334+0000] {dag.py:3096} INFO - Sync 1 DAGs
[2026-06-02T07:32:09.350+0000] {logging_mixin.py:188} INFO - [2026-06-02T07:32:09.349+0000] {dag.py:3954} INFO - Setting next_dagrun for example_local_kubernetes_executor to None, run_after=None
[2026-06-02T07:32:09.387+0000] {processor.py:183} INFO - Processing /home/airflow/.local/lib/python3.11/site-packages/airflow/example_dags/example_local_kubernetes_executor.py took 0.130 seconds
[2026-06-02T07:32:39.498+0000] {processor.py:161} INFO - Started process (PID=1753) to work on /home/airflow/.local/lib/python3.11/site-packages/airflow/example_dags/example_local_kubernetes_executor.py
[2026-06-02T07:32:39.500+0000] {processor.py:830} INFO - Processing file /home/airflow/.local/lib/python3.11/site-packages/airflow/example_dags/example_local_kubernetes_executor.py for tasks to queue
[2026-06-02T07:32:39.502+0000] {logging_mixin.py:188} INFO - [2026-06-02T07:32:39.501+0000] {dagbag.py:545} INFO - Filling up the DagBag from /home/airflow/.local/lib/python3.11/site-packages/airflow/example_dags/example_local_kubernetes_executor.py
[2026-06-02T07:32:39.509+0000] {processor.py:840} INFO - DAG(s) 'example_local_kubernetes_executor' retrieved from /home/airflow/.local/lib/python3.11/site-packages/airflow/example_dags/example_local_kubernetes_executor.py
[2026-06-02T07:32:39.551+0000] {logging_mixin.py:188} INFO - [2026-06-02T07:32:39.551+0000] {dag.py:3096} INFO - Sync 1 DAGs
[2026-06-02T07:32:39.562+0000] {logging_mixin.py:188} INFO - [2026-06-02T07:32:39.561+0000] {dag.py:3954} INFO - Setting next_dagrun for example_local_kubernetes_executor to None, run_after=None
[2026-06-02T07:32:39.579+0000] {processor.py:183} INFO - Processing /home/airflow/.local/lib/python3.11/site-packages/airflow/example_dags/example_local_kubernetes_executor.py took 0.089 seconds
[2026-06-02T07:33:10.367+0000] {processor.py:161} INFO - Started process (PID=2029) to work on /home/airflow/.local/lib/python3.11/site-packages/airflow/example_dags/example_local_kubernetes_executor.py
[2026-06-02T07:33:10.369+0000] {processor.py:830} INFO - Processing file /home/airflow/.local/lib/python3.11/site-packages/airflow/example_dags/example_local_kubernetes_executor.py for tasks to queue
[2026-06-02T07:33:10.373+0000] {logging_mixin.py:188} INFO - [2026-06-02T07:33:10.371+0000] {dagbag.py:545} INFO - Filling up the DagBag from /home/airflow/.local/lib/python3.11/site-packages/airflow/example_dags/example_local_kubernetes_executor.py
[2026-06-02T07:33:10.382+0000] {processor.py:840} INFO - DAG(s) 'example_local_kubernetes_executor' retrieved from /home/airflow/.local/lib/python3.11/site-packages/airflow/example_dags/example_local_kubernetes_executor.py
[2026-06-02T07:33:10.422+0000] {logging_mixin.py:188} INFO - [2026-06-02T07:33:10.422+0000] {dag.py:3096} INFO - Sync 1 DAGs
[2026-06-02T07:33:10.435+0000] {logging_mixin.py:188} INFO - [2026-06-02T07:33:10.435+0000] {dag.py:3954} INFO - Setting next_dagrun for example_local_kubernetes_executor to None, run_after=None
[2026-06-02T07:33:10.459+0000] {processor.py:183} INFO - Processing /home/airflow/.local/lib/python3.11/site-packages/airflow/example_dags/example_local_kubernetes_executor.py took 0.102 seconds
[2026-06-02T07:33:40.899+0000] {processor.py:161} INFO - Started process (PID=2305) to work on /home/airflow/.local/lib/python3.11/site-packages/airflow/example_dags/example_local_kubernetes_executor.py
[2026-06-02T07:33:40.900+0000] {processor.py:830} INFO - Processing file /home/airflow/.local/lib/python3.11/site-packages/airflow/example_dags/example_local_kubernetes_executor.py for tasks to queue
[2026-06-02T07:33:40.902+0000] {logging_mixin.py:188} INFO - [2026-06-02T07:33:40.902+0000] {dagbag.py:545} INFO - Filling up the DagBag from /home/airflow/.local/lib/python3.11/site-packages/airflow/example_dags/example_local_kubernetes_executor.py
[2026-06-02T07:33:40.910+0000] {processor.py:840} INFO - DAG(s) 'example_local_kubernetes_executor' retrieved from /home/airflow/.local/lib/python3.11/site-packages/airflow/example_dags/example_local_kubernetes_executor.py
[2026-06-02T07:33:40.946+0000] {logging_mixin.py:188} INFO - [2026-06-02T07:33:40.946+0000] {dag.py:3096} INFO - Sync 1 DAGs
[2026-06-02T07:33:40.957+0000] {logging_mixin.py:188} INFO - [2026-06-02T07:33:40.957+0000] {dag.py:3954} INFO - Setting next_dagrun for example_local_kubernetes_executor to None, run_after=None
[2026-06-02T07:33:40.974+0000] {processor.py:183} INFO - Processing /home/airflow/.local/lib/python3.11/site-packages/airflow/example_dags/example_local_kubernetes_executor.py took 0.081 seconds
[2026-06-02T07:34:11.651+0000] {processor.py:161} INFO - Started process (PID=2581) to work on /home/airflow/.local/lib/python3.11/site-packages/airflow/example_dags/example_local_kubernetes_executor.py
[2026-06-02T07:34:11.653+0000] {processor.py:830} INFO - Processing file /home/airflow/.local/lib/python3.11/site-packages/airflow/example_dags/example_local_kubernetes_executor.py for tasks to queue
[2026-06-02T07:34:11.655+0000] {logging_mixin.py:188} INFO - [2026-06-02T07:34:11.654+0000] {dagbag.py:545} INFO - Filling up the DagBag from /home/airflow/.local/lib/python3.11/site-packages/airflow/example_dags/example_local_kubernetes_executor.py
[2026-06-02T07:34:11.663+0000] {processor.py:840} INFO - DAG(s) 'example_local_kubernetes_executor' retrieved from /home/airflow/.local/lib/python3.11/site-packages/airflow/example_dags/example_local_kubernetes_executor.py
[2026-06-02T07:34:11.704+0000] {logging_mixin.py:188} INFO - [2026-06-02T07:34:11.704+0000] {dag.py:3096} INFO - Sync 1 DAGs
[2026-06-02T07:34:11.722+0000] {logging_mixin.py:188} INFO - [2026-06-02T07:34:11.722+0000] {dag.py:3954} INFO - Setting next_dagrun for example_local_kubernetes_executor to None, run_after=None
[2026-06-02T07:34:11.749+0000] {processor.py:183} INFO - Processing /home/airflow/.local/lib/python3.11/site-packages/airflow/example_dags/example_local_kubernetes_executor.py took 0.103 seconds
[2026-06-02T07:34:43.822+0000] {processor.py:161} INFO - Started process (PID=2859) to work on /home/airflow/.local/lib/python3.11/site-packages/airflow/example_dags/example_local_kubernetes_executor.py
[2026-06-02T07:34:43.824+0000] {processor.py:830} INFO - Processing file /home/airflow/.local/lib/python3.11/site-packages/airflow/example_dags/example_local_kubernetes_executor.py for tasks to queue
[2026-06-02T07:34:43.827+0000] {logging_mixin.py:188} INFO - [2026-06-02T07:34:43.826+0000] {dagbag.py:545} INFO - Filling up the DagBag from /home/airflow/.local/lib/python3.11/site-packages/airflow/example_dags/example_local_kubernetes_executor.py
[2026-06-02T07:34:43.835+0000] {processor.py:840} INFO - DAG(s) 'example_local_kubernetes_executor' retrieved from /home/airflow/.local/lib/python3.11/site-packages/airflow/example_dags/example_local_kubernetes_executor.py
[2026-06-02T07:34:43.881+0000] {logging_mixin.py:188} INFO - [2026-06-02T07:34:43.880+0000] {dag.py:3096} INFO - Sync 1 DAGs
[2026-06-02T07:34:43.906+0000] {logging_mixin.py:188} INFO - [2026-06-02T07:34:43.906+0000] {dag.py:3954} INFO - Setting next_dagrun for example_local_kubernetes_executor to None, run_after=None
[2026-06-02T07:34:43.930+0000] {processor.py:183} INFO - Processing /home/airflow/.local/lib/python3.11/site-packages/airflow/example_dags/example_local_kubernetes_executor.py took 0.115 seconds
[2026-06-02T07:35:14.648+0000] {processor.py:161} INFO - Started process (PID=3133) to work on /home/airflow/.local/lib/python3.11/site-packages/airflow/example_dags/example_local_kubernetes_executor.py
[2026-06-02T07:35:14.650+0000] {processor.py:830} INFO - Processing file /home/airflow/.local/lib/python3.11/site-packages/airflow/example_dags/example_local_kubernetes_executor.py for tasks to queue
[2026-06-02T07:35:14.653+0000] {logging_mixin.py:188} INFO - [2026-06-02T07:35:14.653+0000] {dagbag.py:545} INFO - Filling up the DagBag from /home/airflow/.local/lib/python3.11/site-packages/airflow/example_dags/example_local_kubernetes_executor.py
[2026-06-02T07:35:14.661+0000] {processor.py:840} INFO - DAG(s) 'example_local_kubernetes_executor' retrieved from /home/airflow/.local/lib/python3.11/site-packages/airflow/example_dags/example_local_kubernetes_executor.py
[2026-06-02T07:35:14.704+0000] {logging_mixin.py:188} INFO - [2026-06-02T07:35:14.703+0000] {dag.py:3096} INFO - Sync 1 DAGs
[2026-06-02T07:35:14.720+0000] {logging_mixin.py:188} INFO - [2026-06-02T07:35:14.720+0000] {dag.py:3954} INFO - Setting next_dagrun for example_local_kubernetes_executor to None, run_after=None
[2026-06-02T07:35:14.761+0000] {processor.py:183} INFO - Processing /home/airflow/.local/lib/python3.11/site-packages/airflow/example_dags/example_local_kubernetes_executor.py took 0.122 seconds
[2026-06-02T07:35:44.993+0000] {processor.py:161} INFO - Started process (PID=3409) to work on /home/airflow/.local/lib/python3.11/site-packages/airflow/example_dags/example_local_kubernetes_executor.py
[2026-06-02T07:35:44.994+0000] {processor.py:830} INFO - Processing file /home/airflow/.local/lib/python3.11/site-packages/airflow/example_dags/example_local_kubernetes_executor.py for tasks to queue
[2026-06-02T07:35:44.996+0000] {logging_mixin.py:188} INFO - [2026-06-02T07:35:44.996+0000] {dagbag.py:545} INFO - Filling up the DagBag from /home/airflow/.local/lib/python3.11/site-packages/airflow/example_dags/example_local_kubernetes_executor.py
[2026-06-02T07:35:45.006+0000] {processor.py:840} INFO - DAG(s) 'example_local_kubernetes_executor' retrieved from /home/airflow/.local/lib/python3.11/site-packages/airflow/example_dags/example_local_kubernetes_executor.py
[2026-06-02T07:35:45.048+0000] {logging_mixin.py:188} INFO - [2026-06-02T07:35:45.047+0000] {dag.py:3096} INFO - Sync 1 DAGs
[2026-06-02T07:35:45.061+0000] {logging_mixin.py:188} INFO - [2026-06-02T07:35:45.060+0000] {dag.py:3954} INFO - Setting next_dagrun for example_local_kubernetes_executor to None, run_after=None
[2026-06-02T07:35:45.097+0000] {processor.py:183} INFO - Processing /home/airflow/.local/lib/python3.11/site-packages/airflow/example_dags/example_local_kubernetes_executor.py took 0.111 seconds
[2026-06-02T07:36:15.186+0000] {processor.py:161} INFO - Started process (PID=3682) to work on /home/airflow/.local/lib/python3.11/site-packages/airflow/example_dags/example_local_kubernetes_executor.py
[2026-06-02T07:36:15.187+0000] {processor.py:830} INFO - Processing file /home/airflow/.local/lib/python3.11/site-packages/airflow/example_dags/example_local_kubernetes_executor.py for tasks to queue
[2026-06-02T07:36:15.190+0000] {logging_mixin.py:188} INFO - [2026-06-02T07:36:15.189+0000] {dagbag.py:545} INFO - Filling up the DagBag from /home/airflow/.local/lib/python3.11/site-packages/airflow/example_dags/example_local_kubernetes_executor.py
[2026-06-02T07:36:15.196+0000] {processor.py:840} INFO - DAG(s) 'example_local_kubernetes_executor' retrieved from /home/airflow/.local/lib/python3.11/site-packages/airflow/example_dags/example_local_kubernetes_executor.py
[2026-06-02T07:36:15.229+0000] {logging_mixin.py:188} INFO - [2026-06-02T07:36:15.228+0000] {dag.py:3096} INFO - Sync 1 DAGs
[2026-06-02T07:36:15.242+0000] {logging_mixin.py:188} INFO - [2026-06-02T07:36:15.242+0000] {dag.py:3954} INFO - Setting next_dagrun for example_local_kubernetes_executor to None, run_after=None
[2026-06-02T07:36:15.262+0000] {processor.py:183} INFO - Processing /home/airflow/.local/lib/python3.11/site-packages/airflow/example_dags/example_local_kubernetes_executor.py took 0.081 seconds
[2026-06-02T07:36:45.634+0000] {processor.py:161} INFO - Started process (PID=3961) to work on /home/airflow/.local/lib/python3.11/site-packages/airflow/example_dags/example_local_kubernetes_executor.py
[2026-06-02T07:36:45.636+0000] {processor.py:830} INFO - Processing file /home/airflow/.local/lib/python3.11/site-packages/airflow/example_dags/example_local_kubernetes_executor.py for tasks to queue
[2026-06-02T07:36:45.638+0000] {logging_mixin.py:188} INFO - [2026-06-02T07:36:45.638+0000] {dagbag.py:545} INFO - Filling up the DagBag from /home/airflow/.local/lib/python3.11/site-packages/airflow/example_dags/example_local_kubernetes_executor.py
[2026-06-02T07:36:45.646+0000] {processor.py:840} INFO - DAG(s) 'example_local_kubernetes_executor' retrieved from /home/airflow/.local/lib/python3.11/site-packages/airflow/example_dags/example_local_kubernetes_executor.py
[2026-06-02T07:36:45.689+0000] {logging_mixin.py:188} INFO - [2026-06-02T07:36:45.689+0000] {dag.py:3096} INFO - Sync 1 DAGs
[2026-06-02T07:36:45.703+0000] {logging_mixin.py:188} INFO - [2026-06-02T07:36:45.703+0000] {dag.py:3954} INFO - Setting next_dagrun for example_local_kubernetes_executor to None, run_after=None
[2026-06-02T07:36:45.735+0000] {processor.py:183} INFO - Processing /home/airflow/.local/lib/python3.11/site-packages/airflow/example_dags/example_local_kubernetes_executor.py took 0.109 seconds
[2026-06-02T07:37:16.435+0000] {processor.py:161} INFO - Started process (PID=4237) to work on /home/airflow/.local/lib/python3.11/site-packages/airflow/example_dags/example_local_kubernetes_executor.py
[2026-06-02T07:37:16.436+0000] {processor.py:830} INFO - Processing file /home/airflow/.local/lib/python3.11/site-packages/airflow/example_dags/example_local_kubernetes_executor.py for tasks to queue
[2026-06-02T07:37:16.439+0000] {logging_mixin.py:188} INFO - [2026-06-02T07:37:16.438+0000] {dagbag.py:545} INFO - Filling up the DagBag from /home/airflow/.local/lib/python3.11/site-packages/airflow/example_dags/example_local_kubernetes_executor.py
[2026-06-02T07:37:16.447+0000] {processor.py:840} INFO - DAG(s) 'example_local_kubernetes_executor' retrieved from /home/airflow/.local/lib/python3.11/site-packages/airflow/example_dags/example_local_kubernetes_executor.py
[2026-06-02T07:37:16.485+0000] {logging_mixin.py:188} INFO - [2026-06-02T07:37:16.485+0000] {dag.py:3096} INFO - Sync 1 DAGs
[2026-06-02T07:37:16.499+0000] {logging_mixin.py:188} INFO - [2026-06-02T07:37:16.499+0000] {dag.py:3954} INFO - Setting next_dagrun for example_local_kubernetes_executor to None, run_after=None
[2026-06-02T07:37:16.518+0000] {processor.py:183} INFO - Processing /home/airflow/.local/lib/python3.11/site-packages/airflow/example_dags/example_local_kubernetes_executor.py took 0.091 seconds
[2026-06-02T07:37:47.156+0000] {processor.py:161} INFO - Started process (PID=4513) to work on /home/airflow/.local/lib/python3.11/site-packages/airflow/example_dags/example_local_kubernetes_executor.py
[2026-06-02T07:37:47.157+0000] {processor.py:830} INFO - Processing file /home/airflow/.local/lib/python3.11/site-packages/airflow/example_dags/example_local_kubernetes_executor.py for tasks to queue
[2026-06-02T07:37:47.159+0000] {logging_mixin.py:188} INFO - [2026-06-02T07:37:47.159+0000] {dagbag.py:545} INFO - Filling up the DagBag from /home/airflow/.local/lib/python3.11/site-packages/airflow/example_dags/example_local_kubernetes_executor.py
[2026-06-02T07:37:47.167+0000] {processor.py:840} INFO - DAG(s) 'example_local_kubernetes_executor' retrieved from /home/airflow/.local/lib/python3.11/site-packages/airflow/example_dags/example_local_kubernetes_executor.py
[2026-06-02T07:37:47.205+0000] {logging_mixin.py:188} INFO - [2026-06-02T07:37:47.205+0000] {dag.py:3096} INFO - Sync 1 DAGs
[2026-06-02T07:37:47.219+0000] {logging_mixin.py:188} INFO - [2026-06-02T07:37:47.219+0000] {dag.py:3954} INFO - Setting next_dagrun for example_local_kubernetes_executor to None, run_after=None
[2026-06-02T07:37:47.255+0000] {processor.py:183} INFO - Processing /home/airflow/.local/lib/python3.11/site-packages/airflow/example_dags/example_local_kubernetes_executor.py took 0.105 seconds
[2026-06-02T07:38:17.875+0000] {processor.py:161} INFO - Started process (PID=4789) to work on /home/airflow/.local/lib/python3.11/site-packages/airflow/example_dags/example_local_kubernetes_executor.py
[2026-06-02T07:38:17.877+0000] {processor.py:830} INFO - Processing file /home/airflow/.local/lib/python3.11/site-packages/airflow/example_dags/example_local_kubernetes_executor.py for tasks to queue
[2026-06-02T07:38:17.879+0000] {logging_mixin.py:188} INFO - [2026-06-02T07:38:17.879+0000] {dagbag.py:545} INFO - Filling up the DagBag from /home/airflow/.local/lib/python3.11/site-packages/airflow/example_dags/example_local_kubernetes_executor.py
[2026-06-02T07:38:17.886+0000] {processor.py:840} INFO - DAG(s) 'example_local_kubernetes_executor' retrieved from /home/airflow/.local/lib/python3.11/site-packages/airflow/example_dags/example_local_kubernetes_executor.py
[2026-06-02T07:38:17.922+0000] {logging_mixin.py:188} INFO - [2026-06-02T07:38:17.922+0000] {dag.py:3096} INFO - Sync 1 DAGs
[2026-06-02T07:38:17.933+0000] {logging_mixin.py:188} INFO - [2026-06-02T07:38:17.933+0000] {dag.py:3954} INFO - Setting next_dagrun for example_local_kubernetes_executor to None, run_after=None
[2026-06-02T07:38:17.961+0000] {processor.py:183} INFO - Processing /home/airflow/.local/lib/python3.11/site-packages/airflow/example_dags/example_local_kubernetes_executor.py took 0.093 seconds
