[2026-06-02T04:47:07.386+0000] {processor.py:161} INFO - Started process (PID=345) to work on /home/airflow/.local/lib/python3.11/site-packages/airflow/example_dags/example_external_task_marker_dag.py
[2026-06-02T04:47:07.388+0000] {processor.py:830} INFO - Processing file /home/airflow/.local/lib/python3.11/site-packages/airflow/example_dags/example_external_task_marker_dag.py for tasks to queue
[2026-06-02T04:47:07.390+0000] {logging_mixin.py:188} INFO - [2026-06-02T04:47:07.390+0000] {dagbag.py:545} INFO - Filling up the DagBag from /home/airflow/.local/lib/python3.11/site-packages/airflow/example_dags/example_external_task_marker_dag.py
[2026-06-02T04:47:07.399+0000] {processor.py:840} INFO - DAG(s) 'example_external_task_marker_child', 'example_external_task_marker_parent' retrieved from /home/airflow/.local/lib/python3.11/site-packages/airflow/example_dags/example_external_task_marker_dag.py
[2026-06-02T04:47:07.425+0000] {logging_mixin.py:188} INFO - [2026-06-02T04:47:07.424+0000] {dag.py:3096} INFO - Sync 2 DAGs
[2026-06-02T04:47:07.439+0000] {logging_mixin.py:188} INFO - [2026-06-02T04:47:07.439+0000] {dag.py:3954} INFO - Setting next_dagrun for example_external_task_marker_child to None, run_after=None
[2026-06-02T04:47:07.445+0000] {logging_mixin.py:188} INFO - [2026-06-02T04:47:07.444+0000] {dag.py:3954} INFO - Setting next_dagrun for example_external_task_marker_parent to None, run_after=None
[2026-06-02T04:47:07.465+0000] {processor.py:183} INFO - Processing /home/airflow/.local/lib/python3.11/site-packages/airflow/example_dags/example_external_task_marker_dag.py took 0.086 seconds
[2026-06-02T04:47:39.541+0000] {processor.py:161} INFO - Started process (PID=637) to work on /home/airflow/.local/lib/python3.11/site-packages/airflow/example_dags/example_external_task_marker_dag.py
[2026-06-02T04:47:39.543+0000] {processor.py:830} INFO - Processing file /home/airflow/.local/lib/python3.11/site-packages/airflow/example_dags/example_external_task_marker_dag.py for tasks to queue
[2026-06-02T04:47:39.546+0000] {logging_mixin.py:188} INFO - [2026-06-02T04:47:39.546+0000] {dagbag.py:545} INFO - Filling up the DagBag from /home/airflow/.local/lib/python3.11/site-packages/airflow/example_dags/example_external_task_marker_dag.py
[2026-06-02T04:47:39.556+0000] {processor.py:840} INFO - DAG(s) 'example_external_task_marker_child', 'example_external_task_marker_parent' retrieved from /home/airflow/.local/lib/python3.11/site-packages/airflow/example_dags/example_external_task_marker_dag.py
[2026-06-02T04:47:39.767+0000] {logging_mixin.py:188} INFO - [2026-06-02T04:47:39.766+0000] {dag.py:3096} INFO - Sync 2 DAGs
[2026-06-02T04:47:39.784+0000] {logging_mixin.py:188} INFO - [2026-06-02T04:47:39.783+0000] {dag.py:3954} INFO - Setting next_dagrun for example_external_task_marker_child to None, run_after=None
[2026-06-02T04:47:39.789+0000] {logging_mixin.py:188} INFO - [2026-06-02T04:47:39.789+0000] {dag.py:3954} INFO - Setting next_dagrun for example_external_task_marker_parent to None, run_after=None
[2026-06-02T04:47:39.821+0000] {processor.py:183} INFO - Processing /home/airflow/.local/lib/python3.11/site-packages/airflow/example_dags/example_external_task_marker_dag.py took 0.289 seconds
[2026-06-02T04:48:10.285+0000] {processor.py:161} INFO - Started process (PID=905) to work on /home/airflow/.local/lib/python3.11/site-packages/airflow/example_dags/example_external_task_marker_dag.py
[2026-06-02T04:48:10.287+0000] {processor.py:830} INFO - Processing file /home/airflow/.local/lib/python3.11/site-packages/airflow/example_dags/example_external_task_marker_dag.py for tasks to queue
[2026-06-02T04:48:10.289+0000] {logging_mixin.py:188} INFO - [2026-06-02T04:48:10.289+0000] {dagbag.py:545} INFO - Filling up the DagBag from /home/airflow/.local/lib/python3.11/site-packages/airflow/example_dags/example_external_task_marker_dag.py
[2026-06-02T04:48:10.298+0000] {processor.py:840} INFO - DAG(s) 'example_external_task_marker_parent', 'example_external_task_marker_child' retrieved from /home/airflow/.local/lib/python3.11/site-packages/airflow/example_dags/example_external_task_marker_dag.py
[2026-06-02T04:48:10.331+0000] {logging_mixin.py:188} INFO - [2026-06-02T04:48:10.331+0000] {dag.py:3096} INFO - Sync 2 DAGs
[2026-06-02T04:48:10.354+0000] {logging_mixin.py:188} INFO - [2026-06-02T04:48:10.353+0000] {dag.py:3954} INFO - Setting next_dagrun for example_external_task_marker_child to None, run_after=None
[2026-06-02T04:48:10.360+0000] {logging_mixin.py:188} INFO - [2026-06-02T04:48:10.360+0000] {dag.py:3954} INFO - Setting next_dagrun for example_external_task_marker_parent to None, run_after=None
[2026-06-02T04:48:10.393+0000] {processor.py:183} INFO - Processing /home/airflow/.local/lib/python3.11/site-packages/airflow/example_dags/example_external_task_marker_dag.py took 0.114 seconds
[2026-06-02T04:48:41.138+0000] {processor.py:161} INFO - Started process (PID=1204) to work on /home/airflow/.local/lib/python3.11/site-packages/airflow/example_dags/example_external_task_marker_dag.py
[2026-06-02T04:48:41.140+0000] {processor.py:830} INFO - Processing file /home/airflow/.local/lib/python3.11/site-packages/airflow/example_dags/example_external_task_marker_dag.py for tasks to queue
[2026-06-02T04:48:41.143+0000] {logging_mixin.py:188} INFO - [2026-06-02T04:48:41.142+0000] {dagbag.py:545} INFO - Filling up the DagBag from /home/airflow/.local/lib/python3.11/site-packages/airflow/example_dags/example_external_task_marker_dag.py
[2026-06-02T04:48:41.153+0000] {processor.py:840} INFO - DAG(s) 'example_external_task_marker_child', 'example_external_task_marker_parent' retrieved from /home/airflow/.local/lib/python3.11/site-packages/airflow/example_dags/example_external_task_marker_dag.py
[2026-06-02T04:48:41.191+0000] {logging_mixin.py:188} INFO - [2026-06-02T04:48:41.191+0000] {dag.py:3096} INFO - Sync 2 DAGs
[2026-06-02T04:48:41.212+0000] {logging_mixin.py:188} INFO - [2026-06-02T04:48:41.211+0000] {dag.py:3954} INFO - Setting next_dagrun for example_external_task_marker_child to None, run_after=None
[2026-06-02T04:48:41.218+0000] {logging_mixin.py:188} INFO - [2026-06-02T04:48:41.218+0000] {dag.py:3954} INFO - Setting next_dagrun for example_external_task_marker_parent to None, run_after=None
[2026-06-02T04:48:41.243+0000] {processor.py:183} INFO - Processing /home/airflow/.local/lib/python3.11/site-packages/airflow/example_dags/example_external_task_marker_dag.py took 0.115 seconds
[2026-06-02T04:49:11.788+0000] {processor.py:161} INFO - Started process (PID=1487) to work on /home/airflow/.local/lib/python3.11/site-packages/airflow/example_dags/example_external_task_marker_dag.py
[2026-06-02T04:49:11.790+0000] {processor.py:830} INFO - Processing file /home/airflow/.local/lib/python3.11/site-packages/airflow/example_dags/example_external_task_marker_dag.py for tasks to queue
[2026-06-02T04:49:11.793+0000] {logging_mixin.py:188} INFO - [2026-06-02T04:49:11.793+0000] {dagbag.py:545} INFO - Filling up the DagBag from /home/airflow/.local/lib/python3.11/site-packages/airflow/example_dags/example_external_task_marker_dag.py
[2026-06-02T04:49:11.805+0000] {processor.py:840} INFO - DAG(s) 'example_external_task_marker_child', 'example_external_task_marker_parent' retrieved from /home/airflow/.local/lib/python3.11/site-packages/airflow/example_dags/example_external_task_marker_dag.py
[2026-06-02T04:49:11.845+0000] {logging_mixin.py:188} INFO - [2026-06-02T04:49:11.844+0000] {dag.py:3096} INFO - Sync 2 DAGs
[2026-06-02T04:49:11.868+0000] {logging_mixin.py:188} INFO - [2026-06-02T04:49:11.868+0000] {dag.py:3954} INFO - Setting next_dagrun for example_external_task_marker_child to None, run_after=None
[2026-06-02T04:49:11.875+0000] {logging_mixin.py:188} INFO - [2026-06-02T04:49:11.874+0000] {dag.py:3954} INFO - Setting next_dagrun for example_external_task_marker_parent to None, run_after=None
[2026-06-02T04:49:11.908+0000] {processor.py:183} INFO - Processing /home/airflow/.local/lib/python3.11/site-packages/airflow/example_dags/example_external_task_marker_dag.py took 0.129 seconds
[2026-06-02T04:49:42.246+0000] {processor.py:161} INFO - Started process (PID=1763) to work on /home/airflow/.local/lib/python3.11/site-packages/airflow/example_dags/example_external_task_marker_dag.py
[2026-06-02T04:49:42.248+0000] {processor.py:830} INFO - Processing file /home/airflow/.local/lib/python3.11/site-packages/airflow/example_dags/example_external_task_marker_dag.py for tasks to queue
[2026-06-02T04:49:42.251+0000] {logging_mixin.py:188} INFO - [2026-06-02T04:49:42.250+0000] {dagbag.py:545} INFO - Filling up the DagBag from /home/airflow/.local/lib/python3.11/site-packages/airflow/example_dags/example_external_task_marker_dag.py
[2026-06-02T04:49:42.260+0000] {processor.py:840} INFO - DAG(s) 'example_external_task_marker_parent', 'example_external_task_marker_child' retrieved from /home/airflow/.local/lib/python3.11/site-packages/airflow/example_dags/example_external_task_marker_dag.py
[2026-06-02T04:49:42.302+0000] {logging_mixin.py:188} INFO - [2026-06-02T04:49:42.302+0000] {dag.py:3096} INFO - Sync 2 DAGs
[2026-06-02T04:49:42.332+0000] {logging_mixin.py:188} INFO - [2026-06-02T04:49:42.332+0000] {dag.py:3954} INFO - Setting next_dagrun for example_external_task_marker_child to None, run_after=None
[2026-06-02T04:49:42.337+0000] {logging_mixin.py:188} INFO - [2026-06-02T04:49:42.337+0000] {dag.py:3954} INFO - Setting next_dagrun for example_external_task_marker_parent to None, run_after=None
[2026-06-02T04:49:42.364+0000] {processor.py:183} INFO - Processing /home/airflow/.local/lib/python3.11/site-packages/airflow/example_dags/example_external_task_marker_dag.py took 0.130 seconds
[2026-06-02T04:50:13.193+0000] {processor.py:161} INFO - Started process (PID=2039) to work on /home/airflow/.local/lib/python3.11/site-packages/airflow/example_dags/example_external_task_marker_dag.py
[2026-06-02T04:50:13.195+0000] {processor.py:830} INFO - Processing file /home/airflow/.local/lib/python3.11/site-packages/airflow/example_dags/example_external_task_marker_dag.py for tasks to queue
[2026-06-02T04:50:13.198+0000] {logging_mixin.py:188} INFO - [2026-06-02T04:50:13.198+0000] {dagbag.py:545} INFO - Filling up the DagBag from /home/airflow/.local/lib/python3.11/site-packages/airflow/example_dags/example_external_task_marker_dag.py
[2026-06-02T04:50:13.210+0000] {processor.py:840} INFO - DAG(s) 'example_external_task_marker_child', 'example_external_task_marker_parent' retrieved from /home/airflow/.local/lib/python3.11/site-packages/airflow/example_dags/example_external_task_marker_dag.py
[2026-06-02T04:50:13.249+0000] {logging_mixin.py:188} INFO - [2026-06-02T04:50:13.249+0000] {dag.py:3096} INFO - Sync 2 DAGs
[2026-06-02T04:50:13.275+0000] {logging_mixin.py:188} INFO - [2026-06-02T04:50:13.274+0000] {dag.py:3954} INFO - Setting next_dagrun for example_external_task_marker_child to None, run_after=None
[2026-06-02T04:50:13.280+0000] {logging_mixin.py:188} INFO - [2026-06-02T04:50:13.280+0000] {dag.py:3954} INFO - Setting next_dagrun for example_external_task_marker_parent to None, run_after=None
[2026-06-02T04:50:13.318+0000] {processor.py:183} INFO - Processing /home/airflow/.local/lib/python3.11/site-packages/airflow/example_dags/example_external_task_marker_dag.py took 0.137 seconds
[2026-06-02T04:50:44.022+0000] {processor.py:161} INFO - Started process (PID=2315) to work on /home/airflow/.local/lib/python3.11/site-packages/airflow/example_dags/example_external_task_marker_dag.py
[2026-06-02T04:50:44.025+0000] {processor.py:830} INFO - Processing file /home/airflow/.local/lib/python3.11/site-packages/airflow/example_dags/example_external_task_marker_dag.py for tasks to queue
[2026-06-02T04:50:44.030+0000] {logging_mixin.py:188} INFO - [2026-06-02T04:50:44.028+0000] {dagbag.py:545} INFO - Filling up the DagBag from /home/airflow/.local/lib/python3.11/site-packages/airflow/example_dags/example_external_task_marker_dag.py
[2026-06-02T04:50:44.046+0000] {processor.py:840} INFO - DAG(s) 'example_external_task_marker_parent', 'example_external_task_marker_child' retrieved from /home/airflow/.local/lib/python3.11/site-packages/airflow/example_dags/example_external_task_marker_dag.py
[2026-06-02T04:50:44.088+0000] {logging_mixin.py:188} INFO - [2026-06-02T04:50:44.088+0000] {dag.py:3096} INFO - Sync 2 DAGs
[2026-06-02T04:50:44.112+0000] {logging_mixin.py:188} INFO - [2026-06-02T04:50:44.112+0000] {dag.py:3954} INFO - Setting next_dagrun for example_external_task_marker_child to None, run_after=None
[2026-06-02T04:50:44.118+0000] {logging_mixin.py:188} INFO - [2026-06-02T04:50:44.118+0000] {dag.py:3954} INFO - Setting next_dagrun for example_external_task_marker_parent to None, run_after=None
[2026-06-02T04:50:44.152+0000] {processor.py:183} INFO - Processing /home/airflow/.local/lib/python3.11/site-packages/airflow/example_dags/example_external_task_marker_dag.py took 0.143 seconds
[2026-06-02T04:51:14.462+0000] {processor.py:161} INFO - Started process (PID=2591) to work on /home/airflow/.local/lib/python3.11/site-packages/airflow/example_dags/example_external_task_marker_dag.py
[2026-06-02T04:51:14.463+0000] {processor.py:830} INFO - Processing file /home/airflow/.local/lib/python3.11/site-packages/airflow/example_dags/example_external_task_marker_dag.py for tasks to queue
[2026-06-02T04:51:14.468+0000] {logging_mixin.py:188} INFO - [2026-06-02T04:51:14.467+0000] {dagbag.py:545} INFO - Filling up the DagBag from /home/airflow/.local/lib/python3.11/site-packages/airflow/example_dags/example_external_task_marker_dag.py
[2026-06-02T04:51:14.479+0000] {processor.py:840} INFO - DAG(s) 'example_external_task_marker_child', 'example_external_task_marker_parent' retrieved from /home/airflow/.local/lib/python3.11/site-packages/airflow/example_dags/example_external_task_marker_dag.py
[2026-06-02T04:51:14.518+0000] {logging_mixin.py:188} INFO - [2026-06-02T04:51:14.517+0000] {dag.py:3096} INFO - Sync 2 DAGs
[2026-06-02T04:51:14.541+0000] {logging_mixin.py:188} INFO - [2026-06-02T04:51:14.541+0000] {dag.py:3954} INFO - Setting next_dagrun for example_external_task_marker_child to None, run_after=None
[2026-06-02T04:51:14.547+0000] {logging_mixin.py:188} INFO - [2026-06-02T04:51:14.547+0000] {dag.py:3954} INFO - Setting next_dagrun for example_external_task_marker_parent to None, run_after=None
[2026-06-02T04:51:14.584+0000] {processor.py:183} INFO - Processing /home/airflow/.local/lib/python3.11/site-packages/airflow/example_dags/example_external_task_marker_dag.py took 0.134 seconds
[2026-06-02T04:51:45.955+0000] {processor.py:161} INFO - Started process (PID=2921) to work on /home/airflow/.local/lib/python3.11/site-packages/airflow/example_dags/example_external_task_marker_dag.py
[2026-06-02T04:51:45.961+0000] {processor.py:830} INFO - Processing file /home/airflow/.local/lib/python3.11/site-packages/airflow/example_dags/example_external_task_marker_dag.py for tasks to queue
[2026-06-02T04:51:45.971+0000] {logging_mixin.py:188} INFO - [2026-06-02T04:51:45.971+0000] {dagbag.py:545} INFO - Filling up the DagBag from /home/airflow/.local/lib/python3.11/site-packages/airflow/example_dags/example_external_task_marker_dag.py
[2026-06-02T04:51:46.005+0000] {processor.py:840} INFO - DAG(s) 'example_external_task_marker_child', 'example_external_task_marker_parent' retrieved from /home/airflow/.local/lib/python3.11/site-packages/airflow/example_dags/example_external_task_marker_dag.py
[2026-06-02T04:51:46.081+0000] {logging_mixin.py:188} INFO - [2026-06-02T04:51:46.081+0000] {dag.py:3096} INFO - Sync 2 DAGs
[2026-06-02T04:51:46.107+0000] {logging_mixin.py:188} INFO - [2026-06-02T04:51:46.107+0000] {dag.py:3954} INFO - Setting next_dagrun for example_external_task_marker_child to None, run_after=None
[2026-06-02T04:51:46.113+0000] {logging_mixin.py:188} INFO - [2026-06-02T04:51:46.113+0000] {dag.py:3954} INFO - Setting next_dagrun for example_external_task_marker_parent to None, run_after=None
[2026-06-02T04:51:46.165+0000] {processor.py:183} INFO - Processing /home/airflow/.local/lib/python3.11/site-packages/airflow/example_dags/example_external_task_marker_dag.py took 0.236 seconds
[2026-06-02T04:52:17.891+0000] {processor.py:161} INFO - Started process (PID=3210) to work on /home/airflow/.local/lib/python3.11/site-packages/airflow/example_dags/example_external_task_marker_dag.py
[2026-06-02T04:52:17.911+0000] {processor.py:830} INFO - Processing file /home/airflow/.local/lib/python3.11/site-packages/airflow/example_dags/example_external_task_marker_dag.py for tasks to queue
[2026-06-02T04:52:17.923+0000] {logging_mixin.py:188} INFO - [2026-06-02T04:52:17.923+0000] {dagbag.py:545} INFO - Filling up the DagBag from /home/airflow/.local/lib/python3.11/site-packages/airflow/example_dags/example_external_task_marker_dag.py
[2026-06-02T04:52:17.971+0000] {processor.py:840} INFO - DAG(s) 'example_external_task_marker_child', 'example_external_task_marker_parent' retrieved from /home/airflow/.local/lib/python3.11/site-packages/airflow/example_dags/example_external_task_marker_dag.py
[2026-06-02T04:52:18.040+0000] {logging_mixin.py:188} INFO - [2026-06-02T04:52:18.040+0000] {dag.py:3096} INFO - Sync 2 DAGs
[2026-06-02T04:52:18.101+0000] {logging_mixin.py:188} INFO - [2026-06-02T04:52:18.100+0000] {dag.py:3954} INFO - Setting next_dagrun for example_external_task_marker_child to None, run_after=None
[2026-06-02T04:52:18.156+0000] {logging_mixin.py:188} INFO - [2026-06-02T04:52:18.155+0000] {dag.py:3954} INFO - Setting next_dagrun for example_external_task_marker_parent to None, run_after=None
[2026-06-02T04:52:18.267+0000] {processor.py:183} INFO - Processing /home/airflow/.local/lib/python3.11/site-packages/airflow/example_dags/example_external_task_marker_dag.py took 0.406 seconds
[2026-06-02T04:52:50.352+0000] {processor.py:161} INFO - Started process (PID=3486) to work on /home/airflow/.local/lib/python3.11/site-packages/airflow/example_dags/example_external_task_marker_dag.py
[2026-06-02T04:52:50.363+0000] {processor.py:830} INFO - Processing file /home/airflow/.local/lib/python3.11/site-packages/airflow/example_dags/example_external_task_marker_dag.py for tasks to queue
[2026-06-02T04:52:50.372+0000] {logging_mixin.py:188} INFO - [2026-06-02T04:52:50.371+0000] {dagbag.py:545} INFO - Filling up the DagBag from /home/airflow/.local/lib/python3.11/site-packages/airflow/example_dags/example_external_task_marker_dag.py
[2026-06-02T04:52:50.390+0000] {processor.py:840} INFO - DAG(s) 'example_external_task_marker_child', 'example_external_task_marker_parent' retrieved from /home/airflow/.local/lib/python3.11/site-packages/airflow/example_dags/example_external_task_marker_dag.py
[2026-06-02T04:52:50.499+0000] {logging_mixin.py:188} INFO - [2026-06-02T04:52:50.499+0000] {dag.py:3096} INFO - Sync 2 DAGs
[2026-06-02T04:52:50.545+0000] {logging_mixin.py:188} INFO - [2026-06-02T04:52:50.545+0000] {dag.py:3954} INFO - Setting next_dagrun for example_external_task_marker_child to None, run_after=None
[2026-06-02T04:52:50.568+0000] {logging_mixin.py:188} INFO - [2026-06-02T04:52:50.567+0000] {dag.py:3954} INFO - Setting next_dagrun for example_external_task_marker_parent to None, run_after=None
[2026-06-02T04:52:50.641+0000] {processor.py:183} INFO - Processing /home/airflow/.local/lib/python3.11/site-packages/airflow/example_dags/example_external_task_marker_dag.py took 0.300 seconds
[2026-06-02T04:53:24.764+0000] {processor.py:161} INFO - Started process (PID=3762) to work on /home/airflow/.local/lib/python3.11/site-packages/airflow/example_dags/example_external_task_marker_dag.py
[2026-06-02T04:53:24.797+0000] {processor.py:830} INFO - Processing file /home/airflow/.local/lib/python3.11/site-packages/airflow/example_dags/example_external_task_marker_dag.py for tasks to queue
[2026-06-02T04:53:24.809+0000] {logging_mixin.py:188} INFO - [2026-06-02T04:53:24.809+0000] {dagbag.py:545} INFO - Filling up the DagBag from /home/airflow/.local/lib/python3.11/site-packages/airflow/example_dags/example_external_task_marker_dag.py
[2026-06-02T04:53:24.836+0000] {processor.py:840} INFO - DAG(s) 'example_external_task_marker_parent', 'example_external_task_marker_child' retrieved from /home/airflow/.local/lib/python3.11/site-packages/airflow/example_dags/example_external_task_marker_dag.py
[2026-06-02T04:53:24.918+0000] {logging_mixin.py:188} INFO - [2026-06-02T04:53:24.918+0000] {dag.py:3096} INFO - Sync 2 DAGs
[2026-06-02T04:53:24.941+0000] {logging_mixin.py:188} INFO - [2026-06-02T04:53:24.941+0000] {dag.py:3954} INFO - Setting next_dagrun for example_external_task_marker_child to None, run_after=None
[2026-06-02T04:53:24.977+0000] {logging_mixin.py:188} INFO - [2026-06-02T04:53:24.977+0000] {dag.py:3954} INFO - Setting next_dagrun for example_external_task_marker_parent to None, run_after=None
[2026-06-02T04:53:25.082+0000] {processor.py:183} INFO - Processing /home/airflow/.local/lib/python3.11/site-packages/airflow/example_dags/example_external_task_marker_dag.py took 0.377 seconds
[2026-06-02T04:53:55.599+0000] {processor.py:161} INFO - Started process (PID=4029) to work on /home/airflow/.local/lib/python3.11/site-packages/airflow/example_dags/example_external_task_marker_dag.py
[2026-06-02T04:53:55.604+0000] {processor.py:830} INFO - Processing file /home/airflow/.local/lib/python3.11/site-packages/airflow/example_dags/example_external_task_marker_dag.py for tasks to queue
[2026-06-02T04:53:55.617+0000] {logging_mixin.py:188} INFO - [2026-06-02T04:53:55.612+0000] {dagbag.py:545} INFO - Filling up the DagBag from /home/airflow/.local/lib/python3.11/site-packages/airflow/example_dags/example_external_task_marker_dag.py
[2026-06-02T04:53:55.648+0000] {processor.py:840} INFO - DAG(s) 'example_external_task_marker_parent', 'example_external_task_marker_child' retrieved from /home/airflow/.local/lib/python3.11/site-packages/airflow/example_dags/example_external_task_marker_dag.py
[2026-06-02T04:53:55.787+0000] {logging_mixin.py:188} INFO - [2026-06-02T04:53:55.786+0000] {dag.py:3096} INFO - Sync 2 DAGs
[2026-06-02T04:53:55.865+0000] {logging_mixin.py:188} INFO - [2026-06-02T04:53:55.864+0000] {dag.py:3954} INFO - Setting next_dagrun for example_external_task_marker_child to None, run_after=None
[2026-06-02T04:53:55.887+0000] {logging_mixin.py:188} INFO - [2026-06-02T04:53:55.886+0000] {dag.py:3954} INFO - Setting next_dagrun for example_external_task_marker_parent to None, run_after=None
[2026-06-02T04:53:55.969+0000] {processor.py:183} INFO - Processing /home/airflow/.local/lib/python3.11/site-packages/airflow/example_dags/example_external_task_marker_dag.py took 0.391 seconds
[2026-06-02T04:54:26.746+0000] {processor.py:161} INFO - Started process (PID=4301) to work on /home/airflow/.local/lib/python3.11/site-packages/airflow/example_dags/example_external_task_marker_dag.py
[2026-06-02T04:54:26.753+0000] {processor.py:830} INFO - Processing file /home/airflow/.local/lib/python3.11/site-packages/airflow/example_dags/example_external_task_marker_dag.py for tasks to queue
[2026-06-02T04:54:26.761+0000] {logging_mixin.py:188} INFO - [2026-06-02T04:54:26.761+0000] {dagbag.py:545} INFO - Filling up the DagBag from /home/airflow/.local/lib/python3.11/site-packages/airflow/example_dags/example_external_task_marker_dag.py
[2026-06-02T04:54:26.787+0000] {processor.py:840} INFO - DAG(s) 'example_external_task_marker_child', 'example_external_task_marker_parent' retrieved from /home/airflow/.local/lib/python3.11/site-packages/airflow/example_dags/example_external_task_marker_dag.py
[2026-06-02T04:54:26.925+0000] {logging_mixin.py:188} INFO - [2026-06-02T04:54:26.925+0000] {dag.py:3096} INFO - Sync 2 DAGs
[2026-06-02T04:54:26.991+0000] {logging_mixin.py:188} INFO - [2026-06-02T04:54:26.990+0000] {dag.py:3954} INFO - Setting next_dagrun for example_external_task_marker_child to None, run_after=None
[2026-06-02T04:54:27.021+0000] {logging_mixin.py:188} INFO - [2026-06-02T04:54:27.021+0000] {dag.py:3954} INFO - Setting next_dagrun for example_external_task_marker_parent to None, run_after=None
[2026-06-02T04:54:27.121+0000] {processor.py:183} INFO - Processing /home/airflow/.local/lib/python3.11/site-packages/airflow/example_dags/example_external_task_marker_dag.py took 0.395 seconds
[2026-06-02T04:54:57.562+0000] {processor.py:161} INFO - Started process (PID=4577) to work on /home/airflow/.local/lib/python3.11/site-packages/airflow/example_dags/example_external_task_marker_dag.py
[2026-06-02T04:54:57.566+0000] {processor.py:830} INFO - Processing file /home/airflow/.local/lib/python3.11/site-packages/airflow/example_dags/example_external_task_marker_dag.py for tasks to queue
[2026-06-02T04:54:57.575+0000] {logging_mixin.py:188} INFO - [2026-06-02T04:54:57.575+0000] {dagbag.py:545} INFO - Filling up the DagBag from /home/airflow/.local/lib/python3.11/site-packages/airflow/example_dags/example_external_task_marker_dag.py
[2026-06-02T04:54:57.598+0000] {processor.py:840} INFO - DAG(s) 'example_external_task_marker_parent', 'example_external_task_marker_child' retrieved from /home/airflow/.local/lib/python3.11/site-packages/airflow/example_dags/example_external_task_marker_dag.py
[2026-06-02T04:54:57.767+0000] {logging_mixin.py:188} INFO - [2026-06-02T04:54:57.766+0000] {dag.py:3096} INFO - Sync 2 DAGs
[2026-06-02T04:54:57.808+0000] {logging_mixin.py:188} INFO - [2026-06-02T04:54:57.808+0000] {dag.py:3954} INFO - Setting next_dagrun for example_external_task_marker_child to None, run_after=None
[2026-06-02T04:54:57.843+0000] {logging_mixin.py:188} INFO - [2026-06-02T04:54:57.843+0000] {dag.py:3954} INFO - Setting next_dagrun for example_external_task_marker_parent to None, run_after=None
[2026-06-02T04:54:57.911+0000] {processor.py:183} INFO - Processing /home/airflow/.local/lib/python3.11/site-packages/airflow/example_dags/example_external_task_marker_dag.py took 0.364 seconds
[2026-06-02T04:55:28.746+0000] {processor.py:161} INFO - Started process (PID=4853) to work on /home/airflow/.local/lib/python3.11/site-packages/airflow/example_dags/example_external_task_marker_dag.py
[2026-06-02T04:55:28.747+0000] {processor.py:830} INFO - Processing file /home/airflow/.local/lib/python3.11/site-packages/airflow/example_dags/example_external_task_marker_dag.py for tasks to queue
[2026-06-02T04:55:28.756+0000] {logging_mixin.py:188} INFO - [2026-06-02T04:55:28.756+0000] {dagbag.py:545} INFO - Filling up the DagBag from /home/airflow/.local/lib/python3.11/site-packages/airflow/example_dags/example_external_task_marker_dag.py
[2026-06-02T04:55:28.775+0000] {processor.py:840} INFO - DAG(s) 'example_external_task_marker_parent', 'example_external_task_marker_child' retrieved from /home/airflow/.local/lib/python3.11/site-packages/airflow/example_dags/example_external_task_marker_dag.py
[2026-06-02T04:55:28.845+0000] {logging_mixin.py:188} INFO - [2026-06-02T04:55:28.844+0000] {dag.py:3096} INFO - Sync 2 DAGs
[2026-06-02T04:55:28.918+0000] {logging_mixin.py:188} INFO - [2026-06-02T04:55:28.917+0000] {dag.py:3954} INFO - Setting next_dagrun for example_external_task_marker_child to None, run_after=None
[2026-06-02T04:55:28.949+0000] {logging_mixin.py:188} INFO - [2026-06-02T04:55:28.949+0000] {dag.py:3954} INFO - Setting next_dagrun for example_external_task_marker_parent to None, run_after=None
[2026-06-02T04:55:29.086+0000] {processor.py:183} INFO - Processing /home/airflow/.local/lib/python3.11/site-packages/airflow/example_dags/example_external_task_marker_dag.py took 0.355 seconds
[2026-06-02T04:55:59.387+0000] {processor.py:161} INFO - Started process (PID=5128) to work on /home/airflow/.local/lib/python3.11/site-packages/airflow/example_dags/example_external_task_marker_dag.py
[2026-06-02T04:55:59.395+0000] {processor.py:830} INFO - Processing file /home/airflow/.local/lib/python3.11/site-packages/airflow/example_dags/example_external_task_marker_dag.py for tasks to queue
[2026-06-02T04:55:59.399+0000] {logging_mixin.py:188} INFO - [2026-06-02T04:55:59.399+0000] {dagbag.py:545} INFO - Filling up the DagBag from /home/airflow/.local/lib/python3.11/site-packages/airflow/example_dags/example_external_task_marker_dag.py
[2026-06-02T04:55:59.418+0000] {processor.py:840} INFO - DAG(s) 'example_external_task_marker_child', 'example_external_task_marker_parent' retrieved from /home/airflow/.local/lib/python3.11/site-packages/airflow/example_dags/example_external_task_marker_dag.py
[2026-06-02T04:55:59.493+0000] {logging_mixin.py:188} INFO - [2026-06-02T04:55:59.493+0000] {dag.py:3096} INFO - Sync 2 DAGs
[2026-06-02T04:55:59.537+0000] {logging_mixin.py:188} INFO - [2026-06-02T04:55:59.537+0000] {dag.py:3954} INFO - Setting next_dagrun for example_external_task_marker_child to None, run_after=None
[2026-06-02T04:55:59.556+0000] {logging_mixin.py:188} INFO - [2026-06-02T04:55:59.556+0000] {dag.py:3954} INFO - Setting next_dagrun for example_external_task_marker_parent to None, run_after=None
[2026-06-02T04:55:59.648+0000] {processor.py:183} INFO - Processing /home/airflow/.local/lib/python3.11/site-packages/airflow/example_dags/example_external_task_marker_dag.py took 0.275 seconds
[2026-06-02T04:56:30.066+0000] {processor.py:161} INFO - Started process (PID=5402) to work on /home/airflow/.local/lib/python3.11/site-packages/airflow/example_dags/example_external_task_marker_dag.py
[2026-06-02T04:56:30.081+0000] {processor.py:830} INFO - Processing file /home/airflow/.local/lib/python3.11/site-packages/airflow/example_dags/example_external_task_marker_dag.py for tasks to queue
[2026-06-02T04:56:30.089+0000] {logging_mixin.py:188} INFO - [2026-06-02T04:56:30.089+0000] {dagbag.py:545} INFO - Filling up the DagBag from /home/airflow/.local/lib/python3.11/site-packages/airflow/example_dags/example_external_task_marker_dag.py
[2026-06-02T04:56:30.121+0000] {processor.py:840} INFO - DAG(s) 'example_external_task_marker_child', 'example_external_task_marker_parent' retrieved from /home/airflow/.local/lib/python3.11/site-packages/airflow/example_dags/example_external_task_marker_dag.py
[2026-06-02T04:56:30.277+0000] {logging_mixin.py:188} INFO - [2026-06-02T04:56:30.277+0000] {dag.py:3096} INFO - Sync 2 DAGs
[2026-06-02T04:56:30.351+0000] {logging_mixin.py:188} INFO - [2026-06-02T04:56:30.351+0000] {dag.py:3954} INFO - Setting next_dagrun for example_external_task_marker_child to None, run_after=None
[2026-06-02T04:56:30.374+0000] {logging_mixin.py:188} INFO - [2026-06-02T04:56:30.373+0000] {dag.py:3954} INFO - Setting next_dagrun for example_external_task_marker_parent to None, run_after=None
[2026-06-02T04:56:30.458+0000] {processor.py:183} INFO - Processing /home/airflow/.local/lib/python3.11/site-packages/airflow/example_dags/example_external_task_marker_dag.py took 0.406 seconds
[2026-06-02T04:57:01.177+0000] {processor.py:161} INFO - Started process (PID=5666) to work on /home/airflow/.local/lib/python3.11/site-packages/airflow/example_dags/example_external_task_marker_dag.py
[2026-06-02T04:57:01.184+0000] {processor.py:830} INFO - Processing file /home/airflow/.local/lib/python3.11/site-packages/airflow/example_dags/example_external_task_marker_dag.py for tasks to queue
[2026-06-02T04:57:01.199+0000] {logging_mixin.py:188} INFO - [2026-06-02T04:57:01.199+0000] {dagbag.py:545} INFO - Filling up the DagBag from /home/airflow/.local/lib/python3.11/site-packages/airflow/example_dags/example_external_task_marker_dag.py
[2026-06-02T04:57:01.218+0000] {processor.py:840} INFO - DAG(s) 'example_external_task_marker_parent', 'example_external_task_marker_child' retrieved from /home/airflow/.local/lib/python3.11/site-packages/airflow/example_dags/example_external_task_marker_dag.py
[2026-06-02T04:57:01.316+0000] {logging_mixin.py:188} INFO - [2026-06-02T04:57:01.316+0000] {dag.py:3096} INFO - Sync 2 DAGs
[2026-06-02T04:57:01.365+0000] {logging_mixin.py:188} INFO - [2026-06-02T04:57:01.364+0000] {dag.py:3954} INFO - Setting next_dagrun for example_external_task_marker_child to None, run_after=None
[2026-06-02T04:57:01.382+0000] {logging_mixin.py:188} INFO - [2026-06-02T04:57:01.382+0000] {dag.py:3954} INFO - Setting next_dagrun for example_external_task_marker_parent to None, run_after=None
[2026-06-02T04:57:01.456+0000] {processor.py:183} INFO - Processing /home/airflow/.local/lib/python3.11/site-packages/airflow/example_dags/example_external_task_marker_dag.py took 0.303 seconds
[2026-06-02T04:57:31.966+0000] {processor.py:161} INFO - Started process (PID=5942) to work on /home/airflow/.local/lib/python3.11/site-packages/airflow/example_dags/example_external_task_marker_dag.py
[2026-06-02T04:57:31.973+0000] {processor.py:830} INFO - Processing file /home/airflow/.local/lib/python3.11/site-packages/airflow/example_dags/example_external_task_marker_dag.py for tasks to queue
[2026-06-02T04:57:31.990+0000] {logging_mixin.py:188} INFO - [2026-06-02T04:57:31.989+0000] {dagbag.py:545} INFO - Filling up the DagBag from /home/airflow/.local/lib/python3.11/site-packages/airflow/example_dags/example_external_task_marker_dag.py
[2026-06-02T04:57:32.043+0000] {processor.py:840} INFO - DAG(s) 'example_external_task_marker_parent', 'example_external_task_marker_child' retrieved from /home/airflow/.local/lib/python3.11/site-packages/airflow/example_dags/example_external_task_marker_dag.py
[2026-06-02T04:57:32.222+0000] {logging_mixin.py:188} INFO - [2026-06-02T04:57:32.221+0000] {dag.py:3096} INFO - Sync 2 DAGs
[2026-06-02T04:57:32.296+0000] {logging_mixin.py:188} INFO - [2026-06-02T04:57:32.295+0000] {dag.py:3954} INFO - Setting next_dagrun for example_external_task_marker_child to None, run_after=None
[2026-06-02T04:57:32.332+0000] {logging_mixin.py:188} INFO - [2026-06-02T04:57:32.331+0000] {dag.py:3954} INFO - Setting next_dagrun for example_external_task_marker_parent to None, run_after=None
[2026-06-02T04:57:32.426+0000] {processor.py:183} INFO - Processing /home/airflow/.local/lib/python3.11/site-packages/airflow/example_dags/example_external_task_marker_dag.py took 0.496 seconds
[2026-06-02T04:58:02.697+0000] {processor.py:161} INFO - Started process (PID=6218) to work on /home/airflow/.local/lib/python3.11/site-packages/airflow/example_dags/example_external_task_marker_dag.py
[2026-06-02T04:58:02.705+0000] {processor.py:830} INFO - Processing file /home/airflow/.local/lib/python3.11/site-packages/airflow/example_dags/example_external_task_marker_dag.py for tasks to queue
[2026-06-02T04:58:02.717+0000] {logging_mixin.py:188} INFO - [2026-06-02T04:58:02.717+0000] {dagbag.py:545} INFO - Filling up the DagBag from /home/airflow/.local/lib/python3.11/site-packages/airflow/example_dags/example_external_task_marker_dag.py
[2026-06-02T04:58:02.740+0000] {processor.py:840} INFO - DAG(s) 'example_external_task_marker_parent', 'example_external_task_marker_child' retrieved from /home/airflow/.local/lib/python3.11/site-packages/airflow/example_dags/example_external_task_marker_dag.py
[2026-06-02T04:58:02.825+0000] {logging_mixin.py:188} INFO - [2026-06-02T04:58:02.824+0000] {dag.py:3096} INFO - Sync 2 DAGs
[2026-06-02T04:58:02.889+0000] {logging_mixin.py:188} INFO - [2026-06-02T04:58:02.889+0000] {dag.py:3954} INFO - Setting next_dagrun for example_external_task_marker_child to None, run_after=None
[2026-06-02T04:58:02.915+0000] {logging_mixin.py:188} INFO - [2026-06-02T04:58:02.915+0000] {dag.py:3954} INFO - Setting next_dagrun for example_external_task_marker_parent to None, run_after=None
[2026-06-02T04:58:03.025+0000] {processor.py:183} INFO - Processing /home/airflow/.local/lib/python3.11/site-packages/airflow/example_dags/example_external_task_marker_dag.py took 0.351 seconds
[2026-06-02T04:58:34.446+0000] {processor.py:161} INFO - Started process (PID=6494) to work on /home/airflow/.local/lib/python3.11/site-packages/airflow/example_dags/example_external_task_marker_dag.py
[2026-06-02T04:58:34.459+0000] {processor.py:830} INFO - Processing file /home/airflow/.local/lib/python3.11/site-packages/airflow/example_dags/example_external_task_marker_dag.py for tasks to queue
[2026-06-02T04:58:34.461+0000] {logging_mixin.py:188} INFO - [2026-06-02T04:58:34.461+0000] {dagbag.py:545} INFO - Filling up the DagBag from /home/airflow/.local/lib/python3.11/site-packages/airflow/example_dags/example_external_task_marker_dag.py
[2026-06-02T04:58:34.482+0000] {processor.py:840} INFO - DAG(s) 'example_external_task_marker_child', 'example_external_task_marker_parent' retrieved from /home/airflow/.local/lib/python3.11/site-packages/airflow/example_dags/example_external_task_marker_dag.py
[2026-06-02T04:58:34.551+0000] {logging_mixin.py:188} INFO - [2026-06-02T04:58:34.551+0000] {dag.py:3096} INFO - Sync 2 DAGs
[2026-06-02T04:58:34.587+0000] {logging_mixin.py:188} INFO - [2026-06-02T04:58:34.587+0000] {dag.py:3954} INFO - Setting next_dagrun for example_external_task_marker_child to None, run_after=None
[2026-06-02T04:58:34.598+0000] {logging_mixin.py:188} INFO - [2026-06-02T04:58:34.597+0000] {dag.py:3954} INFO - Setting next_dagrun for example_external_task_marker_parent to None, run_after=None
[2026-06-02T04:58:34.652+0000] {processor.py:183} INFO - Processing /home/airflow/.local/lib/python3.11/site-packages/airflow/example_dags/example_external_task_marker_dag.py took 0.224 seconds
[2026-06-02T04:59:08.612+0000] {processor.py:161} INFO - Started process (PID=6768) to work on /home/airflow/.local/lib/python3.11/site-packages/airflow/example_dags/example_external_task_marker_dag.py
[2026-06-02T04:59:08.618+0000] {processor.py:830} INFO - Processing file /home/airflow/.local/lib/python3.11/site-packages/airflow/example_dags/example_external_task_marker_dag.py for tasks to queue
[2026-06-02T04:59:08.620+0000] {logging_mixin.py:188} INFO - [2026-06-02T04:59:08.620+0000] {dagbag.py:545} INFO - Filling up the DagBag from /home/airflow/.local/lib/python3.11/site-packages/airflow/example_dags/example_external_task_marker_dag.py
[2026-06-02T04:59:08.729+0000] {processor.py:840} INFO - DAG(s) 'example_external_task_marker_child', 'example_external_task_marker_parent' retrieved from /home/airflow/.local/lib/python3.11/site-packages/airflow/example_dags/example_external_task_marker_dag.py
[2026-06-02T04:59:08.914+0000] {logging_mixin.py:188} INFO - [2026-06-02T04:59:08.914+0000] {dag.py:3096} INFO - Sync 2 DAGs
[2026-06-02T04:59:08.989+0000] {logging_mixin.py:188} INFO - [2026-06-02T04:59:08.988+0000] {dag.py:3954} INFO - Setting next_dagrun for example_external_task_marker_child to None, run_after=None
[2026-06-02T04:59:09.023+0000] {logging_mixin.py:188} INFO - [2026-06-02T04:59:09.023+0000] {dag.py:3954} INFO - Setting next_dagrun for example_external_task_marker_parent to None, run_after=None
[2026-06-02T04:59:09.128+0000] {processor.py:183} INFO - Processing /home/airflow/.local/lib/python3.11/site-packages/airflow/example_dags/example_external_task_marker_dag.py took 0.530 seconds
[2026-06-02T04:59:39.804+0000] {processor.py:161} INFO - Started process (PID=7041) to work on /home/airflow/.local/lib/python3.11/site-packages/airflow/example_dags/example_external_task_marker_dag.py
[2026-06-02T04:59:39.816+0000] {processor.py:830} INFO - Processing file /home/airflow/.local/lib/python3.11/site-packages/airflow/example_dags/example_external_task_marker_dag.py for tasks to queue
[2026-06-02T04:59:39.825+0000] {logging_mixin.py:188} INFO - [2026-06-02T04:59:39.824+0000] {dagbag.py:545} INFO - Filling up the DagBag from /home/airflow/.local/lib/python3.11/site-packages/airflow/example_dags/example_external_task_marker_dag.py
[2026-06-02T04:59:39.846+0000] {processor.py:840} INFO - DAG(s) 'example_external_task_marker_child', 'example_external_task_marker_parent' retrieved from /home/airflow/.local/lib/python3.11/site-packages/airflow/example_dags/example_external_task_marker_dag.py
[2026-06-02T04:59:39.935+0000] {logging_mixin.py:188} INFO - [2026-06-02T04:59:39.934+0000] {dag.py:3096} INFO - Sync 2 DAGs
[2026-06-02T04:59:40.027+0000] {logging_mixin.py:188} INFO - [2026-06-02T04:59:40.026+0000] {dag.py:3954} INFO - Setting next_dagrun for example_external_task_marker_child to None, run_after=None
[2026-06-02T04:59:40.061+0000] {logging_mixin.py:188} INFO - [2026-06-02T04:59:40.061+0000] {dag.py:3954} INFO - Setting next_dagrun for example_external_task_marker_parent to None, run_after=None
[2026-06-02T04:59:40.293+0000] {processor.py:183} INFO - Processing /home/airflow/.local/lib/python3.11/site-packages/airflow/example_dags/example_external_task_marker_dag.py took 0.511 seconds
[2026-06-02T05:00:10.964+0000] {processor.py:161} INFO - Started process (PID=7313) to work on /home/airflow/.local/lib/python3.11/site-packages/airflow/example_dags/example_external_task_marker_dag.py
[2026-06-02T05:00:10.983+0000] {processor.py:830} INFO - Processing file /home/airflow/.local/lib/python3.11/site-packages/airflow/example_dags/example_external_task_marker_dag.py for tasks to queue
[2026-06-02T05:00:10.985+0000] {logging_mixin.py:188} INFO - [2026-06-02T05:00:10.985+0000] {dagbag.py:545} INFO - Filling up the DagBag from /home/airflow/.local/lib/python3.11/site-packages/airflow/example_dags/example_external_task_marker_dag.py
[2026-06-02T05:00:11.012+0000] {processor.py:840} INFO - DAG(s) 'example_external_task_marker_child', 'example_external_task_marker_parent' retrieved from /home/airflow/.local/lib/python3.11/site-packages/airflow/example_dags/example_external_task_marker_dag.py
[2026-06-02T05:00:11.106+0000] {logging_mixin.py:188} INFO - [2026-06-02T05:00:11.106+0000] {dag.py:3096} INFO - Sync 2 DAGs
[2026-06-02T05:00:11.120+0000] {logging_mixin.py:188} INFO - [2026-06-02T05:00:11.120+0000] {dag.py:3954} INFO - Setting next_dagrun for example_external_task_marker_child to None, run_after=None
[2026-06-02T05:00:11.144+0000] {logging_mixin.py:188} INFO - [2026-06-02T05:00:11.143+0000] {dag.py:3954} INFO - Setting next_dagrun for example_external_task_marker_parent to None, run_after=None
[2026-06-02T05:00:11.251+0000] {processor.py:183} INFO - Processing /home/airflow/.local/lib/python3.11/site-packages/airflow/example_dags/example_external_task_marker_dag.py took 0.310 seconds
[2026-06-02T05:00:41.536+0000] {processor.py:161} INFO - Started process (PID=7589) to work on /home/airflow/.local/lib/python3.11/site-packages/airflow/example_dags/example_external_task_marker_dag.py
[2026-06-02T05:00:41.554+0000] {processor.py:830} INFO - Processing file /home/airflow/.local/lib/python3.11/site-packages/airflow/example_dags/example_external_task_marker_dag.py for tasks to queue
[2026-06-02T05:00:41.563+0000] {logging_mixin.py:188} INFO - [2026-06-02T05:00:41.563+0000] {dagbag.py:545} INFO - Filling up the DagBag from /home/airflow/.local/lib/python3.11/site-packages/airflow/example_dags/example_external_task_marker_dag.py
[2026-06-02T05:00:41.586+0000] {processor.py:840} INFO - DAG(s) 'example_external_task_marker_parent', 'example_external_task_marker_child' retrieved from /home/airflow/.local/lib/python3.11/site-packages/airflow/example_dags/example_external_task_marker_dag.py
[2026-06-02T05:00:41.649+0000] {logging_mixin.py:188} INFO - [2026-06-02T05:00:41.649+0000] {dag.py:3096} INFO - Sync 2 DAGs
[2026-06-02T05:00:41.678+0000] {logging_mixin.py:188} INFO - [2026-06-02T05:00:41.677+0000] {dag.py:3954} INFO - Setting next_dagrun for example_external_task_marker_child to None, run_after=None
[2026-06-02T05:00:41.687+0000] {logging_mixin.py:188} INFO - [2026-06-02T05:00:41.686+0000] {dag.py:3954} INFO - Setting next_dagrun for example_external_task_marker_parent to None, run_after=None
[2026-06-02T05:00:41.707+0000] {processor.py:183} INFO - Processing /home/airflow/.local/lib/python3.11/site-packages/airflow/example_dags/example_external_task_marker_dag.py took 0.196 seconds
[2026-06-02T05:01:12.752+0000] {processor.py:161} INFO - Started process (PID=7863) to work on /home/airflow/.local/lib/python3.11/site-packages/airflow/example_dags/example_external_task_marker_dag.py
[2026-06-02T05:01:12.765+0000] {processor.py:830} INFO - Processing file /home/airflow/.local/lib/python3.11/site-packages/airflow/example_dags/example_external_task_marker_dag.py for tasks to queue
[2026-06-02T05:01:12.778+0000] {logging_mixin.py:188} INFO - [2026-06-02T05:01:12.777+0000] {dagbag.py:545} INFO - Filling up the DagBag from /home/airflow/.local/lib/python3.11/site-packages/airflow/example_dags/example_external_task_marker_dag.py
[2026-06-02T05:01:12.818+0000] {processor.py:840} INFO - DAG(s) 'example_external_task_marker_parent', 'example_external_task_marker_child' retrieved from /home/airflow/.local/lib/python3.11/site-packages/airflow/example_dags/example_external_task_marker_dag.py
[2026-06-02T05:01:12.868+0000] {logging_mixin.py:188} INFO - [2026-06-02T05:01:12.868+0000] {dag.py:3096} INFO - Sync 2 DAGs
[2026-06-02T05:01:12.940+0000] {logging_mixin.py:188} INFO - [2026-06-02T05:01:12.940+0000] {dag.py:3954} INFO - Setting next_dagrun for example_external_task_marker_child to None, run_after=None
[2026-06-02T05:01:12.975+0000] {logging_mixin.py:188} INFO - [2026-06-02T05:01:12.975+0000] {dag.py:3954} INFO - Setting next_dagrun for example_external_task_marker_parent to None, run_after=None
[2026-06-02T05:01:13.086+0000] {processor.py:183} INFO - Processing /home/airflow/.local/lib/python3.11/site-packages/airflow/example_dags/example_external_task_marker_dag.py took 0.361 seconds
[2026-06-02T05:01:43.974+0000] {processor.py:161} INFO - Started process (PID=8133) to work on /home/airflow/.local/lib/python3.11/site-packages/airflow/example_dags/example_external_task_marker_dag.py
[2026-06-02T05:01:43.988+0000] {processor.py:830} INFO - Processing file /home/airflow/.local/lib/python3.11/site-packages/airflow/example_dags/example_external_task_marker_dag.py for tasks to queue
[2026-06-02T05:01:44.009+0000] {logging_mixin.py:188} INFO - [2026-06-02T05:01:44.008+0000] {dagbag.py:545} INFO - Filling up the DagBag from /home/airflow/.local/lib/python3.11/site-packages/airflow/example_dags/example_external_task_marker_dag.py
[2026-06-02T05:01:44.035+0000] {processor.py:840} INFO - DAG(s) 'example_external_task_marker_parent', 'example_external_task_marker_child' retrieved from /home/airflow/.local/lib/python3.11/site-packages/airflow/example_dags/example_external_task_marker_dag.py
[2026-06-02T05:01:44.180+0000] {logging_mixin.py:188} INFO - [2026-06-02T05:01:44.180+0000] {dag.py:3096} INFO - Sync 2 DAGs
[2026-06-02T05:01:44.245+0000] {logging_mixin.py:188} INFO - [2026-06-02T05:01:44.245+0000] {dag.py:3954} INFO - Setting next_dagrun for example_external_task_marker_child to None, run_after=None
[2026-06-02T05:01:44.264+0000] {logging_mixin.py:188} INFO - [2026-06-02T05:01:44.263+0000] {dag.py:3954} INFO - Setting next_dagrun for example_external_task_marker_parent to None, run_after=None
[2026-06-02T05:01:44.361+0000] {processor.py:183} INFO - Processing /home/airflow/.local/lib/python3.11/site-packages/airflow/example_dags/example_external_task_marker_dag.py took 0.418 seconds
[2026-06-02T05:02:14.613+0000] {processor.py:161} INFO - Started process (PID=8395) to work on /home/airflow/.local/lib/python3.11/site-packages/airflow/example_dags/example_external_task_marker_dag.py
[2026-06-02T05:02:14.615+0000] {processor.py:830} INFO - Processing file /home/airflow/.local/lib/python3.11/site-packages/airflow/example_dags/example_external_task_marker_dag.py for tasks to queue
[2026-06-02T05:02:14.640+0000] {logging_mixin.py:188} INFO - [2026-06-02T05:02:14.639+0000] {dagbag.py:545} INFO - Filling up the DagBag from /home/airflow/.local/lib/python3.11/site-packages/airflow/example_dags/example_external_task_marker_dag.py
[2026-06-02T05:02:14.646+0000] {processor.py:840} INFO - DAG(s) 'example_external_task_marker_parent', 'example_external_task_marker_child' retrieved from /home/airflow/.local/lib/python3.11/site-packages/airflow/example_dags/example_external_task_marker_dag.py
[2026-06-02T05:02:14.740+0000] {logging_mixin.py:188} INFO - [2026-06-02T05:02:14.739+0000] {dag.py:3096} INFO - Sync 2 DAGs
[2026-06-02T05:02:14.798+0000] {logging_mixin.py:188} INFO - [2026-06-02T05:02:14.798+0000] {dag.py:3954} INFO - Setting next_dagrun for example_external_task_marker_child to None, run_after=None
[2026-06-02T05:02:14.824+0000] {logging_mixin.py:188} INFO - [2026-06-02T05:02:14.824+0000] {dag.py:3954} INFO - Setting next_dagrun for example_external_task_marker_parent to None, run_after=None
[2026-06-02T05:02:14.932+0000] {processor.py:183} INFO - Processing /home/airflow/.local/lib/python3.11/site-packages/airflow/example_dags/example_external_task_marker_dag.py took 0.337 seconds
[2026-06-02T05:02:45.374+0000] {processor.py:161} INFO - Started process (PID=8670) to work on /home/airflow/.local/lib/python3.11/site-packages/airflow/example_dags/example_external_task_marker_dag.py
[2026-06-02T05:02:45.378+0000] {processor.py:830} INFO - Processing file /home/airflow/.local/lib/python3.11/site-packages/airflow/example_dags/example_external_task_marker_dag.py for tasks to queue
[2026-06-02T05:02:45.387+0000] {logging_mixin.py:188} INFO - [2026-06-02T05:02:45.386+0000] {dagbag.py:545} INFO - Filling up the DagBag from /home/airflow/.local/lib/python3.11/site-packages/airflow/example_dags/example_external_task_marker_dag.py
[2026-06-02T05:02:45.409+0000] {processor.py:840} INFO - DAG(s) 'example_external_task_marker_parent', 'example_external_task_marker_child' retrieved from /home/airflow/.local/lib/python3.11/site-packages/airflow/example_dags/example_external_task_marker_dag.py
[2026-06-02T05:02:45.517+0000] {logging_mixin.py:188} INFO - [2026-06-02T05:02:45.517+0000] {dag.py:3096} INFO - Sync 2 DAGs
[2026-06-02T05:02:45.576+0000] {logging_mixin.py:188} INFO - [2026-06-02T05:02:45.576+0000] {dag.py:3954} INFO - Setting next_dagrun for example_external_task_marker_child to None, run_after=None
[2026-06-02T05:02:45.597+0000] {logging_mixin.py:188} INFO - [2026-06-02T05:02:45.597+0000] {dag.py:3954} INFO - Setting next_dagrun for example_external_task_marker_parent to None, run_after=None
[2026-06-02T05:02:45.679+0000] {processor.py:183} INFO - Processing /home/airflow/.local/lib/python3.11/site-packages/airflow/example_dags/example_external_task_marker_dag.py took 0.340 seconds
[2026-06-02T05:03:15.945+0000] {processor.py:161} INFO - Started process (PID=8947) to work on /home/airflow/.local/lib/python3.11/site-packages/airflow/example_dags/example_external_task_marker_dag.py
[2026-06-02T05:03:15.961+0000] {processor.py:830} INFO - Processing file /home/airflow/.local/lib/python3.11/site-packages/airflow/example_dags/example_external_task_marker_dag.py for tasks to queue
[2026-06-02T05:03:15.970+0000] {logging_mixin.py:188} INFO - [2026-06-02T05:03:15.969+0000] {dagbag.py:545} INFO - Filling up the DagBag from /home/airflow/.local/lib/python3.11/site-packages/airflow/example_dags/example_external_task_marker_dag.py
[2026-06-02T05:03:16.014+0000] {processor.py:840} INFO - DAG(s) 'example_external_task_marker_child', 'example_external_task_marker_parent' retrieved from /home/airflow/.local/lib/python3.11/site-packages/airflow/example_dags/example_external_task_marker_dag.py
[2026-06-02T05:03:16.053+0000] {logging_mixin.py:188} INFO - [2026-06-02T05:03:16.053+0000] {dag.py:3096} INFO - Sync 2 DAGs
[2026-06-02T05:03:16.109+0000] {logging_mixin.py:188} INFO - [2026-06-02T05:03:16.108+0000] {dag.py:3954} INFO - Setting next_dagrun for example_external_task_marker_child to None, run_after=None
[2026-06-02T05:03:16.142+0000] {logging_mixin.py:188} INFO - [2026-06-02T05:03:16.141+0000] {dag.py:3954} INFO - Setting next_dagrun for example_external_task_marker_parent to None, run_after=None
[2026-06-02T05:03:16.241+0000] {processor.py:183} INFO - Processing /home/airflow/.local/lib/python3.11/site-packages/airflow/example_dags/example_external_task_marker_dag.py took 0.354 seconds
[2026-06-02T05:03:46.810+0000] {processor.py:161} INFO - Started process (PID=9223) to work on /home/airflow/.local/lib/python3.11/site-packages/airflow/example_dags/example_external_task_marker_dag.py
[2026-06-02T05:03:46.822+0000] {processor.py:830} INFO - Processing file /home/airflow/.local/lib/python3.11/site-packages/airflow/example_dags/example_external_task_marker_dag.py for tasks to queue
[2026-06-02T05:03:46.853+0000] {logging_mixin.py:188} INFO - [2026-06-02T05:03:46.852+0000] {dagbag.py:545} INFO - Filling up the DagBag from /home/airflow/.local/lib/python3.11/site-packages/airflow/example_dags/example_external_task_marker_dag.py
[2026-06-02T05:03:46.908+0000] {processor.py:840} INFO - DAG(s) 'example_external_task_marker_parent', 'example_external_task_marker_child' retrieved from /home/airflow/.local/lib/python3.11/site-packages/airflow/example_dags/example_external_task_marker_dag.py
[2026-06-02T05:03:46.983+0000] {logging_mixin.py:188} INFO - [2026-06-02T05:03:46.983+0000] {dag.py:3096} INFO - Sync 2 DAGs
[2026-06-02T05:03:47.086+0000] {logging_mixin.py:188} INFO - [2026-06-02T05:03:47.086+0000] {dag.py:3954} INFO - Setting next_dagrun for example_external_task_marker_child to None, run_after=None
[2026-06-02T05:03:47.106+0000] {logging_mixin.py:188} INFO - [2026-06-02T05:03:47.106+0000] {dag.py:3954} INFO - Setting next_dagrun for example_external_task_marker_parent to None, run_after=None
[2026-06-02T05:03:47.200+0000] {processor.py:183} INFO - Processing /home/airflow/.local/lib/python3.11/site-packages/airflow/example_dags/example_external_task_marker_dag.py took 0.418 seconds
[2026-06-02T05:04:18.121+0000] {processor.py:161} INFO - Started process (PID=9499) to work on /home/airflow/.local/lib/python3.11/site-packages/airflow/example_dags/example_external_task_marker_dag.py
[2026-06-02T05:04:18.131+0000] {processor.py:830} INFO - Processing file /home/airflow/.local/lib/python3.11/site-packages/airflow/example_dags/example_external_task_marker_dag.py for tasks to queue
[2026-06-02T05:04:18.144+0000] {logging_mixin.py:188} INFO - [2026-06-02T05:04:18.143+0000] {dagbag.py:545} INFO - Filling up the DagBag from /home/airflow/.local/lib/python3.11/site-packages/airflow/example_dags/example_external_task_marker_dag.py
[2026-06-02T05:04:18.193+0000] {processor.py:840} INFO - DAG(s) 'example_external_task_marker_parent', 'example_external_task_marker_child' retrieved from /home/airflow/.local/lib/python3.11/site-packages/airflow/example_dags/example_external_task_marker_dag.py
[2026-06-02T05:04:18.279+0000] {logging_mixin.py:188} INFO - [2026-06-02T05:04:18.279+0000] {dag.py:3096} INFO - Sync 2 DAGs
[2026-06-02T05:04:18.310+0000] {logging_mixin.py:188} INFO - [2026-06-02T05:04:18.310+0000] {dag.py:3954} INFO - Setting next_dagrun for example_external_task_marker_child to None, run_after=None
[2026-06-02T05:04:18.349+0000] {logging_mixin.py:188} INFO - [2026-06-02T05:04:18.349+0000] {dag.py:3954} INFO - Setting next_dagrun for example_external_task_marker_parent to None, run_after=None
[2026-06-02T05:04:18.449+0000] {processor.py:183} INFO - Processing /home/airflow/.local/lib/python3.11/site-packages/airflow/example_dags/example_external_task_marker_dag.py took 0.389 seconds
[2026-06-02T05:04:50.196+0000] {processor.py:161} INFO - Started process (PID=9775) to work on /home/airflow/.local/lib/python3.11/site-packages/airflow/example_dags/example_external_task_marker_dag.py
[2026-06-02T05:04:50.206+0000] {processor.py:830} INFO - Processing file /home/airflow/.local/lib/python3.11/site-packages/airflow/example_dags/example_external_task_marker_dag.py for tasks to queue
[2026-06-02T05:04:50.215+0000] {logging_mixin.py:188} INFO - [2026-06-02T05:04:50.214+0000] {dagbag.py:545} INFO - Filling up the DagBag from /home/airflow/.local/lib/python3.11/site-packages/airflow/example_dags/example_external_task_marker_dag.py
[2026-06-02T05:04:50.237+0000] {processor.py:840} INFO - DAG(s) 'example_external_task_marker_parent', 'example_external_task_marker_child' retrieved from /home/airflow/.local/lib/python3.11/site-packages/airflow/example_dags/example_external_task_marker_dag.py
[2026-06-02T05:04:50.323+0000] {logging_mixin.py:188} INFO - [2026-06-02T05:04:50.322+0000] {dag.py:3096} INFO - Sync 2 DAGs
[2026-06-02T05:04:50.361+0000] {logging_mixin.py:188} INFO - [2026-06-02T05:04:50.361+0000] {dag.py:3954} INFO - Setting next_dagrun for example_external_task_marker_child to None, run_after=None
[2026-06-02T05:04:50.380+0000] {logging_mixin.py:188} INFO - [2026-06-02T05:04:50.379+0000] {dag.py:3954} INFO - Setting next_dagrun for example_external_task_marker_parent to None, run_after=None
[2026-06-02T05:04:50.427+0000] {processor.py:183} INFO - Processing /home/airflow/.local/lib/python3.11/site-packages/airflow/example_dags/example_external_task_marker_dag.py took 0.247 seconds
[2026-06-02T05:05:20.851+0000] {processor.py:161} INFO - Started process (PID=10039) to work on /home/airflow/.local/lib/python3.11/site-packages/airflow/example_dags/example_external_task_marker_dag.py
[2026-06-02T05:05:20.852+0000] {processor.py:830} INFO - Processing file /home/airflow/.local/lib/python3.11/site-packages/airflow/example_dags/example_external_task_marker_dag.py for tasks to queue
[2026-06-02T05:05:20.853+0000] {logging_mixin.py:188} INFO - [2026-06-02T05:05:20.853+0000] {dagbag.py:545} INFO - Filling up the DagBag from /home/airflow/.local/lib/python3.11/site-packages/airflow/example_dags/example_external_task_marker_dag.py
[2026-06-02T05:05:20.892+0000] {processor.py:840} INFO - DAG(s) 'example_external_task_marker_child', 'example_external_task_marker_parent' retrieved from /home/airflow/.local/lib/python3.11/site-packages/airflow/example_dags/example_external_task_marker_dag.py
[2026-06-02T05:05:21.046+0000] {logging_mixin.py:188} INFO - [2026-06-02T05:05:21.045+0000] {dag.py:3096} INFO - Sync 2 DAGs
[2026-06-02T05:05:21.096+0000] {logging_mixin.py:188} INFO - [2026-06-02T05:05:21.094+0000] {dag.py:3954} INFO - Setting next_dagrun for example_external_task_marker_child to None, run_after=None
[2026-06-02T05:05:21.150+0000] {logging_mixin.py:188} INFO - [2026-06-02T05:05:21.150+0000] {dag.py:3954} INFO - Setting next_dagrun for example_external_task_marker_parent to None, run_after=None
[2026-06-02T05:05:21.218+0000] {processor.py:183} INFO - Processing /home/airflow/.local/lib/python3.11/site-packages/airflow/example_dags/example_external_task_marker_dag.py took 0.391 seconds
[2026-06-02T05:05:51.824+0000] {processor.py:161} INFO - Started process (PID=10314) to work on /home/airflow/.local/lib/python3.11/site-packages/airflow/example_dags/example_external_task_marker_dag.py
[2026-06-02T05:05:51.836+0000] {processor.py:830} INFO - Processing file /home/airflow/.local/lib/python3.11/site-packages/airflow/example_dags/example_external_task_marker_dag.py for tasks to queue
[2026-06-02T05:05:51.843+0000] {logging_mixin.py:188} INFO - [2026-06-02T05:05:51.842+0000] {dagbag.py:545} INFO - Filling up the DagBag from /home/airflow/.local/lib/python3.11/site-packages/airflow/example_dags/example_external_task_marker_dag.py
[2026-06-02T05:05:51.856+0000] {processor.py:840} INFO - DAG(s) 'example_external_task_marker_child', 'example_external_task_marker_parent' retrieved from /home/airflow/.local/lib/python3.11/site-packages/airflow/example_dags/example_external_task_marker_dag.py
[2026-06-02T05:05:51.953+0000] {logging_mixin.py:188} INFO - [2026-06-02T05:05:51.952+0000] {dag.py:3096} INFO - Sync 2 DAGs
[2026-06-02T05:05:52.044+0000] {logging_mixin.py:188} INFO - [2026-06-02T05:05:52.044+0000] {dag.py:3954} INFO - Setting next_dagrun for example_external_task_marker_child to None, run_after=None
[2026-06-02T05:05:52.086+0000] {logging_mixin.py:188} INFO - [2026-06-02T05:05:52.086+0000] {dag.py:3954} INFO - Setting next_dagrun for example_external_task_marker_parent to None, run_after=None
[2026-06-02T05:05:52.196+0000] {processor.py:183} INFO - Processing /home/airflow/.local/lib/python3.11/site-packages/airflow/example_dags/example_external_task_marker_dag.py took 0.379 seconds
[2026-06-02T05:06:23.201+0000] {processor.py:161} INFO - Started process (PID=10592) to work on /home/airflow/.local/lib/python3.11/site-packages/airflow/example_dags/example_external_task_marker_dag.py
[2026-06-02T05:06:23.214+0000] {processor.py:830} INFO - Processing file /home/airflow/.local/lib/python3.11/site-packages/airflow/example_dags/example_external_task_marker_dag.py for tasks to queue
[2026-06-02T05:06:23.231+0000] {logging_mixin.py:188} INFO - [2026-06-02T05:06:23.230+0000] {dagbag.py:545} INFO - Filling up the DagBag from /home/airflow/.local/lib/python3.11/site-packages/airflow/example_dags/example_external_task_marker_dag.py
[2026-06-02T05:06:23.254+0000] {processor.py:840} INFO - DAG(s) 'example_external_task_marker_child', 'example_external_task_marker_parent' retrieved from /home/airflow/.local/lib/python3.11/site-packages/airflow/example_dags/example_external_task_marker_dag.py
[2026-06-02T05:06:23.331+0000] {logging_mixin.py:188} INFO - [2026-06-02T05:06:23.331+0000] {dag.py:3096} INFO - Sync 2 DAGs
[2026-06-02T05:06:23.389+0000] {logging_mixin.py:188} INFO - [2026-06-02T05:06:23.388+0000] {dag.py:3954} INFO - Setting next_dagrun for example_external_task_marker_child to None, run_after=None
[2026-06-02T05:06:23.407+0000] {logging_mixin.py:188} INFO - [2026-06-02T05:06:23.407+0000] {dag.py:3954} INFO - Setting next_dagrun for example_external_task_marker_parent to None, run_after=None
[2026-06-02T05:06:23.514+0000] {processor.py:183} INFO - Processing /home/airflow/.local/lib/python3.11/site-packages/airflow/example_dags/example_external_task_marker_dag.py took 0.321 seconds
[2026-06-02T05:06:53.908+0000] {processor.py:161} INFO - Started process (PID=10866) to work on /home/airflow/.local/lib/python3.11/site-packages/airflow/example_dags/example_external_task_marker_dag.py
[2026-06-02T05:06:53.913+0000] {processor.py:830} INFO - Processing file /home/airflow/.local/lib/python3.11/site-packages/airflow/example_dags/example_external_task_marker_dag.py for tasks to queue
[2026-06-02T05:06:53.930+0000] {logging_mixin.py:188} INFO - [2026-06-02T05:06:53.930+0000] {dagbag.py:545} INFO - Filling up the DagBag from /home/airflow/.local/lib/python3.11/site-packages/airflow/example_dags/example_external_task_marker_dag.py
[2026-06-02T05:06:53.954+0000] {processor.py:840} INFO - DAG(s) 'example_external_task_marker_child', 'example_external_task_marker_parent' retrieved from /home/airflow/.local/lib/python3.11/site-packages/airflow/example_dags/example_external_task_marker_dag.py
[2026-06-02T05:06:54.002+0000] {logging_mixin.py:188} INFO - [2026-06-02T05:06:54.002+0000] {dag.py:3096} INFO - Sync 2 DAGs
[2026-06-02T05:06:54.028+0000] {logging_mixin.py:188} INFO - [2026-06-02T05:06:54.027+0000] {dag.py:3954} INFO - Setting next_dagrun for example_external_task_marker_child to None, run_after=None
[2026-06-02T05:06:54.035+0000] {logging_mixin.py:188} INFO - [2026-06-02T05:06:54.035+0000] {dag.py:3954} INFO - Setting next_dagrun for example_external_task_marker_parent to None, run_after=None
[2026-06-02T05:06:54.073+0000] {processor.py:183} INFO - Processing /home/airflow/.local/lib/python3.11/site-packages/airflow/example_dags/example_external_task_marker_dag.py took 0.180 seconds
[2026-06-02T05:07:27.414+0000] {processor.py:161} INFO - Started process (PID=11142) to work on /home/airflow/.local/lib/python3.11/site-packages/airflow/example_dags/example_external_task_marker_dag.py
[2026-06-02T05:07:27.434+0000] {processor.py:830} INFO - Processing file /home/airflow/.local/lib/python3.11/site-packages/airflow/example_dags/example_external_task_marker_dag.py for tasks to queue
[2026-06-02T05:07:27.445+0000] {logging_mixin.py:188} INFO - [2026-06-02T05:07:27.444+0000] {dagbag.py:545} INFO - Filling up the DagBag from /home/airflow/.local/lib/python3.11/site-packages/airflow/example_dags/example_external_task_marker_dag.py
[2026-06-02T05:07:27.520+0000] {processor.py:840} INFO - DAG(s) 'example_external_task_marker_child', 'example_external_task_marker_parent' retrieved from /home/airflow/.local/lib/python3.11/site-packages/airflow/example_dags/example_external_task_marker_dag.py
[2026-06-02T05:07:27.684+0000] {logging_mixin.py:188} INFO - [2026-06-02T05:07:27.684+0000] {dag.py:3096} INFO - Sync 2 DAGs
[2026-06-02T05:07:27.750+0000] {logging_mixin.py:188} INFO - [2026-06-02T05:07:27.750+0000] {dag.py:3954} INFO - Setting next_dagrun for example_external_task_marker_child to None, run_after=None
[2026-06-02T05:07:27.784+0000] {logging_mixin.py:188} INFO - [2026-06-02T05:07:27.784+0000] {dag.py:3954} INFO - Setting next_dagrun for example_external_task_marker_parent to None, run_after=None
[2026-06-02T05:07:27.900+0000] {processor.py:183} INFO - Processing /home/airflow/.local/lib/python3.11/site-packages/airflow/example_dags/example_external_task_marker_dag.py took 0.519 seconds
[2026-06-02T05:07:58.583+0000] {processor.py:161} INFO - Started process (PID=11406) to work on /home/airflow/.local/lib/python3.11/site-packages/airflow/example_dags/example_external_task_marker_dag.py
[2026-06-02T05:07:58.589+0000] {processor.py:830} INFO - Processing file /home/airflow/.local/lib/python3.11/site-packages/airflow/example_dags/example_external_task_marker_dag.py for tasks to queue
[2026-06-02T05:07:58.593+0000] {logging_mixin.py:188} INFO - [2026-06-02T05:07:58.592+0000] {dagbag.py:545} INFO - Filling up the DagBag from /home/airflow/.local/lib/python3.11/site-packages/airflow/example_dags/example_external_task_marker_dag.py
[2026-06-02T05:07:58.619+0000] {processor.py:840} INFO - DAG(s) 'example_external_task_marker_child', 'example_external_task_marker_parent' retrieved from /home/airflow/.local/lib/python3.11/site-packages/airflow/example_dags/example_external_task_marker_dag.py
[2026-06-02T05:07:58.697+0000] {logging_mixin.py:188} INFO - [2026-06-02T05:07:58.697+0000] {dag.py:3096} INFO - Sync 2 DAGs
[2026-06-02T05:07:58.721+0000] {logging_mixin.py:188} INFO - [2026-06-02T05:07:58.721+0000] {dag.py:3954} INFO - Setting next_dagrun for example_external_task_marker_child to None, run_after=None
[2026-06-02T05:07:58.744+0000] {logging_mixin.py:188} INFO - [2026-06-02T05:07:58.744+0000] {dag.py:3954} INFO - Setting next_dagrun for example_external_task_marker_parent to None, run_after=None
[2026-06-02T05:07:58.833+0000] {processor.py:183} INFO - Processing /home/airflow/.local/lib/python3.11/site-packages/airflow/example_dags/example_external_task_marker_dag.py took 0.263 seconds
[2026-06-02T05:08:29.487+0000] {processor.py:161} INFO - Started process (PID=11682) to work on /home/airflow/.local/lib/python3.11/site-packages/airflow/example_dags/example_external_task_marker_dag.py
[2026-06-02T05:08:29.498+0000] {processor.py:830} INFO - Processing file /home/airflow/.local/lib/python3.11/site-packages/airflow/example_dags/example_external_task_marker_dag.py for tasks to queue
[2026-06-02T05:08:29.511+0000] {logging_mixin.py:188} INFO - [2026-06-02T05:08:29.510+0000] {dagbag.py:545} INFO - Filling up the DagBag from /home/airflow/.local/lib/python3.11/site-packages/airflow/example_dags/example_external_task_marker_dag.py
[2026-06-02T05:08:29.540+0000] {processor.py:840} INFO - DAG(s) 'example_external_task_marker_parent', 'example_external_task_marker_child' retrieved from /home/airflow/.local/lib/python3.11/site-packages/airflow/example_dags/example_external_task_marker_dag.py
[2026-06-02T05:08:29.650+0000] {logging_mixin.py:188} INFO - [2026-06-02T05:08:29.650+0000] {dag.py:3096} INFO - Sync 2 DAGs
[2026-06-02T05:08:29.733+0000] {logging_mixin.py:188} INFO - [2026-06-02T05:08:29.733+0000] {dag.py:3954} INFO - Setting next_dagrun for example_external_task_marker_child to None, run_after=None
[2026-06-02T05:08:29.751+0000] {logging_mixin.py:188} INFO - [2026-06-02T05:08:29.750+0000] {dag.py:3954} INFO - Setting next_dagrun for example_external_task_marker_parent to None, run_after=None
[2026-06-02T05:08:29.815+0000] {processor.py:183} INFO - Processing /home/airflow/.local/lib/python3.11/site-packages/airflow/example_dags/example_external_task_marker_dag.py took 0.363 seconds
[2026-06-02T05:09:00.476+0000] {processor.py:161} INFO - Started process (PID=11958) to work on /home/airflow/.local/lib/python3.11/site-packages/airflow/example_dags/example_external_task_marker_dag.py
[2026-06-02T05:09:00.485+0000] {processor.py:830} INFO - Processing file /home/airflow/.local/lib/python3.11/site-packages/airflow/example_dags/example_external_task_marker_dag.py for tasks to queue
[2026-06-02T05:09:00.498+0000] {logging_mixin.py:188} INFO - [2026-06-02T05:09:00.497+0000] {dagbag.py:545} INFO - Filling up the DagBag from /home/airflow/.local/lib/python3.11/site-packages/airflow/example_dags/example_external_task_marker_dag.py
[2026-06-02T05:09:00.535+0000] {processor.py:840} INFO - DAG(s) 'example_external_task_marker_parent', 'example_external_task_marker_child' retrieved from /home/airflow/.local/lib/python3.11/site-packages/airflow/example_dags/example_external_task_marker_dag.py
[2026-06-02T05:09:00.707+0000] {logging_mixin.py:188} INFO - [2026-06-02T05:09:00.706+0000] {dag.py:3096} INFO - Sync 2 DAGs
[2026-06-02T05:09:00.771+0000] {logging_mixin.py:188} INFO - [2026-06-02T05:09:00.771+0000] {dag.py:3954} INFO - Setting next_dagrun for example_external_task_marker_child to None, run_after=None
[2026-06-02T05:09:00.802+0000] {logging_mixin.py:188} INFO - [2026-06-02T05:09:00.802+0000] {dag.py:3954} INFO - Setting next_dagrun for example_external_task_marker_parent to None, run_after=None
[2026-06-02T05:09:00.898+0000] {processor.py:183} INFO - Processing /home/airflow/.local/lib/python3.11/site-packages/airflow/example_dags/example_external_task_marker_dag.py took 0.441 seconds
[2026-06-02T05:09:34.615+0000] {processor.py:161} INFO - Started process (PID=12232) to work on /home/airflow/.local/lib/python3.11/site-packages/airflow/example_dags/example_external_task_marker_dag.py
[2026-06-02T05:09:34.652+0000] {processor.py:830} INFO - Processing file /home/airflow/.local/lib/python3.11/site-packages/airflow/example_dags/example_external_task_marker_dag.py for tasks to queue
[2026-06-02T05:09:34.669+0000] {logging_mixin.py:188} INFO - [2026-06-02T05:09:34.668+0000] {dagbag.py:545} INFO - Filling up the DagBag from /home/airflow/.local/lib/python3.11/site-packages/airflow/example_dags/example_external_task_marker_dag.py
[2026-06-02T05:09:34.714+0000] {processor.py:840} INFO - DAG(s) 'example_external_task_marker_parent', 'example_external_task_marker_child' retrieved from /home/airflow/.local/lib/python3.11/site-packages/airflow/example_dags/example_external_task_marker_dag.py
[2026-06-02T05:09:34.849+0000] {logging_mixin.py:188} INFO - [2026-06-02T05:09:34.849+0000] {dag.py:3096} INFO - Sync 2 DAGs
[2026-06-02T05:09:34.886+0000] {logging_mixin.py:188} INFO - [2026-06-02T05:09:34.886+0000] {dag.py:3954} INFO - Setting next_dagrun for example_external_task_marker_child to None, run_after=None
[2026-06-02T05:09:35.024+0000] {logging_mixin.py:188} INFO - [2026-06-02T05:09:35.023+0000] {dag.py:3954} INFO - Setting next_dagrun for example_external_task_marker_parent to None, run_after=None
[2026-06-02T05:09:35.136+0000] {processor.py:183} INFO - Processing /home/airflow/.local/lib/python3.11/site-packages/airflow/example_dags/example_external_task_marker_dag.py took 0.608 seconds
[2026-06-02T05:10:21.225+0000] {processor.py:161} INFO - Started process (PID=12523) to work on /home/airflow/.local/lib/python3.11/site-packages/airflow/example_dags/example_external_task_marker_dag.py
[2026-06-02T05:10:21.229+0000] {processor.py:830} INFO - Processing file /home/airflow/.local/lib/python3.11/site-packages/airflow/example_dags/example_external_task_marker_dag.py for tasks to queue
[2026-06-02T05:10:21.240+0000] {logging_mixin.py:188} INFO - [2026-06-02T05:10:21.239+0000] {dagbag.py:545} INFO - Filling up the DagBag from /home/airflow/.local/lib/python3.11/site-packages/airflow/example_dags/example_external_task_marker_dag.py
[2026-06-02T05:10:21.359+0000] {processor.py:840} INFO - DAG(s) 'example_external_task_marker_child', 'example_external_task_marker_parent' retrieved from /home/airflow/.local/lib/python3.11/site-packages/airflow/example_dags/example_external_task_marker_dag.py
[2026-06-02T05:10:21.489+0000] {logging_mixin.py:188} INFO - [2026-06-02T05:10:21.489+0000] {dag.py:3096} INFO - Sync 2 DAGs
[2026-06-02T05:10:21.600+0000] {logging_mixin.py:188} INFO - [2026-06-02T05:10:21.599+0000] {dag.py:3954} INFO - Setting next_dagrun for example_external_task_marker_child to None, run_after=None
[2026-06-02T05:10:21.628+0000] {logging_mixin.py:188} INFO - [2026-06-02T05:10:21.628+0000] {dag.py:3954} INFO - Setting next_dagrun for example_external_task_marker_parent to None, run_after=None
[2026-06-02T05:10:21.731+0000] {processor.py:183} INFO - Processing /home/airflow/.local/lib/python3.11/site-packages/airflow/example_dags/example_external_task_marker_dag.py took 0.544 seconds
[2026-06-02T05:10:54.610+0000] {processor.py:161} INFO - Started process (PID=12811) to work on /home/airflow/.local/lib/python3.11/site-packages/airflow/example_dags/example_external_task_marker_dag.py
[2026-06-02T05:10:54.628+0000] {processor.py:830} INFO - Processing file /home/airflow/.local/lib/python3.11/site-packages/airflow/example_dags/example_external_task_marker_dag.py for tasks to queue
[2026-06-02T05:10:54.646+0000] {logging_mixin.py:188} INFO - [2026-06-02T05:10:54.644+0000] {dagbag.py:545} INFO - Filling up the DagBag from /home/airflow/.local/lib/python3.11/site-packages/airflow/example_dags/example_external_task_marker_dag.py
[2026-06-02T05:10:54.692+0000] {processor.py:840} INFO - DAG(s) 'example_external_task_marker_child', 'example_external_task_marker_parent' retrieved from /home/airflow/.local/lib/python3.11/site-packages/airflow/example_dags/example_external_task_marker_dag.py
[2026-06-02T05:10:54.884+0000] {logging_mixin.py:188} INFO - [2026-06-02T05:10:54.884+0000] {dag.py:3096} INFO - Sync 2 DAGs
[2026-06-02T05:10:54.955+0000] {logging_mixin.py:188} INFO - [2026-06-02T05:10:54.954+0000] {dag.py:3954} INFO - Setting next_dagrun for example_external_task_marker_child to None, run_after=None
[2026-06-02T05:10:54.996+0000] {logging_mixin.py:188} INFO - [2026-06-02T05:10:54.996+0000] {dag.py:3954} INFO - Setting next_dagrun for example_external_task_marker_parent to None, run_after=None
[2026-06-02T05:10:55.101+0000] {processor.py:183} INFO - Processing /home/airflow/.local/lib/python3.11/site-packages/airflow/example_dags/example_external_task_marker_dag.py took 0.517 seconds
[2026-06-02T05:11:25.622+0000] {processor.py:161} INFO - Started process (PID=13084) to work on /home/airflow/.local/lib/python3.11/site-packages/airflow/example_dags/example_external_task_marker_dag.py
[2026-06-02T05:11:25.641+0000] {processor.py:830} INFO - Processing file /home/airflow/.local/lib/python3.11/site-packages/airflow/example_dags/example_external_task_marker_dag.py for tasks to queue
[2026-06-02T05:11:25.663+0000] {logging_mixin.py:188} INFO - [2026-06-02T05:11:25.663+0000] {dagbag.py:545} INFO - Filling up the DagBag from /home/airflow/.local/lib/python3.11/site-packages/airflow/example_dags/example_external_task_marker_dag.py
[2026-06-02T05:11:25.719+0000] {processor.py:840} INFO - DAG(s) 'example_external_task_marker_parent', 'example_external_task_marker_child' retrieved from /home/airflow/.local/lib/python3.11/site-packages/airflow/example_dags/example_external_task_marker_dag.py
[2026-06-02T05:11:25.769+0000] {logging_mixin.py:188} INFO - [2026-06-02T05:11:25.769+0000] {dag.py:3096} INFO - Sync 2 DAGs
[2026-06-02T05:11:25.806+0000] {logging_mixin.py:188} INFO - [2026-06-02T05:11:25.805+0000] {dag.py:3954} INFO - Setting next_dagrun for example_external_task_marker_child to None, run_after=None
[2026-06-02T05:11:25.851+0000] {logging_mixin.py:188} INFO - [2026-06-02T05:11:25.851+0000] {dag.py:3954} INFO - Setting next_dagrun for example_external_task_marker_parent to None, run_after=None
[2026-06-02T05:11:25.964+0000] {processor.py:183} INFO - Processing /home/airflow/.local/lib/python3.11/site-packages/airflow/example_dags/example_external_task_marker_dag.py took 0.349 seconds
[2026-06-02T05:11:56.333+0000] {processor.py:161} INFO - Started process (PID=13356) to work on /home/airflow/.local/lib/python3.11/site-packages/airflow/example_dags/example_external_task_marker_dag.py
[2026-06-02T05:11:56.340+0000] {processor.py:830} INFO - Processing file /home/airflow/.local/lib/python3.11/site-packages/airflow/example_dags/example_external_task_marker_dag.py for tasks to queue
[2026-06-02T05:11:56.347+0000] {logging_mixin.py:188} INFO - [2026-06-02T05:11:56.346+0000] {dagbag.py:545} INFO - Filling up the DagBag from /home/airflow/.local/lib/python3.11/site-packages/airflow/example_dags/example_external_task_marker_dag.py
[2026-06-02T05:11:56.367+0000] {processor.py:840} INFO - DAG(s) 'example_external_task_marker_child', 'example_external_task_marker_parent' retrieved from /home/airflow/.local/lib/python3.11/site-packages/airflow/example_dags/example_external_task_marker_dag.py
[2026-06-02T05:11:56.412+0000] {logging_mixin.py:188} INFO - [2026-06-02T05:11:56.411+0000] {dag.py:3096} INFO - Sync 2 DAGs
[2026-06-02T05:11:56.437+0000] {logging_mixin.py:188} INFO - [2026-06-02T05:11:56.437+0000] {dag.py:3954} INFO - Setting next_dagrun for example_external_task_marker_child to None, run_after=None
[2026-06-02T05:11:56.446+0000] {logging_mixin.py:188} INFO - [2026-06-02T05:11:56.445+0000] {dag.py:3954} INFO - Setting next_dagrun for example_external_task_marker_parent to None, run_after=None
[2026-06-02T05:11:56.480+0000] {processor.py:183} INFO - Processing /home/airflow/.local/lib/python3.11/site-packages/airflow/example_dags/example_external_task_marker_dag.py took 0.167 seconds
[2026-06-02T05:12:26.871+0000] {processor.py:161} INFO - Started process (PID=13630) to work on /home/airflow/.local/lib/python3.11/site-packages/airflow/example_dags/example_external_task_marker_dag.py
[2026-06-02T05:12:26.887+0000] {processor.py:830} INFO - Processing file /home/airflow/.local/lib/python3.11/site-packages/airflow/example_dags/example_external_task_marker_dag.py for tasks to queue
[2026-06-02T05:12:26.900+0000] {logging_mixin.py:188} INFO - [2026-06-02T05:12:26.899+0000] {dagbag.py:545} INFO - Filling up the DagBag from /home/airflow/.local/lib/python3.11/site-packages/airflow/example_dags/example_external_task_marker_dag.py
[2026-06-02T05:12:26.960+0000] {processor.py:840} INFO - DAG(s) 'example_external_task_marker_parent', 'example_external_task_marker_child' retrieved from /home/airflow/.local/lib/python3.11/site-packages/airflow/example_dags/example_external_task_marker_dag.py
[2026-06-02T05:12:27.064+0000] {logging_mixin.py:188} INFO - [2026-06-02T05:12:27.064+0000] {dag.py:3096} INFO - Sync 2 DAGs
[2026-06-02T05:12:27.112+0000] {logging_mixin.py:188} INFO - [2026-06-02T05:12:27.111+0000] {dag.py:3954} INFO - Setting next_dagrun for example_external_task_marker_child to None, run_after=None
[2026-06-02T05:12:27.127+0000] {logging_mixin.py:188} INFO - [2026-06-02T05:12:27.126+0000] {dag.py:3954} INFO - Setting next_dagrun for example_external_task_marker_parent to None, run_after=None
[2026-06-02T05:12:27.182+0000] {processor.py:183} INFO - Processing /home/airflow/.local/lib/python3.11/site-packages/airflow/example_dags/example_external_task_marker_dag.py took 0.339 seconds
[2026-06-02T05:13:04.174+0000] {processor.py:161} INFO - Started process (PID=13907) to work on /home/airflow/.local/lib/python3.11/site-packages/airflow/example_dags/example_external_task_marker_dag.py
[2026-06-02T05:13:04.192+0000] {processor.py:830} INFO - Processing file /home/airflow/.local/lib/python3.11/site-packages/airflow/example_dags/example_external_task_marker_dag.py for tasks to queue
[2026-06-02T05:13:04.213+0000] {logging_mixin.py:188} INFO - [2026-06-02T05:13:04.213+0000] {dagbag.py:545} INFO - Filling up the DagBag from /home/airflow/.local/lib/python3.11/site-packages/airflow/example_dags/example_external_task_marker_dag.py
[2026-06-02T05:13:04.276+0000] {processor.py:840} INFO - DAG(s) 'example_external_task_marker_parent', 'example_external_task_marker_child' retrieved from /home/airflow/.local/lib/python3.11/site-packages/airflow/example_dags/example_external_task_marker_dag.py
[2026-06-02T05:13:04.396+0000] {logging_mixin.py:188} INFO - [2026-06-02T05:13:04.395+0000] {dag.py:3096} INFO - Sync 2 DAGs
[2026-06-02T05:13:04.427+0000] {logging_mixin.py:188} INFO - [2026-06-02T05:13:04.427+0000] {dag.py:3954} INFO - Setting next_dagrun for example_external_task_marker_child to None, run_after=None
[2026-06-02T05:13:04.446+0000] {logging_mixin.py:188} INFO - [2026-06-02T05:13:04.445+0000] {dag.py:3954} INFO - Setting next_dagrun for example_external_task_marker_parent to None, run_after=None
[2026-06-02T05:13:04.526+0000] {processor.py:183} INFO - Processing /home/airflow/.local/lib/python3.11/site-packages/airflow/example_dags/example_external_task_marker_dag.py took 0.429 seconds
[2026-06-02T05:13:35.680+0000] {processor.py:161} INFO - Started process (PID=14174) to work on /home/airflow/.local/lib/python3.11/site-packages/airflow/example_dags/example_external_task_marker_dag.py
[2026-06-02T05:13:35.682+0000] {processor.py:830} INFO - Processing file /home/airflow/.local/lib/python3.11/site-packages/airflow/example_dags/example_external_task_marker_dag.py for tasks to queue
[2026-06-02T05:13:35.690+0000] {logging_mixin.py:188} INFO - [2026-06-02T05:13:35.689+0000] {dagbag.py:545} INFO - Filling up the DagBag from /home/airflow/.local/lib/python3.11/site-packages/airflow/example_dags/example_external_task_marker_dag.py
[2026-06-02T05:13:35.703+0000] {processor.py:840} INFO - DAG(s) 'example_external_task_marker_parent', 'example_external_task_marker_child' retrieved from /home/airflow/.local/lib/python3.11/site-packages/airflow/example_dags/example_external_task_marker_dag.py
[2026-06-02T05:13:35.736+0000] {logging_mixin.py:188} INFO - [2026-06-02T05:13:35.736+0000] {dag.py:3096} INFO - Sync 2 DAGs
[2026-06-02T05:13:35.769+0000] {logging_mixin.py:188} INFO - [2026-06-02T05:13:35.769+0000] {dag.py:3954} INFO - Setting next_dagrun for example_external_task_marker_child to None, run_after=None
[2026-06-02T05:13:35.797+0000] {logging_mixin.py:188} INFO - [2026-06-02T05:13:35.797+0000] {dag.py:3954} INFO - Setting next_dagrun for example_external_task_marker_parent to None, run_after=None
[2026-06-02T05:13:36.029+0000] {processor.py:183} INFO - Processing /home/airflow/.local/lib/python3.11/site-packages/airflow/example_dags/example_external_task_marker_dag.py took 0.363 seconds
[2026-06-02T05:14:06.368+0000] {processor.py:161} INFO - Started process (PID=14445) to work on /home/airflow/.local/lib/python3.11/site-packages/airflow/example_dags/example_external_task_marker_dag.py
[2026-06-02T05:14:06.374+0000] {processor.py:830} INFO - Processing file /home/airflow/.local/lib/python3.11/site-packages/airflow/example_dags/example_external_task_marker_dag.py for tasks to queue
[2026-06-02T05:14:06.383+0000] {logging_mixin.py:188} INFO - [2026-06-02T05:14:06.382+0000] {dagbag.py:545} INFO - Filling up the DagBag from /home/airflow/.local/lib/python3.11/site-packages/airflow/example_dags/example_external_task_marker_dag.py
[2026-06-02T05:14:06.412+0000] {processor.py:840} INFO - DAG(s) 'example_external_task_marker_parent', 'example_external_task_marker_child' retrieved from /home/airflow/.local/lib/python3.11/site-packages/airflow/example_dags/example_external_task_marker_dag.py
[2026-06-02T05:14:06.523+0000] {logging_mixin.py:188} INFO - [2026-06-02T05:14:06.522+0000] {dag.py:3096} INFO - Sync 2 DAGs
[2026-06-02T05:14:06.577+0000] {logging_mixin.py:188} INFO - [2026-06-02T05:14:06.577+0000] {dag.py:3954} INFO - Setting next_dagrun for example_external_task_marker_child to None, run_after=None
[2026-06-02T05:14:06.603+0000] {logging_mixin.py:188} INFO - [2026-06-02T05:14:06.603+0000] {dag.py:3954} INFO - Setting next_dagrun for example_external_task_marker_parent to None, run_after=None
[2026-06-02T05:14:06.677+0000] {processor.py:183} INFO - Processing /home/airflow/.local/lib/python3.11/site-packages/airflow/example_dags/example_external_task_marker_dag.py took 0.347 seconds
[2026-06-02T05:14:37.079+0000] {processor.py:161} INFO - Started process (PID=14721) to work on /home/airflow/.local/lib/python3.11/site-packages/airflow/example_dags/example_external_task_marker_dag.py
[2026-06-02T05:14:37.086+0000] {processor.py:830} INFO - Processing file /home/airflow/.local/lib/python3.11/site-packages/airflow/example_dags/example_external_task_marker_dag.py for tasks to queue
[2026-06-02T05:14:37.095+0000] {logging_mixin.py:188} INFO - [2026-06-02T05:14:37.094+0000] {dagbag.py:545} INFO - Filling up the DagBag from /home/airflow/.local/lib/python3.11/site-packages/airflow/example_dags/example_external_task_marker_dag.py
[2026-06-02T05:14:37.127+0000] {processor.py:840} INFO - DAG(s) 'example_external_task_marker_child', 'example_external_task_marker_parent' retrieved from /home/airflow/.local/lib/python3.11/site-packages/airflow/example_dags/example_external_task_marker_dag.py
[2026-06-02T05:14:37.299+0000] {logging_mixin.py:188} INFO - [2026-06-02T05:14:37.298+0000] {dag.py:3096} INFO - Sync 2 DAGs
[2026-06-02T05:14:37.397+0000] {logging_mixin.py:188} INFO - [2026-06-02T05:14:37.397+0000] {dag.py:3954} INFO - Setting next_dagrun for example_external_task_marker_child to None, run_after=None
[2026-06-02T05:14:37.419+0000] {logging_mixin.py:188} INFO - [2026-06-02T05:14:37.419+0000] {dag.py:3954} INFO - Setting next_dagrun for example_external_task_marker_parent to None, run_after=None
[2026-06-02T05:14:37.534+0000] {processor.py:183} INFO - Processing /home/airflow/.local/lib/python3.11/site-packages/airflow/example_dags/example_external_task_marker_dag.py took 0.484 seconds
[2026-06-02T05:15:07.860+0000] {processor.py:161} INFO - Started process (PID=14997) to work on /home/airflow/.local/lib/python3.11/site-packages/airflow/example_dags/example_external_task_marker_dag.py
[2026-06-02T05:15:07.877+0000] {processor.py:830} INFO - Processing file /home/airflow/.local/lib/python3.11/site-packages/airflow/example_dags/example_external_task_marker_dag.py for tasks to queue
[2026-06-02T05:15:07.879+0000] {logging_mixin.py:188} INFO - [2026-06-02T05:15:07.879+0000] {dagbag.py:545} INFO - Filling up the DagBag from /home/airflow/.local/lib/python3.11/site-packages/airflow/example_dags/example_external_task_marker_dag.py
[2026-06-02T05:15:07.904+0000] {processor.py:840} INFO - DAG(s) 'example_external_task_marker_child', 'example_external_task_marker_parent' retrieved from /home/airflow/.local/lib/python3.11/site-packages/airflow/example_dags/example_external_task_marker_dag.py
[2026-06-02T05:15:07.963+0000] {logging_mixin.py:188} INFO - [2026-06-02T05:15:07.963+0000] {dag.py:3096} INFO - Sync 2 DAGs
[2026-06-02T05:15:08.027+0000] {logging_mixin.py:188} INFO - [2026-06-02T05:15:08.027+0000] {dag.py:3954} INFO - Setting next_dagrun for example_external_task_marker_child to None, run_after=None
[2026-06-02T05:15:08.048+0000] {logging_mixin.py:188} INFO - [2026-06-02T05:15:08.048+0000] {dag.py:3954} INFO - Setting next_dagrun for example_external_task_marker_parent to None, run_after=None
[2026-06-02T05:15:08.186+0000] {processor.py:183} INFO - Processing /home/airflow/.local/lib/python3.11/site-packages/airflow/example_dags/example_external_task_marker_dag.py took 0.341 seconds
[2026-06-02T05:15:43.358+0000] {processor.py:161} INFO - Started process (PID=15271) to work on /home/airflow/.local/lib/python3.11/site-packages/airflow/example_dags/example_external_task_marker_dag.py
[2026-06-02T05:15:43.373+0000] {processor.py:830} INFO - Processing file /home/airflow/.local/lib/python3.11/site-packages/airflow/example_dags/example_external_task_marker_dag.py for tasks to queue
[2026-06-02T05:15:43.376+0000] {logging_mixin.py:188} INFO - [2026-06-02T05:15:43.375+0000] {dagbag.py:545} INFO - Filling up the DagBag from /home/airflow/.local/lib/python3.11/site-packages/airflow/example_dags/example_external_task_marker_dag.py
[2026-06-02T05:15:43.392+0000] {processor.py:840} INFO - DAG(s) 'example_external_task_marker_parent', 'example_external_task_marker_child' retrieved from /home/airflow/.local/lib/python3.11/site-packages/airflow/example_dags/example_external_task_marker_dag.py
[2026-06-02T05:15:43.561+0000] {logging_mixin.py:188} INFO - [2026-06-02T05:15:43.561+0000] {dag.py:3096} INFO - Sync 2 DAGs
[2026-06-02T05:15:43.608+0000] {logging_mixin.py:188} INFO - [2026-06-02T05:15:43.607+0000] {dag.py:3954} INFO - Setting next_dagrun for example_external_task_marker_child to None, run_after=None
[2026-06-02T05:15:43.626+0000] {logging_mixin.py:188} INFO - [2026-06-02T05:15:43.625+0000] {dag.py:3954} INFO - Setting next_dagrun for example_external_task_marker_parent to None, run_after=None
[2026-06-02T05:15:43.672+0000] {processor.py:183} INFO - Processing /home/airflow/.local/lib/python3.11/site-packages/airflow/example_dags/example_external_task_marker_dag.py took 0.348 seconds
[2026-06-02T05:16:16.703+0000] {processor.py:161} INFO - Started process (PID=15551) to work on /home/airflow/.local/lib/python3.11/site-packages/airflow/example_dags/example_external_task_marker_dag.py
[2026-06-02T05:16:16.720+0000] {processor.py:830} INFO - Processing file /home/airflow/.local/lib/python3.11/site-packages/airflow/example_dags/example_external_task_marker_dag.py for tasks to queue
[2026-06-02T05:16:16.729+0000] {logging_mixin.py:188} INFO - [2026-06-02T05:16:16.728+0000] {dagbag.py:545} INFO - Filling up the DagBag from /home/airflow/.local/lib/python3.11/site-packages/airflow/example_dags/example_external_task_marker_dag.py
[2026-06-02T05:16:16.752+0000] {processor.py:840} INFO - DAG(s) 'example_external_task_marker_parent', 'example_external_task_marker_child' retrieved from /home/airflow/.local/lib/python3.11/site-packages/airflow/example_dags/example_external_task_marker_dag.py
[2026-06-02T05:16:16.814+0000] {logging_mixin.py:188} INFO - [2026-06-02T05:16:16.814+0000] {dag.py:3096} INFO - Sync 2 DAGs
[2026-06-02T05:16:16.851+0000] {logging_mixin.py:188} INFO - [2026-06-02T05:16:16.850+0000] {dag.py:3954} INFO - Setting next_dagrun for example_external_task_marker_child to None, run_after=None
[2026-06-02T05:16:16.864+0000] {logging_mixin.py:188} INFO - [2026-06-02T05:16:16.864+0000] {dag.py:3954} INFO - Setting next_dagrun for example_external_task_marker_parent to None, run_after=None
[2026-06-02T05:16:16.900+0000] {processor.py:183} INFO - Processing /home/airflow/.local/lib/python3.11/site-packages/airflow/example_dags/example_external_task_marker_dag.py took 0.205 seconds
[2026-06-02T05:16:47.179+0000] {processor.py:161} INFO - Started process (PID=15812) to work on /home/airflow/.local/lib/python3.11/site-packages/airflow/example_dags/example_external_task_marker_dag.py
[2026-06-02T05:16:47.180+0000] {processor.py:830} INFO - Processing file /home/airflow/.local/lib/python3.11/site-packages/airflow/example_dags/example_external_task_marker_dag.py for tasks to queue
[2026-06-02T05:16:47.187+0000] {logging_mixin.py:188} INFO - [2026-06-02T05:16:47.186+0000] {dagbag.py:545} INFO - Filling up the DagBag from /home/airflow/.local/lib/python3.11/site-packages/airflow/example_dags/example_external_task_marker_dag.py
[2026-06-02T05:16:47.206+0000] {processor.py:840} INFO - DAG(s) 'example_external_task_marker_parent', 'example_external_task_marker_child' retrieved from /home/airflow/.local/lib/python3.11/site-packages/airflow/example_dags/example_external_task_marker_dag.py
[2026-06-02T05:16:47.238+0000] {logging_mixin.py:188} INFO - [2026-06-02T05:16:47.238+0000] {dag.py:3096} INFO - Sync 2 DAGs
[2026-06-02T05:16:47.268+0000] {logging_mixin.py:188} INFO - [2026-06-02T05:16:47.268+0000] {dag.py:3954} INFO - Setting next_dagrun for example_external_task_marker_child to None, run_after=None
[2026-06-02T05:16:47.279+0000] {logging_mixin.py:188} INFO - [2026-06-02T05:16:47.279+0000] {dag.py:3954} INFO - Setting next_dagrun for example_external_task_marker_parent to None, run_after=None
[2026-06-02T05:16:47.322+0000] {processor.py:183} INFO - Processing /home/airflow/.local/lib/python3.11/site-packages/airflow/example_dags/example_external_task_marker_dag.py took 0.167 seconds
[2026-06-02T05:17:17.512+0000] {processor.py:161} INFO - Started process (PID=16085) to work on /home/airflow/.local/lib/python3.11/site-packages/airflow/example_dags/example_external_task_marker_dag.py
[2026-06-02T05:17:17.520+0000] {processor.py:830} INFO - Processing file /home/airflow/.local/lib/python3.11/site-packages/airflow/example_dags/example_external_task_marker_dag.py for tasks to queue
[2026-06-02T05:17:17.532+0000] {logging_mixin.py:188} INFO - [2026-06-02T05:17:17.531+0000] {dagbag.py:545} INFO - Filling up the DagBag from /home/airflow/.local/lib/python3.11/site-packages/airflow/example_dags/example_external_task_marker_dag.py
[2026-06-02T05:17:17.573+0000] {processor.py:840} INFO - DAG(s) 'example_external_task_marker_child', 'example_external_task_marker_parent' retrieved from /home/airflow/.local/lib/python3.11/site-packages/airflow/example_dags/example_external_task_marker_dag.py
[2026-06-02T05:17:17.679+0000] {logging_mixin.py:188} INFO - [2026-06-02T05:17:17.679+0000] {dag.py:3096} INFO - Sync 2 DAGs
[2026-06-02T05:17:17.762+0000] {logging_mixin.py:188} INFO - [2026-06-02T05:17:17.762+0000] {dag.py:3954} INFO - Setting next_dagrun for example_external_task_marker_child to None, run_after=None
[2026-06-02T05:17:17.827+0000] {logging_mixin.py:188} INFO - [2026-06-02T05:17:17.826+0000] {dag.py:3954} INFO - Setting next_dagrun for example_external_task_marker_parent to None, run_after=None
[2026-06-02T05:17:17.944+0000] {processor.py:183} INFO - Processing /home/airflow/.local/lib/python3.11/site-packages/airflow/example_dags/example_external_task_marker_dag.py took 0.461 seconds
[2026-06-02T05:17:48.602+0000] {processor.py:161} INFO - Started process (PID=16361) to work on /home/airflow/.local/lib/python3.11/site-packages/airflow/example_dags/example_external_task_marker_dag.py
[2026-06-02T05:17:48.603+0000] {processor.py:830} INFO - Processing file /home/airflow/.local/lib/python3.11/site-packages/airflow/example_dags/example_external_task_marker_dag.py for tasks to queue
[2026-06-02T05:17:48.615+0000] {logging_mixin.py:188} INFO - [2026-06-02T05:17:48.615+0000] {dagbag.py:545} INFO - Filling up the DagBag from /home/airflow/.local/lib/python3.11/site-packages/airflow/example_dags/example_external_task_marker_dag.py
[2026-06-02T05:17:48.642+0000] {processor.py:840} INFO - DAG(s) 'example_external_task_marker_child', 'example_external_task_marker_parent' retrieved from /home/airflow/.local/lib/python3.11/site-packages/airflow/example_dags/example_external_task_marker_dag.py
[2026-06-02T05:17:48.689+0000] {logging_mixin.py:188} INFO - [2026-06-02T05:17:48.689+0000] {dag.py:3096} INFO - Sync 2 DAGs
[2026-06-02T05:17:48.722+0000] {logging_mixin.py:188} INFO - [2026-06-02T05:17:48.722+0000] {dag.py:3954} INFO - Setting next_dagrun for example_external_task_marker_child to None, run_after=None
[2026-06-02T05:17:48.739+0000] {logging_mixin.py:188} INFO - [2026-06-02T05:17:48.736+0000] {dag.py:3954} INFO - Setting next_dagrun for example_external_task_marker_parent to None, run_after=None
[2026-06-02T05:17:48.801+0000] {processor.py:183} INFO - Processing /home/airflow/.local/lib/python3.11/site-packages/airflow/example_dags/example_external_task_marker_dag.py took 0.232 seconds
[2026-06-02T05:18:21.282+0000] {processor.py:161} INFO - Started process (PID=16646) to work on /home/airflow/.local/lib/python3.11/site-packages/airflow/example_dags/example_external_task_marker_dag.py
[2026-06-02T05:18:21.293+0000] {processor.py:830} INFO - Processing file /home/airflow/.local/lib/python3.11/site-packages/airflow/example_dags/example_external_task_marker_dag.py for tasks to queue
[2026-06-02T05:18:21.299+0000] {logging_mixin.py:188} INFO - [2026-06-02T05:18:21.298+0000] {dagbag.py:545} INFO - Filling up the DagBag from /home/airflow/.local/lib/python3.11/site-packages/airflow/example_dags/example_external_task_marker_dag.py
[2026-06-02T05:18:21.349+0000] {processor.py:840} INFO - DAG(s) 'example_external_task_marker_child', 'example_external_task_marker_parent' retrieved from /home/airflow/.local/lib/python3.11/site-packages/airflow/example_dags/example_external_task_marker_dag.py
[2026-06-02T05:18:21.422+0000] {logging_mixin.py:188} INFO - [2026-06-02T05:18:21.422+0000] {dag.py:3096} INFO - Sync 2 DAGs
[2026-06-02T05:18:21.447+0000] {logging_mixin.py:188} INFO - [2026-06-02T05:18:21.447+0000] {dag.py:3954} INFO - Setting next_dagrun for example_external_task_marker_child to None, run_after=None
[2026-06-02T05:18:21.456+0000] {logging_mixin.py:188} INFO - [2026-06-02T05:18:21.456+0000] {dag.py:3954} INFO - Setting next_dagrun for example_external_task_marker_parent to None, run_after=None
[2026-06-02T05:18:21.535+0000] {processor.py:183} INFO - Processing /home/airflow/.local/lib/python3.11/site-packages/airflow/example_dags/example_external_task_marker_dag.py took 0.274 seconds
[2026-06-02T05:18:56.147+0000] {processor.py:161} INFO - Started process (PID=16914) to work on /home/airflow/.local/lib/python3.11/site-packages/airflow/example_dags/example_external_task_marker_dag.py
[2026-06-02T05:18:56.161+0000] {processor.py:830} INFO - Processing file /home/airflow/.local/lib/python3.11/site-packages/airflow/example_dags/example_external_task_marker_dag.py for tasks to queue
[2026-06-02T05:18:56.170+0000] {logging_mixin.py:188} INFO - [2026-06-02T05:18:56.169+0000] {dagbag.py:545} INFO - Filling up the DagBag from /home/airflow/.local/lib/python3.11/site-packages/airflow/example_dags/example_external_task_marker_dag.py
[2026-06-02T05:18:56.209+0000] {processor.py:840} INFO - DAG(s) 'example_external_task_marker_child', 'example_external_task_marker_parent' retrieved from /home/airflow/.local/lib/python3.11/site-packages/airflow/example_dags/example_external_task_marker_dag.py
[2026-06-02T05:18:56.264+0000] {logging_mixin.py:188} INFO - [2026-06-02T05:18:56.264+0000] {dag.py:3096} INFO - Sync 2 DAGs
[2026-06-02T05:18:56.348+0000] {logging_mixin.py:188} INFO - [2026-06-02T05:18:56.348+0000] {dag.py:3954} INFO - Setting next_dagrun for example_external_task_marker_child to None, run_after=None
[2026-06-02T05:18:56.390+0000] {logging_mixin.py:188} INFO - [2026-06-02T05:18:56.387+0000] {dag.py:3954} INFO - Setting next_dagrun for example_external_task_marker_parent to None, run_after=None
[2026-06-02T05:18:56.459+0000] {processor.py:183} INFO - Processing /home/airflow/.local/lib/python3.11/site-packages/airflow/example_dags/example_external_task_marker_dag.py took 0.332 seconds
[2026-06-02T05:19:27.036+0000] {processor.py:161} INFO - Started process (PID=17178) to work on /home/airflow/.local/lib/python3.11/site-packages/airflow/example_dags/example_external_task_marker_dag.py
[2026-06-02T05:19:27.053+0000] {processor.py:830} INFO - Processing file /home/airflow/.local/lib/python3.11/site-packages/airflow/example_dags/example_external_task_marker_dag.py for tasks to queue
[2026-06-02T05:19:27.070+0000] {logging_mixin.py:188} INFO - [2026-06-02T05:19:27.069+0000] {dagbag.py:545} INFO - Filling up the DagBag from /home/airflow/.local/lib/python3.11/site-packages/airflow/example_dags/example_external_task_marker_dag.py
[2026-06-02T05:19:27.107+0000] {processor.py:840} INFO - DAG(s) 'example_external_task_marker_child', 'example_external_task_marker_parent' retrieved from /home/airflow/.local/lib/python3.11/site-packages/airflow/example_dags/example_external_task_marker_dag.py
[2026-06-02T05:19:27.282+0000] {logging_mixin.py:188} INFO - [2026-06-02T05:19:27.281+0000] {dag.py:3096} INFO - Sync 2 DAGs
[2026-06-02T05:19:27.381+0000] {logging_mixin.py:188} INFO - [2026-06-02T05:19:27.381+0000] {dag.py:3954} INFO - Setting next_dagrun for example_external_task_marker_child to None, run_after=None
[2026-06-02T05:19:27.407+0000] {logging_mixin.py:188} INFO - [2026-06-02T05:19:27.406+0000] {dag.py:3954} INFO - Setting next_dagrun for example_external_task_marker_parent to None, run_after=None
[2026-06-02T05:19:27.529+0000] {processor.py:183} INFO - Processing /home/airflow/.local/lib/python3.11/site-packages/airflow/example_dags/example_external_task_marker_dag.py took 0.506 seconds
[2026-06-02T05:19:57.809+0000] {processor.py:161} INFO - Started process (PID=17462) to work on /home/airflow/.local/lib/python3.11/site-packages/airflow/example_dags/example_external_task_marker_dag.py
[2026-06-02T05:19:57.829+0000] {processor.py:830} INFO - Processing file /home/airflow/.local/lib/python3.11/site-packages/airflow/example_dags/example_external_task_marker_dag.py for tasks to queue
[2026-06-02T05:19:57.832+0000] {logging_mixin.py:188} INFO - [2026-06-02T05:19:57.831+0000] {dagbag.py:545} INFO - Filling up the DagBag from /home/airflow/.local/lib/python3.11/site-packages/airflow/example_dags/example_external_task_marker_dag.py
[2026-06-02T05:19:57.856+0000] {processor.py:840} INFO - DAG(s) 'example_external_task_marker_child', 'example_external_task_marker_parent' retrieved from /home/airflow/.local/lib/python3.11/site-packages/airflow/example_dags/example_external_task_marker_dag.py
[2026-06-02T05:19:58.013+0000] {logging_mixin.py:188} INFO - [2026-06-02T05:19:58.013+0000] {dag.py:3096} INFO - Sync 2 DAGs
[2026-06-02T05:19:58.045+0000] {logging_mixin.py:188} INFO - [2026-06-02T05:19:58.045+0000] {dag.py:3954} INFO - Setting next_dagrun for example_external_task_marker_child to None, run_after=None
[2026-06-02T05:19:58.077+0000] {logging_mixin.py:188} INFO - [2026-06-02T05:19:58.077+0000] {dag.py:3954} INFO - Setting next_dagrun for example_external_task_marker_parent to None, run_after=None
[2026-06-02T05:19:58.202+0000] {processor.py:183} INFO - Processing /home/airflow/.local/lib/python3.11/site-packages/airflow/example_dags/example_external_task_marker_dag.py took 0.421 seconds
[2026-06-02T05:20:28.867+0000] {processor.py:161} INFO - Started process (PID=17738) to work on /home/airflow/.local/lib/python3.11/site-packages/airflow/example_dags/example_external_task_marker_dag.py
[2026-06-02T05:20:28.870+0000] {processor.py:830} INFO - Processing file /home/airflow/.local/lib/python3.11/site-packages/airflow/example_dags/example_external_task_marker_dag.py for tasks to queue
[2026-06-02T05:20:28.877+0000] {logging_mixin.py:188} INFO - [2026-06-02T05:20:28.876+0000] {dagbag.py:545} INFO - Filling up the DagBag from /home/airflow/.local/lib/python3.11/site-packages/airflow/example_dags/example_external_task_marker_dag.py
[2026-06-02T05:20:28.885+0000] {processor.py:840} INFO - DAG(s) 'example_external_task_marker_child', 'example_external_task_marker_parent' retrieved from /home/airflow/.local/lib/python3.11/site-packages/airflow/example_dags/example_external_task_marker_dag.py
[2026-06-02T05:20:28.922+0000] {logging_mixin.py:188} INFO - [2026-06-02T05:20:28.921+0000] {dag.py:3096} INFO - Sync 2 DAGs
[2026-06-02T05:20:28.953+0000] {logging_mixin.py:188} INFO - [2026-06-02T05:20:28.951+0000] {dag.py:3954} INFO - Setting next_dagrun for example_external_task_marker_child to None, run_after=None
[2026-06-02T05:20:28.965+0000] {logging_mixin.py:188} INFO - [2026-06-02T05:20:28.964+0000] {dag.py:3954} INFO - Setting next_dagrun for example_external_task_marker_parent to None, run_after=None
[2026-06-02T05:20:29.048+0000] {processor.py:183} INFO - Processing /home/airflow/.local/lib/python3.11/site-packages/airflow/example_dags/example_external_task_marker_dag.py took 0.196 seconds
[2026-06-02T05:21:02.051+0000] {processor.py:161} INFO - Started process (PID=18004) to work on /home/airflow/.local/lib/python3.11/site-packages/airflow/example_dags/example_external_task_marker_dag.py
[2026-06-02T05:21:02.072+0000] {processor.py:830} INFO - Processing file /home/airflow/.local/lib/python3.11/site-packages/airflow/example_dags/example_external_task_marker_dag.py for tasks to queue
[2026-06-02T05:21:02.085+0000] {logging_mixin.py:188} INFO - [2026-06-02T05:21:02.084+0000] {dagbag.py:545} INFO - Filling up the DagBag from /home/airflow/.local/lib/python3.11/site-packages/airflow/example_dags/example_external_task_marker_dag.py
[2026-06-02T05:21:02.111+0000] {processor.py:840} INFO - DAG(s) 'example_external_task_marker_parent', 'example_external_task_marker_child' retrieved from /home/airflow/.local/lib/python3.11/site-packages/airflow/example_dags/example_external_task_marker_dag.py
[2026-06-02T05:21:02.165+0000] {logging_mixin.py:188} INFO - [2026-06-02T05:21:02.165+0000] {dag.py:3096} INFO - Sync 2 DAGs
[2026-06-02T05:21:02.218+0000] {logging_mixin.py:188} INFO - [2026-06-02T05:21:02.205+0000] {dag.py:3954} INFO - Setting next_dagrun for example_external_task_marker_child to None, run_after=None
[2026-06-02T05:21:02.241+0000] {logging_mixin.py:188} INFO - [2026-06-02T05:21:02.240+0000] {dag.py:3954} INFO - Setting next_dagrun for example_external_task_marker_parent to None, run_after=None
[2026-06-02T05:21:02.369+0000] {processor.py:183} INFO - Processing /home/airflow/.local/lib/python3.11/site-packages/airflow/example_dags/example_external_task_marker_dag.py took 0.431 seconds
[2026-06-02T05:21:32.824+0000] {processor.py:161} INFO - Started process (PID=18283) to work on /home/airflow/.local/lib/python3.11/site-packages/airflow/example_dags/example_external_task_marker_dag.py
[2026-06-02T05:21:32.825+0000] {processor.py:830} INFO - Processing file /home/airflow/.local/lib/python3.11/site-packages/airflow/example_dags/example_external_task_marker_dag.py for tasks to queue
[2026-06-02T05:21:32.832+0000] {logging_mixin.py:188} INFO - [2026-06-02T05:21:32.832+0000] {dagbag.py:545} INFO - Filling up the DagBag from /home/airflow/.local/lib/python3.11/site-packages/airflow/example_dags/example_external_task_marker_dag.py
[2026-06-02T05:21:32.847+0000] {processor.py:840} INFO - DAG(s) 'example_external_task_marker_parent', 'example_external_task_marker_child' retrieved from /home/airflow/.local/lib/python3.11/site-packages/airflow/example_dags/example_external_task_marker_dag.py
[2026-06-02T05:21:32.902+0000] {logging_mixin.py:188} INFO - [2026-06-02T05:21:32.901+0000] {dag.py:3096} INFO - Sync 2 DAGs
[2026-06-02T05:21:32.930+0000] {logging_mixin.py:188} INFO - [2026-06-02T05:21:32.930+0000] {dag.py:3954} INFO - Setting next_dagrun for example_external_task_marker_child to None, run_after=None
[2026-06-02T05:21:32.941+0000] {logging_mixin.py:188} INFO - [2026-06-02T05:21:32.941+0000] {dag.py:3954} INFO - Setting next_dagrun for example_external_task_marker_parent to None, run_after=None
[2026-06-02T05:21:32.969+0000] {processor.py:183} INFO - Processing /home/airflow/.local/lib/python3.11/site-packages/airflow/example_dags/example_external_task_marker_dag.py took 0.158 seconds
[2026-06-02T05:22:05.441+0000] {processor.py:161} INFO - Started process (PID=18556) to work on /home/airflow/.local/lib/python3.11/site-packages/airflow/example_dags/example_external_task_marker_dag.py
[2026-06-02T05:22:05.447+0000] {processor.py:830} INFO - Processing file /home/airflow/.local/lib/python3.11/site-packages/airflow/example_dags/example_external_task_marker_dag.py for tasks to queue
[2026-06-02T05:22:05.452+0000] {logging_mixin.py:188} INFO - [2026-06-02T05:22:05.452+0000] {dagbag.py:545} INFO - Filling up the DagBag from /home/airflow/.local/lib/python3.11/site-packages/airflow/example_dags/example_external_task_marker_dag.py
[2026-06-02T05:22:05.463+0000] {processor.py:840} INFO - DAG(s) 'example_external_task_marker_parent', 'example_external_task_marker_child' retrieved from /home/airflow/.local/lib/python3.11/site-packages/airflow/example_dags/example_external_task_marker_dag.py
[2026-06-02T05:22:05.509+0000] {logging_mixin.py:188} INFO - [2026-06-02T05:22:05.508+0000] {dag.py:3096} INFO - Sync 2 DAGs
[2026-06-02T05:22:05.546+0000] {logging_mixin.py:188} INFO - [2026-06-02T05:22:05.546+0000] {dag.py:3954} INFO - Setting next_dagrun for example_external_task_marker_child to None, run_after=None
[2026-06-02T05:22:05.560+0000] {logging_mixin.py:188} INFO - [2026-06-02T05:22:05.560+0000] {dag.py:3954} INFO - Setting next_dagrun for example_external_task_marker_parent to None, run_after=None
[2026-06-02T05:22:05.612+0000] {processor.py:183} INFO - Processing /home/airflow/.local/lib/python3.11/site-packages/airflow/example_dags/example_external_task_marker_dag.py took 0.188 seconds
[2026-06-02T05:22:35.876+0000] {processor.py:161} INFO - Started process (PID=18812) to work on /home/airflow/.local/lib/python3.11/site-packages/airflow/example_dags/example_external_task_marker_dag.py
[2026-06-02T05:22:35.880+0000] {processor.py:830} INFO - Processing file /home/airflow/.local/lib/python3.11/site-packages/airflow/example_dags/example_external_task_marker_dag.py for tasks to queue
[2026-06-02T05:22:35.892+0000] {logging_mixin.py:188} INFO - [2026-06-02T05:22:35.891+0000] {dagbag.py:545} INFO - Filling up the DagBag from /home/airflow/.local/lib/python3.11/site-packages/airflow/example_dags/example_external_task_marker_dag.py
[2026-06-02T05:22:35.922+0000] {processor.py:840} INFO - DAG(s) 'example_external_task_marker_parent', 'example_external_task_marker_child' retrieved from /home/airflow/.local/lib/python3.11/site-packages/airflow/example_dags/example_external_task_marker_dag.py
[2026-06-02T05:22:35.965+0000] {logging_mixin.py:188} INFO - [2026-06-02T05:22:35.964+0000] {dag.py:3096} INFO - Sync 2 DAGs
[2026-06-02T05:22:35.989+0000] {logging_mixin.py:188} INFO - [2026-06-02T05:22:35.989+0000] {dag.py:3954} INFO - Setting next_dagrun for example_external_task_marker_child to None, run_after=None
[2026-06-02T05:22:35.998+0000] {logging_mixin.py:188} INFO - [2026-06-02T05:22:35.998+0000] {dag.py:3954} INFO - Setting next_dagrun for example_external_task_marker_parent to None, run_after=None
[2026-06-02T05:22:36.042+0000] {processor.py:183} INFO - Processing /home/airflow/.local/lib/python3.11/site-packages/airflow/example_dags/example_external_task_marker_dag.py took 0.182 seconds
[2026-06-02T05:23:07.021+0000] {processor.py:161} INFO - Started process (PID=19087) to work on /home/airflow/.local/lib/python3.11/site-packages/airflow/example_dags/example_external_task_marker_dag.py
[2026-06-02T05:23:07.045+0000] {processor.py:830} INFO - Processing file /home/airflow/.local/lib/python3.11/site-packages/airflow/example_dags/example_external_task_marker_dag.py for tasks to queue
[2026-06-02T05:23:07.058+0000] {logging_mixin.py:188} INFO - [2026-06-02T05:23:07.056+0000] {dagbag.py:545} INFO - Filling up the DagBag from /home/airflow/.local/lib/python3.11/site-packages/airflow/example_dags/example_external_task_marker_dag.py
[2026-06-02T05:23:07.150+0000] {processor.py:840} INFO - DAG(s) 'example_external_task_marker_child', 'example_external_task_marker_parent' retrieved from /home/airflow/.local/lib/python3.11/site-packages/airflow/example_dags/example_external_task_marker_dag.py
[2026-06-02T05:23:07.258+0000] {logging_mixin.py:188} INFO - [2026-06-02T05:23:07.258+0000] {dag.py:3096} INFO - Sync 2 DAGs
[2026-06-02T05:23:07.517+0000] {logging_mixin.py:188} INFO - [2026-06-02T05:23:07.489+0000] {dag.py:3954} INFO - Setting next_dagrun for example_external_task_marker_child to None, run_after=None
[2026-06-02T05:23:07.575+0000] {logging_mixin.py:188} INFO - [2026-06-02T05:23:07.574+0000] {dag.py:3954} INFO - Setting next_dagrun for example_external_task_marker_parent to None, run_after=None
[2026-06-02T05:23:07.751+0000] {processor.py:183} INFO - Processing /home/airflow/.local/lib/python3.11/site-packages/airflow/example_dags/example_external_task_marker_dag.py took 0.831 seconds
[2026-06-02T05:23:38.206+0000] {processor.py:161} INFO - Started process (PID=19364) to work on /home/airflow/.local/lib/python3.11/site-packages/airflow/example_dags/example_external_task_marker_dag.py
[2026-06-02T05:23:38.223+0000] {processor.py:830} INFO - Processing file /home/airflow/.local/lib/python3.11/site-packages/airflow/example_dags/example_external_task_marker_dag.py for tasks to queue
[2026-06-02T05:23:38.235+0000] {logging_mixin.py:188} INFO - [2026-06-02T05:23:38.234+0000] {dagbag.py:545} INFO - Filling up the DagBag from /home/airflow/.local/lib/python3.11/site-packages/airflow/example_dags/example_external_task_marker_dag.py
[2026-06-02T05:23:38.271+0000] {processor.py:840} INFO - DAG(s) 'example_external_task_marker_parent', 'example_external_task_marker_child' retrieved from /home/airflow/.local/lib/python3.11/site-packages/airflow/example_dags/example_external_task_marker_dag.py
[2026-06-02T05:23:38.333+0000] {logging_mixin.py:188} INFO - [2026-06-02T05:23:38.332+0000] {dag.py:3096} INFO - Sync 2 DAGs
[2026-06-02T05:23:38.397+0000] {logging_mixin.py:188} INFO - [2026-06-02T05:23:38.396+0000] {dag.py:3954} INFO - Setting next_dagrun for example_external_task_marker_child to None, run_after=None
[2026-06-02T05:23:38.423+0000] {logging_mixin.py:188} INFO - [2026-06-02T05:23:38.423+0000] {dag.py:3954} INFO - Setting next_dagrun for example_external_task_marker_parent to None, run_after=None
[2026-06-02T05:23:38.512+0000] {processor.py:183} INFO - Processing /home/airflow/.local/lib/python3.11/site-packages/airflow/example_dags/example_external_task_marker_dag.py took 0.314 seconds
[2026-06-02T05:24:11.492+0000] {processor.py:161} INFO - Started process (PID=19647) to work on /home/airflow/.local/lib/python3.11/site-packages/airflow/example_dags/example_external_task_marker_dag.py
[2026-06-02T05:24:11.494+0000] {processor.py:830} INFO - Processing file /home/airflow/.local/lib/python3.11/site-packages/airflow/example_dags/example_external_task_marker_dag.py for tasks to queue
[2026-06-02T05:24:11.507+0000] {logging_mixin.py:188} INFO - [2026-06-02T05:24:11.506+0000] {dagbag.py:545} INFO - Filling up the DagBag from /home/airflow/.local/lib/python3.11/site-packages/airflow/example_dags/example_external_task_marker_dag.py
[2026-06-02T05:24:11.528+0000] {processor.py:840} INFO - DAG(s) 'example_external_task_marker_parent', 'example_external_task_marker_child' retrieved from /home/airflow/.local/lib/python3.11/site-packages/airflow/example_dags/example_external_task_marker_dag.py
[2026-06-02T05:24:11.604+0000] {logging_mixin.py:188} INFO - [2026-06-02T05:24:11.604+0000] {dag.py:3096} INFO - Sync 2 DAGs
[2026-06-02T05:24:11.633+0000] {logging_mixin.py:188} INFO - [2026-06-02T05:24:11.632+0000] {dag.py:3954} INFO - Setting next_dagrun for example_external_task_marker_child to None, run_after=None
[2026-06-02T05:24:11.643+0000] {logging_mixin.py:188} INFO - [2026-06-02T05:24:11.643+0000] {dag.py:3954} INFO - Setting next_dagrun for example_external_task_marker_parent to None, run_after=None
[2026-06-02T05:24:11.683+0000] {processor.py:183} INFO - Processing /home/airflow/.local/lib/python3.11/site-packages/airflow/example_dags/example_external_task_marker_dag.py took 0.209 seconds
[2026-06-02T05:24:45.736+0000] {processor.py:161} INFO - Started process (PID=19921) to work on /home/airflow/.local/lib/python3.11/site-packages/airflow/example_dags/example_external_task_marker_dag.py
[2026-06-02T05:24:45.758+0000] {processor.py:830} INFO - Processing file /home/airflow/.local/lib/python3.11/site-packages/airflow/example_dags/example_external_task_marker_dag.py for tasks to queue
[2026-06-02T05:24:45.778+0000] {logging_mixin.py:188} INFO - [2026-06-02T05:24:45.778+0000] {dagbag.py:545} INFO - Filling up the DagBag from /home/airflow/.local/lib/python3.11/site-packages/airflow/example_dags/example_external_task_marker_dag.py
[2026-06-02T05:24:45.820+0000] {processor.py:840} INFO - DAG(s) 'example_external_task_marker_parent', 'example_external_task_marker_child' retrieved from /home/airflow/.local/lib/python3.11/site-packages/airflow/example_dags/example_external_task_marker_dag.py
[2026-06-02T05:24:45.899+0000] {logging_mixin.py:188} INFO - [2026-06-02T05:24:45.899+0000] {dag.py:3096} INFO - Sync 2 DAGs
[2026-06-02T05:24:45.977+0000] {logging_mixin.py:188} INFO - [2026-06-02T05:24:45.976+0000] {dag.py:3954} INFO - Setting next_dagrun for example_external_task_marker_child to None, run_after=None
[2026-06-02T05:24:46.066+0000] {logging_mixin.py:188} INFO - [2026-06-02T05:24:46.066+0000] {dag.py:3954} INFO - Setting next_dagrun for example_external_task_marker_parent to None, run_after=None
[2026-06-02T05:24:46.400+0000] {processor.py:183} INFO - Processing /home/airflow/.local/lib/python3.11/site-packages/airflow/example_dags/example_external_task_marker_dag.py took 0.723 seconds
[2026-06-02T05:25:16.569+0000] {processor.py:161} INFO - Started process (PID=20183) to work on /home/airflow/.local/lib/python3.11/site-packages/airflow/example_dags/example_external_task_marker_dag.py
[2026-06-02T05:25:16.576+0000] {processor.py:830} INFO - Processing file /home/airflow/.local/lib/python3.11/site-packages/airflow/example_dags/example_external_task_marker_dag.py for tasks to queue
[2026-06-02T05:25:16.580+0000] {logging_mixin.py:188} INFO - [2026-06-02T05:25:16.580+0000] {dagbag.py:545} INFO - Filling up the DagBag from /home/airflow/.local/lib/python3.11/site-packages/airflow/example_dags/example_external_task_marker_dag.py
[2026-06-02T05:25:16.602+0000] {processor.py:840} INFO - DAG(s) 'example_external_task_marker_child', 'example_external_task_marker_parent' retrieved from /home/airflow/.local/lib/python3.11/site-packages/airflow/example_dags/example_external_task_marker_dag.py
[2026-06-02T05:25:16.641+0000] {logging_mixin.py:188} INFO - [2026-06-02T05:25:16.640+0000] {dag.py:3096} INFO - Sync 2 DAGs
[2026-06-02T05:25:16.686+0000] {logging_mixin.py:188} INFO - [2026-06-02T05:25:16.686+0000] {dag.py:3954} INFO - Setting next_dagrun for example_external_task_marker_child to None, run_after=None
[2026-06-02T05:25:16.715+0000] {logging_mixin.py:188} INFO - [2026-06-02T05:25:16.714+0000] {dag.py:3954} INFO - Setting next_dagrun for example_external_task_marker_parent to None, run_after=None
[2026-06-02T05:25:16.803+0000] {processor.py:183} INFO - Processing /home/airflow/.local/lib/python3.11/site-packages/airflow/example_dags/example_external_task_marker_dag.py took 0.262 seconds
[2026-06-02T05:25:47.295+0000] {processor.py:161} INFO - Started process (PID=20457) to work on /home/airflow/.local/lib/python3.11/site-packages/airflow/example_dags/example_external_task_marker_dag.py
[2026-06-02T05:25:47.339+0000] {processor.py:830} INFO - Processing file /home/airflow/.local/lib/python3.11/site-packages/airflow/example_dags/example_external_task_marker_dag.py for tasks to queue
[2026-06-02T05:25:47.342+0000] {logging_mixin.py:188} INFO - [2026-06-02T05:25:47.341+0000] {dagbag.py:545} INFO - Filling up the DagBag from /home/airflow/.local/lib/python3.11/site-packages/airflow/example_dags/example_external_task_marker_dag.py
[2026-06-02T05:25:47.373+0000] {processor.py:840} INFO - DAG(s) 'example_external_task_marker_child', 'example_external_task_marker_parent' retrieved from /home/airflow/.local/lib/python3.11/site-packages/airflow/example_dags/example_external_task_marker_dag.py
[2026-06-02T05:25:47.774+0000] {logging_mixin.py:188} INFO - [2026-06-02T05:25:47.773+0000] {dag.py:3096} INFO - Sync 2 DAGs
[2026-06-02T05:25:47.822+0000] {logging_mixin.py:188} INFO - [2026-06-02T05:25:47.822+0000] {dag.py:3954} INFO - Setting next_dagrun for example_external_task_marker_child to None, run_after=None
[2026-06-02T05:25:47.854+0000] {logging_mixin.py:188} INFO - [2026-06-02T05:25:47.854+0000] {dag.py:3954} INFO - Setting next_dagrun for example_external_task_marker_parent to None, run_after=None
[2026-06-02T05:25:47.905+0000] {processor.py:183} INFO - Processing /home/airflow/.local/lib/python3.11/site-packages/airflow/example_dags/example_external_task_marker_dag.py took 0.649 seconds
[2026-06-02T05:26:23.012+0000] {processor.py:161} INFO - Started process (PID=20724) to work on /home/airflow/.local/lib/python3.11/site-packages/airflow/example_dags/example_external_task_marker_dag.py
[2026-06-02T05:26:23.015+0000] {processor.py:830} INFO - Processing file /home/airflow/.local/lib/python3.11/site-packages/airflow/example_dags/example_external_task_marker_dag.py for tasks to queue
[2026-06-02T05:26:23.018+0000] {logging_mixin.py:188} INFO - [2026-06-02T05:26:23.017+0000] {dagbag.py:545} INFO - Filling up the DagBag from /home/airflow/.local/lib/python3.11/site-packages/airflow/example_dags/example_external_task_marker_dag.py
[2026-06-02T05:26:23.029+0000] {processor.py:840} INFO - DAG(s) 'example_external_task_marker_child', 'example_external_task_marker_parent' retrieved from /home/airflow/.local/lib/python3.11/site-packages/airflow/example_dags/example_external_task_marker_dag.py
[2026-06-02T05:26:23.100+0000] {logging_mixin.py:188} INFO - [2026-06-02T05:26:23.100+0000] {dag.py:3096} INFO - Sync 2 DAGs
[2026-06-02T05:26:23.181+0000] {logging_mixin.py:188} INFO - [2026-06-02T05:26:23.181+0000] {dag.py:3954} INFO - Setting next_dagrun for example_external_task_marker_child to None, run_after=None
[2026-06-02T05:26:23.210+0000] {logging_mixin.py:188} INFO - [2026-06-02T05:26:23.209+0000] {dag.py:3954} INFO - Setting next_dagrun for example_external_task_marker_parent to None, run_after=None
[2026-06-02T05:26:23.360+0000] {processor.py:183} INFO - Processing /home/airflow/.local/lib/python3.11/site-packages/airflow/example_dags/example_external_task_marker_dag.py took 0.366 seconds
[2026-06-02T05:26:59.235+0000] {processor.py:161} INFO - Started process (PID=21011) to work on /home/airflow/.local/lib/python3.11/site-packages/airflow/example_dags/example_external_task_marker_dag.py
[2026-06-02T05:26:59.238+0000] {processor.py:830} INFO - Processing file /home/airflow/.local/lib/python3.11/site-packages/airflow/example_dags/example_external_task_marker_dag.py for tasks to queue
[2026-06-02T05:26:59.267+0000] {logging_mixin.py:188} INFO - [2026-06-02T05:26:59.266+0000] {dagbag.py:545} INFO - Filling up the DagBag from /home/airflow/.local/lib/python3.11/site-packages/airflow/example_dags/example_external_task_marker_dag.py
[2026-06-02T05:26:59.280+0000] {processor.py:840} INFO - DAG(s) 'example_external_task_marker_child', 'example_external_task_marker_parent' retrieved from /home/airflow/.local/lib/python3.11/site-packages/airflow/example_dags/example_external_task_marker_dag.py
[2026-06-02T05:26:59.377+0000] {logging_mixin.py:188} INFO - [2026-06-02T05:26:59.376+0000] {dag.py:3096} INFO - Sync 2 DAGs
[2026-06-02T05:26:59.402+0000] {logging_mixin.py:188} INFO - [2026-06-02T05:26:59.401+0000] {dag.py:3954} INFO - Setting next_dagrun for example_external_task_marker_child to None, run_after=None
[2026-06-02T05:26:59.414+0000] {logging_mixin.py:188} INFO - [2026-06-02T05:26:59.414+0000] {dag.py:3954} INFO - Setting next_dagrun for example_external_task_marker_parent to None, run_after=None
[2026-06-02T05:26:59.490+0000] {processor.py:183} INFO - Processing /home/airflow/.local/lib/python3.11/site-packages/airflow/example_dags/example_external_task_marker_dag.py took 0.274 seconds
[2026-06-02T05:27:35.488+0000] {processor.py:161} INFO - Started process (PID=21287) to work on /home/airflow/.local/lib/python3.11/site-packages/airflow/example_dags/example_external_task_marker_dag.py
[2026-06-02T05:27:35.489+0000] {processor.py:830} INFO - Processing file /home/airflow/.local/lib/python3.11/site-packages/airflow/example_dags/example_external_task_marker_dag.py for tasks to queue
[2026-06-02T05:27:35.496+0000] {logging_mixin.py:188} INFO - [2026-06-02T05:27:35.495+0000] {dagbag.py:545} INFO - Filling up the DagBag from /home/airflow/.local/lib/python3.11/site-packages/airflow/example_dags/example_external_task_marker_dag.py
[2026-06-02T05:27:35.520+0000] {processor.py:840} INFO - DAG(s) 'example_external_task_marker_parent', 'example_external_task_marker_child' retrieved from /home/airflow/.local/lib/python3.11/site-packages/airflow/example_dags/example_external_task_marker_dag.py
[2026-06-02T05:27:35.561+0000] {logging_mixin.py:188} INFO - [2026-06-02T05:27:35.561+0000] {dag.py:3096} INFO - Sync 2 DAGs
[2026-06-02T05:27:35.631+0000] {logging_mixin.py:188} INFO - [2026-06-02T05:27:35.631+0000] {dag.py:3954} INFO - Setting next_dagrun for example_external_task_marker_child to None, run_after=None
[2026-06-02T05:27:35.655+0000] {logging_mixin.py:188} INFO - [2026-06-02T05:27:35.655+0000] {dag.py:3954} INFO - Setting next_dagrun for example_external_task_marker_parent to None, run_after=None
[2026-06-02T05:27:35.765+0000] {processor.py:183} INFO - Processing /home/airflow/.local/lib/python3.11/site-packages/airflow/example_dags/example_external_task_marker_dag.py took 0.302 seconds
[2026-06-02T05:28:07.658+0000] {processor.py:161} INFO - Started process (PID=21555) to work on /home/airflow/.local/lib/python3.11/site-packages/airflow/example_dags/example_external_task_marker_dag.py
[2026-06-02T05:28:07.677+0000] {processor.py:830} INFO - Processing file /home/airflow/.local/lib/python3.11/site-packages/airflow/example_dags/example_external_task_marker_dag.py for tasks to queue
[2026-06-02T05:28:07.683+0000] {logging_mixin.py:188} INFO - [2026-06-02T05:28:07.682+0000] {dagbag.py:545} INFO - Filling up the DagBag from /home/airflow/.local/lib/python3.11/site-packages/airflow/example_dags/example_external_task_marker_dag.py
[2026-06-02T05:28:07.723+0000] {processor.py:840} INFO - DAG(s) 'example_external_task_marker_child', 'example_external_task_marker_parent' retrieved from /home/airflow/.local/lib/python3.11/site-packages/airflow/example_dags/example_external_task_marker_dag.py
[2026-06-02T05:28:07.880+0000] {logging_mixin.py:188} INFO - [2026-06-02T05:28:07.879+0000] {dag.py:3096} INFO - Sync 2 DAGs
[2026-06-02T05:28:07.935+0000] {logging_mixin.py:188} INFO - [2026-06-02T05:28:07.935+0000] {dag.py:3954} INFO - Setting next_dagrun for example_external_task_marker_child to None, run_after=None
[2026-06-02T05:28:07.962+0000] {logging_mixin.py:188} INFO - [2026-06-02T05:28:07.962+0000] {dag.py:3954} INFO - Setting next_dagrun for example_external_task_marker_parent to None, run_after=None
[2026-06-02T05:28:08.102+0000] {processor.py:183} INFO - Processing /home/airflow/.local/lib/python3.11/site-packages/airflow/example_dags/example_external_task_marker_dag.py took 0.466 seconds
[2026-06-02T05:28:38.423+0000] {processor.py:161} INFO - Started process (PID=21826) to work on /home/airflow/.local/lib/python3.11/site-packages/airflow/example_dags/example_external_task_marker_dag.py
[2026-06-02T05:28:38.425+0000] {processor.py:830} INFO - Processing file /home/airflow/.local/lib/python3.11/site-packages/airflow/example_dags/example_external_task_marker_dag.py for tasks to queue
[2026-06-02T05:28:38.435+0000] {logging_mixin.py:188} INFO - [2026-06-02T05:28:38.435+0000] {dagbag.py:545} INFO - Filling up the DagBag from /home/airflow/.local/lib/python3.11/site-packages/airflow/example_dags/example_external_task_marker_dag.py
[2026-06-02T05:28:38.468+0000] {processor.py:840} INFO - DAG(s) 'example_external_task_marker_child', 'example_external_task_marker_parent' retrieved from /home/airflow/.local/lib/python3.11/site-packages/airflow/example_dags/example_external_task_marker_dag.py
[2026-06-02T05:28:38.533+0000] {logging_mixin.py:188} INFO - [2026-06-02T05:28:38.533+0000] {dag.py:3096} INFO - Sync 2 DAGs
[2026-06-02T05:28:38.596+0000] {logging_mixin.py:188} INFO - [2026-06-02T05:28:38.596+0000] {dag.py:3954} INFO - Setting next_dagrun for example_external_task_marker_child to None, run_after=None
[2026-06-02T05:28:38.648+0000] {logging_mixin.py:188} INFO - [2026-06-02T05:28:38.647+0000] {dag.py:3954} INFO - Setting next_dagrun for example_external_task_marker_parent to None, run_after=None
[2026-06-02T05:28:38.737+0000] {processor.py:183} INFO - Processing /home/airflow/.local/lib/python3.11/site-packages/airflow/example_dags/example_external_task_marker_dag.py took 0.338 seconds
[2026-06-02T05:29:09.401+0000] {processor.py:161} INFO - Started process (PID=22102) to work on /home/airflow/.local/lib/python3.11/site-packages/airflow/example_dags/example_external_task_marker_dag.py
[2026-06-02T05:29:09.411+0000] {processor.py:830} INFO - Processing file /home/airflow/.local/lib/python3.11/site-packages/airflow/example_dags/example_external_task_marker_dag.py for tasks to queue
[2026-06-02T05:29:09.441+0000] {logging_mixin.py:188} INFO - [2026-06-02T05:29:09.441+0000] {dagbag.py:545} INFO - Filling up the DagBag from /home/airflow/.local/lib/python3.11/site-packages/airflow/example_dags/example_external_task_marker_dag.py
[2026-06-02T05:29:09.529+0000] {processor.py:840} INFO - DAG(s) 'example_external_task_marker_child', 'example_external_task_marker_parent' retrieved from /home/airflow/.local/lib/python3.11/site-packages/airflow/example_dags/example_external_task_marker_dag.py
[2026-06-02T05:29:09.603+0000] {logging_mixin.py:188} INFO - [2026-06-02T05:29:09.603+0000] {dag.py:3096} INFO - Sync 2 DAGs
[2026-06-02T05:29:09.727+0000] {logging_mixin.py:188} INFO - [2026-06-02T05:29:09.726+0000] {dag.py:3954} INFO - Setting next_dagrun for example_external_task_marker_child to None, run_after=None
[2026-06-02T05:29:09.747+0000] {logging_mixin.py:188} INFO - [2026-06-02T05:29:09.746+0000] {dag.py:3954} INFO - Setting next_dagrun for example_external_task_marker_parent to None, run_after=None
[2026-06-02T05:29:09.780+0000] {processor.py:183} INFO - Processing /home/airflow/.local/lib/python3.11/site-packages/airflow/example_dags/example_external_task_marker_dag.py took 0.448 seconds
[2026-06-02T05:29:43.273+0000] {processor.py:161} INFO - Started process (PID=22373) to work on /home/airflow/.local/lib/python3.11/site-packages/airflow/example_dags/example_external_task_marker_dag.py
[2026-06-02T05:29:43.284+0000] {processor.py:830} INFO - Processing file /home/airflow/.local/lib/python3.11/site-packages/airflow/example_dags/example_external_task_marker_dag.py for tasks to queue
[2026-06-02T05:29:43.288+0000] {logging_mixin.py:188} INFO - [2026-06-02T05:29:43.287+0000] {dagbag.py:545} INFO - Filling up the DagBag from /home/airflow/.local/lib/python3.11/site-packages/airflow/example_dags/example_external_task_marker_dag.py
[2026-06-02T05:29:43.352+0000] {processor.py:840} INFO - DAG(s) 'example_external_task_marker_parent', 'example_external_task_marker_child' retrieved from /home/airflow/.local/lib/python3.11/site-packages/airflow/example_dags/example_external_task_marker_dag.py
[2026-06-02T05:29:43.407+0000] {logging_mixin.py:188} INFO - [2026-06-02T05:29:43.406+0000] {dag.py:3096} INFO - Sync 2 DAGs
[2026-06-02T05:29:43.446+0000] {logging_mixin.py:188} INFO - [2026-06-02T05:29:43.446+0000] {dag.py:3954} INFO - Setting next_dagrun for example_external_task_marker_child to None, run_after=None
[2026-06-02T05:29:43.461+0000] {logging_mixin.py:188} INFO - [2026-06-02T05:29:43.461+0000] {dag.py:3954} INFO - Setting next_dagrun for example_external_task_marker_parent to None, run_after=None
[2026-06-02T05:29:43.517+0000] {processor.py:183} INFO - Processing /home/airflow/.local/lib/python3.11/site-packages/airflow/example_dags/example_external_task_marker_dag.py took 0.269 seconds
[2026-06-02T05:30:15.135+0000] {processor.py:161} INFO - Started process (PID=22657) to work on /home/airflow/.local/lib/python3.11/site-packages/airflow/example_dags/example_external_task_marker_dag.py
[2026-06-02T05:30:15.155+0000] {processor.py:830} INFO - Processing file /home/airflow/.local/lib/python3.11/site-packages/airflow/example_dags/example_external_task_marker_dag.py for tasks to queue
[2026-06-02T05:30:15.174+0000] {logging_mixin.py:188} INFO - [2026-06-02T05:30:15.173+0000] {dagbag.py:545} INFO - Filling up the DagBag from /home/airflow/.local/lib/python3.11/site-packages/airflow/example_dags/example_external_task_marker_dag.py
[2026-06-02T05:30:15.218+0000] {processor.py:840} INFO - DAG(s) 'example_external_task_marker_parent', 'example_external_task_marker_child' retrieved from /home/airflow/.local/lib/python3.11/site-packages/airflow/example_dags/example_external_task_marker_dag.py
[2026-06-02T05:30:15.320+0000] {logging_mixin.py:188} INFO - [2026-06-02T05:30:15.319+0000] {dag.py:3096} INFO - Sync 2 DAGs
[2026-06-02T05:30:15.428+0000] {logging_mixin.py:188} INFO - [2026-06-02T05:30:15.427+0000] {dag.py:3954} INFO - Setting next_dagrun for example_external_task_marker_child to None, run_after=None
[2026-06-02T05:30:15.466+0000] {logging_mixin.py:188} INFO - [2026-06-02T05:30:15.466+0000] {dag.py:3954} INFO - Setting next_dagrun for example_external_task_marker_parent to None, run_after=None
[2026-06-02T05:30:15.611+0000] {processor.py:183} INFO - Processing /home/airflow/.local/lib/python3.11/site-packages/airflow/example_dags/example_external_task_marker_dag.py took 0.525 seconds
[2026-06-02T05:30:46.001+0000] {processor.py:161} INFO - Started process (PID=22919) to work on /home/airflow/.local/lib/python3.11/site-packages/airflow/example_dags/example_external_task_marker_dag.py
[2026-06-02T05:30:46.035+0000] {processor.py:830} INFO - Processing file /home/airflow/.local/lib/python3.11/site-packages/airflow/example_dags/example_external_task_marker_dag.py for tasks to queue
[2026-06-02T05:30:46.055+0000] {logging_mixin.py:188} INFO - [2026-06-02T05:30:46.054+0000] {dagbag.py:545} INFO - Filling up the DagBag from /home/airflow/.local/lib/python3.11/site-packages/airflow/example_dags/example_external_task_marker_dag.py
[2026-06-02T05:30:46.107+0000] {processor.py:840} INFO - DAG(s) 'example_external_task_marker_child', 'example_external_task_marker_parent' retrieved from /home/airflow/.local/lib/python3.11/site-packages/airflow/example_dags/example_external_task_marker_dag.py
[2026-06-02T05:30:46.363+0000] {logging_mixin.py:188} INFO - [2026-06-02T05:30:46.362+0000] {dag.py:3096} INFO - Sync 2 DAGs
[2026-06-02T05:30:46.439+0000] {logging_mixin.py:188} INFO - [2026-06-02T05:30:46.439+0000] {dag.py:3954} INFO - Setting next_dagrun for example_external_task_marker_child to None, run_after=None
[2026-06-02T05:30:46.471+0000] {logging_mixin.py:188} INFO - [2026-06-02T05:30:46.471+0000] {dag.py:3954} INFO - Setting next_dagrun for example_external_task_marker_parent to None, run_after=None
[2026-06-02T05:30:46.561+0000] {processor.py:183} INFO - Processing /home/airflow/.local/lib/python3.11/site-packages/airflow/example_dags/example_external_task_marker_dag.py took 0.609 seconds
[2026-06-02T05:31:16.803+0000] {processor.py:161} INFO - Started process (PID=23195) to work on /home/airflow/.local/lib/python3.11/site-packages/airflow/example_dags/example_external_task_marker_dag.py
[2026-06-02T05:31:16.821+0000] {processor.py:830} INFO - Processing file /home/airflow/.local/lib/python3.11/site-packages/airflow/example_dags/example_external_task_marker_dag.py for tasks to queue
[2026-06-02T05:31:16.828+0000] {logging_mixin.py:188} INFO - [2026-06-02T05:31:16.827+0000] {dagbag.py:545} INFO - Filling up the DagBag from /home/airflow/.local/lib/python3.11/site-packages/airflow/example_dags/example_external_task_marker_dag.py
[2026-06-02T05:31:16.840+0000] {processor.py:840} INFO - DAG(s) 'example_external_task_marker_parent', 'example_external_task_marker_child' retrieved from /home/airflow/.local/lib/python3.11/site-packages/airflow/example_dags/example_external_task_marker_dag.py
[2026-06-02T05:31:16.877+0000] {logging_mixin.py:188} INFO - [2026-06-02T05:31:16.877+0000] {dag.py:3096} INFO - Sync 2 DAGs
[2026-06-02T05:31:16.907+0000] {logging_mixin.py:188} INFO - [2026-06-02T05:31:16.906+0000] {dag.py:3954} INFO - Setting next_dagrun for example_external_task_marker_child to None, run_after=None
[2026-06-02T05:31:16.919+0000] {logging_mixin.py:188} INFO - [2026-06-02T05:31:16.918+0000] {dag.py:3954} INFO - Setting next_dagrun for example_external_task_marker_parent to None, run_after=None
[2026-06-02T05:31:16.979+0000] {processor.py:183} INFO - Processing /home/airflow/.local/lib/python3.11/site-packages/airflow/example_dags/example_external_task_marker_dag.py took 0.199 seconds
[2026-06-02T05:31:52.749+0000] {processor.py:161} INFO - Started process (PID=23471) to work on /home/airflow/.local/lib/python3.11/site-packages/airflow/example_dags/example_external_task_marker_dag.py
[2026-06-02T05:31:52.766+0000] {processor.py:830} INFO - Processing file /home/airflow/.local/lib/python3.11/site-packages/airflow/example_dags/example_external_task_marker_dag.py for tasks to queue
[2026-06-02T05:31:52.778+0000] {logging_mixin.py:188} INFO - [2026-06-02T05:31:52.778+0000] {dagbag.py:545} INFO - Filling up the DagBag from /home/airflow/.local/lib/python3.11/site-packages/airflow/example_dags/example_external_task_marker_dag.py
[2026-06-02T05:31:52.823+0000] {processor.py:840} INFO - DAG(s) 'example_external_task_marker_child', 'example_external_task_marker_parent' retrieved from /home/airflow/.local/lib/python3.11/site-packages/airflow/example_dags/example_external_task_marker_dag.py
[2026-06-02T05:31:52.933+0000] {logging_mixin.py:188} INFO - [2026-06-02T05:31:52.932+0000] {dag.py:3096} INFO - Sync 2 DAGs
[2026-06-02T05:31:52.980+0000] {logging_mixin.py:188} INFO - [2026-06-02T05:31:52.980+0000] {dag.py:3954} INFO - Setting next_dagrun for example_external_task_marker_child to None, run_after=None
[2026-06-02T05:31:52.997+0000] {logging_mixin.py:188} INFO - [2026-06-02T05:31:52.997+0000] {dag.py:3954} INFO - Setting next_dagrun for example_external_task_marker_parent to None, run_after=None
[2026-06-02T05:31:53.095+0000] {processor.py:183} INFO - Processing /home/airflow/.local/lib/python3.11/site-packages/airflow/example_dags/example_external_task_marker_dag.py took 0.358 seconds
[2026-06-02T05:32:28.436+0000] {processor.py:161} INFO - Started process (PID=23736) to work on /home/airflow/.local/lib/python3.11/site-packages/airflow/example_dags/example_external_task_marker_dag.py
[2026-06-02T05:32:28.455+0000] {processor.py:830} INFO - Processing file /home/airflow/.local/lib/python3.11/site-packages/airflow/example_dags/example_external_task_marker_dag.py for tasks to queue
[2026-06-02T05:32:28.471+0000] {logging_mixin.py:188} INFO - [2026-06-02T05:32:28.471+0000] {dagbag.py:545} INFO - Filling up the DagBag from /home/airflow/.local/lib/python3.11/site-packages/airflow/example_dags/example_external_task_marker_dag.py
[2026-06-02T05:32:28.536+0000] {processor.py:840} INFO - DAG(s) 'example_external_task_marker_parent', 'example_external_task_marker_child' retrieved from /home/airflow/.local/lib/python3.11/site-packages/airflow/example_dags/example_external_task_marker_dag.py
[2026-06-02T05:32:28.606+0000] {logging_mixin.py:188} INFO - [2026-06-02T05:32:28.606+0000] {dag.py:3096} INFO - Sync 2 DAGs
[2026-06-02T05:32:28.710+0000] {logging_mixin.py:188} INFO - [2026-06-02T05:32:28.709+0000] {dag.py:3954} INFO - Setting next_dagrun for example_external_task_marker_child to None, run_after=None
[2026-06-02T05:32:28.752+0000] {logging_mixin.py:188} INFO - [2026-06-02T05:32:28.752+0000] {dag.py:3954} INFO - Setting next_dagrun for example_external_task_marker_parent to None, run_after=None
[2026-06-02T05:32:28.871+0000] {processor.py:183} INFO - Processing /home/airflow/.local/lib/python3.11/site-packages/airflow/example_dags/example_external_task_marker_dag.py took 0.468 seconds
[2026-06-02T05:33:01.604+0000] {processor.py:161} INFO - Started process (PID=24012) to work on /home/airflow/.local/lib/python3.11/site-packages/airflow/example_dags/example_external_task_marker_dag.py
[2026-06-02T05:33:01.617+0000] {processor.py:830} INFO - Processing file /home/airflow/.local/lib/python3.11/site-packages/airflow/example_dags/example_external_task_marker_dag.py for tasks to queue
[2026-06-02T05:33:01.626+0000] {logging_mixin.py:188} INFO - [2026-06-02T05:33:01.625+0000] {dagbag.py:545} INFO - Filling up the DagBag from /home/airflow/.local/lib/python3.11/site-packages/airflow/example_dags/example_external_task_marker_dag.py
[2026-06-02T05:33:01.657+0000] {processor.py:840} INFO - DAG(s) 'example_external_task_marker_child', 'example_external_task_marker_parent' retrieved from /home/airflow/.local/lib/python3.11/site-packages/airflow/example_dags/example_external_task_marker_dag.py
[2026-06-02T05:33:01.766+0000] {logging_mixin.py:188} INFO - [2026-06-02T05:33:01.766+0000] {dag.py:3096} INFO - Sync 2 DAGs
[2026-06-02T05:33:01.832+0000] {logging_mixin.py:188} INFO - [2026-06-02T05:33:01.831+0000] {dag.py:3954} INFO - Setting next_dagrun for example_external_task_marker_child to None, run_after=None
[2026-06-02T05:33:01.867+0000] {logging_mixin.py:188} INFO - [2026-06-02T05:33:01.866+0000] {dag.py:3954} INFO - Setting next_dagrun for example_external_task_marker_parent to None, run_after=None
[2026-06-02T05:33:02.028+0000] {processor.py:183} INFO - Processing /home/airflow/.local/lib/python3.11/site-packages/airflow/example_dags/example_external_task_marker_dag.py took 0.454 seconds
[2026-06-02T05:33:32.352+0000] {processor.py:161} INFO - Started process (PID=24283) to work on /home/airflow/.local/lib/python3.11/site-packages/airflow/example_dags/example_external_task_marker_dag.py
[2026-06-02T05:33:32.359+0000] {processor.py:830} INFO - Processing file /home/airflow/.local/lib/python3.11/site-packages/airflow/example_dags/example_external_task_marker_dag.py for tasks to queue
[2026-06-02T05:33:32.376+0000] {logging_mixin.py:188} INFO - [2026-06-02T05:33:32.375+0000] {dagbag.py:545} INFO - Filling up the DagBag from /home/airflow/.local/lib/python3.11/site-packages/airflow/example_dags/example_external_task_marker_dag.py
[2026-06-02T05:33:32.441+0000] {processor.py:840} INFO - DAG(s) 'example_external_task_marker_parent', 'example_external_task_marker_child' retrieved from /home/airflow/.local/lib/python3.11/site-packages/airflow/example_dags/example_external_task_marker_dag.py
[2026-06-02T05:33:32.688+0000] {logging_mixin.py:188} INFO - [2026-06-02T05:33:32.688+0000] {dag.py:3096} INFO - Sync 2 DAGs
[2026-06-02T05:33:32.774+0000] {logging_mixin.py:188} INFO - [2026-06-02T05:33:32.773+0000] {dag.py:3954} INFO - Setting next_dagrun for example_external_task_marker_child to None, run_after=None
[2026-06-02T05:33:32.815+0000] {logging_mixin.py:188} INFO - [2026-06-02T05:33:32.815+0000] {dag.py:3954} INFO - Setting next_dagrun for example_external_task_marker_parent to None, run_after=None
[2026-06-02T05:33:32.924+0000] {processor.py:183} INFO - Processing /home/airflow/.local/lib/python3.11/site-packages/airflow/example_dags/example_external_task_marker_dag.py took 0.643 seconds
[2026-06-02T05:34:05.924+0000] {processor.py:161} INFO - Started process (PID=24567) to work on /home/airflow/.local/lib/python3.11/site-packages/airflow/example_dags/example_external_task_marker_dag.py
[2026-06-02T05:34:05.925+0000] {processor.py:830} INFO - Processing file /home/airflow/.local/lib/python3.11/site-packages/airflow/example_dags/example_external_task_marker_dag.py for tasks to queue
[2026-06-02T05:34:05.930+0000] {logging_mixin.py:188} INFO - [2026-06-02T05:34:05.930+0000] {dagbag.py:545} INFO - Filling up the DagBag from /home/airflow/.local/lib/python3.11/site-packages/airflow/example_dags/example_external_task_marker_dag.py
[2026-06-02T05:34:05.940+0000] {processor.py:840} INFO - DAG(s) 'example_external_task_marker_parent', 'example_external_task_marker_child' retrieved from /home/airflow/.local/lib/python3.11/site-packages/airflow/example_dags/example_external_task_marker_dag.py
[2026-06-02T05:34:06.023+0000] {logging_mixin.py:188} INFO - [2026-06-02T05:34:06.023+0000] {dag.py:3096} INFO - Sync 2 DAGs
[2026-06-02T05:34:06.064+0000] {logging_mixin.py:188} INFO - [2026-06-02T05:34:06.064+0000] {dag.py:3954} INFO - Setting next_dagrun for example_external_task_marker_child to None, run_after=None
[2026-06-02T05:34:06.073+0000] {logging_mixin.py:188} INFO - [2026-06-02T05:34:06.073+0000] {dag.py:3954} INFO - Setting next_dagrun for example_external_task_marker_parent to None, run_after=None
[2026-06-02T05:34:06.218+0000] {processor.py:183} INFO - Processing /home/airflow/.local/lib/python3.11/site-packages/airflow/example_dags/example_external_task_marker_dag.py took 0.302 seconds
[2026-06-02T05:34:41.334+0000] {processor.py:161} INFO - Started process (PID=24835) to work on /home/airflow/.local/lib/python3.11/site-packages/airflow/example_dags/example_external_task_marker_dag.py
[2026-06-02T05:34:41.367+0000] {processor.py:830} INFO - Processing file /home/airflow/.local/lib/python3.11/site-packages/airflow/example_dags/example_external_task_marker_dag.py for tasks to queue
[2026-06-02T05:34:41.370+0000] {logging_mixin.py:188} INFO - [2026-06-02T05:34:41.370+0000] {dagbag.py:545} INFO - Filling up the DagBag from /home/airflow/.local/lib/python3.11/site-packages/airflow/example_dags/example_external_task_marker_dag.py
[2026-06-02T05:34:41.416+0000] {processor.py:840} INFO - DAG(s) 'example_external_task_marker_parent', 'example_external_task_marker_child' retrieved from /home/airflow/.local/lib/python3.11/site-packages/airflow/example_dags/example_external_task_marker_dag.py
[2026-06-02T05:34:41.462+0000] {logging_mixin.py:188} INFO - [2026-06-02T05:34:41.461+0000] {dag.py:3096} INFO - Sync 2 DAGs
[2026-06-02T05:34:41.526+0000] {logging_mixin.py:188} INFO - [2026-06-02T05:34:41.526+0000] {dag.py:3954} INFO - Setting next_dagrun for example_external_task_marker_child to None, run_after=None
[2026-06-02T05:34:41.576+0000] {logging_mixin.py:188} INFO - [2026-06-02T05:34:41.575+0000] {dag.py:3954} INFO - Setting next_dagrun for example_external_task_marker_parent to None, run_after=None
[2026-06-02T05:34:41.795+0000] {processor.py:183} INFO - Processing /home/airflow/.local/lib/python3.11/site-packages/airflow/example_dags/example_external_task_marker_dag.py took 0.482 seconds
[2026-06-02T05:35:18.379+0000] {processor.py:161} INFO - Started process (PID=25109) to work on /home/airflow/.local/lib/python3.11/site-packages/airflow/example_dags/example_external_task_marker_dag.py
[2026-06-02T05:35:18.420+0000] {processor.py:830} INFO - Processing file /home/airflow/.local/lib/python3.11/site-packages/airflow/example_dags/example_external_task_marker_dag.py for tasks to queue
[2026-06-02T05:35:18.452+0000] {logging_mixin.py:188} INFO - [2026-06-02T05:35:18.451+0000] {dagbag.py:545} INFO - Filling up the DagBag from /home/airflow/.local/lib/python3.11/site-packages/airflow/example_dags/example_external_task_marker_dag.py
[2026-06-02T05:35:18.558+0000] {processor.py:840} INFO - DAG(s) 'example_external_task_marker_child', 'example_external_task_marker_parent' retrieved from /home/airflow/.local/lib/python3.11/site-packages/airflow/example_dags/example_external_task_marker_dag.py
[2026-06-02T05:35:18.756+0000] {logging_mixin.py:188} INFO - [2026-06-02T05:35:18.756+0000] {dag.py:3096} INFO - Sync 2 DAGs
[2026-06-02T05:35:18.811+0000] {logging_mixin.py:188} INFO - [2026-06-02T05:35:18.811+0000] {dag.py:3954} INFO - Setting next_dagrun for example_external_task_marker_child to None, run_after=None
[2026-06-02T05:35:18.841+0000] {logging_mixin.py:188} INFO - [2026-06-02T05:35:18.841+0000] {dag.py:3954} INFO - Setting next_dagrun for example_external_task_marker_parent to None, run_after=None
[2026-06-02T05:35:18.939+0000] {processor.py:183} INFO - Processing /home/airflow/.local/lib/python3.11/site-packages/airflow/example_dags/example_external_task_marker_dag.py took 0.576 seconds
[2026-06-02T05:35:50.847+0000] {processor.py:161} INFO - Started process (PID=25377) to work on /home/airflow/.local/lib/python3.11/site-packages/airflow/example_dags/example_external_task_marker_dag.py
[2026-06-02T05:35:50.859+0000] {processor.py:830} INFO - Processing file /home/airflow/.local/lib/python3.11/site-packages/airflow/example_dags/example_external_task_marker_dag.py for tasks to queue
[2026-06-02T05:35:50.880+0000] {logging_mixin.py:188} INFO - [2026-06-02T05:35:50.879+0000] {dagbag.py:545} INFO - Filling up the DagBag from /home/airflow/.local/lib/python3.11/site-packages/airflow/example_dags/example_external_task_marker_dag.py
[2026-06-02T05:35:50.944+0000] {processor.py:840} INFO - DAG(s) 'example_external_task_marker_child', 'example_external_task_marker_parent' retrieved from /home/airflow/.local/lib/python3.11/site-packages/airflow/example_dags/example_external_task_marker_dag.py
[2026-06-02T05:35:51.165+0000] {logging_mixin.py:188} INFO - [2026-06-02T05:35:51.164+0000] {dag.py:3096} INFO - Sync 2 DAGs
[2026-06-02T05:35:51.239+0000] {logging_mixin.py:188} INFO - [2026-06-02T05:35:51.239+0000] {dag.py:3954} INFO - Setting next_dagrun for example_external_task_marker_child to None, run_after=None
[2026-06-02T05:35:51.280+0000] {logging_mixin.py:188} INFO - [2026-06-02T05:35:51.279+0000] {dag.py:3954} INFO - Setting next_dagrun for example_external_task_marker_parent to None, run_after=None
[2026-06-02T05:35:51.440+0000] {processor.py:183} INFO - Processing /home/airflow/.local/lib/python3.11/site-packages/airflow/example_dags/example_external_task_marker_dag.py took 0.640 seconds
[2026-06-02T05:36:21.758+0000] {processor.py:161} INFO - Started process (PID=25646) to work on /home/airflow/.local/lib/python3.11/site-packages/airflow/example_dags/example_external_task_marker_dag.py
[2026-06-02T05:36:21.774+0000] {processor.py:830} INFO - Processing file /home/airflow/.local/lib/python3.11/site-packages/airflow/example_dags/example_external_task_marker_dag.py for tasks to queue
[2026-06-02T05:36:21.786+0000] {logging_mixin.py:188} INFO - [2026-06-02T05:36:21.786+0000] {dagbag.py:545} INFO - Filling up the DagBag from /home/airflow/.local/lib/python3.11/site-packages/airflow/example_dags/example_external_task_marker_dag.py
[2026-06-02T05:36:21.839+0000] {processor.py:840} INFO - DAG(s) 'example_external_task_marker_parent', 'example_external_task_marker_child' retrieved from /home/airflow/.local/lib/python3.11/site-packages/airflow/example_dags/example_external_task_marker_dag.py
[2026-06-02T05:36:22.074+0000] {logging_mixin.py:188} INFO - [2026-06-02T05:36:22.073+0000] {dag.py:3096} INFO - Sync 2 DAGs
[2026-06-02T05:36:22.104+0000] {logging_mixin.py:188} INFO - [2026-06-02T05:36:22.104+0000] {dag.py:3954} INFO - Setting next_dagrun for example_external_task_marker_child to None, run_after=None
[2026-06-02T05:36:22.117+0000] {logging_mixin.py:188} INFO - [2026-06-02T05:36:22.117+0000] {dag.py:3954} INFO - Setting next_dagrun for example_external_task_marker_parent to None, run_after=None
[2026-06-02T05:36:22.345+0000] {processor.py:183} INFO - Processing /home/airflow/.local/lib/python3.11/site-packages/airflow/example_dags/example_external_task_marker_dag.py took 0.615 seconds
[2026-06-02T05:36:53.208+0000] {processor.py:161} INFO - Started process (PID=25922) to work on /home/airflow/.local/lib/python3.11/site-packages/airflow/example_dags/example_external_task_marker_dag.py
[2026-06-02T05:36:53.223+0000] {processor.py:830} INFO - Processing file /home/airflow/.local/lib/python3.11/site-packages/airflow/example_dags/example_external_task_marker_dag.py for tasks to queue
[2026-06-02T05:36:53.236+0000] {logging_mixin.py:188} INFO - [2026-06-02T05:36:53.235+0000] {dagbag.py:545} INFO - Filling up the DagBag from /home/airflow/.local/lib/python3.11/site-packages/airflow/example_dags/example_external_task_marker_dag.py
[2026-06-02T05:36:53.268+0000] {processor.py:840} INFO - DAG(s) 'example_external_task_marker_parent', 'example_external_task_marker_child' retrieved from /home/airflow/.local/lib/python3.11/site-packages/airflow/example_dags/example_external_task_marker_dag.py
[2026-06-02T05:36:53.452+0000] {logging_mixin.py:188} INFO - [2026-06-02T05:36:53.452+0000] {dag.py:3096} INFO - Sync 2 DAGs
[2026-06-02T05:36:53.536+0000] {logging_mixin.py:188} INFO - [2026-06-02T05:36:53.536+0000] {dag.py:3954} INFO - Setting next_dagrun for example_external_task_marker_child to None, run_after=None
[2026-06-02T05:36:53.593+0000] {logging_mixin.py:188} INFO - [2026-06-02T05:36:53.593+0000] {dag.py:3954} INFO - Setting next_dagrun for example_external_task_marker_parent to None, run_after=None
[2026-06-02T05:36:53.711+0000] {processor.py:183} INFO - Processing /home/airflow/.local/lib/python3.11/site-packages/airflow/example_dags/example_external_task_marker_dag.py took 0.533 seconds
[2026-06-02T05:37:27.997+0000] {processor.py:161} INFO - Started process (PID=26168) to work on /home/airflow/.local/lib/python3.11/site-packages/airflow/example_dags/example_external_task_marker_dag.py
[2026-06-02T05:37:28.002+0000] {processor.py:830} INFO - Processing file /home/airflow/.local/lib/python3.11/site-packages/airflow/example_dags/example_external_task_marker_dag.py for tasks to queue
[2026-06-02T05:37:28.010+0000] {logging_mixin.py:188} INFO - [2026-06-02T05:37:28.010+0000] {dagbag.py:545} INFO - Filling up the DagBag from /home/airflow/.local/lib/python3.11/site-packages/airflow/example_dags/example_external_task_marker_dag.py
[2026-06-02T05:37:28.038+0000] {processor.py:840} INFO - DAG(s) 'example_external_task_marker_child', 'example_external_task_marker_parent' retrieved from /home/airflow/.local/lib/python3.11/site-packages/airflow/example_dags/example_external_task_marker_dag.py
[2026-06-02T05:37:28.134+0000] {logging_mixin.py:188} INFO - [2026-06-02T05:37:28.133+0000] {dag.py:3096} INFO - Sync 2 DAGs
[2026-06-02T05:37:28.169+0000] {logging_mixin.py:188} INFO - [2026-06-02T05:37:28.169+0000] {dag.py:3954} INFO - Setting next_dagrun for example_external_task_marker_child to None, run_after=None
[2026-06-02T05:37:28.180+0000] {logging_mixin.py:188} INFO - [2026-06-02T05:37:28.180+0000] {dag.py:3954} INFO - Setting next_dagrun for example_external_task_marker_parent to None, run_after=None
[2026-06-02T05:37:28.220+0000] {processor.py:183} INFO - Processing /home/airflow/.local/lib/python3.11/site-packages/airflow/example_dags/example_external_task_marker_dag.py took 0.244 seconds
[2026-06-02T05:38:06.170+0000] {processor.py:161} INFO - Started process (PID=26457) to work on /home/airflow/.local/lib/python3.11/site-packages/airflow/example_dags/example_external_task_marker_dag.py
[2026-06-02T05:38:06.172+0000] {processor.py:830} INFO - Processing file /home/airflow/.local/lib/python3.11/site-packages/airflow/example_dags/example_external_task_marker_dag.py for tasks to queue
[2026-06-02T05:38:06.182+0000] {logging_mixin.py:188} INFO - [2026-06-02T05:38:06.182+0000] {dagbag.py:545} INFO - Filling up the DagBag from /home/airflow/.local/lib/python3.11/site-packages/airflow/example_dags/example_external_task_marker_dag.py
[2026-06-02T05:38:06.206+0000] {processor.py:840} INFO - DAG(s) 'example_external_task_marker_parent', 'example_external_task_marker_child' retrieved from /home/airflow/.local/lib/python3.11/site-packages/airflow/example_dags/example_external_task_marker_dag.py
[2026-06-02T05:38:06.278+0000] {logging_mixin.py:188} INFO - [2026-06-02T05:38:06.277+0000] {dag.py:3096} INFO - Sync 2 DAGs
[2026-06-02T05:38:06.343+0000] {logging_mixin.py:188} INFO - [2026-06-02T05:38:06.342+0000] {dag.py:3954} INFO - Setting next_dagrun for example_external_task_marker_child to None, run_after=None
[2026-06-02T05:38:06.366+0000] {logging_mixin.py:188} INFO - [2026-06-02T05:38:06.366+0000] {dag.py:3954} INFO - Setting next_dagrun for example_external_task_marker_parent to None, run_after=None
[2026-06-02T05:38:06.492+0000] {processor.py:183} INFO - Processing /home/airflow/.local/lib/python3.11/site-packages/airflow/example_dags/example_external_task_marker_dag.py took 0.347 seconds
[2026-06-02T05:38:38.768+0000] {processor.py:161} INFO - Started process (PID=26723) to work on /home/airflow/.local/lib/python3.11/site-packages/airflow/example_dags/example_external_task_marker_dag.py
[2026-06-02T05:38:38.788+0000] {processor.py:830} INFO - Processing file /home/airflow/.local/lib/python3.11/site-packages/airflow/example_dags/example_external_task_marker_dag.py for tasks to queue
[2026-06-02T05:38:38.803+0000] {logging_mixin.py:188} INFO - [2026-06-02T05:38:38.803+0000] {dagbag.py:545} INFO - Filling up the DagBag from /home/airflow/.local/lib/python3.11/site-packages/airflow/example_dags/example_external_task_marker_dag.py
[2026-06-02T05:38:38.956+0000] {processor.py:840} INFO - DAG(s) 'example_external_task_marker_parent', 'example_external_task_marker_child' retrieved from /home/airflow/.local/lib/python3.11/site-packages/airflow/example_dags/example_external_task_marker_dag.py
[2026-06-02T05:38:39.022+0000] {logging_mixin.py:188} INFO - [2026-06-02T05:38:39.021+0000] {dag.py:3096} INFO - Sync 2 DAGs
[2026-06-02T05:38:39.207+0000] {logging_mixin.py:188} INFO - [2026-06-02T05:38:39.207+0000] {dag.py:3954} INFO - Setting next_dagrun for example_external_task_marker_child to None, run_after=None
[2026-06-02T05:38:39.273+0000] {logging_mixin.py:188} INFO - [2026-06-02T05:38:39.273+0000] {dag.py:3954} INFO - Setting next_dagrun for example_external_task_marker_parent to None, run_after=None
[2026-06-02T05:38:39.597+0000] {processor.py:183} INFO - Processing /home/airflow/.local/lib/python3.11/site-packages/airflow/example_dags/example_external_task_marker_dag.py took 0.959 seconds
[2026-06-02T05:39:04.335+0000] {processor.py:161} INFO - Started process (PID=301) to work on /home/airflow/.local/lib/python3.11/site-packages/airflow/example_dags/example_external_task_marker_dag.py
[2026-06-02T05:39:04.338+0000] {processor.py:830} INFO - Processing file /home/airflow/.local/lib/python3.11/site-packages/airflow/example_dags/example_external_task_marker_dag.py for tasks to queue
[2026-06-02T05:39:04.343+0000] {logging_mixin.py:188} INFO - [2026-06-02T05:39:04.343+0000] {dagbag.py:545} INFO - Filling up the DagBag from /home/airflow/.local/lib/python3.11/site-packages/airflow/example_dags/example_external_task_marker_dag.py
[2026-06-02T05:39:04.359+0000] {processor.py:840} INFO - DAG(s) 'example_external_task_marker_child', 'example_external_task_marker_parent' retrieved from /home/airflow/.local/lib/python3.11/site-packages/airflow/example_dags/example_external_task_marker_dag.py
[2026-06-02T05:39:04.398+0000] {logging_mixin.py:188} INFO - [2026-06-02T05:39:04.398+0000] {dag.py:3096} INFO - Sync 2 DAGs
[2026-06-02T05:39:04.421+0000] {logging_mixin.py:188} INFO - [2026-06-02T05:39:04.421+0000] {dag.py:3954} INFO - Setting next_dagrun for example_external_task_marker_child to None, run_after=None
[2026-06-02T05:39:04.430+0000] {logging_mixin.py:188} INFO - [2026-06-02T05:39:04.430+0000] {dag.py:3954} INFO - Setting next_dagrun for example_external_task_marker_parent to None, run_after=None
[2026-06-02T05:39:04.481+0000] {processor.py:183} INFO - Processing /home/airflow/.local/lib/python3.11/site-packages/airflow/example_dags/example_external_task_marker_dag.py took 0.156 seconds
[2026-06-02T05:39:35.802+0000] {processor.py:161} INFO - Started process (PID=579) to work on /home/airflow/.local/lib/python3.11/site-packages/airflow/example_dags/example_external_task_marker_dag.py
[2026-06-02T05:39:35.803+0000] {processor.py:830} INFO - Processing file /home/airflow/.local/lib/python3.11/site-packages/airflow/example_dags/example_external_task_marker_dag.py for tasks to queue
[2026-06-02T05:39:35.805+0000] {logging_mixin.py:188} INFO - [2026-06-02T05:39:35.804+0000] {dagbag.py:545} INFO - Filling up the DagBag from /home/airflow/.local/lib/python3.11/site-packages/airflow/example_dags/example_external_task_marker_dag.py
[2026-06-02T05:39:35.811+0000] {processor.py:840} INFO - DAG(s) 'example_external_task_marker_parent', 'example_external_task_marker_child' retrieved from /home/airflow/.local/lib/python3.11/site-packages/airflow/example_dags/example_external_task_marker_dag.py
[2026-06-02T05:39:35.944+0000] {logging_mixin.py:188} INFO - [2026-06-02T05:39:35.944+0000] {dag.py:3096} INFO - Sync 2 DAGs
[2026-06-02T05:39:35.952+0000] {logging_mixin.py:188} INFO - [2026-06-02T05:39:35.952+0000] {dag.py:3954} INFO - Setting next_dagrun for example_external_task_marker_child to None, run_after=None
[2026-06-02T05:39:35.955+0000] {logging_mixin.py:188} INFO - [2026-06-02T05:39:35.955+0000] {dag.py:3954} INFO - Setting next_dagrun for example_external_task_marker_parent to None, run_after=None
[2026-06-02T05:39:35.972+0000] {processor.py:183} INFO - Processing /home/airflow/.local/lib/python3.11/site-packages/airflow/example_dags/example_external_task_marker_dag.py took 0.176 seconds
[2026-06-02T05:40:06.525+0000] {processor.py:161} INFO - Started process (PID=855) to work on /home/airflow/.local/lib/python3.11/site-packages/airflow/example_dags/example_external_task_marker_dag.py
[2026-06-02T05:40:06.527+0000] {processor.py:830} INFO - Processing file /home/airflow/.local/lib/python3.11/site-packages/airflow/example_dags/example_external_task_marker_dag.py for tasks to queue
[2026-06-02T05:40:06.529+0000] {logging_mixin.py:188} INFO - [2026-06-02T05:40:06.529+0000] {dagbag.py:545} INFO - Filling up the DagBag from /home/airflow/.local/lib/python3.11/site-packages/airflow/example_dags/example_external_task_marker_dag.py
[2026-06-02T05:40:06.536+0000] {processor.py:840} INFO - DAG(s) 'example_external_task_marker_child', 'example_external_task_marker_parent' retrieved from /home/airflow/.local/lib/python3.11/site-packages/airflow/example_dags/example_external_task_marker_dag.py
[2026-06-02T05:40:06.558+0000] {logging_mixin.py:188} INFO - [2026-06-02T05:40:06.558+0000] {dag.py:3096} INFO - Sync 2 DAGs
[2026-06-02T05:40:06.572+0000] {logging_mixin.py:188} INFO - [2026-06-02T05:40:06.571+0000] {dag.py:3954} INFO - Setting next_dagrun for example_external_task_marker_child to None, run_after=None
[2026-06-02T05:40:06.575+0000] {logging_mixin.py:188} INFO - [2026-06-02T05:40:06.575+0000] {dag.py:3954} INFO - Setting next_dagrun for example_external_task_marker_parent to None, run_after=None
[2026-06-02T05:40:06.593+0000] {processor.py:183} INFO - Processing /home/airflow/.local/lib/python3.11/site-packages/airflow/example_dags/example_external_task_marker_dag.py took 0.074 seconds
[2026-06-02T05:40:37.180+0000] {processor.py:161} INFO - Started process (PID=1129) to work on /home/airflow/.local/lib/python3.11/site-packages/airflow/example_dags/example_external_task_marker_dag.py
[2026-06-02T05:40:37.181+0000] {processor.py:830} INFO - Processing file /home/airflow/.local/lib/python3.11/site-packages/airflow/example_dags/example_external_task_marker_dag.py for tasks to queue
[2026-06-02T05:40:37.183+0000] {logging_mixin.py:188} INFO - [2026-06-02T05:40:37.183+0000] {dagbag.py:545} INFO - Filling up the DagBag from /home/airflow/.local/lib/python3.11/site-packages/airflow/example_dags/example_external_task_marker_dag.py
[2026-06-02T05:40:37.189+0000] {processor.py:840} INFO - DAG(s) 'example_external_task_marker_parent', 'example_external_task_marker_child' retrieved from /home/airflow/.local/lib/python3.11/site-packages/airflow/example_dags/example_external_task_marker_dag.py
[2026-06-02T05:40:37.212+0000] {logging_mixin.py:188} INFO - [2026-06-02T05:40:37.212+0000] {dag.py:3096} INFO - Sync 2 DAGs
[2026-06-02T05:40:37.223+0000] {logging_mixin.py:188} INFO - [2026-06-02T05:40:37.223+0000] {dag.py:3954} INFO - Setting next_dagrun for example_external_task_marker_child to None, run_after=None
[2026-06-02T05:40:37.229+0000] {logging_mixin.py:188} INFO - [2026-06-02T05:40:37.228+0000] {dag.py:3954} INFO - Setting next_dagrun for example_external_task_marker_parent to None, run_after=None
[2026-06-02T05:40:37.256+0000] {processor.py:183} INFO - Processing /home/airflow/.local/lib/python3.11/site-packages/airflow/example_dags/example_external_task_marker_dag.py took 0.082 seconds
[2026-06-02T05:41:07.570+0000] {processor.py:161} INFO - Started process (PID=1415) to work on /home/airflow/.local/lib/python3.11/site-packages/airflow/example_dags/example_external_task_marker_dag.py
[2026-06-02T05:41:07.572+0000] {processor.py:830} INFO - Processing file /home/airflow/.local/lib/python3.11/site-packages/airflow/example_dags/example_external_task_marker_dag.py for tasks to queue
[2026-06-02T05:41:07.576+0000] {logging_mixin.py:188} INFO - [2026-06-02T05:41:07.576+0000] {dagbag.py:545} INFO - Filling up the DagBag from /home/airflow/.local/lib/python3.11/site-packages/airflow/example_dags/example_external_task_marker_dag.py
[2026-06-02T05:41:07.588+0000] {processor.py:840} INFO - DAG(s) 'example_external_task_marker_child', 'example_external_task_marker_parent' retrieved from /home/airflow/.local/lib/python3.11/site-packages/airflow/example_dags/example_external_task_marker_dag.py
[2026-06-02T05:41:07.638+0000] {logging_mixin.py:188} INFO - [2026-06-02T05:41:07.638+0000] {dag.py:3096} INFO - Sync 2 DAGs
[2026-06-02T05:41:07.659+0000] {logging_mixin.py:188} INFO - [2026-06-02T05:41:07.658+0000] {dag.py:3954} INFO - Setting next_dagrun for example_external_task_marker_child to None, run_after=None
[2026-06-02T05:41:07.666+0000] {logging_mixin.py:188} INFO - [2026-06-02T05:41:07.665+0000] {dag.py:3954} INFO - Setting next_dagrun for example_external_task_marker_parent to None, run_after=None
[2026-06-02T05:41:07.698+0000] {processor.py:183} INFO - Processing /home/airflow/.local/lib/python3.11/site-packages/airflow/example_dags/example_external_task_marker_dag.py took 0.141 seconds
[2026-06-02T05:41:37.980+0000] {processor.py:161} INFO - Started process (PID=1689) to work on /home/airflow/.local/lib/python3.11/site-packages/airflow/example_dags/example_external_task_marker_dag.py
[2026-06-02T05:41:37.981+0000] {processor.py:830} INFO - Processing file /home/airflow/.local/lib/python3.11/site-packages/airflow/example_dags/example_external_task_marker_dag.py for tasks to queue
[2026-06-02T05:41:37.984+0000] {logging_mixin.py:188} INFO - [2026-06-02T05:41:37.983+0000] {dagbag.py:545} INFO - Filling up the DagBag from /home/airflow/.local/lib/python3.11/site-packages/airflow/example_dags/example_external_task_marker_dag.py
[2026-06-02T05:41:37.994+0000] {processor.py:840} INFO - DAG(s) 'example_external_task_marker_child', 'example_external_task_marker_parent' retrieved from /home/airflow/.local/lib/python3.11/site-packages/airflow/example_dags/example_external_task_marker_dag.py
[2026-06-02T05:41:38.024+0000] {logging_mixin.py:188} INFO - [2026-06-02T05:41:38.023+0000] {dag.py:3096} INFO - Sync 2 DAGs
[2026-06-02T05:41:38.038+0000] {logging_mixin.py:188} INFO - [2026-06-02T05:41:38.037+0000] {dag.py:3954} INFO - Setting next_dagrun for example_external_task_marker_child to None, run_after=None
[2026-06-02T05:41:38.046+0000] {logging_mixin.py:188} INFO - [2026-06-02T05:41:38.046+0000] {dag.py:3954} INFO - Setting next_dagrun for example_external_task_marker_parent to None, run_after=None
[2026-06-02T05:41:38.069+0000] {processor.py:183} INFO - Processing /home/airflow/.local/lib/python3.11/site-packages/airflow/example_dags/example_external_task_marker_dag.py took 0.098 seconds
[2026-06-02T05:42:08.658+0000] {processor.py:161} INFO - Started process (PID=1972) to work on /home/airflow/.local/lib/python3.11/site-packages/airflow/example_dags/example_external_task_marker_dag.py
[2026-06-02T05:42:08.660+0000] {processor.py:830} INFO - Processing file /home/airflow/.local/lib/python3.11/site-packages/airflow/example_dags/example_external_task_marker_dag.py for tasks to queue
[2026-06-02T05:42:08.663+0000] {logging_mixin.py:188} INFO - [2026-06-02T05:42:08.662+0000] {dagbag.py:545} INFO - Filling up the DagBag from /home/airflow/.local/lib/python3.11/site-packages/airflow/example_dags/example_external_task_marker_dag.py
[2026-06-02T05:42:08.671+0000] {processor.py:840} INFO - DAG(s) 'example_external_task_marker_child', 'example_external_task_marker_parent' retrieved from /home/airflow/.local/lib/python3.11/site-packages/airflow/example_dags/example_external_task_marker_dag.py
[2026-06-02T05:42:08.702+0000] {logging_mixin.py:188} INFO - [2026-06-02T05:42:08.702+0000] {dag.py:3096} INFO - Sync 2 DAGs
[2026-06-02T05:42:08.722+0000] {logging_mixin.py:188} INFO - [2026-06-02T05:42:08.721+0000] {dag.py:3954} INFO - Setting next_dagrun for example_external_task_marker_child to None, run_after=None
[2026-06-02T05:42:08.728+0000] {logging_mixin.py:188} INFO - [2026-06-02T05:42:08.728+0000] {dag.py:3954} INFO - Setting next_dagrun for example_external_task_marker_parent to None, run_after=None
[2026-06-02T05:42:08.767+0000] {processor.py:183} INFO - Processing /home/airflow/.local/lib/python3.11/site-packages/airflow/example_dags/example_external_task_marker_dag.py took 0.117 seconds
[2026-06-02T05:42:39.634+0000] {processor.py:161} INFO - Started process (PID=2250) to work on /home/airflow/.local/lib/python3.11/site-packages/airflow/example_dags/example_external_task_marker_dag.py
[2026-06-02T05:42:39.636+0000] {processor.py:830} INFO - Processing file /home/airflow/.local/lib/python3.11/site-packages/airflow/example_dags/example_external_task_marker_dag.py for tasks to queue
[2026-06-02T05:42:39.638+0000] {logging_mixin.py:188} INFO - [2026-06-02T05:42:39.638+0000] {dagbag.py:545} INFO - Filling up the DagBag from /home/airflow/.local/lib/python3.11/site-packages/airflow/example_dags/example_external_task_marker_dag.py
[2026-06-02T05:42:39.646+0000] {processor.py:840} INFO - DAG(s) 'example_external_task_marker_child', 'example_external_task_marker_parent' retrieved from /home/airflow/.local/lib/python3.11/site-packages/airflow/example_dags/example_external_task_marker_dag.py
[2026-06-02T05:42:39.674+0000] {logging_mixin.py:188} INFO - [2026-06-02T05:42:39.673+0000] {dag.py:3096} INFO - Sync 2 DAGs
[2026-06-02T05:42:39.687+0000] {logging_mixin.py:188} INFO - [2026-06-02T05:42:39.687+0000] {dag.py:3954} INFO - Setting next_dagrun for example_external_task_marker_child to None, run_after=None
[2026-06-02T05:42:39.692+0000] {logging_mixin.py:188} INFO - [2026-06-02T05:42:39.692+0000] {dag.py:3954} INFO - Setting next_dagrun for example_external_task_marker_parent to None, run_after=None
[2026-06-02T05:42:39.710+0000] {processor.py:183} INFO - Processing /home/airflow/.local/lib/python3.11/site-packages/airflow/example_dags/example_external_task_marker_dag.py took 0.083 seconds
[2026-06-02T05:43:10.011+0000] {processor.py:161} INFO - Started process (PID=2526) to work on /home/airflow/.local/lib/python3.11/site-packages/airflow/example_dags/example_external_task_marker_dag.py
[2026-06-02T05:43:10.013+0000] {processor.py:830} INFO - Processing file /home/airflow/.local/lib/python3.11/site-packages/airflow/example_dags/example_external_task_marker_dag.py for tasks to queue
[2026-06-02T05:43:10.016+0000] {logging_mixin.py:188} INFO - [2026-06-02T05:43:10.015+0000] {dagbag.py:545} INFO - Filling up the DagBag from /home/airflow/.local/lib/python3.11/site-packages/airflow/example_dags/example_external_task_marker_dag.py
[2026-06-02T05:43:10.025+0000] {processor.py:840} INFO - DAG(s) 'example_external_task_marker_child', 'example_external_task_marker_parent' retrieved from /home/airflow/.local/lib/python3.11/site-packages/airflow/example_dags/example_external_task_marker_dag.py
[2026-06-02T05:43:10.060+0000] {logging_mixin.py:188} INFO - [2026-06-02T05:43:10.060+0000] {dag.py:3096} INFO - Sync 2 DAGs
[2026-06-02T05:43:10.075+0000] {logging_mixin.py:188} INFO - [2026-06-02T05:43:10.075+0000] {dag.py:3954} INFO - Setting next_dagrun for example_external_task_marker_child to None, run_after=None
[2026-06-02T05:43:10.079+0000] {logging_mixin.py:188} INFO - [2026-06-02T05:43:10.079+0000] {dag.py:3954} INFO - Setting next_dagrun for example_external_task_marker_parent to None, run_after=None
[2026-06-02T05:43:10.098+0000] {processor.py:183} INFO - Processing /home/airflow/.local/lib/python3.11/site-packages/airflow/example_dags/example_external_task_marker_dag.py took 0.096 seconds
[2026-06-02T05:43:40.468+0000] {processor.py:161} INFO - Started process (PID=2815) to work on /home/airflow/.local/lib/python3.11/site-packages/airflow/example_dags/example_external_task_marker_dag.py
[2026-06-02T05:43:40.469+0000] {processor.py:830} INFO - Processing file /home/airflow/.local/lib/python3.11/site-packages/airflow/example_dags/example_external_task_marker_dag.py for tasks to queue
[2026-06-02T05:43:40.471+0000] {logging_mixin.py:188} INFO - [2026-06-02T05:43:40.471+0000] {dagbag.py:545} INFO - Filling up the DagBag from /home/airflow/.local/lib/python3.11/site-packages/airflow/example_dags/example_external_task_marker_dag.py
[2026-06-02T05:43:40.478+0000] {processor.py:840} INFO - DAG(s) 'example_external_task_marker_parent', 'example_external_task_marker_child' retrieved from /home/airflow/.local/lib/python3.11/site-packages/airflow/example_dags/example_external_task_marker_dag.py
[2026-06-02T05:43:40.502+0000] {logging_mixin.py:188} INFO - [2026-06-02T05:43:40.501+0000] {dag.py:3096} INFO - Sync 2 DAGs
[2026-06-02T05:43:40.512+0000] {logging_mixin.py:188} INFO - [2026-06-02T05:43:40.512+0000] {dag.py:3954} INFO - Setting next_dagrun for example_external_task_marker_child to None, run_after=None
[2026-06-02T05:43:40.516+0000] {logging_mixin.py:188} INFO - [2026-06-02T05:43:40.516+0000] {dag.py:3954} INFO - Setting next_dagrun for example_external_task_marker_parent to None, run_after=None
[2026-06-02T05:43:40.542+0000] {processor.py:183} INFO - Processing /home/airflow/.local/lib/python3.11/site-packages/airflow/example_dags/example_external_task_marker_dag.py took 0.080 seconds
[2026-06-02T05:44:11.828+0000] {processor.py:161} INFO - Started process (PID=3156) to work on /home/airflow/.local/lib/python3.11/site-packages/airflow/example_dags/example_external_task_marker_dag.py
[2026-06-02T05:44:11.830+0000] {processor.py:830} INFO - Processing file /home/airflow/.local/lib/python3.11/site-packages/airflow/example_dags/example_external_task_marker_dag.py for tasks to queue
[2026-06-02T05:44:11.835+0000] {logging_mixin.py:188} INFO - [2026-06-02T05:44:11.835+0000] {dagbag.py:545} INFO - Filling up the DagBag from /home/airflow/.local/lib/python3.11/site-packages/airflow/example_dags/example_external_task_marker_dag.py
[2026-06-02T05:44:11.850+0000] {processor.py:840} INFO - DAG(s) 'example_external_task_marker_child', 'example_external_task_marker_parent' retrieved from /home/airflow/.local/lib/python3.11/site-packages/airflow/example_dags/example_external_task_marker_dag.py
[2026-06-02T05:44:11.899+0000] {logging_mixin.py:188} INFO - [2026-06-02T05:44:11.898+0000] {dag.py:3096} INFO - Sync 2 DAGs
[2026-06-02T05:44:11.928+0000] {logging_mixin.py:188} INFO - [2026-06-02T05:44:11.928+0000] {dag.py:3954} INFO - Setting next_dagrun for example_external_task_marker_child to None, run_after=None
[2026-06-02T05:44:11.936+0000] {logging_mixin.py:188} INFO - [2026-06-02T05:44:11.935+0000] {dag.py:3954} INFO - Setting next_dagrun for example_external_task_marker_parent to None, run_after=None
[2026-06-02T05:44:11.965+0000] {processor.py:183} INFO - Processing /home/airflow/.local/lib/python3.11/site-packages/airflow/example_dags/example_external_task_marker_dag.py took 0.150 seconds
[2026-06-02T05:44:42.787+0000] {processor.py:161} INFO - Started process (PID=3434) to work on /home/airflow/.local/lib/python3.11/site-packages/airflow/example_dags/example_external_task_marker_dag.py
[2026-06-02T05:44:42.789+0000] {processor.py:830} INFO - Processing file /home/airflow/.local/lib/python3.11/site-packages/airflow/example_dags/example_external_task_marker_dag.py for tasks to queue
[2026-06-02T05:44:42.794+0000] {logging_mixin.py:188} INFO - [2026-06-02T05:44:42.793+0000] {dagbag.py:545} INFO - Filling up the DagBag from /home/airflow/.local/lib/python3.11/site-packages/airflow/example_dags/example_external_task_marker_dag.py
[2026-06-02T05:44:42.806+0000] {processor.py:840} INFO - DAG(s) 'example_external_task_marker_child', 'example_external_task_marker_parent' retrieved from /home/airflow/.local/lib/python3.11/site-packages/airflow/example_dags/example_external_task_marker_dag.py
[2026-06-02T05:44:42.853+0000] {logging_mixin.py:188} INFO - [2026-06-02T05:44:42.853+0000] {dag.py:3096} INFO - Sync 2 DAGs
[2026-06-02T05:44:42.880+0000] {logging_mixin.py:188} INFO - [2026-06-02T05:44:42.880+0000] {dag.py:3954} INFO - Setting next_dagrun for example_external_task_marker_child to None, run_after=None
[2026-06-02T05:44:42.889+0000] {logging_mixin.py:188} INFO - [2026-06-02T05:44:42.889+0000] {dag.py:3954} INFO - Setting next_dagrun for example_external_task_marker_parent to None, run_after=None
[2026-06-02T05:44:42.933+0000] {processor.py:183} INFO - Processing /home/airflow/.local/lib/python3.11/site-packages/airflow/example_dags/example_external_task_marker_dag.py took 0.162 seconds
[2026-06-02T05:45:13.644+0000] {processor.py:161} INFO - Started process (PID=3708) to work on /home/airflow/.local/lib/python3.11/site-packages/airflow/example_dags/example_external_task_marker_dag.py
[2026-06-02T05:45:13.646+0000] {processor.py:830} INFO - Processing file /home/airflow/.local/lib/python3.11/site-packages/airflow/example_dags/example_external_task_marker_dag.py for tasks to queue
[2026-06-02T05:45:13.654+0000] {logging_mixin.py:188} INFO - [2026-06-02T05:45:13.653+0000] {dagbag.py:545} INFO - Filling up the DagBag from /home/airflow/.local/lib/python3.11/site-packages/airflow/example_dags/example_external_task_marker_dag.py
[2026-06-02T05:45:13.666+0000] {processor.py:840} INFO - DAG(s) 'example_external_task_marker_parent', 'example_external_task_marker_child' retrieved from /home/airflow/.local/lib/python3.11/site-packages/airflow/example_dags/example_external_task_marker_dag.py
[2026-06-02T05:45:13.715+0000] {logging_mixin.py:188} INFO - [2026-06-02T05:45:13.714+0000] {dag.py:3096} INFO - Sync 2 DAGs
[2026-06-02T05:45:13.750+0000] {logging_mixin.py:188} INFO - [2026-06-02T05:45:13.750+0000] {dag.py:3954} INFO - Setting next_dagrun for example_external_task_marker_child to None, run_after=None
[2026-06-02T05:45:13.765+0000] {logging_mixin.py:188} INFO - [2026-06-02T05:45:13.764+0000] {dag.py:3954} INFO - Setting next_dagrun for example_external_task_marker_parent to None, run_after=None
[2026-06-02T05:45:13.832+0000] {processor.py:183} INFO - Processing /home/airflow/.local/lib/python3.11/site-packages/airflow/example_dags/example_external_task_marker_dag.py took 0.209 seconds
[2026-06-02T05:45:44.646+0000] {processor.py:161} INFO - Started process (PID=3986) to work on /home/airflow/.local/lib/python3.11/site-packages/airflow/example_dags/example_external_task_marker_dag.py
[2026-06-02T05:45:44.649+0000] {processor.py:830} INFO - Processing file /home/airflow/.local/lib/python3.11/site-packages/airflow/example_dags/example_external_task_marker_dag.py for tasks to queue
[2026-06-02T05:45:44.657+0000] {logging_mixin.py:188} INFO - [2026-06-02T05:45:44.657+0000] {dagbag.py:545} INFO - Filling up the DagBag from /home/airflow/.local/lib/python3.11/site-packages/airflow/example_dags/example_external_task_marker_dag.py
[2026-06-02T05:45:44.673+0000] {processor.py:840} INFO - DAG(s) 'example_external_task_marker_parent', 'example_external_task_marker_child' retrieved from /home/airflow/.local/lib/python3.11/site-packages/airflow/example_dags/example_external_task_marker_dag.py
[2026-06-02T05:45:44.729+0000] {logging_mixin.py:188} INFO - [2026-06-02T05:45:44.728+0000] {dag.py:3096} INFO - Sync 2 DAGs
[2026-06-02T05:45:44.758+0000] {logging_mixin.py:188} INFO - [2026-06-02T05:45:44.758+0000] {dag.py:3954} INFO - Setting next_dagrun for example_external_task_marker_child to None, run_after=None
[2026-06-02T05:45:44.765+0000] {logging_mixin.py:188} INFO - [2026-06-02T05:45:44.764+0000] {dag.py:3954} INFO - Setting next_dagrun for example_external_task_marker_parent to None, run_after=None
[2026-06-02T05:45:44.803+0000] {processor.py:183} INFO - Processing /home/airflow/.local/lib/python3.11/site-packages/airflow/example_dags/example_external_task_marker_dag.py took 0.178 seconds
[2026-06-02T05:46:15.416+0000] {processor.py:161} INFO - Started process (PID=4262) to work on /home/airflow/.local/lib/python3.11/site-packages/airflow/example_dags/example_external_task_marker_dag.py
[2026-06-02T05:46:15.419+0000] {processor.py:830} INFO - Processing file /home/airflow/.local/lib/python3.11/site-packages/airflow/example_dags/example_external_task_marker_dag.py for tasks to queue
[2026-06-02T05:46:15.423+0000] {logging_mixin.py:188} INFO - [2026-06-02T05:46:15.422+0000] {dagbag.py:545} INFO - Filling up the DagBag from /home/airflow/.local/lib/python3.11/site-packages/airflow/example_dags/example_external_task_marker_dag.py
[2026-06-02T05:46:15.443+0000] {processor.py:840} INFO - DAG(s) 'example_external_task_marker_child', 'example_external_task_marker_parent' retrieved from /home/airflow/.local/lib/python3.11/site-packages/airflow/example_dags/example_external_task_marker_dag.py
[2026-06-02T05:46:15.514+0000] {logging_mixin.py:188} INFO - [2026-06-02T05:46:15.513+0000] {dag.py:3096} INFO - Sync 2 DAGs
[2026-06-02T05:46:15.546+0000] {logging_mixin.py:188} INFO - [2026-06-02T05:46:15.545+0000] {dag.py:3954} INFO - Setting next_dagrun for example_external_task_marker_child to None, run_after=None
[2026-06-02T05:46:15.559+0000] {logging_mixin.py:188} INFO - [2026-06-02T05:46:15.558+0000] {dag.py:3954} INFO - Setting next_dagrun for example_external_task_marker_parent to None, run_after=None
[2026-06-02T05:46:15.600+0000] {processor.py:183} INFO - Processing /home/airflow/.local/lib/python3.11/site-packages/airflow/example_dags/example_external_task_marker_dag.py took 0.208 seconds
[2026-06-02T05:46:46.318+0000] {processor.py:161} INFO - Started process (PID=4580) to work on /home/airflow/.local/lib/python3.11/site-packages/airflow/example_dags/example_external_task_marker_dag.py
[2026-06-02T05:46:46.320+0000] {processor.py:830} INFO - Processing file /home/airflow/.local/lib/python3.11/site-packages/airflow/example_dags/example_external_task_marker_dag.py for tasks to queue
[2026-06-02T05:46:46.324+0000] {logging_mixin.py:188} INFO - [2026-06-02T05:46:46.323+0000] {dagbag.py:545} INFO - Filling up the DagBag from /home/airflow/.local/lib/python3.11/site-packages/airflow/example_dags/example_external_task_marker_dag.py
[2026-06-02T05:46:46.336+0000] {processor.py:840} INFO - DAG(s) 'example_external_task_marker_parent', 'example_external_task_marker_child' retrieved from /home/airflow/.local/lib/python3.11/site-packages/airflow/example_dags/example_external_task_marker_dag.py
[2026-06-02T05:46:46.373+0000] {logging_mixin.py:188} INFO - [2026-06-02T05:46:46.373+0000] {dag.py:3096} INFO - Sync 2 DAGs
[2026-06-02T05:46:46.391+0000] {logging_mixin.py:188} INFO - [2026-06-02T05:46:46.391+0000] {dag.py:3954} INFO - Setting next_dagrun for example_external_task_marker_child to None, run_after=None
[2026-06-02T05:46:46.399+0000] {logging_mixin.py:188} INFO - [2026-06-02T05:46:46.398+0000] {dag.py:3954} INFO - Setting next_dagrun for example_external_task_marker_parent to None, run_after=None
[2026-06-02T05:46:46.439+0000] {processor.py:183} INFO - Processing /home/airflow/.local/lib/python3.11/site-packages/airflow/example_dags/example_external_task_marker_dag.py took 0.134 seconds
[2026-06-02T05:47:33.875+0000] {processor.py:161} INFO - Started process (PID=301) to work on /home/airflow/.local/lib/python3.11/site-packages/airflow/example_dags/example_external_task_marker_dag.py
[2026-06-02T05:47:33.877+0000] {processor.py:830} INFO - Processing file /home/airflow/.local/lib/python3.11/site-packages/airflow/example_dags/example_external_task_marker_dag.py for tasks to queue
[2026-06-02T05:47:33.880+0000] {logging_mixin.py:188} INFO - [2026-06-02T05:47:33.880+0000] {dagbag.py:545} INFO - Filling up the DagBag from /home/airflow/.local/lib/python3.11/site-packages/airflow/example_dags/example_external_task_marker_dag.py
[2026-06-02T05:47:33.893+0000] {processor.py:840} INFO - DAG(s) 'example_external_task_marker_parent', 'example_external_task_marker_child' retrieved from /home/airflow/.local/lib/python3.11/site-packages/airflow/example_dags/example_external_task_marker_dag.py
[2026-06-02T05:47:33.921+0000] {logging_mixin.py:188} INFO - [2026-06-02T05:47:33.921+0000] {dag.py:3096} INFO - Sync 2 DAGs
[2026-06-02T05:47:33.950+0000] {logging_mixin.py:188} INFO - [2026-06-02T05:47:33.950+0000] {dag.py:3954} INFO - Setting next_dagrun for example_external_task_marker_child to None, run_after=None
[2026-06-02T05:47:33.956+0000] {logging_mixin.py:188} INFO - [2026-06-02T05:47:33.955+0000] {dag.py:3954} INFO - Setting next_dagrun for example_external_task_marker_parent to None, run_after=None
[2026-06-02T05:47:33.980+0000] {processor.py:183} INFO - Processing /home/airflow/.local/lib/python3.11/site-packages/airflow/example_dags/example_external_task_marker_dag.py took 0.116 seconds
[2026-06-02T05:48:04.164+0000] {processor.py:161} INFO - Started process (PID=575) to work on /home/airflow/.local/lib/python3.11/site-packages/airflow/example_dags/example_external_task_marker_dag.py
[2026-06-02T05:48:04.165+0000] {processor.py:830} INFO - Processing file /home/airflow/.local/lib/python3.11/site-packages/airflow/example_dags/example_external_task_marker_dag.py for tasks to queue
[2026-06-02T05:48:04.168+0000] {logging_mixin.py:188} INFO - [2026-06-02T05:48:04.167+0000] {dagbag.py:545} INFO - Filling up the DagBag from /home/airflow/.local/lib/python3.11/site-packages/airflow/example_dags/example_external_task_marker_dag.py
[2026-06-02T05:48:04.174+0000] {processor.py:840} INFO - DAG(s) 'example_external_task_marker_parent', 'example_external_task_marker_child' retrieved from /home/airflow/.local/lib/python3.11/site-packages/airflow/example_dags/example_external_task_marker_dag.py
[2026-06-02T05:48:04.281+0000] {logging_mixin.py:188} INFO - [2026-06-02T05:48:04.280+0000] {dag.py:3096} INFO - Sync 2 DAGs
[2026-06-02T05:48:04.290+0000] {logging_mixin.py:188} INFO - [2026-06-02T05:48:04.290+0000] {dag.py:3954} INFO - Setting next_dagrun for example_external_task_marker_child to None, run_after=None
[2026-06-02T05:48:04.296+0000] {logging_mixin.py:188} INFO - [2026-06-02T05:48:04.296+0000] {dag.py:3954} INFO - Setting next_dagrun for example_external_task_marker_parent to None, run_after=None
[2026-06-02T05:48:04.327+0000] {processor.py:183} INFO - Processing /home/airflow/.local/lib/python3.11/site-packages/airflow/example_dags/example_external_task_marker_dag.py took 0.171 seconds
[2026-06-02T05:48:35.134+0000] {processor.py:161} INFO - Started process (PID=861) to work on /home/airflow/.local/lib/python3.11/site-packages/airflow/example_dags/example_external_task_marker_dag.py
[2026-06-02T05:48:35.136+0000] {processor.py:830} INFO - Processing file /home/airflow/.local/lib/python3.11/site-packages/airflow/example_dags/example_external_task_marker_dag.py for tasks to queue
[2026-06-02T05:48:35.139+0000] {logging_mixin.py:188} INFO - [2026-06-02T05:48:35.138+0000] {dagbag.py:545} INFO - Filling up the DagBag from /home/airflow/.local/lib/python3.11/site-packages/airflow/example_dags/example_external_task_marker_dag.py
[2026-06-02T05:48:35.145+0000] {processor.py:840} INFO - DAG(s) 'example_external_task_marker_parent', 'example_external_task_marker_child' retrieved from /home/airflow/.local/lib/python3.11/site-packages/airflow/example_dags/example_external_task_marker_dag.py
[2026-06-02T05:48:35.176+0000] {logging_mixin.py:188} INFO - [2026-06-02T05:48:35.176+0000] {dag.py:3096} INFO - Sync 2 DAGs
[2026-06-02T05:48:35.192+0000] {logging_mixin.py:188} INFO - [2026-06-02T05:48:35.191+0000] {dag.py:3954} INFO - Setting next_dagrun for example_external_task_marker_child to None, run_after=None
[2026-06-02T05:48:35.197+0000] {logging_mixin.py:188} INFO - [2026-06-02T05:48:35.196+0000] {dag.py:3954} INFO - Setting next_dagrun for example_external_task_marker_parent to None, run_after=None
[2026-06-02T05:48:35.227+0000] {processor.py:183} INFO - Processing /home/airflow/.local/lib/python3.11/site-packages/airflow/example_dags/example_external_task_marker_dag.py took 0.099 seconds
[2026-06-02T05:49:05.536+0000] {processor.py:161} INFO - Started process (PID=1144) to work on /home/airflow/.local/lib/python3.11/site-packages/airflow/example_dags/example_external_task_marker_dag.py
[2026-06-02T05:49:05.537+0000] {processor.py:830} INFO - Processing file /home/airflow/.local/lib/python3.11/site-packages/airflow/example_dags/example_external_task_marker_dag.py for tasks to queue
[2026-06-02T05:49:05.539+0000] {logging_mixin.py:188} INFO - [2026-06-02T05:49:05.539+0000] {dagbag.py:545} INFO - Filling up the DagBag from /home/airflow/.local/lib/python3.11/site-packages/airflow/example_dags/example_external_task_marker_dag.py
[2026-06-02T05:49:05.547+0000] {processor.py:840} INFO - DAG(s) 'example_external_task_marker_parent', 'example_external_task_marker_child' retrieved from /home/airflow/.local/lib/python3.11/site-packages/airflow/example_dags/example_external_task_marker_dag.py
[2026-06-02T05:49:05.574+0000] {logging_mixin.py:188} INFO - [2026-06-02T05:49:05.574+0000] {dag.py:3096} INFO - Sync 2 DAGs
[2026-06-02T05:49:05.590+0000] {logging_mixin.py:188} INFO - [2026-06-02T05:49:05.589+0000] {dag.py:3954} INFO - Setting next_dagrun for example_external_task_marker_child to None, run_after=None
[2026-06-02T05:49:05.594+0000] {logging_mixin.py:188} INFO - [2026-06-02T05:49:05.594+0000] {dag.py:3954} INFO - Setting next_dagrun for example_external_task_marker_parent to None, run_after=None
[2026-06-02T05:49:05.624+0000] {processor.py:183} INFO - Processing /home/airflow/.local/lib/python3.11/site-packages/airflow/example_dags/example_external_task_marker_dag.py took 0.099 seconds
[2026-06-02T05:49:35.927+0000] {processor.py:161} INFO - Started process (PID=1420) to work on /home/airflow/.local/lib/python3.11/site-packages/airflow/example_dags/example_external_task_marker_dag.py
[2026-06-02T05:49:35.928+0000] {processor.py:830} INFO - Processing file /home/airflow/.local/lib/python3.11/site-packages/airflow/example_dags/example_external_task_marker_dag.py for tasks to queue
[2026-06-02T05:49:35.930+0000] {logging_mixin.py:188} INFO - [2026-06-02T05:49:35.930+0000] {dagbag.py:545} INFO - Filling up the DagBag from /home/airflow/.local/lib/python3.11/site-packages/airflow/example_dags/example_external_task_marker_dag.py
[2026-06-02T05:49:35.938+0000] {processor.py:840} INFO - DAG(s) 'example_external_task_marker_parent', 'example_external_task_marker_child' retrieved from /home/airflow/.local/lib/python3.11/site-packages/airflow/example_dags/example_external_task_marker_dag.py
[2026-06-02T05:49:35.963+0000] {logging_mixin.py:188} INFO - [2026-06-02T05:49:35.963+0000] {dag.py:3096} INFO - Sync 2 DAGs
[2026-06-02T05:49:35.976+0000] {logging_mixin.py:188} INFO - [2026-06-02T05:49:35.976+0000] {dag.py:3954} INFO - Setting next_dagrun for example_external_task_marker_child to None, run_after=None
[2026-06-02T05:49:35.980+0000] {logging_mixin.py:188} INFO - [2026-06-02T05:49:35.980+0000] {dag.py:3954} INFO - Setting next_dagrun for example_external_task_marker_parent to None, run_after=None
[2026-06-02T05:49:36.009+0000] {processor.py:183} INFO - Processing /home/airflow/.local/lib/python3.11/site-packages/airflow/example_dags/example_external_task_marker_dag.py took 0.088 seconds
[2026-06-02T05:50:06.538+0000] {processor.py:161} INFO - Started process (PID=1696) to work on /home/airflow/.local/lib/python3.11/site-packages/airflow/example_dags/example_external_task_marker_dag.py
[2026-06-02T05:50:06.538+0000] {processor.py:830} INFO - Processing file /home/airflow/.local/lib/python3.11/site-packages/airflow/example_dags/example_external_task_marker_dag.py for tasks to queue
[2026-06-02T05:50:06.540+0000] {logging_mixin.py:188} INFO - [2026-06-02T05:50:06.540+0000] {dagbag.py:545} INFO - Filling up the DagBag from /home/airflow/.local/lib/python3.11/site-packages/airflow/example_dags/example_external_task_marker_dag.py
[2026-06-02T05:50:06.547+0000] {processor.py:840} INFO - DAG(s) 'example_external_task_marker_child', 'example_external_task_marker_parent' retrieved from /home/airflow/.local/lib/python3.11/site-packages/airflow/example_dags/example_external_task_marker_dag.py
[2026-06-02T05:50:06.570+0000] {logging_mixin.py:188} INFO - [2026-06-02T05:50:06.570+0000] {dag.py:3096} INFO - Sync 2 DAGs
[2026-06-02T05:50:06.582+0000] {logging_mixin.py:188} INFO - [2026-06-02T05:50:06.582+0000] {dag.py:3954} INFO - Setting next_dagrun for example_external_task_marker_child to None, run_after=None
[2026-06-02T05:50:06.586+0000] {logging_mixin.py:188} INFO - [2026-06-02T05:50:06.586+0000] {dag.py:3954} INFO - Setting next_dagrun for example_external_task_marker_parent to None, run_after=None
[2026-06-02T05:50:06.616+0000] {processor.py:183} INFO - Processing /home/airflow/.local/lib/python3.11/site-packages/airflow/example_dags/example_external_task_marker_dag.py took 0.084 seconds
[2026-06-02T05:50:36.683+0000] {processor.py:161} INFO - Started process (PID=1972) to work on /home/airflow/.local/lib/python3.11/site-packages/airflow/example_dags/example_external_task_marker_dag.py
[2026-06-02T05:50:36.685+0000] {processor.py:830} INFO - Processing file /home/airflow/.local/lib/python3.11/site-packages/airflow/example_dags/example_external_task_marker_dag.py for tasks to queue
[2026-06-02T05:50:36.688+0000] {logging_mixin.py:188} INFO - [2026-06-02T05:50:36.688+0000] {dagbag.py:545} INFO - Filling up the DagBag from /home/airflow/.local/lib/python3.11/site-packages/airflow/example_dags/example_external_task_marker_dag.py
[2026-06-02T05:50:36.696+0000] {processor.py:840} INFO - DAG(s) 'example_external_task_marker_parent', 'example_external_task_marker_child' retrieved from /home/airflow/.local/lib/python3.11/site-packages/airflow/example_dags/example_external_task_marker_dag.py
[2026-06-02T05:50:36.734+0000] {logging_mixin.py:188} INFO - [2026-06-02T05:50:36.734+0000] {dag.py:3096} INFO - Sync 2 DAGs
[2026-06-02T05:50:36.751+0000] {logging_mixin.py:188} INFO - [2026-06-02T05:50:36.751+0000] {dag.py:3954} INFO - Setting next_dagrun for example_external_task_marker_child to None, run_after=None
[2026-06-02T05:50:36.757+0000] {logging_mixin.py:188} INFO - [2026-06-02T05:50:36.757+0000] {dag.py:3954} INFO - Setting next_dagrun for example_external_task_marker_parent to None, run_after=None
[2026-06-02T05:50:36.791+0000] {processor.py:183} INFO - Processing /home/airflow/.local/lib/python3.11/site-packages/airflow/example_dags/example_external_task_marker_dag.py took 0.117 seconds
[2026-06-02T05:51:07.038+0000] {processor.py:161} INFO - Started process (PID=2262) to work on /home/airflow/.local/lib/python3.11/site-packages/airflow/example_dags/example_external_task_marker_dag.py
[2026-06-02T05:51:07.039+0000] {processor.py:830} INFO - Processing file /home/airflow/.local/lib/python3.11/site-packages/airflow/example_dags/example_external_task_marker_dag.py for tasks to queue
[2026-06-02T05:51:07.041+0000] {logging_mixin.py:188} INFO - [2026-06-02T05:51:07.040+0000] {dagbag.py:545} INFO - Filling up the DagBag from /home/airflow/.local/lib/python3.11/site-packages/airflow/example_dags/example_external_task_marker_dag.py
[2026-06-02T05:51:07.047+0000] {processor.py:840} INFO - DAG(s) 'example_external_task_marker_child', 'example_external_task_marker_parent' retrieved from /home/airflow/.local/lib/python3.11/site-packages/airflow/example_dags/example_external_task_marker_dag.py
[2026-06-02T05:51:07.070+0000] {logging_mixin.py:188} INFO - [2026-06-02T05:51:07.070+0000] {dag.py:3096} INFO - Sync 2 DAGs
[2026-06-02T05:51:07.081+0000] {logging_mixin.py:188} INFO - [2026-06-02T05:51:07.080+0000] {dag.py:3954} INFO - Setting next_dagrun for example_external_task_marker_child to None, run_after=None
[2026-06-02T05:51:07.084+0000] {logging_mixin.py:188} INFO - [2026-06-02T05:51:07.084+0000] {dag.py:3954} INFO - Setting next_dagrun for example_external_task_marker_parent to None, run_after=None
[2026-06-02T05:51:07.110+0000] {processor.py:183} INFO - Processing /home/airflow/.local/lib/python3.11/site-packages/airflow/example_dags/example_external_task_marker_dag.py took 0.077 seconds
[2026-06-02T05:51:37.642+0000] {processor.py:161} INFO - Started process (PID=2538) to work on /home/airflow/.local/lib/python3.11/site-packages/airflow/example_dags/example_external_task_marker_dag.py
[2026-06-02T05:51:37.644+0000] {processor.py:830} INFO - Processing file /home/airflow/.local/lib/python3.11/site-packages/airflow/example_dags/example_external_task_marker_dag.py for tasks to queue
[2026-06-02T05:51:37.646+0000] {logging_mixin.py:188} INFO - [2026-06-02T05:51:37.646+0000] {dagbag.py:545} INFO - Filling up the DagBag from /home/airflow/.local/lib/python3.11/site-packages/airflow/example_dags/example_external_task_marker_dag.py
[2026-06-02T05:51:37.652+0000] {processor.py:840} INFO - DAG(s) 'example_external_task_marker_parent', 'example_external_task_marker_child' retrieved from /home/airflow/.local/lib/python3.11/site-packages/airflow/example_dags/example_external_task_marker_dag.py
[2026-06-02T05:51:37.677+0000] {logging_mixin.py:188} INFO - [2026-06-02T05:51:37.677+0000] {dag.py:3096} INFO - Sync 2 DAGs
[2026-06-02T05:51:37.693+0000] {logging_mixin.py:188} INFO - [2026-06-02T05:51:37.692+0000] {dag.py:3954} INFO - Setting next_dagrun for example_external_task_marker_child to None, run_after=None
[2026-06-02T05:51:37.698+0000] {logging_mixin.py:188} INFO - [2026-06-02T05:51:37.698+0000] {dag.py:3954} INFO - Setting next_dagrun for example_external_task_marker_parent to None, run_after=None
[2026-06-02T05:51:37.722+0000] {processor.py:183} INFO - Processing /home/airflow/.local/lib/python3.11/site-packages/airflow/example_dags/example_external_task_marker_dag.py took 0.087 seconds
[2026-06-02T05:52:07.828+0000] {processor.py:161} INFO - Started process (PID=2814) to work on /home/airflow/.local/lib/python3.11/site-packages/airflow/example_dags/example_external_task_marker_dag.py
[2026-06-02T05:52:07.830+0000] {processor.py:830} INFO - Processing file /home/airflow/.local/lib/python3.11/site-packages/airflow/example_dags/example_external_task_marker_dag.py for tasks to queue
[2026-06-02T05:52:07.831+0000] {logging_mixin.py:188} INFO - [2026-06-02T05:52:07.831+0000] {dagbag.py:545} INFO - Filling up the DagBag from /home/airflow/.local/lib/python3.11/site-packages/airflow/example_dags/example_external_task_marker_dag.py
[2026-06-02T05:52:07.840+0000] {processor.py:840} INFO - DAG(s) 'example_external_task_marker_parent', 'example_external_task_marker_child' retrieved from /home/airflow/.local/lib/python3.11/site-packages/airflow/example_dags/example_external_task_marker_dag.py
[2026-06-02T05:52:07.871+0000] {logging_mixin.py:188} INFO - [2026-06-02T05:52:07.871+0000] {dag.py:3096} INFO - Sync 2 DAGs
[2026-06-02T05:52:07.888+0000] {logging_mixin.py:188} INFO - [2026-06-02T05:52:07.888+0000] {dag.py:3954} INFO - Setting next_dagrun for example_external_task_marker_child to None, run_after=None
[2026-06-02T05:52:07.893+0000] {logging_mixin.py:188} INFO - [2026-06-02T05:52:07.893+0000] {dag.py:3954} INFO - Setting next_dagrun for example_external_task_marker_parent to None, run_after=None
[2026-06-02T05:52:07.913+0000] {processor.py:183} INFO - Processing /home/airflow/.local/lib/python3.11/site-packages/airflow/example_dags/example_external_task_marker_dag.py took 0.091 seconds
[2026-06-02T05:52:38.126+0000] {processor.py:161} INFO - Started process (PID=3090) to work on /home/airflow/.local/lib/python3.11/site-packages/airflow/example_dags/example_external_task_marker_dag.py
[2026-06-02T05:52:38.127+0000] {processor.py:830} INFO - Processing file /home/airflow/.local/lib/python3.11/site-packages/airflow/example_dags/example_external_task_marker_dag.py for tasks to queue
[2026-06-02T05:52:38.129+0000] {logging_mixin.py:188} INFO - [2026-06-02T05:52:38.128+0000] {dagbag.py:545} INFO - Filling up the DagBag from /home/airflow/.local/lib/python3.11/site-packages/airflow/example_dags/example_external_task_marker_dag.py
[2026-06-02T05:52:38.135+0000] {processor.py:840} INFO - DAG(s) 'example_external_task_marker_child', 'example_external_task_marker_parent' retrieved from /home/airflow/.local/lib/python3.11/site-packages/airflow/example_dags/example_external_task_marker_dag.py
[2026-06-02T05:52:38.157+0000] {logging_mixin.py:188} INFO - [2026-06-02T05:52:38.157+0000] {dag.py:3096} INFO - Sync 2 DAGs
[2026-06-02T05:52:38.168+0000] {logging_mixin.py:188} INFO - [2026-06-02T05:52:38.168+0000] {dag.py:3954} INFO - Setting next_dagrun for example_external_task_marker_child to None, run_after=None
[2026-06-02T05:52:38.172+0000] {logging_mixin.py:188} INFO - [2026-06-02T05:52:38.172+0000] {dag.py:3954} INFO - Setting next_dagrun for example_external_task_marker_parent to None, run_after=None
[2026-06-02T05:52:38.187+0000] {processor.py:183} INFO - Processing /home/airflow/.local/lib/python3.11/site-packages/airflow/example_dags/example_external_task_marker_dag.py took 0.067 seconds
[2026-06-02T05:53:08.396+0000] {processor.py:161} INFO - Started process (PID=3368) to work on /home/airflow/.local/lib/python3.11/site-packages/airflow/example_dags/example_external_task_marker_dag.py
[2026-06-02T05:53:08.397+0000] {processor.py:830} INFO - Processing file /home/airflow/.local/lib/python3.11/site-packages/airflow/example_dags/example_external_task_marker_dag.py for tasks to queue
[2026-06-02T05:53:08.399+0000] {logging_mixin.py:188} INFO - [2026-06-02T05:53:08.398+0000] {dagbag.py:545} INFO - Filling up the DagBag from /home/airflow/.local/lib/python3.11/site-packages/airflow/example_dags/example_external_task_marker_dag.py
[2026-06-02T05:53:08.404+0000] {processor.py:840} INFO - DAG(s) 'example_external_task_marker_parent', 'example_external_task_marker_child' retrieved from /home/airflow/.local/lib/python3.11/site-packages/airflow/example_dags/example_external_task_marker_dag.py
[2026-06-02T05:53:08.425+0000] {logging_mixin.py:188} INFO - [2026-06-02T05:53:08.425+0000] {dag.py:3096} INFO - Sync 2 DAGs
[2026-06-02T05:53:08.436+0000] {logging_mixin.py:188} INFO - [2026-06-02T05:53:08.435+0000] {dag.py:3954} INFO - Setting next_dagrun for example_external_task_marker_child to None, run_after=None
[2026-06-02T05:53:08.439+0000] {logging_mixin.py:188} INFO - [2026-06-02T05:53:08.439+0000] {dag.py:3954} INFO - Setting next_dagrun for example_external_task_marker_parent to None, run_after=None
[2026-06-02T05:53:08.466+0000] {processor.py:183} INFO - Processing /home/airflow/.local/lib/python3.11/site-packages/airflow/example_dags/example_external_task_marker_dag.py took 0.075 seconds
[2026-06-02T05:53:38.737+0000] {processor.py:161} INFO - Started process (PID=3642) to work on /home/airflow/.local/lib/python3.11/site-packages/airflow/example_dags/example_external_task_marker_dag.py
[2026-06-02T05:53:38.738+0000] {processor.py:830} INFO - Processing file /home/airflow/.local/lib/python3.11/site-packages/airflow/example_dags/example_external_task_marker_dag.py for tasks to queue
[2026-06-02T05:53:38.740+0000] {logging_mixin.py:188} INFO - [2026-06-02T05:53:38.739+0000] {dagbag.py:545} INFO - Filling up the DagBag from /home/airflow/.local/lib/python3.11/site-packages/airflow/example_dags/example_external_task_marker_dag.py
[2026-06-02T05:53:38.745+0000] {processor.py:840} INFO - DAG(s) 'example_external_task_marker_parent', 'example_external_task_marker_child' retrieved from /home/airflow/.local/lib/python3.11/site-packages/airflow/example_dags/example_external_task_marker_dag.py
[2026-06-02T05:53:38.769+0000] {logging_mixin.py:188} INFO - [2026-06-02T05:53:38.768+0000] {dag.py:3096} INFO - Sync 2 DAGs
[2026-06-02T05:53:38.779+0000] {logging_mixin.py:188} INFO - [2026-06-02T05:53:38.779+0000] {dag.py:3954} INFO - Setting next_dagrun for example_external_task_marker_child to None, run_after=None
[2026-06-02T05:53:38.783+0000] {logging_mixin.py:188} INFO - [2026-06-02T05:53:38.783+0000] {dag.py:3954} INFO - Setting next_dagrun for example_external_task_marker_parent to None, run_after=None
[2026-06-02T05:53:38.810+0000] {processor.py:183} INFO - Processing /home/airflow/.local/lib/python3.11/site-packages/airflow/example_dags/example_external_task_marker_dag.py took 0.078 seconds
[2026-06-02T05:54:09.412+0000] {processor.py:161} INFO - Started process (PID=3920) to work on /home/airflow/.local/lib/python3.11/site-packages/airflow/example_dags/example_external_task_marker_dag.py
[2026-06-02T05:54:09.414+0000] {processor.py:830} INFO - Processing file /home/airflow/.local/lib/python3.11/site-packages/airflow/example_dags/example_external_task_marker_dag.py for tasks to queue
[2026-06-02T05:54:09.416+0000] {logging_mixin.py:188} INFO - [2026-06-02T05:54:09.415+0000] {dagbag.py:545} INFO - Filling up the DagBag from /home/airflow/.local/lib/python3.11/site-packages/airflow/example_dags/example_external_task_marker_dag.py
[2026-06-02T05:54:09.421+0000] {processor.py:840} INFO - DAG(s) 'example_external_task_marker_child', 'example_external_task_marker_parent' retrieved from /home/airflow/.local/lib/python3.11/site-packages/airflow/example_dags/example_external_task_marker_dag.py
[2026-06-02T05:54:09.444+0000] {logging_mixin.py:188} INFO - [2026-06-02T05:54:09.444+0000] {dag.py:3096} INFO - Sync 2 DAGs
[2026-06-02T05:54:09.456+0000] {logging_mixin.py:188} INFO - [2026-06-02T05:54:09.455+0000] {dag.py:3954} INFO - Setting next_dagrun for example_external_task_marker_child to None, run_after=None
[2026-06-02T05:54:09.460+0000] {logging_mixin.py:188} INFO - [2026-06-02T05:54:09.459+0000] {dag.py:3954} INFO - Setting next_dagrun for example_external_task_marker_parent to None, run_after=None
[2026-06-02T05:54:09.487+0000] {processor.py:183} INFO - Processing /home/airflow/.local/lib/python3.11/site-packages/airflow/example_dags/example_external_task_marker_dag.py took 0.082 seconds
[2026-06-02T05:54:39.781+0000] {processor.py:161} INFO - Started process (PID=4194) to work on /home/airflow/.local/lib/python3.11/site-packages/airflow/example_dags/example_external_task_marker_dag.py
[2026-06-02T05:54:39.782+0000] {processor.py:830} INFO - Processing file /home/airflow/.local/lib/python3.11/site-packages/airflow/example_dags/example_external_task_marker_dag.py for tasks to queue
[2026-06-02T05:54:39.784+0000] {logging_mixin.py:188} INFO - [2026-06-02T05:54:39.783+0000] {dagbag.py:545} INFO - Filling up the DagBag from /home/airflow/.local/lib/python3.11/site-packages/airflow/example_dags/example_external_task_marker_dag.py
[2026-06-02T05:54:39.790+0000] {processor.py:840} INFO - DAG(s) 'example_external_task_marker_child', 'example_external_task_marker_parent' retrieved from /home/airflow/.local/lib/python3.11/site-packages/airflow/example_dags/example_external_task_marker_dag.py
[2026-06-02T05:54:39.814+0000] {logging_mixin.py:188} INFO - [2026-06-02T05:54:39.813+0000] {dag.py:3096} INFO - Sync 2 DAGs
[2026-06-02T05:54:39.825+0000] {logging_mixin.py:188} INFO - [2026-06-02T05:54:39.825+0000] {dag.py:3954} INFO - Setting next_dagrun for example_external_task_marker_child to None, run_after=None
[2026-06-02T05:54:39.829+0000] {logging_mixin.py:188} INFO - [2026-06-02T05:54:39.828+0000] {dag.py:3954} INFO - Setting next_dagrun for example_external_task_marker_parent to None, run_after=None
[2026-06-02T05:54:39.857+0000] {processor.py:183} INFO - Processing /home/airflow/.local/lib/python3.11/site-packages/airflow/example_dags/example_external_task_marker_dag.py took 0.082 seconds
[2026-06-02T05:55:10.126+0000] {processor.py:161} INFO - Started process (PID=4472) to work on /home/airflow/.local/lib/python3.11/site-packages/airflow/example_dags/example_external_task_marker_dag.py
[2026-06-02T05:55:10.128+0000] {processor.py:830} INFO - Processing file /home/airflow/.local/lib/python3.11/site-packages/airflow/example_dags/example_external_task_marker_dag.py for tasks to queue
[2026-06-02T05:55:10.129+0000] {logging_mixin.py:188} INFO - [2026-06-02T05:55:10.129+0000] {dagbag.py:545} INFO - Filling up the DagBag from /home/airflow/.local/lib/python3.11/site-packages/airflow/example_dags/example_external_task_marker_dag.py
[2026-06-02T05:55:10.135+0000] {processor.py:840} INFO - DAG(s) 'example_external_task_marker_child', 'example_external_task_marker_parent' retrieved from /home/airflow/.local/lib/python3.11/site-packages/airflow/example_dags/example_external_task_marker_dag.py
[2026-06-02T05:55:10.158+0000] {logging_mixin.py:188} INFO - [2026-06-02T05:55:10.158+0000] {dag.py:3096} INFO - Sync 2 DAGs
[2026-06-02T05:55:10.169+0000] {logging_mixin.py:188} INFO - [2026-06-02T05:55:10.169+0000] {dag.py:3954} INFO - Setting next_dagrun for example_external_task_marker_child to None, run_after=None
[2026-06-02T05:55:10.173+0000] {logging_mixin.py:188} INFO - [2026-06-02T05:55:10.172+0000] {dag.py:3954} INFO - Setting next_dagrun for example_external_task_marker_parent to None, run_after=None
[2026-06-02T05:55:10.206+0000] {processor.py:183} INFO - Processing /home/airflow/.local/lib/python3.11/site-packages/airflow/example_dags/example_external_task_marker_dag.py took 0.085 seconds
[2026-06-02T05:55:40.355+0000] {processor.py:161} INFO - Started process (PID=4747) to work on /home/airflow/.local/lib/python3.11/site-packages/airflow/example_dags/example_external_task_marker_dag.py
[2026-06-02T05:55:40.356+0000] {processor.py:830} INFO - Processing file /home/airflow/.local/lib/python3.11/site-packages/airflow/example_dags/example_external_task_marker_dag.py for tasks to queue
[2026-06-02T05:55:40.358+0000] {logging_mixin.py:188} INFO - [2026-06-02T05:55:40.358+0000] {dagbag.py:545} INFO - Filling up the DagBag from /home/airflow/.local/lib/python3.11/site-packages/airflow/example_dags/example_external_task_marker_dag.py
[2026-06-02T05:55:40.365+0000] {processor.py:840} INFO - DAG(s) 'example_external_task_marker_parent', 'example_external_task_marker_child' retrieved from /home/airflow/.local/lib/python3.11/site-packages/airflow/example_dags/example_external_task_marker_dag.py
[2026-06-02T05:55:40.387+0000] {logging_mixin.py:188} INFO - [2026-06-02T05:55:40.387+0000] {dag.py:3096} INFO - Sync 2 DAGs
[2026-06-02T05:55:40.402+0000] {logging_mixin.py:188} INFO - [2026-06-02T05:55:40.401+0000] {dag.py:3954} INFO - Setting next_dagrun for example_external_task_marker_child to None, run_after=None
[2026-06-02T05:55:40.407+0000] {logging_mixin.py:188} INFO - [2026-06-02T05:55:40.406+0000] {dag.py:3954} INFO - Setting next_dagrun for example_external_task_marker_parent to None, run_after=None
[2026-06-02T05:55:40.425+0000] {processor.py:183} INFO - Processing /home/airflow/.local/lib/python3.11/site-packages/airflow/example_dags/example_external_task_marker_dag.py took 0.076 seconds
[2026-06-02T05:56:11.057+0000] {processor.py:161} INFO - Started process (PID=5025) to work on /home/airflow/.local/lib/python3.11/site-packages/airflow/example_dags/example_external_task_marker_dag.py
[2026-06-02T05:56:11.058+0000] {processor.py:830} INFO - Processing file /home/airflow/.local/lib/python3.11/site-packages/airflow/example_dags/example_external_task_marker_dag.py for tasks to queue
[2026-06-02T05:56:11.060+0000] {logging_mixin.py:188} INFO - [2026-06-02T05:56:11.059+0000] {dagbag.py:545} INFO - Filling up the DagBag from /home/airflow/.local/lib/python3.11/site-packages/airflow/example_dags/example_external_task_marker_dag.py
[2026-06-02T05:56:11.066+0000] {processor.py:840} INFO - DAG(s) 'example_external_task_marker_child', 'example_external_task_marker_parent' retrieved from /home/airflow/.local/lib/python3.11/site-packages/airflow/example_dags/example_external_task_marker_dag.py
[2026-06-02T05:56:11.090+0000] {logging_mixin.py:188} INFO - [2026-06-02T05:56:11.090+0000] {dag.py:3096} INFO - Sync 2 DAGs
[2026-06-02T05:56:11.103+0000] {logging_mixin.py:188} INFO - [2026-06-02T05:56:11.103+0000] {dag.py:3954} INFO - Setting next_dagrun for example_external_task_marker_child to None, run_after=None
[2026-06-02T05:56:11.108+0000] {logging_mixin.py:188} INFO - [2026-06-02T05:56:11.108+0000] {dag.py:3954} INFO - Setting next_dagrun for example_external_task_marker_parent to None, run_after=None
[2026-06-02T05:56:11.128+0000] {processor.py:183} INFO - Processing /home/airflow/.local/lib/python3.11/site-packages/airflow/example_dags/example_external_task_marker_dag.py took 0.077 seconds
[2026-06-02T05:56:41.637+0000] {processor.py:161} INFO - Started process (PID=5301) to work on /home/airflow/.local/lib/python3.11/site-packages/airflow/example_dags/example_external_task_marker_dag.py
[2026-06-02T05:56:41.638+0000] {processor.py:830} INFO - Processing file /home/airflow/.local/lib/python3.11/site-packages/airflow/example_dags/example_external_task_marker_dag.py for tasks to queue
[2026-06-02T05:56:41.640+0000] {logging_mixin.py:188} INFO - [2026-06-02T05:56:41.639+0000] {dagbag.py:545} INFO - Filling up the DagBag from /home/airflow/.local/lib/python3.11/site-packages/airflow/example_dags/example_external_task_marker_dag.py
[2026-06-02T05:56:41.645+0000] {processor.py:840} INFO - DAG(s) 'example_external_task_marker_child', 'example_external_task_marker_parent' retrieved from /home/airflow/.local/lib/python3.11/site-packages/airflow/example_dags/example_external_task_marker_dag.py
[2026-06-02T05:56:41.667+0000] {logging_mixin.py:188} INFO - [2026-06-02T05:56:41.667+0000] {dag.py:3096} INFO - Sync 2 DAGs
[2026-06-02T05:56:41.679+0000] {logging_mixin.py:188} INFO - [2026-06-02T05:56:41.679+0000] {dag.py:3954} INFO - Setting next_dagrun for example_external_task_marker_child to None, run_after=None
[2026-06-02T05:56:41.683+0000] {logging_mixin.py:188} INFO - [2026-06-02T05:56:41.683+0000] {dag.py:3954} INFO - Setting next_dagrun for example_external_task_marker_parent to None, run_after=None
[2026-06-02T05:56:41.715+0000] {processor.py:183} INFO - Processing /home/airflow/.local/lib/python3.11/site-packages/airflow/example_dags/example_external_task_marker_dag.py took 0.084 seconds
[2026-06-02T05:57:11.847+0000] {processor.py:161} INFO - Started process (PID=5575) to work on /home/airflow/.local/lib/python3.11/site-packages/airflow/example_dags/example_external_task_marker_dag.py
[2026-06-02T05:57:11.849+0000] {processor.py:830} INFO - Processing file /home/airflow/.local/lib/python3.11/site-packages/airflow/example_dags/example_external_task_marker_dag.py for tasks to queue
[2026-06-02T05:57:11.851+0000] {logging_mixin.py:188} INFO - [2026-06-02T05:57:11.850+0000] {dagbag.py:545} INFO - Filling up the DagBag from /home/airflow/.local/lib/python3.11/site-packages/airflow/example_dags/example_external_task_marker_dag.py
[2026-06-02T05:57:11.859+0000] {processor.py:840} INFO - DAG(s) 'example_external_task_marker_child', 'example_external_task_marker_parent' retrieved from /home/airflow/.local/lib/python3.11/site-packages/airflow/example_dags/example_external_task_marker_dag.py
[2026-06-02T05:57:11.892+0000] {logging_mixin.py:188} INFO - [2026-06-02T05:57:11.891+0000] {dag.py:3096} INFO - Sync 2 DAGs
[2026-06-02T05:57:11.905+0000] {logging_mixin.py:188} INFO - [2026-06-02T05:57:11.905+0000] {dag.py:3954} INFO - Setting next_dagrun for example_external_task_marker_child to None, run_after=None
[2026-06-02T05:57:11.910+0000] {logging_mixin.py:188} INFO - [2026-06-02T05:57:11.910+0000] {dag.py:3954} INFO - Setting next_dagrun for example_external_task_marker_parent to None, run_after=None
[2026-06-02T05:57:11.938+0000] {processor.py:183} INFO - Processing /home/airflow/.local/lib/python3.11/site-packages/airflow/example_dags/example_external_task_marker_dag.py took 0.096 seconds
[2026-06-02T05:57:43.378+0000] {processor.py:161} INFO - Started process (PID=5851) to work on /home/airflow/.local/lib/python3.11/site-packages/airflow/example_dags/example_external_task_marker_dag.py
[2026-06-02T05:57:43.379+0000] {processor.py:830} INFO - Processing file /home/airflow/.local/lib/python3.11/site-packages/airflow/example_dags/example_external_task_marker_dag.py for tasks to queue
[2026-06-02T05:57:43.381+0000] {logging_mixin.py:188} INFO - [2026-06-02T05:57:43.380+0000] {dagbag.py:545} INFO - Filling up the DagBag from /home/airflow/.local/lib/python3.11/site-packages/airflow/example_dags/example_external_task_marker_dag.py
[2026-06-02T05:57:43.387+0000] {processor.py:840} INFO - DAG(s) 'example_external_task_marker_parent', 'example_external_task_marker_child' retrieved from /home/airflow/.local/lib/python3.11/site-packages/airflow/example_dags/example_external_task_marker_dag.py
[2026-06-02T05:57:43.409+0000] {logging_mixin.py:188} INFO - [2026-06-02T05:57:43.409+0000] {dag.py:3096} INFO - Sync 2 DAGs
[2026-06-02T05:57:43.421+0000] {logging_mixin.py:188} INFO - [2026-06-02T05:57:43.421+0000] {dag.py:3954} INFO - Setting next_dagrun for example_external_task_marker_child to None, run_after=None
[2026-06-02T05:57:43.427+0000] {logging_mixin.py:188} INFO - [2026-06-02T05:57:43.426+0000] {dag.py:3954} INFO - Setting next_dagrun for example_external_task_marker_parent to None, run_after=None
[2026-06-02T05:57:43.457+0000] {processor.py:183} INFO - Processing /home/airflow/.local/lib/python3.11/site-packages/airflow/example_dags/example_external_task_marker_dag.py took 0.085 seconds
[2026-06-02T05:58:13.603+0000] {processor.py:161} INFO - Started process (PID=6127) to work on /home/airflow/.local/lib/python3.11/site-packages/airflow/example_dags/example_external_task_marker_dag.py
[2026-06-02T05:58:13.604+0000] {processor.py:830} INFO - Processing file /home/airflow/.local/lib/python3.11/site-packages/airflow/example_dags/example_external_task_marker_dag.py for tasks to queue
[2026-06-02T05:58:13.605+0000] {logging_mixin.py:188} INFO - [2026-06-02T05:58:13.605+0000] {dagbag.py:545} INFO - Filling up the DagBag from /home/airflow/.local/lib/python3.11/site-packages/airflow/example_dags/example_external_task_marker_dag.py
[2026-06-02T05:58:13.611+0000] {processor.py:840} INFO - DAG(s) 'example_external_task_marker_child', 'example_external_task_marker_parent' retrieved from /home/airflow/.local/lib/python3.11/site-packages/airflow/example_dags/example_external_task_marker_dag.py
[2026-06-02T05:58:13.640+0000] {logging_mixin.py:188} INFO - [2026-06-02T05:58:13.640+0000] {dag.py:3096} INFO - Sync 2 DAGs
[2026-06-02T05:58:13.652+0000] {logging_mixin.py:188} INFO - [2026-06-02T05:58:13.652+0000] {dag.py:3954} INFO - Setting next_dagrun for example_external_task_marker_child to None, run_after=None
[2026-06-02T05:58:13.655+0000] {logging_mixin.py:188} INFO - [2026-06-02T05:58:13.655+0000] {dag.py:3954} INFO - Setting next_dagrun for example_external_task_marker_parent to None, run_after=None
[2026-06-02T05:58:13.682+0000] {processor.py:183} INFO - Processing /home/airflow/.local/lib/python3.11/site-packages/airflow/example_dags/example_external_task_marker_dag.py took 0.085 seconds
[2026-06-02T05:59:20.462+0000] {processor.py:161} INFO - Started process (PID=300) to work on /home/airflow/.local/lib/python3.11/site-packages/airflow/example_dags/example_external_task_marker_dag.py
[2026-06-02T05:59:20.464+0000] {processor.py:830} INFO - Processing file /home/airflow/.local/lib/python3.11/site-packages/airflow/example_dags/example_external_task_marker_dag.py for tasks to queue
[2026-06-02T05:59:20.466+0000] {logging_mixin.py:188} INFO - [2026-06-02T05:59:20.466+0000] {dagbag.py:545} INFO - Filling up the DagBag from /home/airflow/.local/lib/python3.11/site-packages/airflow/example_dags/example_external_task_marker_dag.py
[2026-06-02T05:59:20.475+0000] {processor.py:840} INFO - DAG(s) 'example_external_task_marker_child', 'example_external_task_marker_parent' retrieved from /home/airflow/.local/lib/python3.11/site-packages/airflow/example_dags/example_external_task_marker_dag.py
[2026-06-02T05:59:20.493+0000] {logging_mixin.py:188} INFO - [2026-06-02T05:59:20.493+0000] {dag.py:3096} INFO - Sync 2 DAGs
[2026-06-02T05:59:20.514+0000] {logging_mixin.py:188} INFO - [2026-06-02T05:59:20.513+0000] {dag.py:3954} INFO - Setting next_dagrun for example_external_task_marker_child to None, run_after=None
[2026-06-02T05:59:20.520+0000] {logging_mixin.py:188} INFO - [2026-06-02T05:59:20.520+0000] {dag.py:3954} INFO - Setting next_dagrun for example_external_task_marker_parent to None, run_after=None
[2026-06-02T05:59:20.554+0000] {processor.py:183} INFO - Processing /home/airflow/.local/lib/python3.11/site-packages/airflow/example_dags/example_external_task_marker_dag.py took 0.099 seconds
[2026-06-02T05:59:50.748+0000] {processor.py:161} INFO - Started process (PID=567) to work on /home/airflow/.local/lib/python3.11/site-packages/airflow/example_dags/example_external_task_marker_dag.py
[2026-06-02T05:59:50.749+0000] {processor.py:830} INFO - Processing file /home/airflow/.local/lib/python3.11/site-packages/airflow/example_dags/example_external_task_marker_dag.py for tasks to queue
[2026-06-02T05:59:50.751+0000] {logging_mixin.py:188} INFO - [2026-06-02T05:59:50.751+0000] {dagbag.py:545} INFO - Filling up the DagBag from /home/airflow/.local/lib/python3.11/site-packages/airflow/example_dags/example_external_task_marker_dag.py
[2026-06-02T05:59:50.757+0000] {processor.py:840} INFO - DAG(s) 'example_external_task_marker_parent', 'example_external_task_marker_child' retrieved from /home/airflow/.local/lib/python3.11/site-packages/airflow/example_dags/example_external_task_marker_dag.py
[2026-06-02T05:59:50.848+0000] {logging_mixin.py:188} INFO - [2026-06-02T05:59:50.847+0000] {dag.py:3096} INFO - Sync 2 DAGs
[2026-06-02T05:59:50.856+0000] {logging_mixin.py:188} INFO - [2026-06-02T05:59:50.856+0000] {dag.py:3954} INFO - Setting next_dagrun for example_external_task_marker_child to None, run_after=None
[2026-06-02T05:59:50.858+0000] {logging_mixin.py:188} INFO - [2026-06-02T05:59:50.858+0000] {dag.py:3954} INFO - Setting next_dagrun for example_external_task_marker_parent to None, run_after=None
[2026-06-02T05:59:50.889+0000] {processor.py:183} INFO - Processing /home/airflow/.local/lib/python3.11/site-packages/airflow/example_dags/example_external_task_marker_dag.py took 0.146 seconds
[2026-06-02T06:00:21.173+0000] {processor.py:161} INFO - Started process (PID=838) to work on /home/airflow/.local/lib/python3.11/site-packages/airflow/example_dags/example_external_task_marker_dag.py
[2026-06-02T06:00:21.175+0000] {processor.py:830} INFO - Processing file /home/airflow/.local/lib/python3.11/site-packages/airflow/example_dags/example_external_task_marker_dag.py for tasks to queue
[2026-06-02T06:00:21.177+0000] {logging_mixin.py:188} INFO - [2026-06-02T06:00:21.176+0000] {dagbag.py:545} INFO - Filling up the DagBag from /home/airflow/.local/lib/python3.11/site-packages/airflow/example_dags/example_external_task_marker_dag.py
[2026-06-02T06:00:21.184+0000] {processor.py:840} INFO - DAG(s) 'example_external_task_marker_parent', 'example_external_task_marker_child' retrieved from /home/airflow/.local/lib/python3.11/site-packages/airflow/example_dags/example_external_task_marker_dag.py
[2026-06-02T06:00:21.208+0000] {logging_mixin.py:188} INFO - [2026-06-02T06:00:21.207+0000] {dag.py:3096} INFO - Sync 2 DAGs
[2026-06-02T06:00:21.220+0000] {logging_mixin.py:188} INFO - [2026-06-02T06:00:21.219+0000] {dag.py:3954} INFO - Setting next_dagrun for example_external_task_marker_child to None, run_after=None
[2026-06-02T06:00:21.223+0000] {logging_mixin.py:188} INFO - [2026-06-02T06:00:21.223+0000] {dag.py:3954} INFO - Setting next_dagrun for example_external_task_marker_parent to None, run_after=None
[2026-06-02T06:00:21.244+0000] {processor.py:183} INFO - Processing /home/airflow/.local/lib/python3.11/site-packages/airflow/example_dags/example_external_task_marker_dag.py took 0.077 seconds
[2026-06-02T06:01:32.312+0000] {processor.py:161} INFO - Started process (PID=300) to work on /home/airflow/.local/lib/python3.11/site-packages/airflow/example_dags/example_external_task_marker_dag.py
[2026-06-02T06:01:32.314+0000] {processor.py:830} INFO - Processing file /home/airflow/.local/lib/python3.11/site-packages/airflow/example_dags/example_external_task_marker_dag.py for tasks to queue
[2026-06-02T06:01:32.316+0000] {logging_mixin.py:188} INFO - [2026-06-02T06:01:32.316+0000] {dagbag.py:545} INFO - Filling up the DagBag from /home/airflow/.local/lib/python3.11/site-packages/airflow/example_dags/example_external_task_marker_dag.py
[2026-06-02T06:01:32.326+0000] {processor.py:840} INFO - DAG(s) 'example_external_task_marker_parent', 'example_external_task_marker_child' retrieved from /home/airflow/.local/lib/python3.11/site-packages/airflow/example_dags/example_external_task_marker_dag.py
[2026-06-02T06:01:32.343+0000] {logging_mixin.py:188} INFO - [2026-06-02T06:01:32.343+0000] {dag.py:3096} INFO - Sync 2 DAGs
[2026-06-02T06:01:32.365+0000] {logging_mixin.py:188} INFO - [2026-06-02T06:01:32.365+0000] {dag.py:3954} INFO - Setting next_dagrun for example_external_task_marker_child to None, run_after=None
[2026-06-02T06:01:32.370+0000] {logging_mixin.py:188} INFO - [2026-06-02T06:01:32.370+0000] {dag.py:3954} INFO - Setting next_dagrun for example_external_task_marker_parent to None, run_after=None
[2026-06-02T06:01:32.404+0000] {processor.py:183} INFO - Processing /home/airflow/.local/lib/python3.11/site-packages/airflow/example_dags/example_external_task_marker_dag.py took 0.102 seconds
[2026-06-02T06:02:02.579+0000] {processor.py:161} INFO - Started process (PID=567) to work on /home/airflow/.local/lib/python3.11/site-packages/airflow/example_dags/example_external_task_marker_dag.py
[2026-06-02T06:02:02.580+0000] {processor.py:830} INFO - Processing file /home/airflow/.local/lib/python3.11/site-packages/airflow/example_dags/example_external_task_marker_dag.py for tasks to queue
[2026-06-02T06:02:02.582+0000] {logging_mixin.py:188} INFO - [2026-06-02T06:02:02.582+0000] {dagbag.py:545} INFO - Filling up the DagBag from /home/airflow/.local/lib/python3.11/site-packages/airflow/example_dags/example_external_task_marker_dag.py
[2026-06-02T06:02:02.589+0000] {processor.py:840} INFO - DAG(s) 'example_external_task_marker_child', 'example_external_task_marker_parent' retrieved from /home/airflow/.local/lib/python3.11/site-packages/airflow/example_dags/example_external_task_marker_dag.py
[2026-06-02T06:02:02.691+0000] {logging_mixin.py:188} INFO - [2026-06-02T06:02:02.691+0000] {dag.py:3096} INFO - Sync 2 DAGs
[2026-06-02T06:02:02.702+0000] {logging_mixin.py:188} INFO - [2026-06-02T06:02:02.702+0000] {dag.py:3954} INFO - Setting next_dagrun for example_external_task_marker_child to None, run_after=None
[2026-06-02T06:02:02.705+0000] {logging_mixin.py:188} INFO - [2026-06-02T06:02:02.705+0000] {dag.py:3954} INFO - Setting next_dagrun for example_external_task_marker_parent to None, run_after=None
[2026-06-02T06:02:02.736+0000] {processor.py:183} INFO - Processing /home/airflow/.local/lib/python3.11/site-packages/airflow/example_dags/example_external_task_marker_dag.py took 0.163 seconds
[2026-06-02T06:02:33.000+0000] {processor.py:161} INFO - Started process (PID=840) to work on /home/airflow/.local/lib/python3.11/site-packages/airflow/example_dags/example_external_task_marker_dag.py
[2026-06-02T06:02:33.002+0000] {processor.py:830} INFO - Processing file /home/airflow/.local/lib/python3.11/site-packages/airflow/example_dags/example_external_task_marker_dag.py for tasks to queue
[2026-06-02T06:02:33.004+0000] {logging_mixin.py:188} INFO - [2026-06-02T06:02:33.003+0000] {dagbag.py:545} INFO - Filling up the DagBag from /home/airflow/.local/lib/python3.11/site-packages/airflow/example_dags/example_external_task_marker_dag.py
[2026-06-02T06:02:33.011+0000] {processor.py:840} INFO - DAG(s) 'example_external_task_marker_child', 'example_external_task_marker_parent' retrieved from /home/airflow/.local/lib/python3.11/site-packages/airflow/example_dags/example_external_task_marker_dag.py
[2026-06-02T06:02:33.034+0000] {logging_mixin.py:188} INFO - [2026-06-02T06:02:33.034+0000] {dag.py:3096} INFO - Sync 2 DAGs
[2026-06-02T06:02:33.047+0000] {logging_mixin.py:188} INFO - [2026-06-02T06:02:33.047+0000] {dag.py:3954} INFO - Setting next_dagrun for example_external_task_marker_child to None, run_after=None
[2026-06-02T06:02:33.050+0000] {logging_mixin.py:188} INFO - [2026-06-02T06:02:33.050+0000] {dag.py:3954} INFO - Setting next_dagrun for example_external_task_marker_parent to None, run_after=None
[2026-06-02T06:02:33.076+0000] {processor.py:183} INFO - Processing /home/airflow/.local/lib/python3.11/site-packages/airflow/example_dags/example_external_task_marker_dag.py took 0.083 seconds
[2026-06-02T06:03:03.622+0000] {processor.py:161} INFO - Started process (PID=1136) to work on /home/airflow/.local/lib/python3.11/site-packages/airflow/example_dags/example_external_task_marker_dag.py
[2026-06-02T06:03:03.623+0000] {processor.py:830} INFO - Processing file /home/airflow/.local/lib/python3.11/site-packages/airflow/example_dags/example_external_task_marker_dag.py for tasks to queue
[2026-06-02T06:03:03.625+0000] {logging_mixin.py:188} INFO - [2026-06-02T06:03:03.624+0000] {dagbag.py:545} INFO - Filling up the DagBag from /home/airflow/.local/lib/python3.11/site-packages/airflow/example_dags/example_external_task_marker_dag.py
[2026-06-02T06:03:03.634+0000] {processor.py:840} INFO - DAG(s) 'example_external_task_marker_parent', 'example_external_task_marker_child' retrieved from /home/airflow/.local/lib/python3.11/site-packages/airflow/example_dags/example_external_task_marker_dag.py
[2026-06-02T06:03:03.658+0000] {logging_mixin.py:188} INFO - [2026-06-02T06:03:03.658+0000] {dag.py:3096} INFO - Sync 2 DAGs
[2026-06-02T06:03:03.669+0000] {logging_mixin.py:188} INFO - [2026-06-02T06:03:03.668+0000] {dag.py:3954} INFO - Setting next_dagrun for example_external_task_marker_child to None, run_after=None
[2026-06-02T06:03:03.672+0000] {logging_mixin.py:188} INFO - [2026-06-02T06:03:03.672+0000] {dag.py:3954} INFO - Setting next_dagrun for example_external_task_marker_parent to None, run_after=None
[2026-06-02T06:03:03.700+0000] {processor.py:183} INFO - Processing /home/airflow/.local/lib/python3.11/site-packages/airflow/example_dags/example_external_task_marker_dag.py took 0.085 seconds
[2026-06-02T06:03:33.842+0000] {processor.py:161} INFO - Started process (PID=1435) to work on /home/airflow/.local/lib/python3.11/site-packages/airflow/example_dags/example_external_task_marker_dag.py
[2026-06-02T06:03:33.843+0000] {processor.py:830} INFO - Processing file /home/airflow/.local/lib/python3.11/site-packages/airflow/example_dags/example_external_task_marker_dag.py for tasks to queue
[2026-06-02T06:03:33.844+0000] {logging_mixin.py:188} INFO - [2026-06-02T06:03:33.844+0000] {dagbag.py:545} INFO - Filling up the DagBag from /home/airflow/.local/lib/python3.11/site-packages/airflow/example_dags/example_external_task_marker_dag.py
[2026-06-02T06:03:33.850+0000] {processor.py:840} INFO - DAG(s) 'example_external_task_marker_parent', 'example_external_task_marker_child' retrieved from /home/airflow/.local/lib/python3.11/site-packages/airflow/example_dags/example_external_task_marker_dag.py
[2026-06-02T06:03:33.872+0000] {logging_mixin.py:188} INFO - [2026-06-02T06:03:33.872+0000] {dag.py:3096} INFO - Sync 2 DAGs
[2026-06-02T06:03:33.884+0000] {logging_mixin.py:188} INFO - [2026-06-02T06:03:33.884+0000] {dag.py:3954} INFO - Setting next_dagrun for example_external_task_marker_child to None, run_after=None
[2026-06-02T06:03:33.887+0000] {logging_mixin.py:188} INFO - [2026-06-02T06:03:33.887+0000] {dag.py:3954} INFO - Setting next_dagrun for example_external_task_marker_parent to None, run_after=None
[2026-06-02T06:03:33.915+0000] {processor.py:183} INFO - Processing /home/airflow/.local/lib/python3.11/site-packages/airflow/example_dags/example_external_task_marker_dag.py took 0.079 seconds
[2026-06-02T06:04:04.367+0000] {processor.py:161} INFO - Started process (PID=1713) to work on /home/airflow/.local/lib/python3.11/site-packages/airflow/example_dags/example_external_task_marker_dag.py
[2026-06-02T06:04:04.368+0000] {processor.py:830} INFO - Processing file /home/airflow/.local/lib/python3.11/site-packages/airflow/example_dags/example_external_task_marker_dag.py for tasks to queue
[2026-06-02T06:04:04.371+0000] {logging_mixin.py:188} INFO - [2026-06-02T06:04:04.370+0000] {dagbag.py:545} INFO - Filling up the DagBag from /home/airflow/.local/lib/python3.11/site-packages/airflow/example_dags/example_external_task_marker_dag.py
[2026-06-02T06:04:04.381+0000] {processor.py:840} INFO - DAG(s) 'example_external_task_marker_parent', 'example_external_task_marker_child' retrieved from /home/airflow/.local/lib/python3.11/site-packages/airflow/example_dags/example_external_task_marker_dag.py
[2026-06-02T06:04:04.412+0000] {logging_mixin.py:188} INFO - [2026-06-02T06:04:04.412+0000] {dag.py:3096} INFO - Sync 2 DAGs
[2026-06-02T06:04:04.426+0000] {logging_mixin.py:188} INFO - [2026-06-02T06:04:04.426+0000] {dag.py:3954} INFO - Setting next_dagrun for example_external_task_marker_child to None, run_after=None
[2026-06-02T06:04:04.430+0000] {logging_mixin.py:188} INFO - [2026-06-02T06:04:04.430+0000] {dag.py:3954} INFO - Setting next_dagrun for example_external_task_marker_parent to None, run_after=None
[2026-06-02T06:04:04.450+0000] {processor.py:183} INFO - Processing /home/airflow/.local/lib/python3.11/site-packages/airflow/example_dags/example_external_task_marker_dag.py took 0.092 seconds
[2026-06-02T06:04:35.391+0000] {processor.py:161} INFO - Started process (PID=2009) to work on /home/airflow/.local/lib/python3.11/site-packages/airflow/example_dags/example_external_task_marker_dag.py
[2026-06-02T06:04:35.392+0000] {processor.py:830} INFO - Processing file /home/airflow/.local/lib/python3.11/site-packages/airflow/example_dags/example_external_task_marker_dag.py for tasks to queue
[2026-06-02T06:04:35.395+0000] {logging_mixin.py:188} INFO - [2026-06-02T06:04:35.395+0000] {dagbag.py:545} INFO - Filling up the DagBag from /home/airflow/.local/lib/python3.11/site-packages/airflow/example_dags/example_external_task_marker_dag.py
[2026-06-02T06:04:35.404+0000] {processor.py:840} INFO - DAG(s) 'example_external_task_marker_child', 'example_external_task_marker_parent' retrieved from /home/airflow/.local/lib/python3.11/site-packages/airflow/example_dags/example_external_task_marker_dag.py
[2026-06-02T06:04:35.439+0000] {logging_mixin.py:188} INFO - [2026-06-02T06:04:35.439+0000] {dag.py:3096} INFO - Sync 2 DAGs
[2026-06-02T06:04:35.460+0000] {logging_mixin.py:188} INFO - [2026-06-02T06:04:35.459+0000] {dag.py:3954} INFO - Setting next_dagrun for example_external_task_marker_child to None, run_after=None
[2026-06-02T06:04:35.465+0000] {logging_mixin.py:188} INFO - [2026-06-02T06:04:35.464+0000] {dag.py:3954} INFO - Setting next_dagrun for example_external_task_marker_parent to None, run_after=None
[2026-06-02T06:04:35.490+0000] {processor.py:183} INFO - Processing /home/airflow/.local/lib/python3.11/site-packages/airflow/example_dags/example_external_task_marker_dag.py took 0.110 seconds
[2026-06-02T06:05:05.975+0000] {processor.py:161} INFO - Started process (PID=2286) to work on /home/airflow/.local/lib/python3.11/site-packages/airflow/example_dags/example_external_task_marker_dag.py
[2026-06-02T06:05:05.977+0000] {processor.py:830} INFO - Processing file /home/airflow/.local/lib/python3.11/site-packages/airflow/example_dags/example_external_task_marker_dag.py for tasks to queue
[2026-06-02T06:05:05.979+0000] {logging_mixin.py:188} INFO - [2026-06-02T06:05:05.979+0000] {dagbag.py:545} INFO - Filling up the DagBag from /home/airflow/.local/lib/python3.11/site-packages/airflow/example_dags/example_external_task_marker_dag.py
[2026-06-02T06:05:05.986+0000] {processor.py:840} INFO - DAG(s) 'example_external_task_marker_child', 'example_external_task_marker_parent' retrieved from /home/airflow/.local/lib/python3.11/site-packages/airflow/example_dags/example_external_task_marker_dag.py
[2026-06-02T06:05:06.016+0000] {logging_mixin.py:188} INFO - [2026-06-02T06:05:06.016+0000] {dag.py:3096} INFO - Sync 2 DAGs
[2026-06-02T06:05:06.030+0000] {logging_mixin.py:188} INFO - [2026-06-02T06:05:06.030+0000] {dag.py:3954} INFO - Setting next_dagrun for example_external_task_marker_child to None, run_after=None
[2026-06-02T06:05:06.034+0000] {logging_mixin.py:188} INFO - [2026-06-02T06:05:06.034+0000] {dag.py:3954} INFO - Setting next_dagrun for example_external_task_marker_parent to None, run_after=None
[2026-06-02T06:05:06.067+0000] {processor.py:183} INFO - Processing /home/airflow/.local/lib/python3.11/site-packages/airflow/example_dags/example_external_task_marker_dag.py took 0.100 seconds
[2026-06-02T06:05:36.199+0000] {processor.py:161} INFO - Started process (PID=2569) to work on /home/airflow/.local/lib/python3.11/site-packages/airflow/example_dags/example_external_task_marker_dag.py
[2026-06-02T06:05:36.200+0000] {processor.py:830} INFO - Processing file /home/airflow/.local/lib/python3.11/site-packages/airflow/example_dags/example_external_task_marker_dag.py for tasks to queue
[2026-06-02T06:05:36.205+0000] {logging_mixin.py:188} INFO - [2026-06-02T06:05:36.204+0000] {dagbag.py:545} INFO - Filling up the DagBag from /home/airflow/.local/lib/python3.11/site-packages/airflow/example_dags/example_external_task_marker_dag.py
[2026-06-02T06:05:36.212+0000] {processor.py:840} INFO - DAG(s) 'example_external_task_marker_child', 'example_external_task_marker_parent' retrieved from /home/airflow/.local/lib/python3.11/site-packages/airflow/example_dags/example_external_task_marker_dag.py
[2026-06-02T06:05:36.242+0000] {logging_mixin.py:188} INFO - [2026-06-02T06:05:36.242+0000] {dag.py:3096} INFO - Sync 2 DAGs
[2026-06-02T06:05:36.256+0000] {logging_mixin.py:188} INFO - [2026-06-02T06:05:36.256+0000] {dag.py:3954} INFO - Setting next_dagrun for example_external_task_marker_child to None, run_after=None
[2026-06-02T06:05:36.260+0000] {logging_mixin.py:188} INFO - [2026-06-02T06:05:36.260+0000] {dag.py:3954} INFO - Setting next_dagrun for example_external_task_marker_parent to None, run_after=None
[2026-06-02T06:05:36.280+0000] {processor.py:183} INFO - Processing /home/airflow/.local/lib/python3.11/site-packages/airflow/example_dags/example_external_task_marker_dag.py took 0.088 seconds
[2026-06-02T06:06:06.603+0000] {processor.py:161} INFO - Started process (PID=2845) to work on /home/airflow/.local/lib/python3.11/site-packages/airflow/example_dags/example_external_task_marker_dag.py
[2026-06-02T06:06:06.605+0000] {processor.py:830} INFO - Processing file /home/airflow/.local/lib/python3.11/site-packages/airflow/example_dags/example_external_task_marker_dag.py for tasks to queue
[2026-06-02T06:06:06.608+0000] {logging_mixin.py:188} INFO - [2026-06-02T06:06:06.607+0000] {dagbag.py:545} INFO - Filling up the DagBag from /home/airflow/.local/lib/python3.11/site-packages/airflow/example_dags/example_external_task_marker_dag.py
[2026-06-02T06:06:06.616+0000] {processor.py:840} INFO - DAG(s) 'example_external_task_marker_child', 'example_external_task_marker_parent' retrieved from /home/airflow/.local/lib/python3.11/site-packages/airflow/example_dags/example_external_task_marker_dag.py
[2026-06-02T06:06:06.644+0000] {logging_mixin.py:188} INFO - [2026-06-02T06:06:06.644+0000] {dag.py:3096} INFO - Sync 2 DAGs
[2026-06-02T06:06:06.661+0000] {logging_mixin.py:188} INFO - [2026-06-02T06:06:06.660+0000] {dag.py:3954} INFO - Setting next_dagrun for example_external_task_marker_child to None, run_after=None
[2026-06-02T06:06:06.665+0000] {logging_mixin.py:188} INFO - [2026-06-02T06:06:06.665+0000] {dag.py:3954} INFO - Setting next_dagrun for example_external_task_marker_parent to None, run_after=None
[2026-06-02T06:06:06.696+0000] {processor.py:183} INFO - Processing /home/airflow/.local/lib/python3.11/site-packages/airflow/example_dags/example_external_task_marker_dag.py took 0.101 seconds
[2026-06-02T06:06:36.890+0000] {processor.py:161} INFO - Started process (PID=3121) to work on /home/airflow/.local/lib/python3.11/site-packages/airflow/example_dags/example_external_task_marker_dag.py
[2026-06-02T06:06:36.892+0000] {processor.py:830} INFO - Processing file /home/airflow/.local/lib/python3.11/site-packages/airflow/example_dags/example_external_task_marker_dag.py for tasks to queue
[2026-06-02T06:06:36.895+0000] {logging_mixin.py:188} INFO - [2026-06-02T06:06:36.895+0000] {dagbag.py:545} INFO - Filling up the DagBag from /home/airflow/.local/lib/python3.11/site-packages/airflow/example_dags/example_external_task_marker_dag.py
[2026-06-02T06:06:36.906+0000] {processor.py:840} INFO - DAG(s) 'example_external_task_marker_child', 'example_external_task_marker_parent' retrieved from /home/airflow/.local/lib/python3.11/site-packages/airflow/example_dags/example_external_task_marker_dag.py
[2026-06-02T06:06:36.940+0000] {logging_mixin.py:188} INFO - [2026-06-02T06:06:36.939+0000] {dag.py:3096} INFO - Sync 2 DAGs
[2026-06-02T06:06:36.955+0000] {logging_mixin.py:188} INFO - [2026-06-02T06:06:36.954+0000] {dag.py:3954} INFO - Setting next_dagrun for example_external_task_marker_child to None, run_after=None
[2026-06-02T06:06:36.963+0000] {logging_mixin.py:188} INFO - [2026-06-02T06:06:36.963+0000] {dag.py:3954} INFO - Setting next_dagrun for example_external_task_marker_parent to None, run_after=None
[2026-06-02T06:06:36.989+0000] {processor.py:183} INFO - Processing /home/airflow/.local/lib/python3.11/site-packages/airflow/example_dags/example_external_task_marker_dag.py took 0.107 seconds
[2026-06-02T06:07:07.665+0000] {processor.py:161} INFO - Started process (PID=3411) to work on /home/airflow/.local/lib/python3.11/site-packages/airflow/example_dags/example_external_task_marker_dag.py
[2026-06-02T06:07:07.666+0000] {processor.py:830} INFO - Processing file /home/airflow/.local/lib/python3.11/site-packages/airflow/example_dags/example_external_task_marker_dag.py for tasks to queue
[2026-06-02T06:07:07.667+0000] {logging_mixin.py:188} INFO - [2026-06-02T06:07:07.667+0000] {dagbag.py:545} INFO - Filling up the DagBag from /home/airflow/.local/lib/python3.11/site-packages/airflow/example_dags/example_external_task_marker_dag.py
[2026-06-02T06:07:07.673+0000] {processor.py:840} INFO - DAG(s) 'example_external_task_marker_child', 'example_external_task_marker_parent' retrieved from /home/airflow/.local/lib/python3.11/site-packages/airflow/example_dags/example_external_task_marker_dag.py
[2026-06-02T06:07:07.697+0000] {logging_mixin.py:188} INFO - [2026-06-02T06:07:07.697+0000] {dag.py:3096} INFO - Sync 2 DAGs
[2026-06-02T06:07:07.709+0000] {logging_mixin.py:188} INFO - [2026-06-02T06:07:07.709+0000] {dag.py:3954} INFO - Setting next_dagrun for example_external_task_marker_child to None, run_after=None
[2026-06-02T06:07:07.713+0000] {logging_mixin.py:188} INFO - [2026-06-02T06:07:07.712+0000] {dag.py:3954} INFO - Setting next_dagrun for example_external_task_marker_parent to None, run_after=None
[2026-06-02T06:07:07.729+0000] {processor.py:183} INFO - Processing /home/airflow/.local/lib/python3.11/site-packages/airflow/example_dags/example_external_task_marker_dag.py took 0.070 seconds
[2026-06-02T06:07:38.033+0000] {processor.py:161} INFO - Started process (PID=3689) to work on /home/airflow/.local/lib/python3.11/site-packages/airflow/example_dags/example_external_task_marker_dag.py
[2026-06-02T06:07:38.034+0000] {processor.py:830} INFO - Processing file /home/airflow/.local/lib/python3.11/site-packages/airflow/example_dags/example_external_task_marker_dag.py for tasks to queue
[2026-06-02T06:07:38.035+0000] {logging_mixin.py:188} INFO - [2026-06-02T06:07:38.035+0000] {dagbag.py:545} INFO - Filling up the DagBag from /home/airflow/.local/lib/python3.11/site-packages/airflow/example_dags/example_external_task_marker_dag.py
[2026-06-02T06:07:38.041+0000] {processor.py:840} INFO - DAG(s) 'example_external_task_marker_parent', 'example_external_task_marker_child' retrieved from /home/airflow/.local/lib/python3.11/site-packages/airflow/example_dags/example_external_task_marker_dag.py
[2026-06-02T06:07:38.062+0000] {logging_mixin.py:188} INFO - [2026-06-02T06:07:38.062+0000] {dag.py:3096} INFO - Sync 2 DAGs
[2026-06-02T06:07:38.073+0000] {logging_mixin.py:188} INFO - [2026-06-02T06:07:38.073+0000] {dag.py:3954} INFO - Setting next_dagrun for example_external_task_marker_child to None, run_after=None
[2026-06-02T06:07:38.076+0000] {logging_mixin.py:188} INFO - [2026-06-02T06:07:38.076+0000] {dag.py:3954} INFO - Setting next_dagrun for example_external_task_marker_parent to None, run_after=None
[2026-06-02T06:07:38.101+0000] {processor.py:183} INFO - Processing /home/airflow/.local/lib/python3.11/site-packages/airflow/example_dags/example_external_task_marker_dag.py took 0.075 seconds
[2026-06-02T06:08:08.451+0000] {processor.py:161} INFO - Started process (PID=3963) to work on /home/airflow/.local/lib/python3.11/site-packages/airflow/example_dags/example_external_task_marker_dag.py
[2026-06-02T06:08:08.452+0000] {processor.py:830} INFO - Processing file /home/airflow/.local/lib/python3.11/site-packages/airflow/example_dags/example_external_task_marker_dag.py for tasks to queue
[2026-06-02T06:08:08.454+0000] {logging_mixin.py:188} INFO - [2026-06-02T06:08:08.454+0000] {dagbag.py:545} INFO - Filling up the DagBag from /home/airflow/.local/lib/python3.11/site-packages/airflow/example_dags/example_external_task_marker_dag.py
[2026-06-02T06:08:08.460+0000] {processor.py:840} INFO - DAG(s) 'example_external_task_marker_parent', 'example_external_task_marker_child' retrieved from /home/airflow/.local/lib/python3.11/site-packages/airflow/example_dags/example_external_task_marker_dag.py
[2026-06-02T06:08:08.481+0000] {logging_mixin.py:188} INFO - [2026-06-02T06:08:08.481+0000] {dag.py:3096} INFO - Sync 2 DAGs
[2026-06-02T06:08:08.492+0000] {logging_mixin.py:188} INFO - [2026-06-02T06:08:08.492+0000] {dag.py:3954} INFO - Setting next_dagrun for example_external_task_marker_child to None, run_after=None
[2026-06-02T06:08:08.495+0000] {logging_mixin.py:188} INFO - [2026-06-02T06:08:08.495+0000] {dag.py:3954} INFO - Setting next_dagrun for example_external_task_marker_parent to None, run_after=None
[2026-06-02T06:08:08.512+0000] {processor.py:183} INFO - Processing /home/airflow/.local/lib/python3.11/site-packages/airflow/example_dags/example_external_task_marker_dag.py took 0.066 seconds
[2026-06-02T06:08:38.909+0000] {processor.py:161} INFO - Started process (PID=4239) to work on /home/airflow/.local/lib/python3.11/site-packages/airflow/example_dags/example_external_task_marker_dag.py
[2026-06-02T06:08:38.915+0000] {processor.py:830} INFO - Processing file /home/airflow/.local/lib/python3.11/site-packages/airflow/example_dags/example_external_task_marker_dag.py for tasks to queue
[2026-06-02T06:08:38.917+0000] {logging_mixin.py:188} INFO - [2026-06-02T06:08:38.916+0000] {dagbag.py:545} INFO - Filling up the DagBag from /home/airflow/.local/lib/python3.11/site-packages/airflow/example_dags/example_external_task_marker_dag.py
[2026-06-02T06:08:38.924+0000] {processor.py:840} INFO - DAG(s) 'example_external_task_marker_parent', 'example_external_task_marker_child' retrieved from /home/airflow/.local/lib/python3.11/site-packages/airflow/example_dags/example_external_task_marker_dag.py
[2026-06-02T06:08:38.949+0000] {logging_mixin.py:188} INFO - [2026-06-02T06:08:38.948+0000] {dag.py:3096} INFO - Sync 2 DAGs
[2026-06-02T06:08:38.961+0000] {logging_mixin.py:188} INFO - [2026-06-02T06:08:38.960+0000] {dag.py:3954} INFO - Setting next_dagrun for example_external_task_marker_child to None, run_after=None
[2026-06-02T06:08:38.964+0000] {logging_mixin.py:188} INFO - [2026-06-02T06:08:38.964+0000] {dag.py:3954} INFO - Setting next_dagrun for example_external_task_marker_parent to None, run_after=None
[2026-06-02T06:08:38.985+0000] {processor.py:183} INFO - Processing /home/airflow/.local/lib/python3.11/site-packages/airflow/example_dags/example_external_task_marker_dag.py took 0.081 seconds
[2026-06-02T06:09:09.320+0000] {processor.py:161} INFO - Started process (PID=4515) to work on /home/airflow/.local/lib/python3.11/site-packages/airflow/example_dags/example_external_task_marker_dag.py
[2026-06-02T06:09:09.321+0000] {processor.py:830} INFO - Processing file /home/airflow/.local/lib/python3.11/site-packages/airflow/example_dags/example_external_task_marker_dag.py for tasks to queue
[2026-06-02T06:09:09.323+0000] {logging_mixin.py:188} INFO - [2026-06-02T06:09:09.322+0000] {dagbag.py:545} INFO - Filling up the DagBag from /home/airflow/.local/lib/python3.11/site-packages/airflow/example_dags/example_external_task_marker_dag.py
[2026-06-02T06:09:09.328+0000] {processor.py:840} INFO - DAG(s) 'example_external_task_marker_child', 'example_external_task_marker_parent' retrieved from /home/airflow/.local/lib/python3.11/site-packages/airflow/example_dags/example_external_task_marker_dag.py
[2026-06-02T06:09:09.360+0000] {logging_mixin.py:188} INFO - [2026-06-02T06:09:09.360+0000] {dag.py:3096} INFO - Sync 2 DAGs
[2026-06-02T06:09:09.378+0000] {logging_mixin.py:188} INFO - [2026-06-02T06:09:09.378+0000] {dag.py:3954} INFO - Setting next_dagrun for example_external_task_marker_child to None, run_after=None
[2026-06-02T06:09:09.382+0000] {logging_mixin.py:188} INFO - [2026-06-02T06:09:09.382+0000] {dag.py:3954} INFO - Setting next_dagrun for example_external_task_marker_parent to None, run_after=None
[2026-06-02T06:09:09.410+0000] {processor.py:183} INFO - Processing /home/airflow/.local/lib/python3.11/site-packages/airflow/example_dags/example_external_task_marker_dag.py took 0.095 seconds
[2026-06-02T06:09:40.072+0000] {processor.py:161} INFO - Started process (PID=4791) to work on /home/airflow/.local/lib/python3.11/site-packages/airflow/example_dags/example_external_task_marker_dag.py
[2026-06-02T06:09:40.073+0000] {processor.py:830} INFO - Processing file /home/airflow/.local/lib/python3.11/site-packages/airflow/example_dags/example_external_task_marker_dag.py for tasks to queue
[2026-06-02T06:09:40.074+0000] {logging_mixin.py:188} INFO - [2026-06-02T06:09:40.074+0000] {dagbag.py:545} INFO - Filling up the DagBag from /home/airflow/.local/lib/python3.11/site-packages/airflow/example_dags/example_external_task_marker_dag.py
[2026-06-02T06:09:40.081+0000] {processor.py:840} INFO - DAG(s) 'example_external_task_marker_parent', 'example_external_task_marker_child' retrieved from /home/airflow/.local/lib/python3.11/site-packages/airflow/example_dags/example_external_task_marker_dag.py
[2026-06-02T06:09:40.105+0000] {logging_mixin.py:188} INFO - [2026-06-02T06:09:40.105+0000] {dag.py:3096} INFO - Sync 2 DAGs
[2026-06-02T06:09:40.116+0000] {logging_mixin.py:188} INFO - [2026-06-02T06:09:40.116+0000] {dag.py:3954} INFO - Setting next_dagrun for example_external_task_marker_child to None, run_after=None
[2026-06-02T06:09:40.121+0000] {logging_mixin.py:188} INFO - [2026-06-02T06:09:40.120+0000] {dag.py:3954} INFO - Setting next_dagrun for example_external_task_marker_parent to None, run_after=None
[2026-06-02T06:09:40.143+0000] {processor.py:183} INFO - Processing /home/airflow/.local/lib/python3.11/site-packages/airflow/example_dags/example_external_task_marker_dag.py took 0.081 seconds
[2026-06-02T06:10:10.456+0000] {processor.py:161} INFO - Started process (PID=5067) to work on /home/airflow/.local/lib/python3.11/site-packages/airflow/example_dags/example_external_task_marker_dag.py
[2026-06-02T06:10:10.457+0000] {processor.py:830} INFO - Processing file /home/airflow/.local/lib/python3.11/site-packages/airflow/example_dags/example_external_task_marker_dag.py for tasks to queue
[2026-06-02T06:10:10.459+0000] {logging_mixin.py:188} INFO - [2026-06-02T06:10:10.459+0000] {dagbag.py:545} INFO - Filling up the DagBag from /home/airflow/.local/lib/python3.11/site-packages/airflow/example_dags/example_external_task_marker_dag.py
[2026-06-02T06:10:10.465+0000] {processor.py:840} INFO - DAG(s) 'example_external_task_marker_parent', 'example_external_task_marker_child' retrieved from /home/airflow/.local/lib/python3.11/site-packages/airflow/example_dags/example_external_task_marker_dag.py
[2026-06-02T06:10:10.488+0000] {logging_mixin.py:188} INFO - [2026-06-02T06:10:10.487+0000] {dag.py:3096} INFO - Sync 2 DAGs
[2026-06-02T06:10:10.498+0000] {logging_mixin.py:188} INFO - [2026-06-02T06:10:10.498+0000] {dag.py:3954} INFO - Setting next_dagrun for example_external_task_marker_child to None, run_after=None
[2026-06-02T06:10:10.503+0000] {logging_mixin.py:188} INFO - [2026-06-02T06:10:10.503+0000] {dag.py:3954} INFO - Setting next_dagrun for example_external_task_marker_parent to None, run_after=None
[2026-06-02T06:10:10.529+0000] {processor.py:183} INFO - Processing /home/airflow/.local/lib/python3.11/site-packages/airflow/example_dags/example_external_task_marker_dag.py took 0.078 seconds
[2026-06-02T06:10:40.798+0000] {processor.py:161} INFO - Started process (PID=5343) to work on /home/airflow/.local/lib/python3.11/site-packages/airflow/example_dags/example_external_task_marker_dag.py
[2026-06-02T06:10:40.799+0000] {processor.py:830} INFO - Processing file /home/airflow/.local/lib/python3.11/site-packages/airflow/example_dags/example_external_task_marker_dag.py for tasks to queue
[2026-06-02T06:10:40.801+0000] {logging_mixin.py:188} INFO - [2026-06-02T06:10:40.800+0000] {dagbag.py:545} INFO - Filling up the DagBag from /home/airflow/.local/lib/python3.11/site-packages/airflow/example_dags/example_external_task_marker_dag.py
[2026-06-02T06:10:40.807+0000] {processor.py:840} INFO - DAG(s) 'example_external_task_marker_parent', 'example_external_task_marker_child' retrieved from /home/airflow/.local/lib/python3.11/site-packages/airflow/example_dags/example_external_task_marker_dag.py
[2026-06-02T06:10:40.828+0000] {logging_mixin.py:188} INFO - [2026-06-02T06:10:40.828+0000] {dag.py:3096} INFO - Sync 2 DAGs
[2026-06-02T06:10:40.839+0000] {logging_mixin.py:188} INFO - [2026-06-02T06:10:40.838+0000] {dag.py:3954} INFO - Setting next_dagrun for example_external_task_marker_child to None, run_after=None
[2026-06-02T06:10:40.842+0000] {logging_mixin.py:188} INFO - [2026-06-02T06:10:40.842+0000] {dag.py:3954} INFO - Setting next_dagrun for example_external_task_marker_parent to None, run_after=None
[2026-06-02T06:10:40.864+0000] {processor.py:183} INFO - Processing /home/airflow/.local/lib/python3.11/site-packages/airflow/example_dags/example_external_task_marker_dag.py took 0.072 seconds
[2026-06-02T06:11:11.220+0000] {processor.py:161} INFO - Started process (PID=5619) to work on /home/airflow/.local/lib/python3.11/site-packages/airflow/example_dags/example_external_task_marker_dag.py
[2026-06-02T06:11:11.221+0000] {processor.py:830} INFO - Processing file /home/airflow/.local/lib/python3.11/site-packages/airflow/example_dags/example_external_task_marker_dag.py for tasks to queue
[2026-06-02T06:11:11.223+0000] {logging_mixin.py:188} INFO - [2026-06-02T06:11:11.223+0000] {dagbag.py:545} INFO - Filling up the DagBag from /home/airflow/.local/lib/python3.11/site-packages/airflow/example_dags/example_external_task_marker_dag.py
[2026-06-02T06:11:11.228+0000] {processor.py:840} INFO - DAG(s) 'example_external_task_marker_parent', 'example_external_task_marker_child' retrieved from /home/airflow/.local/lib/python3.11/site-packages/airflow/example_dags/example_external_task_marker_dag.py
[2026-06-02T06:11:11.251+0000] {logging_mixin.py:188} INFO - [2026-06-02T06:11:11.250+0000] {dag.py:3096} INFO - Sync 2 DAGs
[2026-06-02T06:11:11.261+0000] {logging_mixin.py:188} INFO - [2026-06-02T06:11:11.261+0000] {dag.py:3954} INFO - Setting next_dagrun for example_external_task_marker_child to None, run_after=None
[2026-06-02T06:11:11.264+0000] {logging_mixin.py:188} INFO - [2026-06-02T06:11:11.264+0000] {dag.py:3954} INFO - Setting next_dagrun for example_external_task_marker_parent to None, run_after=None
[2026-06-02T06:11:11.291+0000] {processor.py:183} INFO - Processing /home/airflow/.local/lib/python3.11/site-packages/airflow/example_dags/example_external_task_marker_dag.py took 0.075 seconds
[2026-06-02T06:11:41.641+0000] {processor.py:161} INFO - Started process (PID=5895) to work on /home/airflow/.local/lib/python3.11/site-packages/airflow/example_dags/example_external_task_marker_dag.py
[2026-06-02T06:11:41.642+0000] {processor.py:830} INFO - Processing file /home/airflow/.local/lib/python3.11/site-packages/airflow/example_dags/example_external_task_marker_dag.py for tasks to queue
[2026-06-02T06:11:41.643+0000] {logging_mixin.py:188} INFO - [2026-06-02T06:11:41.643+0000] {dagbag.py:545} INFO - Filling up the DagBag from /home/airflow/.local/lib/python3.11/site-packages/airflow/example_dags/example_external_task_marker_dag.py
[2026-06-02T06:11:41.653+0000] {processor.py:840} INFO - DAG(s) 'example_external_task_marker_parent', 'example_external_task_marker_child' retrieved from /home/airflow/.local/lib/python3.11/site-packages/airflow/example_dags/example_external_task_marker_dag.py
[2026-06-02T06:11:41.683+0000] {logging_mixin.py:188} INFO - [2026-06-02T06:11:41.683+0000] {dag.py:3096} INFO - Sync 2 DAGs
[2026-06-02T06:11:41.699+0000] {logging_mixin.py:188} INFO - [2026-06-02T06:11:41.698+0000] {dag.py:3954} INFO - Setting next_dagrun for example_external_task_marker_child to None, run_after=None
[2026-06-02T06:11:41.705+0000] {logging_mixin.py:188} INFO - [2026-06-02T06:11:41.705+0000] {dag.py:3954} INFO - Setting next_dagrun for example_external_task_marker_parent to None, run_after=None
[2026-06-02T06:11:41.730+0000] {processor.py:183} INFO - Processing /home/airflow/.local/lib/python3.11/site-packages/airflow/example_dags/example_external_task_marker_dag.py took 0.095 seconds
[2026-06-02T06:12:11.890+0000] {processor.py:161} INFO - Started process (PID=6171) to work on /home/airflow/.local/lib/python3.11/site-packages/airflow/example_dags/example_external_task_marker_dag.py
[2026-06-02T06:12:11.891+0000] {processor.py:830} INFO - Processing file /home/airflow/.local/lib/python3.11/site-packages/airflow/example_dags/example_external_task_marker_dag.py for tasks to queue
[2026-06-02T06:12:11.892+0000] {logging_mixin.py:188} INFO - [2026-06-02T06:12:11.892+0000] {dagbag.py:545} INFO - Filling up the DagBag from /home/airflow/.local/lib/python3.11/site-packages/airflow/example_dags/example_external_task_marker_dag.py
[2026-06-02T06:12:11.900+0000] {processor.py:840} INFO - DAG(s) 'example_external_task_marker_child', 'example_external_task_marker_parent' retrieved from /home/airflow/.local/lib/python3.11/site-packages/airflow/example_dags/example_external_task_marker_dag.py
[2026-06-02T06:12:11.929+0000] {logging_mixin.py:188} INFO - [2026-06-02T06:12:11.928+0000] {dag.py:3096} INFO - Sync 2 DAGs
[2026-06-02T06:12:11.941+0000] {logging_mixin.py:188} INFO - [2026-06-02T06:12:11.941+0000] {dag.py:3954} INFO - Setting next_dagrun for example_external_task_marker_child to None, run_after=None
[2026-06-02T06:12:11.946+0000] {logging_mixin.py:188} INFO - [2026-06-02T06:12:11.946+0000] {dag.py:3954} INFO - Setting next_dagrun for example_external_task_marker_parent to None, run_after=None
[2026-06-02T06:12:11.963+0000] {processor.py:183} INFO - Processing /home/airflow/.local/lib/python3.11/site-packages/airflow/example_dags/example_external_task_marker_dag.py took 0.079 seconds
[2026-06-02T06:12:42.878+0000] {processor.py:161} INFO - Started process (PID=6449) to work on /home/airflow/.local/lib/python3.11/site-packages/airflow/example_dags/example_external_task_marker_dag.py
[2026-06-02T06:12:42.879+0000] {processor.py:830} INFO - Processing file /home/airflow/.local/lib/python3.11/site-packages/airflow/example_dags/example_external_task_marker_dag.py for tasks to queue
[2026-06-02T06:12:42.881+0000] {logging_mixin.py:188} INFO - [2026-06-02T06:12:42.881+0000] {dagbag.py:545} INFO - Filling up the DagBag from /home/airflow/.local/lib/python3.11/site-packages/airflow/example_dags/example_external_task_marker_dag.py
[2026-06-02T06:12:42.886+0000] {processor.py:840} INFO - DAG(s) 'example_external_task_marker_child', 'example_external_task_marker_parent' retrieved from /home/airflow/.local/lib/python3.11/site-packages/airflow/example_dags/example_external_task_marker_dag.py
[2026-06-02T06:12:42.908+0000] {logging_mixin.py:188} INFO - [2026-06-02T06:12:42.908+0000] {dag.py:3096} INFO - Sync 2 DAGs
[2026-06-02T06:12:42.919+0000] {logging_mixin.py:188} INFO - [2026-06-02T06:12:42.919+0000] {dag.py:3954} INFO - Setting next_dagrun for example_external_task_marker_child to None, run_after=None
[2026-06-02T06:12:42.923+0000] {logging_mixin.py:188} INFO - [2026-06-02T06:12:42.922+0000] {dag.py:3954} INFO - Setting next_dagrun for example_external_task_marker_parent to None, run_after=None
[2026-06-02T06:12:42.939+0000] {processor.py:183} INFO - Processing /home/airflow/.local/lib/python3.11/site-packages/airflow/example_dags/example_external_task_marker_dag.py took 0.066 seconds
[2026-06-02T06:13:13.153+0000] {processor.py:161} INFO - Started process (PID=6725) to work on /home/airflow/.local/lib/python3.11/site-packages/airflow/example_dags/example_external_task_marker_dag.py
[2026-06-02T06:13:13.154+0000] {processor.py:830} INFO - Processing file /home/airflow/.local/lib/python3.11/site-packages/airflow/example_dags/example_external_task_marker_dag.py for tasks to queue
[2026-06-02T06:13:13.156+0000] {logging_mixin.py:188} INFO - [2026-06-02T06:13:13.156+0000] {dagbag.py:545} INFO - Filling up the DagBag from /home/airflow/.local/lib/python3.11/site-packages/airflow/example_dags/example_external_task_marker_dag.py
[2026-06-02T06:13:13.162+0000] {processor.py:840} INFO - DAG(s) 'example_external_task_marker_parent', 'example_external_task_marker_child' retrieved from /home/airflow/.local/lib/python3.11/site-packages/airflow/example_dags/example_external_task_marker_dag.py
[2026-06-02T06:13:13.183+0000] {logging_mixin.py:188} INFO - [2026-06-02T06:13:13.183+0000] {dag.py:3096} INFO - Sync 2 DAGs
[2026-06-02T06:13:13.194+0000] {logging_mixin.py:188} INFO - [2026-06-02T06:13:13.193+0000] {dag.py:3954} INFO - Setting next_dagrun for example_external_task_marker_child to None, run_after=None
[2026-06-02T06:13:13.198+0000] {logging_mixin.py:188} INFO - [2026-06-02T06:13:13.198+0000] {dag.py:3954} INFO - Setting next_dagrun for example_external_task_marker_parent to None, run_after=None
[2026-06-02T06:13:13.223+0000] {processor.py:183} INFO - Processing /home/airflow/.local/lib/python3.11/site-packages/airflow/example_dags/example_external_task_marker_dag.py took 0.075 seconds
[2026-06-02T06:13:44.264+0000] {processor.py:161} INFO - Started process (PID=6999) to work on /home/airflow/.local/lib/python3.11/site-packages/airflow/example_dags/example_external_task_marker_dag.py
[2026-06-02T06:13:44.265+0000] {processor.py:830} INFO - Processing file /home/airflow/.local/lib/python3.11/site-packages/airflow/example_dags/example_external_task_marker_dag.py for tasks to queue
[2026-06-02T06:13:44.267+0000] {logging_mixin.py:188} INFO - [2026-06-02T06:13:44.266+0000] {dagbag.py:545} INFO - Filling up the DagBag from /home/airflow/.local/lib/python3.11/site-packages/airflow/example_dags/example_external_task_marker_dag.py
[2026-06-02T06:13:44.274+0000] {processor.py:840} INFO - DAG(s) 'example_external_task_marker_child', 'example_external_task_marker_parent' retrieved from /home/airflow/.local/lib/python3.11/site-packages/airflow/example_dags/example_external_task_marker_dag.py
[2026-06-02T06:13:44.297+0000] {logging_mixin.py:188} INFO - [2026-06-02T06:13:44.296+0000] {dag.py:3096} INFO - Sync 2 DAGs
[2026-06-02T06:13:44.307+0000] {logging_mixin.py:188} INFO - [2026-06-02T06:13:44.307+0000] {dag.py:3954} INFO - Setting next_dagrun for example_external_task_marker_child to None, run_after=None
[2026-06-02T06:13:44.310+0000] {logging_mixin.py:188} INFO - [2026-06-02T06:13:44.310+0000] {dag.py:3954} INFO - Setting next_dagrun for example_external_task_marker_parent to None, run_after=None
[2026-06-02T06:13:44.326+0000] {processor.py:183} INFO - Processing /home/airflow/.local/lib/python3.11/site-packages/airflow/example_dags/example_external_task_marker_dag.py took 0.068 seconds
[2026-06-02T06:14:14.968+0000] {processor.py:161} INFO - Started process (PID=7275) to work on /home/airflow/.local/lib/python3.11/site-packages/airflow/example_dags/example_external_task_marker_dag.py
[2026-06-02T06:14:14.969+0000] {processor.py:830} INFO - Processing file /home/airflow/.local/lib/python3.11/site-packages/airflow/example_dags/example_external_task_marker_dag.py for tasks to queue
[2026-06-02T06:14:14.972+0000] {logging_mixin.py:188} INFO - [2026-06-02T06:14:14.971+0000] {dagbag.py:545} INFO - Filling up the DagBag from /home/airflow/.local/lib/python3.11/site-packages/airflow/example_dags/example_external_task_marker_dag.py
[2026-06-02T06:14:14.980+0000] {processor.py:840} INFO - DAG(s) 'example_external_task_marker_parent', 'example_external_task_marker_child' retrieved from /home/airflow/.local/lib/python3.11/site-packages/airflow/example_dags/example_external_task_marker_dag.py
[2026-06-02T06:14:15.006+0000] {logging_mixin.py:188} INFO - [2026-06-02T06:14:15.006+0000] {dag.py:3096} INFO - Sync 2 DAGs
[2026-06-02T06:14:15.023+0000] {logging_mixin.py:188} INFO - [2026-06-02T06:14:15.022+0000] {dag.py:3954} INFO - Setting next_dagrun for example_external_task_marker_child to None, run_after=None
[2026-06-02T06:14:15.026+0000] {logging_mixin.py:188} INFO - [2026-06-02T06:14:15.026+0000] {dag.py:3954} INFO - Setting next_dagrun for example_external_task_marker_parent to None, run_after=None
[2026-06-02T06:14:15.053+0000] {processor.py:183} INFO - Processing /home/airflow/.local/lib/python3.11/site-packages/airflow/example_dags/example_external_task_marker_dag.py took 0.094 seconds
[2026-06-02T06:14:45.655+0000] {processor.py:161} INFO - Started process (PID=7537) to work on /home/airflow/.local/lib/python3.11/site-packages/airflow/example_dags/example_external_task_marker_dag.py
[2026-06-02T06:14:45.656+0000] {processor.py:830} INFO - Processing file /home/airflow/.local/lib/python3.11/site-packages/airflow/example_dags/example_external_task_marker_dag.py for tasks to queue
[2026-06-02T06:14:45.658+0000] {logging_mixin.py:188} INFO - [2026-06-02T06:14:45.658+0000] {dagbag.py:545} INFO - Filling up the DagBag from /home/airflow/.local/lib/python3.11/site-packages/airflow/example_dags/example_external_task_marker_dag.py
[2026-06-02T06:14:45.664+0000] {processor.py:840} INFO - DAG(s) 'example_external_task_marker_child', 'example_external_task_marker_parent' retrieved from /home/airflow/.local/lib/python3.11/site-packages/airflow/example_dags/example_external_task_marker_dag.py
[2026-06-02T06:14:45.690+0000] {logging_mixin.py:188} INFO - [2026-06-02T06:14:45.690+0000] {dag.py:3096} INFO - Sync 2 DAGs
[2026-06-02T06:14:45.701+0000] {logging_mixin.py:188} INFO - [2026-06-02T06:14:45.701+0000] {dag.py:3954} INFO - Setting next_dagrun for example_external_task_marker_child to None, run_after=None
[2026-06-02T06:14:45.704+0000] {logging_mixin.py:188} INFO - [2026-06-02T06:14:45.704+0000] {dag.py:3954} INFO - Setting next_dagrun for example_external_task_marker_parent to None, run_after=None
[2026-06-02T06:14:45.725+0000] {processor.py:183} INFO - Processing /home/airflow/.local/lib/python3.11/site-packages/airflow/example_dags/example_external_task_marker_dag.py took 0.077 seconds
[2026-06-02T06:15:15.903+0000] {processor.py:161} INFO - Started process (PID=7815) to work on /home/airflow/.local/lib/python3.11/site-packages/airflow/example_dags/example_external_task_marker_dag.py
[2026-06-02T06:15:15.904+0000] {processor.py:830} INFO - Processing file /home/airflow/.local/lib/python3.11/site-packages/airflow/example_dags/example_external_task_marker_dag.py for tasks to queue
[2026-06-02T06:15:15.906+0000] {logging_mixin.py:188} INFO - [2026-06-02T06:15:15.905+0000] {dagbag.py:545} INFO - Filling up the DagBag from /home/airflow/.local/lib/python3.11/site-packages/airflow/example_dags/example_external_task_marker_dag.py
[2026-06-02T06:15:15.915+0000] {processor.py:840} INFO - DAG(s) 'example_external_task_marker_child', 'example_external_task_marker_parent' retrieved from /home/airflow/.local/lib/python3.11/site-packages/airflow/example_dags/example_external_task_marker_dag.py
[2026-06-02T06:15:15.940+0000] {logging_mixin.py:188} INFO - [2026-06-02T06:15:15.940+0000] {dag.py:3096} INFO - Sync 2 DAGs
[2026-06-02T06:15:15.951+0000] {logging_mixin.py:188} INFO - [2026-06-02T06:15:15.951+0000] {dag.py:3954} INFO - Setting next_dagrun for example_external_task_marker_child to None, run_after=None
[2026-06-02T06:15:15.955+0000] {logging_mixin.py:188} INFO - [2026-06-02T06:15:15.955+0000] {dag.py:3954} INFO - Setting next_dagrun for example_external_task_marker_parent to None, run_after=None
[2026-06-02T06:15:15.970+0000] {processor.py:183} INFO - Processing /home/airflow/.local/lib/python3.11/site-packages/airflow/example_dags/example_external_task_marker_dag.py took 0.073 seconds
[2026-06-02T06:15:46.309+0000] {processor.py:161} INFO - Started process (PID=8089) to work on /home/airflow/.local/lib/python3.11/site-packages/airflow/example_dags/example_external_task_marker_dag.py
[2026-06-02T06:15:46.310+0000] {processor.py:830} INFO - Processing file /home/airflow/.local/lib/python3.11/site-packages/airflow/example_dags/example_external_task_marker_dag.py for tasks to queue
[2026-06-02T06:15:46.312+0000] {logging_mixin.py:188} INFO - [2026-06-02T06:15:46.312+0000] {dagbag.py:545} INFO - Filling up the DagBag from /home/airflow/.local/lib/python3.11/site-packages/airflow/example_dags/example_external_task_marker_dag.py
[2026-06-02T06:15:46.318+0000] {processor.py:840} INFO - DAG(s) 'example_external_task_marker_parent', 'example_external_task_marker_child' retrieved from /home/airflow/.local/lib/python3.11/site-packages/airflow/example_dags/example_external_task_marker_dag.py
[2026-06-02T06:15:46.345+0000] {logging_mixin.py:188} INFO - [2026-06-02T06:15:46.345+0000] {dag.py:3096} INFO - Sync 2 DAGs
[2026-06-02T06:15:46.357+0000] {logging_mixin.py:188} INFO - [2026-06-02T06:15:46.356+0000] {dag.py:3954} INFO - Setting next_dagrun for example_external_task_marker_child to None, run_after=None
[2026-06-02T06:15:46.362+0000] {logging_mixin.py:188} INFO - [2026-06-02T06:15:46.361+0000] {dag.py:3954} INFO - Setting next_dagrun for example_external_task_marker_parent to None, run_after=None
[2026-06-02T06:15:46.383+0000] {processor.py:183} INFO - Processing /home/airflow/.local/lib/python3.11/site-packages/airflow/example_dags/example_external_task_marker_dag.py took 0.081 seconds
[2026-06-02T06:16:16.600+0000] {processor.py:161} INFO - Started process (PID=8367) to work on /home/airflow/.local/lib/python3.11/site-packages/airflow/example_dags/example_external_task_marker_dag.py
[2026-06-02T06:16:16.601+0000] {processor.py:830} INFO - Processing file /home/airflow/.local/lib/python3.11/site-packages/airflow/example_dags/example_external_task_marker_dag.py for tasks to queue
[2026-06-02T06:16:16.602+0000] {logging_mixin.py:188} INFO - [2026-06-02T06:16:16.602+0000] {dagbag.py:545} INFO - Filling up the DagBag from /home/airflow/.local/lib/python3.11/site-packages/airflow/example_dags/example_external_task_marker_dag.py
[2026-06-02T06:16:16.609+0000] {processor.py:840} INFO - DAG(s) 'example_external_task_marker_child', 'example_external_task_marker_parent' retrieved from /home/airflow/.local/lib/python3.11/site-packages/airflow/example_dags/example_external_task_marker_dag.py
[2026-06-02T06:16:16.631+0000] {logging_mixin.py:188} INFO - [2026-06-02T06:16:16.631+0000] {dag.py:3096} INFO - Sync 2 DAGs
[2026-06-02T06:16:16.643+0000] {logging_mixin.py:188} INFO - [2026-06-02T06:16:16.642+0000] {dag.py:3954} INFO - Setting next_dagrun for example_external_task_marker_child to None, run_after=None
[2026-06-02T06:16:16.646+0000] {logging_mixin.py:188} INFO - [2026-06-02T06:16:16.646+0000] {dag.py:3954} INFO - Setting next_dagrun for example_external_task_marker_parent to None, run_after=None
[2026-06-02T06:16:16.670+0000] {processor.py:183} INFO - Processing /home/airflow/.local/lib/python3.11/site-packages/airflow/example_dags/example_external_task_marker_dag.py took 0.075 seconds
[2026-06-02T06:16:46.785+0000] {processor.py:161} INFO - Started process (PID=8643) to work on /home/airflow/.local/lib/python3.11/site-packages/airflow/example_dags/example_external_task_marker_dag.py
[2026-06-02T06:16:46.786+0000] {processor.py:830} INFO - Processing file /home/airflow/.local/lib/python3.11/site-packages/airflow/example_dags/example_external_task_marker_dag.py for tasks to queue
[2026-06-02T06:16:46.787+0000] {logging_mixin.py:188} INFO - [2026-06-02T06:16:46.787+0000] {dagbag.py:545} INFO - Filling up the DagBag from /home/airflow/.local/lib/python3.11/site-packages/airflow/example_dags/example_external_task_marker_dag.py
[2026-06-02T06:16:46.793+0000] {processor.py:840} INFO - DAG(s) 'example_external_task_marker_parent', 'example_external_task_marker_child' retrieved from /home/airflow/.local/lib/python3.11/site-packages/airflow/example_dags/example_external_task_marker_dag.py
[2026-06-02T06:16:46.813+0000] {logging_mixin.py:188} INFO - [2026-06-02T06:16:46.813+0000] {dag.py:3096} INFO - Sync 2 DAGs
[2026-06-02T06:16:46.824+0000] {logging_mixin.py:188} INFO - [2026-06-02T06:16:46.823+0000] {dag.py:3954} INFO - Setting next_dagrun for example_external_task_marker_child to None, run_after=None
[2026-06-02T06:16:46.828+0000] {logging_mixin.py:188} INFO - [2026-06-02T06:16:46.827+0000] {dag.py:3954} INFO - Setting next_dagrun for example_external_task_marker_parent to None, run_after=None
[2026-06-02T06:16:46.852+0000] {processor.py:183} INFO - Processing /home/airflow/.local/lib/python3.11/site-packages/airflow/example_dags/example_external_task_marker_dag.py took 0.072 seconds
[2026-06-02T06:17:17.069+0000] {processor.py:161} INFO - Started process (PID=8917) to work on /home/airflow/.local/lib/python3.11/site-packages/airflow/example_dags/example_external_task_marker_dag.py
[2026-06-02T06:17:17.070+0000] {processor.py:830} INFO - Processing file /home/airflow/.local/lib/python3.11/site-packages/airflow/example_dags/example_external_task_marker_dag.py for tasks to queue
[2026-06-02T06:17:17.072+0000] {logging_mixin.py:188} INFO - [2026-06-02T06:17:17.071+0000] {dagbag.py:545} INFO - Filling up the DagBag from /home/airflow/.local/lib/python3.11/site-packages/airflow/example_dags/example_external_task_marker_dag.py
[2026-06-02T06:17:17.078+0000] {processor.py:840} INFO - DAG(s) 'example_external_task_marker_child', 'example_external_task_marker_parent' retrieved from /home/airflow/.local/lib/python3.11/site-packages/airflow/example_dags/example_external_task_marker_dag.py
[2026-06-02T06:17:17.099+0000] {logging_mixin.py:188} INFO - [2026-06-02T06:17:17.099+0000] {dag.py:3096} INFO - Sync 2 DAGs
[2026-06-02T06:17:17.110+0000] {logging_mixin.py:188} INFO - [2026-06-02T06:17:17.109+0000] {dag.py:3954} INFO - Setting next_dagrun for example_external_task_marker_child to None, run_after=None
[2026-06-02T06:17:17.113+0000] {logging_mixin.py:188} INFO - [2026-06-02T06:17:17.112+0000] {dag.py:3954} INFO - Setting next_dagrun for example_external_task_marker_parent to None, run_after=None
[2026-06-02T06:17:17.128+0000] {processor.py:183} INFO - Processing /home/airflow/.local/lib/python3.11/site-packages/airflow/example_dags/example_external_task_marker_dag.py took 0.065 seconds
[2026-06-02T06:17:47.784+0000] {processor.py:161} INFO - Started process (PID=9195) to work on /home/airflow/.local/lib/python3.11/site-packages/airflow/example_dags/example_external_task_marker_dag.py
[2026-06-02T06:17:47.785+0000] {processor.py:830} INFO - Processing file /home/airflow/.local/lib/python3.11/site-packages/airflow/example_dags/example_external_task_marker_dag.py for tasks to queue
[2026-06-02T06:17:47.788+0000] {logging_mixin.py:188} INFO - [2026-06-02T06:17:47.787+0000] {dagbag.py:545} INFO - Filling up the DagBag from /home/airflow/.local/lib/python3.11/site-packages/airflow/example_dags/example_external_task_marker_dag.py
[2026-06-02T06:17:47.799+0000] {processor.py:840} INFO - DAG(s) 'example_external_task_marker_child', 'example_external_task_marker_parent' retrieved from /home/airflow/.local/lib/python3.11/site-packages/airflow/example_dags/example_external_task_marker_dag.py
[2026-06-02T06:17:47.831+0000] {logging_mixin.py:188} INFO - [2026-06-02T06:17:47.831+0000] {dag.py:3096} INFO - Sync 2 DAGs
[2026-06-02T06:17:47.849+0000] {logging_mixin.py:188} INFO - [2026-06-02T06:17:47.849+0000] {dag.py:3954} INFO - Setting next_dagrun for example_external_task_marker_child to None, run_after=None
[2026-06-02T06:17:47.854+0000] {logging_mixin.py:188} INFO - [2026-06-02T06:17:47.854+0000] {dag.py:3954} INFO - Setting next_dagrun for example_external_task_marker_parent to None, run_after=None
[2026-06-02T06:17:47.883+0000] {processor.py:183} INFO - Processing /home/airflow/.local/lib/python3.11/site-packages/airflow/example_dags/example_external_task_marker_dag.py took 0.109 seconds
[2026-06-02T06:18:18.066+0000] {processor.py:161} INFO - Started process (PID=9470) to work on /home/airflow/.local/lib/python3.11/site-packages/airflow/example_dags/example_external_task_marker_dag.py
[2026-06-02T06:18:18.068+0000] {processor.py:830} INFO - Processing file /home/airflow/.local/lib/python3.11/site-packages/airflow/example_dags/example_external_task_marker_dag.py for tasks to queue
[2026-06-02T06:18:18.069+0000] {logging_mixin.py:188} INFO - [2026-06-02T06:18:18.069+0000] {dagbag.py:545} INFO - Filling up the DagBag from /home/airflow/.local/lib/python3.11/site-packages/airflow/example_dags/example_external_task_marker_dag.py
[2026-06-02T06:18:18.075+0000] {processor.py:840} INFO - DAG(s) 'example_external_task_marker_child', 'example_external_task_marker_parent' retrieved from /home/airflow/.local/lib/python3.11/site-packages/airflow/example_dags/example_external_task_marker_dag.py
[2026-06-02T06:18:18.096+0000] {logging_mixin.py:188} INFO - [2026-06-02T06:18:18.096+0000] {dag.py:3096} INFO - Sync 2 DAGs
[2026-06-02T06:18:18.107+0000] {logging_mixin.py:188} INFO - [2026-06-02T06:18:18.106+0000] {dag.py:3954} INFO - Setting next_dagrun for example_external_task_marker_child to None, run_after=None
[2026-06-02T06:18:18.110+0000] {logging_mixin.py:188} INFO - [2026-06-02T06:18:18.110+0000] {dag.py:3954} INFO - Setting next_dagrun for example_external_task_marker_parent to None, run_after=None
[2026-06-02T06:18:18.124+0000] {processor.py:183} INFO - Processing /home/airflow/.local/lib/python3.11/site-packages/airflow/example_dags/example_external_task_marker_dag.py took 0.063 seconds
[2026-06-02T06:18:48.714+0000] {processor.py:161} INFO - Started process (PID=9748) to work on /home/airflow/.local/lib/python3.11/site-packages/airflow/example_dags/example_external_task_marker_dag.py
[2026-06-02T06:18:48.715+0000] {processor.py:830} INFO - Processing file /home/airflow/.local/lib/python3.11/site-packages/airflow/example_dags/example_external_task_marker_dag.py for tasks to queue
[2026-06-02T06:18:48.717+0000] {logging_mixin.py:188} INFO - [2026-06-02T06:18:48.717+0000] {dagbag.py:545} INFO - Filling up the DagBag from /home/airflow/.local/lib/python3.11/site-packages/airflow/example_dags/example_external_task_marker_dag.py
[2026-06-02T06:18:48.725+0000] {processor.py:840} INFO - DAG(s) 'example_external_task_marker_child', 'example_external_task_marker_parent' retrieved from /home/airflow/.local/lib/python3.11/site-packages/airflow/example_dags/example_external_task_marker_dag.py
[2026-06-02T06:18:48.748+0000] {logging_mixin.py:188} INFO - [2026-06-02T06:18:48.747+0000] {dag.py:3096} INFO - Sync 2 DAGs
[2026-06-02T06:18:48.760+0000] {logging_mixin.py:188} INFO - [2026-06-02T06:18:48.760+0000] {dag.py:3954} INFO - Setting next_dagrun for example_external_task_marker_child to None, run_after=None
[2026-06-02T06:18:48.764+0000] {logging_mixin.py:188} INFO - [2026-06-02T06:18:48.763+0000] {dag.py:3954} INFO - Setting next_dagrun for example_external_task_marker_parent to None, run_after=None
[2026-06-02T06:18:48.791+0000] {processor.py:183} INFO - Processing /home/airflow/.local/lib/python3.11/site-packages/airflow/example_dags/example_external_task_marker_dag.py took 0.084 seconds
[2026-06-02T06:19:18.890+0000] {processor.py:161} INFO - Started process (PID=10022) to work on /home/airflow/.local/lib/python3.11/site-packages/airflow/example_dags/example_external_task_marker_dag.py
[2026-06-02T06:19:18.891+0000] {processor.py:830} INFO - Processing file /home/airflow/.local/lib/python3.11/site-packages/airflow/example_dags/example_external_task_marker_dag.py for tasks to queue
[2026-06-02T06:19:18.893+0000] {logging_mixin.py:188} INFO - [2026-06-02T06:19:18.893+0000] {dagbag.py:545} INFO - Filling up the DagBag from /home/airflow/.local/lib/python3.11/site-packages/airflow/example_dags/example_external_task_marker_dag.py
[2026-06-02T06:19:18.901+0000] {processor.py:840} INFO - DAG(s) 'example_external_task_marker_parent', 'example_external_task_marker_child' retrieved from /home/airflow/.local/lib/python3.11/site-packages/airflow/example_dags/example_external_task_marker_dag.py
[2026-06-02T06:19:18.924+0000] {logging_mixin.py:188} INFO - [2026-06-02T06:19:18.923+0000] {dag.py:3096} INFO - Sync 2 DAGs
[2026-06-02T06:19:18.934+0000] {logging_mixin.py:188} INFO - [2026-06-02T06:19:18.934+0000] {dag.py:3954} INFO - Setting next_dagrun for example_external_task_marker_child to None, run_after=None
[2026-06-02T06:19:18.938+0000] {logging_mixin.py:188} INFO - [2026-06-02T06:19:18.938+0000] {dag.py:3954} INFO - Setting next_dagrun for example_external_task_marker_parent to None, run_after=None
[2026-06-02T06:19:18.955+0000] {processor.py:183} INFO - Processing /home/airflow/.local/lib/python3.11/site-packages/airflow/example_dags/example_external_task_marker_dag.py took 0.071 seconds
[2026-06-02T06:19:49.180+0000] {processor.py:161} INFO - Started process (PID=10298) to work on /home/airflow/.local/lib/python3.11/site-packages/airflow/example_dags/example_external_task_marker_dag.py
[2026-06-02T06:19:49.181+0000] {processor.py:830} INFO - Processing file /home/airflow/.local/lib/python3.11/site-packages/airflow/example_dags/example_external_task_marker_dag.py for tasks to queue
[2026-06-02T06:19:49.183+0000] {logging_mixin.py:188} INFO - [2026-06-02T06:19:49.183+0000] {dagbag.py:545} INFO - Filling up the DagBag from /home/airflow/.local/lib/python3.11/site-packages/airflow/example_dags/example_external_task_marker_dag.py
[2026-06-02T06:19:49.189+0000] {processor.py:840} INFO - DAG(s) 'example_external_task_marker_parent', 'example_external_task_marker_child' retrieved from /home/airflow/.local/lib/python3.11/site-packages/airflow/example_dags/example_external_task_marker_dag.py
[2026-06-02T06:19:49.210+0000] {logging_mixin.py:188} INFO - [2026-06-02T06:19:49.210+0000] {dag.py:3096} INFO - Sync 2 DAGs
[2026-06-02T06:19:49.221+0000] {logging_mixin.py:188} INFO - [2026-06-02T06:19:49.221+0000] {dag.py:3954} INFO - Setting next_dagrun for example_external_task_marker_child to None, run_after=None
[2026-06-02T06:19:49.224+0000] {logging_mixin.py:188} INFO - [2026-06-02T06:19:49.224+0000] {dag.py:3954} INFO - Setting next_dagrun for example_external_task_marker_parent to None, run_after=None
[2026-06-02T06:19:49.250+0000] {processor.py:183} INFO - Processing /home/airflow/.local/lib/python3.11/site-packages/airflow/example_dags/example_external_task_marker_dag.py took 0.075 seconds
[2026-06-02T06:20:19.427+0000] {processor.py:161} INFO - Started process (PID=10574) to work on /home/airflow/.local/lib/python3.11/site-packages/airflow/example_dags/example_external_task_marker_dag.py
[2026-06-02T06:20:19.428+0000] {processor.py:830} INFO - Processing file /home/airflow/.local/lib/python3.11/site-packages/airflow/example_dags/example_external_task_marker_dag.py for tasks to queue
[2026-06-02T06:20:19.430+0000] {logging_mixin.py:188} INFO - [2026-06-02T06:20:19.430+0000] {dagbag.py:545} INFO - Filling up the DagBag from /home/airflow/.local/lib/python3.11/site-packages/airflow/example_dags/example_external_task_marker_dag.py
[2026-06-02T06:20:19.436+0000] {processor.py:840} INFO - DAG(s) 'example_external_task_marker_child', 'example_external_task_marker_parent' retrieved from /home/airflow/.local/lib/python3.11/site-packages/airflow/example_dags/example_external_task_marker_dag.py
[2026-06-02T06:20:19.459+0000] {logging_mixin.py:188} INFO - [2026-06-02T06:20:19.458+0000] {dag.py:3096} INFO - Sync 2 DAGs
[2026-06-02T06:20:19.470+0000] {logging_mixin.py:188} INFO - [2026-06-02T06:20:19.470+0000] {dag.py:3954} INFO - Setting next_dagrun for example_external_task_marker_child to None, run_after=None
[2026-06-02T06:20:19.475+0000] {logging_mixin.py:188} INFO - [2026-06-02T06:20:19.475+0000] {dag.py:3954} INFO - Setting next_dagrun for example_external_task_marker_parent to None, run_after=None
[2026-06-02T06:20:19.502+0000] {processor.py:183} INFO - Processing /home/airflow/.local/lib/python3.11/site-packages/airflow/example_dags/example_external_task_marker_dag.py took 0.080 seconds
[2026-06-02T06:20:49.871+0000] {processor.py:161} INFO - Started process (PID=10850) to work on /home/airflow/.local/lib/python3.11/site-packages/airflow/example_dags/example_external_task_marker_dag.py
[2026-06-02T06:20:49.873+0000] {processor.py:830} INFO - Processing file /home/airflow/.local/lib/python3.11/site-packages/airflow/example_dags/example_external_task_marker_dag.py for tasks to queue
[2026-06-02T06:20:49.875+0000] {logging_mixin.py:188} INFO - [2026-06-02T06:20:49.875+0000] {dagbag.py:545} INFO - Filling up the DagBag from /home/airflow/.local/lib/python3.11/site-packages/airflow/example_dags/example_external_task_marker_dag.py
[2026-06-02T06:20:49.887+0000] {processor.py:840} INFO - DAG(s) 'example_external_task_marker_child', 'example_external_task_marker_parent' retrieved from /home/airflow/.local/lib/python3.11/site-packages/airflow/example_dags/example_external_task_marker_dag.py
[2026-06-02T06:20:49.926+0000] {logging_mixin.py:188} INFO - [2026-06-02T06:20:49.925+0000] {dag.py:3096} INFO - Sync 2 DAGs
[2026-06-02T06:20:49.941+0000] {logging_mixin.py:188} INFO - [2026-06-02T06:20:49.941+0000] {dag.py:3954} INFO - Setting next_dagrun for example_external_task_marker_child to None, run_after=None
[2026-06-02T06:20:49.947+0000] {logging_mixin.py:188} INFO - [2026-06-02T06:20:49.946+0000] {dag.py:3954} INFO - Setting next_dagrun for example_external_task_marker_parent to None, run_after=None
[2026-06-02T06:20:49.970+0000] {processor.py:183} INFO - Processing /home/airflow/.local/lib/python3.11/site-packages/airflow/example_dags/example_external_task_marker_dag.py took 0.105 seconds
[2026-06-02T06:21:20.328+0000] {processor.py:161} INFO - Started process (PID=11126) to work on /home/airflow/.local/lib/python3.11/site-packages/airflow/example_dags/example_external_task_marker_dag.py
[2026-06-02T06:21:20.329+0000] {processor.py:830} INFO - Processing file /home/airflow/.local/lib/python3.11/site-packages/airflow/example_dags/example_external_task_marker_dag.py for tasks to queue
[2026-06-02T06:21:20.331+0000] {logging_mixin.py:188} INFO - [2026-06-02T06:21:20.331+0000] {dagbag.py:545} INFO - Filling up the DagBag from /home/airflow/.local/lib/python3.11/site-packages/airflow/example_dags/example_external_task_marker_dag.py
[2026-06-02T06:21:20.337+0000] {processor.py:840} INFO - DAG(s) 'example_external_task_marker_child', 'example_external_task_marker_parent' retrieved from /home/airflow/.local/lib/python3.11/site-packages/airflow/example_dags/example_external_task_marker_dag.py
[2026-06-02T06:21:20.357+0000] {logging_mixin.py:188} INFO - [2026-06-02T06:21:20.357+0000] {dag.py:3096} INFO - Sync 2 DAGs
[2026-06-02T06:21:20.368+0000] {logging_mixin.py:188} INFO - [2026-06-02T06:21:20.367+0000] {dag.py:3954} INFO - Setting next_dagrun for example_external_task_marker_child to None, run_after=None
[2026-06-02T06:21:20.371+0000] {logging_mixin.py:188} INFO - [2026-06-02T06:21:20.371+0000] {dag.py:3954} INFO - Setting next_dagrun for example_external_task_marker_parent to None, run_after=None
[2026-06-02T06:21:20.396+0000] {processor.py:183} INFO - Processing /home/airflow/.local/lib/python3.11/site-packages/airflow/example_dags/example_external_task_marker_dag.py took 0.074 seconds
[2026-06-02T06:21:50.705+0000] {processor.py:161} INFO - Started process (PID=11402) to work on /home/airflow/.local/lib/python3.11/site-packages/airflow/example_dags/example_external_task_marker_dag.py
[2026-06-02T06:21:50.707+0000] {processor.py:830} INFO - Processing file /home/airflow/.local/lib/python3.11/site-packages/airflow/example_dags/example_external_task_marker_dag.py for tasks to queue
[2026-06-02T06:21:50.709+0000] {logging_mixin.py:188} INFO - [2026-06-02T06:21:50.709+0000] {dagbag.py:545} INFO - Filling up the DagBag from /home/airflow/.local/lib/python3.11/site-packages/airflow/example_dags/example_external_task_marker_dag.py
[2026-06-02T06:21:50.716+0000] {processor.py:840} INFO - DAG(s) 'example_external_task_marker_child', 'example_external_task_marker_parent' retrieved from /home/airflow/.local/lib/python3.11/site-packages/airflow/example_dags/example_external_task_marker_dag.py
[2026-06-02T06:21:50.744+0000] {logging_mixin.py:188} INFO - [2026-06-02T06:21:50.743+0000] {dag.py:3096} INFO - Sync 2 DAGs
[2026-06-02T06:21:50.758+0000] {logging_mixin.py:188} INFO - [2026-06-02T06:21:50.757+0000] {dag.py:3954} INFO - Setting next_dagrun for example_external_task_marker_child to None, run_after=None
[2026-06-02T06:21:50.761+0000] {logging_mixin.py:188} INFO - [2026-06-02T06:21:50.761+0000] {dag.py:3954} INFO - Setting next_dagrun for example_external_task_marker_parent to None, run_after=None
[2026-06-02T06:21:50.787+0000] {processor.py:183} INFO - Processing /home/airflow/.local/lib/python3.11/site-packages/airflow/example_dags/example_external_task_marker_dag.py took 0.090 seconds
[2026-06-02T06:22:21.034+0000] {processor.py:161} INFO - Started process (PID=11678) to work on /home/airflow/.local/lib/python3.11/site-packages/airflow/example_dags/example_external_task_marker_dag.py
[2026-06-02T06:22:21.035+0000] {processor.py:830} INFO - Processing file /home/airflow/.local/lib/python3.11/site-packages/airflow/example_dags/example_external_task_marker_dag.py for tasks to queue
[2026-06-02T06:22:21.037+0000] {logging_mixin.py:188} INFO - [2026-06-02T06:22:21.037+0000] {dagbag.py:545} INFO - Filling up the DagBag from /home/airflow/.local/lib/python3.11/site-packages/airflow/example_dags/example_external_task_marker_dag.py
[2026-06-02T06:22:21.043+0000] {processor.py:840} INFO - DAG(s) 'example_external_task_marker_parent', 'example_external_task_marker_child' retrieved from /home/airflow/.local/lib/python3.11/site-packages/airflow/example_dags/example_external_task_marker_dag.py
[2026-06-02T06:22:21.065+0000] {logging_mixin.py:188} INFO - [2026-06-02T06:22:21.065+0000] {dag.py:3096} INFO - Sync 2 DAGs
[2026-06-02T06:22:21.077+0000] {logging_mixin.py:188} INFO - [2026-06-02T06:22:21.077+0000] {dag.py:3954} INFO - Setting next_dagrun for example_external_task_marker_child to None, run_after=None
[2026-06-02T06:22:21.080+0000] {logging_mixin.py:188} INFO - [2026-06-02T06:22:21.080+0000] {dag.py:3954} INFO - Setting next_dagrun for example_external_task_marker_parent to None, run_after=None
[2026-06-02T06:22:21.095+0000] {processor.py:183} INFO - Processing /home/airflow/.local/lib/python3.11/site-packages/airflow/example_dags/example_external_task_marker_dag.py took 0.067 seconds
[2026-06-02T06:22:51.751+0000] {processor.py:161} INFO - Started process (PID=11954) to work on /home/airflow/.local/lib/python3.11/site-packages/airflow/example_dags/example_external_task_marker_dag.py
[2026-06-02T06:22:51.753+0000] {processor.py:830} INFO - Processing file /home/airflow/.local/lib/python3.11/site-packages/airflow/example_dags/example_external_task_marker_dag.py for tasks to queue
[2026-06-02T06:22:51.755+0000] {logging_mixin.py:188} INFO - [2026-06-02T06:22:51.755+0000] {dagbag.py:545} INFO - Filling up the DagBag from /home/airflow/.local/lib/python3.11/site-packages/airflow/example_dags/example_external_task_marker_dag.py
[2026-06-02T06:22:51.762+0000] {processor.py:840} INFO - DAG(s) 'example_external_task_marker_parent', 'example_external_task_marker_child' retrieved from /home/airflow/.local/lib/python3.11/site-packages/airflow/example_dags/example_external_task_marker_dag.py
[2026-06-02T06:22:51.785+0000] {logging_mixin.py:188} INFO - [2026-06-02T06:22:51.785+0000] {dag.py:3096} INFO - Sync 2 DAGs
[2026-06-02T06:22:51.796+0000] {logging_mixin.py:188} INFO - [2026-06-02T06:22:51.796+0000] {dag.py:3954} INFO - Setting next_dagrun for example_external_task_marker_child to None, run_after=None
[2026-06-02T06:22:51.801+0000] {logging_mixin.py:188} INFO - [2026-06-02T06:22:51.801+0000] {dag.py:3954} INFO - Setting next_dagrun for example_external_task_marker_parent to None, run_after=None
[2026-06-02T06:22:51.831+0000] {processor.py:183} INFO - Processing /home/airflow/.local/lib/python3.11/site-packages/airflow/example_dags/example_external_task_marker_dag.py took 0.085 seconds
[2026-06-02T06:23:22.216+0000] {processor.py:161} INFO - Started process (PID=12230) to work on /home/airflow/.local/lib/python3.11/site-packages/airflow/example_dags/example_external_task_marker_dag.py
[2026-06-02T06:23:22.217+0000] {processor.py:830} INFO - Processing file /home/airflow/.local/lib/python3.11/site-packages/airflow/example_dags/example_external_task_marker_dag.py for tasks to queue
[2026-06-02T06:23:22.218+0000] {logging_mixin.py:188} INFO - [2026-06-02T06:23:22.218+0000] {dagbag.py:545} INFO - Filling up the DagBag from /home/airflow/.local/lib/python3.11/site-packages/airflow/example_dags/example_external_task_marker_dag.py
[2026-06-02T06:23:22.224+0000] {processor.py:840} INFO - DAG(s) 'example_external_task_marker_parent', 'example_external_task_marker_child' retrieved from /home/airflow/.local/lib/python3.11/site-packages/airflow/example_dags/example_external_task_marker_dag.py
[2026-06-02T06:23:22.256+0000] {logging_mixin.py:188} INFO - [2026-06-02T06:23:22.256+0000] {dag.py:3096} INFO - Sync 2 DAGs
[2026-06-02T06:23:22.274+0000] {logging_mixin.py:188} INFO - [2026-06-02T06:23:22.274+0000] {dag.py:3954} INFO - Setting next_dagrun for example_external_task_marker_child to None, run_after=None
[2026-06-02T06:23:22.279+0000] {logging_mixin.py:188} INFO - [2026-06-02T06:23:22.279+0000] {dag.py:3954} INFO - Setting next_dagrun for example_external_task_marker_parent to None, run_after=None
[2026-06-02T06:23:22.305+0000] {processor.py:183} INFO - Processing /home/airflow/.local/lib/python3.11/site-packages/airflow/example_dags/example_external_task_marker_dag.py took 0.094 seconds
[2026-06-02T06:23:52.662+0000] {processor.py:161} INFO - Started process (PID=12509) to work on /home/airflow/.local/lib/python3.11/site-packages/airflow/example_dags/example_external_task_marker_dag.py
[2026-06-02T06:23:52.664+0000] {processor.py:830} INFO - Processing file /home/airflow/.local/lib/python3.11/site-packages/airflow/example_dags/example_external_task_marker_dag.py for tasks to queue
[2026-06-02T06:23:52.667+0000] {logging_mixin.py:188} INFO - [2026-06-02T06:23:52.667+0000] {dagbag.py:545} INFO - Filling up the DagBag from /home/airflow/.local/lib/python3.11/site-packages/airflow/example_dags/example_external_task_marker_dag.py
[2026-06-02T06:23:52.673+0000] {processor.py:840} INFO - DAG(s) 'example_external_task_marker_parent', 'example_external_task_marker_child' retrieved from /home/airflow/.local/lib/python3.11/site-packages/airflow/example_dags/example_external_task_marker_dag.py
[2026-06-02T06:23:52.709+0000] {logging_mixin.py:188} INFO - [2026-06-02T06:23:52.708+0000] {dag.py:3096} INFO - Sync 2 DAGs
[2026-06-02T06:23:52.730+0000] {logging_mixin.py:188} INFO - [2026-06-02T06:23:52.729+0000] {dag.py:3954} INFO - Setting next_dagrun for example_external_task_marker_child to None, run_after=None
[2026-06-02T06:23:52.736+0000] {logging_mixin.py:188} INFO - [2026-06-02T06:23:52.736+0000] {dag.py:3954} INFO - Setting next_dagrun for example_external_task_marker_parent to None, run_after=None
[2026-06-02T06:23:52.769+0000] {processor.py:183} INFO - Processing /home/airflow/.local/lib/python3.11/site-packages/airflow/example_dags/example_external_task_marker_dag.py took 0.115 seconds
[2026-06-02T06:24:22.991+0000] {processor.py:161} INFO - Started process (PID=12783) to work on /home/airflow/.local/lib/python3.11/site-packages/airflow/example_dags/example_external_task_marker_dag.py
[2026-06-02T06:24:22.992+0000] {processor.py:830} INFO - Processing file /home/airflow/.local/lib/python3.11/site-packages/airflow/example_dags/example_external_task_marker_dag.py for tasks to queue
[2026-06-02T06:24:22.993+0000] {logging_mixin.py:188} INFO - [2026-06-02T06:24:22.993+0000] {dagbag.py:545} INFO - Filling up the DagBag from /home/airflow/.local/lib/python3.11/site-packages/airflow/example_dags/example_external_task_marker_dag.py
[2026-06-02T06:24:23.000+0000] {processor.py:840} INFO - DAG(s) 'example_external_task_marker_parent', 'example_external_task_marker_child' retrieved from /home/airflow/.local/lib/python3.11/site-packages/airflow/example_dags/example_external_task_marker_dag.py
[2026-06-02T06:24:23.022+0000] {logging_mixin.py:188} INFO - [2026-06-02T06:24:23.021+0000] {dag.py:3096} INFO - Sync 2 DAGs
[2026-06-02T06:24:23.033+0000] {logging_mixin.py:188} INFO - [2026-06-02T06:24:23.033+0000] {dag.py:3954} INFO - Setting next_dagrun for example_external_task_marker_child to None, run_after=None
[2026-06-02T06:24:23.036+0000] {logging_mixin.py:188} INFO - [2026-06-02T06:24:23.036+0000] {dag.py:3954} INFO - Setting next_dagrun for example_external_task_marker_parent to None, run_after=None
[2026-06-02T06:24:23.052+0000] {processor.py:183} INFO - Processing /home/airflow/.local/lib/python3.11/site-packages/airflow/example_dags/example_external_task_marker_dag.py took 0.067 seconds
[2026-06-02T06:24:53.298+0000] {processor.py:161} INFO - Started process (PID=13061) to work on /home/airflow/.local/lib/python3.11/site-packages/airflow/example_dags/example_external_task_marker_dag.py
[2026-06-02T06:24:53.299+0000] {processor.py:830} INFO - Processing file /home/airflow/.local/lib/python3.11/site-packages/airflow/example_dags/example_external_task_marker_dag.py for tasks to queue
[2026-06-02T06:24:53.300+0000] {logging_mixin.py:188} INFO - [2026-06-02T06:24:53.300+0000] {dagbag.py:545} INFO - Filling up the DagBag from /home/airflow/.local/lib/python3.11/site-packages/airflow/example_dags/example_external_task_marker_dag.py
[2026-06-02T06:24:53.306+0000] {processor.py:840} INFO - DAG(s) 'example_external_task_marker_child', 'example_external_task_marker_parent' retrieved from /home/airflow/.local/lib/python3.11/site-packages/airflow/example_dags/example_external_task_marker_dag.py
[2026-06-02T06:24:53.326+0000] {logging_mixin.py:188} INFO - [2026-06-02T06:24:53.326+0000] {dag.py:3096} INFO - Sync 2 DAGs
[2026-06-02T06:24:53.336+0000] {logging_mixin.py:188} INFO - [2026-06-02T06:24:53.336+0000] {dag.py:3954} INFO - Setting next_dagrun for example_external_task_marker_child to None, run_after=None
[2026-06-02T06:24:53.339+0000] {logging_mixin.py:188} INFO - [2026-06-02T06:24:53.339+0000] {dag.py:3954} INFO - Setting next_dagrun for example_external_task_marker_parent to None, run_after=None
[2026-06-02T06:24:53.369+0000] {processor.py:183} INFO - Processing /home/airflow/.local/lib/python3.11/site-packages/airflow/example_dags/example_external_task_marker_dag.py took 0.077 seconds
[2026-06-02T06:25:23.527+0000] {processor.py:161} INFO - Started process (PID=13335) to work on /home/airflow/.local/lib/python3.11/site-packages/airflow/example_dags/example_external_task_marker_dag.py
[2026-06-02T06:25:23.528+0000] {processor.py:830} INFO - Processing file /home/airflow/.local/lib/python3.11/site-packages/airflow/example_dags/example_external_task_marker_dag.py for tasks to queue
[2026-06-02T06:25:23.529+0000] {logging_mixin.py:188} INFO - [2026-06-02T06:25:23.529+0000] {dagbag.py:545} INFO - Filling up the DagBag from /home/airflow/.local/lib/python3.11/site-packages/airflow/example_dags/example_external_task_marker_dag.py
[2026-06-02T06:25:23.535+0000] {processor.py:840} INFO - DAG(s) 'example_external_task_marker_child', 'example_external_task_marker_parent' retrieved from /home/airflow/.local/lib/python3.11/site-packages/airflow/example_dags/example_external_task_marker_dag.py
[2026-06-02T06:25:23.556+0000] {logging_mixin.py:188} INFO - [2026-06-02T06:25:23.556+0000] {dag.py:3096} INFO - Sync 2 DAGs
[2026-06-02T06:25:23.567+0000] {logging_mixin.py:188} INFO - [2026-06-02T06:25:23.567+0000] {dag.py:3954} INFO - Setting next_dagrun for example_external_task_marker_child to None, run_after=None
[2026-06-02T06:25:23.571+0000] {logging_mixin.py:188} INFO - [2026-06-02T06:25:23.571+0000] {dag.py:3954} INFO - Setting next_dagrun for example_external_task_marker_parent to None, run_after=None
[2026-06-02T06:25:23.594+0000] {processor.py:183} INFO - Processing /home/airflow/.local/lib/python3.11/site-packages/airflow/example_dags/example_external_task_marker_dag.py took 0.073 seconds
[2026-06-02T06:25:53.695+0000] {processor.py:161} INFO - Started process (PID=13611) to work on /home/airflow/.local/lib/python3.11/site-packages/airflow/example_dags/example_external_task_marker_dag.py
[2026-06-02T06:25:53.696+0000] {processor.py:830} INFO - Processing file /home/airflow/.local/lib/python3.11/site-packages/airflow/example_dags/example_external_task_marker_dag.py for tasks to queue
[2026-06-02T06:25:53.698+0000] {logging_mixin.py:188} INFO - [2026-06-02T06:25:53.698+0000] {dagbag.py:545} INFO - Filling up the DagBag from /home/airflow/.local/lib/python3.11/site-packages/airflow/example_dags/example_external_task_marker_dag.py
[2026-06-02T06:25:53.704+0000] {processor.py:840} INFO - DAG(s) 'example_external_task_marker_parent', 'example_external_task_marker_child' retrieved from /home/airflow/.local/lib/python3.11/site-packages/airflow/example_dags/example_external_task_marker_dag.py
[2026-06-02T06:25:53.726+0000] {logging_mixin.py:188} INFO - [2026-06-02T06:25:53.725+0000] {dag.py:3096} INFO - Sync 2 DAGs
[2026-06-02T06:25:53.737+0000] {logging_mixin.py:188} INFO - [2026-06-02T06:25:53.737+0000] {dag.py:3954} INFO - Setting next_dagrun for example_external_task_marker_child to None, run_after=None
[2026-06-02T06:25:53.740+0000] {logging_mixin.py:188} INFO - [2026-06-02T06:25:53.740+0000] {dag.py:3954} INFO - Setting next_dagrun for example_external_task_marker_parent to None, run_after=None
[2026-06-02T06:25:53.765+0000] {processor.py:183} INFO - Processing /home/airflow/.local/lib/python3.11/site-packages/airflow/example_dags/example_external_task_marker_dag.py took 0.076 seconds
[2026-06-02T06:26:24.160+0000] {processor.py:161} INFO - Started process (PID=13887) to work on /home/airflow/.local/lib/python3.11/site-packages/airflow/example_dags/example_external_task_marker_dag.py
[2026-06-02T06:26:24.161+0000] {processor.py:830} INFO - Processing file /home/airflow/.local/lib/python3.11/site-packages/airflow/example_dags/example_external_task_marker_dag.py for tasks to queue
[2026-06-02T06:26:24.163+0000] {logging_mixin.py:188} INFO - [2026-06-02T06:26:24.163+0000] {dagbag.py:545} INFO - Filling up the DagBag from /home/airflow/.local/lib/python3.11/site-packages/airflow/example_dags/example_external_task_marker_dag.py
[2026-06-02T06:26:24.169+0000] {processor.py:840} INFO - DAG(s) 'example_external_task_marker_child', 'example_external_task_marker_parent' retrieved from /home/airflow/.local/lib/python3.11/site-packages/airflow/example_dags/example_external_task_marker_dag.py
[2026-06-02T06:26:24.190+0000] {logging_mixin.py:188} INFO - [2026-06-02T06:26:24.190+0000] {dag.py:3096} INFO - Sync 2 DAGs
[2026-06-02T06:26:24.200+0000] {logging_mixin.py:188} INFO - [2026-06-02T06:26:24.200+0000] {dag.py:3954} INFO - Setting next_dagrun for example_external_task_marker_child to None, run_after=None
[2026-06-02T06:26:24.204+0000] {logging_mixin.py:188} INFO - [2026-06-02T06:26:24.204+0000] {dag.py:3954} INFO - Setting next_dagrun for example_external_task_marker_parent to None, run_after=None
[2026-06-02T06:26:24.221+0000] {processor.py:183} INFO - Processing /home/airflow/.local/lib/python3.11/site-packages/airflow/example_dags/example_external_task_marker_dag.py took 0.066 seconds
[2026-06-02T06:26:54.403+0000] {processor.py:161} INFO - Started process (PID=14163) to work on /home/airflow/.local/lib/python3.11/site-packages/airflow/example_dags/example_external_task_marker_dag.py
[2026-06-02T06:26:54.404+0000] {processor.py:830} INFO - Processing file /home/airflow/.local/lib/python3.11/site-packages/airflow/example_dags/example_external_task_marker_dag.py for tasks to queue
[2026-06-02T06:26:54.406+0000] {logging_mixin.py:188} INFO - [2026-06-02T06:26:54.405+0000] {dagbag.py:545} INFO - Filling up the DagBag from /home/airflow/.local/lib/python3.11/site-packages/airflow/example_dags/example_external_task_marker_dag.py
[2026-06-02T06:26:54.412+0000] {processor.py:840} INFO - DAG(s) 'example_external_task_marker_parent', 'example_external_task_marker_child' retrieved from /home/airflow/.local/lib/python3.11/site-packages/airflow/example_dags/example_external_task_marker_dag.py
[2026-06-02T06:26:54.441+0000] {logging_mixin.py:188} INFO - [2026-06-02T06:26:54.441+0000] {dag.py:3096} INFO - Sync 2 DAGs
[2026-06-02T06:26:54.452+0000] {logging_mixin.py:188} INFO - [2026-06-02T06:26:54.452+0000] {dag.py:3954} INFO - Setting next_dagrun for example_external_task_marker_child to None, run_after=None
[2026-06-02T06:26:54.456+0000] {logging_mixin.py:188} INFO - [2026-06-02T06:26:54.456+0000] {dag.py:3954} INFO - Setting next_dagrun for example_external_task_marker_parent to None, run_after=None
[2026-06-02T06:26:54.478+0000] {processor.py:183} INFO - Processing /home/airflow/.local/lib/python3.11/site-packages/airflow/example_dags/example_external_task_marker_dag.py took 0.084 seconds
[2026-06-02T06:27:25.192+0000] {processor.py:161} INFO - Started process (PID=14441) to work on /home/airflow/.local/lib/python3.11/site-packages/airflow/example_dags/example_external_task_marker_dag.py
[2026-06-02T06:27:25.193+0000] {processor.py:830} INFO - Processing file /home/airflow/.local/lib/python3.11/site-packages/airflow/example_dags/example_external_task_marker_dag.py for tasks to queue
[2026-06-02T06:27:25.194+0000] {logging_mixin.py:188} INFO - [2026-06-02T06:27:25.194+0000] {dagbag.py:545} INFO - Filling up the DagBag from /home/airflow/.local/lib/python3.11/site-packages/airflow/example_dags/example_external_task_marker_dag.py
[2026-06-02T06:27:25.202+0000] {processor.py:840} INFO - DAG(s) 'example_external_task_marker_child', 'example_external_task_marker_parent' retrieved from /home/airflow/.local/lib/python3.11/site-packages/airflow/example_dags/example_external_task_marker_dag.py
[2026-06-02T06:27:25.229+0000] {logging_mixin.py:188} INFO - [2026-06-02T06:27:25.229+0000] {dag.py:3096} INFO - Sync 2 DAGs
[2026-06-02T06:27:25.243+0000] {logging_mixin.py:188} INFO - [2026-06-02T06:27:25.243+0000] {dag.py:3954} INFO - Setting next_dagrun for example_external_task_marker_child to None, run_after=None
[2026-06-02T06:27:25.246+0000] {logging_mixin.py:188} INFO - [2026-06-02T06:27:25.246+0000] {dag.py:3954} INFO - Setting next_dagrun for example_external_task_marker_parent to None, run_after=None
[2026-06-02T06:27:25.270+0000] {processor.py:183} INFO - Processing /home/airflow/.local/lib/python3.11/site-packages/airflow/example_dags/example_external_task_marker_dag.py took 0.084 seconds
[2026-06-02T06:27:55.456+0000] {processor.py:161} INFO - Started process (PID=14717) to work on /home/airflow/.local/lib/python3.11/site-packages/airflow/example_dags/example_external_task_marker_dag.py
[2026-06-02T06:27:55.457+0000] {processor.py:830} INFO - Processing file /home/airflow/.local/lib/python3.11/site-packages/airflow/example_dags/example_external_task_marker_dag.py for tasks to queue
[2026-06-02T06:27:55.459+0000] {logging_mixin.py:188} INFO - [2026-06-02T06:27:55.458+0000] {dagbag.py:545} INFO - Filling up the DagBag from /home/airflow/.local/lib/python3.11/site-packages/airflow/example_dags/example_external_task_marker_dag.py
[2026-06-02T06:27:55.464+0000] {processor.py:840} INFO - DAG(s) 'example_external_task_marker_child', 'example_external_task_marker_parent' retrieved from /home/airflow/.local/lib/python3.11/site-packages/airflow/example_dags/example_external_task_marker_dag.py
[2026-06-02T06:27:55.486+0000] {logging_mixin.py:188} INFO - [2026-06-02T06:27:55.485+0000] {dag.py:3096} INFO - Sync 2 DAGs
[2026-06-02T06:27:55.496+0000] {logging_mixin.py:188} INFO - [2026-06-02T06:27:55.496+0000] {dag.py:3954} INFO - Setting next_dagrun for example_external_task_marker_child to None, run_after=None
[2026-06-02T06:27:55.499+0000] {logging_mixin.py:188} INFO - [2026-06-02T06:27:55.499+0000] {dag.py:3954} INFO - Setting next_dagrun for example_external_task_marker_parent to None, run_after=None
[2026-06-02T06:27:55.525+0000] {processor.py:183} INFO - Processing /home/airflow/.local/lib/python3.11/site-packages/airflow/example_dags/example_external_task_marker_dag.py took 0.075 seconds
[2026-06-02T06:28:25.774+0000] {processor.py:161} INFO - Started process (PID=14991) to work on /home/airflow/.local/lib/python3.11/site-packages/airflow/example_dags/example_external_task_marker_dag.py
[2026-06-02T06:28:25.775+0000] {processor.py:830} INFO - Processing file /home/airflow/.local/lib/python3.11/site-packages/airflow/example_dags/example_external_task_marker_dag.py for tasks to queue
[2026-06-02T06:28:25.776+0000] {logging_mixin.py:188} INFO - [2026-06-02T06:28:25.776+0000] {dagbag.py:545} INFO - Filling up the DagBag from /home/airflow/.local/lib/python3.11/site-packages/airflow/example_dags/example_external_task_marker_dag.py
[2026-06-02T06:28:25.782+0000] {processor.py:840} INFO - DAG(s) 'example_external_task_marker_child', 'example_external_task_marker_parent' retrieved from /home/airflow/.local/lib/python3.11/site-packages/airflow/example_dags/example_external_task_marker_dag.py
[2026-06-02T06:28:25.803+0000] {logging_mixin.py:188} INFO - [2026-06-02T06:28:25.803+0000] {dag.py:3096} INFO - Sync 2 DAGs
[2026-06-02T06:28:25.813+0000] {logging_mixin.py:188} INFO - [2026-06-02T06:28:25.813+0000] {dag.py:3954} INFO - Setting next_dagrun for example_external_task_marker_child to None, run_after=None
[2026-06-02T06:28:25.816+0000] {logging_mixin.py:188} INFO - [2026-06-02T06:28:25.816+0000] {dag.py:3954} INFO - Setting next_dagrun for example_external_task_marker_parent to None, run_after=None
[2026-06-02T06:28:25.833+0000] {processor.py:183} INFO - Processing /home/airflow/.local/lib/python3.11/site-packages/airflow/example_dags/example_external_task_marker_dag.py took 0.065 seconds
[2026-06-02T06:28:56.068+0000] {processor.py:161} INFO - Started process (PID=15267) to work on /home/airflow/.local/lib/python3.11/site-packages/airflow/example_dags/example_external_task_marker_dag.py
[2026-06-02T06:28:56.068+0000] {processor.py:830} INFO - Processing file /home/airflow/.local/lib/python3.11/site-packages/airflow/example_dags/example_external_task_marker_dag.py for tasks to queue
[2026-06-02T06:28:56.070+0000] {logging_mixin.py:188} INFO - [2026-06-02T06:28:56.070+0000] {dagbag.py:545} INFO - Filling up the DagBag from /home/airflow/.local/lib/python3.11/site-packages/airflow/example_dags/example_external_task_marker_dag.py
[2026-06-02T06:28:56.076+0000] {processor.py:840} INFO - DAG(s) 'example_external_task_marker_child', 'example_external_task_marker_parent' retrieved from /home/airflow/.local/lib/python3.11/site-packages/airflow/example_dags/example_external_task_marker_dag.py
[2026-06-02T06:28:56.098+0000] {logging_mixin.py:188} INFO - [2026-06-02T06:28:56.097+0000] {dag.py:3096} INFO - Sync 2 DAGs
[2026-06-02T06:28:56.109+0000] {logging_mixin.py:188} INFO - [2026-06-02T06:28:56.108+0000] {dag.py:3954} INFO - Setting next_dagrun for example_external_task_marker_child to None, run_after=None
[2026-06-02T06:28:56.112+0000] {logging_mixin.py:188} INFO - [2026-06-02T06:28:56.112+0000] {dag.py:3954} INFO - Setting next_dagrun for example_external_task_marker_parent to None, run_after=None
[2026-06-02T06:28:56.137+0000] {processor.py:183} INFO - Processing /home/airflow/.local/lib/python3.11/site-packages/airflow/example_dags/example_external_task_marker_dag.py took 0.075 seconds
[2026-06-02T06:29:26.385+0000] {processor.py:161} INFO - Started process (PID=15543) to work on /home/airflow/.local/lib/python3.11/site-packages/airflow/example_dags/example_external_task_marker_dag.py
[2026-06-02T06:29:26.386+0000] {processor.py:830} INFO - Processing file /home/airflow/.local/lib/python3.11/site-packages/airflow/example_dags/example_external_task_marker_dag.py for tasks to queue
[2026-06-02T06:29:26.388+0000] {logging_mixin.py:188} INFO - [2026-06-02T06:29:26.388+0000] {dagbag.py:545} INFO - Filling up the DagBag from /home/airflow/.local/lib/python3.11/site-packages/airflow/example_dags/example_external_task_marker_dag.py
[2026-06-02T06:29:26.394+0000] {processor.py:840} INFO - DAG(s) 'example_external_task_marker_child', 'example_external_task_marker_parent' retrieved from /home/airflow/.local/lib/python3.11/site-packages/airflow/example_dags/example_external_task_marker_dag.py
[2026-06-02T06:29:26.414+0000] {logging_mixin.py:188} INFO - [2026-06-02T06:29:26.413+0000] {dag.py:3096} INFO - Sync 2 DAGs
[2026-06-02T06:29:26.424+0000] {logging_mixin.py:188} INFO - [2026-06-02T06:29:26.424+0000] {dag.py:3954} INFO - Setting next_dagrun for example_external_task_marker_child to None, run_after=None
[2026-06-02T06:29:26.429+0000] {logging_mixin.py:188} INFO - [2026-06-02T06:29:26.429+0000] {dag.py:3954} INFO - Setting next_dagrun for example_external_task_marker_parent to None, run_after=None
[2026-06-02T06:29:26.452+0000] {processor.py:183} INFO - Processing /home/airflow/.local/lib/python3.11/site-packages/airflow/example_dags/example_external_task_marker_dag.py took 0.072 seconds
[2026-06-02T06:29:56.863+0000] {processor.py:161} INFO - Started process (PID=15819) to work on /home/airflow/.local/lib/python3.11/site-packages/airflow/example_dags/example_external_task_marker_dag.py
[2026-06-02T06:29:56.864+0000] {processor.py:830} INFO - Processing file /home/airflow/.local/lib/python3.11/site-packages/airflow/example_dags/example_external_task_marker_dag.py for tasks to queue
[2026-06-02T06:29:56.866+0000] {logging_mixin.py:188} INFO - [2026-06-02T06:29:56.866+0000] {dagbag.py:545} INFO - Filling up the DagBag from /home/airflow/.local/lib/python3.11/site-packages/airflow/example_dags/example_external_task_marker_dag.py
[2026-06-02T06:29:56.874+0000] {processor.py:840} INFO - DAG(s) 'example_external_task_marker_child', 'example_external_task_marker_parent' retrieved from /home/airflow/.local/lib/python3.11/site-packages/airflow/example_dags/example_external_task_marker_dag.py
[2026-06-02T06:29:56.898+0000] {logging_mixin.py:188} INFO - [2026-06-02T06:29:56.897+0000] {dag.py:3096} INFO - Sync 2 DAGs
[2026-06-02T06:29:56.910+0000] {logging_mixin.py:188} INFO - [2026-06-02T06:29:56.910+0000] {dag.py:3954} INFO - Setting next_dagrun for example_external_task_marker_child to None, run_after=None
[2026-06-02T06:29:56.914+0000] {logging_mixin.py:188} INFO - [2026-06-02T06:29:56.914+0000] {dag.py:3954} INFO - Setting next_dagrun for example_external_task_marker_parent to None, run_after=None
[2026-06-02T06:29:56.933+0000] {processor.py:183} INFO - Processing /home/airflow/.local/lib/python3.11/site-packages/airflow/example_dags/example_external_task_marker_dag.py took 0.076 seconds
[2026-06-02T06:30:27.247+0000] {processor.py:161} INFO - Started process (PID=16097) to work on /home/airflow/.local/lib/python3.11/site-packages/airflow/example_dags/example_external_task_marker_dag.py
[2026-06-02T06:30:27.248+0000] {processor.py:830} INFO - Processing file /home/airflow/.local/lib/python3.11/site-packages/airflow/example_dags/example_external_task_marker_dag.py for tasks to queue
[2026-06-02T06:30:27.251+0000] {logging_mixin.py:188} INFO - [2026-06-02T06:30:27.250+0000] {dagbag.py:545} INFO - Filling up the DagBag from /home/airflow/.local/lib/python3.11/site-packages/airflow/example_dags/example_external_task_marker_dag.py
[2026-06-02T06:30:27.257+0000] {processor.py:840} INFO - DAG(s) 'example_external_task_marker_child', 'example_external_task_marker_parent' retrieved from /home/airflow/.local/lib/python3.11/site-packages/airflow/example_dags/example_external_task_marker_dag.py
[2026-06-02T06:30:27.282+0000] {logging_mixin.py:188} INFO - [2026-06-02T06:30:27.281+0000] {dag.py:3096} INFO - Sync 2 DAGs
[2026-06-02T06:30:27.295+0000] {logging_mixin.py:188} INFO - [2026-06-02T06:30:27.295+0000] {dag.py:3954} INFO - Setting next_dagrun for example_external_task_marker_child to None, run_after=None
[2026-06-02T06:30:27.299+0000] {logging_mixin.py:188} INFO - [2026-06-02T06:30:27.299+0000] {dag.py:3954} INFO - Setting next_dagrun for example_external_task_marker_parent to None, run_after=None
[2026-06-02T06:30:27.332+0000] {processor.py:183} INFO - Processing /home/airflow/.local/lib/python3.11/site-packages/airflow/example_dags/example_external_task_marker_dag.py took 0.090 seconds
[2026-06-02T06:30:57.379+0000] {processor.py:161} INFO - Started process (PID=16371) to work on /home/airflow/.local/lib/python3.11/site-packages/airflow/example_dags/example_external_task_marker_dag.py
[2026-06-02T06:30:57.379+0000] {processor.py:830} INFO - Processing file /home/airflow/.local/lib/python3.11/site-packages/airflow/example_dags/example_external_task_marker_dag.py for tasks to queue
[2026-06-02T06:30:57.381+0000] {logging_mixin.py:188} INFO - [2026-06-02T06:30:57.381+0000] {dagbag.py:545} INFO - Filling up the DagBag from /home/airflow/.local/lib/python3.11/site-packages/airflow/example_dags/example_external_task_marker_dag.py
[2026-06-02T06:30:57.387+0000] {processor.py:840} INFO - DAG(s) 'example_external_task_marker_parent', 'example_external_task_marker_child' retrieved from /home/airflow/.local/lib/python3.11/site-packages/airflow/example_dags/example_external_task_marker_dag.py
[2026-06-02T06:30:57.408+0000] {logging_mixin.py:188} INFO - [2026-06-02T06:30:57.407+0000] {dag.py:3096} INFO - Sync 2 DAGs
[2026-06-02T06:30:57.419+0000] {logging_mixin.py:188} INFO - [2026-06-02T06:30:57.418+0000] {dag.py:3954} INFO - Setting next_dagrun for example_external_task_marker_child to None, run_after=None
[2026-06-02T06:30:57.422+0000] {logging_mixin.py:188} INFO - [2026-06-02T06:30:57.422+0000] {dag.py:3954} INFO - Setting next_dagrun for example_external_task_marker_parent to None, run_after=None
[2026-06-02T06:30:57.446+0000] {processor.py:183} INFO - Processing /home/airflow/.local/lib/python3.11/site-packages/airflow/example_dags/example_external_task_marker_dag.py took 0.073 seconds
[2026-06-02T06:31:28.218+0000] {processor.py:161} INFO - Started process (PID=16649) to work on /home/airflow/.local/lib/python3.11/site-packages/airflow/example_dags/example_external_task_marker_dag.py
[2026-06-02T06:31:28.220+0000] {processor.py:830} INFO - Processing file /home/airflow/.local/lib/python3.11/site-packages/airflow/example_dags/example_external_task_marker_dag.py for tasks to queue
[2026-06-02T06:31:28.223+0000] {logging_mixin.py:188} INFO - [2026-06-02T06:31:28.222+0000] {dagbag.py:545} INFO - Filling up the DagBag from /home/airflow/.local/lib/python3.11/site-packages/airflow/example_dags/example_external_task_marker_dag.py
[2026-06-02T06:31:28.234+0000] {processor.py:840} INFO - DAG(s) 'example_external_task_marker_parent', 'example_external_task_marker_child' retrieved from /home/airflow/.local/lib/python3.11/site-packages/airflow/example_dags/example_external_task_marker_dag.py
[2026-06-02T06:31:28.265+0000] {logging_mixin.py:188} INFO - [2026-06-02T06:31:28.265+0000] {dag.py:3096} INFO - Sync 2 DAGs
[2026-06-02T06:31:28.283+0000] {logging_mixin.py:188} INFO - [2026-06-02T06:31:28.283+0000] {dag.py:3954} INFO - Setting next_dagrun for example_external_task_marker_child to None, run_after=None
[2026-06-02T06:31:28.290+0000] {logging_mixin.py:188} INFO - [2026-06-02T06:31:28.290+0000] {dag.py:3954} INFO - Setting next_dagrun for example_external_task_marker_parent to None, run_after=None
[2026-06-02T06:31:28.321+0000] {processor.py:183} INFO - Processing /home/airflow/.local/lib/python3.11/site-packages/airflow/example_dags/example_external_task_marker_dag.py took 0.112 seconds
[2026-06-02T06:31:59.905+0000] {processor.py:161} INFO - Started process (PID=16923) to work on /home/airflow/.local/lib/python3.11/site-packages/airflow/example_dags/example_external_task_marker_dag.py
[2026-06-02T06:31:59.908+0000] {processor.py:830} INFO - Processing file /home/airflow/.local/lib/python3.11/site-packages/airflow/example_dags/example_external_task_marker_dag.py for tasks to queue
[2026-06-02T06:31:59.911+0000] {logging_mixin.py:188} INFO - [2026-06-02T06:31:59.910+0000] {dagbag.py:545} INFO - Filling up the DagBag from /home/airflow/.local/lib/python3.11/site-packages/airflow/example_dags/example_external_task_marker_dag.py
[2026-06-02T06:31:59.937+0000] {processor.py:840} INFO - DAG(s) 'example_external_task_marker_child', 'example_external_task_marker_parent' retrieved from /home/airflow/.local/lib/python3.11/site-packages/airflow/example_dags/example_external_task_marker_dag.py
[2026-06-02T06:32:00.003+0000] {logging_mixin.py:188} INFO - [2026-06-02T06:32:00.003+0000] {dag.py:3096} INFO - Sync 2 DAGs
[2026-06-02T06:32:00.043+0000] {logging_mixin.py:188} INFO - [2026-06-02T06:32:00.043+0000] {dag.py:3954} INFO - Setting next_dagrun for example_external_task_marker_child to None, run_after=None
[2026-06-02T06:32:00.051+0000] {logging_mixin.py:188} INFO - [2026-06-02T06:32:00.051+0000] {dag.py:3954} INFO - Setting next_dagrun for example_external_task_marker_parent to None, run_after=None
[2026-06-02T06:32:00.078+0000] {processor.py:183} INFO - Processing /home/airflow/.local/lib/python3.11/site-packages/airflow/example_dags/example_external_task_marker_dag.py took 0.184 seconds
[2026-06-02T06:32:30.164+0000] {processor.py:161} INFO - Started process (PID=17187) to work on /home/airflow/.local/lib/python3.11/site-packages/airflow/example_dags/example_external_task_marker_dag.py
[2026-06-02T06:32:30.165+0000] {processor.py:830} INFO - Processing file /home/airflow/.local/lib/python3.11/site-packages/airflow/example_dags/example_external_task_marker_dag.py for tasks to queue
[2026-06-02T06:32:30.167+0000] {logging_mixin.py:188} INFO - [2026-06-02T06:32:30.166+0000] {dagbag.py:545} INFO - Filling up the DagBag from /home/airflow/.local/lib/python3.11/site-packages/airflow/example_dags/example_external_task_marker_dag.py
[2026-06-02T06:32:30.173+0000] {processor.py:840} INFO - DAG(s) 'example_external_task_marker_child', 'example_external_task_marker_parent' retrieved from /home/airflow/.local/lib/python3.11/site-packages/airflow/example_dags/example_external_task_marker_dag.py
[2026-06-02T06:32:30.194+0000] {logging_mixin.py:188} INFO - [2026-06-02T06:32:30.194+0000] {dag.py:3096} INFO - Sync 2 DAGs
[2026-06-02T06:32:30.204+0000] {logging_mixin.py:188} INFO - [2026-06-02T06:32:30.204+0000] {dag.py:3954} INFO - Setting next_dagrun for example_external_task_marker_child to None, run_after=None
[2026-06-02T06:32:30.207+0000] {logging_mixin.py:188} INFO - [2026-06-02T06:32:30.207+0000] {dag.py:3954} INFO - Setting next_dagrun for example_external_task_marker_parent to None, run_after=None
[2026-06-02T06:32:30.223+0000] {processor.py:183} INFO - Processing /home/airflow/.local/lib/python3.11/site-packages/airflow/example_dags/example_external_task_marker_dag.py took 0.065 seconds
[2026-06-02T06:33:00.762+0000] {processor.py:161} INFO - Started process (PID=17463) to work on /home/airflow/.local/lib/python3.11/site-packages/airflow/example_dags/example_external_task_marker_dag.py
[2026-06-02T06:33:00.763+0000] {processor.py:830} INFO - Processing file /home/airflow/.local/lib/python3.11/site-packages/airflow/example_dags/example_external_task_marker_dag.py for tasks to queue
[2026-06-02T06:33:00.766+0000] {logging_mixin.py:188} INFO - [2026-06-02T06:33:00.766+0000] {dagbag.py:545} INFO - Filling up the DagBag from /home/airflow/.local/lib/python3.11/site-packages/airflow/example_dags/example_external_task_marker_dag.py
[2026-06-02T06:33:00.774+0000] {processor.py:840} INFO - DAG(s) 'example_external_task_marker_parent', 'example_external_task_marker_child' retrieved from /home/airflow/.local/lib/python3.11/site-packages/airflow/example_dags/example_external_task_marker_dag.py
[2026-06-02T06:33:00.797+0000] {logging_mixin.py:188} INFO - [2026-06-02T06:33:00.797+0000] {dag.py:3096} INFO - Sync 2 DAGs
[2026-06-02T06:33:00.808+0000] {logging_mixin.py:188} INFO - [2026-06-02T06:33:00.808+0000] {dag.py:3954} INFO - Setting next_dagrun for example_external_task_marker_child to None, run_after=None
[2026-06-02T06:33:00.812+0000] {logging_mixin.py:188} INFO - [2026-06-02T06:33:00.812+0000] {dag.py:3954} INFO - Setting next_dagrun for example_external_task_marker_parent to None, run_after=None
[2026-06-02T06:33:00.828+0000] {processor.py:183} INFO - Processing /home/airflow/.local/lib/python3.11/site-packages/airflow/example_dags/example_external_task_marker_dag.py took 0.073 seconds
[2026-06-02T06:33:31.129+0000] {processor.py:161} INFO - Started process (PID=17739) to work on /home/airflow/.local/lib/python3.11/site-packages/airflow/example_dags/example_external_task_marker_dag.py
[2026-06-02T06:33:31.130+0000] {processor.py:830} INFO - Processing file /home/airflow/.local/lib/python3.11/site-packages/airflow/example_dags/example_external_task_marker_dag.py for tasks to queue
[2026-06-02T06:33:31.132+0000] {logging_mixin.py:188} INFO - [2026-06-02T06:33:31.132+0000] {dagbag.py:545} INFO - Filling up the DagBag from /home/airflow/.local/lib/python3.11/site-packages/airflow/example_dags/example_external_task_marker_dag.py
[2026-06-02T06:33:31.138+0000] {processor.py:840} INFO - DAG(s) 'example_external_task_marker_child', 'example_external_task_marker_parent' retrieved from /home/airflow/.local/lib/python3.11/site-packages/airflow/example_dags/example_external_task_marker_dag.py
[2026-06-02T06:33:31.160+0000] {logging_mixin.py:188} INFO - [2026-06-02T06:33:31.160+0000] {dag.py:3096} INFO - Sync 2 DAGs
[2026-06-02T06:33:31.172+0000] {logging_mixin.py:188} INFO - [2026-06-02T06:33:31.172+0000] {dag.py:3954} INFO - Setting next_dagrun for example_external_task_marker_child to None, run_after=None
[2026-06-02T06:33:31.175+0000] {logging_mixin.py:188} INFO - [2026-06-02T06:33:31.175+0000] {dag.py:3954} INFO - Setting next_dagrun for example_external_task_marker_parent to None, run_after=None
[2026-06-02T06:33:31.203+0000] {processor.py:183} INFO - Processing /home/airflow/.local/lib/python3.11/site-packages/airflow/example_dags/example_external_task_marker_dag.py took 0.079 seconds
[2026-06-02T06:34:01.707+0000] {processor.py:161} INFO - Started process (PID=18013) to work on /home/airflow/.local/lib/python3.11/site-packages/airflow/example_dags/example_external_task_marker_dag.py
[2026-06-02T06:34:01.708+0000] {processor.py:830} INFO - Processing file /home/airflow/.local/lib/python3.11/site-packages/airflow/example_dags/example_external_task_marker_dag.py for tasks to queue
[2026-06-02T06:34:01.710+0000] {logging_mixin.py:188} INFO - [2026-06-02T06:34:01.710+0000] {dagbag.py:545} INFO - Filling up the DagBag from /home/airflow/.local/lib/python3.11/site-packages/airflow/example_dags/example_external_task_marker_dag.py
[2026-06-02T06:34:01.717+0000] {processor.py:840} INFO - DAG(s) 'example_external_task_marker_parent', 'example_external_task_marker_child' retrieved from /home/airflow/.local/lib/python3.11/site-packages/airflow/example_dags/example_external_task_marker_dag.py
[2026-06-02T06:34:01.739+0000] {logging_mixin.py:188} INFO - [2026-06-02T06:34:01.739+0000] {dag.py:3096} INFO - Sync 2 DAGs
[2026-06-02T06:34:01.750+0000] {logging_mixin.py:188} INFO - [2026-06-02T06:34:01.750+0000] {dag.py:3954} INFO - Setting next_dagrun for example_external_task_marker_child to None, run_after=None
[2026-06-02T06:34:01.754+0000] {logging_mixin.py:188} INFO - [2026-06-02T06:34:01.753+0000] {dag.py:3954} INFO - Setting next_dagrun for example_external_task_marker_parent to None, run_after=None
[2026-06-02T06:34:01.770+0000] {processor.py:183} INFO - Processing /home/airflow/.local/lib/python3.11/site-packages/airflow/example_dags/example_external_task_marker_dag.py took 0.068 seconds
[2026-06-02T06:34:32.140+0000] {processor.py:161} INFO - Started process (PID=18291) to work on /home/airflow/.local/lib/python3.11/site-packages/airflow/example_dags/example_external_task_marker_dag.py
[2026-06-02T06:34:32.141+0000] {processor.py:830} INFO - Processing file /home/airflow/.local/lib/python3.11/site-packages/airflow/example_dags/example_external_task_marker_dag.py for tasks to queue
[2026-06-02T06:34:32.142+0000] {logging_mixin.py:188} INFO - [2026-06-02T06:34:32.142+0000] {dagbag.py:545} INFO - Filling up the DagBag from /home/airflow/.local/lib/python3.11/site-packages/airflow/example_dags/example_external_task_marker_dag.py
[2026-06-02T06:34:32.150+0000] {processor.py:840} INFO - DAG(s) 'example_external_task_marker_parent', 'example_external_task_marker_child' retrieved from /home/airflow/.local/lib/python3.11/site-packages/airflow/example_dags/example_external_task_marker_dag.py
[2026-06-02T06:34:32.173+0000] {logging_mixin.py:188} INFO - [2026-06-02T06:34:32.173+0000] {dag.py:3096} INFO - Sync 2 DAGs
[2026-06-02T06:34:32.186+0000] {logging_mixin.py:188} INFO - [2026-06-02T06:34:32.186+0000] {dag.py:3954} INFO - Setting next_dagrun for example_external_task_marker_child to None, run_after=None
[2026-06-02T06:34:32.191+0000] {logging_mixin.py:188} INFO - [2026-06-02T06:34:32.190+0000] {dag.py:3954} INFO - Setting next_dagrun for example_external_task_marker_parent to None, run_after=None
[2026-06-02T06:34:32.221+0000] {processor.py:183} INFO - Processing /home/airflow/.local/lib/python3.11/site-packages/airflow/example_dags/example_external_task_marker_dag.py took 0.087 seconds
[2026-06-02T06:35:02.691+0000] {processor.py:161} INFO - Started process (PID=18565) to work on /home/airflow/.local/lib/python3.11/site-packages/airflow/example_dags/example_external_task_marker_dag.py
[2026-06-02T06:35:02.692+0000] {processor.py:830} INFO - Processing file /home/airflow/.local/lib/python3.11/site-packages/airflow/example_dags/example_external_task_marker_dag.py for tasks to queue
[2026-06-02T06:35:02.693+0000] {logging_mixin.py:188} INFO - [2026-06-02T06:35:02.693+0000] {dagbag.py:545} INFO - Filling up the DagBag from /home/airflow/.local/lib/python3.11/site-packages/airflow/example_dags/example_external_task_marker_dag.py
[2026-06-02T06:35:02.699+0000] {processor.py:840} INFO - DAG(s) 'example_external_task_marker_parent', 'example_external_task_marker_child' retrieved from /home/airflow/.local/lib/python3.11/site-packages/airflow/example_dags/example_external_task_marker_dag.py
[2026-06-02T06:35:02.721+0000] {logging_mixin.py:188} INFO - [2026-06-02T06:35:02.721+0000] {dag.py:3096} INFO - Sync 2 DAGs
[2026-06-02T06:35:02.733+0000] {logging_mixin.py:188} INFO - [2026-06-02T06:35:02.733+0000] {dag.py:3954} INFO - Setting next_dagrun for example_external_task_marker_child to None, run_after=None
[2026-06-02T06:35:02.736+0000] {logging_mixin.py:188} INFO - [2026-06-02T06:35:02.736+0000] {dag.py:3954} INFO - Setting next_dagrun for example_external_task_marker_parent to None, run_after=None
[2026-06-02T06:35:02.762+0000] {processor.py:183} INFO - Processing /home/airflow/.local/lib/python3.11/site-packages/airflow/example_dags/example_external_task_marker_dag.py took 0.077 seconds
[2026-06-02T06:35:33.183+0000] {processor.py:161} INFO - Started process (PID=18843) to work on /home/airflow/.local/lib/python3.11/site-packages/airflow/example_dags/example_external_task_marker_dag.py
[2026-06-02T06:35:33.184+0000] {processor.py:830} INFO - Processing file /home/airflow/.local/lib/python3.11/site-packages/airflow/example_dags/example_external_task_marker_dag.py for tasks to queue
[2026-06-02T06:35:33.186+0000] {logging_mixin.py:188} INFO - [2026-06-02T06:35:33.186+0000] {dagbag.py:545} INFO - Filling up the DagBag from /home/airflow/.local/lib/python3.11/site-packages/airflow/example_dags/example_external_task_marker_dag.py
[2026-06-02T06:35:33.192+0000] {processor.py:840} INFO - DAG(s) 'example_external_task_marker_child', 'example_external_task_marker_parent' retrieved from /home/airflow/.local/lib/python3.11/site-packages/airflow/example_dags/example_external_task_marker_dag.py
[2026-06-02T06:35:33.216+0000] {logging_mixin.py:188} INFO - [2026-06-02T06:35:33.216+0000] {dag.py:3096} INFO - Sync 2 DAGs
[2026-06-02T06:35:33.227+0000] {logging_mixin.py:188} INFO - [2026-06-02T06:35:33.227+0000] {dag.py:3954} INFO - Setting next_dagrun for example_external_task_marker_child to None, run_after=None
[2026-06-02T06:35:33.231+0000] {logging_mixin.py:188} INFO - [2026-06-02T06:35:33.231+0000] {dag.py:3954} INFO - Setting next_dagrun for example_external_task_marker_parent to None, run_after=None
[2026-06-02T06:35:33.257+0000] {processor.py:183} INFO - Processing /home/airflow/.local/lib/python3.11/site-packages/airflow/example_dags/example_external_task_marker_dag.py took 0.079 seconds
[2026-06-02T06:42:29.432+0000] {processor.py:161} INFO - Started process (PID=300) to work on /home/airflow/.local/lib/python3.11/site-packages/airflow/example_dags/example_external_task_marker_dag.py
[2026-06-02T06:42:29.434+0000] {processor.py:830} INFO - Processing file /home/airflow/.local/lib/python3.11/site-packages/airflow/example_dags/example_external_task_marker_dag.py for tasks to queue
[2026-06-02T06:42:29.436+0000] {logging_mixin.py:188} INFO - [2026-06-02T06:42:29.436+0000] {dagbag.py:545} INFO - Filling up the DagBag from /home/airflow/.local/lib/python3.11/site-packages/airflow/example_dags/example_external_task_marker_dag.py
[2026-06-02T06:42:29.444+0000] {processor.py:840} INFO - DAG(s) 'example_external_task_marker_child', 'example_external_task_marker_parent' retrieved from /home/airflow/.local/lib/python3.11/site-packages/airflow/example_dags/example_external_task_marker_dag.py
[2026-06-02T06:42:29.462+0000] {logging_mixin.py:188} INFO - [2026-06-02T06:42:29.462+0000] {dag.py:3096} INFO - Sync 2 DAGs
[2026-06-02T06:42:29.481+0000] {logging_mixin.py:188} INFO - [2026-06-02T06:42:29.480+0000] {dag.py:3954} INFO - Setting next_dagrun for example_external_task_marker_child to None, run_after=None
[2026-06-02T06:42:29.486+0000] {logging_mixin.py:188} INFO - [2026-06-02T06:42:29.485+0000] {dag.py:3954} INFO - Setting next_dagrun for example_external_task_marker_parent to None, run_after=None
[2026-06-02T06:42:29.509+0000] {processor.py:183} INFO - Processing /home/airflow/.local/lib/python3.11/site-packages/airflow/example_dags/example_external_task_marker_dag.py took 0.084 seconds
[2026-06-02T06:43:00.989+0000] {processor.py:161} INFO - Started process (PID=568) to work on /home/airflow/.local/lib/python3.11/site-packages/airflow/example_dags/example_external_task_marker_dag.py
[2026-06-02T06:43:00.990+0000] {processor.py:830} INFO - Processing file /home/airflow/.local/lib/python3.11/site-packages/airflow/example_dags/example_external_task_marker_dag.py for tasks to queue
[2026-06-02T06:43:00.992+0000] {logging_mixin.py:188} INFO - [2026-06-02T06:43:00.992+0000] {dagbag.py:545} INFO - Filling up the DagBag from /home/airflow/.local/lib/python3.11/site-packages/airflow/example_dags/example_external_task_marker_dag.py
[2026-06-02T06:43:00.998+0000] {processor.py:840} INFO - DAG(s) 'example_external_task_marker_parent', 'example_external_task_marker_child' retrieved from /home/airflow/.local/lib/python3.11/site-packages/airflow/example_dags/example_external_task_marker_dag.py
[2026-06-02T06:43:01.110+0000] {logging_mixin.py:188} INFO - [2026-06-02T06:43:01.110+0000] {dag.py:3096} INFO - Sync 2 DAGs
[2026-06-02T06:43:01.119+0000] {logging_mixin.py:188} INFO - [2026-06-02T06:43:01.119+0000] {dag.py:3954} INFO - Setting next_dagrun for example_external_task_marker_child to None, run_after=None
[2026-06-02T06:43:01.123+0000] {logging_mixin.py:188} INFO - [2026-06-02T06:43:01.122+0000] {dag.py:3954} INFO - Setting next_dagrun for example_external_task_marker_parent to None, run_after=None
[2026-06-02T06:43:01.150+0000] {processor.py:183} INFO - Processing /home/airflow/.local/lib/python3.11/site-packages/airflow/example_dags/example_external_task_marker_dag.py took 0.167 seconds
[2026-06-02T06:43:31.392+0000] {processor.py:161} INFO - Started process (PID=840) to work on /home/airflow/.local/lib/python3.11/site-packages/airflow/example_dags/example_external_task_marker_dag.py
[2026-06-02T06:43:31.393+0000] {processor.py:830} INFO - Processing file /home/airflow/.local/lib/python3.11/site-packages/airflow/example_dags/example_external_task_marker_dag.py for tasks to queue
[2026-06-02T06:43:31.395+0000] {logging_mixin.py:188} INFO - [2026-06-02T06:43:31.395+0000] {dagbag.py:545} INFO - Filling up the DagBag from /home/airflow/.local/lib/python3.11/site-packages/airflow/example_dags/example_external_task_marker_dag.py
[2026-06-02T06:43:31.401+0000] {processor.py:840} INFO - DAG(s) 'example_external_task_marker_child', 'example_external_task_marker_parent' retrieved from /home/airflow/.local/lib/python3.11/site-packages/airflow/example_dags/example_external_task_marker_dag.py
[2026-06-02T06:43:31.427+0000] {logging_mixin.py:188} INFO - [2026-06-02T06:43:31.427+0000] {dag.py:3096} INFO - Sync 2 DAGs
[2026-06-02T06:43:31.439+0000] {logging_mixin.py:188} INFO - [2026-06-02T06:43:31.438+0000] {dag.py:3954} INFO - Setting next_dagrun for example_external_task_marker_child to None, run_after=None
[2026-06-02T06:43:31.442+0000] {logging_mixin.py:188} INFO - [2026-06-02T06:43:31.442+0000] {dag.py:3954} INFO - Setting next_dagrun for example_external_task_marker_parent to None, run_after=None
[2026-06-02T06:43:31.472+0000] {processor.py:183} INFO - Processing /home/airflow/.local/lib/python3.11/site-packages/airflow/example_dags/example_external_task_marker_dag.py took 0.085 seconds
[2026-06-02T06:44:02.380+0000] {processor.py:161} INFO - Started process (PID=1116) to work on /home/airflow/.local/lib/python3.11/site-packages/airflow/example_dags/example_external_task_marker_dag.py
[2026-06-02T06:44:02.381+0000] {processor.py:830} INFO - Processing file /home/airflow/.local/lib/python3.11/site-packages/airflow/example_dags/example_external_task_marker_dag.py for tasks to queue
[2026-06-02T06:44:02.382+0000] {logging_mixin.py:188} INFO - [2026-06-02T06:44:02.382+0000] {dagbag.py:545} INFO - Filling up the DagBag from /home/airflow/.local/lib/python3.11/site-packages/airflow/example_dags/example_external_task_marker_dag.py
[2026-06-02T06:44:02.388+0000] {processor.py:840} INFO - DAG(s) 'example_external_task_marker_parent', 'example_external_task_marker_child' retrieved from /home/airflow/.local/lib/python3.11/site-packages/airflow/example_dags/example_external_task_marker_dag.py
[2026-06-02T06:44:02.412+0000] {logging_mixin.py:188} INFO - [2026-06-02T06:44:02.411+0000] {dag.py:3096} INFO - Sync 2 DAGs
[2026-06-02T06:44:02.422+0000] {logging_mixin.py:188} INFO - [2026-06-02T06:44:02.422+0000] {dag.py:3954} INFO - Setting next_dagrun for example_external_task_marker_child to None, run_after=None
[2026-06-02T06:44:02.425+0000] {logging_mixin.py:188} INFO - [2026-06-02T06:44:02.425+0000] {dag.py:3954} INFO - Setting next_dagrun for example_external_task_marker_parent to None, run_after=None
[2026-06-02T06:44:02.453+0000] {processor.py:183} INFO - Processing /home/airflow/.local/lib/python3.11/site-packages/airflow/example_dags/example_external_task_marker_dag.py took 0.079 seconds
[2026-06-02T06:44:33.124+0000] {processor.py:161} INFO - Started process (PID=1390) to work on /home/airflow/.local/lib/python3.11/site-packages/airflow/example_dags/example_external_task_marker_dag.py
[2026-06-02T06:44:33.125+0000] {processor.py:830} INFO - Processing file /home/airflow/.local/lib/python3.11/site-packages/airflow/example_dags/example_external_task_marker_dag.py for tasks to queue
[2026-06-02T06:44:33.128+0000] {logging_mixin.py:188} INFO - [2026-06-02T06:44:33.127+0000] {dagbag.py:545} INFO - Filling up the DagBag from /home/airflow/.local/lib/python3.11/site-packages/airflow/example_dags/example_external_task_marker_dag.py
[2026-06-02T06:44:33.137+0000] {processor.py:840} INFO - DAG(s) 'example_external_task_marker_child', 'example_external_task_marker_parent' retrieved from /home/airflow/.local/lib/python3.11/site-packages/airflow/example_dags/example_external_task_marker_dag.py
[2026-06-02T06:44:33.163+0000] {logging_mixin.py:188} INFO - [2026-06-02T06:44:33.163+0000] {dag.py:3096} INFO - Sync 2 DAGs
[2026-06-02T06:44:33.178+0000] {logging_mixin.py:188} INFO - [2026-06-02T06:44:33.177+0000] {dag.py:3954} INFO - Setting next_dagrun for example_external_task_marker_child to None, run_after=None
[2026-06-02T06:44:33.182+0000] {logging_mixin.py:188} INFO - [2026-06-02T06:44:33.181+0000] {dag.py:3954} INFO - Setting next_dagrun for example_external_task_marker_parent to None, run_after=None
[2026-06-02T06:44:33.201+0000] {processor.py:183} INFO - Processing /home/airflow/.local/lib/python3.11/site-packages/airflow/example_dags/example_external_task_marker_dag.py took 0.084 seconds
[2026-06-02T06:45:04.085+0000] {processor.py:161} INFO - Started process (PID=1668) to work on /home/airflow/.local/lib/python3.11/site-packages/airflow/example_dags/example_external_task_marker_dag.py
[2026-06-02T06:45:04.086+0000] {processor.py:830} INFO - Processing file /home/airflow/.local/lib/python3.11/site-packages/airflow/example_dags/example_external_task_marker_dag.py for tasks to queue
[2026-06-02T06:45:04.087+0000] {logging_mixin.py:188} INFO - [2026-06-02T06:45:04.087+0000] {dagbag.py:545} INFO - Filling up the DagBag from /home/airflow/.local/lib/python3.11/site-packages/airflow/example_dags/example_external_task_marker_dag.py
[2026-06-02T06:45:04.093+0000] {processor.py:840} INFO - DAG(s) 'example_external_task_marker_parent', 'example_external_task_marker_child' retrieved from /home/airflow/.local/lib/python3.11/site-packages/airflow/example_dags/example_external_task_marker_dag.py
[2026-06-02T06:45:04.116+0000] {logging_mixin.py:188} INFO - [2026-06-02T06:45:04.116+0000] {dag.py:3096} INFO - Sync 2 DAGs
[2026-06-02T06:45:04.127+0000] {logging_mixin.py:188} INFO - [2026-06-02T06:45:04.127+0000] {dag.py:3954} INFO - Setting next_dagrun for example_external_task_marker_child to None, run_after=None
[2026-06-02T06:45:04.131+0000] {logging_mixin.py:188} INFO - [2026-06-02T06:45:04.130+0000] {dag.py:3954} INFO - Setting next_dagrun for example_external_task_marker_parent to None, run_after=None
[2026-06-02T06:45:04.157+0000] {processor.py:183} INFO - Processing /home/airflow/.local/lib/python3.11/site-packages/airflow/example_dags/example_external_task_marker_dag.py took 0.078 seconds
[2026-06-02T06:45:34.573+0000] {processor.py:161} INFO - Started process (PID=1944) to work on /home/airflow/.local/lib/python3.11/site-packages/airflow/example_dags/example_external_task_marker_dag.py
[2026-06-02T06:45:34.574+0000] {processor.py:830} INFO - Processing file /home/airflow/.local/lib/python3.11/site-packages/airflow/example_dags/example_external_task_marker_dag.py for tasks to queue
[2026-06-02T06:45:34.576+0000] {logging_mixin.py:188} INFO - [2026-06-02T06:45:34.576+0000] {dagbag.py:545} INFO - Filling up the DagBag from /home/airflow/.local/lib/python3.11/site-packages/airflow/example_dags/example_external_task_marker_dag.py
[2026-06-02T06:45:34.582+0000] {processor.py:840} INFO - DAG(s) 'example_external_task_marker_child', 'example_external_task_marker_parent' retrieved from /home/airflow/.local/lib/python3.11/site-packages/airflow/example_dags/example_external_task_marker_dag.py
[2026-06-02T06:45:34.603+0000] {logging_mixin.py:188} INFO - [2026-06-02T06:45:34.603+0000] {dag.py:3096} INFO - Sync 2 DAGs
[2026-06-02T06:45:34.614+0000] {logging_mixin.py:188} INFO - [2026-06-02T06:45:34.614+0000] {dag.py:3954} INFO - Setting next_dagrun for example_external_task_marker_child to None, run_after=None
[2026-06-02T06:45:34.617+0000] {logging_mixin.py:188} INFO - [2026-06-02T06:45:34.617+0000] {dag.py:3954} INFO - Setting next_dagrun for example_external_task_marker_parent to None, run_after=None
[2026-06-02T06:45:34.633+0000] {processor.py:183} INFO - Processing /home/airflow/.local/lib/python3.11/site-packages/airflow/example_dags/example_external_task_marker_dag.py took 0.065 seconds
[2026-06-02T06:46:30.315+0000] {processor.py:161} INFO - Started process (PID=305) to work on /home/airflow/.local/lib/python3.11/site-packages/airflow/example_dags/example_external_task_marker_dag.py
[2026-06-02T06:46:30.317+0000] {processor.py:830} INFO - Processing file /home/airflow/.local/lib/python3.11/site-packages/airflow/example_dags/example_external_task_marker_dag.py for tasks to queue
[2026-06-02T06:46:30.322+0000] {logging_mixin.py:188} INFO - [2026-06-02T06:46:30.321+0000] {dagbag.py:545} INFO - Filling up the DagBag from /home/airflow/.local/lib/python3.11/site-packages/airflow/example_dags/example_external_task_marker_dag.py
[2026-06-02T06:46:30.335+0000] {processor.py:840} INFO - DAG(s) 'example_external_task_marker_child', 'example_external_task_marker_parent' retrieved from /home/airflow/.local/lib/python3.11/site-packages/airflow/example_dags/example_external_task_marker_dag.py
[2026-06-02T06:46:30.362+0000] {logging_mixin.py:188} INFO - [2026-06-02T06:46:30.361+0000] {dag.py:3096} INFO - Sync 2 DAGs
[2026-06-02T06:46:30.391+0000] {logging_mixin.py:188} INFO - [2026-06-02T06:46:30.391+0000] {dag.py:3954} INFO - Setting next_dagrun for example_external_task_marker_child to None, run_after=None
[2026-06-02T06:46:30.403+0000] {logging_mixin.py:188} INFO - [2026-06-02T06:46:30.403+0000] {dag.py:3954} INFO - Setting next_dagrun for example_external_task_marker_parent to None, run_after=None
[2026-06-02T06:46:30.438+0000] {processor.py:183} INFO - Processing /home/airflow/.local/lib/python3.11/site-packages/airflow/example_dags/example_external_task_marker_dag.py took 0.134 seconds
[2026-06-02T06:47:00.732+0000] {processor.py:161} INFO - Started process (PID=567) to work on /home/airflow/.local/lib/python3.11/site-packages/airflow/example_dags/example_external_task_marker_dag.py
[2026-06-02T06:47:00.733+0000] {processor.py:830} INFO - Processing file /home/airflow/.local/lib/python3.11/site-packages/airflow/example_dags/example_external_task_marker_dag.py for tasks to queue
[2026-06-02T06:47:00.736+0000] {logging_mixin.py:188} INFO - [2026-06-02T06:47:00.735+0000] {dagbag.py:545} INFO - Filling up the DagBag from /home/airflow/.local/lib/python3.11/site-packages/airflow/example_dags/example_external_task_marker_dag.py
[2026-06-02T06:47:00.747+0000] {processor.py:840} INFO - DAG(s) 'example_external_task_marker_parent', 'example_external_task_marker_child' retrieved from /home/airflow/.local/lib/python3.11/site-packages/airflow/example_dags/example_external_task_marker_dag.py
[2026-06-02T06:47:00.894+0000] {logging_mixin.py:188} INFO - [2026-06-02T06:47:00.893+0000] {dag.py:3096} INFO - Sync 2 DAGs
[2026-06-02T06:47:00.908+0000] {logging_mixin.py:188} INFO - [2026-06-02T06:47:00.908+0000] {dag.py:3954} INFO - Setting next_dagrun for example_external_task_marker_child to None, run_after=None
[2026-06-02T06:47:00.913+0000] {logging_mixin.py:188} INFO - [2026-06-02T06:47:00.912+0000] {dag.py:3954} INFO - Setting next_dagrun for example_external_task_marker_parent to None, run_after=None
[2026-06-02T06:47:00.937+0000] {processor.py:183} INFO - Processing /home/airflow/.local/lib/python3.11/site-packages/airflow/example_dags/example_external_task_marker_dag.py took 0.215 seconds
[2026-06-02T06:47:31.036+0000] {processor.py:161} INFO - Started process (PID=843) to work on /home/airflow/.local/lib/python3.11/site-packages/airflow/example_dags/example_external_task_marker_dag.py
[2026-06-02T06:47:31.037+0000] {processor.py:830} INFO - Processing file /home/airflow/.local/lib/python3.11/site-packages/airflow/example_dags/example_external_task_marker_dag.py for tasks to queue
[2026-06-02T06:47:31.039+0000] {logging_mixin.py:188} INFO - [2026-06-02T06:47:31.039+0000] {dagbag.py:545} INFO - Filling up the DagBag from /home/airflow/.local/lib/python3.11/site-packages/airflow/example_dags/example_external_task_marker_dag.py
[2026-06-02T06:47:31.048+0000] {processor.py:840} INFO - DAG(s) 'example_external_task_marker_child', 'example_external_task_marker_parent' retrieved from /home/airflow/.local/lib/python3.11/site-packages/airflow/example_dags/example_external_task_marker_dag.py
[2026-06-02T06:47:31.078+0000] {logging_mixin.py:188} INFO - [2026-06-02T06:47:31.078+0000] {dag.py:3096} INFO - Sync 2 DAGs
[2026-06-02T06:47:31.098+0000] {logging_mixin.py:188} INFO - [2026-06-02T06:47:31.097+0000] {dag.py:3954} INFO - Setting next_dagrun for example_external_task_marker_child to None, run_after=None
[2026-06-02T06:47:31.103+0000] {logging_mixin.py:188} INFO - [2026-06-02T06:47:31.103+0000] {dag.py:3954} INFO - Setting next_dagrun for example_external_task_marker_parent to None, run_after=None
[2026-06-02T06:47:31.129+0000] {processor.py:183} INFO - Processing /home/airflow/.local/lib/python3.11/site-packages/airflow/example_dags/example_external_task_marker_dag.py took 0.100 seconds
[2026-06-02T06:48:01.385+0000] {processor.py:161} INFO - Started process (PID=1121) to work on /home/airflow/.local/lib/python3.11/site-packages/airflow/example_dags/example_external_task_marker_dag.py
[2026-06-02T06:48:01.386+0000] {processor.py:830} INFO - Processing file /home/airflow/.local/lib/python3.11/site-packages/airflow/example_dags/example_external_task_marker_dag.py for tasks to queue
[2026-06-02T06:48:01.388+0000] {logging_mixin.py:188} INFO - [2026-06-02T06:48:01.388+0000] {dagbag.py:545} INFO - Filling up the DagBag from /home/airflow/.local/lib/python3.11/site-packages/airflow/example_dags/example_external_task_marker_dag.py
[2026-06-02T06:48:01.397+0000] {processor.py:840} INFO - DAG(s) 'example_external_task_marker_child', 'example_external_task_marker_parent' retrieved from /home/airflow/.local/lib/python3.11/site-packages/airflow/example_dags/example_external_task_marker_dag.py
[2026-06-02T06:48:01.433+0000] {logging_mixin.py:188} INFO - [2026-06-02T06:48:01.433+0000] {dag.py:3096} INFO - Sync 2 DAGs
[2026-06-02T06:48:01.453+0000] {logging_mixin.py:188} INFO - [2026-06-02T06:48:01.453+0000] {dag.py:3954} INFO - Setting next_dagrun for example_external_task_marker_child to None, run_after=None
[2026-06-02T06:48:01.458+0000] {logging_mixin.py:188} INFO - [2026-06-02T06:48:01.457+0000] {dag.py:3954} INFO - Setting next_dagrun for example_external_task_marker_parent to None, run_after=None
[2026-06-02T06:48:01.483+0000] {processor.py:183} INFO - Processing /home/airflow/.local/lib/python3.11/site-packages/airflow/example_dags/example_external_task_marker_dag.py took 0.105 seconds
[2026-06-02T06:48:32.052+0000] {processor.py:161} INFO - Started process (PID=1395) to work on /home/airflow/.local/lib/python3.11/site-packages/airflow/example_dags/example_external_task_marker_dag.py
[2026-06-02T06:48:32.054+0000] {processor.py:830} INFO - Processing file /home/airflow/.local/lib/python3.11/site-packages/airflow/example_dags/example_external_task_marker_dag.py for tasks to queue
[2026-06-02T06:48:32.058+0000] {logging_mixin.py:188} INFO - [2026-06-02T06:48:32.057+0000] {dagbag.py:545} INFO - Filling up the DagBag from /home/airflow/.local/lib/python3.11/site-packages/airflow/example_dags/example_external_task_marker_dag.py
[2026-06-02T06:48:32.069+0000] {processor.py:840} INFO - DAG(s) 'example_external_task_marker_parent', 'example_external_task_marker_child' retrieved from /home/airflow/.local/lib/python3.11/site-packages/airflow/example_dags/example_external_task_marker_dag.py
[2026-06-02T06:48:32.115+0000] {logging_mixin.py:188} INFO - [2026-06-02T06:48:32.114+0000] {dag.py:3096} INFO - Sync 2 DAGs
[2026-06-02T06:48:32.138+0000] {logging_mixin.py:188} INFO - [2026-06-02T06:48:32.138+0000] {dag.py:3954} INFO - Setting next_dagrun for example_external_task_marker_child to None, run_after=None
[2026-06-02T06:48:32.147+0000] {logging_mixin.py:188} INFO - [2026-06-02T06:48:32.146+0000] {dag.py:3954} INFO - Setting next_dagrun for example_external_task_marker_parent to None, run_after=None
[2026-06-02T06:48:32.180+0000] {processor.py:183} INFO - Processing /home/airflow/.local/lib/python3.11/site-packages/airflow/example_dags/example_external_task_marker_dag.py took 0.141 seconds
[2026-06-02T06:49:02.449+0000] {processor.py:161} INFO - Started process (PID=1673) to work on /home/airflow/.local/lib/python3.11/site-packages/airflow/example_dags/example_external_task_marker_dag.py
[2026-06-02T06:49:02.451+0000] {processor.py:830} INFO - Processing file /home/airflow/.local/lib/python3.11/site-packages/airflow/example_dags/example_external_task_marker_dag.py for tasks to queue
[2026-06-02T06:49:02.453+0000] {logging_mixin.py:188} INFO - [2026-06-02T06:49:02.452+0000] {dagbag.py:545} INFO - Filling up the DagBag from /home/airflow/.local/lib/python3.11/site-packages/airflow/example_dags/example_external_task_marker_dag.py
[2026-06-02T06:49:02.461+0000] {processor.py:840} INFO - DAG(s) 'example_external_task_marker_parent', 'example_external_task_marker_child' retrieved from /home/airflow/.local/lib/python3.11/site-packages/airflow/example_dags/example_external_task_marker_dag.py
[2026-06-02T06:49:02.494+0000] {logging_mixin.py:188} INFO - [2026-06-02T06:49:02.494+0000] {dag.py:3096} INFO - Sync 2 DAGs
[2026-06-02T06:49:02.508+0000] {logging_mixin.py:188} INFO - [2026-06-02T06:49:02.508+0000] {dag.py:3954} INFO - Setting next_dagrun for example_external_task_marker_child to None, run_after=None
[2026-06-02T06:49:02.513+0000] {logging_mixin.py:188} INFO - [2026-06-02T06:49:02.513+0000] {dag.py:3954} INFO - Setting next_dagrun for example_external_task_marker_parent to None, run_after=None
[2026-06-02T06:49:02.540+0000] {processor.py:183} INFO - Processing /home/airflow/.local/lib/python3.11/site-packages/airflow/example_dags/example_external_task_marker_dag.py took 0.099 seconds
[2026-06-02T06:49:32.953+0000] {processor.py:161} INFO - Started process (PID=1947) to work on /home/airflow/.local/lib/python3.11/site-packages/airflow/example_dags/example_external_task_marker_dag.py
[2026-06-02T06:49:32.954+0000] {processor.py:830} INFO - Processing file /home/airflow/.local/lib/python3.11/site-packages/airflow/example_dags/example_external_task_marker_dag.py for tasks to queue
[2026-06-02T06:49:32.957+0000] {logging_mixin.py:188} INFO - [2026-06-02T06:49:32.956+0000] {dagbag.py:545} INFO - Filling up the DagBag from /home/airflow/.local/lib/python3.11/site-packages/airflow/example_dags/example_external_task_marker_dag.py
[2026-06-02T06:49:32.964+0000] {processor.py:840} INFO - DAG(s) 'example_external_task_marker_child', 'example_external_task_marker_parent' retrieved from /home/airflow/.local/lib/python3.11/site-packages/airflow/example_dags/example_external_task_marker_dag.py
[2026-06-02T06:49:32.991+0000] {logging_mixin.py:188} INFO - [2026-06-02T06:49:32.991+0000] {dag.py:3096} INFO - Sync 2 DAGs
[2026-06-02T06:49:33.009+0000] {logging_mixin.py:188} INFO - [2026-06-02T06:49:33.009+0000] {dag.py:3954} INFO - Setting next_dagrun for example_external_task_marker_child to None, run_after=None
[2026-06-02T06:49:33.014+0000] {logging_mixin.py:188} INFO - [2026-06-02T06:49:33.014+0000] {dag.py:3954} INFO - Setting next_dagrun for example_external_task_marker_parent to None, run_after=None
[2026-06-02T06:49:33.038+0000] {processor.py:183} INFO - Processing /home/airflow/.local/lib/python3.11/site-packages/airflow/example_dags/example_external_task_marker_dag.py took 0.093 seconds
[2026-06-02T06:50:03.290+0000] {processor.py:161} INFO - Started process (PID=2225) to work on /home/airflow/.local/lib/python3.11/site-packages/airflow/example_dags/example_external_task_marker_dag.py
[2026-06-02T06:50:03.291+0000] {processor.py:830} INFO - Processing file /home/airflow/.local/lib/python3.11/site-packages/airflow/example_dags/example_external_task_marker_dag.py for tasks to queue
[2026-06-02T06:50:03.293+0000] {logging_mixin.py:188} INFO - [2026-06-02T06:50:03.293+0000] {dagbag.py:545} INFO - Filling up the DagBag from /home/airflow/.local/lib/python3.11/site-packages/airflow/example_dags/example_external_task_marker_dag.py
[2026-06-02T06:50:03.300+0000] {processor.py:840} INFO - DAG(s) 'example_external_task_marker_child', 'example_external_task_marker_parent' retrieved from /home/airflow/.local/lib/python3.11/site-packages/airflow/example_dags/example_external_task_marker_dag.py
[2026-06-02T06:50:03.327+0000] {logging_mixin.py:188} INFO - [2026-06-02T06:50:03.327+0000] {dag.py:3096} INFO - Sync 2 DAGs
[2026-06-02T06:50:03.341+0000] {logging_mixin.py:188} INFO - [2026-06-02T06:50:03.341+0000] {dag.py:3954} INFO - Setting next_dagrun for example_external_task_marker_child to None, run_after=None
[2026-06-02T06:50:03.346+0000] {logging_mixin.py:188} INFO - [2026-06-02T06:50:03.346+0000] {dag.py:3954} INFO - Setting next_dagrun for example_external_task_marker_parent to None, run_after=None
[2026-06-02T06:50:03.374+0000] {processor.py:183} INFO - Processing /home/airflow/.local/lib/python3.11/site-packages/airflow/example_dags/example_external_task_marker_dag.py took 0.091 seconds
[2026-06-02T06:50:33.622+0000] {processor.py:161} INFO - Started process (PID=2501) to work on /home/airflow/.local/lib/python3.11/site-packages/airflow/example_dags/example_external_task_marker_dag.py
[2026-06-02T06:50:33.623+0000] {processor.py:830} INFO - Processing file /home/airflow/.local/lib/python3.11/site-packages/airflow/example_dags/example_external_task_marker_dag.py for tasks to queue
[2026-06-02T06:50:33.625+0000] {logging_mixin.py:188} INFO - [2026-06-02T06:50:33.625+0000] {dagbag.py:545} INFO - Filling up the DagBag from /home/airflow/.local/lib/python3.11/site-packages/airflow/example_dags/example_external_task_marker_dag.py
[2026-06-02T06:50:33.633+0000] {processor.py:840} INFO - DAG(s) 'example_external_task_marker_child', 'example_external_task_marker_parent' retrieved from /home/airflow/.local/lib/python3.11/site-packages/airflow/example_dags/example_external_task_marker_dag.py
[2026-06-02T06:50:33.662+0000] {logging_mixin.py:188} INFO - [2026-06-02T06:50:33.662+0000] {dag.py:3096} INFO - Sync 2 DAGs
[2026-06-02T06:50:33.680+0000] {logging_mixin.py:188} INFO - [2026-06-02T06:50:33.679+0000] {dag.py:3954} INFO - Setting next_dagrun for example_external_task_marker_child to None, run_after=None
[2026-06-02T06:50:33.688+0000] {logging_mixin.py:188} INFO - [2026-06-02T06:50:33.688+0000] {dag.py:3954} INFO - Setting next_dagrun for example_external_task_marker_parent to None, run_after=None
[2026-06-02T06:50:33.720+0000] {processor.py:183} INFO - Processing /home/airflow/.local/lib/python3.11/site-packages/airflow/example_dags/example_external_task_marker_dag.py took 0.105 seconds
[2026-06-02T06:51:04.002+0000] {processor.py:161} INFO - Started process (PID=2777) to work on /home/airflow/.local/lib/python3.11/site-packages/airflow/example_dags/example_external_task_marker_dag.py
[2026-06-02T06:51:04.003+0000] {processor.py:830} INFO - Processing file /home/airflow/.local/lib/python3.11/site-packages/airflow/example_dags/example_external_task_marker_dag.py for tasks to queue
[2026-06-02T06:51:04.006+0000] {logging_mixin.py:188} INFO - [2026-06-02T06:51:04.006+0000] {dagbag.py:545} INFO - Filling up the DagBag from /home/airflow/.local/lib/python3.11/site-packages/airflow/example_dags/example_external_task_marker_dag.py
[2026-06-02T06:51:04.016+0000] {processor.py:840} INFO - DAG(s) 'example_external_task_marker_child', 'example_external_task_marker_parent' retrieved from /home/airflow/.local/lib/python3.11/site-packages/airflow/example_dags/example_external_task_marker_dag.py
[2026-06-02T06:51:04.051+0000] {logging_mixin.py:188} INFO - [2026-06-02T06:51:04.050+0000] {dag.py:3096} INFO - Sync 2 DAGs
[2026-06-02T06:51:04.070+0000] {logging_mixin.py:188} INFO - [2026-06-02T06:51:04.069+0000] {dag.py:3954} INFO - Setting next_dagrun for example_external_task_marker_child to None, run_after=None
[2026-06-02T06:51:04.074+0000] {logging_mixin.py:188} INFO - [2026-06-02T06:51:04.074+0000] {dag.py:3954} INFO - Setting next_dagrun for example_external_task_marker_parent to None, run_after=None
[2026-06-02T06:51:04.104+0000] {processor.py:183} INFO - Processing /home/airflow/.local/lib/python3.11/site-packages/airflow/example_dags/example_external_task_marker_dag.py took 0.111 seconds
[2026-06-02T06:51:34.461+0000] {processor.py:161} INFO - Started process (PID=3051) to work on /home/airflow/.local/lib/python3.11/site-packages/airflow/example_dags/example_external_task_marker_dag.py
[2026-06-02T06:51:34.463+0000] {processor.py:830} INFO - Processing file /home/airflow/.local/lib/python3.11/site-packages/airflow/example_dags/example_external_task_marker_dag.py for tasks to queue
[2026-06-02T06:51:34.466+0000] {logging_mixin.py:188} INFO - [2026-06-02T06:51:34.465+0000] {dagbag.py:545} INFO - Filling up the DagBag from /home/airflow/.local/lib/python3.11/site-packages/airflow/example_dags/example_external_task_marker_dag.py
[2026-06-02T06:51:34.475+0000] {processor.py:840} INFO - DAG(s) 'example_external_task_marker_parent', 'example_external_task_marker_child' retrieved from /home/airflow/.local/lib/python3.11/site-packages/airflow/example_dags/example_external_task_marker_dag.py
[2026-06-02T06:51:34.502+0000] {logging_mixin.py:188} INFO - [2026-06-02T06:51:34.502+0000] {dag.py:3096} INFO - Sync 2 DAGs
[2026-06-02T06:51:34.519+0000] {logging_mixin.py:188} INFO - [2026-06-02T06:51:34.519+0000] {dag.py:3954} INFO - Setting next_dagrun for example_external_task_marker_child to None, run_after=None
[2026-06-02T06:51:34.524+0000] {logging_mixin.py:188} INFO - [2026-06-02T06:51:34.523+0000] {dag.py:3954} INFO - Setting next_dagrun for example_external_task_marker_parent to None, run_after=None
[2026-06-02T06:51:34.548+0000] {processor.py:183} INFO - Processing /home/airflow/.local/lib/python3.11/site-packages/airflow/example_dags/example_external_task_marker_dag.py took 0.096 seconds
[2026-06-02T06:52:04.748+0000] {processor.py:161} INFO - Started process (PID=3327) to work on /home/airflow/.local/lib/python3.11/site-packages/airflow/example_dags/example_external_task_marker_dag.py
[2026-06-02T06:52:04.750+0000] {processor.py:830} INFO - Processing file /home/airflow/.local/lib/python3.11/site-packages/airflow/example_dags/example_external_task_marker_dag.py for tasks to queue
[2026-06-02T06:52:04.754+0000] {logging_mixin.py:188} INFO - [2026-06-02T06:52:04.753+0000] {dagbag.py:545} INFO - Filling up the DagBag from /home/airflow/.local/lib/python3.11/site-packages/airflow/example_dags/example_external_task_marker_dag.py
[2026-06-02T06:52:04.766+0000] {processor.py:840} INFO - DAG(s) 'example_external_task_marker_child', 'example_external_task_marker_parent' retrieved from /home/airflow/.local/lib/python3.11/site-packages/airflow/example_dags/example_external_task_marker_dag.py
[2026-06-02T06:52:04.801+0000] {logging_mixin.py:188} INFO - [2026-06-02T06:52:04.801+0000] {dag.py:3096} INFO - Sync 2 DAGs
[2026-06-02T06:52:04.820+0000] {logging_mixin.py:188} INFO - [2026-06-02T06:52:04.820+0000] {dag.py:3954} INFO - Setting next_dagrun for example_external_task_marker_child to None, run_after=None
[2026-06-02T06:52:04.826+0000] {logging_mixin.py:188} INFO - [2026-06-02T06:52:04.826+0000] {dag.py:3954} INFO - Setting next_dagrun for example_external_task_marker_parent to None, run_after=None
[2026-06-02T06:52:04.850+0000] {processor.py:183} INFO - Processing /home/airflow/.local/lib/python3.11/site-packages/airflow/example_dags/example_external_task_marker_dag.py took 0.114 seconds
[2026-06-02T07:09:02.669+0000] {processor.py:161} INFO - Started process (PID=3601) to work on /home/airflow/.local/lib/python3.11/site-packages/airflow/example_dags/example_external_task_marker_dag.py
[2026-06-02T07:09:02.671+0000] {processor.py:830} INFO - Processing file /home/airflow/.local/lib/python3.11/site-packages/airflow/example_dags/example_external_task_marker_dag.py for tasks to queue
[2026-06-02T07:09:02.673+0000] {logging_mixin.py:188} INFO - [2026-06-02T07:09:02.673+0000] {dagbag.py:545} INFO - Filling up the DagBag from /home/airflow/.local/lib/python3.11/site-packages/airflow/example_dags/example_external_task_marker_dag.py
[2026-06-02T07:09:02.680+0000] {processor.py:840} INFO - DAG(s) 'example_external_task_marker_child', 'example_external_task_marker_parent' retrieved from /home/airflow/.local/lib/python3.11/site-packages/airflow/example_dags/example_external_task_marker_dag.py
[2026-06-02T07:09:02.706+0000] {logging_mixin.py:188} INFO - [2026-06-02T07:09:02.706+0000] {dag.py:3096} INFO - Sync 2 DAGs
[2026-06-02T07:09:02.720+0000] {logging_mixin.py:188} INFO - [2026-06-02T07:09:02.719+0000] {dag.py:3954} INFO - Setting next_dagrun for example_external_task_marker_child to None, run_after=None
[2026-06-02T07:09:02.724+0000] {logging_mixin.py:188} INFO - [2026-06-02T07:09:02.724+0000] {dag.py:3954} INFO - Setting next_dagrun for example_external_task_marker_parent to None, run_after=None
[2026-06-02T07:09:02.746+0000] {processor.py:183} INFO - Processing /home/airflow/.local/lib/python3.11/site-packages/airflow/example_dags/example_external_task_marker_dag.py took 0.083 seconds
[2026-06-02T07:09:33.767+0000] {processor.py:161} INFO - Started process (PID=3877) to work on /home/airflow/.local/lib/python3.11/site-packages/airflow/example_dags/example_external_task_marker_dag.py
[2026-06-02T07:09:33.768+0000] {processor.py:830} INFO - Processing file /home/airflow/.local/lib/python3.11/site-packages/airflow/example_dags/example_external_task_marker_dag.py for tasks to queue
[2026-06-02T07:09:33.771+0000] {logging_mixin.py:188} INFO - [2026-06-02T07:09:33.770+0000] {dagbag.py:545} INFO - Filling up the DagBag from /home/airflow/.local/lib/python3.11/site-packages/airflow/example_dags/example_external_task_marker_dag.py
[2026-06-02T07:09:33.783+0000] {processor.py:840} INFO - DAG(s) 'example_external_task_marker_parent', 'example_external_task_marker_child' retrieved from /home/airflow/.local/lib/python3.11/site-packages/airflow/example_dags/example_external_task_marker_dag.py
[2026-06-02T07:09:33.813+0000] {logging_mixin.py:188} INFO - [2026-06-02T07:09:33.813+0000] {dag.py:3096} INFO - Sync 2 DAGs
[2026-06-02T07:09:33.829+0000] {logging_mixin.py:188} INFO - [2026-06-02T07:09:33.828+0000] {dag.py:3954} INFO - Setting next_dagrun for example_external_task_marker_child to None, run_after=None
[2026-06-02T07:09:33.832+0000] {logging_mixin.py:188} INFO - [2026-06-02T07:09:33.832+0000] {dag.py:3954} INFO - Setting next_dagrun for example_external_task_marker_parent to None, run_after=None
[2026-06-02T07:09:33.852+0000] {processor.py:183} INFO - Processing /home/airflow/.local/lib/python3.11/site-packages/airflow/example_dags/example_external_task_marker_dag.py took 0.092 seconds
[2026-06-02T07:10:04.881+0000] {processor.py:161} INFO - Started process (PID=4145) to work on /home/airflow/.local/lib/python3.11/site-packages/airflow/example_dags/example_external_task_marker_dag.py
[2026-06-02T07:10:04.883+0000] {processor.py:830} INFO - Processing file /home/airflow/.local/lib/python3.11/site-packages/airflow/example_dags/example_external_task_marker_dag.py for tasks to queue
[2026-06-02T07:10:04.885+0000] {logging_mixin.py:188} INFO - [2026-06-02T07:10:04.884+0000] {dagbag.py:545} INFO - Filling up the DagBag from /home/airflow/.local/lib/python3.11/site-packages/airflow/example_dags/example_external_task_marker_dag.py
[2026-06-02T07:10:04.891+0000] {processor.py:840} INFO - DAG(s) 'example_external_task_marker_child', 'example_external_task_marker_parent' retrieved from /home/airflow/.local/lib/python3.11/site-packages/airflow/example_dags/example_external_task_marker_dag.py
[2026-06-02T07:10:04.920+0000] {logging_mixin.py:188} INFO - [2026-06-02T07:10:04.919+0000] {dag.py:3096} INFO - Sync 2 DAGs
[2026-06-02T07:10:04.937+0000] {logging_mixin.py:188} INFO - [2026-06-02T07:10:04.937+0000] {dag.py:3954} INFO - Setting next_dagrun for example_external_task_marker_child to None, run_after=None
[2026-06-02T07:10:04.942+0000] {logging_mixin.py:188} INFO - [2026-06-02T07:10:04.941+0000] {dag.py:3954} INFO - Setting next_dagrun for example_external_task_marker_parent to None, run_after=None
[2026-06-02T07:10:04.971+0000] {processor.py:183} INFO - Processing /home/airflow/.local/lib/python3.11/site-packages/airflow/example_dags/example_external_task_marker_dag.py took 0.097 seconds
[2026-06-02T07:10:35.333+0000] {processor.py:161} INFO - Started process (PID=4417) to work on /home/airflow/.local/lib/python3.11/site-packages/airflow/example_dags/example_external_task_marker_dag.py
[2026-06-02T07:10:35.335+0000] {processor.py:830} INFO - Processing file /home/airflow/.local/lib/python3.11/site-packages/airflow/example_dags/example_external_task_marker_dag.py for tasks to queue
[2026-06-02T07:10:35.337+0000] {logging_mixin.py:188} INFO - [2026-06-02T07:10:35.337+0000] {dagbag.py:545} INFO - Filling up the DagBag from /home/airflow/.local/lib/python3.11/site-packages/airflow/example_dags/example_external_task_marker_dag.py
[2026-06-02T07:10:35.347+0000] {processor.py:840} INFO - DAG(s) 'example_external_task_marker_parent', 'example_external_task_marker_child' retrieved from /home/airflow/.local/lib/python3.11/site-packages/airflow/example_dags/example_external_task_marker_dag.py
[2026-06-02T07:10:35.376+0000] {logging_mixin.py:188} INFO - [2026-06-02T07:10:35.376+0000] {dag.py:3096} INFO - Sync 2 DAGs
[2026-06-02T07:10:35.387+0000] {logging_mixin.py:188} INFO - [2026-06-02T07:10:35.387+0000] {dag.py:3954} INFO - Setting next_dagrun for example_external_task_marker_child to None, run_after=None
[2026-06-02T07:10:35.391+0000] {logging_mixin.py:188} INFO - [2026-06-02T07:10:35.391+0000] {dag.py:3954} INFO - Setting next_dagrun for example_external_task_marker_parent to None, run_after=None
[2026-06-02T07:10:35.420+0000] {processor.py:183} INFO - Processing /home/airflow/.local/lib/python3.11/site-packages/airflow/example_dags/example_external_task_marker_dag.py took 0.097 seconds
[2026-06-02T07:11:06.389+0000] {processor.py:161} INFO - Started process (PID=4693) to work on /home/airflow/.local/lib/python3.11/site-packages/airflow/example_dags/example_external_task_marker_dag.py
[2026-06-02T07:11:06.390+0000] {processor.py:830} INFO - Processing file /home/airflow/.local/lib/python3.11/site-packages/airflow/example_dags/example_external_task_marker_dag.py for tasks to queue
[2026-06-02T07:11:06.393+0000] {logging_mixin.py:188} INFO - [2026-06-02T07:11:06.392+0000] {dagbag.py:545} INFO - Filling up the DagBag from /home/airflow/.local/lib/python3.11/site-packages/airflow/example_dags/example_external_task_marker_dag.py
[2026-06-02T07:11:06.402+0000] {processor.py:840} INFO - DAG(s) 'example_external_task_marker_parent', 'example_external_task_marker_child' retrieved from /home/airflow/.local/lib/python3.11/site-packages/airflow/example_dags/example_external_task_marker_dag.py
[2026-06-02T07:11:06.443+0000] {logging_mixin.py:188} INFO - [2026-06-02T07:11:06.443+0000] {dag.py:3096} INFO - Sync 2 DAGs
[2026-06-02T07:11:06.475+0000] {logging_mixin.py:188} INFO - [2026-06-02T07:11:06.474+0000] {dag.py:3954} INFO - Setting next_dagrun for example_external_task_marker_child to None, run_after=None
[2026-06-02T07:11:06.480+0000] {logging_mixin.py:188} INFO - [2026-06-02T07:11:06.480+0000] {dag.py:3954} INFO - Setting next_dagrun for example_external_task_marker_parent to None, run_after=None
[2026-06-02T07:11:06.522+0000] {processor.py:183} INFO - Processing /home/airflow/.local/lib/python3.11/site-packages/airflow/example_dags/example_external_task_marker_dag.py took 0.141 seconds
[2026-06-02T07:11:37.958+0000] {processor.py:161} INFO - Started process (PID=4967) to work on /home/airflow/.local/lib/python3.11/site-packages/airflow/example_dags/example_external_task_marker_dag.py
[2026-06-02T07:11:37.961+0000] {processor.py:830} INFO - Processing file /home/airflow/.local/lib/python3.11/site-packages/airflow/example_dags/example_external_task_marker_dag.py for tasks to queue
[2026-06-02T07:11:37.964+0000] {logging_mixin.py:188} INFO - [2026-06-02T07:11:37.964+0000] {dagbag.py:545} INFO - Filling up the DagBag from /home/airflow/.local/lib/python3.11/site-packages/airflow/example_dags/example_external_task_marker_dag.py
[2026-06-02T07:11:37.983+0000] {processor.py:840} INFO - DAG(s) 'example_external_task_marker_parent', 'example_external_task_marker_child' retrieved from /home/airflow/.local/lib/python3.11/site-packages/airflow/example_dags/example_external_task_marker_dag.py
[2026-06-02T07:11:38.036+0000] {logging_mixin.py:188} INFO - [2026-06-02T07:11:38.034+0000] {dag.py:3096} INFO - Sync 2 DAGs
[2026-06-02T07:11:38.065+0000] {logging_mixin.py:188} INFO - [2026-06-02T07:11:38.065+0000] {dag.py:3954} INFO - Setting next_dagrun for example_external_task_marker_child to None, run_after=None
[2026-06-02T07:11:38.071+0000] {logging_mixin.py:188} INFO - [2026-06-02T07:11:38.071+0000] {dag.py:3954} INFO - Setting next_dagrun for example_external_task_marker_parent to None, run_after=None
[2026-06-02T07:11:38.118+0000] {processor.py:183} INFO - Processing /home/airflow/.local/lib/python3.11/site-packages/airflow/example_dags/example_external_task_marker_dag.py took 0.173 seconds
[2026-06-02T07:12:08.419+0000] {processor.py:161} INFO - Started process (PID=5243) to work on /home/airflow/.local/lib/python3.11/site-packages/airflow/example_dags/example_external_task_marker_dag.py
[2026-06-02T07:12:08.424+0000] {processor.py:830} INFO - Processing file /home/airflow/.local/lib/python3.11/site-packages/airflow/example_dags/example_external_task_marker_dag.py for tasks to queue
[2026-06-02T07:12:08.427+0000] {logging_mixin.py:188} INFO - [2026-06-02T07:12:08.427+0000] {dagbag.py:545} INFO - Filling up the DagBag from /home/airflow/.local/lib/python3.11/site-packages/airflow/example_dags/example_external_task_marker_dag.py
[2026-06-02T07:12:08.457+0000] {processor.py:840} INFO - DAG(s) 'example_external_task_marker_parent', 'example_external_task_marker_child' retrieved from /home/airflow/.local/lib/python3.11/site-packages/airflow/example_dags/example_external_task_marker_dag.py
[2026-06-02T07:12:08.531+0000] {logging_mixin.py:188} INFO - [2026-06-02T07:12:08.531+0000] {dag.py:3096} INFO - Sync 2 DAGs
[2026-06-02T07:12:08.565+0000] {logging_mixin.py:188} INFO - [2026-06-02T07:12:08.564+0000] {dag.py:3954} INFO - Setting next_dagrun for example_external_task_marker_child to None, run_after=None
[2026-06-02T07:12:08.571+0000] {logging_mixin.py:188} INFO - [2026-06-02T07:12:08.571+0000] {dag.py:3954} INFO - Setting next_dagrun for example_external_task_marker_parent to None, run_after=None
[2026-06-02T07:12:08.601+0000] {processor.py:183} INFO - Processing /home/airflow/.local/lib/python3.11/site-packages/airflow/example_dags/example_external_task_marker_dag.py took 0.194 seconds
[2026-06-02T07:12:38.945+0000] {processor.py:161} INFO - Started process (PID=5515) to work on /home/airflow/.local/lib/python3.11/site-packages/airflow/example_dags/example_external_task_marker_dag.py
[2026-06-02T07:12:38.946+0000] {processor.py:830} INFO - Processing file /home/airflow/.local/lib/python3.11/site-packages/airflow/example_dags/example_external_task_marker_dag.py for tasks to queue
[2026-06-02T07:12:38.950+0000] {logging_mixin.py:188} INFO - [2026-06-02T07:12:38.950+0000] {dagbag.py:545} INFO - Filling up the DagBag from /home/airflow/.local/lib/python3.11/site-packages/airflow/example_dags/example_external_task_marker_dag.py
[2026-06-02T07:12:38.962+0000] {processor.py:840} INFO - DAG(s) 'example_external_task_marker_parent', 'example_external_task_marker_child' retrieved from /home/airflow/.local/lib/python3.11/site-packages/airflow/example_dags/example_external_task_marker_dag.py
[2026-06-02T07:12:38.997+0000] {logging_mixin.py:188} INFO - [2026-06-02T07:12:38.997+0000] {dag.py:3096} INFO - Sync 2 DAGs
[2026-06-02T07:12:39.020+0000] {logging_mixin.py:188} INFO - [2026-06-02T07:12:39.020+0000] {dag.py:3954} INFO - Setting next_dagrun for example_external_task_marker_child to None, run_after=None
[2026-06-02T07:12:39.027+0000] {logging_mixin.py:188} INFO - [2026-06-02T07:12:39.026+0000] {dag.py:3954} INFO - Setting next_dagrun for example_external_task_marker_parent to None, run_after=None
[2026-06-02T07:12:39.054+0000] {processor.py:183} INFO - Processing /home/airflow/.local/lib/python3.11/site-packages/airflow/example_dags/example_external_task_marker_dag.py took 0.120 seconds
[2026-06-02T07:13:09.559+0000] {processor.py:161} INFO - Started process (PID=5791) to work on /home/airflow/.local/lib/python3.11/site-packages/airflow/example_dags/example_external_task_marker_dag.py
[2026-06-02T07:13:09.561+0000] {processor.py:830} INFO - Processing file /home/airflow/.local/lib/python3.11/site-packages/airflow/example_dags/example_external_task_marker_dag.py for tasks to queue
[2026-06-02T07:13:09.564+0000] {logging_mixin.py:188} INFO - [2026-06-02T07:13:09.563+0000] {dagbag.py:545} INFO - Filling up the DagBag from /home/airflow/.local/lib/python3.11/site-packages/airflow/example_dags/example_external_task_marker_dag.py
[2026-06-02T07:13:09.574+0000] {processor.py:840} INFO - DAG(s) 'example_external_task_marker_parent', 'example_external_task_marker_child' retrieved from /home/airflow/.local/lib/python3.11/site-packages/airflow/example_dags/example_external_task_marker_dag.py
[2026-06-02T07:13:09.612+0000] {logging_mixin.py:188} INFO - [2026-06-02T07:13:09.612+0000] {dag.py:3096} INFO - Sync 2 DAGs
[2026-06-02T07:13:09.636+0000] {logging_mixin.py:188} INFO - [2026-06-02T07:13:09.635+0000] {dag.py:3954} INFO - Setting next_dagrun for example_external_task_marker_child to None, run_after=None
[2026-06-02T07:13:09.644+0000] {logging_mixin.py:188} INFO - [2026-06-02T07:13:09.644+0000] {dag.py:3954} INFO - Setting next_dagrun for example_external_task_marker_parent to None, run_after=None
[2026-06-02T07:13:09.673+0000] {processor.py:183} INFO - Processing /home/airflow/.local/lib/python3.11/site-packages/airflow/example_dags/example_external_task_marker_dag.py took 0.124 seconds
[2026-06-02T07:14:14.656+0000] {processor.py:161} INFO - Started process (PID=306) to work on /home/airflow/.local/lib/python3.11/site-packages/airflow/example_dags/example_external_task_marker_dag.py
[2026-06-02T07:14:14.658+0000] {processor.py:830} INFO - Processing file /home/airflow/.local/lib/python3.11/site-packages/airflow/example_dags/example_external_task_marker_dag.py for tasks to queue
[2026-06-02T07:14:14.661+0000] {logging_mixin.py:188} INFO - [2026-06-02T07:14:14.661+0000] {dagbag.py:545} INFO - Filling up the DagBag from /home/airflow/.local/lib/python3.11/site-packages/airflow/example_dags/example_external_task_marker_dag.py
[2026-06-02T07:14:14.671+0000] {processor.py:840} INFO - DAG(s) 'example_external_task_marker_parent', 'example_external_task_marker_child' retrieved from /home/airflow/.local/lib/python3.11/site-packages/airflow/example_dags/example_external_task_marker_dag.py
[2026-06-02T07:14:14.696+0000] {logging_mixin.py:188} INFO - [2026-06-02T07:14:14.694+0000] {dag.py:3096} INFO - Sync 2 DAGs
[2026-06-02T07:14:14.720+0000] {logging_mixin.py:188} INFO - [2026-06-02T07:14:14.719+0000] {dag.py:3954} INFO - Setting next_dagrun for example_external_task_marker_child to None, run_after=None
[2026-06-02T07:14:14.727+0000] {logging_mixin.py:188} INFO - [2026-06-02T07:14:14.727+0000] {dag.py:3954} INFO - Setting next_dagrun for example_external_task_marker_parent to None, run_after=None
[2026-06-02T07:14:14.754+0000] {processor.py:183} INFO - Processing /home/airflow/.local/lib/python3.11/site-packages/airflow/example_dags/example_external_task_marker_dag.py took 0.108 seconds
[2026-06-02T07:14:45.361+0000] {processor.py:161} INFO - Started process (PID=573) to work on /home/airflow/.local/lib/python3.11/site-packages/airflow/example_dags/example_external_task_marker_dag.py
[2026-06-02T07:14:45.362+0000] {processor.py:830} INFO - Processing file /home/airflow/.local/lib/python3.11/site-packages/airflow/example_dags/example_external_task_marker_dag.py for tasks to queue
[2026-06-02T07:14:45.365+0000] {logging_mixin.py:188} INFO - [2026-06-02T07:14:45.364+0000] {dagbag.py:545} INFO - Filling up the DagBag from /home/airflow/.local/lib/python3.11/site-packages/airflow/example_dags/example_external_task_marker_dag.py
[2026-06-02T07:14:45.377+0000] {processor.py:840} INFO - DAG(s) 'example_external_task_marker_parent', 'example_external_task_marker_child' retrieved from /home/airflow/.local/lib/python3.11/site-packages/airflow/example_dags/example_external_task_marker_dag.py
[2026-06-02T07:14:45.540+0000] {logging_mixin.py:188} INFO - [2026-06-02T07:14:45.540+0000] {dag.py:3096} INFO - Sync 2 DAGs
[2026-06-02T07:14:45.553+0000] {logging_mixin.py:188} INFO - [2026-06-02T07:14:45.553+0000] {dag.py:3954} INFO - Setting next_dagrun for example_external_task_marker_child to None, run_after=None
[2026-06-02T07:14:45.558+0000] {logging_mixin.py:188} INFO - [2026-06-02T07:14:45.558+0000] {dag.py:3954} INFO - Setting next_dagrun for example_external_task_marker_parent to None, run_after=None
[2026-06-02T07:14:45.594+0000] {processor.py:183} INFO - Processing /home/airflow/.local/lib/python3.11/site-packages/airflow/example_dags/example_external_task_marker_dag.py took 0.244 seconds
[2026-06-02T07:15:16.402+0000] {processor.py:161} INFO - Started process (PID=846) to work on /home/airflow/.local/lib/python3.11/site-packages/airflow/example_dags/example_external_task_marker_dag.py
[2026-06-02T07:15:16.403+0000] {processor.py:830} INFO - Processing file /home/airflow/.local/lib/python3.11/site-packages/airflow/example_dags/example_external_task_marker_dag.py for tasks to queue
[2026-06-02T07:15:16.406+0000] {logging_mixin.py:188} INFO - [2026-06-02T07:15:16.405+0000] {dagbag.py:545} INFO - Filling up the DagBag from /home/airflow/.local/lib/python3.11/site-packages/airflow/example_dags/example_external_task_marker_dag.py
[2026-06-02T07:15:16.413+0000] {processor.py:840} INFO - DAG(s) 'example_external_task_marker_parent', 'example_external_task_marker_child' retrieved from /home/airflow/.local/lib/python3.11/site-packages/airflow/example_dags/example_external_task_marker_dag.py
[2026-06-02T07:15:16.444+0000] {logging_mixin.py:188} INFO - [2026-06-02T07:15:16.444+0000] {dag.py:3096} INFO - Sync 2 DAGs
[2026-06-02T07:15:16.469+0000] {logging_mixin.py:188} INFO - [2026-06-02T07:15:16.468+0000] {dag.py:3954} INFO - Setting next_dagrun for example_external_task_marker_child to None, run_after=None
[2026-06-02T07:15:16.473+0000] {logging_mixin.py:188} INFO - [2026-06-02T07:15:16.473+0000] {dag.py:3954} INFO - Setting next_dagrun for example_external_task_marker_parent to None, run_after=None
[2026-06-02T07:15:16.500+0000] {processor.py:183} INFO - Processing /home/airflow/.local/lib/python3.11/site-packages/airflow/example_dags/example_external_task_marker_dag.py took 0.106 seconds
[2026-06-02T07:16:18.003+0000] {processor.py:161} INFO - Started process (PID=301) to work on /home/airflow/.local/lib/python3.11/site-packages/airflow/example_dags/example_external_task_marker_dag.py
[2026-06-02T07:16:18.006+0000] {processor.py:830} INFO - Processing file /home/airflow/.local/lib/python3.11/site-packages/airflow/example_dags/example_external_task_marker_dag.py for tasks to queue
[2026-06-02T07:16:18.010+0000] {logging_mixin.py:188} INFO - [2026-06-02T07:16:18.009+0000] {dagbag.py:545} INFO - Filling up the DagBag from /home/airflow/.local/lib/python3.11/site-packages/airflow/example_dags/example_external_task_marker_dag.py
[2026-06-02T07:16:18.036+0000] {processor.py:840} INFO - DAG(s) 'example_external_task_marker_child', 'example_external_task_marker_parent' retrieved from /home/airflow/.local/lib/python3.11/site-packages/airflow/example_dags/example_external_task_marker_dag.py
[2026-06-02T07:16:18.059+0000] {logging_mixin.py:188} INFO - [2026-06-02T07:16:18.058+0000] {dag.py:3096} INFO - Sync 2 DAGs
[2026-06-02T07:16:18.091+0000] {logging_mixin.py:188} INFO - [2026-06-02T07:16:18.089+0000] {dag.py:3954} INFO - Setting next_dagrun for example_external_task_marker_child to None, run_after=None
[2026-06-02T07:16:18.097+0000] {logging_mixin.py:188} INFO - [2026-06-02T07:16:18.097+0000] {dag.py:3954} INFO - Setting next_dagrun for example_external_task_marker_parent to None, run_after=None
[2026-06-02T07:16:18.135+0000] {processor.py:183} INFO - Processing /home/airflow/.local/lib/python3.11/site-packages/airflow/example_dags/example_external_task_marker_dag.py took 0.142 seconds
[2026-06-02T07:16:48.788+0000] {processor.py:161} INFO - Started process (PID=575) to work on /home/airflow/.local/lib/python3.11/site-packages/airflow/example_dags/example_external_task_marker_dag.py
[2026-06-02T07:16:48.790+0000] {processor.py:830} INFO - Processing file /home/airflow/.local/lib/python3.11/site-packages/airflow/example_dags/example_external_task_marker_dag.py for tasks to queue
[2026-06-02T07:16:48.793+0000] {logging_mixin.py:188} INFO - [2026-06-02T07:16:48.793+0000] {dagbag.py:545} INFO - Filling up the DagBag from /home/airflow/.local/lib/python3.11/site-packages/airflow/example_dags/example_external_task_marker_dag.py
[2026-06-02T07:16:48.805+0000] {processor.py:840} INFO - DAG(s) 'example_external_task_marker_child', 'example_external_task_marker_parent' retrieved from /home/airflow/.local/lib/python3.11/site-packages/airflow/example_dags/example_external_task_marker_dag.py
[2026-06-02T07:16:48.961+0000] {logging_mixin.py:188} INFO - [2026-06-02T07:16:48.961+0000] {dag.py:3096} INFO - Sync 2 DAGs
[2026-06-02T07:16:48.976+0000] {logging_mixin.py:188} INFO - [2026-06-02T07:16:48.976+0000] {dag.py:3954} INFO - Setting next_dagrun for example_external_task_marker_child to None, run_after=None
[2026-06-02T07:16:48.981+0000] {logging_mixin.py:188} INFO - [2026-06-02T07:16:48.980+0000] {dag.py:3954} INFO - Setting next_dagrun for example_external_task_marker_parent to None, run_after=None
[2026-06-02T07:16:49.006+0000] {processor.py:183} INFO - Processing /home/airflow/.local/lib/python3.11/site-packages/airflow/example_dags/example_external_task_marker_dag.py took 0.228 seconds
[2026-06-02T07:17:19.494+0000] {processor.py:161} INFO - Started process (PID=846) to work on /home/airflow/.local/lib/python3.11/site-packages/airflow/example_dags/example_external_task_marker_dag.py
[2026-06-02T07:17:19.496+0000] {processor.py:830} INFO - Processing file /home/airflow/.local/lib/python3.11/site-packages/airflow/example_dags/example_external_task_marker_dag.py for tasks to queue
[2026-06-02T07:17:19.499+0000] {logging_mixin.py:188} INFO - [2026-06-02T07:17:19.498+0000] {dagbag.py:545} INFO - Filling up the DagBag from /home/airflow/.local/lib/python3.11/site-packages/airflow/example_dags/example_external_task_marker_dag.py
[2026-06-02T07:17:19.509+0000] {processor.py:840} INFO - DAG(s) 'example_external_task_marker_child', 'example_external_task_marker_parent' retrieved from /home/airflow/.local/lib/python3.11/site-packages/airflow/example_dags/example_external_task_marker_dag.py
[2026-06-02T07:17:19.542+0000] {logging_mixin.py:188} INFO - [2026-06-02T07:17:19.541+0000] {dag.py:3096} INFO - Sync 2 DAGs
[2026-06-02T07:17:19.567+0000] {logging_mixin.py:188} INFO - [2026-06-02T07:17:19.566+0000] {dag.py:3954} INFO - Setting next_dagrun for example_external_task_marker_child to None, run_after=None
[2026-06-02T07:17:19.573+0000] {logging_mixin.py:188} INFO - [2026-06-02T07:17:19.573+0000] {dag.py:3954} INFO - Setting next_dagrun for example_external_task_marker_parent to None, run_after=None
[2026-06-02T07:17:19.604+0000] {processor.py:183} INFO - Processing /home/airflow/.local/lib/python3.11/site-packages/airflow/example_dags/example_external_task_marker_dag.py took 0.120 seconds
[2026-06-02T07:17:49.820+0000] {processor.py:161} INFO - Started process (PID=1122) to work on /home/airflow/.local/lib/python3.11/site-packages/airflow/example_dags/example_external_task_marker_dag.py
[2026-06-02T07:17:49.821+0000] {processor.py:830} INFO - Processing file /home/airflow/.local/lib/python3.11/site-packages/airflow/example_dags/example_external_task_marker_dag.py for tasks to queue
[2026-06-02T07:17:49.824+0000] {logging_mixin.py:188} INFO - [2026-06-02T07:17:49.823+0000] {dagbag.py:545} INFO - Filling up the DagBag from /home/airflow/.local/lib/python3.11/site-packages/airflow/example_dags/example_external_task_marker_dag.py
[2026-06-02T07:17:49.832+0000] {processor.py:840} INFO - DAG(s) 'example_external_task_marker_parent', 'example_external_task_marker_child' retrieved from /home/airflow/.local/lib/python3.11/site-packages/airflow/example_dags/example_external_task_marker_dag.py
[2026-06-02T07:17:49.867+0000] {logging_mixin.py:188} INFO - [2026-06-02T07:17:49.867+0000] {dag.py:3096} INFO - Sync 2 DAGs
[2026-06-02T07:17:49.886+0000] {logging_mixin.py:188} INFO - [2026-06-02T07:17:49.885+0000] {dag.py:3954} INFO - Setting next_dagrun for example_external_task_marker_child to None, run_after=None
[2026-06-02T07:17:49.891+0000] {logging_mixin.py:188} INFO - [2026-06-02T07:17:49.891+0000] {dag.py:3954} INFO - Setting next_dagrun for example_external_task_marker_parent to None, run_after=None
[2026-06-02T07:17:49.915+0000] {processor.py:183} INFO - Processing /home/airflow/.local/lib/python3.11/site-packages/airflow/example_dags/example_external_task_marker_dag.py took 0.103 seconds
[2026-06-02T07:18:20.392+0000] {processor.py:161} INFO - Started process (PID=1398) to work on /home/airflow/.local/lib/python3.11/site-packages/airflow/example_dags/example_external_task_marker_dag.py
[2026-06-02T07:18:20.393+0000] {processor.py:830} INFO - Processing file /home/airflow/.local/lib/python3.11/site-packages/airflow/example_dags/example_external_task_marker_dag.py for tasks to queue
[2026-06-02T07:18:20.396+0000] {logging_mixin.py:188} INFO - [2026-06-02T07:18:20.396+0000] {dagbag.py:545} INFO - Filling up the DagBag from /home/airflow/.local/lib/python3.11/site-packages/airflow/example_dags/example_external_task_marker_dag.py
[2026-06-02T07:18:20.404+0000] {processor.py:840} INFO - DAG(s) 'example_external_task_marker_child', 'example_external_task_marker_parent' retrieved from /home/airflow/.local/lib/python3.11/site-packages/airflow/example_dags/example_external_task_marker_dag.py
[2026-06-02T07:18:20.443+0000] {logging_mixin.py:188} INFO - [2026-06-02T07:18:20.442+0000] {dag.py:3096} INFO - Sync 2 DAGs
[2026-06-02T07:18:20.464+0000] {logging_mixin.py:188} INFO - [2026-06-02T07:18:20.463+0000] {dag.py:3954} INFO - Setting next_dagrun for example_external_task_marker_child to None, run_after=None
[2026-06-02T07:18:20.469+0000] {logging_mixin.py:188} INFO - [2026-06-02T07:18:20.468+0000] {dag.py:3954} INFO - Setting next_dagrun for example_external_task_marker_parent to None, run_after=None
[2026-06-02T07:18:20.495+0000] {processor.py:183} INFO - Processing /home/airflow/.local/lib/python3.11/site-packages/airflow/example_dags/example_external_task_marker_dag.py took 0.112 seconds
[2026-06-02T07:18:50.954+0000] {processor.py:161} INFO - Started process (PID=1674) to work on /home/airflow/.local/lib/python3.11/site-packages/airflow/example_dags/example_external_task_marker_dag.py
[2026-06-02T07:18:50.956+0000] {processor.py:830} INFO - Processing file /home/airflow/.local/lib/python3.11/site-packages/airflow/example_dags/example_external_task_marker_dag.py for tasks to queue
[2026-06-02T07:18:50.958+0000] {logging_mixin.py:188} INFO - [2026-06-02T07:18:50.957+0000] {dagbag.py:545} INFO - Filling up the DagBag from /home/airflow/.local/lib/python3.11/site-packages/airflow/example_dags/example_external_task_marker_dag.py
[2026-06-02T07:18:50.966+0000] {processor.py:840} INFO - DAG(s) 'example_external_task_marker_parent', 'example_external_task_marker_child' retrieved from /home/airflow/.local/lib/python3.11/site-packages/airflow/example_dags/example_external_task_marker_dag.py
[2026-06-02T07:18:50.995+0000] {logging_mixin.py:188} INFO - [2026-06-02T07:18:50.995+0000] {dag.py:3096} INFO - Sync 2 DAGs
[2026-06-02T07:18:51.009+0000] {logging_mixin.py:188} INFO - [2026-06-02T07:18:51.009+0000] {dag.py:3954} INFO - Setting next_dagrun for example_external_task_marker_child to None, run_after=None
[2026-06-02T07:18:51.014+0000] {logging_mixin.py:188} INFO - [2026-06-02T07:18:51.014+0000] {dag.py:3954} INFO - Setting next_dagrun for example_external_task_marker_parent to None, run_after=None
[2026-06-02T07:18:51.044+0000] {processor.py:183} INFO - Processing /home/airflow/.local/lib/python3.11/site-packages/airflow/example_dags/example_external_task_marker_dag.py took 0.098 seconds
[2026-06-02T07:19:21.322+0000] {processor.py:161} INFO - Started process (PID=1950) to work on /home/airflow/.local/lib/python3.11/site-packages/airflow/example_dags/example_external_task_marker_dag.py
[2026-06-02T07:19:21.323+0000] {processor.py:830} INFO - Processing file /home/airflow/.local/lib/python3.11/site-packages/airflow/example_dags/example_external_task_marker_dag.py for tasks to queue
[2026-06-02T07:19:21.326+0000] {logging_mixin.py:188} INFO - [2026-06-02T07:19:21.325+0000] {dagbag.py:545} INFO - Filling up the DagBag from /home/airflow/.local/lib/python3.11/site-packages/airflow/example_dags/example_external_task_marker_dag.py
[2026-06-02T07:19:21.335+0000] {processor.py:840} INFO - DAG(s) 'example_external_task_marker_child', 'example_external_task_marker_parent' retrieved from /home/airflow/.local/lib/python3.11/site-packages/airflow/example_dags/example_external_task_marker_dag.py
[2026-06-02T07:19:21.370+0000] {logging_mixin.py:188} INFO - [2026-06-02T07:19:21.370+0000] {dag.py:3096} INFO - Sync 2 DAGs
[2026-06-02T07:19:21.383+0000] {logging_mixin.py:188} INFO - [2026-06-02T07:19:21.382+0000] {dag.py:3954} INFO - Setting next_dagrun for example_external_task_marker_child to None, run_after=None
[2026-06-02T07:19:21.387+0000] {logging_mixin.py:188} INFO - [2026-06-02T07:19:21.387+0000] {dag.py:3954} INFO - Setting next_dagrun for example_external_task_marker_parent to None, run_after=None
[2026-06-02T07:19:21.416+0000] {processor.py:183} INFO - Processing /home/airflow/.local/lib/python3.11/site-packages/airflow/example_dags/example_external_task_marker_dag.py took 0.105 seconds
[2026-06-02T07:19:51.936+0000] {processor.py:161} INFO - Started process (PID=2226) to work on /home/airflow/.local/lib/python3.11/site-packages/airflow/example_dags/example_external_task_marker_dag.py
[2026-06-02T07:19:51.937+0000] {processor.py:830} INFO - Processing file /home/airflow/.local/lib/python3.11/site-packages/airflow/example_dags/example_external_task_marker_dag.py for tasks to queue
[2026-06-02T07:19:51.939+0000] {logging_mixin.py:188} INFO - [2026-06-02T07:19:51.939+0000] {dagbag.py:545} INFO - Filling up the DagBag from /home/airflow/.local/lib/python3.11/site-packages/airflow/example_dags/example_external_task_marker_dag.py
[2026-06-02T07:19:51.945+0000] {processor.py:840} INFO - DAG(s) 'example_external_task_marker_child', 'example_external_task_marker_parent' retrieved from /home/airflow/.local/lib/python3.11/site-packages/airflow/example_dags/example_external_task_marker_dag.py
[2026-06-02T07:19:51.969+0000] {logging_mixin.py:188} INFO - [2026-06-02T07:19:51.969+0000] {dag.py:3096} INFO - Sync 2 DAGs
[2026-06-02T07:19:51.983+0000] {logging_mixin.py:188} INFO - [2026-06-02T07:19:51.982+0000] {dag.py:3954} INFO - Setting next_dagrun for example_external_task_marker_child to None, run_after=None
[2026-06-02T07:19:51.987+0000] {logging_mixin.py:188} INFO - [2026-06-02T07:19:51.987+0000] {dag.py:3954} INFO - Setting next_dagrun for example_external_task_marker_parent to None, run_after=None
[2026-06-02T07:19:52.004+0000] {processor.py:183} INFO - Processing /home/airflow/.local/lib/python3.11/site-packages/airflow/example_dags/example_external_task_marker_dag.py took 0.074 seconds
[2026-06-02T07:20:22.493+0000] {processor.py:161} INFO - Started process (PID=2502) to work on /home/airflow/.local/lib/python3.11/site-packages/airflow/example_dags/example_external_task_marker_dag.py
[2026-06-02T07:20:22.494+0000] {processor.py:830} INFO - Processing file /home/airflow/.local/lib/python3.11/site-packages/airflow/example_dags/example_external_task_marker_dag.py for tasks to queue
[2026-06-02T07:20:22.497+0000] {logging_mixin.py:188} INFO - [2026-06-02T07:20:22.496+0000] {dagbag.py:545} INFO - Filling up the DagBag from /home/airflow/.local/lib/python3.11/site-packages/airflow/example_dags/example_external_task_marker_dag.py
[2026-06-02T07:20:22.506+0000] {processor.py:840} INFO - DAG(s) 'example_external_task_marker_child', 'example_external_task_marker_parent' retrieved from /home/airflow/.local/lib/python3.11/site-packages/airflow/example_dags/example_external_task_marker_dag.py
[2026-06-02T07:20:22.531+0000] {logging_mixin.py:188} INFO - [2026-06-02T07:20:22.531+0000] {dag.py:3096} INFO - Sync 2 DAGs
[2026-06-02T07:20:22.545+0000] {logging_mixin.py:188} INFO - [2026-06-02T07:20:22.544+0000] {dag.py:3954} INFO - Setting next_dagrun for example_external_task_marker_child to None, run_after=None
[2026-06-02T07:20:22.549+0000] {logging_mixin.py:188} INFO - [2026-06-02T07:20:22.548+0000] {dag.py:3954} INFO - Setting next_dagrun for example_external_task_marker_parent to None, run_after=None
[2026-06-02T07:20:22.579+0000] {processor.py:183} INFO - Processing /home/airflow/.local/lib/python3.11/site-packages/airflow/example_dags/example_external_task_marker_dag.py took 0.092 seconds
[2026-06-02T07:20:53.428+0000] {processor.py:161} INFO - Started process (PID=2778) to work on /home/airflow/.local/lib/python3.11/site-packages/airflow/example_dags/example_external_task_marker_dag.py
[2026-06-02T07:20:53.429+0000] {processor.py:830} INFO - Processing file /home/airflow/.local/lib/python3.11/site-packages/airflow/example_dags/example_external_task_marker_dag.py for tasks to queue
[2026-06-02T07:20:53.432+0000] {logging_mixin.py:188} INFO - [2026-06-02T07:20:53.431+0000] {dagbag.py:545} INFO - Filling up the DagBag from /home/airflow/.local/lib/python3.11/site-packages/airflow/example_dags/example_external_task_marker_dag.py
[2026-06-02T07:20:53.441+0000] {processor.py:840} INFO - DAG(s) 'example_external_task_marker_parent', 'example_external_task_marker_child' retrieved from /home/airflow/.local/lib/python3.11/site-packages/airflow/example_dags/example_external_task_marker_dag.py
[2026-06-02T07:20:53.471+0000] {logging_mixin.py:188} INFO - [2026-06-02T07:20:53.471+0000] {dag.py:3096} INFO - Sync 2 DAGs
[2026-06-02T07:20:53.488+0000] {logging_mixin.py:188} INFO - [2026-06-02T07:20:53.487+0000] {dag.py:3954} INFO - Setting next_dagrun for example_external_task_marker_child to None, run_after=None
[2026-06-02T07:20:53.493+0000] {logging_mixin.py:188} INFO - [2026-06-02T07:20:53.493+0000] {dag.py:3954} INFO - Setting next_dagrun for example_external_task_marker_parent to None, run_after=None
[2026-06-02T07:20:53.521+0000] {processor.py:183} INFO - Processing /home/airflow/.local/lib/python3.11/site-packages/airflow/example_dags/example_external_task_marker_dag.py took 0.103 seconds
[2026-06-02T07:21:24.223+0000] {processor.py:161} INFO - Started process (PID=3054) to work on /home/airflow/.local/lib/python3.11/site-packages/airflow/example_dags/example_external_task_marker_dag.py
[2026-06-02T07:21:24.225+0000] {processor.py:830} INFO - Processing file /home/airflow/.local/lib/python3.11/site-packages/airflow/example_dags/example_external_task_marker_dag.py for tasks to queue
[2026-06-02T07:21:24.228+0000] {logging_mixin.py:188} INFO - [2026-06-02T07:21:24.228+0000] {dagbag.py:545} INFO - Filling up the DagBag from /home/airflow/.local/lib/python3.11/site-packages/airflow/example_dags/example_external_task_marker_dag.py
[2026-06-02T07:21:24.237+0000] {processor.py:840} INFO - DAG(s) 'example_external_task_marker_child', 'example_external_task_marker_parent' retrieved from /home/airflow/.local/lib/python3.11/site-packages/airflow/example_dags/example_external_task_marker_dag.py
[2026-06-02T07:21:24.264+0000] {logging_mixin.py:188} INFO - [2026-06-02T07:21:24.263+0000] {dag.py:3096} INFO - Sync 2 DAGs
[2026-06-02T07:21:24.282+0000] {logging_mixin.py:188} INFO - [2026-06-02T07:21:24.282+0000] {dag.py:3954} INFO - Setting next_dagrun for example_external_task_marker_child to None, run_after=None
[2026-06-02T07:21:24.290+0000] {logging_mixin.py:188} INFO - [2026-06-02T07:21:24.289+0000] {dag.py:3954} INFO - Setting next_dagrun for example_external_task_marker_parent to None, run_after=None
[2026-06-02T07:21:24.323+0000] {processor.py:183} INFO - Processing /home/airflow/.local/lib/python3.11/site-packages/airflow/example_dags/example_external_task_marker_dag.py took 0.107 seconds
[2026-06-02T07:21:55.177+0000] {processor.py:161} INFO - Started process (PID=3330) to work on /home/airflow/.local/lib/python3.11/site-packages/airflow/example_dags/example_external_task_marker_dag.py
[2026-06-02T07:21:55.178+0000] {processor.py:830} INFO - Processing file /home/airflow/.local/lib/python3.11/site-packages/airflow/example_dags/example_external_task_marker_dag.py for tasks to queue
[2026-06-02T07:21:55.181+0000] {logging_mixin.py:188} INFO - [2026-06-02T07:21:55.181+0000] {dagbag.py:545} INFO - Filling up the DagBag from /home/airflow/.local/lib/python3.11/site-packages/airflow/example_dags/example_external_task_marker_dag.py
[2026-06-02T07:21:55.193+0000] {processor.py:840} INFO - DAG(s) 'example_external_task_marker_child', 'example_external_task_marker_parent' retrieved from /home/airflow/.local/lib/python3.11/site-packages/airflow/example_dags/example_external_task_marker_dag.py
[2026-06-02T07:21:55.247+0000] {logging_mixin.py:188} INFO - [2026-06-02T07:21:55.247+0000] {dag.py:3096} INFO - Sync 2 DAGs
[2026-06-02T07:21:55.274+0000] {logging_mixin.py:188} INFO - [2026-06-02T07:21:55.274+0000] {dag.py:3954} INFO - Setting next_dagrun for example_external_task_marker_child to None, run_after=None
[2026-06-02T07:21:55.285+0000] {logging_mixin.py:188} INFO - [2026-06-02T07:21:55.284+0000] {dag.py:3954} INFO - Setting next_dagrun for example_external_task_marker_parent to None, run_after=None
[2026-06-02T07:21:55.344+0000] {processor.py:183} INFO - Processing /home/airflow/.local/lib/python3.11/site-packages/airflow/example_dags/example_external_task_marker_dag.py took 0.180 seconds
[2026-06-02T07:22:25.899+0000] {processor.py:161} INFO - Started process (PID=3606) to work on /home/airflow/.local/lib/python3.11/site-packages/airflow/example_dags/example_external_task_marker_dag.py
[2026-06-02T07:22:25.901+0000] {processor.py:830} INFO - Processing file /home/airflow/.local/lib/python3.11/site-packages/airflow/example_dags/example_external_task_marker_dag.py for tasks to queue
[2026-06-02T07:22:25.903+0000] {logging_mixin.py:188} INFO - [2026-06-02T07:22:25.903+0000] {dagbag.py:545} INFO - Filling up the DagBag from /home/airflow/.local/lib/python3.11/site-packages/airflow/example_dags/example_external_task_marker_dag.py
[2026-06-02T07:22:25.912+0000] {processor.py:840} INFO - DAG(s) 'example_external_task_marker_child', 'example_external_task_marker_parent' retrieved from /home/airflow/.local/lib/python3.11/site-packages/airflow/example_dags/example_external_task_marker_dag.py
[2026-06-02T07:22:25.942+0000] {logging_mixin.py:188} INFO - [2026-06-02T07:22:25.942+0000] {dag.py:3096} INFO - Sync 2 DAGs
[2026-06-02T07:22:25.957+0000] {logging_mixin.py:188} INFO - [2026-06-02T07:22:25.957+0000] {dag.py:3954} INFO - Setting next_dagrun for example_external_task_marker_child to None, run_after=None
[2026-06-02T07:22:25.962+0000] {logging_mixin.py:188} INFO - [2026-06-02T07:22:25.961+0000] {dag.py:3954} INFO - Setting next_dagrun for example_external_task_marker_parent to None, run_after=None
[2026-06-02T07:22:25.991+0000] {processor.py:183} INFO - Processing /home/airflow/.local/lib/python3.11/site-packages/airflow/example_dags/example_external_task_marker_dag.py took 0.099 seconds
[2026-06-02T07:22:56.527+0000] {processor.py:161} INFO - Started process (PID=3882) to work on /home/airflow/.local/lib/python3.11/site-packages/airflow/example_dags/example_external_task_marker_dag.py
[2026-06-02T07:22:56.529+0000] {processor.py:830} INFO - Processing file /home/airflow/.local/lib/python3.11/site-packages/airflow/example_dags/example_external_task_marker_dag.py for tasks to queue
[2026-06-02T07:22:56.531+0000] {logging_mixin.py:188} INFO - [2026-06-02T07:22:56.531+0000] {dagbag.py:545} INFO - Filling up the DagBag from /home/airflow/.local/lib/python3.11/site-packages/airflow/example_dags/example_external_task_marker_dag.py
[2026-06-02T07:22:56.539+0000] {processor.py:840} INFO - DAG(s) 'example_external_task_marker_child', 'example_external_task_marker_parent' retrieved from /home/airflow/.local/lib/python3.11/site-packages/airflow/example_dags/example_external_task_marker_dag.py
[2026-06-02T07:22:56.568+0000] {logging_mixin.py:188} INFO - [2026-06-02T07:22:56.567+0000] {dag.py:3096} INFO - Sync 2 DAGs
[2026-06-02T07:22:56.586+0000] {logging_mixin.py:188} INFO - [2026-06-02T07:22:56.585+0000] {dag.py:3954} INFO - Setting next_dagrun for example_external_task_marker_child to None, run_after=None
[2026-06-02T07:22:56.591+0000] {logging_mixin.py:188} INFO - [2026-06-02T07:22:56.591+0000] {dag.py:3954} INFO - Setting next_dagrun for example_external_task_marker_parent to None, run_after=None
[2026-06-02T07:22:56.621+0000] {processor.py:183} INFO - Processing /home/airflow/.local/lib/python3.11/site-packages/airflow/example_dags/example_external_task_marker_dag.py took 0.104 seconds
[2026-06-02T07:23:26.769+0000] {processor.py:161} INFO - Started process (PID=4158) to work on /home/airflow/.local/lib/python3.11/site-packages/airflow/example_dags/example_external_task_marker_dag.py
[2026-06-02T07:23:26.770+0000] {processor.py:830} INFO - Processing file /home/airflow/.local/lib/python3.11/site-packages/airflow/example_dags/example_external_task_marker_dag.py for tasks to queue
[2026-06-02T07:23:26.773+0000] {logging_mixin.py:188} INFO - [2026-06-02T07:23:26.772+0000] {dagbag.py:545} INFO - Filling up the DagBag from /home/airflow/.local/lib/python3.11/site-packages/airflow/example_dags/example_external_task_marker_dag.py
[2026-06-02T07:23:26.780+0000] {processor.py:840} INFO - DAG(s) 'example_external_task_marker_child', 'example_external_task_marker_parent' retrieved from /home/airflow/.local/lib/python3.11/site-packages/airflow/example_dags/example_external_task_marker_dag.py
[2026-06-02T07:23:26.805+0000] {logging_mixin.py:188} INFO - [2026-06-02T07:23:26.805+0000] {dag.py:3096} INFO - Sync 2 DAGs
[2026-06-02T07:23:26.820+0000] {logging_mixin.py:188} INFO - [2026-06-02T07:23:26.820+0000] {dag.py:3954} INFO - Setting next_dagrun for example_external_task_marker_child to None, run_after=None
[2026-06-02T07:23:26.824+0000] {logging_mixin.py:188} INFO - [2026-06-02T07:23:26.824+0000] {dag.py:3954} INFO - Setting next_dagrun for example_external_task_marker_parent to None, run_after=None
[2026-06-02T07:23:26.851+0000] {processor.py:183} INFO - Processing /home/airflow/.local/lib/python3.11/site-packages/airflow/example_dags/example_external_task_marker_dag.py took 0.090 seconds
[2026-06-02T07:23:57.837+0000] {processor.py:161} INFO - Started process (PID=4434) to work on /home/airflow/.local/lib/python3.11/site-packages/airflow/example_dags/example_external_task_marker_dag.py
[2026-06-02T07:23:57.839+0000] {processor.py:830} INFO - Processing file /home/airflow/.local/lib/python3.11/site-packages/airflow/example_dags/example_external_task_marker_dag.py for tasks to queue
[2026-06-02T07:23:57.841+0000] {logging_mixin.py:188} INFO - [2026-06-02T07:23:57.841+0000] {dagbag.py:545} INFO - Filling up the DagBag from /home/airflow/.local/lib/python3.11/site-packages/airflow/example_dags/example_external_task_marker_dag.py
[2026-06-02T07:23:57.850+0000] {processor.py:840} INFO - DAG(s) 'example_external_task_marker_child', 'example_external_task_marker_parent' retrieved from /home/airflow/.local/lib/python3.11/site-packages/airflow/example_dags/example_external_task_marker_dag.py
[2026-06-02T07:23:57.899+0000] {logging_mixin.py:188} INFO - [2026-06-02T07:23:57.898+0000] {dag.py:3096} INFO - Sync 2 DAGs
[2026-06-02T07:23:57.924+0000] {logging_mixin.py:188} INFO - [2026-06-02T07:23:57.923+0000] {dag.py:3954} INFO - Setting next_dagrun for example_external_task_marker_child to None, run_after=None
[2026-06-02T07:23:57.929+0000] {logging_mixin.py:188} INFO - [2026-06-02T07:23:57.929+0000] {dag.py:3954} INFO - Setting next_dagrun for example_external_task_marker_parent to None, run_after=None
[2026-06-02T07:23:57.958+0000] {processor.py:183} INFO - Processing /home/airflow/.local/lib/python3.11/site-packages/airflow/example_dags/example_external_task_marker_dag.py took 0.130 seconds
[2026-06-02T07:24:28.217+0000] {processor.py:161} INFO - Started process (PID=4710) to work on /home/airflow/.local/lib/python3.11/site-packages/airflow/example_dags/example_external_task_marker_dag.py
[2026-06-02T07:24:28.218+0000] {processor.py:830} INFO - Processing file /home/airflow/.local/lib/python3.11/site-packages/airflow/example_dags/example_external_task_marker_dag.py for tasks to queue
[2026-06-02T07:24:28.221+0000] {logging_mixin.py:188} INFO - [2026-06-02T07:24:28.220+0000] {dagbag.py:545} INFO - Filling up the DagBag from /home/airflow/.local/lib/python3.11/site-packages/airflow/example_dags/example_external_task_marker_dag.py
[2026-06-02T07:24:28.235+0000] {processor.py:840} INFO - DAG(s) 'example_external_task_marker_parent', 'example_external_task_marker_child' retrieved from /home/airflow/.local/lib/python3.11/site-packages/airflow/example_dags/example_external_task_marker_dag.py
[2026-06-02T07:24:28.276+0000] {logging_mixin.py:188} INFO - [2026-06-02T07:24:28.275+0000] {dag.py:3096} INFO - Sync 2 DAGs
[2026-06-02T07:24:28.300+0000] {logging_mixin.py:188} INFO - [2026-06-02T07:24:28.300+0000] {dag.py:3954} INFO - Setting next_dagrun for example_external_task_marker_child to None, run_after=None
[2026-06-02T07:24:28.308+0000] {logging_mixin.py:188} INFO - [2026-06-02T07:24:28.308+0000] {dag.py:3954} INFO - Setting next_dagrun for example_external_task_marker_parent to None, run_after=None
[2026-06-02T07:24:28.344+0000] {processor.py:183} INFO - Processing /home/airflow/.local/lib/python3.11/site-packages/airflow/example_dags/example_external_task_marker_dag.py took 0.136 seconds
[2026-06-02T07:24:58.689+0000] {processor.py:161} INFO - Started process (PID=4986) to work on /home/airflow/.local/lib/python3.11/site-packages/airflow/example_dags/example_external_task_marker_dag.py
[2026-06-02T07:24:58.690+0000] {processor.py:830} INFO - Processing file /home/airflow/.local/lib/python3.11/site-packages/airflow/example_dags/example_external_task_marker_dag.py for tasks to queue
[2026-06-02T07:24:58.692+0000] {logging_mixin.py:188} INFO - [2026-06-02T07:24:58.692+0000] {dagbag.py:545} INFO - Filling up the DagBag from /home/airflow/.local/lib/python3.11/site-packages/airflow/example_dags/example_external_task_marker_dag.py
[2026-06-02T07:24:58.698+0000] {processor.py:840} INFO - DAG(s) 'example_external_task_marker_child', 'example_external_task_marker_parent' retrieved from /home/airflow/.local/lib/python3.11/site-packages/airflow/example_dags/example_external_task_marker_dag.py
[2026-06-02T07:24:58.726+0000] {logging_mixin.py:188} INFO - [2026-06-02T07:24:58.726+0000] {dag.py:3096} INFO - Sync 2 DAGs
[2026-06-02T07:24:58.740+0000] {logging_mixin.py:188} INFO - [2026-06-02T07:24:58.739+0000] {dag.py:3954} INFO - Setting next_dagrun for example_external_task_marker_child to None, run_after=None
[2026-06-02T07:24:58.744+0000] {logging_mixin.py:188} INFO - [2026-06-02T07:24:58.744+0000] {dag.py:3954} INFO - Setting next_dagrun for example_external_task_marker_parent to None, run_after=None
[2026-06-02T07:24:58.775+0000] {processor.py:183} INFO - Processing /home/airflow/.local/lib/python3.11/site-packages/airflow/example_dags/example_external_task_marker_dag.py took 0.093 seconds
[2026-06-02T07:25:28.994+0000] {processor.py:161} INFO - Started process (PID=5262) to work on /home/airflow/.local/lib/python3.11/site-packages/airflow/example_dags/example_external_task_marker_dag.py
[2026-06-02T07:25:28.995+0000] {processor.py:830} INFO - Processing file /home/airflow/.local/lib/python3.11/site-packages/airflow/example_dags/example_external_task_marker_dag.py for tasks to queue
[2026-06-02T07:25:28.998+0000] {logging_mixin.py:188} INFO - [2026-06-02T07:25:28.997+0000] {dagbag.py:545} INFO - Filling up the DagBag from /home/airflow/.local/lib/python3.11/site-packages/airflow/example_dags/example_external_task_marker_dag.py
[2026-06-02T07:25:29.012+0000] {processor.py:840} INFO - DAG(s) 'example_external_task_marker_parent', 'example_external_task_marker_child' retrieved from /home/airflow/.local/lib/python3.11/site-packages/airflow/example_dags/example_external_task_marker_dag.py
[2026-06-02T07:25:29.043+0000] {logging_mixin.py:188} INFO - [2026-06-02T07:25:29.042+0000] {dag.py:3096} INFO - Sync 2 DAGs
[2026-06-02T07:25:29.059+0000] {logging_mixin.py:188} INFO - [2026-06-02T07:25:29.059+0000] {dag.py:3954} INFO - Setting next_dagrun for example_external_task_marker_child to None, run_after=None
[2026-06-02T07:25:29.062+0000] {logging_mixin.py:188} INFO - [2026-06-02T07:25:29.062+0000] {dag.py:3954} INFO - Setting next_dagrun for example_external_task_marker_parent to None, run_after=None
[2026-06-02T07:25:29.094+0000] {processor.py:183} INFO - Processing /home/airflow/.local/lib/python3.11/site-packages/airflow/example_dags/example_external_task_marker_dag.py took 0.108 seconds
[2026-06-02T07:25:59.673+0000] {processor.py:161} INFO - Started process (PID=5538) to work on /home/airflow/.local/lib/python3.11/site-packages/airflow/example_dags/example_external_task_marker_dag.py
[2026-06-02T07:25:59.675+0000] {processor.py:830} INFO - Processing file /home/airflow/.local/lib/python3.11/site-packages/airflow/example_dags/example_external_task_marker_dag.py for tasks to queue
[2026-06-02T07:25:59.678+0000] {logging_mixin.py:188} INFO - [2026-06-02T07:25:59.677+0000] {dagbag.py:545} INFO - Filling up the DagBag from /home/airflow/.local/lib/python3.11/site-packages/airflow/example_dags/example_external_task_marker_dag.py
[2026-06-02T07:25:59.689+0000] {processor.py:840} INFO - DAG(s) 'example_external_task_marker_parent', 'example_external_task_marker_child' retrieved from /home/airflow/.local/lib/python3.11/site-packages/airflow/example_dags/example_external_task_marker_dag.py
[2026-06-02T07:25:59.737+0000] {logging_mixin.py:188} INFO - [2026-06-02T07:25:59.736+0000] {dag.py:3096} INFO - Sync 2 DAGs
[2026-06-02T07:25:59.767+0000] {logging_mixin.py:188} INFO - [2026-06-02T07:25:59.767+0000] {dag.py:3954} INFO - Setting next_dagrun for example_external_task_marker_child to None, run_after=None
[2026-06-02T07:25:59.775+0000] {logging_mixin.py:188} INFO - [2026-06-02T07:25:59.774+0000] {dag.py:3954} INFO - Setting next_dagrun for example_external_task_marker_parent to None, run_after=None
[2026-06-02T07:25:59.808+0000] {processor.py:183} INFO - Processing /home/airflow/.local/lib/python3.11/site-packages/airflow/example_dags/example_external_task_marker_dag.py took 0.146 seconds
[2026-06-02T07:26:30.352+0000] {processor.py:161} INFO - Started process (PID=5806) to work on /home/airflow/.local/lib/python3.11/site-packages/airflow/example_dags/example_external_task_marker_dag.py
[2026-06-02T07:26:30.353+0000] {processor.py:830} INFO - Processing file /home/airflow/.local/lib/python3.11/site-packages/airflow/example_dags/example_external_task_marker_dag.py for tasks to queue
[2026-06-02T07:26:30.357+0000] {logging_mixin.py:188} INFO - [2026-06-02T07:26:30.357+0000] {dagbag.py:545} INFO - Filling up the DagBag from /home/airflow/.local/lib/python3.11/site-packages/airflow/example_dags/example_external_task_marker_dag.py
[2026-06-02T07:26:30.367+0000] {processor.py:840} INFO - DAG(s) 'example_external_task_marker_parent', 'example_external_task_marker_child' retrieved from /home/airflow/.local/lib/python3.11/site-packages/airflow/example_dags/example_external_task_marker_dag.py
[2026-06-02T07:26:30.414+0000] {logging_mixin.py:188} INFO - [2026-06-02T07:26:30.413+0000] {dag.py:3096} INFO - Sync 2 DAGs
[2026-06-02T07:26:30.441+0000] {logging_mixin.py:188} INFO - [2026-06-02T07:26:30.441+0000] {dag.py:3954} INFO - Setting next_dagrun for example_external_task_marker_child to None, run_after=None
[2026-06-02T07:26:30.449+0000] {logging_mixin.py:188} INFO - [2026-06-02T07:26:30.449+0000] {dag.py:3954} INFO - Setting next_dagrun for example_external_task_marker_parent to None, run_after=None
[2026-06-02T07:26:30.490+0000] {processor.py:183} INFO - Processing /home/airflow/.local/lib/python3.11/site-packages/airflow/example_dags/example_external_task_marker_dag.py took 0.150 seconds
[2026-06-02T07:27:00.547+0000] {processor.py:161} INFO - Started process (PID=6076) to work on /home/airflow/.local/lib/python3.11/site-packages/airflow/example_dags/example_external_task_marker_dag.py
[2026-06-02T07:27:00.549+0000] {processor.py:830} INFO - Processing file /home/airflow/.local/lib/python3.11/site-packages/airflow/example_dags/example_external_task_marker_dag.py for tasks to queue
[2026-06-02T07:27:00.552+0000] {logging_mixin.py:188} INFO - [2026-06-02T07:27:00.551+0000] {dagbag.py:545} INFO - Filling up the DagBag from /home/airflow/.local/lib/python3.11/site-packages/airflow/example_dags/example_external_task_marker_dag.py
[2026-06-02T07:27:00.561+0000] {processor.py:840} INFO - DAG(s) 'example_external_task_marker_parent', 'example_external_task_marker_child' retrieved from /home/airflow/.local/lib/python3.11/site-packages/airflow/example_dags/example_external_task_marker_dag.py
[2026-06-02T07:27:00.588+0000] {logging_mixin.py:188} INFO - [2026-06-02T07:27:00.588+0000] {dag.py:3096} INFO - Sync 2 DAGs
[2026-06-02T07:27:00.611+0000] {logging_mixin.py:188} INFO - [2026-06-02T07:27:00.610+0000] {dag.py:3954} INFO - Setting next_dagrun for example_external_task_marker_child to None, run_after=None
[2026-06-02T07:27:00.615+0000] {logging_mixin.py:188} INFO - [2026-06-02T07:27:00.615+0000] {dag.py:3954} INFO - Setting next_dagrun for example_external_task_marker_parent to None, run_after=None
[2026-06-02T07:27:00.635+0000] {processor.py:183} INFO - Processing /home/airflow/.local/lib/python3.11/site-packages/airflow/example_dags/example_external_task_marker_dag.py took 0.096 seconds
[2026-06-02T07:27:30.709+0000] {processor.py:161} INFO - Started process (PID=6352) to work on /home/airflow/.local/lib/python3.11/site-packages/airflow/example_dags/example_external_task_marker_dag.py
[2026-06-02T07:27:30.710+0000] {processor.py:830} INFO - Processing file /home/airflow/.local/lib/python3.11/site-packages/airflow/example_dags/example_external_task_marker_dag.py for tasks to queue
[2026-06-02T07:27:30.712+0000] {logging_mixin.py:188} INFO - [2026-06-02T07:27:30.712+0000] {dagbag.py:545} INFO - Filling up the DagBag from /home/airflow/.local/lib/python3.11/site-packages/airflow/example_dags/example_external_task_marker_dag.py
[2026-06-02T07:27:30.720+0000] {processor.py:840} INFO - DAG(s) 'example_external_task_marker_parent', 'example_external_task_marker_child' retrieved from /home/airflow/.local/lib/python3.11/site-packages/airflow/example_dags/example_external_task_marker_dag.py
[2026-06-02T07:27:30.751+0000] {logging_mixin.py:188} INFO - [2026-06-02T07:27:30.751+0000] {dag.py:3096} INFO - Sync 2 DAGs
[2026-06-02T07:27:30.770+0000] {logging_mixin.py:188} INFO - [2026-06-02T07:27:30.770+0000] {dag.py:3954} INFO - Setting next_dagrun for example_external_task_marker_child to None, run_after=None
[2026-06-02T07:27:30.776+0000] {logging_mixin.py:188} INFO - [2026-06-02T07:27:30.775+0000] {dag.py:3954} INFO - Setting next_dagrun for example_external_task_marker_parent to None, run_after=None
[2026-06-02T07:27:30.807+0000] {processor.py:183} INFO - Processing /home/airflow/.local/lib/python3.11/site-packages/airflow/example_dags/example_external_task_marker_dag.py took 0.104 seconds
[2026-06-02T07:28:01.189+0000] {processor.py:161} INFO - Started process (PID=6628) to work on /home/airflow/.local/lib/python3.11/site-packages/airflow/example_dags/example_external_task_marker_dag.py
[2026-06-02T07:28:01.191+0000] {processor.py:830} INFO - Processing file /home/airflow/.local/lib/python3.11/site-packages/airflow/example_dags/example_external_task_marker_dag.py for tasks to queue
[2026-06-02T07:28:01.193+0000] {logging_mixin.py:188} INFO - [2026-06-02T07:28:01.193+0000] {dagbag.py:545} INFO - Filling up the DagBag from /home/airflow/.local/lib/python3.11/site-packages/airflow/example_dags/example_external_task_marker_dag.py
[2026-06-02T07:28:01.202+0000] {processor.py:840} INFO - DAG(s) 'example_external_task_marker_parent', 'example_external_task_marker_child' retrieved from /home/airflow/.local/lib/python3.11/site-packages/airflow/example_dags/example_external_task_marker_dag.py
[2026-06-02T07:28:01.232+0000] {logging_mixin.py:188} INFO - [2026-06-02T07:28:01.232+0000] {dag.py:3096} INFO - Sync 2 DAGs
[2026-06-02T07:28:01.248+0000] {logging_mixin.py:188} INFO - [2026-06-02T07:28:01.248+0000] {dag.py:3954} INFO - Setting next_dagrun for example_external_task_marker_child to None, run_after=None
[2026-06-02T07:28:01.253+0000] {logging_mixin.py:188} INFO - [2026-06-02T07:28:01.252+0000] {dag.py:3954} INFO - Setting next_dagrun for example_external_task_marker_parent to None, run_after=None
[2026-06-02T07:28:01.283+0000] {processor.py:183} INFO - Processing /home/airflow/.local/lib/python3.11/site-packages/airflow/example_dags/example_external_task_marker_dag.py took 0.102 seconds
[2026-06-02T07:28:31.591+0000] {processor.py:161} INFO - Started process (PID=6904) to work on /home/airflow/.local/lib/python3.11/site-packages/airflow/example_dags/example_external_task_marker_dag.py
[2026-06-02T07:28:31.592+0000] {processor.py:830} INFO - Processing file /home/airflow/.local/lib/python3.11/site-packages/airflow/example_dags/example_external_task_marker_dag.py for tasks to queue
[2026-06-02T07:28:31.594+0000] {logging_mixin.py:188} INFO - [2026-06-02T07:28:31.594+0000] {dagbag.py:545} INFO - Filling up the DagBag from /home/airflow/.local/lib/python3.11/site-packages/airflow/example_dags/example_external_task_marker_dag.py
[2026-06-02T07:28:31.602+0000] {processor.py:840} INFO - DAG(s) 'example_external_task_marker_child', 'example_external_task_marker_parent' retrieved from /home/airflow/.local/lib/python3.11/site-packages/airflow/example_dags/example_external_task_marker_dag.py
[2026-06-02T07:28:31.628+0000] {logging_mixin.py:188} INFO - [2026-06-02T07:28:31.627+0000] {dag.py:3096} INFO - Sync 2 DAGs
[2026-06-02T07:28:31.643+0000] {logging_mixin.py:188} INFO - [2026-06-02T07:28:31.642+0000] {dag.py:3954} INFO - Setting next_dagrun for example_external_task_marker_child to None, run_after=None
[2026-06-02T07:28:31.648+0000] {logging_mixin.py:188} INFO - [2026-06-02T07:28:31.648+0000] {dag.py:3954} INFO - Setting next_dagrun for example_external_task_marker_parent to None, run_after=None
[2026-06-02T07:28:31.678+0000] {processor.py:183} INFO - Processing /home/airflow/.local/lib/python3.11/site-packages/airflow/example_dags/example_external_task_marker_dag.py took 0.094 seconds
[2026-06-02T07:30:04.376+0000] {processor.py:161} INFO - Started process (PID=307) to work on /home/airflow/.local/lib/python3.11/site-packages/airflow/example_dags/example_external_task_marker_dag.py
[2026-06-02T07:30:04.377+0000] {processor.py:830} INFO - Processing file /home/airflow/.local/lib/python3.11/site-packages/airflow/example_dags/example_external_task_marker_dag.py for tasks to queue
[2026-06-02T07:30:04.381+0000] {logging_mixin.py:188} INFO - [2026-06-02T07:30:04.380+0000] {dagbag.py:545} INFO - Filling up the DagBag from /home/airflow/.local/lib/python3.11/site-packages/airflow/example_dags/example_external_task_marker_dag.py
[2026-06-02T07:30:04.389+0000] {processor.py:840} INFO - DAG(s) 'example_external_task_marker_parent', 'example_external_task_marker_child' retrieved from /home/airflow/.local/lib/python3.11/site-packages/airflow/example_dags/example_external_task_marker_dag.py
[2026-06-02T07:30:04.411+0000] {logging_mixin.py:188} INFO - [2026-06-02T07:30:04.411+0000] {dag.py:3096} INFO - Sync 2 DAGs
[2026-06-02T07:30:04.437+0000] {logging_mixin.py:188} INFO - [2026-06-02T07:30:04.437+0000] {dag.py:3954} INFO - Setting next_dagrun for example_external_task_marker_child to None, run_after=None
[2026-06-02T07:30:04.443+0000] {logging_mixin.py:188} INFO - [2026-06-02T07:30:04.443+0000] {dag.py:3954} INFO - Setting next_dagrun for example_external_task_marker_parent to None, run_after=None
[2026-06-02T07:30:04.470+0000] {processor.py:183} INFO - Processing /home/airflow/.local/lib/python3.11/site-packages/airflow/example_dags/example_external_task_marker_dag.py took 0.102 seconds
[2026-06-02T07:30:34.734+0000] {processor.py:161} INFO - Started process (PID=575) to work on /home/airflow/.local/lib/python3.11/site-packages/airflow/example_dags/example_external_task_marker_dag.py
[2026-06-02T07:30:34.736+0000] {processor.py:830} INFO - Processing file /home/airflow/.local/lib/python3.11/site-packages/airflow/example_dags/example_external_task_marker_dag.py for tasks to queue
[2026-06-02T07:30:34.738+0000] {logging_mixin.py:188} INFO - [2026-06-02T07:30:34.737+0000] {dagbag.py:545} INFO - Filling up the DagBag from /home/airflow/.local/lib/python3.11/site-packages/airflow/example_dags/example_external_task_marker_dag.py
[2026-06-02T07:30:34.744+0000] {processor.py:840} INFO - DAG(s) 'example_external_task_marker_parent', 'example_external_task_marker_child' retrieved from /home/airflow/.local/lib/python3.11/site-packages/airflow/example_dags/example_external_task_marker_dag.py
[2026-06-02T07:30:34.856+0000] {logging_mixin.py:188} INFO - [2026-06-02T07:30:34.856+0000] {dag.py:3096} INFO - Sync 2 DAGs
[2026-06-02T07:30:34.868+0000] {logging_mixin.py:188} INFO - [2026-06-02T07:30:34.868+0000] {dag.py:3954} INFO - Setting next_dagrun for example_external_task_marker_child to None, run_after=None
[2026-06-02T07:30:34.871+0000] {logging_mixin.py:188} INFO - [2026-06-02T07:30:34.871+0000] {dag.py:3954} INFO - Setting next_dagrun for example_external_task_marker_parent to None, run_after=None
[2026-06-02T07:30:34.891+0000] {processor.py:183} INFO - Processing /home/airflow/.local/lib/python3.11/site-packages/airflow/example_dags/example_external_task_marker_dag.py took 0.163 seconds
[2026-06-02T07:31:05.533+0000] {processor.py:161} INFO - Started process (PID=845) to work on /home/airflow/.local/lib/python3.11/site-packages/airflow/example_dags/example_external_task_marker_dag.py
[2026-06-02T07:31:05.534+0000] {processor.py:830} INFO - Processing file /home/airflow/.local/lib/python3.11/site-packages/airflow/example_dags/example_external_task_marker_dag.py for tasks to queue
[2026-06-02T07:31:05.536+0000] {logging_mixin.py:188} INFO - [2026-06-02T07:31:05.536+0000] {dagbag.py:545} INFO - Filling up the DagBag from /home/airflow/.local/lib/python3.11/site-packages/airflow/example_dags/example_external_task_marker_dag.py
[2026-06-02T07:31:05.543+0000] {processor.py:840} INFO - DAG(s) 'example_external_task_marker_parent', 'example_external_task_marker_child' retrieved from /home/airflow/.local/lib/python3.11/site-packages/airflow/example_dags/example_external_task_marker_dag.py
[2026-06-02T07:31:05.568+0000] {logging_mixin.py:188} INFO - [2026-06-02T07:31:05.568+0000] {dag.py:3096} INFO - Sync 2 DAGs
[2026-06-02T07:31:05.583+0000] {logging_mixin.py:188} INFO - [2026-06-02T07:31:05.583+0000] {dag.py:3954} INFO - Setting next_dagrun for example_external_task_marker_child to None, run_after=None
[2026-06-02T07:31:05.588+0000] {logging_mixin.py:188} INFO - [2026-06-02T07:31:05.587+0000] {dag.py:3954} INFO - Setting next_dagrun for example_external_task_marker_parent to None, run_after=None
[2026-06-02T07:31:05.609+0000] {processor.py:183} INFO - Processing /home/airflow/.local/lib/python3.11/site-packages/airflow/example_dags/example_external_task_marker_dag.py took 0.081 seconds
[2026-06-02T07:31:36.436+0000] {processor.py:161} INFO - Started process (PID=1121) to work on /home/airflow/.local/lib/python3.11/site-packages/airflow/example_dags/example_external_task_marker_dag.py
[2026-06-02T07:31:36.437+0000] {processor.py:830} INFO - Processing file /home/airflow/.local/lib/python3.11/site-packages/airflow/example_dags/example_external_task_marker_dag.py for tasks to queue
[2026-06-02T07:31:36.439+0000] {logging_mixin.py:188} INFO - [2026-06-02T07:31:36.439+0000] {dagbag.py:545} INFO - Filling up the DagBag from /home/airflow/.local/lib/python3.11/site-packages/airflow/example_dags/example_external_task_marker_dag.py
[2026-06-02T07:31:36.446+0000] {processor.py:840} INFO - DAG(s) 'example_external_task_marker_parent', 'example_external_task_marker_child' retrieved from /home/airflow/.local/lib/python3.11/site-packages/airflow/example_dags/example_external_task_marker_dag.py
[2026-06-02T07:31:36.471+0000] {logging_mixin.py:188} INFO - [2026-06-02T07:31:36.471+0000] {dag.py:3096} INFO - Sync 2 DAGs
[2026-06-02T07:31:36.485+0000] {logging_mixin.py:188} INFO - [2026-06-02T07:31:36.485+0000] {dag.py:3954} INFO - Setting next_dagrun for example_external_task_marker_child to None, run_after=None
[2026-06-02T07:31:36.489+0000] {logging_mixin.py:188} INFO - [2026-06-02T07:31:36.489+0000] {dag.py:3954} INFO - Setting next_dagrun for example_external_task_marker_parent to None, run_after=None
[2026-06-02T07:31:36.507+0000] {processor.py:183} INFO - Processing /home/airflow/.local/lib/python3.11/site-packages/airflow/example_dags/example_external_task_marker_dag.py took 0.080 seconds
[2026-06-02T07:32:06.847+0000] {processor.py:161} INFO - Started process (PID=1397) to work on /home/airflow/.local/lib/python3.11/site-packages/airflow/example_dags/example_external_task_marker_dag.py
[2026-06-02T07:32:06.848+0000] {processor.py:830} INFO - Processing file /home/airflow/.local/lib/python3.11/site-packages/airflow/example_dags/example_external_task_marker_dag.py for tasks to queue
[2026-06-02T07:32:06.851+0000] {logging_mixin.py:188} INFO - [2026-06-02T07:32:06.851+0000] {dagbag.py:545} INFO - Filling up the DagBag from /home/airflow/.local/lib/python3.11/site-packages/airflow/example_dags/example_external_task_marker_dag.py
[2026-06-02T07:32:06.860+0000] {processor.py:840} INFO - DAG(s) 'example_external_task_marker_parent', 'example_external_task_marker_child' retrieved from /home/airflow/.local/lib/python3.11/site-packages/airflow/example_dags/example_external_task_marker_dag.py
[2026-06-02T07:32:06.890+0000] {logging_mixin.py:188} INFO - [2026-06-02T07:32:06.890+0000] {dag.py:3096} INFO - Sync 2 DAGs
[2026-06-02T07:32:06.906+0000] {logging_mixin.py:188} INFO - [2026-06-02T07:32:06.906+0000] {dag.py:3954} INFO - Setting next_dagrun for example_external_task_marker_child to None, run_after=None
[2026-06-02T07:32:06.911+0000] {logging_mixin.py:188} INFO - [2026-06-02T07:32:06.911+0000] {dag.py:3954} INFO - Setting next_dagrun for example_external_task_marker_parent to None, run_after=None
[2026-06-02T07:32:06.941+0000] {processor.py:183} INFO - Processing /home/airflow/.local/lib/python3.11/site-packages/airflow/example_dags/example_external_task_marker_dag.py took 0.105 seconds
[2026-06-02T07:32:37.796+0000] {processor.py:161} INFO - Started process (PID=1673) to work on /home/airflow/.local/lib/python3.11/site-packages/airflow/example_dags/example_external_task_marker_dag.py
[2026-06-02T07:32:37.797+0000] {processor.py:830} INFO - Processing file /home/airflow/.local/lib/python3.11/site-packages/airflow/example_dags/example_external_task_marker_dag.py for tasks to queue
[2026-06-02T07:32:37.799+0000] {logging_mixin.py:188} INFO - [2026-06-02T07:32:37.799+0000] {dagbag.py:545} INFO - Filling up the DagBag from /home/airflow/.local/lib/python3.11/site-packages/airflow/example_dags/example_external_task_marker_dag.py
[2026-06-02T07:32:37.806+0000] {processor.py:840} INFO - DAG(s) 'example_external_task_marker_parent', 'example_external_task_marker_child' retrieved from /home/airflow/.local/lib/python3.11/site-packages/airflow/example_dags/example_external_task_marker_dag.py
[2026-06-02T07:32:37.835+0000] {logging_mixin.py:188} INFO - [2026-06-02T07:32:37.835+0000] {dag.py:3096} INFO - Sync 2 DAGs
[2026-06-02T07:32:37.849+0000] {logging_mixin.py:188} INFO - [2026-06-02T07:32:37.848+0000] {dag.py:3954} INFO - Setting next_dagrun for example_external_task_marker_child to None, run_after=None
[2026-06-02T07:32:37.853+0000] {logging_mixin.py:188} INFO - [2026-06-02T07:32:37.853+0000] {dag.py:3954} INFO - Setting next_dagrun for example_external_task_marker_parent to None, run_after=None
[2026-06-02T07:32:37.881+0000] {processor.py:183} INFO - Processing /home/airflow/.local/lib/python3.11/site-packages/airflow/example_dags/example_external_task_marker_dag.py took 0.091 seconds
[2026-06-02T07:33:08.164+0000] {processor.py:161} INFO - Started process (PID=1949) to work on /home/airflow/.local/lib/python3.11/site-packages/airflow/example_dags/example_external_task_marker_dag.py
[2026-06-02T07:33:08.165+0000] {processor.py:830} INFO - Processing file /home/airflow/.local/lib/python3.11/site-packages/airflow/example_dags/example_external_task_marker_dag.py for tasks to queue
[2026-06-02T07:33:08.167+0000] {logging_mixin.py:188} INFO - [2026-06-02T07:33:08.167+0000] {dagbag.py:545} INFO - Filling up the DagBag from /home/airflow/.local/lib/python3.11/site-packages/airflow/example_dags/example_external_task_marker_dag.py
[2026-06-02T07:33:08.175+0000] {processor.py:840} INFO - DAG(s) 'example_external_task_marker_child', 'example_external_task_marker_parent' retrieved from /home/airflow/.local/lib/python3.11/site-packages/airflow/example_dags/example_external_task_marker_dag.py
[2026-06-02T07:33:08.198+0000] {logging_mixin.py:188} INFO - [2026-06-02T07:33:08.198+0000] {dag.py:3096} INFO - Sync 2 DAGs
[2026-06-02T07:33:08.210+0000] {logging_mixin.py:188} INFO - [2026-06-02T07:33:08.210+0000] {dag.py:3954} INFO - Setting next_dagrun for example_external_task_marker_child to None, run_after=None
[2026-06-02T07:33:08.215+0000] {logging_mixin.py:188} INFO - [2026-06-02T07:33:08.215+0000] {dag.py:3954} INFO - Setting next_dagrun for example_external_task_marker_parent to None, run_after=None
[2026-06-02T07:33:08.246+0000] {processor.py:183} INFO - Processing /home/airflow/.local/lib/python3.11/site-packages/airflow/example_dags/example_external_task_marker_dag.py took 0.090 seconds
[2026-06-02T07:33:39.154+0000] {processor.py:161} INFO - Started process (PID=2225) to work on /home/airflow/.local/lib/python3.11/site-packages/airflow/example_dags/example_external_task_marker_dag.py
[2026-06-02T07:33:39.157+0000] {processor.py:830} INFO - Processing file /home/airflow/.local/lib/python3.11/site-packages/airflow/example_dags/example_external_task_marker_dag.py for tasks to queue
[2026-06-02T07:33:39.160+0000] {logging_mixin.py:188} INFO - [2026-06-02T07:33:39.159+0000] {dagbag.py:545} INFO - Filling up the DagBag from /home/airflow/.local/lib/python3.11/site-packages/airflow/example_dags/example_external_task_marker_dag.py
[2026-06-02T07:33:39.173+0000] {processor.py:840} INFO - DAG(s) 'example_external_task_marker_parent', 'example_external_task_marker_child' retrieved from /home/airflow/.local/lib/python3.11/site-packages/airflow/example_dags/example_external_task_marker_dag.py
[2026-06-02T07:33:39.207+0000] {logging_mixin.py:188} INFO - [2026-06-02T07:33:39.206+0000] {dag.py:3096} INFO - Sync 2 DAGs
[2026-06-02T07:33:39.222+0000] {logging_mixin.py:188} INFO - [2026-06-02T07:33:39.221+0000] {dag.py:3954} INFO - Setting next_dagrun for example_external_task_marker_child to None, run_after=None
[2026-06-02T07:33:39.226+0000] {logging_mixin.py:188} INFO - [2026-06-02T07:33:39.226+0000] {dag.py:3954} INFO - Setting next_dagrun for example_external_task_marker_parent to None, run_after=None
[2026-06-02T07:33:39.252+0000] {processor.py:183} INFO - Processing /home/airflow/.local/lib/python3.11/site-packages/airflow/example_dags/example_external_task_marker_dag.py took 0.107 seconds
[2026-06-02T07:34:09.468+0000] {processor.py:161} INFO - Started process (PID=2501) to work on /home/airflow/.local/lib/python3.11/site-packages/airflow/example_dags/example_external_task_marker_dag.py
[2026-06-02T07:34:09.469+0000] {processor.py:830} INFO - Processing file /home/airflow/.local/lib/python3.11/site-packages/airflow/example_dags/example_external_task_marker_dag.py for tasks to queue
[2026-06-02T07:34:09.471+0000] {logging_mixin.py:188} INFO - [2026-06-02T07:34:09.471+0000] {dagbag.py:545} INFO - Filling up the DagBag from /home/airflow/.local/lib/python3.11/site-packages/airflow/example_dags/example_external_task_marker_dag.py
[2026-06-02T07:34:09.477+0000] {processor.py:840} INFO - DAG(s) 'example_external_task_marker_parent', 'example_external_task_marker_child' retrieved from /home/airflow/.local/lib/python3.11/site-packages/airflow/example_dags/example_external_task_marker_dag.py
[2026-06-02T07:34:09.503+0000] {logging_mixin.py:188} INFO - [2026-06-02T07:34:09.502+0000] {dag.py:3096} INFO - Sync 2 DAGs
[2026-06-02T07:34:09.518+0000] {logging_mixin.py:188} INFO - [2026-06-02T07:34:09.518+0000] {dag.py:3954} INFO - Setting next_dagrun for example_external_task_marker_child to None, run_after=None
[2026-06-02T07:34:09.523+0000] {logging_mixin.py:188} INFO - [2026-06-02T07:34:09.523+0000] {dag.py:3954} INFO - Setting next_dagrun for example_external_task_marker_parent to None, run_after=None
[2026-06-02T07:34:09.547+0000] {processor.py:183} INFO - Processing /home/airflow/.local/lib/python3.11/site-packages/airflow/example_dags/example_external_task_marker_dag.py took 0.085 seconds
[2026-06-02T07:34:40.165+0000] {processor.py:161} INFO - Started process (PID=2777) to work on /home/airflow/.local/lib/python3.11/site-packages/airflow/example_dags/example_external_task_marker_dag.py
[2026-06-02T07:34:40.167+0000] {processor.py:830} INFO - Processing file /home/airflow/.local/lib/python3.11/site-packages/airflow/example_dags/example_external_task_marker_dag.py for tasks to queue
[2026-06-02T07:34:40.169+0000] {logging_mixin.py:188} INFO - [2026-06-02T07:34:40.168+0000] {dagbag.py:545} INFO - Filling up the DagBag from /home/airflow/.local/lib/python3.11/site-packages/airflow/example_dags/example_external_task_marker_dag.py
[2026-06-02T07:34:40.177+0000] {processor.py:840} INFO - DAG(s) 'example_external_task_marker_parent', 'example_external_task_marker_child' retrieved from /home/airflow/.local/lib/python3.11/site-packages/airflow/example_dags/example_external_task_marker_dag.py
[2026-06-02T07:34:40.207+0000] {logging_mixin.py:188} INFO - [2026-06-02T07:34:40.205+0000] {dag.py:3096} INFO - Sync 2 DAGs
[2026-06-02T07:34:40.219+0000] {logging_mixin.py:188} INFO - [2026-06-02T07:34:40.218+0000] {dag.py:3954} INFO - Setting next_dagrun for example_external_task_marker_child to None, run_after=None
[2026-06-02T07:34:40.223+0000] {logging_mixin.py:188} INFO - [2026-06-02T07:34:40.223+0000] {dag.py:3954} INFO - Setting next_dagrun for example_external_task_marker_parent to None, run_after=None
[2026-06-02T07:34:40.255+0000] {processor.py:183} INFO - Processing /home/airflow/.local/lib/python3.11/site-packages/airflow/example_dags/example_external_task_marker_dag.py took 0.096 seconds
[2026-06-02T07:35:10.515+0000] {processor.py:161} INFO - Started process (PID=3053) to work on /home/airflow/.local/lib/python3.11/site-packages/airflow/example_dags/example_external_task_marker_dag.py
[2026-06-02T07:35:10.516+0000] {processor.py:830} INFO - Processing file /home/airflow/.local/lib/python3.11/site-packages/airflow/example_dags/example_external_task_marker_dag.py for tasks to queue
[2026-06-02T07:35:10.518+0000] {logging_mixin.py:188} INFO - [2026-06-02T07:35:10.518+0000] {dagbag.py:545} INFO - Filling up the DagBag from /home/airflow/.local/lib/python3.11/site-packages/airflow/example_dags/example_external_task_marker_dag.py
[2026-06-02T07:35:10.525+0000] {processor.py:840} INFO - DAG(s) 'example_external_task_marker_parent', 'example_external_task_marker_child' retrieved from /home/airflow/.local/lib/python3.11/site-packages/airflow/example_dags/example_external_task_marker_dag.py
[2026-06-02T07:35:10.548+0000] {logging_mixin.py:188} INFO - [2026-06-02T07:35:10.548+0000] {dag.py:3096} INFO - Sync 2 DAGs
[2026-06-02T07:35:10.563+0000] {logging_mixin.py:188} INFO - [2026-06-02T07:35:10.562+0000] {dag.py:3954} INFO - Setting next_dagrun for example_external_task_marker_child to None, run_after=None
[2026-06-02T07:35:10.567+0000] {logging_mixin.py:188} INFO - [2026-06-02T07:35:10.567+0000] {dag.py:3954} INFO - Setting next_dagrun for example_external_task_marker_parent to None, run_after=None
[2026-06-02T07:35:10.595+0000] {processor.py:183} INFO - Processing /home/airflow/.local/lib/python3.11/site-packages/airflow/example_dags/example_external_task_marker_dag.py took 0.093 seconds
[2026-06-02T07:35:40.831+0000] {processor.py:161} INFO - Started process (PID=3329) to work on /home/airflow/.local/lib/python3.11/site-packages/airflow/example_dags/example_external_task_marker_dag.py
[2026-06-02T07:35:40.832+0000] {processor.py:830} INFO - Processing file /home/airflow/.local/lib/python3.11/site-packages/airflow/example_dags/example_external_task_marker_dag.py for tasks to queue
[2026-06-02T07:35:40.834+0000] {logging_mixin.py:188} INFO - [2026-06-02T07:35:40.834+0000] {dagbag.py:545} INFO - Filling up the DagBag from /home/airflow/.local/lib/python3.11/site-packages/airflow/example_dags/example_external_task_marker_dag.py
[2026-06-02T07:35:40.840+0000] {processor.py:840} INFO - DAG(s) 'example_external_task_marker_parent', 'example_external_task_marker_child' retrieved from /home/airflow/.local/lib/python3.11/site-packages/airflow/example_dags/example_external_task_marker_dag.py
[2026-06-02T07:35:40.863+0000] {logging_mixin.py:188} INFO - [2026-06-02T07:35:40.863+0000] {dag.py:3096} INFO - Sync 2 DAGs
[2026-06-02T07:35:40.876+0000] {logging_mixin.py:188} INFO - [2026-06-02T07:35:40.876+0000] {dag.py:3954} INFO - Setting next_dagrun for example_external_task_marker_child to None, run_after=None
[2026-06-02T07:35:40.881+0000] {logging_mixin.py:188} INFO - [2026-06-02T07:35:40.881+0000] {dag.py:3954} INFO - Setting next_dagrun for example_external_task_marker_parent to None, run_after=None
[2026-06-02T07:35:40.912+0000] {processor.py:183} INFO - Processing /home/airflow/.local/lib/python3.11/site-packages/airflow/example_dags/example_external_task_marker_dag.py took 0.089 seconds
[2026-06-02T07:36:11.743+0000] {processor.py:161} INFO - Started process (PID=3605) to work on /home/airflow/.local/lib/python3.11/site-packages/airflow/example_dags/example_external_task_marker_dag.py
[2026-06-02T07:36:11.744+0000] {processor.py:830} INFO - Processing file /home/airflow/.local/lib/python3.11/site-packages/airflow/example_dags/example_external_task_marker_dag.py for tasks to queue
[2026-06-02T07:36:11.746+0000] {logging_mixin.py:188} INFO - [2026-06-02T07:36:11.746+0000] {dagbag.py:545} INFO - Filling up the DagBag from /home/airflow/.local/lib/python3.11/site-packages/airflow/example_dags/example_external_task_marker_dag.py
[2026-06-02T07:36:11.752+0000] {processor.py:840} INFO - DAG(s) 'example_external_task_marker_child', 'example_external_task_marker_parent' retrieved from /home/airflow/.local/lib/python3.11/site-packages/airflow/example_dags/example_external_task_marker_dag.py
[2026-06-02T07:36:11.776+0000] {logging_mixin.py:188} INFO - [2026-06-02T07:36:11.776+0000] {dag.py:3096} INFO - Sync 2 DAGs
[2026-06-02T07:36:11.788+0000] {logging_mixin.py:188} INFO - [2026-06-02T07:36:11.788+0000] {dag.py:3954} INFO - Setting next_dagrun for example_external_task_marker_child to None, run_after=None
[2026-06-02T07:36:11.792+0000] {logging_mixin.py:188} INFO - [2026-06-02T07:36:11.791+0000] {dag.py:3954} INFO - Setting next_dagrun for example_external_task_marker_parent to None, run_after=None
[2026-06-02T07:36:11.825+0000] {processor.py:183} INFO - Processing /home/airflow/.local/lib/python3.11/site-packages/airflow/example_dags/example_external_task_marker_dag.py took 0.089 seconds
[2026-06-02T07:36:42.292+0000] {processor.py:161} INFO - Started process (PID=3881) to work on /home/airflow/.local/lib/python3.11/site-packages/airflow/example_dags/example_external_task_marker_dag.py
[2026-06-02T07:36:42.293+0000] {processor.py:830} INFO - Processing file /home/airflow/.local/lib/python3.11/site-packages/airflow/example_dags/example_external_task_marker_dag.py for tasks to queue
[2026-06-02T07:36:42.296+0000] {logging_mixin.py:188} INFO - [2026-06-02T07:36:42.295+0000] {dagbag.py:545} INFO - Filling up the DagBag from /home/airflow/.local/lib/python3.11/site-packages/airflow/example_dags/example_external_task_marker_dag.py
[2026-06-02T07:36:42.301+0000] {processor.py:840} INFO - DAG(s) 'example_external_task_marker_parent', 'example_external_task_marker_child' retrieved from /home/airflow/.local/lib/python3.11/site-packages/airflow/example_dags/example_external_task_marker_dag.py
[2026-06-02T07:36:42.332+0000] {logging_mixin.py:188} INFO - [2026-06-02T07:36:42.332+0000] {dag.py:3096} INFO - Sync 2 DAGs
[2026-06-02T07:36:42.343+0000] {logging_mixin.py:188} INFO - [2026-06-02T07:36:42.343+0000] {dag.py:3954} INFO - Setting next_dagrun for example_external_task_marker_child to None, run_after=None
[2026-06-02T07:36:42.347+0000] {logging_mixin.py:188} INFO - [2026-06-02T07:36:42.347+0000] {dag.py:3954} INFO - Setting next_dagrun for example_external_task_marker_parent to None, run_after=None
[2026-06-02T07:36:42.374+0000] {processor.py:183} INFO - Processing /home/airflow/.local/lib/python3.11/site-packages/airflow/example_dags/example_external_task_marker_dag.py took 0.088 seconds
[2026-06-02T07:37:12.490+0000] {processor.py:161} INFO - Started process (PID=4157) to work on /home/airflow/.local/lib/python3.11/site-packages/airflow/example_dags/example_external_task_marker_dag.py
[2026-06-02T07:37:12.491+0000] {processor.py:830} INFO - Processing file /home/airflow/.local/lib/python3.11/site-packages/airflow/example_dags/example_external_task_marker_dag.py for tasks to queue
[2026-06-02T07:37:12.493+0000] {logging_mixin.py:188} INFO - [2026-06-02T07:37:12.493+0000] {dagbag.py:545} INFO - Filling up the DagBag from /home/airflow/.local/lib/python3.11/site-packages/airflow/example_dags/example_external_task_marker_dag.py
[2026-06-02T07:37:12.499+0000] {processor.py:840} INFO - DAG(s) 'example_external_task_marker_child', 'example_external_task_marker_parent' retrieved from /home/airflow/.local/lib/python3.11/site-packages/airflow/example_dags/example_external_task_marker_dag.py
[2026-06-02T07:37:12.524+0000] {logging_mixin.py:188} INFO - [2026-06-02T07:37:12.524+0000] {dag.py:3096} INFO - Sync 2 DAGs
[2026-06-02T07:37:12.538+0000] {logging_mixin.py:188} INFO - [2026-06-02T07:37:12.538+0000] {dag.py:3954} INFO - Setting next_dagrun for example_external_task_marker_child to None, run_after=None
[2026-06-02T07:37:12.543+0000] {logging_mixin.py:188} INFO - [2026-06-02T07:37:12.543+0000] {dag.py:3954} INFO - Setting next_dagrun for example_external_task_marker_parent to None, run_after=None
[2026-06-02T07:37:12.573+0000] {processor.py:183} INFO - Processing /home/airflow/.local/lib/python3.11/site-packages/airflow/example_dags/example_external_task_marker_dag.py took 0.090 seconds
[2026-06-02T07:37:43.106+0000] {processor.py:161} INFO - Started process (PID=4433) to work on /home/airflow/.local/lib/python3.11/site-packages/airflow/example_dags/example_external_task_marker_dag.py
[2026-06-02T07:37:43.108+0000] {processor.py:830} INFO - Processing file /home/airflow/.local/lib/python3.11/site-packages/airflow/example_dags/example_external_task_marker_dag.py for tasks to queue
[2026-06-02T07:37:43.110+0000] {logging_mixin.py:188} INFO - [2026-06-02T07:37:43.109+0000] {dagbag.py:545} INFO - Filling up the DagBag from /home/airflow/.local/lib/python3.11/site-packages/airflow/example_dags/example_external_task_marker_dag.py
[2026-06-02T07:37:43.117+0000] {processor.py:840} INFO - DAG(s) 'example_external_task_marker_parent', 'example_external_task_marker_child' retrieved from /home/airflow/.local/lib/python3.11/site-packages/airflow/example_dags/example_external_task_marker_dag.py
[2026-06-02T07:37:43.138+0000] {logging_mixin.py:188} INFO - [2026-06-02T07:37:43.138+0000] {dag.py:3096} INFO - Sync 2 DAGs
[2026-06-02T07:37:43.149+0000] {logging_mixin.py:188} INFO - [2026-06-02T07:37:43.149+0000] {dag.py:3954} INFO - Setting next_dagrun for example_external_task_marker_child to None, run_after=None
[2026-06-02T07:37:43.153+0000] {logging_mixin.py:188} INFO - [2026-06-02T07:37:43.153+0000] {dag.py:3954} INFO - Setting next_dagrun for example_external_task_marker_parent to None, run_after=None
[2026-06-02T07:37:43.173+0000] {processor.py:183} INFO - Processing /home/airflow/.local/lib/python3.11/site-packages/airflow/example_dags/example_external_task_marker_dag.py took 0.073 seconds
[2026-06-02T07:38:13.833+0000] {processor.py:161} INFO - Started process (PID=4709) to work on /home/airflow/.local/lib/python3.11/site-packages/airflow/example_dags/example_external_task_marker_dag.py
[2026-06-02T07:38:13.835+0000] {processor.py:830} INFO - Processing file /home/airflow/.local/lib/python3.11/site-packages/airflow/example_dags/example_external_task_marker_dag.py for tasks to queue
[2026-06-02T07:38:13.837+0000] {logging_mixin.py:188} INFO - [2026-06-02T07:38:13.837+0000] {dagbag.py:545} INFO - Filling up the DagBag from /home/airflow/.local/lib/python3.11/site-packages/airflow/example_dags/example_external_task_marker_dag.py
[2026-06-02T07:38:13.846+0000] {processor.py:840} INFO - DAG(s) 'example_external_task_marker_child', 'example_external_task_marker_parent' retrieved from /home/airflow/.local/lib/python3.11/site-packages/airflow/example_dags/example_external_task_marker_dag.py
[2026-06-02T07:38:13.870+0000] {logging_mixin.py:188} INFO - [2026-06-02T07:38:13.870+0000] {dag.py:3096} INFO - Sync 2 DAGs
[2026-06-02T07:38:13.881+0000] {logging_mixin.py:188} INFO - [2026-06-02T07:38:13.880+0000] {dag.py:3954} INFO - Setting next_dagrun for example_external_task_marker_child to None, run_after=None
[2026-06-02T07:38:13.885+0000] {logging_mixin.py:188} INFO - [2026-06-02T07:38:13.885+0000] {dag.py:3954} INFO - Setting next_dagrun for example_external_task_marker_parent to None, run_after=None
[2026-06-02T07:38:13.914+0000] {processor.py:183} INFO - Processing /home/airflow/.local/lib/python3.11/site-packages/airflow/example_dags/example_external_task_marker_dag.py took 0.088 seconds
