[2026-06-02T04:47:05.945+0000] {processor.py:161} INFO - Started process (PID=285) to work on /home/airflow/.local/lib/python3.11/site-packages/airflow/example_dags/example_dynamic_task_mapping_with_no_taskflow_operators.py
[2026-06-02T04:47:05.946+0000] {processor.py:830} INFO - Processing file /home/airflow/.local/lib/python3.11/site-packages/airflow/example_dags/example_dynamic_task_mapping_with_no_taskflow_operators.py for tasks to queue
[2026-06-02T04:47:05.949+0000] {logging_mixin.py:188} INFO - [2026-06-02T04:47:05.948+0000] {dagbag.py:545} INFO - Filling up the DagBag from /home/airflow/.local/lib/python3.11/site-packages/airflow/example_dags/example_dynamic_task_mapping_with_no_taskflow_operators.py
[2026-06-02T04:47:05.956+0000] {processor.py:840} INFO - DAG(s) 'example_dynamic_task_mapping_with_no_taskflow_operators' retrieved from /home/airflow/.local/lib/python3.11/site-packages/airflow/example_dags/example_dynamic_task_mapping_with_no_taskflow_operators.py
[2026-06-02T04:47:05.985+0000] {logging_mixin.py:188} INFO - [2026-06-02T04:47:05.984+0000] {dag.py:3096} INFO - Sync 1 DAGs
[2026-06-02T04:47:06.009+0000] {logging_mixin.py:188} INFO - [2026-06-02T04:47:06.009+0000] {dag.py:3954} INFO - Setting next_dagrun for example_dynamic_task_mapping_with_no_taskflow_operators to 2026-06-01 00:00:00+00:00, run_after=2026-06-02 00:00:00+00:00
[2026-06-02T04:47:06.028+0000] {processor.py:183} INFO - Processing /home/airflow/.local/lib/python3.11/site-packages/airflow/example_dags/example_dynamic_task_mapping_with_no_taskflow_operators.py took 0.090 seconds
[2026-06-02T04:47:36.197+0000] {processor.py:161} INFO - Started process (PID=563) to work on /home/airflow/.local/lib/python3.11/site-packages/airflow/example_dags/example_dynamic_task_mapping_with_no_taskflow_operators.py
[2026-06-02T04:47:36.199+0000] {processor.py:830} INFO - Processing file /home/airflow/.local/lib/python3.11/site-packages/airflow/example_dags/example_dynamic_task_mapping_with_no_taskflow_operators.py for tasks to queue
[2026-06-02T04:47:36.201+0000] {logging_mixin.py:188} INFO - [2026-06-02T04:47:36.201+0000] {dagbag.py:545} INFO - Filling up the DagBag from /home/airflow/.local/lib/python3.11/site-packages/airflow/example_dags/example_dynamic_task_mapping_with_no_taskflow_operators.py
[2026-06-02T04:47:36.212+0000] {processor.py:840} INFO - DAG(s) 'example_dynamic_task_mapping_with_no_taskflow_operators' retrieved from /home/airflow/.local/lib/python3.11/site-packages/airflow/example_dags/example_dynamic_task_mapping_with_no_taskflow_operators.py
[2026-06-02T04:47:36.240+0000] {logging_mixin.py:188} INFO - [2026-06-02T04:47:36.240+0000] {dag.py:3096} INFO - Sync 1 DAGs
[2026-06-02T04:47:36.443+0000] {logging_mixin.py:188} INFO - [2026-06-02T04:47:36.443+0000] {dag.py:3954} INFO - Setting next_dagrun for example_dynamic_task_mapping_with_no_taskflow_operators to 2026-06-01 00:00:00+00:00, run_after=2026-06-02 00:00:00+00:00
[2026-06-02T04:47:36.467+0000] {processor.py:183} INFO - Processing /home/airflow/.local/lib/python3.11/site-packages/airflow/example_dags/example_dynamic_task_mapping_with_no_taskflow_operators.py took 0.280 seconds
[2026-06-02T04:48:06.983+0000] {processor.py:161} INFO - Started process (PID=839) to work on /home/airflow/.local/lib/python3.11/site-packages/airflow/example_dags/example_dynamic_task_mapping_with_no_taskflow_operators.py
[2026-06-02T04:48:06.986+0000] {processor.py:830} INFO - Processing file /home/airflow/.local/lib/python3.11/site-packages/airflow/example_dags/example_dynamic_task_mapping_with_no_taskflow_operators.py for tasks to queue
[2026-06-02T04:48:06.988+0000] {logging_mixin.py:188} INFO - [2026-06-02T04:48:06.988+0000] {dagbag.py:545} INFO - Filling up the DagBag from /home/airflow/.local/lib/python3.11/site-packages/airflow/example_dags/example_dynamic_task_mapping_with_no_taskflow_operators.py
[2026-06-02T04:48:07.000+0000] {processor.py:840} INFO - DAG(s) 'example_dynamic_task_mapping_with_no_taskflow_operators' retrieved from /home/airflow/.local/lib/python3.11/site-packages/airflow/example_dags/example_dynamic_task_mapping_with_no_taskflow_operators.py
[2026-06-02T04:48:07.029+0000] {logging_mixin.py:188} INFO - [2026-06-02T04:48:07.029+0000] {dag.py:3096} INFO - Sync 1 DAGs
[2026-06-02T04:48:07.094+0000] {logging_mixin.py:188} INFO - [2026-06-02T04:48:07.081+0000] {dag.py:3954} INFO - Setting next_dagrun for example_dynamic_task_mapping_with_no_taskflow_operators to 2026-06-01 00:00:00+00:00, run_after=2026-06-02 00:00:00+00:00
[2026-06-02T04:48:07.132+0000] {processor.py:183} INFO - Processing /home/airflow/.local/lib/python3.11/site-packages/airflow/example_dags/example_dynamic_task_mapping_with_no_taskflow_operators.py took 0.158 seconds
[2026-06-02T04:48:38.021+0000] {processor.py:161} INFO - Started process (PID=1142) to work on /home/airflow/.local/lib/python3.11/site-packages/airflow/example_dags/example_dynamic_task_mapping_with_no_taskflow_operators.py
[2026-06-02T04:48:38.023+0000] {processor.py:830} INFO - Processing file /home/airflow/.local/lib/python3.11/site-packages/airflow/example_dags/example_dynamic_task_mapping_with_no_taskflow_operators.py for tasks to queue
[2026-06-02T04:48:38.025+0000] {logging_mixin.py:188} INFO - [2026-06-02T04:48:38.025+0000] {dagbag.py:545} INFO - Filling up the DagBag from /home/airflow/.local/lib/python3.11/site-packages/airflow/example_dags/example_dynamic_task_mapping_with_no_taskflow_operators.py
[2026-06-02T04:48:38.036+0000] {processor.py:840} INFO - DAG(s) 'example_dynamic_task_mapping_with_no_taskflow_operators' retrieved from /home/airflow/.local/lib/python3.11/site-packages/airflow/example_dags/example_dynamic_task_mapping_with_no_taskflow_operators.py
[2026-06-02T04:48:38.070+0000] {logging_mixin.py:188} INFO - [2026-06-02T04:48:38.070+0000] {dag.py:3096} INFO - Sync 1 DAGs
[2026-06-02T04:48:38.105+0000] {logging_mixin.py:188} INFO - [2026-06-02T04:48:38.105+0000] {dag.py:3954} INFO - Setting next_dagrun for example_dynamic_task_mapping_with_no_taskflow_operators to 2026-06-01 00:00:00+00:00, run_after=2026-06-02 00:00:00+00:00
[2026-06-02T04:48:38.142+0000] {processor.py:183} INFO - Processing /home/airflow/.local/lib/python3.11/site-packages/airflow/example_dags/example_dynamic_task_mapping_with_no_taskflow_operators.py took 0.131 seconds
[2026-06-02T04:49:08.513+0000] {processor.py:161} INFO - Started process (PID=1425) to work on /home/airflow/.local/lib/python3.11/site-packages/airflow/example_dags/example_dynamic_task_mapping_with_no_taskflow_operators.py
[2026-06-02T04:49:08.515+0000] {processor.py:830} INFO - Processing file /home/airflow/.local/lib/python3.11/site-packages/airflow/example_dags/example_dynamic_task_mapping_with_no_taskflow_operators.py for tasks to queue
[2026-06-02T04:49:08.518+0000] {logging_mixin.py:188} INFO - [2026-06-02T04:49:08.518+0000] {dagbag.py:545} INFO - Filling up the DagBag from /home/airflow/.local/lib/python3.11/site-packages/airflow/example_dags/example_dynamic_task_mapping_with_no_taskflow_operators.py
[2026-06-02T04:49:08.532+0000] {processor.py:840} INFO - DAG(s) 'example_dynamic_task_mapping_with_no_taskflow_operators' retrieved from /home/airflow/.local/lib/python3.11/site-packages/airflow/example_dags/example_dynamic_task_mapping_with_no_taskflow_operators.py
[2026-06-02T04:49:08.572+0000] {logging_mixin.py:188} INFO - [2026-06-02T04:49:08.571+0000] {dag.py:3096} INFO - Sync 1 DAGs
[2026-06-02T04:49:08.611+0000] {logging_mixin.py:188} INFO - [2026-06-02T04:49:08.611+0000] {dag.py:3954} INFO - Setting next_dagrun for example_dynamic_task_mapping_with_no_taskflow_operators to 2026-06-01 00:00:00+00:00, run_after=2026-06-02 00:00:00+00:00
[2026-06-02T04:49:08.651+0000] {processor.py:183} INFO - Processing /home/airflow/.local/lib/python3.11/site-packages/airflow/example_dags/example_dynamic_task_mapping_with_no_taskflow_operators.py took 0.151 seconds
[2026-06-02T04:49:39.196+0000] {processor.py:161} INFO - Started process (PID=1701) to work on /home/airflow/.local/lib/python3.11/site-packages/airflow/example_dags/example_dynamic_task_mapping_with_no_taskflow_operators.py
[2026-06-02T04:49:39.199+0000] {processor.py:830} INFO - Processing file /home/airflow/.local/lib/python3.11/site-packages/airflow/example_dags/example_dynamic_task_mapping_with_no_taskflow_operators.py for tasks to queue
[2026-06-02T04:49:39.203+0000] {logging_mixin.py:188} INFO - [2026-06-02T04:49:39.202+0000] {dagbag.py:545} INFO - Filling up the DagBag from /home/airflow/.local/lib/python3.11/site-packages/airflow/example_dags/example_dynamic_task_mapping_with_no_taskflow_operators.py
[2026-06-02T04:49:39.220+0000] {processor.py:840} INFO - DAG(s) 'example_dynamic_task_mapping_with_no_taskflow_operators' retrieved from /home/airflow/.local/lib/python3.11/site-packages/airflow/example_dags/example_dynamic_task_mapping_with_no_taskflow_operators.py
[2026-06-02T04:49:39.280+0000] {logging_mixin.py:188} INFO - [2026-06-02T04:49:39.279+0000] {dag.py:3096} INFO - Sync 1 DAGs
[2026-06-02T04:49:39.327+0000] {logging_mixin.py:188} INFO - [2026-06-02T04:49:39.326+0000] {dag.py:3954} INFO - Setting next_dagrun for example_dynamic_task_mapping_with_no_taskflow_operators to 2026-06-01 00:00:00+00:00, run_after=2026-06-02 00:00:00+00:00
[2026-06-02T04:49:39.366+0000] {processor.py:183} INFO - Processing /home/airflow/.local/lib/python3.11/site-packages/airflow/example_dags/example_dynamic_task_mapping_with_no_taskflow_operators.py took 0.183 seconds
[2026-06-02T04:50:10.043+0000] {processor.py:161} INFO - Started process (PID=1977) to work on /home/airflow/.local/lib/python3.11/site-packages/airflow/example_dags/example_dynamic_task_mapping_with_no_taskflow_operators.py
[2026-06-02T04:50:10.045+0000] {processor.py:830} INFO - Processing file /home/airflow/.local/lib/python3.11/site-packages/airflow/example_dags/example_dynamic_task_mapping_with_no_taskflow_operators.py for tasks to queue
[2026-06-02T04:50:10.049+0000] {logging_mixin.py:188} INFO - [2026-06-02T04:50:10.048+0000] {dagbag.py:545} INFO - Filling up the DagBag from /home/airflow/.local/lib/python3.11/site-packages/airflow/example_dags/example_dynamic_task_mapping_with_no_taskflow_operators.py
[2026-06-02T04:50:10.060+0000] {processor.py:840} INFO - DAG(s) 'example_dynamic_task_mapping_with_no_taskflow_operators' retrieved from /home/airflow/.local/lib/python3.11/site-packages/airflow/example_dags/example_dynamic_task_mapping_with_no_taskflow_operators.py
[2026-06-02T04:50:10.094+0000] {logging_mixin.py:188} INFO - [2026-06-02T04:50:10.094+0000] {dag.py:3096} INFO - Sync 1 DAGs
[2026-06-02T04:50:10.131+0000] {logging_mixin.py:188} INFO - [2026-06-02T04:50:10.130+0000] {dag.py:3954} INFO - Setting next_dagrun for example_dynamic_task_mapping_with_no_taskflow_operators to 2026-06-01 00:00:00+00:00, run_after=2026-06-02 00:00:00+00:00
[2026-06-02T04:50:10.171+0000] {processor.py:183} INFO - Processing /home/airflow/.local/lib/python3.11/site-packages/airflow/example_dags/example_dynamic_task_mapping_with_no_taskflow_operators.py took 0.139 seconds
[2026-06-02T04:50:40.672+0000] {processor.py:161} INFO - Started process (PID=2253) to work on /home/airflow/.local/lib/python3.11/site-packages/airflow/example_dags/example_dynamic_task_mapping_with_no_taskflow_operators.py
[2026-06-02T04:50:40.674+0000] {processor.py:830} INFO - Processing file /home/airflow/.local/lib/python3.11/site-packages/airflow/example_dags/example_dynamic_task_mapping_with_no_taskflow_operators.py for tasks to queue
[2026-06-02T04:50:40.678+0000] {logging_mixin.py:188} INFO - [2026-06-02T04:50:40.677+0000] {dagbag.py:545} INFO - Filling up the DagBag from /home/airflow/.local/lib/python3.11/site-packages/airflow/example_dags/example_dynamic_task_mapping_with_no_taskflow_operators.py
[2026-06-02T04:50:40.689+0000] {processor.py:840} INFO - DAG(s) 'example_dynamic_task_mapping_with_no_taskflow_operators' retrieved from /home/airflow/.local/lib/python3.11/site-packages/airflow/example_dags/example_dynamic_task_mapping_with_no_taskflow_operators.py
[2026-06-02T04:50:40.752+0000] {logging_mixin.py:188} INFO - [2026-06-02T04:50:40.751+0000] {dag.py:3096} INFO - Sync 1 DAGs
[2026-06-02T04:50:40.803+0000] {logging_mixin.py:188} INFO - [2026-06-02T04:50:40.802+0000] {dag.py:3954} INFO - Setting next_dagrun for example_dynamic_task_mapping_with_no_taskflow_operators to 2026-06-01 00:00:00+00:00, run_after=2026-06-02 00:00:00+00:00
[2026-06-02T04:50:40.833+0000] {processor.py:183} INFO - Processing /home/airflow/.local/lib/python3.11/site-packages/airflow/example_dags/example_dynamic_task_mapping_with_no_taskflow_operators.py took 0.172 seconds
[2026-06-02T04:51:11.244+0000] {processor.py:161} INFO - Started process (PID=2531) to work on /home/airflow/.local/lib/python3.11/site-packages/airflow/example_dags/example_dynamic_task_mapping_with_no_taskflow_operators.py
[2026-06-02T04:51:11.246+0000] {processor.py:830} INFO - Processing file /home/airflow/.local/lib/python3.11/site-packages/airflow/example_dags/example_dynamic_task_mapping_with_no_taskflow_operators.py for tasks to queue
[2026-06-02T04:51:11.250+0000] {logging_mixin.py:188} INFO - [2026-06-02T04:51:11.249+0000] {dagbag.py:545} INFO - Filling up the DagBag from /home/airflow/.local/lib/python3.11/site-packages/airflow/example_dags/example_dynamic_task_mapping_with_no_taskflow_operators.py
[2026-06-02T04:51:11.259+0000] {processor.py:840} INFO - DAG(s) 'example_dynamic_task_mapping_with_no_taskflow_operators' retrieved from /home/airflow/.local/lib/python3.11/site-packages/airflow/example_dags/example_dynamic_task_mapping_with_no_taskflow_operators.py
[2026-06-02T04:51:11.292+0000] {logging_mixin.py:188} INFO - [2026-06-02T04:51:11.291+0000] {dag.py:3096} INFO - Sync 1 DAGs
[2026-06-02T04:51:11.328+0000] {logging_mixin.py:188} INFO - [2026-06-02T04:51:11.328+0000] {dag.py:3954} INFO - Setting next_dagrun for example_dynamic_task_mapping_with_no_taskflow_operators to 2026-06-01 00:00:00+00:00, run_after=2026-06-02 00:00:00+00:00
[2026-06-02T04:51:11.366+0000] {processor.py:183} INFO - Processing /home/airflow/.local/lib/python3.11/site-packages/airflow/example_dags/example_dynamic_task_mapping_with_no_taskflow_operators.py took 0.133 seconds
[2026-06-02T04:51:42.538+0000] {processor.py:161} INFO - Started process (PID=2846) to work on /home/airflow/.local/lib/python3.11/site-packages/airflow/example_dags/example_dynamic_task_mapping_with_no_taskflow_operators.py
[2026-06-02T04:51:42.545+0000] {processor.py:830} INFO - Processing file /home/airflow/.local/lib/python3.11/site-packages/airflow/example_dags/example_dynamic_task_mapping_with_no_taskflow_operators.py for tasks to queue
[2026-06-02T04:51:42.553+0000] {logging_mixin.py:188} INFO - [2026-06-02T04:51:42.553+0000] {dagbag.py:545} INFO - Filling up the DagBag from /home/airflow/.local/lib/python3.11/site-packages/airflow/example_dags/example_dynamic_task_mapping_with_no_taskflow_operators.py
[2026-06-02T04:51:42.601+0000] {processor.py:840} INFO - DAG(s) 'example_dynamic_task_mapping_with_no_taskflow_operators' retrieved from /home/airflow/.local/lib/python3.11/site-packages/airflow/example_dags/example_dynamic_task_mapping_with_no_taskflow_operators.py
[2026-06-02T04:51:42.658+0000] {logging_mixin.py:188} INFO - [2026-06-02T04:51:42.658+0000] {dag.py:3096} INFO - Sync 1 DAGs
[2026-06-02T04:51:42.788+0000] {logging_mixin.py:188} INFO - [2026-06-02T04:51:42.787+0000] {dag.py:3954} INFO - Setting next_dagrun for example_dynamic_task_mapping_with_no_taskflow_operators to 2026-06-01 00:00:00+00:00, run_after=2026-06-02 00:00:00+00:00
[2026-06-02T04:51:42.882+0000] {processor.py:183} INFO - Processing /home/airflow/.local/lib/python3.11/site-packages/airflow/example_dags/example_dynamic_task_mapping_with_no_taskflow_operators.py took 0.370 seconds
[2026-06-02T04:52:13.687+0000] {processor.py:161} INFO - Started process (PID=3150) to work on /home/airflow/.local/lib/python3.11/site-packages/airflow/example_dags/example_dynamic_task_mapping_with_no_taskflow_operators.py
[2026-06-02T04:52:13.690+0000] {processor.py:830} INFO - Processing file /home/airflow/.local/lib/python3.11/site-packages/airflow/example_dags/example_dynamic_task_mapping_with_no_taskflow_operators.py for tasks to queue
[2026-06-02T04:52:13.695+0000] {logging_mixin.py:188} INFO - [2026-06-02T04:52:13.694+0000] {dagbag.py:545} INFO - Filling up the DagBag from /home/airflow/.local/lib/python3.11/site-packages/airflow/example_dags/example_dynamic_task_mapping_with_no_taskflow_operators.py
[2026-06-02T04:52:13.711+0000] {processor.py:840} INFO - DAG(s) 'example_dynamic_task_mapping_with_no_taskflow_operators' retrieved from /home/airflow/.local/lib/python3.11/site-packages/airflow/example_dags/example_dynamic_task_mapping_with_no_taskflow_operators.py
[2026-06-02T04:52:13.792+0000] {logging_mixin.py:188} INFO - [2026-06-02T04:52:13.791+0000] {dag.py:3096} INFO - Sync 1 DAGs
[2026-06-02T04:52:13.860+0000] {logging_mixin.py:188} INFO - [2026-06-02T04:52:13.860+0000] {dag.py:3954} INFO - Setting next_dagrun for example_dynamic_task_mapping_with_no_taskflow_operators to 2026-06-01 00:00:00+00:00, run_after=2026-06-02 00:00:00+00:00
[2026-06-02T04:52:13.916+0000] {processor.py:183} INFO - Processing /home/airflow/.local/lib/python3.11/site-packages/airflow/example_dags/example_dynamic_task_mapping_with_no_taskflow_operators.py took 0.241 seconds
[2026-06-02T04:52:47.162+0000] {processor.py:161} INFO - Started process (PID=3426) to work on /home/airflow/.local/lib/python3.11/site-packages/airflow/example_dags/example_dynamic_task_mapping_with_no_taskflow_operators.py
[2026-06-02T04:52:47.164+0000] {processor.py:830} INFO - Processing file /home/airflow/.local/lib/python3.11/site-packages/airflow/example_dags/example_dynamic_task_mapping_with_no_taskflow_operators.py for tasks to queue
[2026-06-02T04:52:47.184+0000] {logging_mixin.py:188} INFO - [2026-06-02T04:52:47.183+0000] {dagbag.py:545} INFO - Filling up the DagBag from /home/airflow/.local/lib/python3.11/site-packages/airflow/example_dags/example_dynamic_task_mapping_with_no_taskflow_operators.py
[2026-06-02T04:52:47.202+0000] {processor.py:840} INFO - DAG(s) 'example_dynamic_task_mapping_with_no_taskflow_operators' retrieved from /home/airflow/.local/lib/python3.11/site-packages/airflow/example_dags/example_dynamic_task_mapping_with_no_taskflow_operators.py
[2026-06-02T04:52:47.280+0000] {logging_mixin.py:188} INFO - [2026-06-02T04:52:47.280+0000] {dag.py:3096} INFO - Sync 1 DAGs
[2026-06-02T04:52:47.505+0000] {logging_mixin.py:188} INFO - [2026-06-02T04:52:47.505+0000] {dag.py:3954} INFO - Setting next_dagrun for example_dynamic_task_mapping_with_no_taskflow_operators to 2026-06-01 00:00:00+00:00, run_after=2026-06-02 00:00:00+00:00
[2026-06-02T04:52:47.713+0000] {processor.py:183} INFO - Processing /home/airflow/.local/lib/python3.11/site-packages/airflow/example_dags/example_dynamic_task_mapping_with_no_taskflow_operators.py took 0.591 seconds
[2026-06-02T04:53:18.429+0000] {processor.py:161} INFO - Started process (PID=3691) to work on /home/airflow/.local/lib/python3.11/site-packages/airflow/example_dags/example_dynamic_task_mapping_with_no_taskflow_operators.py
[2026-06-02T04:53:18.439+0000] {processor.py:830} INFO - Processing file /home/airflow/.local/lib/python3.11/site-packages/airflow/example_dags/example_dynamic_task_mapping_with_no_taskflow_operators.py for tasks to queue
[2026-06-02T04:53:18.456+0000] {logging_mixin.py:188} INFO - [2026-06-02T04:53:18.455+0000] {dagbag.py:545} INFO - Filling up the DagBag from /home/airflow/.local/lib/python3.11/site-packages/airflow/example_dags/example_dynamic_task_mapping_with_no_taskflow_operators.py
[2026-06-02T04:53:18.503+0000] {processor.py:840} INFO - DAG(s) 'example_dynamic_task_mapping_with_no_taskflow_operators' retrieved from /home/airflow/.local/lib/python3.11/site-packages/airflow/example_dags/example_dynamic_task_mapping_with_no_taskflow_operators.py
[2026-06-02T04:53:18.564+0000] {logging_mixin.py:188} INFO - [2026-06-02T04:53:18.563+0000] {dag.py:3096} INFO - Sync 1 DAGs
[2026-06-02T04:53:18.693+0000] {logging_mixin.py:188} INFO - [2026-06-02T04:53:18.693+0000] {dag.py:3954} INFO - Setting next_dagrun for example_dynamic_task_mapping_with_no_taskflow_operators to 2026-06-01 00:00:00+00:00, run_after=2026-06-02 00:00:00+00:00
[2026-06-02T04:53:18.812+0000] {processor.py:183} INFO - Processing /home/airflow/.local/lib/python3.11/site-packages/airflow/example_dags/example_dynamic_task_mapping_with_no_taskflow_operators.py took 0.402 seconds
[2026-06-02T04:53:49.305+0000] {processor.py:161} INFO - Started process (PID=3966) to work on /home/airflow/.local/lib/python3.11/site-packages/airflow/example_dags/example_dynamic_task_mapping_with_no_taskflow_operators.py
[2026-06-02T04:53:49.313+0000] {processor.py:830} INFO - Processing file /home/airflow/.local/lib/python3.11/site-packages/airflow/example_dags/example_dynamic_task_mapping_with_no_taskflow_operators.py for tasks to queue
[2026-06-02T04:53:49.325+0000] {logging_mixin.py:188} INFO - [2026-06-02T04:53:49.325+0000] {dagbag.py:545} INFO - Filling up the DagBag from /home/airflow/.local/lib/python3.11/site-packages/airflow/example_dags/example_dynamic_task_mapping_with_no_taskflow_operators.py
[2026-06-02T04:53:49.352+0000] {processor.py:840} INFO - DAG(s) 'example_dynamic_task_mapping_with_no_taskflow_operators' retrieved from /home/airflow/.local/lib/python3.11/site-packages/airflow/example_dags/example_dynamic_task_mapping_with_no_taskflow_operators.py
[2026-06-02T04:53:49.425+0000] {logging_mixin.py:188} INFO - [2026-06-02T04:53:49.425+0000] {dag.py:3096} INFO - Sync 1 DAGs
[2026-06-02T04:53:49.452+0000] {logging_mixin.py:188} INFO - [2026-06-02T04:53:49.452+0000] {dag.py:3954} INFO - Setting next_dagrun for example_dynamic_task_mapping_with_no_taskflow_operators to 2026-06-01 00:00:00+00:00, run_after=2026-06-02 00:00:00+00:00
[2026-06-02T04:53:49.488+0000] {processor.py:183} INFO - Processing /home/airflow/.local/lib/python3.11/site-packages/airflow/example_dags/example_dynamic_task_mapping_with_no_taskflow_operators.py took 0.206 seconds
[2026-06-02T04:54:20.015+0000] {processor.py:161} INFO - Started process (PID=4241) to work on /home/airflow/.local/lib/python3.11/site-packages/airflow/example_dags/example_dynamic_task_mapping_with_no_taskflow_operators.py
[2026-06-02T04:54:20.016+0000] {processor.py:830} INFO - Processing file /home/airflow/.local/lib/python3.11/site-packages/airflow/example_dags/example_dynamic_task_mapping_with_no_taskflow_operators.py for tasks to queue
[2026-06-02T04:54:20.035+0000] {logging_mixin.py:188} INFO - [2026-06-02T04:54:20.034+0000] {dagbag.py:545} INFO - Filling up the DagBag from /home/airflow/.local/lib/python3.11/site-packages/airflow/example_dags/example_dynamic_task_mapping_with_no_taskflow_operators.py
[2026-06-02T04:54:20.049+0000] {processor.py:840} INFO - DAG(s) 'example_dynamic_task_mapping_with_no_taskflow_operators' retrieved from /home/airflow/.local/lib/python3.11/site-packages/airflow/example_dags/example_dynamic_task_mapping_with_no_taskflow_operators.py
[2026-06-02T04:54:20.159+0000] {logging_mixin.py:188} INFO - [2026-06-02T04:54:20.158+0000] {dag.py:3096} INFO - Sync 1 DAGs
[2026-06-02T04:54:20.253+0000] {logging_mixin.py:188} INFO - [2026-06-02T04:54:20.253+0000] {dag.py:3954} INFO - Setting next_dagrun for example_dynamic_task_mapping_with_no_taskflow_operators to 2026-06-01 00:00:00+00:00, run_after=2026-06-02 00:00:00+00:00
[2026-06-02T04:54:20.319+0000] {processor.py:183} INFO - Processing /home/airflow/.local/lib/python3.11/site-packages/airflow/example_dags/example_dynamic_task_mapping_with_no_taskflow_operators.py took 0.327 seconds
[2026-06-02T04:54:50.746+0000] {processor.py:161} INFO - Started process (PID=4517) to work on /home/airflow/.local/lib/python3.11/site-packages/airflow/example_dags/example_dynamic_task_mapping_with_no_taskflow_operators.py
[2026-06-02T04:54:50.747+0000] {processor.py:830} INFO - Processing file /home/airflow/.local/lib/python3.11/site-packages/airflow/example_dags/example_dynamic_task_mapping_with_no_taskflow_operators.py for tasks to queue
[2026-06-02T04:54:50.769+0000] {logging_mixin.py:188} INFO - [2026-06-02T04:54:50.769+0000] {dagbag.py:545} INFO - Filling up the DagBag from /home/airflow/.local/lib/python3.11/site-packages/airflow/example_dags/example_dynamic_task_mapping_with_no_taskflow_operators.py
[2026-06-02T04:54:50.805+0000] {processor.py:840} INFO - DAG(s) 'example_dynamic_task_mapping_with_no_taskflow_operators' retrieved from /home/airflow/.local/lib/python3.11/site-packages/airflow/example_dags/example_dynamic_task_mapping_with_no_taskflow_operators.py
[2026-06-02T04:54:50.843+0000] {logging_mixin.py:188} INFO - [2026-06-02T04:54:50.843+0000] {dag.py:3096} INFO - Sync 1 DAGs
[2026-06-02T04:54:50.954+0000] {logging_mixin.py:188} INFO - [2026-06-02T04:54:50.954+0000] {dag.py:3954} INFO - Setting next_dagrun for example_dynamic_task_mapping_with_no_taskflow_operators to 2026-06-01 00:00:00+00:00, run_after=2026-06-02 00:00:00+00:00
[2026-06-02T04:54:51.046+0000] {processor.py:183} INFO - Processing /home/airflow/.local/lib/python3.11/site-packages/airflow/example_dags/example_dynamic_task_mapping_with_no_taskflow_operators.py took 0.327 seconds
[2026-06-02T04:55:21.689+0000] {processor.py:161} INFO - Started process (PID=4791) to work on /home/airflow/.local/lib/python3.11/site-packages/airflow/example_dags/example_dynamic_task_mapping_with_no_taskflow_operators.py
[2026-06-02T04:55:21.692+0000] {processor.py:830} INFO - Processing file /home/airflow/.local/lib/python3.11/site-packages/airflow/example_dags/example_dynamic_task_mapping_with_no_taskflow_operators.py for tasks to queue
[2026-06-02T04:55:21.703+0000] {logging_mixin.py:188} INFO - [2026-06-02T04:55:21.702+0000] {dagbag.py:545} INFO - Filling up the DagBag from /home/airflow/.local/lib/python3.11/site-packages/airflow/example_dags/example_dynamic_task_mapping_with_no_taskflow_operators.py
[2026-06-02T04:55:21.717+0000] {processor.py:840} INFO - DAG(s) 'example_dynamic_task_mapping_with_no_taskflow_operators' retrieved from /home/airflow/.local/lib/python3.11/site-packages/airflow/example_dags/example_dynamic_task_mapping_with_no_taskflow_operators.py
[2026-06-02T04:55:21.789+0000] {logging_mixin.py:188} INFO - [2026-06-02T04:55:21.789+0000] {dag.py:3096} INFO - Sync 1 DAGs
[2026-06-02T04:55:21.883+0000] {logging_mixin.py:188} INFO - [2026-06-02T04:55:21.882+0000] {dag.py:3954} INFO - Setting next_dagrun for example_dynamic_task_mapping_with_no_taskflow_operators to 2026-06-01 00:00:00+00:00, run_after=2026-06-02 00:00:00+00:00
[2026-06-02T04:55:22.031+0000] {processor.py:183} INFO - Processing /home/airflow/.local/lib/python3.11/site-packages/airflow/example_dags/example_dynamic_task_mapping_with_no_taskflow_operators.py took 0.371 seconds
[2026-06-02T04:55:52.959+0000] {processor.py:161} INFO - Started process (PID=5066) to work on /home/airflow/.local/lib/python3.11/site-packages/airflow/example_dags/example_dynamic_task_mapping_with_no_taskflow_operators.py
[2026-06-02T04:55:52.975+0000] {processor.py:830} INFO - Processing file /home/airflow/.local/lib/python3.11/site-packages/airflow/example_dags/example_dynamic_task_mapping_with_no_taskflow_operators.py for tasks to queue
[2026-06-02T04:55:52.978+0000] {logging_mixin.py:188} INFO - [2026-06-02T04:55:52.978+0000] {dagbag.py:545} INFO - Filling up the DagBag from /home/airflow/.local/lib/python3.11/site-packages/airflow/example_dags/example_dynamic_task_mapping_with_no_taskflow_operators.py
[2026-06-02T04:55:53.039+0000] {processor.py:840} INFO - DAG(s) 'example_dynamic_task_mapping_with_no_taskflow_operators' retrieved from /home/airflow/.local/lib/python3.11/site-packages/airflow/example_dags/example_dynamic_task_mapping_with_no_taskflow_operators.py
[2026-06-02T04:55:53.106+0000] {logging_mixin.py:188} INFO - [2026-06-02T04:55:53.105+0000] {dag.py:3096} INFO - Sync 1 DAGs
[2026-06-02T04:55:53.136+0000] {logging_mixin.py:188} INFO - [2026-06-02T04:55:53.135+0000] {dag.py:3954} INFO - Setting next_dagrun for example_dynamic_task_mapping_with_no_taskflow_operators to 2026-06-01 00:00:00+00:00, run_after=2026-06-02 00:00:00+00:00
[2026-06-02T04:55:53.208+0000] {processor.py:183} INFO - Processing /home/airflow/.local/lib/python3.11/site-packages/airflow/example_dags/example_dynamic_task_mapping_with_no_taskflow_operators.py took 0.281 seconds
[2026-06-02T04:56:23.607+0000] {processor.py:161} INFO - Started process (PID=5327) to work on /home/airflow/.local/lib/python3.11/site-packages/airflow/example_dags/example_dynamic_task_mapping_with_no_taskflow_operators.py
[2026-06-02T04:56:23.630+0000] {processor.py:830} INFO - Processing file /home/airflow/.local/lib/python3.11/site-packages/airflow/example_dags/example_dynamic_task_mapping_with_no_taskflow_operators.py for tasks to queue
[2026-06-02T04:56:23.631+0000] {logging_mixin.py:188} INFO - [2026-06-02T04:56:23.631+0000] {dagbag.py:545} INFO - Filling up the DagBag from /home/airflow/.local/lib/python3.11/site-packages/airflow/example_dags/example_dynamic_task_mapping_with_no_taskflow_operators.py
[2026-06-02T04:56:23.663+0000] {processor.py:840} INFO - DAG(s) 'example_dynamic_task_mapping_with_no_taskflow_operators' retrieved from /home/airflow/.local/lib/python3.11/site-packages/airflow/example_dags/example_dynamic_task_mapping_with_no_taskflow_operators.py
[2026-06-02T04:56:23.722+0000] {logging_mixin.py:188} INFO - [2026-06-02T04:56:23.722+0000] {dag.py:3096} INFO - Sync 1 DAGs
[2026-06-02T04:56:23.874+0000] {logging_mixin.py:188} INFO - [2026-06-02T04:56:23.874+0000] {dag.py:3954} INFO - Setting next_dagrun for example_dynamic_task_mapping_with_no_taskflow_operators to 2026-06-01 00:00:00+00:00, run_after=2026-06-02 00:00:00+00:00
[2026-06-02T04:56:23.986+0000] {processor.py:183} INFO - Processing /home/airflow/.local/lib/python3.11/site-packages/airflow/example_dags/example_dynamic_task_mapping_with_no_taskflow_operators.py took 0.429 seconds
[2026-06-02T04:56:54.620+0000] {processor.py:161} INFO - Started process (PID=5604) to work on /home/airflow/.local/lib/python3.11/site-packages/airflow/example_dags/example_dynamic_task_mapping_with_no_taskflow_operators.py
[2026-06-02T04:56:54.632+0000] {processor.py:830} INFO - Processing file /home/airflow/.local/lib/python3.11/site-packages/airflow/example_dags/example_dynamic_task_mapping_with_no_taskflow_operators.py for tasks to queue
[2026-06-02T04:56:54.640+0000] {logging_mixin.py:188} INFO - [2026-06-02T04:56:54.639+0000] {dagbag.py:545} INFO - Filling up the DagBag from /home/airflow/.local/lib/python3.11/site-packages/airflow/example_dags/example_dynamic_task_mapping_with_no_taskflow_operators.py
[2026-06-02T04:56:54.683+0000] {processor.py:840} INFO - DAG(s) 'example_dynamic_task_mapping_with_no_taskflow_operators' retrieved from /home/airflow/.local/lib/python3.11/site-packages/airflow/example_dags/example_dynamic_task_mapping_with_no_taskflow_operators.py
[2026-06-02T04:56:54.788+0000] {logging_mixin.py:188} INFO - [2026-06-02T04:56:54.788+0000] {dag.py:3096} INFO - Sync 1 DAGs
[2026-06-02T04:56:54.892+0000] {logging_mixin.py:188} INFO - [2026-06-02T04:56:54.892+0000] {dag.py:3954} INFO - Setting next_dagrun for example_dynamic_task_mapping_with_no_taskflow_operators to 2026-06-01 00:00:00+00:00, run_after=2026-06-02 00:00:00+00:00
[2026-06-02T04:56:54.959+0000] {processor.py:183} INFO - Processing /home/airflow/.local/lib/python3.11/site-packages/airflow/example_dags/example_dynamic_task_mapping_with_no_taskflow_operators.py took 0.357 seconds
[2026-06-02T04:57:25.264+0000] {processor.py:161} INFO - Started process (PID=5880) to work on /home/airflow/.local/lib/python3.11/site-packages/airflow/example_dags/example_dynamic_task_mapping_with_no_taskflow_operators.py
[2026-06-02T04:57:25.274+0000] {processor.py:830} INFO - Processing file /home/airflow/.local/lib/python3.11/site-packages/airflow/example_dags/example_dynamic_task_mapping_with_no_taskflow_operators.py for tasks to queue
[2026-06-02T04:57:25.280+0000] {logging_mixin.py:188} INFO - [2026-06-02T04:57:25.279+0000] {dagbag.py:545} INFO - Filling up the DagBag from /home/airflow/.local/lib/python3.11/site-packages/airflow/example_dags/example_dynamic_task_mapping_with_no_taskflow_operators.py
[2026-06-02T04:57:25.303+0000] {processor.py:840} INFO - DAG(s) 'example_dynamic_task_mapping_with_no_taskflow_operators' retrieved from /home/airflow/.local/lib/python3.11/site-packages/airflow/example_dags/example_dynamic_task_mapping_with_no_taskflow_operators.py
[2026-06-02T04:57:25.367+0000] {logging_mixin.py:188} INFO - [2026-06-02T04:57:25.367+0000] {dag.py:3096} INFO - Sync 1 DAGs
[2026-06-02T04:57:25.519+0000] {logging_mixin.py:188} INFO - [2026-06-02T04:57:25.519+0000] {dag.py:3954} INFO - Setting next_dagrun for example_dynamic_task_mapping_with_no_taskflow_operators to 2026-06-01 00:00:00+00:00, run_after=2026-06-02 00:00:00+00:00
[2026-06-02T04:57:25.700+0000] {processor.py:183} INFO - Processing /home/airflow/.local/lib/python3.11/site-packages/airflow/example_dags/example_dynamic_task_mapping_with_no_taskflow_operators.py took 0.450 seconds
[2026-06-02T04:57:56.499+0000] {processor.py:161} INFO - Started process (PID=6156) to work on /home/airflow/.local/lib/python3.11/site-packages/airflow/example_dags/example_dynamic_task_mapping_with_no_taskflow_operators.py
[2026-06-02T04:57:56.501+0000] {processor.py:830} INFO - Processing file /home/airflow/.local/lib/python3.11/site-packages/airflow/example_dags/example_dynamic_task_mapping_with_no_taskflow_operators.py for tasks to queue
[2026-06-02T04:57:56.507+0000] {logging_mixin.py:188} INFO - [2026-06-02T04:57:56.507+0000] {dagbag.py:545} INFO - Filling up the DagBag from /home/airflow/.local/lib/python3.11/site-packages/airflow/example_dags/example_dynamic_task_mapping_with_no_taskflow_operators.py
[2026-06-02T04:57:56.526+0000] {processor.py:840} INFO - DAG(s) 'example_dynamic_task_mapping_with_no_taskflow_operators' retrieved from /home/airflow/.local/lib/python3.11/site-packages/airflow/example_dags/example_dynamic_task_mapping_with_no_taskflow_operators.py
[2026-06-02T04:57:56.559+0000] {logging_mixin.py:188} INFO - [2026-06-02T04:57:56.559+0000] {dag.py:3096} INFO - Sync 1 DAGs
[2026-06-02T04:57:56.588+0000] {logging_mixin.py:188} INFO - [2026-06-02T04:57:56.587+0000] {dag.py:3954} INFO - Setting next_dagrun for example_dynamic_task_mapping_with_no_taskflow_operators to 2026-06-01 00:00:00+00:00, run_after=2026-06-02 00:00:00+00:00
[2026-06-02T04:57:56.630+0000] {processor.py:183} INFO - Processing /home/airflow/.local/lib/python3.11/site-packages/airflow/example_dags/example_dynamic_task_mapping_with_no_taskflow_operators.py took 0.139 seconds
[2026-06-02T04:58:29.038+0000] {processor.py:161} INFO - Started process (PID=6426) to work on /home/airflow/.local/lib/python3.11/site-packages/airflow/example_dags/example_dynamic_task_mapping_with_no_taskflow_operators.py
[2026-06-02T04:58:29.043+0000] {processor.py:830} INFO - Processing file /home/airflow/.local/lib/python3.11/site-packages/airflow/example_dags/example_dynamic_task_mapping_with_no_taskflow_operators.py for tasks to queue
[2026-06-02T04:58:29.045+0000] {logging_mixin.py:188} INFO - [2026-06-02T04:58:29.045+0000] {dagbag.py:545} INFO - Filling up the DagBag from /home/airflow/.local/lib/python3.11/site-packages/airflow/example_dags/example_dynamic_task_mapping_with_no_taskflow_operators.py
[2026-06-02T04:58:29.053+0000] {processor.py:840} INFO - DAG(s) 'example_dynamic_task_mapping_with_no_taskflow_operators' retrieved from /home/airflow/.local/lib/python3.11/site-packages/airflow/example_dags/example_dynamic_task_mapping_with_no_taskflow_operators.py
[2026-06-02T04:58:29.100+0000] {logging_mixin.py:188} INFO - [2026-06-02T04:58:29.100+0000] {dag.py:3096} INFO - Sync 1 DAGs
[2026-06-02T04:58:29.136+0000] {logging_mixin.py:188} INFO - [2026-06-02T04:58:29.135+0000] {dag.py:3954} INFO - Setting next_dagrun for example_dynamic_task_mapping_with_no_taskflow_operators to 2026-06-01 00:00:00+00:00, run_after=2026-06-02 00:00:00+00:00
[2026-06-02T04:58:29.168+0000] {processor.py:183} INFO - Processing /home/airflow/.local/lib/python3.11/site-packages/airflow/example_dags/example_dynamic_task_mapping_with_no_taskflow_operators.py took 0.137 seconds
[2026-06-02T04:58:59.871+0000] {processor.py:161} INFO - Started process (PID=6690) to work on /home/airflow/.local/lib/python3.11/site-packages/airflow/example_dags/example_dynamic_task_mapping_with_no_taskflow_operators.py
[2026-06-02T04:58:59.882+0000] {processor.py:830} INFO - Processing file /home/airflow/.local/lib/python3.11/site-packages/airflow/example_dags/example_dynamic_task_mapping_with_no_taskflow_operators.py for tasks to queue
[2026-06-02T04:58:59.894+0000] {logging_mixin.py:188} INFO - [2026-06-02T04:58:59.894+0000] {dagbag.py:545} INFO - Filling up the DagBag from /home/airflow/.local/lib/python3.11/site-packages/airflow/example_dags/example_dynamic_task_mapping_with_no_taskflow_operators.py
[2026-06-02T04:58:59.917+0000] {processor.py:840} INFO - DAG(s) 'example_dynamic_task_mapping_with_no_taskflow_operators' retrieved from /home/airflow/.local/lib/python3.11/site-packages/airflow/example_dags/example_dynamic_task_mapping_with_no_taskflow_operators.py
[2026-06-02T04:59:00.071+0000] {logging_mixin.py:188} INFO - [2026-06-02T04:59:00.070+0000] {dag.py:3096} INFO - Sync 1 DAGs
[2026-06-02T04:59:00.219+0000] {logging_mixin.py:188} INFO - [2026-06-02T04:59:00.219+0000] {dag.py:3954} INFO - Setting next_dagrun for example_dynamic_task_mapping_with_no_taskflow_operators to 2026-06-01 00:00:00+00:00, run_after=2026-06-02 00:00:00+00:00
[2026-06-02T04:59:00.354+0000] {processor.py:183} INFO - Processing /home/airflow/.local/lib/python3.11/site-packages/airflow/example_dags/example_dynamic_task_mapping_with_no_taskflow_operators.py took 0.512 seconds
[2026-06-02T04:59:30.704+0000] {processor.py:161} INFO - Started process (PID=6965) to work on /home/airflow/.local/lib/python3.11/site-packages/airflow/example_dags/example_dynamic_task_mapping_with_no_taskflow_operators.py
[2026-06-02T04:59:30.705+0000] {processor.py:830} INFO - Processing file /home/airflow/.local/lib/python3.11/site-packages/airflow/example_dags/example_dynamic_task_mapping_with_no_taskflow_operators.py for tasks to queue
[2026-06-02T04:59:30.707+0000] {logging_mixin.py:188} INFO - [2026-06-02T04:59:30.707+0000] {dagbag.py:545} INFO - Filling up the DagBag from /home/airflow/.local/lib/python3.11/site-packages/airflow/example_dags/example_dynamic_task_mapping_with_no_taskflow_operators.py
[2026-06-02T04:59:30.726+0000] {processor.py:840} INFO - DAG(s) 'example_dynamic_task_mapping_with_no_taskflow_operators' retrieved from /home/airflow/.local/lib/python3.11/site-packages/airflow/example_dags/example_dynamic_task_mapping_with_no_taskflow_operators.py
[2026-06-02T04:59:30.761+0000] {logging_mixin.py:188} INFO - [2026-06-02T04:59:30.761+0000] {dag.py:3096} INFO - Sync 1 DAGs
[2026-06-02T04:59:30.849+0000] {logging_mixin.py:188} INFO - [2026-06-02T04:59:30.849+0000] {dag.py:3954} INFO - Setting next_dagrun for example_dynamic_task_mapping_with_no_taskflow_operators to 2026-06-01 00:00:00+00:00, run_after=2026-06-02 00:00:00+00:00
[2026-06-02T04:59:30.913+0000] {processor.py:183} INFO - Processing /home/airflow/.local/lib/python3.11/site-packages/airflow/example_dags/example_dynamic_task_mapping_with_no_taskflow_operators.py took 0.232 seconds
[2026-06-02T05:00:01.075+0000] {processor.py:161} INFO - Started process (PID=7241) to work on /home/airflow/.local/lib/python3.11/site-packages/airflow/example_dags/example_dynamic_task_mapping_with_no_taskflow_operators.py
[2026-06-02T05:00:01.076+0000] {processor.py:830} INFO - Processing file /home/airflow/.local/lib/python3.11/site-packages/airflow/example_dags/example_dynamic_task_mapping_with_no_taskflow_operators.py for tasks to queue
[2026-06-02T05:00:01.078+0000] {logging_mixin.py:188} INFO - [2026-06-02T05:00:01.078+0000] {dagbag.py:545} INFO - Filling up the DagBag from /home/airflow/.local/lib/python3.11/site-packages/airflow/example_dags/example_dynamic_task_mapping_with_no_taskflow_operators.py
[2026-06-02T05:00:01.086+0000] {processor.py:840} INFO - DAG(s) 'example_dynamic_task_mapping_with_no_taskflow_operators' retrieved from /home/airflow/.local/lib/python3.11/site-packages/airflow/example_dags/example_dynamic_task_mapping_with_no_taskflow_operators.py
[2026-06-02T05:00:01.120+0000] {logging_mixin.py:188} INFO - [2026-06-02T05:00:01.119+0000] {dag.py:3096} INFO - Sync 1 DAGs
[2026-06-02T05:00:01.159+0000] {logging_mixin.py:188} INFO - [2026-06-02T05:00:01.159+0000] {dag.py:3954} INFO - Setting next_dagrun for example_dynamic_task_mapping_with_no_taskflow_operators to 2026-06-01 00:00:00+00:00, run_after=2026-06-02 00:00:00+00:00
[2026-06-02T05:00:01.203+0000] {processor.py:183} INFO - Processing /home/airflow/.local/lib/python3.11/site-packages/airflow/example_dags/example_dynamic_task_mapping_with_no_taskflow_operators.py took 0.141 seconds
[2026-06-02T05:00:31.799+0000] {processor.py:161} INFO - Started process (PID=7516) to work on /home/airflow/.local/lib/python3.11/site-packages/airflow/example_dags/example_dynamic_task_mapping_with_no_taskflow_operators.py
[2026-06-02T05:00:31.814+0000] {processor.py:830} INFO - Processing file /home/airflow/.local/lib/python3.11/site-packages/airflow/example_dags/example_dynamic_task_mapping_with_no_taskflow_operators.py for tasks to queue
[2026-06-02T05:00:31.824+0000] {logging_mixin.py:188} INFO - [2026-06-02T05:00:31.823+0000] {dagbag.py:545} INFO - Filling up the DagBag from /home/airflow/.local/lib/python3.11/site-packages/airflow/example_dags/example_dynamic_task_mapping_with_no_taskflow_operators.py
[2026-06-02T05:00:31.859+0000] {processor.py:840} INFO - DAG(s) 'example_dynamic_task_mapping_with_no_taskflow_operators' retrieved from /home/airflow/.local/lib/python3.11/site-packages/airflow/example_dags/example_dynamic_task_mapping_with_no_taskflow_operators.py
[2026-06-02T05:00:31.939+0000] {logging_mixin.py:188} INFO - [2026-06-02T05:00:31.939+0000] {dag.py:3096} INFO - Sync 1 DAGs
[2026-06-02T05:00:32.040+0000] {logging_mixin.py:188} INFO - [2026-06-02T05:00:32.040+0000] {dag.py:3954} INFO - Setting next_dagrun for example_dynamic_task_mapping_with_no_taskflow_operators to 2026-06-01 00:00:00+00:00, run_after=2026-06-02 00:00:00+00:00
[2026-06-02T05:00:32.148+0000] {processor.py:183} INFO - Processing /home/airflow/.local/lib/python3.11/site-packages/airflow/example_dags/example_dynamic_task_mapping_with_no_taskflow_operators.py took 0.368 seconds
[2026-06-02T05:01:03.868+0000] {processor.py:161} INFO - Started process (PID=7796) to work on /home/airflow/.local/lib/python3.11/site-packages/airflow/example_dags/example_dynamic_task_mapping_with_no_taskflow_operators.py
[2026-06-02T05:01:03.889+0000] {processor.py:830} INFO - Processing file /home/airflow/.local/lib/python3.11/site-packages/airflow/example_dags/example_dynamic_task_mapping_with_no_taskflow_operators.py for tasks to queue
[2026-06-02T05:01:03.898+0000] {logging_mixin.py:188} INFO - [2026-06-02T05:01:03.897+0000] {dagbag.py:545} INFO - Filling up the DagBag from /home/airflow/.local/lib/python3.11/site-packages/airflow/example_dags/example_dynamic_task_mapping_with_no_taskflow_operators.py
[2026-06-02T05:01:03.938+0000] {processor.py:840} INFO - DAG(s) 'example_dynamic_task_mapping_with_no_taskflow_operators' retrieved from /home/airflow/.local/lib/python3.11/site-packages/airflow/example_dags/example_dynamic_task_mapping_with_no_taskflow_operators.py
[2026-06-02T05:01:04.037+0000] {logging_mixin.py:188} INFO - [2026-06-02T05:01:04.036+0000] {dag.py:3096} INFO - Sync 1 DAGs
[2026-06-02T05:01:04.235+0000] {logging_mixin.py:188} INFO - [2026-06-02T05:01:04.235+0000] {dag.py:3954} INFO - Setting next_dagrun for example_dynamic_task_mapping_with_no_taskflow_operators to 2026-06-01 00:00:00+00:00, run_after=2026-06-02 00:00:00+00:00
[2026-06-02T05:01:04.312+0000] {processor.py:183} INFO - Processing /home/airflow/.local/lib/python3.11/site-packages/airflow/example_dags/example_dynamic_task_mapping_with_no_taskflow_operators.py took 0.459 seconds
[2026-06-02T05:01:35.077+0000] {processor.py:161} INFO - Started process (PID=8060) to work on /home/airflow/.local/lib/python3.11/site-packages/airflow/example_dags/example_dynamic_task_mapping_with_no_taskflow_operators.py
[2026-06-02T05:01:35.078+0000] {processor.py:830} INFO - Processing file /home/airflow/.local/lib/python3.11/site-packages/airflow/example_dags/example_dynamic_task_mapping_with_no_taskflow_operators.py for tasks to queue
[2026-06-02T05:01:35.097+0000] {logging_mixin.py:188} INFO - [2026-06-02T05:01:35.096+0000] {dagbag.py:545} INFO - Filling up the DagBag from /home/airflow/.local/lib/python3.11/site-packages/airflow/example_dags/example_dynamic_task_mapping_with_no_taskflow_operators.py
[2026-06-02T05:01:35.104+0000] {processor.py:840} INFO - DAG(s) 'example_dynamic_task_mapping_with_no_taskflow_operators' retrieved from /home/airflow/.local/lib/python3.11/site-packages/airflow/example_dags/example_dynamic_task_mapping_with_no_taskflow_operators.py
[2026-06-02T05:01:35.189+0000] {logging_mixin.py:188} INFO - [2026-06-02T05:01:35.189+0000] {dag.py:3096} INFO - Sync 1 DAGs
[2026-06-02T05:01:35.338+0000] {logging_mixin.py:188} INFO - [2026-06-02T05:01:35.337+0000] {dag.py:3954} INFO - Setting next_dagrun for example_dynamic_task_mapping_with_no_taskflow_operators to 2026-06-01 00:00:00+00:00, run_after=2026-06-02 00:00:00+00:00
[2026-06-02T05:01:35.470+0000] {processor.py:183} INFO - Processing /home/airflow/.local/lib/python3.11/site-packages/airflow/example_dags/example_dynamic_task_mapping_with_no_taskflow_operators.py took 0.416 seconds
[2026-06-02T05:02:06.265+0000] {processor.py:161} INFO - Started process (PID=8336) to work on /home/airflow/.local/lib/python3.11/site-packages/airflow/example_dags/example_dynamic_task_mapping_with_no_taskflow_operators.py
[2026-06-02T05:02:06.284+0000] {processor.py:830} INFO - Processing file /home/airflow/.local/lib/python3.11/site-packages/airflow/example_dags/example_dynamic_task_mapping_with_no_taskflow_operators.py for tasks to queue
[2026-06-02T05:02:06.292+0000] {logging_mixin.py:188} INFO - [2026-06-02T05:02:06.291+0000] {dagbag.py:545} INFO - Filling up the DagBag from /home/airflow/.local/lib/python3.11/site-packages/airflow/example_dags/example_dynamic_task_mapping_with_no_taskflow_operators.py
[2026-06-02T05:02:06.327+0000] {processor.py:840} INFO - DAG(s) 'example_dynamic_task_mapping_with_no_taskflow_operators' retrieved from /home/airflow/.local/lib/python3.11/site-packages/airflow/example_dags/example_dynamic_task_mapping_with_no_taskflow_operators.py
[2026-06-02T05:02:06.476+0000] {logging_mixin.py:188} INFO - [2026-06-02T05:02:06.476+0000] {dag.py:3096} INFO - Sync 1 DAGs
[2026-06-02T05:02:06.573+0000] {logging_mixin.py:188} INFO - [2026-06-02T05:02:06.573+0000] {dag.py:3954} INFO - Setting next_dagrun for example_dynamic_task_mapping_with_no_taskflow_operators to 2026-06-01 00:00:00+00:00, run_after=2026-06-02 00:00:00+00:00
[2026-06-02T05:02:06.672+0000] {processor.py:183} INFO - Processing /home/airflow/.local/lib/python3.11/site-packages/airflow/example_dags/example_dynamic_task_mapping_with_no_taskflow_operators.py took 0.430 seconds
[2026-06-02T05:02:36.976+0000] {processor.py:161} INFO - Started process (PID=8612) to work on /home/airflow/.local/lib/python3.11/site-packages/airflow/example_dags/example_dynamic_task_mapping_with_no_taskflow_operators.py
[2026-06-02T05:02:36.987+0000] {processor.py:830} INFO - Processing file /home/airflow/.local/lib/python3.11/site-packages/airflow/example_dags/example_dynamic_task_mapping_with_no_taskflow_operators.py for tasks to queue
[2026-06-02T05:02:36.989+0000] {logging_mixin.py:188} INFO - [2026-06-02T05:02:36.988+0000] {dagbag.py:545} INFO - Filling up the DagBag from /home/airflow/.local/lib/python3.11/site-packages/airflow/example_dags/example_dynamic_task_mapping_with_no_taskflow_operators.py
[2026-06-02T05:02:37.010+0000] {processor.py:840} INFO - DAG(s) 'example_dynamic_task_mapping_with_no_taskflow_operators' retrieved from /home/airflow/.local/lib/python3.11/site-packages/airflow/example_dags/example_dynamic_task_mapping_with_no_taskflow_operators.py
[2026-06-02T05:02:37.059+0000] {logging_mixin.py:188} INFO - [2026-06-02T05:02:37.058+0000] {dag.py:3096} INFO - Sync 1 DAGs
[2026-06-02T05:02:37.116+0000] {logging_mixin.py:188} INFO - [2026-06-02T05:02:37.115+0000] {dag.py:3954} INFO - Setting next_dagrun for example_dynamic_task_mapping_with_no_taskflow_operators to 2026-06-01 00:00:00+00:00, run_after=2026-06-02 00:00:00+00:00
[2026-06-02T05:02:37.145+0000] {processor.py:183} INFO - Processing /home/airflow/.local/lib/python3.11/site-packages/airflow/example_dags/example_dynamic_task_mapping_with_no_taskflow_operators.py took 0.185 seconds
[2026-06-02T05:03:07.863+0000] {processor.py:161} INFO - Started process (PID=8888) to work on /home/airflow/.local/lib/python3.11/site-packages/airflow/example_dags/example_dynamic_task_mapping_with_no_taskflow_operators.py
[2026-06-02T05:03:07.865+0000] {processor.py:830} INFO - Processing file /home/airflow/.local/lib/python3.11/site-packages/airflow/example_dags/example_dynamic_task_mapping_with_no_taskflow_operators.py for tasks to queue
[2026-06-02T05:03:07.879+0000] {logging_mixin.py:188} INFO - [2026-06-02T05:03:07.878+0000] {dagbag.py:545} INFO - Filling up the DagBag from /home/airflow/.local/lib/python3.11/site-packages/airflow/example_dags/example_dynamic_task_mapping_with_no_taskflow_operators.py
[2026-06-02T05:03:07.921+0000] {processor.py:840} INFO - DAG(s) 'example_dynamic_task_mapping_with_no_taskflow_operators' retrieved from /home/airflow/.local/lib/python3.11/site-packages/airflow/example_dags/example_dynamic_task_mapping_with_no_taskflow_operators.py
[2026-06-02T05:03:07.968+0000] {logging_mixin.py:188} INFO - [2026-06-02T05:03:07.968+0000] {dag.py:3096} INFO - Sync 1 DAGs
[2026-06-02T05:03:08.007+0000] {logging_mixin.py:188} INFO - [2026-06-02T05:03:08.007+0000] {dag.py:3954} INFO - Setting next_dagrun for example_dynamic_task_mapping_with_no_taskflow_operators to 2026-06-01 00:00:00+00:00, run_after=2026-06-02 00:00:00+00:00
[2026-06-02T05:03:08.090+0000] {processor.py:183} INFO - Processing /home/airflow/.local/lib/python3.11/site-packages/airflow/example_dags/example_dynamic_task_mapping_with_no_taskflow_operators.py took 0.278 seconds
[2026-06-02T05:03:38.550+0000] {processor.py:161} INFO - Started process (PID=9157) to work on /home/airflow/.local/lib/python3.11/site-packages/airflow/example_dags/example_dynamic_task_mapping_with_no_taskflow_operators.py
[2026-06-02T05:03:38.556+0000] {processor.py:830} INFO - Processing file /home/airflow/.local/lib/python3.11/site-packages/airflow/example_dags/example_dynamic_task_mapping_with_no_taskflow_operators.py for tasks to queue
[2026-06-02T05:03:38.559+0000] {logging_mixin.py:188} INFO - [2026-06-02T05:03:38.558+0000] {dagbag.py:545} INFO - Filling up the DagBag from /home/airflow/.local/lib/python3.11/site-packages/airflow/example_dags/example_dynamic_task_mapping_with_no_taskflow_operators.py
[2026-06-02T05:03:38.583+0000] {processor.py:840} INFO - DAG(s) 'example_dynamic_task_mapping_with_no_taskflow_operators' retrieved from /home/airflow/.local/lib/python3.11/site-packages/airflow/example_dags/example_dynamic_task_mapping_with_no_taskflow_operators.py
[2026-06-02T05:03:38.655+0000] {logging_mixin.py:188} INFO - [2026-06-02T05:03:38.655+0000] {dag.py:3096} INFO - Sync 1 DAGs
[2026-06-02T05:03:38.706+0000] {logging_mixin.py:188} INFO - [2026-06-02T05:03:38.706+0000] {dag.py:3954} INFO - Setting next_dagrun for example_dynamic_task_mapping_with_no_taskflow_operators to 2026-06-01 00:00:00+00:00, run_after=2026-06-02 00:00:00+00:00
[2026-06-02T05:03:38.772+0000] {processor.py:183} INFO - Processing /home/airflow/.local/lib/python3.11/site-packages/airflow/example_dags/example_dynamic_task_mapping_with_no_taskflow_operators.py took 0.237 seconds
[2026-06-02T05:04:11.053+0000] {processor.py:161} INFO - Started process (PID=9426) to work on /home/airflow/.local/lib/python3.11/site-packages/airflow/example_dags/example_dynamic_task_mapping_with_no_taskflow_operators.py
[2026-06-02T05:04:11.063+0000] {processor.py:830} INFO - Processing file /home/airflow/.local/lib/python3.11/site-packages/airflow/example_dags/example_dynamic_task_mapping_with_no_taskflow_operators.py for tasks to queue
[2026-06-02T05:04:11.072+0000] {logging_mixin.py:188} INFO - [2026-06-02T05:04:11.071+0000] {dagbag.py:545} INFO - Filling up the DagBag from /home/airflow/.local/lib/python3.11/site-packages/airflow/example_dags/example_dynamic_task_mapping_with_no_taskflow_operators.py
[2026-06-02T05:04:11.096+0000] {processor.py:840} INFO - DAG(s) 'example_dynamic_task_mapping_with_no_taskflow_operators' retrieved from /home/airflow/.local/lib/python3.11/site-packages/airflow/example_dags/example_dynamic_task_mapping_with_no_taskflow_operators.py
[2026-06-02T05:04:11.188+0000] {logging_mixin.py:188} INFO - [2026-06-02T05:04:11.187+0000] {dag.py:3096} INFO - Sync 1 DAGs
[2026-06-02T05:04:11.285+0000] {logging_mixin.py:188} INFO - [2026-06-02T05:04:11.285+0000] {dag.py:3954} INFO - Setting next_dagrun for example_dynamic_task_mapping_with_no_taskflow_operators to 2026-06-01 00:00:00+00:00, run_after=2026-06-02 00:00:00+00:00
[2026-06-02T05:04:11.399+0000] {processor.py:183} INFO - Processing /home/airflow/.local/lib/python3.11/site-packages/airflow/example_dags/example_dynamic_task_mapping_with_no_taskflow_operators.py took 0.379 seconds
[2026-06-02T05:04:41.856+0000] {processor.py:161} INFO - Started process (PID=9697) to work on /home/airflow/.local/lib/python3.11/site-packages/airflow/example_dags/example_dynamic_task_mapping_with_no_taskflow_operators.py
[2026-06-02T05:04:41.870+0000] {processor.py:830} INFO - Processing file /home/airflow/.local/lib/python3.11/site-packages/airflow/example_dags/example_dynamic_task_mapping_with_no_taskflow_operators.py for tasks to queue
[2026-06-02T05:04:41.883+0000] {logging_mixin.py:188} INFO - [2026-06-02T05:04:41.882+0000] {dagbag.py:545} INFO - Filling up the DagBag from /home/airflow/.local/lib/python3.11/site-packages/airflow/example_dags/example_dynamic_task_mapping_with_no_taskflow_operators.py
[2026-06-02T05:04:41.958+0000] {processor.py:840} INFO - DAG(s) 'example_dynamic_task_mapping_with_no_taskflow_operators' retrieved from /home/airflow/.local/lib/python3.11/site-packages/airflow/example_dags/example_dynamic_task_mapping_with_no_taskflow_operators.py
[2026-06-02T05:04:42.042+0000] {logging_mixin.py:188} INFO - [2026-06-02T05:04:42.041+0000] {dag.py:3096} INFO - Sync 1 DAGs
[2026-06-02T05:04:42.094+0000] {logging_mixin.py:188} INFO - [2026-06-02T05:04:42.094+0000] {dag.py:3954} INFO - Setting next_dagrun for example_dynamic_task_mapping_with_no_taskflow_operators to 2026-06-01 00:00:00+00:00, run_after=2026-06-02 00:00:00+00:00
[2026-06-02T05:04:42.146+0000] {processor.py:183} INFO - Processing /home/airflow/.local/lib/python3.11/site-packages/airflow/example_dags/example_dynamic_task_mapping_with_no_taskflow_operators.py took 0.318 seconds
[2026-06-02T05:05:13.019+0000] {processor.py:161} INFO - Started process (PID=9979) to work on /home/airflow/.local/lib/python3.11/site-packages/airflow/example_dags/example_dynamic_task_mapping_with_no_taskflow_operators.py
[2026-06-02T05:05:13.025+0000] {processor.py:830} INFO - Processing file /home/airflow/.local/lib/python3.11/site-packages/airflow/example_dags/example_dynamic_task_mapping_with_no_taskflow_operators.py for tasks to queue
[2026-06-02T05:05:13.038+0000] {logging_mixin.py:188} INFO - [2026-06-02T05:05:13.037+0000] {dagbag.py:545} INFO - Filling up the DagBag from /home/airflow/.local/lib/python3.11/site-packages/airflow/example_dags/example_dynamic_task_mapping_with_no_taskflow_operators.py
[2026-06-02T05:05:13.086+0000] {processor.py:840} INFO - DAG(s) 'example_dynamic_task_mapping_with_no_taskflow_operators' retrieved from /home/airflow/.local/lib/python3.11/site-packages/airflow/example_dags/example_dynamic_task_mapping_with_no_taskflow_operators.py
[2026-06-02T05:05:13.168+0000] {logging_mixin.py:188} INFO - [2026-06-02T05:05:13.167+0000] {dag.py:3096} INFO - Sync 1 DAGs
[2026-06-02T05:05:13.263+0000] {logging_mixin.py:188} INFO - [2026-06-02T05:05:13.263+0000] {dag.py:3954} INFO - Setting next_dagrun for example_dynamic_task_mapping_with_no_taskflow_operators to 2026-06-01 00:00:00+00:00, run_after=2026-06-02 00:00:00+00:00
[2026-06-02T05:05:13.361+0000] {processor.py:183} INFO - Processing /home/airflow/.local/lib/python3.11/site-packages/airflow/example_dags/example_dynamic_task_mapping_with_no_taskflow_operators.py took 0.365 seconds
[2026-06-02T05:05:43.610+0000] {processor.py:161} INFO - Started process (PID=10256) to work on /home/airflow/.local/lib/python3.11/site-packages/airflow/example_dags/example_dynamic_task_mapping_with_no_taskflow_operators.py
[2026-06-02T05:05:43.625+0000] {processor.py:830} INFO - Processing file /home/airflow/.local/lib/python3.11/site-packages/airflow/example_dags/example_dynamic_task_mapping_with_no_taskflow_operators.py for tasks to queue
[2026-06-02T05:05:43.629+0000] {logging_mixin.py:188} INFO - [2026-06-02T05:05:43.627+0000] {dagbag.py:545} INFO - Filling up the DagBag from /home/airflow/.local/lib/python3.11/site-packages/airflow/example_dags/example_dynamic_task_mapping_with_no_taskflow_operators.py
[2026-06-02T05:05:43.681+0000] {processor.py:840} INFO - DAG(s) 'example_dynamic_task_mapping_with_no_taskflow_operators' retrieved from /home/airflow/.local/lib/python3.11/site-packages/airflow/example_dags/example_dynamic_task_mapping_with_no_taskflow_operators.py
[2026-06-02T05:05:43.751+0000] {logging_mixin.py:188} INFO - [2026-06-02T05:05:43.751+0000] {dag.py:3096} INFO - Sync 1 DAGs
[2026-06-02T05:05:43.922+0000] {logging_mixin.py:188} INFO - [2026-06-02T05:05:43.921+0000] {dag.py:3954} INFO - Setting next_dagrun for example_dynamic_task_mapping_with_no_taskflow_operators to 2026-06-01 00:00:00+00:00, run_after=2026-06-02 00:00:00+00:00
[2026-06-02T05:05:43.986+0000] {processor.py:183} INFO - Processing /home/airflow/.local/lib/python3.11/site-packages/airflow/example_dags/example_dynamic_task_mapping_with_no_taskflow_operators.py took 0.413 seconds
[2026-06-02T05:06:16.228+0000] {processor.py:161} INFO - Started process (PID=10529) to work on /home/airflow/.local/lib/python3.11/site-packages/airflow/example_dags/example_dynamic_task_mapping_with_no_taskflow_operators.py
[2026-06-02T05:06:16.249+0000] {processor.py:830} INFO - Processing file /home/airflow/.local/lib/python3.11/site-packages/airflow/example_dags/example_dynamic_task_mapping_with_no_taskflow_operators.py for tasks to queue
[2026-06-02T05:06:16.259+0000] {logging_mixin.py:188} INFO - [2026-06-02T05:06:16.258+0000] {dagbag.py:545} INFO - Filling up the DagBag from /home/airflow/.local/lib/python3.11/site-packages/airflow/example_dags/example_dynamic_task_mapping_with_no_taskflow_operators.py
[2026-06-02T05:06:16.307+0000] {processor.py:840} INFO - DAG(s) 'example_dynamic_task_mapping_with_no_taskflow_operators' retrieved from /home/airflow/.local/lib/python3.11/site-packages/airflow/example_dags/example_dynamic_task_mapping_with_no_taskflow_operators.py
[2026-06-02T05:06:16.400+0000] {logging_mixin.py:188} INFO - [2026-06-02T05:06:16.400+0000] {dag.py:3096} INFO - Sync 1 DAGs
[2026-06-02T05:06:16.483+0000] {logging_mixin.py:188} INFO - [2026-06-02T05:06:16.483+0000] {dag.py:3954} INFO - Setting next_dagrun for example_dynamic_task_mapping_with_no_taskflow_operators to 2026-06-01 00:00:00+00:00, run_after=2026-06-02 00:00:00+00:00
[2026-06-02T05:06:16.587+0000] {processor.py:183} INFO - Processing /home/airflow/.local/lib/python3.11/site-packages/airflow/example_dags/example_dynamic_task_mapping_with_no_taskflow_operators.py took 0.384 seconds
[2026-06-02T05:06:50.440+0000] {processor.py:161} INFO - Started process (PID=10806) to work on /home/airflow/.local/lib/python3.11/site-packages/airflow/example_dags/example_dynamic_task_mapping_with_no_taskflow_operators.py
[2026-06-02T05:06:50.450+0000] {processor.py:830} INFO - Processing file /home/airflow/.local/lib/python3.11/site-packages/airflow/example_dags/example_dynamic_task_mapping_with_no_taskflow_operators.py for tasks to queue
[2026-06-02T05:06:50.459+0000] {logging_mixin.py:188} INFO - [2026-06-02T05:06:50.458+0000] {dagbag.py:545} INFO - Filling up the DagBag from /home/airflow/.local/lib/python3.11/site-packages/airflow/example_dags/example_dynamic_task_mapping_with_no_taskflow_operators.py
[2026-06-02T05:06:50.498+0000] {processor.py:840} INFO - DAG(s) 'example_dynamic_task_mapping_with_no_taskflow_operators' retrieved from /home/airflow/.local/lib/python3.11/site-packages/airflow/example_dags/example_dynamic_task_mapping_with_no_taskflow_operators.py
[2026-06-02T05:06:50.548+0000] {logging_mixin.py:188} INFO - [2026-06-02T05:06:50.548+0000] {dag.py:3096} INFO - Sync 1 DAGs
[2026-06-02T05:06:50.692+0000] {logging_mixin.py:188} INFO - [2026-06-02T05:06:50.691+0000] {dag.py:3954} INFO - Setting next_dagrun for example_dynamic_task_mapping_with_no_taskflow_operators to 2026-06-01 00:00:00+00:00, run_after=2026-06-02 00:00:00+00:00
[2026-06-02T05:06:50.783+0000] {processor.py:183} INFO - Processing /home/airflow/.local/lib/python3.11/site-packages/airflow/example_dags/example_dynamic_task_mapping_with_no_taskflow_operators.py took 0.367 seconds
[2026-06-02T05:07:21.011+0000] {processor.py:161} INFO - Started process (PID=11068) to work on /home/airflow/.local/lib/python3.11/site-packages/airflow/example_dags/example_dynamic_task_mapping_with_no_taskflow_operators.py
[2026-06-02T05:07:21.019+0000] {processor.py:830} INFO - Processing file /home/airflow/.local/lib/python3.11/site-packages/airflow/example_dags/example_dynamic_task_mapping_with_no_taskflow_operators.py for tasks to queue
[2026-06-02T05:07:21.030+0000] {logging_mixin.py:188} INFO - [2026-06-02T05:07:21.029+0000] {dagbag.py:545} INFO - Filling up the DagBag from /home/airflow/.local/lib/python3.11/site-packages/airflow/example_dags/example_dynamic_task_mapping_with_no_taskflow_operators.py
[2026-06-02T05:07:21.050+0000] {processor.py:840} INFO - DAG(s) 'example_dynamic_task_mapping_with_no_taskflow_operators' retrieved from /home/airflow/.local/lib/python3.11/site-packages/airflow/example_dags/example_dynamic_task_mapping_with_no_taskflow_operators.py
[2026-06-02T05:07:21.149+0000] {logging_mixin.py:188} INFO - [2026-06-02T05:07:21.148+0000] {dag.py:3096} INFO - Sync 1 DAGs
[2026-06-02T05:07:21.227+0000] {logging_mixin.py:188} INFO - [2026-06-02T05:07:21.226+0000] {dag.py:3954} INFO - Setting next_dagrun for example_dynamic_task_mapping_with_no_taskflow_operators to 2026-06-01 00:00:00+00:00, run_after=2026-06-02 00:00:00+00:00
[2026-06-02T05:07:21.313+0000] {processor.py:183} INFO - Processing /home/airflow/.local/lib/python3.11/site-packages/airflow/example_dags/example_dynamic_task_mapping_with_no_taskflow_operators.py took 0.340 seconds
[2026-06-02T05:07:52.837+0000] {processor.py:161} INFO - Started process (PID=11344) to work on /home/airflow/.local/lib/python3.11/site-packages/airflow/example_dags/example_dynamic_task_mapping_with_no_taskflow_operators.py
[2026-06-02T05:07:52.841+0000] {processor.py:830} INFO - Processing file /home/airflow/.local/lib/python3.11/site-packages/airflow/example_dags/example_dynamic_task_mapping_with_no_taskflow_operators.py for tasks to queue
[2026-06-02T05:07:52.859+0000] {logging_mixin.py:188} INFO - [2026-06-02T05:07:52.858+0000] {dagbag.py:545} INFO - Filling up the DagBag from /home/airflow/.local/lib/python3.11/site-packages/airflow/example_dags/example_dynamic_task_mapping_with_no_taskflow_operators.py
[2026-06-02T05:07:52.874+0000] {processor.py:840} INFO - DAG(s) 'example_dynamic_task_mapping_with_no_taskflow_operators' retrieved from /home/airflow/.local/lib/python3.11/site-packages/airflow/example_dags/example_dynamic_task_mapping_with_no_taskflow_operators.py
[2026-06-02T05:07:52.929+0000] {logging_mixin.py:188} INFO - [2026-06-02T05:07:52.928+0000] {dag.py:3096} INFO - Sync 1 DAGs
[2026-06-02T05:07:53.029+0000] {logging_mixin.py:188} INFO - [2026-06-02T05:07:53.028+0000] {dag.py:3954} INFO - Setting next_dagrun for example_dynamic_task_mapping_with_no_taskflow_operators to 2026-06-01 00:00:00+00:00, run_after=2026-06-02 00:00:00+00:00
[2026-06-02T05:07:53.112+0000] {processor.py:183} INFO - Processing /home/airflow/.local/lib/python3.11/site-packages/airflow/example_dags/example_dynamic_task_mapping_with_no_taskflow_operators.py took 0.299 seconds
[2026-06-02T05:08:24.307+0000] {processor.py:161} INFO - Started process (PID=11620) to work on /home/airflow/.local/lib/python3.11/site-packages/airflow/example_dags/example_dynamic_task_mapping_with_no_taskflow_operators.py
[2026-06-02T05:08:24.318+0000] {processor.py:830} INFO - Processing file /home/airflow/.local/lib/python3.11/site-packages/airflow/example_dags/example_dynamic_task_mapping_with_no_taskflow_operators.py for tasks to queue
[2026-06-02T05:08:24.335+0000] {logging_mixin.py:188} INFO - [2026-06-02T05:08:24.334+0000] {dagbag.py:545} INFO - Filling up the DagBag from /home/airflow/.local/lib/python3.11/site-packages/airflow/example_dags/example_dynamic_task_mapping_with_no_taskflow_operators.py
[2026-06-02T05:08:24.395+0000] {processor.py:840} INFO - DAG(s) 'example_dynamic_task_mapping_with_no_taskflow_operators' retrieved from /home/airflow/.local/lib/python3.11/site-packages/airflow/example_dags/example_dynamic_task_mapping_with_no_taskflow_operators.py
[2026-06-02T05:08:24.561+0000] {logging_mixin.py:188} INFO - [2026-06-02T05:08:24.561+0000] {dag.py:3096} INFO - Sync 1 DAGs
[2026-06-02T05:08:24.756+0000] {logging_mixin.py:188} INFO - [2026-06-02T05:08:24.756+0000] {dag.py:3954} INFO - Setting next_dagrun for example_dynamic_task_mapping_with_no_taskflow_operators to 2026-06-01 00:00:00+00:00, run_after=2026-06-02 00:00:00+00:00
[2026-06-02T05:08:24.839+0000] {processor.py:183} INFO - Processing /home/airflow/.local/lib/python3.11/site-packages/airflow/example_dags/example_dynamic_task_mapping_with_no_taskflow_operators.py took 0.601 seconds
[2026-06-02T05:08:55.540+0000] {processor.py:161} INFO - Started process (PID=11896) to work on /home/airflow/.local/lib/python3.11/site-packages/airflow/example_dags/example_dynamic_task_mapping_with_no_taskflow_operators.py
[2026-06-02T05:08:55.553+0000] {processor.py:830} INFO - Processing file /home/airflow/.local/lib/python3.11/site-packages/airflow/example_dags/example_dynamic_task_mapping_with_no_taskflow_operators.py for tasks to queue
[2026-06-02T05:08:55.574+0000] {logging_mixin.py:188} INFO - [2026-06-02T05:08:55.573+0000] {dagbag.py:545} INFO - Filling up the DagBag from /home/airflow/.local/lib/python3.11/site-packages/airflow/example_dags/example_dynamic_task_mapping_with_no_taskflow_operators.py
[2026-06-02T05:08:55.686+0000] {processor.py:840} INFO - DAG(s) 'example_dynamic_task_mapping_with_no_taskflow_operators' retrieved from /home/airflow/.local/lib/python3.11/site-packages/airflow/example_dags/example_dynamic_task_mapping_with_no_taskflow_operators.py
[2026-06-02T05:08:55.838+0000] {logging_mixin.py:188} INFO - [2026-06-02T05:08:55.838+0000] {dag.py:3096} INFO - Sync 1 DAGs
[2026-06-02T05:08:55.893+0000] {logging_mixin.py:188} INFO - [2026-06-02T05:08:55.892+0000] {dag.py:3954} INFO - Setting next_dagrun for example_dynamic_task_mapping_with_no_taskflow_operators to 2026-06-01 00:00:00+00:00, run_after=2026-06-02 00:00:00+00:00
[2026-06-02T05:08:56.044+0000] {processor.py:183} INFO - Processing /home/airflow/.local/lib/python3.11/site-packages/airflow/example_dags/example_dynamic_task_mapping_with_no_taskflow_operators.py took 0.519 seconds
[2026-06-02T05:09:27.007+0000] {processor.py:161} INFO - Started process (PID=12166) to work on /home/airflow/.local/lib/python3.11/site-packages/airflow/example_dags/example_dynamic_task_mapping_with_no_taskflow_operators.py
[2026-06-02T05:09:27.025+0000] {processor.py:830} INFO - Processing file /home/airflow/.local/lib/python3.11/site-packages/airflow/example_dags/example_dynamic_task_mapping_with_no_taskflow_operators.py for tasks to queue
[2026-06-02T05:09:27.036+0000] {logging_mixin.py:188} INFO - [2026-06-02T05:09:27.036+0000] {dagbag.py:545} INFO - Filling up the DagBag from /home/airflow/.local/lib/python3.11/site-packages/airflow/example_dags/example_dynamic_task_mapping_with_no_taskflow_operators.py
[2026-06-02T05:09:27.092+0000] {processor.py:840} INFO - DAG(s) 'example_dynamic_task_mapping_with_no_taskflow_operators' retrieved from /home/airflow/.local/lib/python3.11/site-packages/airflow/example_dags/example_dynamic_task_mapping_with_no_taskflow_operators.py
[2026-06-02T05:09:27.173+0000] {logging_mixin.py:188} INFO - [2026-06-02T05:09:27.172+0000] {dag.py:3096} INFO - Sync 1 DAGs
[2026-06-02T05:09:27.234+0000] {logging_mixin.py:188} INFO - [2026-06-02T05:09:27.234+0000] {dag.py:3954} INFO - Setting next_dagrun for example_dynamic_task_mapping_with_no_taskflow_operators to 2026-06-01 00:00:00+00:00, run_after=2026-06-02 00:00:00+00:00
[2026-06-02T05:09:27.267+0000] {processor.py:183} INFO - Processing /home/airflow/.local/lib/python3.11/site-packages/airflow/example_dags/example_dynamic_task_mapping_with_no_taskflow_operators.py took 0.283 seconds
[2026-06-02T05:10:08.612+0000] {processor.py:161} INFO - Started process (PID=12442) to work on /home/airflow/.local/lib/python3.11/site-packages/airflow/example_dags/example_dynamic_task_mapping_with_no_taskflow_operators.py
[2026-06-02T05:10:08.619+0000] {processor.py:830} INFO - Processing file /home/airflow/.local/lib/python3.11/site-packages/airflow/example_dags/example_dynamic_task_mapping_with_no_taskflow_operators.py for tasks to queue
[2026-06-02T05:10:08.636+0000] {logging_mixin.py:188} INFO - [2026-06-02T05:10:08.635+0000] {dagbag.py:545} INFO - Filling up the DagBag from /home/airflow/.local/lib/python3.11/site-packages/airflow/example_dags/example_dynamic_task_mapping_with_no_taskflow_operators.py
[2026-06-02T05:10:08.701+0000] {processor.py:840} INFO - DAG(s) 'example_dynamic_task_mapping_with_no_taskflow_operators' retrieved from /home/airflow/.local/lib/python3.11/site-packages/airflow/example_dags/example_dynamic_task_mapping_with_no_taskflow_operators.py
[2026-06-02T05:10:08.785+0000] {logging_mixin.py:188} INFO - [2026-06-02T05:10:08.783+0000] {dag.py:3096} INFO - Sync 1 DAGs
[2026-06-02T05:10:09.056+0000] {logging_mixin.py:188} INFO - [2026-06-02T05:10:09.055+0000] {dag.py:3954} INFO - Setting next_dagrun for example_dynamic_task_mapping_with_no_taskflow_operators to 2026-06-01 00:00:00+00:00, run_after=2026-06-02 00:00:00+00:00
[2026-06-02T05:10:09.333+0000] {processor.py:183} INFO - Processing /home/airflow/.local/lib/python3.11/site-packages/airflow/example_dags/example_dynamic_task_mapping_with_no_taskflow_operators.py took 0.780 seconds
[2026-06-02T05:10:40.176+0000] {processor.py:161} INFO - Started process (PID=12715) to work on /home/airflow/.local/lib/python3.11/site-packages/airflow/example_dags/example_dynamic_task_mapping_with_no_taskflow_operators.py
[2026-06-02T05:10:40.200+0000] {processor.py:830} INFO - Processing file /home/airflow/.local/lib/python3.11/site-packages/airflow/example_dags/example_dynamic_task_mapping_with_no_taskflow_operators.py for tasks to queue
[2026-06-02T05:10:40.214+0000] {logging_mixin.py:188} INFO - [2026-06-02T05:10:40.213+0000] {dagbag.py:545} INFO - Filling up the DagBag from /home/airflow/.local/lib/python3.11/site-packages/airflow/example_dags/example_dynamic_task_mapping_with_no_taskflow_operators.py
[2026-06-02T05:10:40.258+0000] {processor.py:840} INFO - DAG(s) 'example_dynamic_task_mapping_with_no_taskflow_operators' retrieved from /home/airflow/.local/lib/python3.11/site-packages/airflow/example_dags/example_dynamic_task_mapping_with_no_taskflow_operators.py
[2026-06-02T05:10:40.322+0000] {logging_mixin.py:188} INFO - [2026-06-02T05:10:40.322+0000] {dag.py:3096} INFO - Sync 1 DAGs
[2026-06-02T05:10:40.357+0000] {logging_mixin.py:188} INFO - [2026-06-02T05:10:40.357+0000] {dag.py:3954} INFO - Setting next_dagrun for example_dynamic_task_mapping_with_no_taskflow_operators to 2026-06-01 00:00:00+00:00, run_after=2026-06-02 00:00:00+00:00
[2026-06-02T05:10:40.525+0000] {processor.py:183} INFO - Processing /home/airflow/.local/lib/python3.11/site-packages/airflow/example_dags/example_dynamic_task_mapping_with_no_taskflow_operators.py took 0.374 seconds
[2026-06-02T05:11:11.310+0000] {processor.py:161} INFO - Started process (PID=13003) to work on /home/airflow/.local/lib/python3.11/site-packages/airflow/example_dags/example_dynamic_task_mapping_with_no_taskflow_operators.py
[2026-06-02T05:11:11.315+0000] {processor.py:830} INFO - Processing file /home/airflow/.local/lib/python3.11/site-packages/airflow/example_dags/example_dynamic_task_mapping_with_no_taskflow_operators.py for tasks to queue
[2026-06-02T05:11:11.324+0000] {logging_mixin.py:188} INFO - [2026-06-02T05:11:11.324+0000] {dagbag.py:545} INFO - Filling up the DagBag from /home/airflow/.local/lib/python3.11/site-packages/airflow/example_dags/example_dynamic_task_mapping_with_no_taskflow_operators.py
[2026-06-02T05:11:11.347+0000] {processor.py:840} INFO - DAG(s) 'example_dynamic_task_mapping_with_no_taskflow_operators' retrieved from /home/airflow/.local/lib/python3.11/site-packages/airflow/example_dags/example_dynamic_task_mapping_with_no_taskflow_operators.py
[2026-06-02T05:11:11.434+0000] {logging_mixin.py:188} INFO - [2026-06-02T05:11:11.433+0000] {dag.py:3096} INFO - Sync 1 DAGs
[2026-06-02T05:11:11.483+0000] {logging_mixin.py:188} INFO - [2026-06-02T05:11:11.483+0000] {dag.py:3954} INFO - Setting next_dagrun for example_dynamic_task_mapping_with_no_taskflow_operators to 2026-06-01 00:00:00+00:00, run_after=2026-06-02 00:00:00+00:00
[2026-06-02T05:11:11.534+0000] {processor.py:183} INFO - Processing /home/airflow/.local/lib/python3.11/site-packages/airflow/example_dags/example_dynamic_task_mapping_with_no_taskflow_operators.py took 0.238 seconds
[2026-06-02T05:11:43.644+0000] {processor.py:161} INFO - Started process (PID=13263) to work on /home/airflow/.local/lib/python3.11/site-packages/airflow/example_dags/example_dynamic_task_mapping_with_no_taskflow_operators.py
[2026-06-02T05:11:43.646+0000] {processor.py:830} INFO - Processing file /home/airflow/.local/lib/python3.11/site-packages/airflow/example_dags/example_dynamic_task_mapping_with_no_taskflow_operators.py for tasks to queue
[2026-06-02T05:11:43.651+0000] {logging_mixin.py:188} INFO - [2026-06-02T05:11:43.651+0000] {dagbag.py:545} INFO - Filling up the DagBag from /home/airflow/.local/lib/python3.11/site-packages/airflow/example_dags/example_dynamic_task_mapping_with_no_taskflow_operators.py
[2026-06-02T05:11:43.707+0000] {processor.py:840} INFO - DAG(s) 'example_dynamic_task_mapping_with_no_taskflow_operators' retrieved from /home/airflow/.local/lib/python3.11/site-packages/airflow/example_dags/example_dynamic_task_mapping_with_no_taskflow_operators.py
[2026-06-02T05:11:43.819+0000] {logging_mixin.py:188} INFO - [2026-06-02T05:11:43.819+0000] {dag.py:3096} INFO - Sync 1 DAGs
[2026-06-02T05:11:44.026+0000] {logging_mixin.py:188} INFO - [2026-06-02T05:11:44.009+0000] {dag.py:3954} INFO - Setting next_dagrun for example_dynamic_task_mapping_with_no_taskflow_operators to 2026-06-01 00:00:00+00:00, run_after=2026-06-02 00:00:00+00:00
[2026-06-02T05:11:44.129+0000] {processor.py:183} INFO - Processing /home/airflow/.local/lib/python3.11/site-packages/airflow/example_dags/example_dynamic_task_mapping_with_no_taskflow_operators.py took 0.504 seconds
[2026-06-02T05:12:20.052+0000] {processor.py:161} INFO - Started process (PID=13535) to work on /home/airflow/.local/lib/python3.11/site-packages/airflow/example_dags/example_dynamic_task_mapping_with_no_taskflow_operators.py
[2026-06-02T05:12:20.070+0000] {processor.py:830} INFO - Processing file /home/airflow/.local/lib/python3.11/site-packages/airflow/example_dags/example_dynamic_task_mapping_with_no_taskflow_operators.py for tasks to queue
[2026-06-02T05:12:20.083+0000] {logging_mixin.py:188} INFO - [2026-06-02T05:12:20.082+0000] {dagbag.py:545} INFO - Filling up the DagBag from /home/airflow/.local/lib/python3.11/site-packages/airflow/example_dags/example_dynamic_task_mapping_with_no_taskflow_operators.py
[2026-06-02T05:12:20.116+0000] {processor.py:840} INFO - DAG(s) 'example_dynamic_task_mapping_with_no_taskflow_operators' retrieved from /home/airflow/.local/lib/python3.11/site-packages/airflow/example_dags/example_dynamic_task_mapping_with_no_taskflow_operators.py
[2026-06-02T05:12:20.219+0000] {logging_mixin.py:188} INFO - [2026-06-02T05:12:20.219+0000] {dag.py:3096} INFO - Sync 1 DAGs
[2026-06-02T05:12:20.451+0000] {logging_mixin.py:188} INFO - [2026-06-02T05:12:20.451+0000] {dag.py:3954} INFO - Setting next_dagrun for example_dynamic_task_mapping_with_no_taskflow_operators to 2026-06-01 00:00:00+00:00, run_after=2026-06-02 00:00:00+00:00
[2026-06-02T05:12:20.550+0000] {processor.py:183} INFO - Processing /home/airflow/.local/lib/python3.11/site-packages/airflow/example_dags/example_dynamic_task_mapping_with_no_taskflow_operators.py took 0.518 seconds
[2026-06-02T05:12:51.677+0000] {processor.py:161} INFO - Started process (PID=13802) to work on /home/airflow/.local/lib/python3.11/site-packages/airflow/example_dags/example_dynamic_task_mapping_with_no_taskflow_operators.py
[2026-06-02T05:12:51.693+0000] {processor.py:830} INFO - Processing file /home/airflow/.local/lib/python3.11/site-packages/airflow/example_dags/example_dynamic_task_mapping_with_no_taskflow_operators.py for tasks to queue
[2026-06-02T05:12:51.710+0000] {logging_mixin.py:188} INFO - [2026-06-02T05:12:51.709+0000] {dagbag.py:545} INFO - Filling up the DagBag from /home/airflow/.local/lib/python3.11/site-packages/airflow/example_dags/example_dynamic_task_mapping_with_no_taskflow_operators.py
[2026-06-02T05:12:51.775+0000] {processor.py:840} INFO - DAG(s) 'example_dynamic_task_mapping_with_no_taskflow_operators' retrieved from /home/airflow/.local/lib/python3.11/site-packages/airflow/example_dags/example_dynamic_task_mapping_with_no_taskflow_operators.py
[2026-06-02T05:12:52.013+0000] {logging_mixin.py:188} INFO - [2026-06-02T05:12:52.013+0000] {dag.py:3096} INFO - Sync 1 DAGs
[2026-06-02T05:12:52.221+0000] {logging_mixin.py:188} INFO - [2026-06-02T05:12:52.198+0000] {dag.py:3954} INFO - Setting next_dagrun for example_dynamic_task_mapping_with_no_taskflow_operators to 2026-06-01 00:00:00+00:00, run_after=2026-06-02 00:00:00+00:00
[2026-06-02T05:12:52.374+0000] {processor.py:183} INFO - Processing /home/airflow/.local/lib/python3.11/site-packages/airflow/example_dags/example_dynamic_task_mapping_with_no_taskflow_operators.py took 0.737 seconds
[2026-06-02T05:13:22.812+0000] {processor.py:161} INFO - Started process (PID=14074) to work on /home/airflow/.local/lib/python3.11/site-packages/airflow/example_dags/example_dynamic_task_mapping_with_no_taskflow_operators.py
[2026-06-02T05:13:22.830+0000] {processor.py:830} INFO - Processing file /home/airflow/.local/lib/python3.11/site-packages/airflow/example_dags/example_dynamic_task_mapping_with_no_taskflow_operators.py for tasks to queue
[2026-06-02T05:13:22.834+0000] {logging_mixin.py:188} INFO - [2026-06-02T05:13:22.834+0000] {dagbag.py:545} INFO - Filling up the DagBag from /home/airflow/.local/lib/python3.11/site-packages/airflow/example_dags/example_dynamic_task_mapping_with_no_taskflow_operators.py
[2026-06-02T05:13:22.859+0000] {processor.py:840} INFO - DAG(s) 'example_dynamic_task_mapping_with_no_taskflow_operators' retrieved from /home/airflow/.local/lib/python3.11/site-packages/airflow/example_dags/example_dynamic_task_mapping_with_no_taskflow_operators.py
[2026-06-02T05:13:22.919+0000] {logging_mixin.py:188} INFO - [2026-06-02T05:13:22.919+0000] {dag.py:3096} INFO - Sync 1 DAGs
[2026-06-02T05:13:22.986+0000] {logging_mixin.py:188} INFO - [2026-06-02T05:13:22.986+0000] {dag.py:3954} INFO - Setting next_dagrun for example_dynamic_task_mapping_with_no_taskflow_operators to 2026-06-01 00:00:00+00:00, run_after=2026-06-02 00:00:00+00:00
[2026-06-02T05:13:23.034+0000] {processor.py:183} INFO - Processing /home/airflow/.local/lib/python3.11/site-packages/airflow/example_dags/example_dynamic_task_mapping_with_no_taskflow_operators.py took 0.237 seconds
[2026-06-02T05:13:53.958+0000] {processor.py:161} INFO - Started process (PID=14350) to work on /home/airflow/.local/lib/python3.11/site-packages/airflow/example_dags/example_dynamic_task_mapping_with_no_taskflow_operators.py
[2026-06-02T05:13:53.962+0000] {processor.py:830} INFO - Processing file /home/airflow/.local/lib/python3.11/site-packages/airflow/example_dags/example_dynamic_task_mapping_with_no_taskflow_operators.py for tasks to queue
[2026-06-02T05:13:53.965+0000] {logging_mixin.py:188} INFO - [2026-06-02T05:13:53.964+0000] {dagbag.py:545} INFO - Filling up the DagBag from /home/airflow/.local/lib/python3.11/site-packages/airflow/example_dags/example_dynamic_task_mapping_with_no_taskflow_operators.py
[2026-06-02T05:13:53.982+0000] {processor.py:840} INFO - DAG(s) 'example_dynamic_task_mapping_with_no_taskflow_operators' retrieved from /home/airflow/.local/lib/python3.11/site-packages/airflow/example_dags/example_dynamic_task_mapping_with_no_taskflow_operators.py
[2026-06-02T05:13:54.017+0000] {logging_mixin.py:188} INFO - [2026-06-02T05:13:54.016+0000] {dag.py:3096} INFO - Sync 1 DAGs
[2026-06-02T05:13:54.068+0000] {logging_mixin.py:188} INFO - [2026-06-02T05:13:54.068+0000] {dag.py:3954} INFO - Setting next_dagrun for example_dynamic_task_mapping_with_no_taskflow_operators to 2026-06-01 00:00:00+00:00, run_after=2026-06-02 00:00:00+00:00
[2026-06-02T05:13:54.131+0000] {processor.py:183} INFO - Processing /home/airflow/.local/lib/python3.11/site-packages/airflow/example_dags/example_dynamic_task_mapping_with_no_taskflow_operators.py took 0.192 seconds
[2026-06-02T05:14:26.957+0000] {processor.py:161} INFO - Started process (PID=14624) to work on /home/airflow/.local/lib/python3.11/site-packages/airflow/example_dags/example_dynamic_task_mapping_with_no_taskflow_operators.py
[2026-06-02T05:14:26.978+0000] {processor.py:830} INFO - Processing file /home/airflow/.local/lib/python3.11/site-packages/airflow/example_dags/example_dynamic_task_mapping_with_no_taskflow_operators.py for tasks to queue
[2026-06-02T05:14:26.991+0000] {logging_mixin.py:188} INFO - [2026-06-02T05:14:26.991+0000] {dagbag.py:545} INFO - Filling up the DagBag from /home/airflow/.local/lib/python3.11/site-packages/airflow/example_dags/example_dynamic_task_mapping_with_no_taskflow_operators.py
[2026-06-02T05:14:27.034+0000] {processor.py:840} INFO - DAG(s) 'example_dynamic_task_mapping_with_no_taskflow_operators' retrieved from /home/airflow/.local/lib/python3.11/site-packages/airflow/example_dags/example_dynamic_task_mapping_with_no_taskflow_operators.py
[2026-06-02T05:14:27.183+0000] {logging_mixin.py:188} INFO - [2026-06-02T05:14:27.183+0000] {dag.py:3096} INFO - Sync 1 DAGs
[2026-06-02T05:14:27.344+0000] {logging_mixin.py:188} INFO - [2026-06-02T05:14:27.344+0000] {dag.py:3954} INFO - Setting next_dagrun for example_dynamic_task_mapping_with_no_taskflow_operators to 2026-06-01 00:00:00+00:00, run_after=2026-06-02 00:00:00+00:00
[2026-06-02T05:14:27.428+0000] {processor.py:183} INFO - Processing /home/airflow/.local/lib/python3.11/site-packages/airflow/example_dags/example_dynamic_task_mapping_with_no_taskflow_operators.py took 0.512 seconds
[2026-06-02T05:15:01.695+0000] {processor.py:161} INFO - Started process (PID=14905) to work on /home/airflow/.local/lib/python3.11/site-packages/airflow/example_dags/example_dynamic_task_mapping_with_no_taskflow_operators.py
[2026-06-02T05:15:01.701+0000] {processor.py:830} INFO - Processing file /home/airflow/.local/lib/python3.11/site-packages/airflow/example_dags/example_dynamic_task_mapping_with_no_taskflow_operators.py for tasks to queue
[2026-06-02T05:15:01.713+0000] {logging_mixin.py:188} INFO - [2026-06-02T05:15:01.713+0000] {dagbag.py:545} INFO - Filling up the DagBag from /home/airflow/.local/lib/python3.11/site-packages/airflow/example_dags/example_dynamic_task_mapping_with_no_taskflow_operators.py
[2026-06-02T05:15:01.757+0000] {processor.py:840} INFO - DAG(s) 'example_dynamic_task_mapping_with_no_taskflow_operators' retrieved from /home/airflow/.local/lib/python3.11/site-packages/airflow/example_dags/example_dynamic_task_mapping_with_no_taskflow_operators.py
[2026-06-02T05:15:01.826+0000] {logging_mixin.py:188} INFO - [2026-06-02T05:15:01.825+0000] {dag.py:3096} INFO - Sync 1 DAGs
[2026-06-02T05:15:01.952+0000] {logging_mixin.py:188} INFO - [2026-06-02T05:15:01.951+0000] {dag.py:3954} INFO - Setting next_dagrun for example_dynamic_task_mapping_with_no_taskflow_operators to 2026-06-01 00:00:00+00:00, run_after=2026-06-02 00:00:00+00:00
[2026-06-02T05:15:02.075+0000] {processor.py:183} INFO - Processing /home/airflow/.local/lib/python3.11/site-packages/airflow/example_dags/example_dynamic_task_mapping_with_no_taskflow_operators.py took 0.413 seconds
[2026-06-02T05:15:34.997+0000] {processor.py:161} INFO - Started process (PID=15174) to work on /home/airflow/.local/lib/python3.11/site-packages/airflow/example_dags/example_dynamic_task_mapping_with_no_taskflow_operators.py
[2026-06-02T05:15:35.005+0000] {processor.py:830} INFO - Processing file /home/airflow/.local/lib/python3.11/site-packages/airflow/example_dags/example_dynamic_task_mapping_with_no_taskflow_operators.py for tasks to queue
[2026-06-02T05:15:35.012+0000] {logging_mixin.py:188} INFO - [2026-06-02T05:15:35.012+0000] {dagbag.py:545} INFO - Filling up the DagBag from /home/airflow/.local/lib/python3.11/site-packages/airflow/example_dags/example_dynamic_task_mapping_with_no_taskflow_operators.py
[2026-06-02T05:15:35.056+0000] {processor.py:840} INFO - DAG(s) 'example_dynamic_task_mapping_with_no_taskflow_operators' retrieved from /home/airflow/.local/lib/python3.11/site-packages/airflow/example_dags/example_dynamic_task_mapping_with_no_taskflow_operators.py
[2026-06-02T05:15:35.120+0000] {logging_mixin.py:188} INFO - [2026-06-02T05:15:35.120+0000] {dag.py:3096} INFO - Sync 1 DAGs
[2026-06-02T05:15:35.158+0000] {logging_mixin.py:188} INFO - [2026-06-02T05:15:35.158+0000] {dag.py:3954} INFO - Setting next_dagrun for example_dynamic_task_mapping_with_no_taskflow_operators to 2026-06-01 00:00:00+00:00, run_after=2026-06-02 00:00:00+00:00
[2026-06-02T05:15:35.207+0000] {processor.py:183} INFO - Processing /home/airflow/.local/lib/python3.11/site-packages/airflow/example_dags/example_dynamic_task_mapping_with_no_taskflow_operators.py took 0.262 seconds
[2026-06-02T05:16:05.496+0000] {processor.py:161} INFO - Started process (PID=15444) to work on /home/airflow/.local/lib/python3.11/site-packages/airflow/example_dags/example_dynamic_task_mapping_with_no_taskflow_operators.py
[2026-06-02T05:16:05.501+0000] {processor.py:830} INFO - Processing file /home/airflow/.local/lib/python3.11/site-packages/airflow/example_dags/example_dynamic_task_mapping_with_no_taskflow_operators.py for tasks to queue
[2026-06-02T05:16:05.507+0000] {logging_mixin.py:188} INFO - [2026-06-02T05:16:05.504+0000] {dagbag.py:545} INFO - Filling up the DagBag from /home/airflow/.local/lib/python3.11/site-packages/airflow/example_dags/example_dynamic_task_mapping_with_no_taskflow_operators.py
[2026-06-02T05:16:05.523+0000] {processor.py:840} INFO - DAG(s) 'example_dynamic_task_mapping_with_no_taskflow_operators' retrieved from /home/airflow/.local/lib/python3.11/site-packages/airflow/example_dags/example_dynamic_task_mapping_with_no_taskflow_operators.py
[2026-06-02T05:16:05.574+0000] {logging_mixin.py:188} INFO - [2026-06-02T05:16:05.574+0000] {dag.py:3096} INFO - Sync 1 DAGs
[2026-06-02T05:16:05.654+0000] {logging_mixin.py:188} INFO - [2026-06-02T05:16:05.654+0000] {dag.py:3954} INFO - Setting next_dagrun for example_dynamic_task_mapping_with_no_taskflow_operators to 2026-06-01 00:00:00+00:00, run_after=2026-06-02 00:00:00+00:00
[2026-06-02T05:16:05.772+0000] {processor.py:183} INFO - Processing /home/airflow/.local/lib/python3.11/site-packages/airflow/example_dags/example_dynamic_task_mapping_with_no_taskflow_operators.py took 0.293 seconds
[2026-06-02T05:16:36.361+0000] {processor.py:161} INFO - Started process (PID=15717) to work on /home/airflow/.local/lib/python3.11/site-packages/airflow/example_dags/example_dynamic_task_mapping_with_no_taskflow_operators.py
[2026-06-02T05:16:36.376+0000] {processor.py:830} INFO - Processing file /home/airflow/.local/lib/python3.11/site-packages/airflow/example_dags/example_dynamic_task_mapping_with_no_taskflow_operators.py for tasks to queue
[2026-06-02T05:16:36.378+0000] {logging_mixin.py:188} INFO - [2026-06-02T05:16:36.378+0000] {dagbag.py:545} INFO - Filling up the DagBag from /home/airflow/.local/lib/python3.11/site-packages/airflow/example_dags/example_dynamic_task_mapping_with_no_taskflow_operators.py
[2026-06-02T05:16:36.411+0000] {processor.py:840} INFO - DAG(s) 'example_dynamic_task_mapping_with_no_taskflow_operators' retrieved from /home/airflow/.local/lib/python3.11/site-packages/airflow/example_dags/example_dynamic_task_mapping_with_no_taskflow_operators.py
[2026-06-02T05:16:36.504+0000] {logging_mixin.py:188} INFO - [2026-06-02T05:16:36.504+0000] {dag.py:3096} INFO - Sync 1 DAGs
[2026-06-02T05:16:36.565+0000] {logging_mixin.py:188} INFO - [2026-06-02T05:16:36.565+0000] {dag.py:3954} INFO - Setting next_dagrun for example_dynamic_task_mapping_with_no_taskflow_operators to 2026-06-01 00:00:00+00:00, run_after=2026-06-02 00:00:00+00:00
[2026-06-02T05:16:36.713+0000] {processor.py:183} INFO - Processing /home/airflow/.local/lib/python3.11/site-packages/airflow/example_dags/example_dynamic_task_mapping_with_no_taskflow_operators.py took 0.427 seconds
[2026-06-02T05:17:07.597+0000] {processor.py:161} INFO - Started process (PID=15993) to work on /home/airflow/.local/lib/python3.11/site-packages/airflow/example_dags/example_dynamic_task_mapping_with_no_taskflow_operators.py
[2026-06-02T05:17:07.607+0000] {processor.py:830} INFO - Processing file /home/airflow/.local/lib/python3.11/site-packages/airflow/example_dags/example_dynamic_task_mapping_with_no_taskflow_operators.py for tasks to queue
[2026-06-02T05:17:07.616+0000] {logging_mixin.py:188} INFO - [2026-06-02T05:17:07.615+0000] {dagbag.py:545} INFO - Filling up the DagBag from /home/airflow/.local/lib/python3.11/site-packages/airflow/example_dags/example_dynamic_task_mapping_with_no_taskflow_operators.py
[2026-06-02T05:17:07.652+0000] {processor.py:840} INFO - DAG(s) 'example_dynamic_task_mapping_with_no_taskflow_operators' retrieved from /home/airflow/.local/lib/python3.11/site-packages/airflow/example_dags/example_dynamic_task_mapping_with_no_taskflow_operators.py
[2026-06-02T05:17:07.732+0000] {logging_mixin.py:188} INFO - [2026-06-02T05:17:07.731+0000] {dag.py:3096} INFO - Sync 1 DAGs
[2026-06-02T05:17:07.798+0000] {logging_mixin.py:188} INFO - [2026-06-02T05:17:07.797+0000] {dag.py:3954} INFO - Setting next_dagrun for example_dynamic_task_mapping_with_no_taskflow_operators to 2026-06-01 00:00:00+00:00, run_after=2026-06-02 00:00:00+00:00
[2026-06-02T05:17:07.970+0000] {processor.py:183} INFO - Processing /home/airflow/.local/lib/python3.11/site-packages/airflow/example_dags/example_dynamic_task_mapping_with_no_taskflow_operators.py took 0.397 seconds
[2026-06-02T05:17:41.385+0000] {processor.py:161} INFO - Started process (PID=16264) to work on /home/airflow/.local/lib/python3.11/site-packages/airflow/example_dags/example_dynamic_task_mapping_with_no_taskflow_operators.py
[2026-06-02T05:17:41.389+0000] {processor.py:830} INFO - Processing file /home/airflow/.local/lib/python3.11/site-packages/airflow/example_dags/example_dynamic_task_mapping_with_no_taskflow_operators.py for tasks to queue
[2026-06-02T05:17:41.396+0000] {logging_mixin.py:188} INFO - [2026-06-02T05:17:41.395+0000] {dagbag.py:545} INFO - Filling up the DagBag from /home/airflow/.local/lib/python3.11/site-packages/airflow/example_dags/example_dynamic_task_mapping_with_no_taskflow_operators.py
[2026-06-02T05:17:41.488+0000] {processor.py:840} INFO - DAG(s) 'example_dynamic_task_mapping_with_no_taskflow_operators' retrieved from /home/airflow/.local/lib/python3.11/site-packages/airflow/example_dags/example_dynamic_task_mapping_with_no_taskflow_operators.py
[2026-06-02T05:17:41.560+0000] {logging_mixin.py:188} INFO - [2026-06-02T05:17:41.560+0000] {dag.py:3096} INFO - Sync 1 DAGs
[2026-06-02T05:17:41.606+0000] {logging_mixin.py:188} INFO - [2026-06-02T05:17:41.606+0000] {dag.py:3954} INFO - Setting next_dagrun for example_dynamic_task_mapping_with_no_taskflow_operators to 2026-06-01 00:00:00+00:00, run_after=2026-06-02 00:00:00+00:00
[2026-06-02T05:17:41.744+0000] {processor.py:183} INFO - Processing /home/airflow/.local/lib/python3.11/site-packages/airflow/example_dags/example_dynamic_task_mapping_with_no_taskflow_operators.py took 0.449 seconds
[2026-06-02T05:18:13.745+0000] {processor.py:161} INFO - Started process (PID=16528) to work on /home/airflow/.local/lib/python3.11/site-packages/airflow/example_dags/example_dynamic_task_mapping_with_no_taskflow_operators.py
[2026-06-02T05:18:13.758+0000] {processor.py:830} INFO - Processing file /home/airflow/.local/lib/python3.11/site-packages/airflow/example_dags/example_dynamic_task_mapping_with_no_taskflow_operators.py for tasks to queue
[2026-06-02T05:18:13.767+0000] {logging_mixin.py:188} INFO - [2026-06-02T05:18:13.766+0000] {dagbag.py:545} INFO - Filling up the DagBag from /home/airflow/.local/lib/python3.11/site-packages/airflow/example_dags/example_dynamic_task_mapping_with_no_taskflow_operators.py
[2026-06-02T05:18:13.817+0000] {processor.py:840} INFO - DAG(s) 'example_dynamic_task_mapping_with_no_taskflow_operators' retrieved from /home/airflow/.local/lib/python3.11/site-packages/airflow/example_dags/example_dynamic_task_mapping_with_no_taskflow_operators.py
[2026-06-02T05:18:14.002+0000] {logging_mixin.py:188} INFO - [2026-06-02T05:18:14.001+0000] {dag.py:3096} INFO - Sync 1 DAGs
[2026-06-02T05:18:14.064+0000] {logging_mixin.py:188} INFO - [2026-06-02T05:18:14.063+0000] {dag.py:3954} INFO - Setting next_dagrun for example_dynamic_task_mapping_with_no_taskflow_operators to 2026-06-01 00:00:00+00:00, run_after=2026-06-02 00:00:00+00:00
[2026-06-02T05:18:14.097+0000] {processor.py:183} INFO - Processing /home/airflow/.local/lib/python3.11/site-packages/airflow/example_dags/example_dynamic_task_mapping_with_no_taskflow_operators.py took 0.400 seconds
[2026-06-02T05:18:45.120+0000] {processor.py:161} INFO - Started process (PID=16804) to work on /home/airflow/.local/lib/python3.11/site-packages/airflow/example_dags/example_dynamic_task_mapping_with_no_taskflow_operators.py
[2026-06-02T05:18:45.122+0000] {processor.py:830} INFO - Processing file /home/airflow/.local/lib/python3.11/site-packages/airflow/example_dags/example_dynamic_task_mapping_with_no_taskflow_operators.py for tasks to queue
[2026-06-02T05:18:45.166+0000] {logging_mixin.py:188} INFO - [2026-06-02T05:18:45.141+0000] {dagbag.py:545} INFO - Filling up the DagBag from /home/airflow/.local/lib/python3.11/site-packages/airflow/example_dags/example_dynamic_task_mapping_with_no_taskflow_operators.py
[2026-06-02T05:18:45.217+0000] {processor.py:840} INFO - DAG(s) 'example_dynamic_task_mapping_with_no_taskflow_operators' retrieved from /home/airflow/.local/lib/python3.11/site-packages/airflow/example_dags/example_dynamic_task_mapping_with_no_taskflow_operators.py
[2026-06-02T05:18:45.291+0000] {logging_mixin.py:188} INFO - [2026-06-02T05:18:45.291+0000] {dag.py:3096} INFO - Sync 1 DAGs
[2026-06-02T05:18:45.328+0000] {logging_mixin.py:188} INFO - [2026-06-02T05:18:45.328+0000] {dag.py:3954} INFO - Setting next_dagrun for example_dynamic_task_mapping_with_no_taskflow_operators to 2026-06-01 00:00:00+00:00, run_after=2026-06-02 00:00:00+00:00
[2026-06-02T05:18:45.454+0000] {processor.py:183} INFO - Processing /home/airflow/.local/lib/python3.11/site-packages/airflow/example_dags/example_dynamic_task_mapping_with_no_taskflow_operators.py took 0.351 seconds
[2026-06-02T05:19:17.145+0000] {processor.py:161} INFO - Started process (PID=17085) to work on /home/airflow/.local/lib/python3.11/site-packages/airflow/example_dags/example_dynamic_task_mapping_with_no_taskflow_operators.py
[2026-06-02T05:19:17.153+0000] {processor.py:830} INFO - Processing file /home/airflow/.local/lib/python3.11/site-packages/airflow/example_dags/example_dynamic_task_mapping_with_no_taskflow_operators.py for tasks to queue
[2026-06-02T05:19:17.162+0000] {logging_mixin.py:188} INFO - [2026-06-02T05:19:17.161+0000] {dagbag.py:545} INFO - Filling up the DagBag from /home/airflow/.local/lib/python3.11/site-packages/airflow/example_dags/example_dynamic_task_mapping_with_no_taskflow_operators.py
[2026-06-02T05:19:17.213+0000] {processor.py:840} INFO - DAG(s) 'example_dynamic_task_mapping_with_no_taskflow_operators' retrieved from /home/airflow/.local/lib/python3.11/site-packages/airflow/example_dags/example_dynamic_task_mapping_with_no_taskflow_operators.py
[2026-06-02T05:19:17.340+0000] {logging_mixin.py:188} INFO - [2026-06-02T05:19:17.340+0000] {dag.py:3096} INFO - Sync 1 DAGs
[2026-06-02T05:19:17.449+0000] {logging_mixin.py:188} INFO - [2026-06-02T05:19:17.448+0000] {dag.py:3954} INFO - Setting next_dagrun for example_dynamic_task_mapping_with_no_taskflow_operators to 2026-06-01 00:00:00+00:00, run_after=2026-06-02 00:00:00+00:00
[2026-06-02T05:19:17.581+0000] {processor.py:183} INFO - Processing /home/airflow/.local/lib/python3.11/site-packages/airflow/example_dags/example_dynamic_task_mapping_with_no_taskflow_operators.py took 0.496 seconds
[2026-06-02T05:19:47.870+0000] {processor.py:161} INFO - Started process (PID=17354) to work on /home/airflow/.local/lib/python3.11/site-packages/airflow/example_dags/example_dynamic_task_mapping_with_no_taskflow_operators.py
[2026-06-02T05:19:47.873+0000] {processor.py:830} INFO - Processing file /home/airflow/.local/lib/python3.11/site-packages/airflow/example_dags/example_dynamic_task_mapping_with_no_taskflow_operators.py for tasks to queue
[2026-06-02T05:19:47.880+0000] {logging_mixin.py:188} INFO - [2026-06-02T05:19:47.879+0000] {dagbag.py:545} INFO - Filling up the DagBag from /home/airflow/.local/lib/python3.11/site-packages/airflow/example_dags/example_dynamic_task_mapping_with_no_taskflow_operators.py
[2026-06-02T05:19:47.933+0000] {processor.py:840} INFO - DAG(s) 'example_dynamic_task_mapping_with_no_taskflow_operators' retrieved from /home/airflow/.local/lib/python3.11/site-packages/airflow/example_dags/example_dynamic_task_mapping_with_no_taskflow_operators.py
[2026-06-02T05:19:48.026+0000] {logging_mixin.py:188} INFO - [2026-06-02T05:19:48.025+0000] {dag.py:3096} INFO - Sync 1 DAGs
[2026-06-02T05:19:48.143+0000] {logging_mixin.py:188} INFO - [2026-06-02T05:19:48.143+0000] {dag.py:3954} INFO - Setting next_dagrun for example_dynamic_task_mapping_with_no_taskflow_operators to 2026-06-01 00:00:00+00:00, run_after=2026-06-02 00:00:00+00:00
[2026-06-02T05:19:48.184+0000] {processor.py:183} INFO - Processing /home/airflow/.local/lib/python3.11/site-packages/airflow/example_dags/example_dynamic_task_mapping_with_no_taskflow_operators.py took 0.349 seconds
[2026-06-02T05:20:18.620+0000] {processor.py:161} INFO - Started process (PID=17631) to work on /home/airflow/.local/lib/python3.11/site-packages/airflow/example_dags/example_dynamic_task_mapping_with_no_taskflow_operators.py
[2026-06-02T05:20:18.645+0000] {processor.py:830} INFO - Processing file /home/airflow/.local/lib/python3.11/site-packages/airflow/example_dags/example_dynamic_task_mapping_with_no_taskflow_operators.py for tasks to queue
[2026-06-02T05:20:18.656+0000] {logging_mixin.py:188} INFO - [2026-06-02T05:20:18.654+0000] {dagbag.py:545} INFO - Filling up the DagBag from /home/airflow/.local/lib/python3.11/site-packages/airflow/example_dags/example_dynamic_task_mapping_with_no_taskflow_operators.py
[2026-06-02T05:20:18.685+0000] {processor.py:840} INFO - DAG(s) 'example_dynamic_task_mapping_with_no_taskflow_operators' retrieved from /home/airflow/.local/lib/python3.11/site-packages/airflow/example_dags/example_dynamic_task_mapping_with_no_taskflow_operators.py
[2026-06-02T05:20:18.741+0000] {logging_mixin.py:188} INFO - [2026-06-02T05:20:18.741+0000] {dag.py:3096} INFO - Sync 1 DAGs
[2026-06-02T05:20:18.886+0000] {logging_mixin.py:188} INFO - [2026-06-02T05:20:18.886+0000] {dag.py:3954} INFO - Setting next_dagrun for example_dynamic_task_mapping_with_no_taskflow_operators to 2026-06-01 00:00:00+00:00, run_after=2026-06-02 00:00:00+00:00
[2026-06-02T05:20:18.985+0000] {processor.py:183} INFO - Processing /home/airflow/.local/lib/python3.11/site-packages/airflow/example_dags/example_dynamic_task_mapping_with_no_taskflow_operators.py took 0.395 seconds
[2026-06-02T05:20:50.065+0000] {processor.py:161} INFO - Started process (PID=17907) to work on /home/airflow/.local/lib/python3.11/site-packages/airflow/example_dags/example_dynamic_task_mapping_with_no_taskflow_operators.py
[2026-06-02T05:20:50.080+0000] {processor.py:830} INFO - Processing file /home/airflow/.local/lib/python3.11/site-packages/airflow/example_dags/example_dynamic_task_mapping_with_no_taskflow_operators.py for tasks to queue
[2026-06-02T05:20:50.087+0000] {logging_mixin.py:188} INFO - [2026-06-02T05:20:50.087+0000] {dagbag.py:545} INFO - Filling up the DagBag from /home/airflow/.local/lib/python3.11/site-packages/airflow/example_dags/example_dynamic_task_mapping_with_no_taskflow_operators.py
[2026-06-02T05:20:50.123+0000] {processor.py:840} INFO - DAG(s) 'example_dynamic_task_mapping_with_no_taskflow_operators' retrieved from /home/airflow/.local/lib/python3.11/site-packages/airflow/example_dags/example_dynamic_task_mapping_with_no_taskflow_operators.py
[2026-06-02T05:20:50.212+0000] {logging_mixin.py:188} INFO - [2026-06-02T05:20:50.211+0000] {dag.py:3096} INFO - Sync 1 DAGs
[2026-06-02T05:20:50.321+0000] {logging_mixin.py:188} INFO - [2026-06-02T05:20:50.321+0000] {dag.py:3954} INFO - Setting next_dagrun for example_dynamic_task_mapping_with_no_taskflow_operators to 2026-06-01 00:00:00+00:00, run_after=2026-06-02 00:00:00+00:00
[2026-06-02T05:20:50.433+0000] {processor.py:183} INFO - Processing /home/airflow/.local/lib/python3.11/site-packages/airflow/example_dags/example_dynamic_task_mapping_with_no_taskflow_operators.py took 0.387 seconds
[2026-06-02T05:21:20.828+0000] {processor.py:161} INFO - Started process (PID=18171) to work on /home/airflow/.local/lib/python3.11/site-packages/airflow/example_dags/example_dynamic_task_mapping_with_no_taskflow_operators.py
[2026-06-02T05:21:20.837+0000] {processor.py:830} INFO - Processing file /home/airflow/.local/lib/python3.11/site-packages/airflow/example_dags/example_dynamic_task_mapping_with_no_taskflow_operators.py for tasks to queue
[2026-06-02T05:21:20.858+0000] {logging_mixin.py:188} INFO - [2026-06-02T05:21:20.857+0000] {dagbag.py:545} INFO - Filling up the DagBag from /home/airflow/.local/lib/python3.11/site-packages/airflow/example_dags/example_dynamic_task_mapping_with_no_taskflow_operators.py
[2026-06-02T05:21:20.901+0000] {processor.py:840} INFO - DAG(s) 'example_dynamic_task_mapping_with_no_taskflow_operators' retrieved from /home/airflow/.local/lib/python3.11/site-packages/airflow/example_dags/example_dynamic_task_mapping_with_no_taskflow_operators.py
[2026-06-02T05:21:21.034+0000] {logging_mixin.py:188} INFO - [2026-06-02T05:21:21.033+0000] {dag.py:3096} INFO - Sync 1 DAGs
[2026-06-02T05:21:21.170+0000] {logging_mixin.py:188} INFO - [2026-06-02T05:21:21.170+0000] {dag.py:3954} INFO - Setting next_dagrun for example_dynamic_task_mapping_with_no_taskflow_operators to 2026-06-01 00:00:00+00:00, run_after=2026-06-02 00:00:00+00:00
[2026-06-02T05:21:21.273+0000] {processor.py:183} INFO - Processing /home/airflow/.local/lib/python3.11/site-packages/airflow/example_dags/example_dynamic_task_mapping_with_no_taskflow_operators.py took 0.474 seconds
[2026-06-02T05:21:51.881+0000] {processor.py:161} INFO - Started process (PID=18448) to work on /home/airflow/.local/lib/python3.11/site-packages/airflow/example_dags/example_dynamic_task_mapping_with_no_taskflow_operators.py
[2026-06-02T05:21:51.899+0000] {processor.py:830} INFO - Processing file /home/airflow/.local/lib/python3.11/site-packages/airflow/example_dags/example_dynamic_task_mapping_with_no_taskflow_operators.py for tasks to queue
[2026-06-02T05:21:51.912+0000] {logging_mixin.py:188} INFO - [2026-06-02T05:21:51.911+0000] {dagbag.py:545} INFO - Filling up the DagBag from /home/airflow/.local/lib/python3.11/site-packages/airflow/example_dags/example_dynamic_task_mapping_with_no_taskflow_operators.py
[2026-06-02T05:21:51.942+0000] {processor.py:840} INFO - DAG(s) 'example_dynamic_task_mapping_with_no_taskflow_operators' retrieved from /home/airflow/.local/lib/python3.11/site-packages/airflow/example_dags/example_dynamic_task_mapping_with_no_taskflow_operators.py
[2026-06-02T05:21:52.024+0000] {logging_mixin.py:188} INFO - [2026-06-02T05:21:52.023+0000] {dag.py:3096} INFO - Sync 1 DAGs
[2026-06-02T05:21:52.177+0000] {logging_mixin.py:188} INFO - [2026-06-02T05:21:52.177+0000] {dag.py:3954} INFO - Setting next_dagrun for example_dynamic_task_mapping_with_no_taskflow_operators to 2026-06-01 00:00:00+00:00, run_after=2026-06-02 00:00:00+00:00
[2026-06-02T05:21:52.281+0000] {processor.py:183} INFO - Processing /home/airflow/.local/lib/python3.11/site-packages/airflow/example_dags/example_dynamic_task_mapping_with_no_taskflow_operators.py took 0.423 seconds
[2026-06-02T05:22:22.538+0000] {processor.py:161} INFO - Started process (PID=18721) to work on /home/airflow/.local/lib/python3.11/site-packages/airflow/example_dags/example_dynamic_task_mapping_with_no_taskflow_operators.py
[2026-06-02T05:22:22.560+0000] {processor.py:830} INFO - Processing file /home/airflow/.local/lib/python3.11/site-packages/airflow/example_dags/example_dynamic_task_mapping_with_no_taskflow_operators.py for tasks to queue
[2026-06-02T05:22:22.579+0000] {logging_mixin.py:188} INFO - [2026-06-02T05:22:22.579+0000] {dagbag.py:545} INFO - Filling up the DagBag from /home/airflow/.local/lib/python3.11/site-packages/airflow/example_dags/example_dynamic_task_mapping_with_no_taskflow_operators.py
[2026-06-02T05:22:22.649+0000] {processor.py:840} INFO - DAG(s) 'example_dynamic_task_mapping_with_no_taskflow_operators' retrieved from /home/airflow/.local/lib/python3.11/site-packages/airflow/example_dags/example_dynamic_task_mapping_with_no_taskflow_operators.py
[2026-06-02T05:22:22.748+0000] {logging_mixin.py:188} INFO - [2026-06-02T05:22:22.747+0000] {dag.py:3096} INFO - Sync 1 DAGs
[2026-06-02T05:22:22.927+0000] {logging_mixin.py:188} INFO - [2026-06-02T05:22:22.897+0000] {dag.py:3954} INFO - Setting next_dagrun for example_dynamic_task_mapping_with_no_taskflow_operators to 2026-06-01 00:00:00+00:00, run_after=2026-06-02 00:00:00+00:00
[2026-06-02T05:22:23.047+0000] {processor.py:183} INFO - Processing /home/airflow/.local/lib/python3.11/site-packages/airflow/example_dags/example_dynamic_task_mapping_with_no_taskflow_operators.py took 0.543 seconds
[2026-06-02T05:22:54.920+0000] {processor.py:161} INFO - Started process (PID=19003) to work on /home/airflow/.local/lib/python3.11/site-packages/airflow/example_dags/example_dynamic_task_mapping_with_no_taskflow_operators.py
[2026-06-02T05:22:54.965+0000] {processor.py:830} INFO - Processing file /home/airflow/.local/lib/python3.11/site-packages/airflow/example_dags/example_dynamic_task_mapping_with_no_taskflow_operators.py for tasks to queue
[2026-06-02T05:22:54.981+0000] {logging_mixin.py:188} INFO - [2026-06-02T05:22:54.981+0000] {dagbag.py:545} INFO - Filling up the DagBag from /home/airflow/.local/lib/python3.11/site-packages/airflow/example_dags/example_dynamic_task_mapping_with_no_taskflow_operators.py
[2026-06-02T05:22:55.020+0000] {processor.py:840} INFO - DAG(s) 'example_dynamic_task_mapping_with_no_taskflow_operators' retrieved from /home/airflow/.local/lib/python3.11/site-packages/airflow/example_dags/example_dynamic_task_mapping_with_no_taskflow_operators.py
[2026-06-02T05:22:55.145+0000] {logging_mixin.py:188} INFO - [2026-06-02T05:22:55.144+0000] {dag.py:3096} INFO - Sync 1 DAGs
[2026-06-02T05:22:55.326+0000] {logging_mixin.py:188} INFO - [2026-06-02T05:22:55.326+0000] {dag.py:3954} INFO - Setting next_dagrun for example_dynamic_task_mapping_with_no_taskflow_operators to 2026-06-01 00:00:00+00:00, run_after=2026-06-02 00:00:00+00:00
[2026-06-02T05:22:55.493+0000] {processor.py:183} INFO - Processing /home/airflow/.local/lib/python3.11/site-packages/airflow/example_dags/example_dynamic_task_mapping_with_no_taskflow_operators.py took 0.605 seconds
[2026-06-02T05:23:28.501+0000] {processor.py:161} INFO - Started process (PID=19271) to work on /home/airflow/.local/lib/python3.11/site-packages/airflow/example_dags/example_dynamic_task_mapping_with_no_taskflow_operators.py
[2026-06-02T05:23:28.506+0000] {processor.py:830} INFO - Processing file /home/airflow/.local/lib/python3.11/site-packages/airflow/example_dags/example_dynamic_task_mapping_with_no_taskflow_operators.py for tasks to queue
[2026-06-02T05:23:28.516+0000] {logging_mixin.py:188} INFO - [2026-06-02T05:23:28.515+0000] {dagbag.py:545} INFO - Filling up the DagBag from /home/airflow/.local/lib/python3.11/site-packages/airflow/example_dags/example_dynamic_task_mapping_with_no_taskflow_operators.py
[2026-06-02T05:23:28.533+0000] {processor.py:840} INFO - DAG(s) 'example_dynamic_task_mapping_with_no_taskflow_operators' retrieved from /home/airflow/.local/lib/python3.11/site-packages/airflow/example_dags/example_dynamic_task_mapping_with_no_taskflow_operators.py
[2026-06-02T05:23:28.603+0000] {logging_mixin.py:188} INFO - [2026-06-02T05:23:28.602+0000] {dag.py:3096} INFO - Sync 1 DAGs
[2026-06-02T05:23:28.656+0000] {logging_mixin.py:188} INFO - [2026-06-02T05:23:28.656+0000] {dag.py:3954} INFO - Setting next_dagrun for example_dynamic_task_mapping_with_no_taskflow_operators to 2026-06-01 00:00:00+00:00, run_after=2026-06-02 00:00:00+00:00
[2026-06-02T05:23:28.766+0000] {processor.py:183} INFO - Processing /home/airflow/.local/lib/python3.11/site-packages/airflow/example_dags/example_dynamic_task_mapping_with_no_taskflow_operators.py took 0.287 seconds
[2026-06-02T05:23:59.130+0000] {processor.py:161} INFO - Started process (PID=19535) to work on /home/airflow/.local/lib/python3.11/site-packages/airflow/example_dags/example_dynamic_task_mapping_with_no_taskflow_operators.py
[2026-06-02T05:23:59.132+0000] {processor.py:830} INFO - Processing file /home/airflow/.local/lib/python3.11/site-packages/airflow/example_dags/example_dynamic_task_mapping_with_no_taskflow_operators.py for tasks to queue
[2026-06-02T05:23:59.155+0000] {logging_mixin.py:188} INFO - [2026-06-02T05:23:59.154+0000] {dagbag.py:545} INFO - Filling up the DagBag from /home/airflow/.local/lib/python3.11/site-packages/airflow/example_dags/example_dynamic_task_mapping_with_no_taskflow_operators.py
[2026-06-02T05:23:59.176+0000] {processor.py:840} INFO - DAG(s) 'example_dynamic_task_mapping_with_no_taskflow_operators' retrieved from /home/airflow/.local/lib/python3.11/site-packages/airflow/example_dags/example_dynamic_task_mapping_with_no_taskflow_operators.py
[2026-06-02T05:23:59.280+0000] {logging_mixin.py:188} INFO - [2026-06-02T05:23:59.280+0000] {dag.py:3096} INFO - Sync 1 DAGs
[2026-06-02T05:23:59.328+0000] {logging_mixin.py:188} INFO - [2026-06-02T05:23:59.328+0000] {dag.py:3954} INFO - Setting next_dagrun for example_dynamic_task_mapping_with_no_taskflow_operators to 2026-06-01 00:00:00+00:00, run_after=2026-06-02 00:00:00+00:00
[2026-06-02T05:23:59.364+0000] {processor.py:183} INFO - Processing /home/airflow/.local/lib/python3.11/site-packages/airflow/example_dags/example_dynamic_task_mapping_with_no_taskflow_operators.py took 0.294 seconds
[2026-06-02T05:24:30.463+0000] {processor.py:161} INFO - Started process (PID=19809) to work on /home/airflow/.local/lib/python3.11/site-packages/airflow/example_dags/example_dynamic_task_mapping_with_no_taskflow_operators.py
[2026-06-02T05:24:30.470+0000] {processor.py:830} INFO - Processing file /home/airflow/.local/lib/python3.11/site-packages/airflow/example_dags/example_dynamic_task_mapping_with_no_taskflow_operators.py for tasks to queue
[2026-06-02T05:24:30.478+0000] {logging_mixin.py:188} INFO - [2026-06-02T05:24:30.478+0000] {dagbag.py:545} INFO - Filling up the DagBag from /home/airflow/.local/lib/python3.11/site-packages/airflow/example_dags/example_dynamic_task_mapping_with_no_taskflow_operators.py
[2026-06-02T05:24:30.508+0000] {processor.py:840} INFO - DAG(s) 'example_dynamic_task_mapping_with_no_taskflow_operators' retrieved from /home/airflow/.local/lib/python3.11/site-packages/airflow/example_dags/example_dynamic_task_mapping_with_no_taskflow_operators.py
[2026-06-02T05:24:30.575+0000] {logging_mixin.py:188} INFO - [2026-06-02T05:24:30.574+0000] {dag.py:3096} INFO - Sync 1 DAGs
[2026-06-02T05:24:30.764+0000] {logging_mixin.py:188} INFO - [2026-06-02T05:24:30.764+0000] {dag.py:3954} INFO - Setting next_dagrun for example_dynamic_task_mapping_with_no_taskflow_operators to 2026-06-01 00:00:00+00:00, run_after=2026-06-02 00:00:00+00:00
[2026-06-02T05:24:30.888+0000] {processor.py:183} INFO - Processing /home/airflow/.local/lib/python3.11/site-packages/airflow/example_dags/example_dynamic_task_mapping_with_no_taskflow_operators.py took 0.589 seconds
[2026-06-02T05:25:01.639+0000] {processor.py:161} INFO - Started process (PID=20083) to work on /home/airflow/.local/lib/python3.11/site-packages/airflow/example_dags/example_dynamic_task_mapping_with_no_taskflow_operators.py
[2026-06-02T05:25:01.658+0000] {processor.py:830} INFO - Processing file /home/airflow/.local/lib/python3.11/site-packages/airflow/example_dags/example_dynamic_task_mapping_with_no_taskflow_operators.py for tasks to queue
[2026-06-02T05:25:01.678+0000] {logging_mixin.py:188} INFO - [2026-06-02T05:25:01.678+0000] {dagbag.py:545} INFO - Filling up the DagBag from /home/airflow/.local/lib/python3.11/site-packages/airflow/example_dags/example_dynamic_task_mapping_with_no_taskflow_operators.py
[2026-06-02T05:25:01.762+0000] {processor.py:840} INFO - DAG(s) 'example_dynamic_task_mapping_with_no_taskflow_operators' retrieved from /home/airflow/.local/lib/python3.11/site-packages/airflow/example_dags/example_dynamic_task_mapping_with_no_taskflow_operators.py
[2026-06-02T05:25:01.894+0000] {logging_mixin.py:188} INFO - [2026-06-02T05:25:01.894+0000] {dag.py:3096} INFO - Sync 1 DAGs
[2026-06-02T05:25:02.014+0000] {logging_mixin.py:188} INFO - [2026-06-02T05:25:02.013+0000] {dag.py:3954} INFO - Setting next_dagrun for example_dynamic_task_mapping_with_no_taskflow_operators to 2026-06-01 00:00:00+00:00, run_after=2026-06-02 00:00:00+00:00
[2026-06-02T05:25:02.236+0000] {processor.py:183} INFO - Processing /home/airflow/.local/lib/python3.11/site-packages/airflow/example_dags/example_dynamic_task_mapping_with_no_taskflow_operators.py took 0.644 seconds
[2026-06-02T05:25:39.286+0000] {processor.py:161} INFO - Started process (PID=20364) to work on /home/airflow/.local/lib/python3.11/site-packages/airflow/example_dags/example_dynamic_task_mapping_with_no_taskflow_operators.py
[2026-06-02T05:25:39.295+0000] {processor.py:830} INFO - Processing file /home/airflow/.local/lib/python3.11/site-packages/airflow/example_dags/example_dynamic_task_mapping_with_no_taskflow_operators.py for tasks to queue
[2026-06-02T05:25:39.341+0000] {logging_mixin.py:188} INFO - [2026-06-02T05:25:39.341+0000] {dagbag.py:545} INFO - Filling up the DagBag from /home/airflow/.local/lib/python3.11/site-packages/airflow/example_dags/example_dynamic_task_mapping_with_no_taskflow_operators.py
[2026-06-02T05:25:39.362+0000] {processor.py:840} INFO - DAG(s) 'example_dynamic_task_mapping_with_no_taskflow_operators' retrieved from /home/airflow/.local/lib/python3.11/site-packages/airflow/example_dags/example_dynamic_task_mapping_with_no_taskflow_operators.py
[2026-06-02T05:25:39.490+0000] {logging_mixin.py:188} INFO - [2026-06-02T05:25:39.490+0000] {dag.py:3096} INFO - Sync 1 DAGs
[2026-06-02T05:25:39.656+0000] {logging_mixin.py:188} INFO - [2026-06-02T05:25:39.656+0000] {dag.py:3954} INFO - Setting next_dagrun for example_dynamic_task_mapping_with_no_taskflow_operators to 2026-06-01 00:00:00+00:00, run_after=2026-06-02 00:00:00+00:00
[2026-06-02T05:25:39.780+0000] {processor.py:183} INFO - Processing /home/airflow/.local/lib/python3.11/site-packages/airflow/example_dags/example_dynamic_task_mapping_with_no_taskflow_operators.py took 0.510 seconds
[2026-06-02T05:26:15.091+0000] {processor.py:161} INFO - Started process (PID=20614) to work on /home/airflow/.local/lib/python3.11/site-packages/airflow/example_dags/example_dynamic_task_mapping_with_no_taskflow_operators.py
[2026-06-02T05:26:15.097+0000] {processor.py:830} INFO - Processing file /home/airflow/.local/lib/python3.11/site-packages/airflow/example_dags/example_dynamic_task_mapping_with_no_taskflow_operators.py for tasks to queue
[2026-06-02T05:26:15.100+0000] {logging_mixin.py:188} INFO - [2026-06-02T05:26:15.099+0000] {dagbag.py:545} INFO - Filling up the DagBag from /home/airflow/.local/lib/python3.11/site-packages/airflow/example_dags/example_dynamic_task_mapping_with_no_taskflow_operators.py
[2026-06-02T05:26:15.116+0000] {processor.py:840} INFO - DAG(s) 'example_dynamic_task_mapping_with_no_taskflow_operators' retrieved from /home/airflow/.local/lib/python3.11/site-packages/airflow/example_dags/example_dynamic_task_mapping_with_no_taskflow_operators.py
[2026-06-02T05:26:15.212+0000] {logging_mixin.py:188} INFO - [2026-06-02T05:26:15.212+0000] {dag.py:3096} INFO - Sync 1 DAGs
[2026-06-02T05:26:15.375+0000] {logging_mixin.py:188} INFO - [2026-06-02T05:26:15.375+0000] {dag.py:3954} INFO - Setting next_dagrun for example_dynamic_task_mapping_with_no_taskflow_operators to 2026-06-01 00:00:00+00:00, run_after=2026-06-02 00:00:00+00:00
[2026-06-02T05:26:15.496+0000] {processor.py:183} INFO - Processing /home/airflow/.local/lib/python3.11/site-packages/airflow/example_dags/example_dynamic_task_mapping_with_no_taskflow_operators.py took 0.423 seconds
[2026-06-02T05:26:47.097+0000] {processor.py:161} INFO - Started process (PID=20882) to work on /home/airflow/.local/lib/python3.11/site-packages/airflow/example_dags/example_dynamic_task_mapping_with_no_taskflow_operators.py
[2026-06-02T05:26:47.099+0000] {processor.py:830} INFO - Processing file /home/airflow/.local/lib/python3.11/site-packages/airflow/example_dags/example_dynamic_task_mapping_with_no_taskflow_operators.py for tasks to queue
[2026-06-02T05:26:47.105+0000] {logging_mixin.py:188} INFO - [2026-06-02T05:26:47.105+0000] {dagbag.py:545} INFO - Filling up the DagBag from /home/airflow/.local/lib/python3.11/site-packages/airflow/example_dags/example_dynamic_task_mapping_with_no_taskflow_operators.py
[2026-06-02T05:26:47.117+0000] {processor.py:840} INFO - DAG(s) 'example_dynamic_task_mapping_with_no_taskflow_operators' retrieved from /home/airflow/.local/lib/python3.11/site-packages/airflow/example_dags/example_dynamic_task_mapping_with_no_taskflow_operators.py
[2026-06-02T05:26:47.162+0000] {logging_mixin.py:188} INFO - [2026-06-02T05:26:47.161+0000] {dag.py:3096} INFO - Sync 1 DAGs
[2026-06-02T05:26:47.218+0000] {logging_mixin.py:188} INFO - [2026-06-02T05:26:47.218+0000] {dag.py:3954} INFO - Setting next_dagrun for example_dynamic_task_mapping_with_no_taskflow_operators to 2026-06-01 00:00:00+00:00, run_after=2026-06-02 00:00:00+00:00
[2026-06-02T05:26:47.271+0000] {processor.py:183} INFO - Processing /home/airflow/.local/lib/python3.11/site-packages/airflow/example_dags/example_dynamic_task_mapping_with_no_taskflow_operators.py took 0.192 seconds
[2026-06-02T05:27:19.052+0000] {processor.py:161} INFO - Started process (PID=21152) to work on /home/airflow/.local/lib/python3.11/site-packages/airflow/example_dags/example_dynamic_task_mapping_with_no_taskflow_operators.py
[2026-06-02T05:27:19.054+0000] {processor.py:830} INFO - Processing file /home/airflow/.local/lib/python3.11/site-packages/airflow/example_dags/example_dynamic_task_mapping_with_no_taskflow_operators.py for tasks to queue
[2026-06-02T05:27:19.064+0000] {logging_mixin.py:188} INFO - [2026-06-02T05:27:19.063+0000] {dagbag.py:545} INFO - Filling up the DagBag from /home/airflow/.local/lib/python3.11/site-packages/airflow/example_dags/example_dynamic_task_mapping_with_no_taskflow_operators.py
[2026-06-02T05:27:19.078+0000] {processor.py:840} INFO - DAG(s) 'example_dynamic_task_mapping_with_no_taskflow_operators' retrieved from /home/airflow/.local/lib/python3.11/site-packages/airflow/example_dags/example_dynamic_task_mapping_with_no_taskflow_operators.py
[2026-06-02T05:27:19.110+0000] {logging_mixin.py:188} INFO - [2026-06-02T05:27:19.109+0000] {dag.py:3096} INFO - Sync 1 DAGs
[2026-06-02T05:27:19.157+0000] {logging_mixin.py:188} INFO - [2026-06-02T05:27:19.157+0000] {dag.py:3954} INFO - Setting next_dagrun for example_dynamic_task_mapping_with_no_taskflow_operators to 2026-06-01 00:00:00+00:00, run_after=2026-06-02 00:00:00+00:00
[2026-06-02T05:27:19.229+0000] {processor.py:183} INFO - Processing /home/airflow/.local/lib/python3.11/site-packages/airflow/example_dags/example_dynamic_task_mapping_with_no_taskflow_operators.py took 0.193 seconds
[2026-06-02T05:27:50.153+0000] {processor.py:161} INFO - Started process (PID=21428) to work on /home/airflow/.local/lib/python3.11/site-packages/airflow/example_dags/example_dynamic_task_mapping_with_no_taskflow_operators.py
[2026-06-02T05:27:50.186+0000] {processor.py:830} INFO - Processing file /home/airflow/.local/lib/python3.11/site-packages/airflow/example_dags/example_dynamic_task_mapping_with_no_taskflow_operators.py for tasks to queue
[2026-06-02T05:27:50.248+0000] {logging_mixin.py:188} INFO - [2026-06-02T05:27:50.248+0000] {dagbag.py:545} INFO - Filling up the DagBag from /home/airflow/.local/lib/python3.11/site-packages/airflow/example_dags/example_dynamic_task_mapping_with_no_taskflow_operators.py
[2026-06-02T05:27:50.293+0000] {processor.py:840} INFO - DAG(s) 'example_dynamic_task_mapping_with_no_taskflow_operators' retrieved from /home/airflow/.local/lib/python3.11/site-packages/airflow/example_dags/example_dynamic_task_mapping_with_no_taskflow_operators.py
[2026-06-02T05:27:50.387+0000] {logging_mixin.py:188} INFO - [2026-06-02T05:27:50.387+0000] {dag.py:3096} INFO - Sync 1 DAGs
[2026-06-02T05:27:50.512+0000] {logging_mixin.py:188} INFO - [2026-06-02T05:27:50.511+0000] {dag.py:3954} INFO - Setting next_dagrun for example_dynamic_task_mapping_with_no_taskflow_operators to 2026-06-01 00:00:00+00:00, run_after=2026-06-02 00:00:00+00:00
[2026-06-02T05:27:50.581+0000] {processor.py:183} INFO - Processing /home/airflow/.local/lib/python3.11/site-packages/airflow/example_dags/example_dynamic_task_mapping_with_no_taskflow_operators.py took 0.492 seconds
[2026-06-02T05:28:22.043+0000] {processor.py:161} INFO - Started process (PID=21698) to work on /home/airflow/.local/lib/python3.11/site-packages/airflow/example_dags/example_dynamic_task_mapping_with_no_taskflow_operators.py
[2026-06-02T05:28:22.067+0000] {processor.py:830} INFO - Processing file /home/airflow/.local/lib/python3.11/site-packages/airflow/example_dags/example_dynamic_task_mapping_with_no_taskflow_operators.py for tasks to queue
[2026-06-02T05:28:22.080+0000] {logging_mixin.py:188} INFO - [2026-06-02T05:28:22.079+0000] {dagbag.py:545} INFO - Filling up the DagBag from /home/airflow/.local/lib/python3.11/site-packages/airflow/example_dags/example_dynamic_task_mapping_with_no_taskflow_operators.py
[2026-06-02T05:28:22.149+0000] {processor.py:840} INFO - DAG(s) 'example_dynamic_task_mapping_with_no_taskflow_operators' retrieved from /home/airflow/.local/lib/python3.11/site-packages/airflow/example_dags/example_dynamic_task_mapping_with_no_taskflow_operators.py
[2026-06-02T05:28:22.344+0000] {logging_mixin.py:188} INFO - [2026-06-02T05:28:22.344+0000] {dag.py:3096} INFO - Sync 1 DAGs
[2026-06-02T05:28:22.528+0000] {logging_mixin.py:188} INFO - [2026-06-02T05:28:22.528+0000] {dag.py:3954} INFO - Setting next_dagrun for example_dynamic_task_mapping_with_no_taskflow_operators to 2026-06-01 00:00:00+00:00, run_after=2026-06-02 00:00:00+00:00
[2026-06-02T05:28:22.763+0000] {processor.py:183} INFO - Processing /home/airflow/.local/lib/python3.11/site-packages/airflow/example_dags/example_dynamic_task_mapping_with_no_taskflow_operators.py took 0.811 seconds
[2026-06-02T05:28:55.811+0000] {processor.py:161} INFO - Started process (PID=21965) to work on /home/airflow/.local/lib/python3.11/site-packages/airflow/example_dags/example_dynamic_task_mapping_with_no_taskflow_operators.py
[2026-06-02T05:28:55.839+0000] {processor.py:830} INFO - Processing file /home/airflow/.local/lib/python3.11/site-packages/airflow/example_dags/example_dynamic_task_mapping_with_no_taskflow_operators.py for tasks to queue
[2026-06-02T05:28:55.857+0000] {logging_mixin.py:188} INFO - [2026-06-02T05:28:55.856+0000] {dagbag.py:545} INFO - Filling up the DagBag from /home/airflow/.local/lib/python3.11/site-packages/airflow/example_dags/example_dynamic_task_mapping_with_no_taskflow_operators.py
[2026-06-02T05:28:55.931+0000] {processor.py:840} INFO - DAG(s) 'example_dynamic_task_mapping_with_no_taskflow_operators' retrieved from /home/airflow/.local/lib/python3.11/site-packages/airflow/example_dags/example_dynamic_task_mapping_with_no_taskflow_operators.py
[2026-06-02T05:28:56.100+0000] {logging_mixin.py:188} INFO - [2026-06-02T05:28:56.100+0000] {dag.py:3096} INFO - Sync 1 DAGs
[2026-06-02T05:28:56.300+0000] {logging_mixin.py:188} INFO - [2026-06-02T05:28:56.300+0000] {dag.py:3954} INFO - Setting next_dagrun for example_dynamic_task_mapping_with_no_taskflow_operators to 2026-06-01 00:00:00+00:00, run_after=2026-06-02 00:00:00+00:00
[2026-06-02T05:28:56.487+0000] {processor.py:183} INFO - Processing /home/airflow/.local/lib/python3.11/site-packages/airflow/example_dags/example_dynamic_task_mapping_with_no_taskflow_operators.py took 0.717 seconds
[2026-06-02T05:29:27.372+0000] {processor.py:161} INFO - Started process (PID=22235) to work on /home/airflow/.local/lib/python3.11/site-packages/airflow/example_dags/example_dynamic_task_mapping_with_no_taskflow_operators.py
[2026-06-02T05:29:27.384+0000] {processor.py:830} INFO - Processing file /home/airflow/.local/lib/python3.11/site-packages/airflow/example_dags/example_dynamic_task_mapping_with_no_taskflow_operators.py for tasks to queue
[2026-06-02T05:29:27.393+0000] {logging_mixin.py:188} INFO - [2026-06-02T05:29:27.392+0000] {dagbag.py:545} INFO - Filling up the DagBag from /home/airflow/.local/lib/python3.11/site-packages/airflow/example_dags/example_dynamic_task_mapping_with_no_taskflow_operators.py
[2026-06-02T05:29:27.446+0000] {processor.py:840} INFO - DAG(s) 'example_dynamic_task_mapping_with_no_taskflow_operators' retrieved from /home/airflow/.local/lib/python3.11/site-packages/airflow/example_dags/example_dynamic_task_mapping_with_no_taskflow_operators.py
[2026-06-02T05:29:27.605+0000] {logging_mixin.py:188} INFO - [2026-06-02T05:29:27.604+0000] {dag.py:3096} INFO - Sync 1 DAGs
[2026-06-02T05:29:27.703+0000] {logging_mixin.py:188} INFO - [2026-06-02T05:29:27.703+0000] {dag.py:3954} INFO - Setting next_dagrun for example_dynamic_task_mapping_with_no_taskflow_operators to 2026-06-01 00:00:00+00:00, run_after=2026-06-02 00:00:00+00:00
[2026-06-02T05:29:27.765+0000] {processor.py:183} INFO - Processing /home/airflow/.local/lib/python3.11/site-packages/airflow/example_dags/example_dynamic_task_mapping_with_no_taskflow_operators.py took 0.569 seconds
[2026-06-02T05:29:58.478+0000] {processor.py:161} INFO - Started process (PID=22525) to work on /home/airflow/.local/lib/python3.11/site-packages/airflow/example_dags/example_dynamic_task_mapping_with_no_taskflow_operators.py
[2026-06-02T05:29:58.497+0000] {processor.py:830} INFO - Processing file /home/airflow/.local/lib/python3.11/site-packages/airflow/example_dags/example_dynamic_task_mapping_with_no_taskflow_operators.py for tasks to queue
[2026-06-02T05:29:58.510+0000] {logging_mixin.py:188} INFO - [2026-06-02T05:29:58.509+0000] {dagbag.py:545} INFO - Filling up the DagBag from /home/airflow/.local/lib/python3.11/site-packages/airflow/example_dags/example_dynamic_task_mapping_with_no_taskflow_operators.py
[2026-06-02T05:29:58.616+0000] {processor.py:840} INFO - DAG(s) 'example_dynamic_task_mapping_with_no_taskflow_operators' retrieved from /home/airflow/.local/lib/python3.11/site-packages/airflow/example_dags/example_dynamic_task_mapping_with_no_taskflow_operators.py
[2026-06-02T05:29:58.771+0000] {logging_mixin.py:188} INFO - [2026-06-02T05:29:58.771+0000] {dag.py:3096} INFO - Sync 1 DAGs
[2026-06-02T05:29:58.890+0000] {logging_mixin.py:188} INFO - [2026-06-02T05:29:58.890+0000] {dag.py:3954} INFO - Setting next_dagrun for example_dynamic_task_mapping_with_no_taskflow_operators to 2026-06-01 00:00:00+00:00, run_after=2026-06-02 00:00:00+00:00
[2026-06-02T05:29:58.966+0000] {processor.py:183} INFO - Processing /home/airflow/.local/lib/python3.11/site-packages/airflow/example_dags/example_dynamic_task_mapping_with_no_taskflow_operators.py took 0.518 seconds
[2026-06-02T05:30:29.405+0000] {processor.py:161} INFO - Started process (PID=22801) to work on /home/airflow/.local/lib/python3.11/site-packages/airflow/example_dags/example_dynamic_task_mapping_with_no_taskflow_operators.py
[2026-06-02T05:30:29.420+0000] {processor.py:830} INFO - Processing file /home/airflow/.local/lib/python3.11/site-packages/airflow/example_dags/example_dynamic_task_mapping_with_no_taskflow_operators.py for tasks to queue
[2026-06-02T05:30:29.431+0000] {logging_mixin.py:188} INFO - [2026-06-02T05:30:29.430+0000] {dagbag.py:545} INFO - Filling up the DagBag from /home/airflow/.local/lib/python3.11/site-packages/airflow/example_dags/example_dynamic_task_mapping_with_no_taskflow_operators.py
[2026-06-02T05:30:29.484+0000] {processor.py:840} INFO - DAG(s) 'example_dynamic_task_mapping_with_no_taskflow_operators' retrieved from /home/airflow/.local/lib/python3.11/site-packages/airflow/example_dags/example_dynamic_task_mapping_with_no_taskflow_operators.py
[2026-06-02T05:30:29.729+0000] {logging_mixin.py:188} INFO - [2026-06-02T05:30:29.728+0000] {dag.py:3096} INFO - Sync 1 DAGs
[2026-06-02T05:30:30.024+0000] {logging_mixin.py:188} INFO - [2026-06-02T05:30:30.024+0000] {dag.py:3954} INFO - Setting next_dagrun for example_dynamic_task_mapping_with_no_taskflow_operators to 2026-06-01 00:00:00+00:00, run_after=2026-06-02 00:00:00+00:00
[2026-06-02T05:30:30.178+0000] {processor.py:183} INFO - Processing /home/airflow/.local/lib/python3.11/site-packages/airflow/example_dags/example_dynamic_task_mapping_with_no_taskflow_operators.py took 0.828 seconds
[2026-06-02T05:31:04.395+0000] {processor.py:161} INFO - Started process (PID=23030) to work on /home/airflow/.local/lib/python3.11/site-packages/airflow/example_dags/example_dynamic_task_mapping_with_no_taskflow_operators.py
[2026-06-02T05:31:04.413+0000] {processor.py:830} INFO - Processing file /home/airflow/.local/lib/python3.11/site-packages/airflow/example_dags/example_dynamic_task_mapping_with_no_taskflow_operators.py for tasks to queue
[2026-06-02T05:31:04.422+0000] {logging_mixin.py:188} INFO - [2026-06-02T05:31:04.421+0000] {dagbag.py:545} INFO - Filling up the DagBag from /home/airflow/.local/lib/python3.11/site-packages/airflow/example_dags/example_dynamic_task_mapping_with_no_taskflow_operators.py
[2026-06-02T05:31:04.460+0000] {processor.py:840} INFO - DAG(s) 'example_dynamic_task_mapping_with_no_taskflow_operators' retrieved from /home/airflow/.local/lib/python3.11/site-packages/airflow/example_dags/example_dynamic_task_mapping_with_no_taskflow_operators.py
[2026-06-02T05:31:04.546+0000] {logging_mixin.py:188} INFO - [2026-06-02T05:31:04.545+0000] {dag.py:3096} INFO - Sync 1 DAGs
[2026-06-02T05:31:04.759+0000] {logging_mixin.py:188} INFO - [2026-06-02T05:31:04.758+0000] {dag.py:3954} INFO - Setting next_dagrun for example_dynamic_task_mapping_with_no_taskflow_operators to 2026-06-01 00:00:00+00:00, run_after=2026-06-02 00:00:00+00:00
[2026-06-02T05:31:04.930+0000] {processor.py:183} INFO - Processing /home/airflow/.local/lib/python3.11/site-packages/airflow/example_dags/example_dynamic_task_mapping_with_no_taskflow_operators.py took 0.576 seconds
[2026-06-02T05:31:37.454+0000] {processor.py:161} INFO - Started process (PID=23298) to work on /home/airflow/.local/lib/python3.11/site-packages/airflow/example_dags/example_dynamic_task_mapping_with_no_taskflow_operators.py
[2026-06-02T05:31:37.460+0000] {processor.py:830} INFO - Processing file /home/airflow/.local/lib/python3.11/site-packages/airflow/example_dags/example_dynamic_task_mapping_with_no_taskflow_operators.py for tasks to queue
[2026-06-02T05:31:37.466+0000] {logging_mixin.py:188} INFO - [2026-06-02T05:31:37.466+0000] {dagbag.py:545} INFO - Filling up the DagBag from /home/airflow/.local/lib/python3.11/site-packages/airflow/example_dags/example_dynamic_task_mapping_with_no_taskflow_operators.py
[2026-06-02T05:31:37.492+0000] {processor.py:840} INFO - DAG(s) 'example_dynamic_task_mapping_with_no_taskflow_operators' retrieved from /home/airflow/.local/lib/python3.11/site-packages/airflow/example_dags/example_dynamic_task_mapping_with_no_taskflow_operators.py
[2026-06-02T05:31:37.540+0000] {logging_mixin.py:188} INFO - [2026-06-02T05:31:37.540+0000] {dag.py:3096} INFO - Sync 1 DAGs
[2026-06-02T05:31:37.670+0000] {logging_mixin.py:188} INFO - [2026-06-02T05:31:37.670+0000] {dag.py:3954} INFO - Setting next_dagrun for example_dynamic_task_mapping_with_no_taskflow_operators to 2026-06-01 00:00:00+00:00, run_after=2026-06-02 00:00:00+00:00
[2026-06-02T05:31:37.762+0000] {processor.py:183} INFO - Processing /home/airflow/.local/lib/python3.11/site-packages/airflow/example_dags/example_dynamic_task_mapping_with_no_taskflow_operators.py took 0.333 seconds
[2026-06-02T05:32:08.370+0000] {processor.py:161} INFO - Started process (PID=23570) to work on /home/airflow/.local/lib/python3.11/site-packages/airflow/example_dags/example_dynamic_task_mapping_with_no_taskflow_operators.py
[2026-06-02T05:32:08.382+0000] {processor.py:830} INFO - Processing file /home/airflow/.local/lib/python3.11/site-packages/airflow/example_dags/example_dynamic_task_mapping_with_no_taskflow_operators.py for tasks to queue
[2026-06-02T05:32:08.398+0000] {logging_mixin.py:188} INFO - [2026-06-02T05:32:08.398+0000] {dagbag.py:545} INFO - Filling up the DagBag from /home/airflow/.local/lib/python3.11/site-packages/airflow/example_dags/example_dynamic_task_mapping_with_no_taskflow_operators.py
[2026-06-02T05:32:08.455+0000] {processor.py:840} INFO - DAG(s) 'example_dynamic_task_mapping_with_no_taskflow_operators' retrieved from /home/airflow/.local/lib/python3.11/site-packages/airflow/example_dags/example_dynamic_task_mapping_with_no_taskflow_operators.py
[2026-06-02T05:32:08.519+0000] {logging_mixin.py:188} INFO - [2026-06-02T05:32:08.519+0000] {dag.py:3096} INFO - Sync 1 DAGs
[2026-06-02T05:32:08.558+0000] {logging_mixin.py:188} INFO - [2026-06-02T05:32:08.558+0000] {dag.py:3954} INFO - Setting next_dagrun for example_dynamic_task_mapping_with_no_taskflow_operators to 2026-06-01 00:00:00+00:00, run_after=2026-06-02 00:00:00+00:00
[2026-06-02T05:32:08.728+0000] {processor.py:183} INFO - Processing /home/airflow/.local/lib/python3.11/site-packages/airflow/example_dags/example_dynamic_task_mapping_with_no_taskflow_operators.py took 0.398 seconds
[2026-06-02T05:32:38.947+0000] {processor.py:161} INFO - Started process (PID=23844) to work on /home/airflow/.local/lib/python3.11/site-packages/airflow/example_dags/example_dynamic_task_mapping_with_no_taskflow_operators.py
[2026-06-02T05:32:38.949+0000] {processor.py:830} INFO - Processing file /home/airflow/.local/lib/python3.11/site-packages/airflow/example_dags/example_dynamic_task_mapping_with_no_taskflow_operators.py for tasks to queue
[2026-06-02T05:32:38.968+0000] {logging_mixin.py:188} INFO - [2026-06-02T05:32:38.967+0000] {dagbag.py:545} INFO - Filling up the DagBag from /home/airflow/.local/lib/python3.11/site-packages/airflow/example_dags/example_dynamic_task_mapping_with_no_taskflow_operators.py
[2026-06-02T05:32:39.008+0000] {processor.py:840} INFO - DAG(s) 'example_dynamic_task_mapping_with_no_taskflow_operators' retrieved from /home/airflow/.local/lib/python3.11/site-packages/airflow/example_dags/example_dynamic_task_mapping_with_no_taskflow_operators.py
[2026-06-02T05:32:39.083+0000] {logging_mixin.py:188} INFO - [2026-06-02T05:32:39.083+0000] {dag.py:3096} INFO - Sync 1 DAGs
[2026-06-02T05:32:39.337+0000] {logging_mixin.py:188} INFO - [2026-06-02T05:32:39.336+0000] {dag.py:3954} INFO - Setting next_dagrun for example_dynamic_task_mapping_with_no_taskflow_operators to 2026-06-01 00:00:00+00:00, run_after=2026-06-02 00:00:00+00:00
[2026-06-02T05:32:39.547+0000] {processor.py:183} INFO - Processing /home/airflow/.local/lib/python3.11/site-packages/airflow/example_dags/example_dynamic_task_mapping_with_no_taskflow_operators.py took 0.623 seconds
[2026-06-02T05:33:14.220+0000] {processor.py:161} INFO - Started process (PID=24110) to work on /home/airflow/.local/lib/python3.11/site-packages/airflow/example_dags/example_dynamic_task_mapping_with_no_taskflow_operators.py
[2026-06-02T05:33:14.237+0000] {processor.py:830} INFO - Processing file /home/airflow/.local/lib/python3.11/site-packages/airflow/example_dags/example_dynamic_task_mapping_with_no_taskflow_operators.py for tasks to queue
[2026-06-02T05:33:14.241+0000] {logging_mixin.py:188} INFO - [2026-06-02T05:33:14.240+0000] {dagbag.py:545} INFO - Filling up the DagBag from /home/airflow/.local/lib/python3.11/site-packages/airflow/example_dags/example_dynamic_task_mapping_with_no_taskflow_operators.py
[2026-06-02T05:33:14.286+0000] {processor.py:840} INFO - DAG(s) 'example_dynamic_task_mapping_with_no_taskflow_operators' retrieved from /home/airflow/.local/lib/python3.11/site-packages/airflow/example_dags/example_dynamic_task_mapping_with_no_taskflow_operators.py
[2026-06-02T05:33:14.328+0000] {logging_mixin.py:188} INFO - [2026-06-02T05:33:14.327+0000] {dag.py:3096} INFO - Sync 1 DAGs
[2026-06-02T05:33:14.503+0000] {logging_mixin.py:188} INFO - [2026-06-02T05:33:14.502+0000] {dag.py:3954} INFO - Setting next_dagrun for example_dynamic_task_mapping_with_no_taskflow_operators to 2026-06-01 00:00:00+00:00, run_after=2026-06-02 00:00:00+00:00
[2026-06-02T05:33:14.576+0000] {processor.py:183} INFO - Processing /home/airflow/.local/lib/python3.11/site-packages/airflow/example_dags/example_dynamic_task_mapping_with_no_taskflow_operators.py took 0.367 seconds
[2026-06-02T05:33:46.264+0000] {processor.py:161} INFO - Started process (PID=24380) to work on /home/airflow/.local/lib/python3.11/site-packages/airflow/example_dags/example_dynamic_task_mapping_with_no_taskflow_operators.py
[2026-06-02T05:33:46.266+0000] {processor.py:830} INFO - Processing file /home/airflow/.local/lib/python3.11/site-packages/airflow/example_dags/example_dynamic_task_mapping_with_no_taskflow_operators.py for tasks to queue
[2026-06-02T05:33:46.276+0000] {logging_mixin.py:188} INFO - [2026-06-02T05:33:46.276+0000] {dagbag.py:545} INFO - Filling up the DagBag from /home/airflow/.local/lib/python3.11/site-packages/airflow/example_dags/example_dynamic_task_mapping_with_no_taskflow_operators.py
[2026-06-02T05:33:46.304+0000] {processor.py:840} INFO - DAG(s) 'example_dynamic_task_mapping_with_no_taskflow_operators' retrieved from /home/airflow/.local/lib/python3.11/site-packages/airflow/example_dags/example_dynamic_task_mapping_with_no_taskflow_operators.py
[2026-06-02T05:33:46.369+0000] {logging_mixin.py:188} INFO - [2026-06-02T05:33:46.369+0000] {dag.py:3096} INFO - Sync 1 DAGs
[2026-06-02T05:33:46.728+0000] {logging_mixin.py:188} INFO - [2026-06-02T05:33:46.728+0000] {dag.py:3954} INFO - Setting next_dagrun for example_dynamic_task_mapping_with_no_taskflow_operators to 2026-06-01 00:00:00+00:00, run_after=2026-06-02 00:00:00+00:00
[2026-06-02T05:33:47.152+0000] {processor.py:183} INFO - Processing /home/airflow/.local/lib/python3.11/site-packages/airflow/example_dags/example_dynamic_task_mapping_with_no_taskflow_operators.py took 0.920 seconds
[2026-06-02T05:34:19.028+0000] {processor.py:161} INFO - Started process (PID=24644) to work on /home/airflow/.local/lib/python3.11/site-packages/airflow/example_dags/example_dynamic_task_mapping_with_no_taskflow_operators.py
[2026-06-02T05:34:19.042+0000] {processor.py:830} INFO - Processing file /home/airflow/.local/lib/python3.11/site-packages/airflow/example_dags/example_dynamic_task_mapping_with_no_taskflow_operators.py for tasks to queue
[2026-06-02T05:34:19.065+0000] {logging_mixin.py:188} INFO - [2026-06-02T05:34:19.058+0000] {dagbag.py:545} INFO - Filling up the DagBag from /home/airflow/.local/lib/python3.11/site-packages/airflow/example_dags/example_dynamic_task_mapping_with_no_taskflow_operators.py
[2026-06-02T05:34:19.118+0000] {processor.py:840} INFO - DAG(s) 'example_dynamic_task_mapping_with_no_taskflow_operators' retrieved from /home/airflow/.local/lib/python3.11/site-packages/airflow/example_dags/example_dynamic_task_mapping_with_no_taskflow_operators.py
[2026-06-02T05:34:19.193+0000] {logging_mixin.py:188} INFO - [2026-06-02T05:34:19.192+0000] {dag.py:3096} INFO - Sync 1 DAGs
[2026-06-02T05:34:19.333+0000] {logging_mixin.py:188} INFO - [2026-06-02T05:34:19.332+0000] {dag.py:3954} INFO - Setting next_dagrun for example_dynamic_task_mapping_with_no_taskflow_operators to 2026-06-01 00:00:00+00:00, run_after=2026-06-02 00:00:00+00:00
[2026-06-02T05:34:19.495+0000] {processor.py:183} INFO - Processing /home/airflow/.local/lib/python3.11/site-packages/airflow/example_dags/example_dynamic_task_mapping_with_no_taskflow_operators.py took 0.512 seconds
[2026-06-02T05:34:50.233+0000] {processor.py:161} INFO - Started process (PID=24920) to work on /home/airflow/.local/lib/python3.11/site-packages/airflow/example_dags/example_dynamic_task_mapping_with_no_taskflow_operators.py
[2026-06-02T05:34:50.247+0000] {processor.py:830} INFO - Processing file /home/airflow/.local/lib/python3.11/site-packages/airflow/example_dags/example_dynamic_task_mapping_with_no_taskflow_operators.py for tasks to queue
[2026-06-02T05:34:50.256+0000] {logging_mixin.py:188} INFO - [2026-06-02T05:34:50.255+0000] {dagbag.py:545} INFO - Filling up the DagBag from /home/airflow/.local/lib/python3.11/site-packages/airflow/example_dags/example_dynamic_task_mapping_with_no_taskflow_operators.py
[2026-06-02T05:34:50.294+0000] {processor.py:840} INFO - DAG(s) 'example_dynamic_task_mapping_with_no_taskflow_operators' retrieved from /home/airflow/.local/lib/python3.11/site-packages/airflow/example_dags/example_dynamic_task_mapping_with_no_taskflow_operators.py
[2026-06-02T05:34:50.356+0000] {logging_mixin.py:188} INFO - [2026-06-02T05:34:50.355+0000] {dag.py:3096} INFO - Sync 1 DAGs
[2026-06-02T05:34:50.440+0000] {logging_mixin.py:188} INFO - [2026-06-02T05:34:50.440+0000] {dag.py:3954} INFO - Setting next_dagrun for example_dynamic_task_mapping_with_no_taskflow_operators to 2026-06-01 00:00:00+00:00, run_after=2026-06-02 00:00:00+00:00
[2026-06-02T05:34:50.575+0000] {processor.py:183} INFO - Processing /home/airflow/.local/lib/python3.11/site-packages/airflow/example_dags/example_dynamic_task_mapping_with_no_taskflow_operators.py took 0.362 seconds
[2026-06-02T05:35:23.092+0000] {processor.py:161} INFO - Started process (PID=25174) to work on /home/airflow/.local/lib/python3.11/site-packages/airflow/example_dags/example_dynamic_task_mapping_with_no_taskflow_operators.py
[2026-06-02T05:35:23.107+0000] {processor.py:830} INFO - Processing file /home/airflow/.local/lib/python3.11/site-packages/airflow/example_dags/example_dynamic_task_mapping_with_no_taskflow_operators.py for tasks to queue
[2026-06-02T05:35:23.116+0000] {logging_mixin.py:188} INFO - [2026-06-02T05:35:23.115+0000] {dagbag.py:545} INFO - Filling up the DagBag from /home/airflow/.local/lib/python3.11/site-packages/airflow/example_dags/example_dynamic_task_mapping_with_no_taskflow_operators.py
[2026-06-02T05:35:23.148+0000] {processor.py:840} INFO - DAG(s) 'example_dynamic_task_mapping_with_no_taskflow_operators' retrieved from /home/airflow/.local/lib/python3.11/site-packages/airflow/example_dags/example_dynamic_task_mapping_with_no_taskflow_operators.py
[2026-06-02T05:35:23.236+0000] {logging_mixin.py:188} INFO - [2026-06-02T05:35:23.235+0000] {dag.py:3096} INFO - Sync 1 DAGs
[2026-06-02T05:35:23.417+0000] {logging_mixin.py:188} INFO - [2026-06-02T05:35:23.372+0000] {dag.py:3954} INFO - Setting next_dagrun for example_dynamic_task_mapping_with_no_taskflow_operators to 2026-06-01 00:00:00+00:00, run_after=2026-06-02 00:00:00+00:00
[2026-06-02T05:35:23.575+0000] {processor.py:183} INFO - Processing /home/airflow/.local/lib/python3.11/site-packages/airflow/example_dags/example_dynamic_task_mapping_with_no_taskflow_operators.py took 0.516 seconds
[2026-06-02T05:35:58.491+0000] {processor.py:161} INFO - Started process (PID=25430) to work on /home/airflow/.local/lib/python3.11/site-packages/airflow/example_dags/example_dynamic_task_mapping_with_no_taskflow_operators.py
[2026-06-02T05:35:58.509+0000] {processor.py:830} INFO - Processing file /home/airflow/.local/lib/python3.11/site-packages/airflow/example_dags/example_dynamic_task_mapping_with_no_taskflow_operators.py for tasks to queue
[2026-06-02T05:35:58.528+0000] {logging_mixin.py:188} INFO - [2026-06-02T05:35:58.528+0000] {dagbag.py:545} INFO - Filling up the DagBag from /home/airflow/.local/lib/python3.11/site-packages/airflow/example_dags/example_dynamic_task_mapping_with_no_taskflow_operators.py
[2026-06-02T05:35:58.561+0000] {processor.py:840} INFO - DAG(s) 'example_dynamic_task_mapping_with_no_taskflow_operators' retrieved from /home/airflow/.local/lib/python3.11/site-packages/airflow/example_dags/example_dynamic_task_mapping_with_no_taskflow_operators.py
[2026-06-02T05:35:58.632+0000] {logging_mixin.py:188} INFO - [2026-06-02T05:35:58.632+0000] {dag.py:3096} INFO - Sync 1 DAGs
[2026-06-02T05:35:58.803+0000] {logging_mixin.py:188} INFO - [2026-06-02T05:35:58.803+0000] {dag.py:3954} INFO - Setting next_dagrun for example_dynamic_task_mapping_with_no_taskflow_operators to 2026-06-01 00:00:00+00:00, run_after=2026-06-02 00:00:00+00:00
[2026-06-02T05:35:58.975+0000] {processor.py:183} INFO - Processing /home/airflow/.local/lib/python3.11/site-packages/airflow/example_dags/example_dynamic_task_mapping_with_no_taskflow_operators.py took 0.508 seconds
[2026-06-02T05:36:29.309+0000] {processor.py:161} INFO - Started process (PID=25693) to work on /home/airflow/.local/lib/python3.11/site-packages/airflow/example_dags/example_dynamic_task_mapping_with_no_taskflow_operators.py
[2026-06-02T05:36:29.317+0000] {processor.py:830} INFO - Processing file /home/airflow/.local/lib/python3.11/site-packages/airflow/example_dags/example_dynamic_task_mapping_with_no_taskflow_operators.py for tasks to queue
[2026-06-02T05:36:29.322+0000] {logging_mixin.py:188} INFO - [2026-06-02T05:36:29.322+0000] {dagbag.py:545} INFO - Filling up the DagBag from /home/airflow/.local/lib/python3.11/site-packages/airflow/example_dags/example_dynamic_task_mapping_with_no_taskflow_operators.py
[2026-06-02T05:36:29.386+0000] {processor.py:840} INFO - DAG(s) 'example_dynamic_task_mapping_with_no_taskflow_operators' retrieved from /home/airflow/.local/lib/python3.11/site-packages/airflow/example_dags/example_dynamic_task_mapping_with_no_taskflow_operators.py
[2026-06-02T05:36:29.538+0000] {logging_mixin.py:188} INFO - [2026-06-02T05:36:29.538+0000] {dag.py:3096} INFO - Sync 1 DAGs
[2026-06-02T05:36:29.725+0000] {logging_mixin.py:188} INFO - [2026-06-02T05:36:29.711+0000] {dag.py:3954} INFO - Setting next_dagrun for example_dynamic_task_mapping_with_no_taskflow_operators to 2026-06-01 00:00:00+00:00, run_after=2026-06-02 00:00:00+00:00
[2026-06-02T05:36:29.831+0000] {processor.py:183} INFO - Processing /home/airflow/.local/lib/python3.11/site-packages/airflow/example_dags/example_dynamic_task_mapping_with_no_taskflow_operators.py took 0.575 seconds
[2026-06-02T05:37:00.808+0000] {processor.py:161} INFO - Started process (PID=25967) to work on /home/airflow/.local/lib/python3.11/site-packages/airflow/example_dags/example_dynamic_task_mapping_with_no_taskflow_operators.py
[2026-06-02T05:37:00.819+0000] {processor.py:830} INFO - Processing file /home/airflow/.local/lib/python3.11/site-packages/airflow/example_dags/example_dynamic_task_mapping_with_no_taskflow_operators.py for tasks to queue
[2026-06-02T05:37:00.920+0000] {logging_mixin.py:188} INFO - [2026-06-02T05:37:00.920+0000] {dagbag.py:545} INFO - Filling up the DagBag from /home/airflow/.local/lib/python3.11/site-packages/airflow/example_dags/example_dynamic_task_mapping_with_no_taskflow_operators.py
[2026-06-02T05:37:00.993+0000] {processor.py:840} INFO - DAG(s) 'example_dynamic_task_mapping_with_no_taskflow_operators' retrieved from /home/airflow/.local/lib/python3.11/site-packages/airflow/example_dags/example_dynamic_task_mapping_with_no_taskflow_operators.py
[2026-06-02T05:37:01.176+0000] {logging_mixin.py:188} INFO - [2026-06-02T05:37:01.176+0000] {dag.py:3096} INFO - Sync 1 DAGs
[2026-06-02T05:37:01.308+0000] {logging_mixin.py:188} INFO - [2026-06-02T05:37:01.308+0000] {dag.py:3954} INFO - Setting next_dagrun for example_dynamic_task_mapping_with_no_taskflow_operators to 2026-06-01 00:00:00+00:00, run_after=2026-06-02 00:00:00+00:00
[2026-06-02T05:37:01.455+0000] {processor.py:183} INFO - Processing /home/airflow/.local/lib/python3.11/site-packages/airflow/example_dags/example_dynamic_task_mapping_with_no_taskflow_operators.py took 0.661 seconds
[2026-06-02T05:37:32.739+0000] {processor.py:161} INFO - Started process (PID=26251) to work on /home/airflow/.local/lib/python3.11/site-packages/airflow/example_dags/example_dynamic_task_mapping_with_no_taskflow_operators.py
[2026-06-02T05:37:32.757+0000] {processor.py:830} INFO - Processing file /home/airflow/.local/lib/python3.11/site-packages/airflow/example_dags/example_dynamic_task_mapping_with_no_taskflow_operators.py for tasks to queue
[2026-06-02T05:37:32.770+0000] {logging_mixin.py:188} INFO - [2026-06-02T05:37:32.770+0000] {dagbag.py:545} INFO - Filling up the DagBag from /home/airflow/.local/lib/python3.11/site-packages/airflow/example_dags/example_dynamic_task_mapping_with_no_taskflow_operators.py
[2026-06-02T05:37:32.817+0000] {processor.py:840} INFO - DAG(s) 'example_dynamic_task_mapping_with_no_taskflow_operators' retrieved from /home/airflow/.local/lib/python3.11/site-packages/airflow/example_dags/example_dynamic_task_mapping_with_no_taskflow_operators.py
[2026-06-02T05:37:32.923+0000] {logging_mixin.py:188} INFO - [2026-06-02T05:37:32.922+0000] {dag.py:3096} INFO - Sync 1 DAGs
[2026-06-02T05:37:33.060+0000] {logging_mixin.py:188} INFO - [2026-06-02T05:37:33.060+0000] {dag.py:3954} INFO - Setting next_dagrun for example_dynamic_task_mapping_with_no_taskflow_operators to 2026-06-01 00:00:00+00:00, run_after=2026-06-02 00:00:00+00:00
[2026-06-02T05:37:33.197+0000] {processor.py:183} INFO - Processing /home/airflow/.local/lib/python3.11/site-packages/airflow/example_dags/example_dynamic_task_mapping_with_no_taskflow_operators.py took 0.498 seconds
[2026-06-02T05:38:14.468+0000] {processor.py:161} INFO - Started process (PID=26540) to work on /home/airflow/.local/lib/python3.11/site-packages/airflow/example_dags/example_dynamic_task_mapping_with_no_taskflow_operators.py
[2026-06-02T05:38:14.514+0000] {processor.py:830} INFO - Processing file /home/airflow/.local/lib/python3.11/site-packages/airflow/example_dags/example_dynamic_task_mapping_with_no_taskflow_operators.py for tasks to queue
[2026-06-02T05:38:14.531+0000] {logging_mixin.py:188} INFO - [2026-06-02T05:38:14.531+0000] {dagbag.py:545} INFO - Filling up the DagBag from /home/airflow/.local/lib/python3.11/site-packages/airflow/example_dags/example_dynamic_task_mapping_with_no_taskflow_operators.py
[2026-06-02T05:38:14.580+0000] {processor.py:840} INFO - DAG(s) 'example_dynamic_task_mapping_with_no_taskflow_operators' retrieved from /home/airflow/.local/lib/python3.11/site-packages/airflow/example_dags/example_dynamic_task_mapping_with_no_taskflow_operators.py
[2026-06-02T05:38:15.018+0000] {logging_mixin.py:188} INFO - [2026-06-02T05:38:15.009+0000] {dag.py:3096} INFO - Sync 1 DAGs
[2026-06-02T05:38:15.240+0000] {logging_mixin.py:188} INFO - [2026-06-02T05:38:15.239+0000] {dag.py:3954} INFO - Setting next_dagrun for example_dynamic_task_mapping_with_no_taskflow_operators to 2026-06-01 00:00:00+00:00, run_after=2026-06-02 00:00:00+00:00
[2026-06-02T05:38:15.390+0000] {processor.py:183} INFO - Processing /home/airflow/.local/lib/python3.11/site-packages/airflow/example_dags/example_dynamic_task_mapping_with_no_taskflow_operators.py took 0.971 seconds
[2026-06-02T05:39:02.715+0000] {processor.py:161} INFO - Started process (PID=234) to work on /home/airflow/.local/lib/python3.11/site-packages/airflow/example_dags/example_dynamic_task_mapping_with_no_taskflow_operators.py
[2026-06-02T05:39:02.716+0000] {processor.py:830} INFO - Processing file /home/airflow/.local/lib/python3.11/site-packages/airflow/example_dags/example_dynamic_task_mapping_with_no_taskflow_operators.py for tasks to queue
[2026-06-02T05:39:02.719+0000] {logging_mixin.py:188} INFO - [2026-06-02T05:39:02.719+0000] {dagbag.py:545} INFO - Filling up the DagBag from /home/airflow/.local/lib/python3.11/site-packages/airflow/example_dags/example_dynamic_task_mapping_with_no_taskflow_operators.py
[2026-06-02T05:39:02.746+0000] {processor.py:840} INFO - DAG(s) 'example_dynamic_task_mapping_with_no_taskflow_operators' retrieved from /home/airflow/.local/lib/python3.11/site-packages/airflow/example_dags/example_dynamic_task_mapping_with_no_taskflow_operators.py
[2026-06-02T05:39:02.808+0000] {logging_mixin.py:188} INFO - [2026-06-02T05:39:02.807+0000] {dag.py:3096} INFO - Sync 1 DAGs
[2026-06-02T05:39:02.884+0000] {logging_mixin.py:188} INFO - [2026-06-02T05:39:02.884+0000] {dag.py:3954} INFO - Setting next_dagrun for example_dynamic_task_mapping_with_no_taskflow_operators to 2026-06-01 00:00:00+00:00, run_after=2026-06-02 00:00:00+00:00
[2026-06-02T05:39:02.945+0000] {processor.py:183} INFO - Processing /home/airflow/.local/lib/python3.11/site-packages/airflow/example_dags/example_dynamic_task_mapping_with_no_taskflow_operators.py took 0.239 seconds
[2026-06-02T05:39:33.356+0000] {processor.py:161} INFO - Started process (PID=508) to work on /home/airflow/.local/lib/python3.11/site-packages/airflow/example_dags/example_dynamic_task_mapping_with_no_taskflow_operators.py
[2026-06-02T05:39:33.357+0000] {processor.py:830} INFO - Processing file /home/airflow/.local/lib/python3.11/site-packages/airflow/example_dags/example_dynamic_task_mapping_with_no_taskflow_operators.py for tasks to queue
[2026-06-02T05:39:33.359+0000] {logging_mixin.py:188} INFO - [2026-06-02T05:39:33.359+0000] {dagbag.py:545} INFO - Filling up the DagBag from /home/airflow/.local/lib/python3.11/site-packages/airflow/example_dags/example_dynamic_task_mapping_with_no_taskflow_operators.py
[2026-06-02T05:39:33.365+0000] {processor.py:840} INFO - DAG(s) 'example_dynamic_task_mapping_with_no_taskflow_operators' retrieved from /home/airflow/.local/lib/python3.11/site-packages/airflow/example_dags/example_dynamic_task_mapping_with_no_taskflow_operators.py
[2026-06-02T05:39:33.383+0000] {logging_mixin.py:188} INFO - [2026-06-02T05:39:33.383+0000] {dag.py:3096} INFO - Sync 1 DAGs
[2026-06-02T05:39:33.522+0000] {logging_mixin.py:188} INFO - [2026-06-02T05:39:33.522+0000] {dag.py:3954} INFO - Setting next_dagrun for example_dynamic_task_mapping_with_no_taskflow_operators to 2026-06-01 00:00:00+00:00, run_after=2026-06-02 00:00:00+00:00
[2026-06-02T05:39:33.549+0000] {processor.py:183} INFO - Processing /home/airflow/.local/lib/python3.11/site-packages/airflow/example_dags/example_dynamic_task_mapping_with_no_taskflow_operators.py took 0.198 seconds
[2026-06-02T05:40:04.440+0000] {processor.py:161} INFO - Started process (PID=781) to work on /home/airflow/.local/lib/python3.11/site-packages/airflow/example_dags/example_dynamic_task_mapping_with_no_taskflow_operators.py
[2026-06-02T05:40:04.441+0000] {processor.py:830} INFO - Processing file /home/airflow/.local/lib/python3.11/site-packages/airflow/example_dags/example_dynamic_task_mapping_with_no_taskflow_operators.py for tasks to queue
[2026-06-02T05:40:04.443+0000] {logging_mixin.py:188} INFO - [2026-06-02T05:40:04.443+0000] {dagbag.py:545} INFO - Filling up the DagBag from /home/airflow/.local/lib/python3.11/site-packages/airflow/example_dags/example_dynamic_task_mapping_with_no_taskflow_operators.py
[2026-06-02T05:40:04.449+0000] {processor.py:840} INFO - DAG(s) 'example_dynamic_task_mapping_with_no_taskflow_operators' retrieved from /home/airflow/.local/lib/python3.11/site-packages/airflow/example_dags/example_dynamic_task_mapping_with_no_taskflow_operators.py
[2026-06-02T05:40:04.471+0000] {logging_mixin.py:188} INFO - [2026-06-02T05:40:04.470+0000] {dag.py:3096} INFO - Sync 1 DAGs
[2026-06-02T05:40:04.490+0000] {logging_mixin.py:188} INFO - [2026-06-02T05:40:04.489+0000] {dag.py:3954} INFO - Setting next_dagrun for example_dynamic_task_mapping_with_no_taskflow_operators to 2026-06-01 00:00:00+00:00, run_after=2026-06-02 00:00:00+00:00
[2026-06-02T05:40:04.513+0000] {processor.py:183} INFO - Processing /home/airflow/.local/lib/python3.11/site-packages/airflow/example_dags/example_dynamic_task_mapping_with_no_taskflow_operators.py took 0.078 seconds
[2026-06-02T05:40:34.878+0000] {processor.py:161} INFO - Started process (PID=1057) to work on /home/airflow/.local/lib/python3.11/site-packages/airflow/example_dags/example_dynamic_task_mapping_with_no_taskflow_operators.py
[2026-06-02T05:40:34.879+0000] {processor.py:830} INFO - Processing file /home/airflow/.local/lib/python3.11/site-packages/airflow/example_dags/example_dynamic_task_mapping_with_no_taskflow_operators.py for tasks to queue
[2026-06-02T05:40:34.880+0000] {logging_mixin.py:188} INFO - [2026-06-02T05:40:34.880+0000] {dagbag.py:545} INFO - Filling up the DagBag from /home/airflow/.local/lib/python3.11/site-packages/airflow/example_dags/example_dynamic_task_mapping_with_no_taskflow_operators.py
[2026-06-02T05:40:34.886+0000] {processor.py:840} INFO - DAG(s) 'example_dynamic_task_mapping_with_no_taskflow_operators' retrieved from /home/airflow/.local/lib/python3.11/site-packages/airflow/example_dags/example_dynamic_task_mapping_with_no_taskflow_operators.py
[2026-06-02T05:40:34.907+0000] {logging_mixin.py:188} INFO - [2026-06-02T05:40:34.907+0000] {dag.py:3096} INFO - Sync 1 DAGs
[2026-06-02T05:40:34.926+0000] {logging_mixin.py:188} INFO - [2026-06-02T05:40:34.926+0000] {dag.py:3954} INFO - Setting next_dagrun for example_dynamic_task_mapping_with_no_taskflow_operators to 2026-06-01 00:00:00+00:00, run_after=2026-06-02 00:00:00+00:00
[2026-06-02T05:40:34.950+0000] {processor.py:183} INFO - Processing /home/airflow/.local/lib/python3.11/site-packages/airflow/example_dags/example_dynamic_task_mapping_with_no_taskflow_operators.py took 0.079 seconds
[2026-06-02T05:41:05.508+0000] {processor.py:161} INFO - Started process (PID=1355) to work on /home/airflow/.local/lib/python3.11/site-packages/airflow/example_dags/example_dynamic_task_mapping_with_no_taskflow_operators.py
[2026-06-02T05:41:05.509+0000] {processor.py:830} INFO - Processing file /home/airflow/.local/lib/python3.11/site-packages/airflow/example_dags/example_dynamic_task_mapping_with_no_taskflow_operators.py for tasks to queue
[2026-06-02T05:41:05.511+0000] {logging_mixin.py:188} INFO - [2026-06-02T05:41:05.511+0000] {dagbag.py:545} INFO - Filling up the DagBag from /home/airflow/.local/lib/python3.11/site-packages/airflow/example_dags/example_dynamic_task_mapping_with_no_taskflow_operators.py
[2026-06-02T05:41:05.518+0000] {processor.py:840} INFO - DAG(s) 'example_dynamic_task_mapping_with_no_taskflow_operators' retrieved from /home/airflow/.local/lib/python3.11/site-packages/airflow/example_dags/example_dynamic_task_mapping_with_no_taskflow_operators.py
[2026-06-02T05:41:05.537+0000] {logging_mixin.py:188} INFO - [2026-06-02T05:41:05.537+0000] {dag.py:3096} INFO - Sync 1 DAGs
[2026-06-02T05:41:05.557+0000] {logging_mixin.py:188} INFO - [2026-06-02T05:41:05.556+0000] {dag.py:3954} INFO - Setting next_dagrun for example_dynamic_task_mapping_with_no_taskflow_operators to 2026-06-01 00:00:00+00:00, run_after=2026-06-02 00:00:00+00:00
[2026-06-02T05:41:05.581+0000] {processor.py:183} INFO - Processing /home/airflow/.local/lib/python3.11/site-packages/airflow/example_dags/example_dynamic_task_mapping_with_no_taskflow_operators.py took 0.079 seconds
[2026-06-02T05:41:36.015+0000] {processor.py:161} INFO - Started process (PID=1631) to work on /home/airflow/.local/lib/python3.11/site-packages/airflow/example_dags/example_dynamic_task_mapping_with_no_taskflow_operators.py
[2026-06-02T05:41:36.016+0000] {processor.py:830} INFO - Processing file /home/airflow/.local/lib/python3.11/site-packages/airflow/example_dags/example_dynamic_task_mapping_with_no_taskflow_operators.py for tasks to queue
[2026-06-02T05:41:36.018+0000] {logging_mixin.py:188} INFO - [2026-06-02T05:41:36.018+0000] {dagbag.py:545} INFO - Filling up the DagBag from /home/airflow/.local/lib/python3.11/site-packages/airflow/example_dags/example_dynamic_task_mapping_with_no_taskflow_operators.py
[2026-06-02T05:41:36.026+0000] {processor.py:840} INFO - DAG(s) 'example_dynamic_task_mapping_with_no_taskflow_operators' retrieved from /home/airflow/.local/lib/python3.11/site-packages/airflow/example_dags/example_dynamic_task_mapping_with_no_taskflow_operators.py
[2026-06-02T05:41:36.047+0000] {logging_mixin.py:188} INFO - [2026-06-02T05:41:36.047+0000] {dag.py:3096} INFO - Sync 1 DAGs
[2026-06-02T05:41:36.069+0000] {logging_mixin.py:188} INFO - [2026-06-02T05:41:36.069+0000] {dag.py:3954} INFO - Setting next_dagrun for example_dynamic_task_mapping_with_no_taskflow_operators to 2026-06-01 00:00:00+00:00, run_after=2026-06-02 00:00:00+00:00
[2026-06-02T05:41:36.091+0000] {processor.py:183} INFO - Processing /home/airflow/.local/lib/python3.11/site-packages/airflow/example_dags/example_dynamic_task_mapping_with_no_taskflow_operators.py took 0.083 seconds
[2026-06-02T05:42:06.512+0000] {processor.py:161} INFO - Started process (PID=1914) to work on /home/airflow/.local/lib/python3.11/site-packages/airflow/example_dags/example_dynamic_task_mapping_with_no_taskflow_operators.py
[2026-06-02T05:42:06.514+0000] {processor.py:830} INFO - Processing file /home/airflow/.local/lib/python3.11/site-packages/airflow/example_dags/example_dynamic_task_mapping_with_no_taskflow_operators.py for tasks to queue
[2026-06-02T05:42:06.516+0000] {logging_mixin.py:188} INFO - [2026-06-02T05:42:06.516+0000] {dagbag.py:545} INFO - Filling up the DagBag from /home/airflow/.local/lib/python3.11/site-packages/airflow/example_dags/example_dynamic_task_mapping_with_no_taskflow_operators.py
[2026-06-02T05:42:06.525+0000] {processor.py:840} INFO - DAG(s) 'example_dynamic_task_mapping_with_no_taskflow_operators' retrieved from /home/airflow/.local/lib/python3.11/site-packages/airflow/example_dags/example_dynamic_task_mapping_with_no_taskflow_operators.py
[2026-06-02T05:42:06.547+0000] {logging_mixin.py:188} INFO - [2026-06-02T05:42:06.547+0000] {dag.py:3096} INFO - Sync 1 DAGs
[2026-06-02T05:42:06.573+0000] {logging_mixin.py:188} INFO - [2026-06-02T05:42:06.572+0000] {dag.py:3954} INFO - Setting next_dagrun for example_dynamic_task_mapping_with_no_taskflow_operators to 2026-06-01 00:00:00+00:00, run_after=2026-06-02 00:00:00+00:00
[2026-06-02T05:42:06.601+0000] {processor.py:183} INFO - Processing /home/airflow/.local/lib/python3.11/site-packages/airflow/example_dags/example_dynamic_task_mapping_with_no_taskflow_operators.py took 0.095 seconds
[2026-06-02T05:42:36.860+0000] {processor.py:161} INFO - Started process (PID=2190) to work on /home/airflow/.local/lib/python3.11/site-packages/airflow/example_dags/example_dynamic_task_mapping_with_no_taskflow_operators.py
[2026-06-02T05:42:36.862+0000] {processor.py:830} INFO - Processing file /home/airflow/.local/lib/python3.11/site-packages/airflow/example_dags/example_dynamic_task_mapping_with_no_taskflow_operators.py for tasks to queue
[2026-06-02T05:42:36.864+0000] {logging_mixin.py:188} INFO - [2026-06-02T05:42:36.863+0000] {dagbag.py:545} INFO - Filling up the DagBag from /home/airflow/.local/lib/python3.11/site-packages/airflow/example_dags/example_dynamic_task_mapping_with_no_taskflow_operators.py
[2026-06-02T05:42:36.870+0000] {processor.py:840} INFO - DAG(s) 'example_dynamic_task_mapping_with_no_taskflow_operators' retrieved from /home/airflow/.local/lib/python3.11/site-packages/airflow/example_dags/example_dynamic_task_mapping_with_no_taskflow_operators.py
[2026-06-02T05:42:36.896+0000] {logging_mixin.py:188} INFO - [2026-06-02T05:42:36.896+0000] {dag.py:3096} INFO - Sync 1 DAGs
[2026-06-02T05:42:36.916+0000] {logging_mixin.py:188} INFO - [2026-06-02T05:42:36.916+0000] {dag.py:3954} INFO - Setting next_dagrun for example_dynamic_task_mapping_with_no_taskflow_operators to 2026-06-01 00:00:00+00:00, run_after=2026-06-02 00:00:00+00:00
[2026-06-02T05:42:36.942+0000] {processor.py:183} INFO - Processing /home/airflow/.local/lib/python3.11/site-packages/airflow/example_dags/example_dynamic_task_mapping_with_no_taskflow_operators.py took 0.088 seconds
[2026-06-02T05:43:07.048+0000] {processor.py:161} INFO - Started process (PID=2466) to work on /home/airflow/.local/lib/python3.11/site-packages/airflow/example_dags/example_dynamic_task_mapping_with_no_taskflow_operators.py
[2026-06-02T05:43:07.049+0000] {processor.py:830} INFO - Processing file /home/airflow/.local/lib/python3.11/site-packages/airflow/example_dags/example_dynamic_task_mapping_with_no_taskflow_operators.py for tasks to queue
[2026-06-02T05:43:07.051+0000] {logging_mixin.py:188} INFO - [2026-06-02T05:43:07.051+0000] {dagbag.py:545} INFO - Filling up the DagBag from /home/airflow/.local/lib/python3.11/site-packages/airflow/example_dags/example_dynamic_task_mapping_with_no_taskflow_operators.py
[2026-06-02T05:43:07.060+0000] {processor.py:840} INFO - DAG(s) 'example_dynamic_task_mapping_with_no_taskflow_operators' retrieved from /home/airflow/.local/lib/python3.11/site-packages/airflow/example_dags/example_dynamic_task_mapping_with_no_taskflow_operators.py
[2026-06-02T05:43:07.082+0000] {logging_mixin.py:188} INFO - [2026-06-02T05:43:07.082+0000] {dag.py:3096} INFO - Sync 1 DAGs
[2026-06-02T05:43:07.101+0000] {logging_mixin.py:188} INFO - [2026-06-02T05:43:07.101+0000] {dag.py:3954} INFO - Setting next_dagrun for example_dynamic_task_mapping_with_no_taskflow_operators to 2026-06-01 00:00:00+00:00, run_after=2026-06-02 00:00:00+00:00
[2026-06-02T05:43:07.119+0000] {processor.py:183} INFO - Processing /home/airflow/.local/lib/python3.11/site-packages/airflow/example_dags/example_dynamic_task_mapping_with_no_taskflow_operators.py took 0.079 seconds
[2026-06-02T05:43:37.619+0000] {processor.py:161} INFO - Started process (PID=2755) to work on /home/airflow/.local/lib/python3.11/site-packages/airflow/example_dags/example_dynamic_task_mapping_with_no_taskflow_operators.py
[2026-06-02T05:43:37.620+0000] {processor.py:830} INFO - Processing file /home/airflow/.local/lib/python3.11/site-packages/airflow/example_dags/example_dynamic_task_mapping_with_no_taskflow_operators.py for tasks to queue
[2026-06-02T05:43:37.622+0000] {logging_mixin.py:188} INFO - [2026-06-02T05:43:37.622+0000] {dagbag.py:545} INFO - Filling up the DagBag from /home/airflow/.local/lib/python3.11/site-packages/airflow/example_dags/example_dynamic_task_mapping_with_no_taskflow_operators.py
[2026-06-02T05:43:37.632+0000] {processor.py:840} INFO - DAG(s) 'example_dynamic_task_mapping_with_no_taskflow_operators' retrieved from /home/airflow/.local/lib/python3.11/site-packages/airflow/example_dags/example_dynamic_task_mapping_with_no_taskflow_operators.py
[2026-06-02T05:43:37.655+0000] {logging_mixin.py:188} INFO - [2026-06-02T05:43:37.654+0000] {dag.py:3096} INFO - Sync 1 DAGs
[2026-06-02T05:43:37.680+0000] {logging_mixin.py:188} INFO - [2026-06-02T05:43:37.680+0000] {dag.py:3954} INFO - Setting next_dagrun for example_dynamic_task_mapping_with_no_taskflow_operators to 2026-06-01 00:00:00+00:00, run_after=2026-06-02 00:00:00+00:00
[2026-06-02T05:43:37.701+0000] {processor.py:183} INFO - Processing /home/airflow/.local/lib/python3.11/site-packages/airflow/example_dags/example_dynamic_task_mapping_with_no_taskflow_operators.py took 0.091 seconds
[2026-06-02T05:44:07.993+0000] {processor.py:161} INFO - Started process (PID=3096) to work on /home/airflow/.local/lib/python3.11/site-packages/airflow/example_dags/example_dynamic_task_mapping_with_no_taskflow_operators.py
[2026-06-02T05:44:07.996+0000] {processor.py:830} INFO - Processing file /home/airflow/.local/lib/python3.11/site-packages/airflow/example_dags/example_dynamic_task_mapping_with_no_taskflow_operators.py for tasks to queue
[2026-06-02T05:44:08.002+0000] {logging_mixin.py:188} INFO - [2026-06-02T05:44:08.000+0000] {dagbag.py:545} INFO - Filling up the DagBag from /home/airflow/.local/lib/python3.11/site-packages/airflow/example_dags/example_dynamic_task_mapping_with_no_taskflow_operators.py
[2026-06-02T05:44:08.030+0000] {processor.py:840} INFO - DAG(s) 'example_dynamic_task_mapping_with_no_taskflow_operators' retrieved from /home/airflow/.local/lib/python3.11/site-packages/airflow/example_dags/example_dynamic_task_mapping_with_no_taskflow_operators.py
[2026-06-02T05:44:08.082+0000] {logging_mixin.py:188} INFO - [2026-06-02T05:44:08.081+0000] {dag.py:3096} INFO - Sync 1 DAGs
[2026-06-02T05:44:08.141+0000] {logging_mixin.py:188} INFO - [2026-06-02T05:44:08.141+0000] {dag.py:3954} INFO - Setting next_dagrun for example_dynamic_task_mapping_with_no_taskflow_operators to 2026-06-01 00:00:00+00:00, run_after=2026-06-02 00:00:00+00:00
[2026-06-02T05:44:08.190+0000] {processor.py:183} INFO - Processing /home/airflow/.local/lib/python3.11/site-packages/airflow/example_dags/example_dynamic_task_mapping_with_no_taskflow_operators.py took 0.232 seconds
[2026-06-02T05:44:38.407+0000] {processor.py:161} INFO - Started process (PID=3372) to work on /home/airflow/.local/lib/python3.11/site-packages/airflow/example_dags/example_dynamic_task_mapping_with_no_taskflow_operators.py
[2026-06-02T05:44:38.410+0000] {processor.py:830} INFO - Processing file /home/airflow/.local/lib/python3.11/site-packages/airflow/example_dags/example_dynamic_task_mapping_with_no_taskflow_operators.py for tasks to queue
[2026-06-02T05:44:38.416+0000] {logging_mixin.py:188} INFO - [2026-06-02T05:44:38.416+0000] {dagbag.py:545} INFO - Filling up the DagBag from /home/airflow/.local/lib/python3.11/site-packages/airflow/example_dags/example_dynamic_task_mapping_with_no_taskflow_operators.py
[2026-06-02T05:44:38.435+0000] {processor.py:840} INFO - DAG(s) 'example_dynamic_task_mapping_with_no_taskflow_operators' retrieved from /home/airflow/.local/lib/python3.11/site-packages/airflow/example_dags/example_dynamic_task_mapping_with_no_taskflow_operators.py
[2026-06-02T05:44:38.475+0000] {logging_mixin.py:188} INFO - [2026-06-02T05:44:38.474+0000] {dag.py:3096} INFO - Sync 1 DAGs
[2026-06-02T05:44:38.558+0000] {logging_mixin.py:188} INFO - [2026-06-02T05:44:38.557+0000] {dag.py:3954} INFO - Setting next_dagrun for example_dynamic_task_mapping_with_no_taskflow_operators to 2026-06-01 00:00:00+00:00, run_after=2026-06-02 00:00:00+00:00
[2026-06-02T05:44:38.614+0000] {processor.py:183} INFO - Processing /home/airflow/.local/lib/python3.11/site-packages/airflow/example_dags/example_dynamic_task_mapping_with_no_taskflow_operators.py took 0.221 seconds
[2026-06-02T05:45:08.749+0000] {processor.py:161} INFO - Started process (PID=3648) to work on /home/airflow/.local/lib/python3.11/site-packages/airflow/example_dags/example_dynamic_task_mapping_with_no_taskflow_operators.py
[2026-06-02T05:45:08.751+0000] {processor.py:830} INFO - Processing file /home/airflow/.local/lib/python3.11/site-packages/airflow/example_dags/example_dynamic_task_mapping_with_no_taskflow_operators.py for tasks to queue
[2026-06-02T05:45:08.756+0000] {logging_mixin.py:188} INFO - [2026-06-02T05:45:08.755+0000] {dagbag.py:545} INFO - Filling up the DagBag from /home/airflow/.local/lib/python3.11/site-packages/airflow/example_dags/example_dynamic_task_mapping_with_no_taskflow_operators.py
[2026-06-02T05:45:08.770+0000] {processor.py:840} INFO - DAG(s) 'example_dynamic_task_mapping_with_no_taskflow_operators' retrieved from /home/airflow/.local/lib/python3.11/site-packages/airflow/example_dags/example_dynamic_task_mapping_with_no_taskflow_operators.py
[2026-06-02T05:45:08.810+0000] {logging_mixin.py:188} INFO - [2026-06-02T05:45:08.810+0000] {dag.py:3096} INFO - Sync 1 DAGs
[2026-06-02T05:45:08.867+0000] {logging_mixin.py:188} INFO - [2026-06-02T05:45:08.867+0000] {dag.py:3954} INFO - Setting next_dagrun for example_dynamic_task_mapping_with_no_taskflow_operators to 2026-06-01 00:00:00+00:00, run_after=2026-06-02 00:00:00+00:00
[2026-06-02T05:45:08.906+0000] {processor.py:183} INFO - Processing /home/airflow/.local/lib/python3.11/site-packages/airflow/example_dags/example_dynamic_task_mapping_with_no_taskflow_operators.py took 0.171 seconds
[2026-06-02T05:45:39.257+0000] {processor.py:161} INFO - Started process (PID=3924) to work on /home/airflow/.local/lib/python3.11/site-packages/airflow/example_dags/example_dynamic_task_mapping_with_no_taskflow_operators.py
[2026-06-02T05:45:39.259+0000] {processor.py:830} INFO - Processing file /home/airflow/.local/lib/python3.11/site-packages/airflow/example_dags/example_dynamic_task_mapping_with_no_taskflow_operators.py for tasks to queue
[2026-06-02T05:45:39.262+0000] {logging_mixin.py:188} INFO - [2026-06-02T05:45:39.262+0000] {dagbag.py:545} INFO - Filling up the DagBag from /home/airflow/.local/lib/python3.11/site-packages/airflow/example_dags/example_dynamic_task_mapping_with_no_taskflow_operators.py
[2026-06-02T05:45:39.276+0000] {processor.py:840} INFO - DAG(s) 'example_dynamic_task_mapping_with_no_taskflow_operators' retrieved from /home/airflow/.local/lib/python3.11/site-packages/airflow/example_dags/example_dynamic_task_mapping_with_no_taskflow_operators.py
[2026-06-02T05:45:39.316+0000] {logging_mixin.py:188} INFO - [2026-06-02T05:45:39.315+0000] {dag.py:3096} INFO - Sync 1 DAGs
[2026-06-02T05:45:39.363+0000] {logging_mixin.py:188} INFO - [2026-06-02T05:45:39.363+0000] {dag.py:3954} INFO - Setting next_dagrun for example_dynamic_task_mapping_with_no_taskflow_operators to 2026-06-01 00:00:00+00:00, run_after=2026-06-02 00:00:00+00:00
[2026-06-02T05:45:39.419+0000] {processor.py:183} INFO - Processing /home/airflow/.local/lib/python3.11/site-packages/airflow/example_dags/example_dynamic_task_mapping_with_no_taskflow_operators.py took 0.178 seconds
[2026-06-02T05:46:10.141+0000] {processor.py:161} INFO - Started process (PID=4200) to work on /home/airflow/.local/lib/python3.11/site-packages/airflow/example_dags/example_dynamic_task_mapping_with_no_taskflow_operators.py
[2026-06-02T05:46:10.147+0000] {processor.py:830} INFO - Processing file /home/airflow/.local/lib/python3.11/site-packages/airflow/example_dags/example_dynamic_task_mapping_with_no_taskflow_operators.py for tasks to queue
[2026-06-02T05:46:10.151+0000] {logging_mixin.py:188} INFO - [2026-06-02T05:46:10.150+0000] {dagbag.py:545} INFO - Filling up the DagBag from /home/airflow/.local/lib/python3.11/site-packages/airflow/example_dags/example_dynamic_task_mapping_with_no_taskflow_operators.py
[2026-06-02T05:46:10.166+0000] {processor.py:840} INFO - DAG(s) 'example_dynamic_task_mapping_with_no_taskflow_operators' retrieved from /home/airflow/.local/lib/python3.11/site-packages/airflow/example_dags/example_dynamic_task_mapping_with_no_taskflow_operators.py
[2026-06-02T05:46:10.208+0000] {logging_mixin.py:188} INFO - [2026-06-02T05:46:10.208+0000] {dag.py:3096} INFO - Sync 1 DAGs
[2026-06-02T05:46:10.284+0000] {logging_mixin.py:188} INFO - [2026-06-02T05:46:10.283+0000] {dag.py:3954} INFO - Setting next_dagrun for example_dynamic_task_mapping_with_no_taskflow_operators to 2026-06-01 00:00:00+00:00, run_after=2026-06-02 00:00:00+00:00
[2026-06-02T05:46:10.349+0000] {processor.py:183} INFO - Processing /home/airflow/.local/lib/python3.11/site-packages/airflow/example_dags/example_dynamic_task_mapping_with_no_taskflow_operators.py took 0.222 seconds
[2026-06-02T05:46:43.378+0000] {processor.py:161} INFO - Started process (PID=4518) to work on /home/airflow/.local/lib/python3.11/site-packages/airflow/example_dags/example_dynamic_task_mapping_with_no_taskflow_operators.py
[2026-06-02T05:46:43.379+0000] {processor.py:830} INFO - Processing file /home/airflow/.local/lib/python3.11/site-packages/airflow/example_dags/example_dynamic_task_mapping_with_no_taskflow_operators.py for tasks to queue
[2026-06-02T05:46:43.385+0000] {logging_mixin.py:188} INFO - [2026-06-02T05:46:43.385+0000] {dagbag.py:545} INFO - Filling up the DagBag from /home/airflow/.local/lib/python3.11/site-packages/airflow/example_dags/example_dynamic_task_mapping_with_no_taskflow_operators.py
[2026-06-02T05:46:43.396+0000] {processor.py:840} INFO - DAG(s) 'example_dynamic_task_mapping_with_no_taskflow_operators' retrieved from /home/airflow/.local/lib/python3.11/site-packages/airflow/example_dags/example_dynamic_task_mapping_with_no_taskflow_operators.py
[2026-06-02T05:46:43.465+0000] {logging_mixin.py:188} INFO - [2026-06-02T05:46:43.465+0000] {dag.py:3096} INFO - Sync 1 DAGs
[2026-06-02T05:46:43.561+0000] {logging_mixin.py:188} INFO - [2026-06-02T05:46:43.560+0000] {dag.py:3954} INFO - Setting next_dagrun for example_dynamic_task_mapping_with_no_taskflow_operators to 2026-06-01 00:00:00+00:00, run_after=2026-06-02 00:00:00+00:00
[2026-06-02T05:46:43.644+0000] {processor.py:183} INFO - Processing /home/airflow/.local/lib/python3.11/site-packages/airflow/example_dags/example_dynamic_task_mapping_with_no_taskflow_operators.py took 0.289 seconds
[2026-06-02T05:47:31.932+0000] {processor.py:161} INFO - Started process (PID=233) to work on /home/airflow/.local/lib/python3.11/site-packages/airflow/example_dags/example_dynamic_task_mapping_with_no_taskflow_operators.py
[2026-06-02T05:47:31.933+0000] {processor.py:830} INFO - Processing file /home/airflow/.local/lib/python3.11/site-packages/airflow/example_dags/example_dynamic_task_mapping_with_no_taskflow_operators.py for tasks to queue
[2026-06-02T05:47:31.936+0000] {logging_mixin.py:188} INFO - [2026-06-02T05:47:31.936+0000] {dagbag.py:545} INFO - Filling up the DagBag from /home/airflow/.local/lib/python3.11/site-packages/airflow/example_dags/example_dynamic_task_mapping_with_no_taskflow_operators.py
[2026-06-02T05:47:31.945+0000] {processor.py:840} INFO - DAG(s) 'example_dynamic_task_mapping_with_no_taskflow_operators' retrieved from /home/airflow/.local/lib/python3.11/site-packages/airflow/example_dags/example_dynamic_task_mapping_with_no_taskflow_operators.py
[2026-06-02T05:47:31.961+0000] {logging_mixin.py:188} INFO - [2026-06-02T05:47:31.960+0000] {dag.py:3096} INFO - Sync 1 DAGs
[2026-06-02T05:47:31.987+0000] {logging_mixin.py:188} INFO - [2026-06-02T05:47:31.987+0000] {dag.py:3954} INFO - Setting next_dagrun for example_dynamic_task_mapping_with_no_taskflow_operators to 2026-06-01 00:00:00+00:00, run_after=2026-06-02 00:00:00+00:00
[2026-06-02T05:47:32.011+0000] {processor.py:183} INFO - Processing /home/airflow/.local/lib/python3.11/site-packages/airflow/example_dags/example_dynamic_task_mapping_with_no_taskflow_operators.py took 0.087 seconds
[2026-06-02T05:48:02.231+0000] {processor.py:161} INFO - Started process (PID=503) to work on /home/airflow/.local/lib/python3.11/site-packages/airflow/example_dags/example_dynamic_task_mapping_with_no_taskflow_operators.py
[2026-06-02T05:48:02.233+0000] {processor.py:830} INFO - Processing file /home/airflow/.local/lib/python3.11/site-packages/airflow/example_dags/example_dynamic_task_mapping_with_no_taskflow_operators.py for tasks to queue
[2026-06-02T05:48:02.235+0000] {logging_mixin.py:188} INFO - [2026-06-02T05:48:02.234+0000] {dagbag.py:545} INFO - Filling up the DagBag from /home/airflow/.local/lib/python3.11/site-packages/airflow/example_dags/example_dynamic_task_mapping_with_no_taskflow_operators.py
[2026-06-02T05:48:02.241+0000] {processor.py:840} INFO - DAG(s) 'example_dynamic_task_mapping_with_no_taskflow_operators' retrieved from /home/airflow/.local/lib/python3.11/site-packages/airflow/example_dags/example_dynamic_task_mapping_with_no_taskflow_operators.py
[2026-06-02T05:48:02.354+0000] {logging_mixin.py:188} INFO - [2026-06-02T05:48:02.353+0000] {dag.py:3096} INFO - Sync 1 DAGs
[2026-06-02T05:48:02.376+0000] {logging_mixin.py:188} INFO - [2026-06-02T05:48:02.376+0000] {dag.py:3954} INFO - Setting next_dagrun for example_dynamic_task_mapping_with_no_taskflow_operators to 2026-06-01 00:00:00+00:00, run_after=2026-06-02 00:00:00+00:00
[2026-06-02T05:48:02.399+0000] {processor.py:183} INFO - Processing /home/airflow/.local/lib/python3.11/site-packages/airflow/example_dags/example_dynamic_task_mapping_with_no_taskflow_operators.py took 0.174 seconds
[2026-06-02T05:48:33.005+0000] {processor.py:161} INFO - Started process (PID=801) to work on /home/airflow/.local/lib/python3.11/site-packages/airflow/example_dags/example_dynamic_task_mapping_with_no_taskflow_operators.py
[2026-06-02T05:48:33.009+0000] {processor.py:830} INFO - Processing file /home/airflow/.local/lib/python3.11/site-packages/airflow/example_dags/example_dynamic_task_mapping_with_no_taskflow_operators.py for tasks to queue
[2026-06-02T05:48:33.012+0000] {logging_mixin.py:188} INFO - [2026-06-02T05:48:33.011+0000] {dagbag.py:545} INFO - Filling up the DagBag from /home/airflow/.local/lib/python3.11/site-packages/airflow/example_dags/example_dynamic_task_mapping_with_no_taskflow_operators.py
[2026-06-02T05:48:33.022+0000] {processor.py:840} INFO - DAG(s) 'example_dynamic_task_mapping_with_no_taskflow_operators' retrieved from /home/airflow/.local/lib/python3.11/site-packages/airflow/example_dags/example_dynamic_task_mapping_with_no_taskflow_operators.py
[2026-06-02T05:48:33.046+0000] {logging_mixin.py:188} INFO - [2026-06-02T05:48:33.045+0000] {dag.py:3096} INFO - Sync 1 DAGs
[2026-06-02T05:48:33.073+0000] {logging_mixin.py:188} INFO - [2026-06-02T05:48:33.072+0000] {dag.py:3954} INFO - Setting next_dagrun for example_dynamic_task_mapping_with_no_taskflow_operators to 2026-06-01 00:00:00+00:00, run_after=2026-06-02 00:00:00+00:00
[2026-06-02T05:48:33.107+0000] {processor.py:183} INFO - Processing /home/airflow/.local/lib/python3.11/site-packages/airflow/example_dags/example_dynamic_task_mapping_with_no_taskflow_operators.py took 0.111 seconds
[2026-06-02T05:49:03.651+0000] {processor.py:161} INFO - Started process (PID=1079) to work on /home/airflow/.local/lib/python3.11/site-packages/airflow/example_dags/example_dynamic_task_mapping_with_no_taskflow_operators.py
[2026-06-02T05:49:03.653+0000] {processor.py:830} INFO - Processing file /home/airflow/.local/lib/python3.11/site-packages/airflow/example_dags/example_dynamic_task_mapping_with_no_taskflow_operators.py for tasks to queue
[2026-06-02T05:49:03.655+0000] {logging_mixin.py:188} INFO - [2026-06-02T05:49:03.655+0000] {dagbag.py:545} INFO - Filling up the DagBag from /home/airflow/.local/lib/python3.11/site-packages/airflow/example_dags/example_dynamic_task_mapping_with_no_taskflow_operators.py
[2026-06-02T05:49:03.663+0000] {processor.py:840} INFO - DAG(s) 'example_dynamic_task_mapping_with_no_taskflow_operators' retrieved from /home/airflow/.local/lib/python3.11/site-packages/airflow/example_dags/example_dynamic_task_mapping_with_no_taskflow_operators.py
[2026-06-02T05:49:03.692+0000] {logging_mixin.py:188} INFO - [2026-06-02T05:49:03.691+0000] {dag.py:3096} INFO - Sync 1 DAGs
[2026-06-02T05:49:03.720+0000] {logging_mixin.py:188} INFO - [2026-06-02T05:49:03.720+0000] {dag.py:3954} INFO - Setting next_dagrun for example_dynamic_task_mapping_with_no_taskflow_operators to 2026-06-01 00:00:00+00:00, run_after=2026-06-02 00:00:00+00:00
[2026-06-02T05:49:03.745+0000] {processor.py:183} INFO - Processing /home/airflow/.local/lib/python3.11/site-packages/airflow/example_dags/example_dynamic_task_mapping_with_no_taskflow_operators.py took 0.101 seconds
[2026-06-02T05:49:34.085+0000] {processor.py:161} INFO - Started process (PID=1362) to work on /home/airflow/.local/lib/python3.11/site-packages/airflow/example_dags/example_dynamic_task_mapping_with_no_taskflow_operators.py
[2026-06-02T05:49:34.087+0000] {processor.py:830} INFO - Processing file /home/airflow/.local/lib/python3.11/site-packages/airflow/example_dags/example_dynamic_task_mapping_with_no_taskflow_operators.py for tasks to queue
[2026-06-02T05:49:34.089+0000] {logging_mixin.py:188} INFO - [2026-06-02T05:49:34.088+0000] {dagbag.py:545} INFO - Filling up the DagBag from /home/airflow/.local/lib/python3.11/site-packages/airflow/example_dags/example_dynamic_task_mapping_with_no_taskflow_operators.py
[2026-06-02T05:49:34.096+0000] {processor.py:840} INFO - DAG(s) 'example_dynamic_task_mapping_with_no_taskflow_operators' retrieved from /home/airflow/.local/lib/python3.11/site-packages/airflow/example_dags/example_dynamic_task_mapping_with_no_taskflow_operators.py
[2026-06-02T05:49:34.122+0000] {logging_mixin.py:188} INFO - [2026-06-02T05:49:34.122+0000] {dag.py:3096} INFO - Sync 1 DAGs
[2026-06-02T05:49:34.147+0000] {logging_mixin.py:188} INFO - [2026-06-02T05:49:34.147+0000] {dag.py:3954} INFO - Setting next_dagrun for example_dynamic_task_mapping_with_no_taskflow_operators to 2026-06-01 00:00:00+00:00, run_after=2026-06-02 00:00:00+00:00
[2026-06-02T05:49:34.170+0000] {processor.py:183} INFO - Processing /home/airflow/.local/lib/python3.11/site-packages/airflow/example_dags/example_dynamic_task_mapping_with_no_taskflow_operators.py took 0.094 seconds
[2026-06-02T05:50:04.607+0000] {processor.py:161} INFO - Started process (PID=1638) to work on /home/airflow/.local/lib/python3.11/site-packages/airflow/example_dags/example_dynamic_task_mapping_with_no_taskflow_operators.py
[2026-06-02T05:50:04.609+0000] {processor.py:830} INFO - Processing file /home/airflow/.local/lib/python3.11/site-packages/airflow/example_dags/example_dynamic_task_mapping_with_no_taskflow_operators.py for tasks to queue
[2026-06-02T05:50:04.612+0000] {logging_mixin.py:188} INFO - [2026-06-02T05:50:04.611+0000] {dagbag.py:545} INFO - Filling up the DagBag from /home/airflow/.local/lib/python3.11/site-packages/airflow/example_dags/example_dynamic_task_mapping_with_no_taskflow_operators.py
[2026-06-02T05:50:04.623+0000] {processor.py:840} INFO - DAG(s) 'example_dynamic_task_mapping_with_no_taskflow_operators' retrieved from /home/airflow/.local/lib/python3.11/site-packages/airflow/example_dags/example_dynamic_task_mapping_with_no_taskflow_operators.py
[2026-06-02T05:50:04.649+0000] {logging_mixin.py:188} INFO - [2026-06-02T05:50:04.649+0000] {dag.py:3096} INFO - Sync 1 DAGs
[2026-06-02T05:50:04.675+0000] {logging_mixin.py:188} INFO - [2026-06-02T05:50:04.675+0000] {dag.py:3954} INFO - Setting next_dagrun for example_dynamic_task_mapping_with_no_taskflow_operators to 2026-06-01 00:00:00+00:00, run_after=2026-06-02 00:00:00+00:00
[2026-06-02T05:50:04.702+0000] {processor.py:183} INFO - Processing /home/airflow/.local/lib/python3.11/site-packages/airflow/example_dags/example_dynamic_task_mapping_with_no_taskflow_operators.py took 0.103 seconds
[2026-06-02T05:50:35.268+0000] {processor.py:161} INFO - Started process (PID=1914) to work on /home/airflow/.local/lib/python3.11/site-packages/airflow/example_dags/example_dynamic_task_mapping_with_no_taskflow_operators.py
[2026-06-02T05:50:35.269+0000] {processor.py:830} INFO - Processing file /home/airflow/.local/lib/python3.11/site-packages/airflow/example_dags/example_dynamic_task_mapping_with_no_taskflow_operators.py for tasks to queue
[2026-06-02T05:50:35.271+0000] {logging_mixin.py:188} INFO - [2026-06-02T05:50:35.271+0000] {dagbag.py:545} INFO - Filling up the DagBag from /home/airflow/.local/lib/python3.11/site-packages/airflow/example_dags/example_dynamic_task_mapping_with_no_taskflow_operators.py
[2026-06-02T05:50:35.284+0000] {processor.py:840} INFO - DAG(s) 'example_dynamic_task_mapping_with_no_taskflow_operators' retrieved from /home/airflow/.local/lib/python3.11/site-packages/airflow/example_dags/example_dynamic_task_mapping_with_no_taskflow_operators.py
[2026-06-02T05:50:35.314+0000] {logging_mixin.py:188} INFO - [2026-06-02T05:50:35.313+0000] {dag.py:3096} INFO - Sync 1 DAGs
[2026-06-02T05:50:35.342+0000] {logging_mixin.py:188} INFO - [2026-06-02T05:50:35.342+0000] {dag.py:3954} INFO - Setting next_dagrun for example_dynamic_task_mapping_with_no_taskflow_operators to 2026-06-01 00:00:00+00:00, run_after=2026-06-02 00:00:00+00:00
[2026-06-02T05:50:35.372+0000] {processor.py:183} INFO - Processing /home/airflow/.local/lib/python3.11/site-packages/airflow/example_dags/example_dynamic_task_mapping_with_no_taskflow_operators.py took 0.116 seconds
[2026-06-02T05:51:06.297+0000] {processor.py:161} INFO - Started process (PID=2204) to work on /home/airflow/.local/lib/python3.11/site-packages/airflow/example_dags/example_dynamic_task_mapping_with_no_taskflow_operators.py
[2026-06-02T05:51:06.298+0000] {processor.py:830} INFO - Processing file /home/airflow/.local/lib/python3.11/site-packages/airflow/example_dags/example_dynamic_task_mapping_with_no_taskflow_operators.py for tasks to queue
[2026-06-02T05:51:06.300+0000] {logging_mixin.py:188} INFO - [2026-06-02T05:51:06.299+0000] {dagbag.py:545} INFO - Filling up the DagBag from /home/airflow/.local/lib/python3.11/site-packages/airflow/example_dags/example_dynamic_task_mapping_with_no_taskflow_operators.py
[2026-06-02T05:51:06.306+0000] {processor.py:840} INFO - DAG(s) 'example_dynamic_task_mapping_with_no_taskflow_operators' retrieved from /home/airflow/.local/lib/python3.11/site-packages/airflow/example_dags/example_dynamic_task_mapping_with_no_taskflow_operators.py
[2026-06-02T05:51:06.324+0000] {logging_mixin.py:188} INFO - [2026-06-02T05:51:06.324+0000] {dag.py:3096} INFO - Sync 1 DAGs
[2026-06-02T05:51:06.342+0000] {logging_mixin.py:188} INFO - [2026-06-02T05:51:06.342+0000] {dag.py:3954} INFO - Setting next_dagrun for example_dynamic_task_mapping_with_no_taskflow_operators to 2026-06-01 00:00:00+00:00, run_after=2026-06-02 00:00:00+00:00
[2026-06-02T05:51:06.360+0000] {processor.py:183} INFO - Processing /home/airflow/.local/lib/python3.11/site-packages/airflow/example_dags/example_dynamic_task_mapping_with_no_taskflow_operators.py took 0.069 seconds
[2026-06-02T05:51:36.699+0000] {processor.py:161} INFO - Started process (PID=2480) to work on /home/airflow/.local/lib/python3.11/site-packages/airflow/example_dags/example_dynamic_task_mapping_with_no_taskflow_operators.py
[2026-06-02T05:51:36.701+0000] {processor.py:830} INFO - Processing file /home/airflow/.local/lib/python3.11/site-packages/airflow/example_dags/example_dynamic_task_mapping_with_no_taskflow_operators.py for tasks to queue
[2026-06-02T05:51:36.702+0000] {logging_mixin.py:188} INFO - [2026-06-02T05:51:36.702+0000] {dagbag.py:545} INFO - Filling up the DagBag from /home/airflow/.local/lib/python3.11/site-packages/airflow/example_dags/example_dynamic_task_mapping_with_no_taskflow_operators.py
[2026-06-02T05:51:36.709+0000] {processor.py:840} INFO - DAG(s) 'example_dynamic_task_mapping_with_no_taskflow_operators' retrieved from /home/airflow/.local/lib/python3.11/site-packages/airflow/example_dags/example_dynamic_task_mapping_with_no_taskflow_operators.py
[2026-06-02T05:51:36.727+0000] {logging_mixin.py:188} INFO - [2026-06-02T05:51:36.727+0000] {dag.py:3096} INFO - Sync 1 DAGs
[2026-06-02T05:51:36.744+0000] {logging_mixin.py:188} INFO - [2026-06-02T05:51:36.744+0000] {dag.py:3954} INFO - Setting next_dagrun for example_dynamic_task_mapping_with_no_taskflow_operators to 2026-06-01 00:00:00+00:00, run_after=2026-06-02 00:00:00+00:00
[2026-06-02T05:51:36.767+0000] {processor.py:183} INFO - Processing /home/airflow/.local/lib/python3.11/site-packages/airflow/example_dags/example_dynamic_task_mapping_with_no_taskflow_operators.py took 0.073 seconds
[2026-06-02T05:52:07.058+0000] {processor.py:161} INFO - Started process (PID=2756) to work on /home/airflow/.local/lib/python3.11/site-packages/airflow/example_dags/example_dynamic_task_mapping_with_no_taskflow_operators.py
[2026-06-02T05:52:07.059+0000] {processor.py:830} INFO - Processing file /home/airflow/.local/lib/python3.11/site-packages/airflow/example_dags/example_dynamic_task_mapping_with_no_taskflow_operators.py for tasks to queue
[2026-06-02T05:52:07.061+0000] {logging_mixin.py:188} INFO - [2026-06-02T05:52:07.060+0000] {dagbag.py:545} INFO - Filling up the DagBag from /home/airflow/.local/lib/python3.11/site-packages/airflow/example_dags/example_dynamic_task_mapping_with_no_taskflow_operators.py
[2026-06-02T05:52:07.067+0000] {processor.py:840} INFO - DAG(s) 'example_dynamic_task_mapping_with_no_taskflow_operators' retrieved from /home/airflow/.local/lib/python3.11/site-packages/airflow/example_dags/example_dynamic_task_mapping_with_no_taskflow_operators.py
[2026-06-02T05:52:07.087+0000] {logging_mixin.py:188} INFO - [2026-06-02T05:52:07.086+0000] {dag.py:3096} INFO - Sync 1 DAGs
[2026-06-02T05:52:07.104+0000] {logging_mixin.py:188} INFO - [2026-06-02T05:52:07.104+0000] {dag.py:3954} INFO - Setting next_dagrun for example_dynamic_task_mapping_with_no_taskflow_operators to 2026-06-01 00:00:00+00:00, run_after=2026-06-02 00:00:00+00:00
[2026-06-02T05:52:07.125+0000] {processor.py:183} INFO - Processing /home/airflow/.local/lib/python3.11/site-packages/airflow/example_dags/example_dynamic_task_mapping_with_no_taskflow_operators.py took 0.073 seconds
[2026-06-02T05:52:37.314+0000] {processor.py:161} INFO - Started process (PID=3032) to work on /home/airflow/.local/lib/python3.11/site-packages/airflow/example_dags/example_dynamic_task_mapping_with_no_taskflow_operators.py
[2026-06-02T05:52:37.316+0000] {processor.py:830} INFO - Processing file /home/airflow/.local/lib/python3.11/site-packages/airflow/example_dags/example_dynamic_task_mapping_with_no_taskflow_operators.py for tasks to queue
[2026-06-02T05:52:37.318+0000] {logging_mixin.py:188} INFO - [2026-06-02T05:52:37.317+0000] {dagbag.py:545} INFO - Filling up the DagBag from /home/airflow/.local/lib/python3.11/site-packages/airflow/example_dags/example_dynamic_task_mapping_with_no_taskflow_operators.py
[2026-06-02T05:52:37.325+0000] {processor.py:840} INFO - DAG(s) 'example_dynamic_task_mapping_with_no_taskflow_operators' retrieved from /home/airflow/.local/lib/python3.11/site-packages/airflow/example_dags/example_dynamic_task_mapping_with_no_taskflow_operators.py
[2026-06-02T05:52:37.347+0000] {logging_mixin.py:188} INFO - [2026-06-02T05:52:37.346+0000] {dag.py:3096} INFO - Sync 1 DAGs
[2026-06-02T05:52:37.368+0000] {logging_mixin.py:188} INFO - [2026-06-02T05:52:37.367+0000] {dag.py:3954} INFO - Setting next_dagrun for example_dynamic_task_mapping_with_no_taskflow_operators to 2026-06-01 00:00:00+00:00, run_after=2026-06-02 00:00:00+00:00
[2026-06-02T05:52:37.390+0000] {processor.py:183} INFO - Processing /home/airflow/.local/lib/python3.11/site-packages/airflow/example_dags/example_dynamic_task_mapping_with_no_taskflow_operators.py took 0.084 seconds
[2026-06-02T05:53:07.466+0000] {processor.py:161} INFO - Started process (PID=3308) to work on /home/airflow/.local/lib/python3.11/site-packages/airflow/example_dags/example_dynamic_task_mapping_with_no_taskflow_operators.py
[2026-06-02T05:53:07.467+0000] {processor.py:830} INFO - Processing file /home/airflow/.local/lib/python3.11/site-packages/airflow/example_dags/example_dynamic_task_mapping_with_no_taskflow_operators.py for tasks to queue
[2026-06-02T05:53:07.469+0000] {logging_mixin.py:188} INFO - [2026-06-02T05:53:07.468+0000] {dagbag.py:545} INFO - Filling up the DagBag from /home/airflow/.local/lib/python3.11/site-packages/airflow/example_dags/example_dynamic_task_mapping_with_no_taskflow_operators.py
[2026-06-02T05:53:07.475+0000] {processor.py:840} INFO - DAG(s) 'example_dynamic_task_mapping_with_no_taskflow_operators' retrieved from /home/airflow/.local/lib/python3.11/site-packages/airflow/example_dags/example_dynamic_task_mapping_with_no_taskflow_operators.py
[2026-06-02T05:53:07.495+0000] {logging_mixin.py:188} INFO - [2026-06-02T05:53:07.495+0000] {dag.py:3096} INFO - Sync 1 DAGs
[2026-06-02T05:53:07.516+0000] {logging_mixin.py:188} INFO - [2026-06-02T05:53:07.516+0000] {dag.py:3954} INFO - Setting next_dagrun for example_dynamic_task_mapping_with_no_taskflow_operators to 2026-06-01 00:00:00+00:00, run_after=2026-06-02 00:00:00+00:00
[2026-06-02T05:53:07.536+0000] {processor.py:183} INFO - Processing /home/airflow/.local/lib/python3.11/site-packages/airflow/example_dags/example_dynamic_task_mapping_with_no_taskflow_operators.py took 0.077 seconds
[2026-06-02T05:53:37.892+0000] {processor.py:161} INFO - Started process (PID=3584) to work on /home/airflow/.local/lib/python3.11/site-packages/airflow/example_dags/example_dynamic_task_mapping_with_no_taskflow_operators.py
[2026-06-02T05:53:37.893+0000] {processor.py:830} INFO - Processing file /home/airflow/.local/lib/python3.11/site-packages/airflow/example_dags/example_dynamic_task_mapping_with_no_taskflow_operators.py for tasks to queue
[2026-06-02T05:53:37.895+0000] {logging_mixin.py:188} INFO - [2026-06-02T05:53:37.895+0000] {dagbag.py:545} INFO - Filling up the DagBag from /home/airflow/.local/lib/python3.11/site-packages/airflow/example_dags/example_dynamic_task_mapping_with_no_taskflow_operators.py
[2026-06-02T05:53:37.902+0000] {processor.py:840} INFO - DAG(s) 'example_dynamic_task_mapping_with_no_taskflow_operators' retrieved from /home/airflow/.local/lib/python3.11/site-packages/airflow/example_dags/example_dynamic_task_mapping_with_no_taskflow_operators.py
[2026-06-02T05:53:37.928+0000] {logging_mixin.py:188} INFO - [2026-06-02T05:53:37.928+0000] {dag.py:3096} INFO - Sync 1 DAGs
[2026-06-02T05:53:37.966+0000] {logging_mixin.py:188} INFO - [2026-06-02T05:53:37.965+0000] {dag.py:3954} INFO - Setting next_dagrun for example_dynamic_task_mapping_with_no_taskflow_operators to 2026-06-01 00:00:00+00:00, run_after=2026-06-02 00:00:00+00:00
[2026-06-02T05:53:37.994+0000] {processor.py:183} INFO - Processing /home/airflow/.local/lib/python3.11/site-packages/airflow/example_dags/example_dynamic_task_mapping_with_no_taskflow_operators.py took 0.108 seconds
[2026-06-02T05:54:08.530+0000] {processor.py:161} INFO - Started process (PID=3860) to work on /home/airflow/.local/lib/python3.11/site-packages/airflow/example_dags/example_dynamic_task_mapping_with_no_taskflow_operators.py
[2026-06-02T05:54:08.531+0000] {processor.py:830} INFO - Processing file /home/airflow/.local/lib/python3.11/site-packages/airflow/example_dags/example_dynamic_task_mapping_with_no_taskflow_operators.py for tasks to queue
[2026-06-02T05:54:08.532+0000] {logging_mixin.py:188} INFO - [2026-06-02T05:54:08.532+0000] {dagbag.py:545} INFO - Filling up the DagBag from /home/airflow/.local/lib/python3.11/site-packages/airflow/example_dags/example_dynamic_task_mapping_with_no_taskflow_operators.py
[2026-06-02T05:54:08.539+0000] {processor.py:840} INFO - DAG(s) 'example_dynamic_task_mapping_with_no_taskflow_operators' retrieved from /home/airflow/.local/lib/python3.11/site-packages/airflow/example_dags/example_dynamic_task_mapping_with_no_taskflow_operators.py
[2026-06-02T05:54:08.557+0000] {logging_mixin.py:188} INFO - [2026-06-02T05:54:08.556+0000] {dag.py:3096} INFO - Sync 1 DAGs
[2026-06-02T05:54:08.574+0000] {logging_mixin.py:188} INFO - [2026-06-02T05:54:08.574+0000] {dag.py:3954} INFO - Setting next_dagrun for example_dynamic_task_mapping_with_no_taskflow_operators to 2026-06-01 00:00:00+00:00, run_after=2026-06-02 00:00:00+00:00
[2026-06-02T05:54:08.595+0000] {processor.py:183} INFO - Processing /home/airflow/.local/lib/python3.11/site-packages/airflow/example_dags/example_dynamic_task_mapping_with_no_taskflow_operators.py took 0.071 seconds
[2026-06-02T05:54:38.940+0000] {processor.py:161} INFO - Started process (PID=4136) to work on /home/airflow/.local/lib/python3.11/site-packages/airflow/example_dags/example_dynamic_task_mapping_with_no_taskflow_operators.py
[2026-06-02T05:54:38.941+0000] {processor.py:830} INFO - Processing file /home/airflow/.local/lib/python3.11/site-packages/airflow/example_dags/example_dynamic_task_mapping_with_no_taskflow_operators.py for tasks to queue
[2026-06-02T05:54:38.943+0000] {logging_mixin.py:188} INFO - [2026-06-02T05:54:38.942+0000] {dagbag.py:545} INFO - Filling up the DagBag from /home/airflow/.local/lib/python3.11/site-packages/airflow/example_dags/example_dynamic_task_mapping_with_no_taskflow_operators.py
[2026-06-02T05:54:38.950+0000] {processor.py:840} INFO - DAG(s) 'example_dynamic_task_mapping_with_no_taskflow_operators' retrieved from /home/airflow/.local/lib/python3.11/site-packages/airflow/example_dags/example_dynamic_task_mapping_with_no_taskflow_operators.py
[2026-06-02T05:54:38.969+0000] {logging_mixin.py:188} INFO - [2026-06-02T05:54:38.969+0000] {dag.py:3096} INFO - Sync 1 DAGs
[2026-06-02T05:54:38.989+0000] {logging_mixin.py:188} INFO - [2026-06-02T05:54:38.988+0000] {dag.py:3954} INFO - Setting next_dagrun for example_dynamic_task_mapping_with_no_taskflow_operators to 2026-06-01 00:00:00+00:00, run_after=2026-06-02 00:00:00+00:00
[2026-06-02T05:54:39.014+0000] {processor.py:183} INFO - Processing /home/airflow/.local/lib/python3.11/site-packages/airflow/example_dags/example_dynamic_task_mapping_with_no_taskflow_operators.py took 0.080 seconds
[2026-06-02T05:55:09.332+0000] {processor.py:161} INFO - Started process (PID=4412) to work on /home/airflow/.local/lib/python3.11/site-packages/airflow/example_dags/example_dynamic_task_mapping_with_no_taskflow_operators.py
[2026-06-02T05:55:09.333+0000] {processor.py:830} INFO - Processing file /home/airflow/.local/lib/python3.11/site-packages/airflow/example_dags/example_dynamic_task_mapping_with_no_taskflow_operators.py for tasks to queue
[2026-06-02T05:55:09.335+0000] {logging_mixin.py:188} INFO - [2026-06-02T05:55:09.334+0000] {dagbag.py:545} INFO - Filling up the DagBag from /home/airflow/.local/lib/python3.11/site-packages/airflow/example_dags/example_dynamic_task_mapping_with_no_taskflow_operators.py
[2026-06-02T05:55:09.341+0000] {processor.py:840} INFO - DAG(s) 'example_dynamic_task_mapping_with_no_taskflow_operators' retrieved from /home/airflow/.local/lib/python3.11/site-packages/airflow/example_dags/example_dynamic_task_mapping_with_no_taskflow_operators.py
[2026-06-02T05:55:09.361+0000] {logging_mixin.py:188} INFO - [2026-06-02T05:55:09.360+0000] {dag.py:3096} INFO - Sync 1 DAGs
[2026-06-02T05:55:09.378+0000] {logging_mixin.py:188} INFO - [2026-06-02T05:55:09.378+0000] {dag.py:3954} INFO - Setting next_dagrun for example_dynamic_task_mapping_with_no_taskflow_operators to 2026-06-01 00:00:00+00:00, run_after=2026-06-02 00:00:00+00:00
[2026-06-02T05:55:09.397+0000] {processor.py:183} INFO - Processing /home/airflow/.local/lib/python3.11/site-packages/airflow/example_dags/example_dynamic_task_mapping_with_no_taskflow_operators.py took 0.071 seconds
[2026-06-02T05:55:39.665+0000] {processor.py:161} INFO - Started process (PID=4689) to work on /home/airflow/.local/lib/python3.11/site-packages/airflow/example_dags/example_dynamic_task_mapping_with_no_taskflow_operators.py
[2026-06-02T05:55:39.666+0000] {processor.py:830} INFO - Processing file /home/airflow/.local/lib/python3.11/site-packages/airflow/example_dags/example_dynamic_task_mapping_with_no_taskflow_operators.py for tasks to queue
[2026-06-02T05:55:39.668+0000] {logging_mixin.py:188} INFO - [2026-06-02T05:55:39.668+0000] {dagbag.py:545} INFO - Filling up the DagBag from /home/airflow/.local/lib/python3.11/site-packages/airflow/example_dags/example_dynamic_task_mapping_with_no_taskflow_operators.py
[2026-06-02T05:55:39.674+0000] {processor.py:840} INFO - DAG(s) 'example_dynamic_task_mapping_with_no_taskflow_operators' retrieved from /home/airflow/.local/lib/python3.11/site-packages/airflow/example_dags/example_dynamic_task_mapping_with_no_taskflow_operators.py
[2026-06-02T05:55:39.692+0000] {logging_mixin.py:188} INFO - [2026-06-02T05:55:39.692+0000] {dag.py:3096} INFO - Sync 1 DAGs
[2026-06-02T05:55:39.709+0000] {logging_mixin.py:188} INFO - [2026-06-02T05:55:39.709+0000] {dag.py:3954} INFO - Setting next_dagrun for example_dynamic_task_mapping_with_no_taskflow_operators to 2026-06-01 00:00:00+00:00, run_after=2026-06-02 00:00:00+00:00
[2026-06-02T05:55:39.730+0000] {processor.py:183} INFO - Processing /home/airflow/.local/lib/python3.11/site-packages/airflow/example_dags/example_dynamic_task_mapping_with_no_taskflow_operators.py took 0.070 seconds
[2026-06-02T05:56:10.008+0000] {processor.py:161} INFO - Started process (PID=4965) to work on /home/airflow/.local/lib/python3.11/site-packages/airflow/example_dags/example_dynamic_task_mapping_with_no_taskflow_operators.py
[2026-06-02T05:56:10.010+0000] {processor.py:830} INFO - Processing file /home/airflow/.local/lib/python3.11/site-packages/airflow/example_dags/example_dynamic_task_mapping_with_no_taskflow_operators.py for tasks to queue
[2026-06-02T05:56:10.011+0000] {logging_mixin.py:188} INFO - [2026-06-02T05:56:10.011+0000] {dagbag.py:545} INFO - Filling up the DagBag from /home/airflow/.local/lib/python3.11/site-packages/airflow/example_dags/example_dynamic_task_mapping_with_no_taskflow_operators.py
[2026-06-02T05:56:10.020+0000] {processor.py:840} INFO - DAG(s) 'example_dynamic_task_mapping_with_no_taskflow_operators' retrieved from /home/airflow/.local/lib/python3.11/site-packages/airflow/example_dags/example_dynamic_task_mapping_with_no_taskflow_operators.py
[2026-06-02T05:56:10.040+0000] {logging_mixin.py:188} INFO - [2026-06-02T05:56:10.040+0000] {dag.py:3096} INFO - Sync 1 DAGs
[2026-06-02T05:56:10.061+0000] {logging_mixin.py:188} INFO - [2026-06-02T05:56:10.061+0000] {dag.py:3954} INFO - Setting next_dagrun for example_dynamic_task_mapping_with_no_taskflow_operators to 2026-06-01 00:00:00+00:00, run_after=2026-06-02 00:00:00+00:00
[2026-06-02T05:56:10.083+0000] {processor.py:183} INFO - Processing /home/airflow/.local/lib/python3.11/site-packages/airflow/example_dags/example_dynamic_task_mapping_with_no_taskflow_operators.py took 0.080 seconds
[2026-06-02T05:56:40.654+0000] {processor.py:161} INFO - Started process (PID=5241) to work on /home/airflow/.local/lib/python3.11/site-packages/airflow/example_dags/example_dynamic_task_mapping_with_no_taskflow_operators.py
[2026-06-02T05:56:40.655+0000] {processor.py:830} INFO - Processing file /home/airflow/.local/lib/python3.11/site-packages/airflow/example_dags/example_dynamic_task_mapping_with_no_taskflow_operators.py for tasks to queue
[2026-06-02T05:56:40.657+0000] {logging_mixin.py:188} INFO - [2026-06-02T05:56:40.657+0000] {dagbag.py:545} INFO - Filling up the DagBag from /home/airflow/.local/lib/python3.11/site-packages/airflow/example_dags/example_dynamic_task_mapping_with_no_taskflow_operators.py
[2026-06-02T05:56:40.663+0000] {processor.py:840} INFO - DAG(s) 'example_dynamic_task_mapping_with_no_taskflow_operators' retrieved from /home/airflow/.local/lib/python3.11/site-packages/airflow/example_dags/example_dynamic_task_mapping_with_no_taskflow_operators.py
[2026-06-02T05:56:40.681+0000] {logging_mixin.py:188} INFO - [2026-06-02T05:56:40.681+0000] {dag.py:3096} INFO - Sync 1 DAGs
[2026-06-02T05:56:40.700+0000] {logging_mixin.py:188} INFO - [2026-06-02T05:56:40.700+0000] {dag.py:3954} INFO - Setting next_dagrun for example_dynamic_task_mapping_with_no_taskflow_operators to 2026-06-01 00:00:00+00:00, run_after=2026-06-02 00:00:00+00:00
[2026-06-02T05:56:40.727+0000] {processor.py:183} INFO - Processing /home/airflow/.local/lib/python3.11/site-packages/airflow/example_dags/example_dynamic_task_mapping_with_no_taskflow_operators.py took 0.080 seconds
[2026-06-02T05:57:11.029+0000] {processor.py:161} INFO - Started process (PID=5517) to work on /home/airflow/.local/lib/python3.11/site-packages/airflow/example_dags/example_dynamic_task_mapping_with_no_taskflow_operators.py
[2026-06-02T05:57:11.031+0000] {processor.py:830} INFO - Processing file /home/airflow/.local/lib/python3.11/site-packages/airflow/example_dags/example_dynamic_task_mapping_with_no_taskflow_operators.py for tasks to queue
[2026-06-02T05:57:11.032+0000] {logging_mixin.py:188} INFO - [2026-06-02T05:57:11.032+0000] {dagbag.py:545} INFO - Filling up the DagBag from /home/airflow/.local/lib/python3.11/site-packages/airflow/example_dags/example_dynamic_task_mapping_with_no_taskflow_operators.py
[2026-06-02T05:57:11.040+0000] {processor.py:840} INFO - DAG(s) 'example_dynamic_task_mapping_with_no_taskflow_operators' retrieved from /home/airflow/.local/lib/python3.11/site-packages/airflow/example_dags/example_dynamic_task_mapping_with_no_taskflow_operators.py
[2026-06-02T05:57:11.057+0000] {logging_mixin.py:188} INFO - [2026-06-02T05:57:11.057+0000] {dag.py:3096} INFO - Sync 1 DAGs
[2026-06-02T05:57:11.075+0000] {logging_mixin.py:188} INFO - [2026-06-02T05:57:11.075+0000] {dag.py:3954} INFO - Setting next_dagrun for example_dynamic_task_mapping_with_no_taskflow_operators to 2026-06-01 00:00:00+00:00, run_after=2026-06-02 00:00:00+00:00
[2026-06-02T05:57:11.095+0000] {processor.py:183} INFO - Processing /home/airflow/.local/lib/python3.11/site-packages/airflow/example_dags/example_dynamic_task_mapping_with_no_taskflow_operators.py took 0.072 seconds
[2026-06-02T05:57:41.624+0000] {processor.py:161} INFO - Started process (PID=5793) to work on /home/airflow/.local/lib/python3.11/site-packages/airflow/example_dags/example_dynamic_task_mapping_with_no_taskflow_operators.py
[2026-06-02T05:57:41.625+0000] {processor.py:830} INFO - Processing file /home/airflow/.local/lib/python3.11/site-packages/airflow/example_dags/example_dynamic_task_mapping_with_no_taskflow_operators.py for tasks to queue
[2026-06-02T05:57:41.626+0000] {logging_mixin.py:188} INFO - [2026-06-02T05:57:41.626+0000] {dagbag.py:545} INFO - Filling up the DagBag from /home/airflow/.local/lib/python3.11/site-packages/airflow/example_dags/example_dynamic_task_mapping_with_no_taskflow_operators.py
[2026-06-02T05:57:41.632+0000] {processor.py:840} INFO - DAG(s) 'example_dynamic_task_mapping_with_no_taskflow_operators' retrieved from /home/airflow/.local/lib/python3.11/site-packages/airflow/example_dags/example_dynamic_task_mapping_with_no_taskflow_operators.py
[2026-06-02T05:57:41.649+0000] {logging_mixin.py:188} INFO - [2026-06-02T05:57:41.649+0000] {dag.py:3096} INFO - Sync 1 DAGs
[2026-06-02T05:57:41.672+0000] {logging_mixin.py:188} INFO - [2026-06-02T05:57:41.672+0000] {dag.py:3954} INFO - Setting next_dagrun for example_dynamic_task_mapping_with_no_taskflow_operators to 2026-06-01 00:00:00+00:00, run_after=2026-06-02 00:00:00+00:00
[2026-06-02T05:57:41.687+0000] {processor.py:183} INFO - Processing /home/airflow/.local/lib/python3.11/site-packages/airflow/example_dags/example_dynamic_task_mapping_with_no_taskflow_operators.py took 0.069 seconds
[2026-06-02T05:58:11.796+0000] {processor.py:161} INFO - Started process (PID=6069) to work on /home/airflow/.local/lib/python3.11/site-packages/airflow/example_dags/example_dynamic_task_mapping_with_no_taskflow_operators.py
[2026-06-02T05:58:11.797+0000] {processor.py:830} INFO - Processing file /home/airflow/.local/lib/python3.11/site-packages/airflow/example_dags/example_dynamic_task_mapping_with_no_taskflow_operators.py for tasks to queue
[2026-06-02T05:58:11.799+0000] {logging_mixin.py:188} INFO - [2026-06-02T05:58:11.799+0000] {dagbag.py:545} INFO - Filling up the DagBag from /home/airflow/.local/lib/python3.11/site-packages/airflow/example_dags/example_dynamic_task_mapping_with_no_taskflow_operators.py
[2026-06-02T05:58:11.806+0000] {processor.py:840} INFO - DAG(s) 'example_dynamic_task_mapping_with_no_taskflow_operators' retrieved from /home/airflow/.local/lib/python3.11/site-packages/airflow/example_dags/example_dynamic_task_mapping_with_no_taskflow_operators.py
[2026-06-02T05:58:11.823+0000] {logging_mixin.py:188} INFO - [2026-06-02T05:58:11.823+0000] {dag.py:3096} INFO - Sync 1 DAGs
[2026-06-02T05:58:11.842+0000] {logging_mixin.py:188} INFO - [2026-06-02T05:58:11.842+0000] {dag.py:3954} INFO - Setting next_dagrun for example_dynamic_task_mapping_with_no_taskflow_operators to 2026-06-01 00:00:00+00:00, run_after=2026-06-02 00:00:00+00:00
[2026-06-02T05:58:11.859+0000] {processor.py:183} INFO - Processing /home/airflow/.local/lib/python3.11/site-packages/airflow/example_dags/example_dynamic_task_mapping_with_no_taskflow_operators.py took 0.069 seconds
[2026-06-02T05:59:18.602+0000] {processor.py:161} INFO - Started process (PID=232) to work on /home/airflow/.local/lib/python3.11/site-packages/airflow/example_dags/example_dynamic_task_mapping_with_no_taskflow_operators.py
[2026-06-02T05:59:18.604+0000] {processor.py:830} INFO - Processing file /home/airflow/.local/lib/python3.11/site-packages/airflow/example_dags/example_dynamic_task_mapping_with_no_taskflow_operators.py for tasks to queue
[2026-06-02T05:59:18.606+0000] {logging_mixin.py:188} INFO - [2026-06-02T05:59:18.606+0000] {dagbag.py:545} INFO - Filling up the DagBag from /home/airflow/.local/lib/python3.11/site-packages/airflow/example_dags/example_dynamic_task_mapping_with_no_taskflow_operators.py
[2026-06-02T05:59:18.614+0000] {processor.py:840} INFO - DAG(s) 'example_dynamic_task_mapping_with_no_taskflow_operators' retrieved from /home/airflow/.local/lib/python3.11/site-packages/airflow/example_dags/example_dynamic_task_mapping_with_no_taskflow_operators.py
[2026-06-02T05:59:18.631+0000] {logging_mixin.py:188} INFO - [2026-06-02T05:59:18.630+0000] {dag.py:3096} INFO - Sync 1 DAGs
[2026-06-02T05:59:18.663+0000] {logging_mixin.py:188} INFO - [2026-06-02T05:59:18.663+0000] {dag.py:3954} INFO - Setting next_dagrun for example_dynamic_task_mapping_with_no_taskflow_operators to 2026-06-01 00:00:00+00:00, run_after=2026-06-02 00:00:00+00:00
[2026-06-02T05:59:18.705+0000] {processor.py:183} INFO - Processing /home/airflow/.local/lib/python3.11/site-packages/airflow/example_dags/example_dynamic_task_mapping_with_no_taskflow_operators.py took 0.111 seconds
[2026-06-02T05:59:48.920+0000] {processor.py:161} INFO - Started process (PID=502) to work on /home/airflow/.local/lib/python3.11/site-packages/airflow/example_dags/example_dynamic_task_mapping_with_no_taskflow_operators.py
[2026-06-02T05:59:48.921+0000] {processor.py:830} INFO - Processing file /home/airflow/.local/lib/python3.11/site-packages/airflow/example_dags/example_dynamic_task_mapping_with_no_taskflow_operators.py for tasks to queue
[2026-06-02T05:59:48.923+0000] {logging_mixin.py:188} INFO - [2026-06-02T05:59:48.922+0000] {dagbag.py:545} INFO - Filling up the DagBag from /home/airflow/.local/lib/python3.11/site-packages/airflow/example_dags/example_dynamic_task_mapping_with_no_taskflow_operators.py
[2026-06-02T05:59:48.929+0000] {processor.py:840} INFO - DAG(s) 'example_dynamic_task_mapping_with_no_taskflow_operators' retrieved from /home/airflow/.local/lib/python3.11/site-packages/airflow/example_dags/example_dynamic_task_mapping_with_no_taskflow_operators.py
[2026-06-02T05:59:49.009+0000] {logging_mixin.py:188} INFO - [2026-06-02T05:59:49.009+0000] {dag.py:3096} INFO - Sync 1 DAGs
[2026-06-02T05:59:49.023+0000] {logging_mixin.py:188} INFO - [2026-06-02T05:59:49.023+0000] {dag.py:3954} INFO - Setting next_dagrun for example_dynamic_task_mapping_with_no_taskflow_operators to 2026-06-01 00:00:00+00:00, run_after=2026-06-02 00:00:00+00:00
[2026-06-02T05:59:49.042+0000] {processor.py:183} INFO - Processing /home/airflow/.local/lib/python3.11/site-packages/airflow/example_dags/example_dynamic_task_mapping_with_no_taskflow_operators.py took 0.129 seconds
[2026-06-02T06:00:19.399+0000] {processor.py:161} INFO - Started process (PID=778) to work on /home/airflow/.local/lib/python3.11/site-packages/airflow/example_dags/example_dynamic_task_mapping_with_no_taskflow_operators.py
[2026-06-02T06:00:19.400+0000] {processor.py:830} INFO - Processing file /home/airflow/.local/lib/python3.11/site-packages/airflow/example_dags/example_dynamic_task_mapping_with_no_taskflow_operators.py for tasks to queue
[2026-06-02T06:00:19.402+0000] {logging_mixin.py:188} INFO - [2026-06-02T06:00:19.402+0000] {dagbag.py:545} INFO - Filling up the DagBag from /home/airflow/.local/lib/python3.11/site-packages/airflow/example_dags/example_dynamic_task_mapping_with_no_taskflow_operators.py
[2026-06-02T06:00:19.408+0000] {processor.py:840} INFO - DAG(s) 'example_dynamic_task_mapping_with_no_taskflow_operators' retrieved from /home/airflow/.local/lib/python3.11/site-packages/airflow/example_dags/example_dynamic_task_mapping_with_no_taskflow_operators.py
[2026-06-02T06:00:19.427+0000] {logging_mixin.py:188} INFO - [2026-06-02T06:00:19.427+0000] {dag.py:3096} INFO - Sync 1 DAGs
[2026-06-02T06:00:19.445+0000] {logging_mixin.py:188} INFO - [2026-06-02T06:00:19.445+0000] {dag.py:3954} INFO - Setting next_dagrun for example_dynamic_task_mapping_with_no_taskflow_operators to 2026-06-01 00:00:00+00:00, run_after=2026-06-02 00:00:00+00:00
[2026-06-02T06:00:19.461+0000] {processor.py:183} INFO - Processing /home/airflow/.local/lib/python3.11/site-packages/airflow/example_dags/example_dynamic_task_mapping_with_no_taskflow_operators.py took 0.068 seconds
[2026-06-02T06:01:30.410+0000] {processor.py:161} INFO - Started process (PID=232) to work on /home/airflow/.local/lib/python3.11/site-packages/airflow/example_dags/example_dynamic_task_mapping_with_no_taskflow_operators.py
[2026-06-02T06:01:30.411+0000] {processor.py:830} INFO - Processing file /home/airflow/.local/lib/python3.11/site-packages/airflow/example_dags/example_dynamic_task_mapping_with_no_taskflow_operators.py for tasks to queue
[2026-06-02T06:01:30.414+0000] {logging_mixin.py:188} INFO - [2026-06-02T06:01:30.413+0000] {dagbag.py:545} INFO - Filling up the DagBag from /home/airflow/.local/lib/python3.11/site-packages/airflow/example_dags/example_dynamic_task_mapping_with_no_taskflow_operators.py
[2026-06-02T06:01:30.422+0000] {processor.py:840} INFO - DAG(s) 'example_dynamic_task_mapping_with_no_taskflow_operators' retrieved from /home/airflow/.local/lib/python3.11/site-packages/airflow/example_dags/example_dynamic_task_mapping_with_no_taskflow_operators.py
[2026-06-02T06:01:30.438+0000] {logging_mixin.py:188} INFO - [2026-06-02T06:01:30.437+0000] {dag.py:3096} INFO - Sync 1 DAGs
[2026-06-02T06:01:30.466+0000] {logging_mixin.py:188} INFO - [2026-06-02T06:01:30.466+0000] {dag.py:3954} INFO - Setting next_dagrun for example_dynamic_task_mapping_with_no_taskflow_operators to 2026-06-01 00:00:00+00:00, run_after=2026-06-02 00:00:00+00:00
[2026-06-02T06:01:30.500+0000] {processor.py:183} INFO - Processing /home/airflow/.local/lib/python3.11/site-packages/airflow/example_dags/example_dynamic_task_mapping_with_no_taskflow_operators.py took 0.098 seconds
[2026-06-02T06:02:00.718+0000] {processor.py:161} INFO - Started process (PID=504) to work on /home/airflow/.local/lib/python3.11/site-packages/airflow/example_dags/example_dynamic_task_mapping_with_no_taskflow_operators.py
[2026-06-02T06:02:00.719+0000] {processor.py:830} INFO - Processing file /home/airflow/.local/lib/python3.11/site-packages/airflow/example_dags/example_dynamic_task_mapping_with_no_taskflow_operators.py for tasks to queue
[2026-06-02T06:02:00.721+0000] {logging_mixin.py:188} INFO - [2026-06-02T06:02:00.720+0000] {dagbag.py:545} INFO - Filling up the DagBag from /home/airflow/.local/lib/python3.11/site-packages/airflow/example_dags/example_dynamic_task_mapping_with_no_taskflow_operators.py
[2026-06-02T06:02:00.727+0000] {processor.py:840} INFO - DAG(s) 'example_dynamic_task_mapping_with_no_taskflow_operators' retrieved from /home/airflow/.local/lib/python3.11/site-packages/airflow/example_dags/example_dynamic_task_mapping_with_no_taskflow_operators.py
[2026-06-02T06:02:00.823+0000] {logging_mixin.py:188} INFO - [2026-06-02T06:02:00.822+0000] {dag.py:3096} INFO - Sync 1 DAGs
[2026-06-02T06:02:00.841+0000] {logging_mixin.py:188} INFO - [2026-06-02T06:02:00.841+0000] {dag.py:3954} INFO - Setting next_dagrun for example_dynamic_task_mapping_with_no_taskflow_operators to 2026-06-01 00:00:00+00:00, run_after=2026-06-02 00:00:00+00:00
[2026-06-02T06:02:00.866+0000] {processor.py:183} INFO - Processing /home/airflow/.local/lib/python3.11/site-packages/airflow/example_dags/example_dynamic_task_mapping_with_no_taskflow_operators.py took 0.154 seconds
[2026-06-02T06:02:31.090+0000] {processor.py:161} INFO - Started process (PID=778) to work on /home/airflow/.local/lib/python3.11/site-packages/airflow/example_dags/example_dynamic_task_mapping_with_no_taskflow_operators.py
[2026-06-02T06:02:31.091+0000] {processor.py:830} INFO - Processing file /home/airflow/.local/lib/python3.11/site-packages/airflow/example_dags/example_dynamic_task_mapping_with_no_taskflow_operators.py for tasks to queue
[2026-06-02T06:02:31.094+0000] {logging_mixin.py:188} INFO - [2026-06-02T06:02:31.093+0000] {dagbag.py:545} INFO - Filling up the DagBag from /home/airflow/.local/lib/python3.11/site-packages/airflow/example_dags/example_dynamic_task_mapping_with_no_taskflow_operators.py
[2026-06-02T06:02:31.102+0000] {processor.py:840} INFO - DAG(s) 'example_dynamic_task_mapping_with_no_taskflow_operators' retrieved from /home/airflow/.local/lib/python3.11/site-packages/airflow/example_dags/example_dynamic_task_mapping_with_no_taskflow_operators.py
[2026-06-02T06:02:31.127+0000] {logging_mixin.py:188} INFO - [2026-06-02T06:02:31.127+0000] {dag.py:3096} INFO - Sync 1 DAGs
[2026-06-02T06:02:31.148+0000] {logging_mixin.py:188} INFO - [2026-06-02T06:02:31.147+0000] {dag.py:3954} INFO - Setting next_dagrun for example_dynamic_task_mapping_with_no_taskflow_operators to 2026-06-01 00:00:00+00:00, run_after=2026-06-02 00:00:00+00:00
[2026-06-02T06:02:31.164+0000] {processor.py:183} INFO - Processing /home/airflow/.local/lib/python3.11/site-packages/airflow/example_dags/example_dynamic_task_mapping_with_no_taskflow_operators.py took 0.081 seconds
[2026-06-02T06:03:01.874+0000] {processor.py:161} INFO - Started process (PID=1076) to work on /home/airflow/.local/lib/python3.11/site-packages/airflow/example_dags/example_dynamic_task_mapping_with_no_taskflow_operators.py
[2026-06-02T06:03:01.875+0000] {processor.py:830} INFO - Processing file /home/airflow/.local/lib/python3.11/site-packages/airflow/example_dags/example_dynamic_task_mapping_with_no_taskflow_operators.py for tasks to queue
[2026-06-02T06:03:01.877+0000] {logging_mixin.py:188} INFO - [2026-06-02T06:03:01.877+0000] {dagbag.py:545} INFO - Filling up the DagBag from /home/airflow/.local/lib/python3.11/site-packages/airflow/example_dags/example_dynamic_task_mapping_with_no_taskflow_operators.py
[2026-06-02T06:03:01.885+0000] {processor.py:840} INFO - DAG(s) 'example_dynamic_task_mapping_with_no_taskflow_operators' retrieved from /home/airflow/.local/lib/python3.11/site-packages/airflow/example_dags/example_dynamic_task_mapping_with_no_taskflow_operators.py
[2026-06-02T06:03:01.904+0000] {logging_mixin.py:188} INFO - [2026-06-02T06:03:01.904+0000] {dag.py:3096} INFO - Sync 1 DAGs
[2026-06-02T06:03:01.923+0000] {logging_mixin.py:188} INFO - [2026-06-02T06:03:01.923+0000] {dag.py:3954} INFO - Setting next_dagrun for example_dynamic_task_mapping_with_no_taskflow_operators to 2026-06-01 00:00:00+00:00, run_after=2026-06-02 00:00:00+00:00
[2026-06-02T06:03:01.940+0000] {processor.py:183} INFO - Processing /home/airflow/.local/lib/python3.11/site-packages/airflow/example_dags/example_dynamic_task_mapping_with_no_taskflow_operators.py took 0.072 seconds
[2026-06-02T06:03:32.182+0000] {processor.py:161} INFO - Started process (PID=1377) to work on /home/airflow/.local/lib/python3.11/site-packages/airflow/example_dags/example_dynamic_task_mapping_with_no_taskflow_operators.py
[2026-06-02T06:03:32.183+0000] {processor.py:830} INFO - Processing file /home/airflow/.local/lib/python3.11/site-packages/airflow/example_dags/example_dynamic_task_mapping_with_no_taskflow_operators.py for tasks to queue
[2026-06-02T06:03:32.185+0000] {logging_mixin.py:188} INFO - [2026-06-02T06:03:32.185+0000] {dagbag.py:545} INFO - Filling up the DagBag from /home/airflow/.local/lib/python3.11/site-packages/airflow/example_dags/example_dynamic_task_mapping_with_no_taskflow_operators.py
[2026-06-02T06:03:32.191+0000] {processor.py:840} INFO - DAG(s) 'example_dynamic_task_mapping_with_no_taskflow_operators' retrieved from /home/airflow/.local/lib/python3.11/site-packages/airflow/example_dags/example_dynamic_task_mapping_with_no_taskflow_operators.py
[2026-06-02T06:03:32.209+0000] {logging_mixin.py:188} INFO - [2026-06-02T06:03:32.209+0000] {dag.py:3096} INFO - Sync 1 DAGs
[2026-06-02T06:03:32.228+0000] {logging_mixin.py:188} INFO - [2026-06-02T06:03:32.227+0000] {dag.py:3954} INFO - Setting next_dagrun for example_dynamic_task_mapping_with_no_taskflow_operators to 2026-06-01 00:00:00+00:00, run_after=2026-06-02 00:00:00+00:00
[2026-06-02T06:03:32.246+0000] {processor.py:183} INFO - Processing /home/airflow/.local/lib/python3.11/site-packages/airflow/example_dags/example_dynamic_task_mapping_with_no_taskflow_operators.py took 0.069 seconds
[2026-06-02T06:04:02.673+0000] {processor.py:161} INFO - Started process (PID=1651) to work on /home/airflow/.local/lib/python3.11/site-packages/airflow/example_dags/example_dynamic_task_mapping_with_no_taskflow_operators.py
[2026-06-02T06:04:02.675+0000] {processor.py:830} INFO - Processing file /home/airflow/.local/lib/python3.11/site-packages/airflow/example_dags/example_dynamic_task_mapping_with_no_taskflow_operators.py for tasks to queue
[2026-06-02T06:04:02.677+0000] {logging_mixin.py:188} INFO - [2026-06-02T06:04:02.677+0000] {dagbag.py:545} INFO - Filling up the DagBag from /home/airflow/.local/lib/python3.11/site-packages/airflow/example_dags/example_dynamic_task_mapping_with_no_taskflow_operators.py
[2026-06-02T06:04:02.690+0000] {processor.py:840} INFO - DAG(s) 'example_dynamic_task_mapping_with_no_taskflow_operators' retrieved from /home/airflow/.local/lib/python3.11/site-packages/airflow/example_dags/example_dynamic_task_mapping_with_no_taskflow_operators.py
[2026-06-02T06:04:02.736+0000] {logging_mixin.py:188} INFO - [2026-06-02T06:04:02.736+0000] {dag.py:3096} INFO - Sync 1 DAGs
[2026-06-02T06:04:02.765+0000] {logging_mixin.py:188} INFO - [2026-06-02T06:04:02.765+0000] {dag.py:3954} INFO - Setting next_dagrun for example_dynamic_task_mapping_with_no_taskflow_operators to 2026-06-01 00:00:00+00:00, run_after=2026-06-02 00:00:00+00:00
[2026-06-02T06:04:02.783+0000] {processor.py:183} INFO - Processing /home/airflow/.local/lib/python3.11/site-packages/airflow/example_dags/example_dynamic_task_mapping_with_no_taskflow_operators.py took 0.117 seconds
[2026-06-02T06:04:33.589+0000] {processor.py:161} INFO - Started process (PID=1949) to work on /home/airflow/.local/lib/python3.11/site-packages/airflow/example_dags/example_dynamic_task_mapping_with_no_taskflow_operators.py
[2026-06-02T06:04:33.592+0000] {processor.py:830} INFO - Processing file /home/airflow/.local/lib/python3.11/site-packages/airflow/example_dags/example_dynamic_task_mapping_with_no_taskflow_operators.py for tasks to queue
[2026-06-02T06:04:33.595+0000] {logging_mixin.py:188} INFO - [2026-06-02T06:04:33.594+0000] {dagbag.py:545} INFO - Filling up the DagBag from /home/airflow/.local/lib/python3.11/site-packages/airflow/example_dags/example_dynamic_task_mapping_with_no_taskflow_operators.py
[2026-06-02T06:04:33.604+0000] {processor.py:840} INFO - DAG(s) 'example_dynamic_task_mapping_with_no_taskflow_operators' retrieved from /home/airflow/.local/lib/python3.11/site-packages/airflow/example_dags/example_dynamic_task_mapping_with_no_taskflow_operators.py
[2026-06-02T06:04:33.637+0000] {logging_mixin.py:188} INFO - [2026-06-02T06:04:33.636+0000] {dag.py:3096} INFO - Sync 1 DAGs
[2026-06-02T06:04:33.672+0000] {logging_mixin.py:188} INFO - [2026-06-02T06:04:33.671+0000] {dag.py:3954} INFO - Setting next_dagrun for example_dynamic_task_mapping_with_no_taskflow_operators to 2026-06-01 00:00:00+00:00, run_after=2026-06-02 00:00:00+00:00
[2026-06-02T06:04:33.704+0000] {processor.py:183} INFO - Processing /home/airflow/.local/lib/python3.11/site-packages/airflow/example_dags/example_dynamic_task_mapping_with_no_taskflow_operators.py took 0.123 seconds
[2026-06-02T06:05:04.129+0000] {processor.py:161} INFO - Started process (PID=2226) to work on /home/airflow/.local/lib/python3.11/site-packages/airflow/example_dags/example_dynamic_task_mapping_with_no_taskflow_operators.py
[2026-06-02T06:05:04.130+0000] {processor.py:830} INFO - Processing file /home/airflow/.local/lib/python3.11/site-packages/airflow/example_dags/example_dynamic_task_mapping_with_no_taskflow_operators.py for tasks to queue
[2026-06-02T06:05:04.133+0000] {logging_mixin.py:188} INFO - [2026-06-02T06:05:04.132+0000] {dagbag.py:545} INFO - Filling up the DagBag from /home/airflow/.local/lib/python3.11/site-packages/airflow/example_dags/example_dynamic_task_mapping_with_no_taskflow_operators.py
[2026-06-02T06:05:04.145+0000] {processor.py:840} INFO - DAG(s) 'example_dynamic_task_mapping_with_no_taskflow_operators' retrieved from /home/airflow/.local/lib/python3.11/site-packages/airflow/example_dags/example_dynamic_task_mapping_with_no_taskflow_operators.py
[2026-06-02T06:05:04.170+0000] {logging_mixin.py:188} INFO - [2026-06-02T06:05:04.170+0000] {dag.py:3096} INFO - Sync 1 DAGs
[2026-06-02T06:05:04.198+0000] {logging_mixin.py:188} INFO - [2026-06-02T06:05:04.198+0000] {dag.py:3954} INFO - Setting next_dagrun for example_dynamic_task_mapping_with_no_taskflow_operators to 2026-06-01 00:00:00+00:00, run_after=2026-06-02 00:00:00+00:00
[2026-06-02T06:05:04.231+0000] {processor.py:183} INFO - Processing /home/airflow/.local/lib/python3.11/site-packages/airflow/example_dags/example_dynamic_task_mapping_with_no_taskflow_operators.py took 0.112 seconds
[2026-06-02T06:05:34.377+0000] {processor.py:161} INFO - Started process (PID=2509) to work on /home/airflow/.local/lib/python3.11/site-packages/airflow/example_dags/example_dynamic_task_mapping_with_no_taskflow_operators.py
[2026-06-02T06:05:34.379+0000] {processor.py:830} INFO - Processing file /home/airflow/.local/lib/python3.11/site-packages/airflow/example_dags/example_dynamic_task_mapping_with_no_taskflow_operators.py for tasks to queue
[2026-06-02T06:05:34.381+0000] {logging_mixin.py:188} INFO - [2026-06-02T06:05:34.381+0000] {dagbag.py:545} INFO - Filling up the DagBag from /home/airflow/.local/lib/python3.11/site-packages/airflow/example_dags/example_dynamic_task_mapping_with_no_taskflow_operators.py
[2026-06-02T06:05:34.391+0000] {processor.py:840} INFO - DAG(s) 'example_dynamic_task_mapping_with_no_taskflow_operators' retrieved from /home/airflow/.local/lib/python3.11/site-packages/airflow/example_dags/example_dynamic_task_mapping_with_no_taskflow_operators.py
[2026-06-02T06:05:34.417+0000] {logging_mixin.py:188} INFO - [2026-06-02T06:05:34.417+0000] {dag.py:3096} INFO - Sync 1 DAGs
[2026-06-02T06:05:34.446+0000] {logging_mixin.py:188} INFO - [2026-06-02T06:05:34.446+0000] {dag.py:3954} INFO - Setting next_dagrun for example_dynamic_task_mapping_with_no_taskflow_operators to 2026-06-01 00:00:00+00:00, run_after=2026-06-02 00:00:00+00:00
[2026-06-02T06:05:34.478+0000] {processor.py:183} INFO - Processing /home/airflow/.local/lib/python3.11/site-packages/airflow/example_dags/example_dynamic_task_mapping_with_no_taskflow_operators.py took 0.110 seconds
[2026-06-02T06:06:04.665+0000] {processor.py:161} INFO - Started process (PID=2785) to work on /home/airflow/.local/lib/python3.11/site-packages/airflow/example_dags/example_dynamic_task_mapping_with_no_taskflow_operators.py
[2026-06-02T06:06:04.667+0000] {processor.py:830} INFO - Processing file /home/airflow/.local/lib/python3.11/site-packages/airflow/example_dags/example_dynamic_task_mapping_with_no_taskflow_operators.py for tasks to queue
[2026-06-02T06:06:04.669+0000] {logging_mixin.py:188} INFO - [2026-06-02T06:06:04.669+0000] {dagbag.py:545} INFO - Filling up the DagBag from /home/airflow/.local/lib/python3.11/site-packages/airflow/example_dags/example_dynamic_task_mapping_with_no_taskflow_operators.py
[2026-06-02T06:06:04.683+0000] {processor.py:840} INFO - DAG(s) 'example_dynamic_task_mapping_with_no_taskflow_operators' retrieved from /home/airflow/.local/lib/python3.11/site-packages/airflow/example_dags/example_dynamic_task_mapping_with_no_taskflow_operators.py
[2026-06-02T06:06:04.710+0000] {logging_mixin.py:188} INFO - [2026-06-02T06:06:04.709+0000] {dag.py:3096} INFO - Sync 1 DAGs
[2026-06-02T06:06:04.734+0000] {logging_mixin.py:188} INFO - [2026-06-02T06:06:04.734+0000] {dag.py:3954} INFO - Setting next_dagrun for example_dynamic_task_mapping_with_no_taskflow_operators to 2026-06-01 00:00:00+00:00, run_after=2026-06-02 00:00:00+00:00
[2026-06-02T06:06:04.767+0000] {processor.py:183} INFO - Processing /home/airflow/.local/lib/python3.11/site-packages/airflow/example_dags/example_dynamic_task_mapping_with_no_taskflow_operators.py took 0.109 seconds
[2026-06-02T06:06:34.865+0000] {processor.py:161} INFO - Started process (PID=3061) to work on /home/airflow/.local/lib/python3.11/site-packages/airflow/example_dags/example_dynamic_task_mapping_with_no_taskflow_operators.py
[2026-06-02T06:06:34.866+0000] {processor.py:830} INFO - Processing file /home/airflow/.local/lib/python3.11/site-packages/airflow/example_dags/example_dynamic_task_mapping_with_no_taskflow_operators.py for tasks to queue
[2026-06-02T06:06:34.869+0000] {logging_mixin.py:188} INFO - [2026-06-02T06:06:34.868+0000] {dagbag.py:545} INFO - Filling up the DagBag from /home/airflow/.local/lib/python3.11/site-packages/airflow/example_dags/example_dynamic_task_mapping_with_no_taskflow_operators.py
[2026-06-02T06:06:34.879+0000] {processor.py:840} INFO - DAG(s) 'example_dynamic_task_mapping_with_no_taskflow_operators' retrieved from /home/airflow/.local/lib/python3.11/site-packages/airflow/example_dags/example_dynamic_task_mapping_with_no_taskflow_operators.py
[2026-06-02T06:06:34.913+0000] {logging_mixin.py:188} INFO - [2026-06-02T06:06:34.913+0000] {dag.py:3096} INFO - Sync 1 DAGs
[2026-06-02T06:06:34.943+0000] {logging_mixin.py:188} INFO - [2026-06-02T06:06:34.942+0000] {dag.py:3954} INFO - Setting next_dagrun for example_dynamic_task_mapping_with_no_taskflow_operators to 2026-06-01 00:00:00+00:00, run_after=2026-06-02 00:00:00+00:00
[2026-06-02T06:06:34.974+0000] {processor.py:183} INFO - Processing /home/airflow/.local/lib/python3.11/site-packages/airflow/example_dags/example_dynamic_task_mapping_with_no_taskflow_operators.py took 0.117 seconds
[2026-06-02T06:07:05.861+0000] {processor.py:161} INFO - Started process (PID=3353) to work on /home/airflow/.local/lib/python3.11/site-packages/airflow/example_dags/example_dynamic_task_mapping_with_no_taskflow_operators.py
[2026-06-02T06:07:05.862+0000] {processor.py:830} INFO - Processing file /home/airflow/.local/lib/python3.11/site-packages/airflow/example_dags/example_dynamic_task_mapping_with_no_taskflow_operators.py for tasks to queue
[2026-06-02T06:07:05.863+0000] {logging_mixin.py:188} INFO - [2026-06-02T06:07:05.863+0000] {dagbag.py:545} INFO - Filling up the DagBag from /home/airflow/.local/lib/python3.11/site-packages/airflow/example_dags/example_dynamic_task_mapping_with_no_taskflow_operators.py
[2026-06-02T06:07:05.870+0000] {processor.py:840} INFO - DAG(s) 'example_dynamic_task_mapping_with_no_taskflow_operators' retrieved from /home/airflow/.local/lib/python3.11/site-packages/airflow/example_dags/example_dynamic_task_mapping_with_no_taskflow_operators.py
[2026-06-02T06:07:05.890+0000] {logging_mixin.py:188} INFO - [2026-06-02T06:07:05.890+0000] {dag.py:3096} INFO - Sync 1 DAGs
[2026-06-02T06:07:05.907+0000] {logging_mixin.py:188} INFO - [2026-06-02T06:07:05.907+0000] {dag.py:3954} INFO - Setting next_dagrun for example_dynamic_task_mapping_with_no_taskflow_operators to 2026-06-01 00:00:00+00:00, run_after=2026-06-02 00:00:00+00:00
[2026-06-02T06:07:05.933+0000] {processor.py:183} INFO - Processing /home/airflow/.local/lib/python3.11/site-packages/airflow/example_dags/example_dynamic_task_mapping_with_no_taskflow_operators.py took 0.078 seconds
[2026-06-02T06:07:36.336+0000] {processor.py:161} INFO - Started process (PID=3627) to work on /home/airflow/.local/lib/python3.11/site-packages/airflow/example_dags/example_dynamic_task_mapping_with_no_taskflow_operators.py
[2026-06-02T06:07:36.337+0000] {processor.py:830} INFO - Processing file /home/airflow/.local/lib/python3.11/site-packages/airflow/example_dags/example_dynamic_task_mapping_with_no_taskflow_operators.py for tasks to queue
[2026-06-02T06:07:36.340+0000] {logging_mixin.py:188} INFO - [2026-06-02T06:07:36.339+0000] {dagbag.py:545} INFO - Filling up the DagBag from /home/airflow/.local/lib/python3.11/site-packages/airflow/example_dags/example_dynamic_task_mapping_with_no_taskflow_operators.py
[2026-06-02T06:07:36.348+0000] {processor.py:840} INFO - DAG(s) 'example_dynamic_task_mapping_with_no_taskflow_operators' retrieved from /home/airflow/.local/lib/python3.11/site-packages/airflow/example_dags/example_dynamic_task_mapping_with_no_taskflow_operators.py
[2026-06-02T06:07:36.369+0000] {logging_mixin.py:188} INFO - [2026-06-02T06:07:36.369+0000] {dag.py:3096} INFO - Sync 1 DAGs
[2026-06-02T06:07:36.391+0000] {logging_mixin.py:188} INFO - [2026-06-02T06:07:36.391+0000] {dag.py:3954} INFO - Setting next_dagrun for example_dynamic_task_mapping_with_no_taskflow_operators to 2026-06-01 00:00:00+00:00, run_after=2026-06-02 00:00:00+00:00
[2026-06-02T06:07:36.412+0000] {processor.py:183} INFO - Processing /home/airflow/.local/lib/python3.11/site-packages/airflow/example_dags/example_dynamic_task_mapping_with_no_taskflow_operators.py took 0.084 seconds
[2026-06-02T06:08:06.817+0000] {processor.py:161} INFO - Started process (PID=3903) to work on /home/airflow/.local/lib/python3.11/site-packages/airflow/example_dags/example_dynamic_task_mapping_with_no_taskflow_operators.py
[2026-06-02T06:08:06.818+0000] {processor.py:830} INFO - Processing file /home/airflow/.local/lib/python3.11/site-packages/airflow/example_dags/example_dynamic_task_mapping_with_no_taskflow_operators.py for tasks to queue
[2026-06-02T06:08:06.820+0000] {logging_mixin.py:188} INFO - [2026-06-02T06:08:06.820+0000] {dagbag.py:545} INFO - Filling up the DagBag from /home/airflow/.local/lib/python3.11/site-packages/airflow/example_dags/example_dynamic_task_mapping_with_no_taskflow_operators.py
[2026-06-02T06:08:06.826+0000] {processor.py:840} INFO - DAG(s) 'example_dynamic_task_mapping_with_no_taskflow_operators' retrieved from /home/airflow/.local/lib/python3.11/site-packages/airflow/example_dags/example_dynamic_task_mapping_with_no_taskflow_operators.py
[2026-06-02T06:08:06.845+0000] {logging_mixin.py:188} INFO - [2026-06-02T06:08:06.844+0000] {dag.py:3096} INFO - Sync 1 DAGs
[2026-06-02T06:08:06.863+0000] {logging_mixin.py:188} INFO - [2026-06-02T06:08:06.863+0000] {dag.py:3954} INFO - Setting next_dagrun for example_dynamic_task_mapping_with_no_taskflow_operators to 2026-06-01 00:00:00+00:00, run_after=2026-06-02 00:00:00+00:00
[2026-06-02T06:08:06.883+0000] {processor.py:183} INFO - Processing /home/airflow/.local/lib/python3.11/site-packages/airflow/example_dags/example_dynamic_task_mapping_with_no_taskflow_operators.py took 0.071 seconds
[2026-06-02T06:08:37.349+0000] {processor.py:161} INFO - Started process (PID=4181) to work on /home/airflow/.local/lib/python3.11/site-packages/airflow/example_dags/example_dynamic_task_mapping_with_no_taskflow_operators.py
[2026-06-02T06:08:37.350+0000] {processor.py:830} INFO - Processing file /home/airflow/.local/lib/python3.11/site-packages/airflow/example_dags/example_dynamic_task_mapping_with_no_taskflow_operators.py for tasks to queue
[2026-06-02T06:08:37.352+0000] {logging_mixin.py:188} INFO - [2026-06-02T06:08:37.352+0000] {dagbag.py:545} INFO - Filling up the DagBag from /home/airflow/.local/lib/python3.11/site-packages/airflow/example_dags/example_dynamic_task_mapping_with_no_taskflow_operators.py
[2026-06-02T06:08:37.358+0000] {processor.py:840} INFO - DAG(s) 'example_dynamic_task_mapping_with_no_taskflow_operators' retrieved from /home/airflow/.local/lib/python3.11/site-packages/airflow/example_dags/example_dynamic_task_mapping_with_no_taskflow_operators.py
[2026-06-02T06:08:37.377+0000] {logging_mixin.py:188} INFO - [2026-06-02T06:08:37.377+0000] {dag.py:3096} INFO - Sync 1 DAGs
[2026-06-02T06:08:37.397+0000] {logging_mixin.py:188} INFO - [2026-06-02T06:08:37.397+0000] {dag.py:3954} INFO - Setting next_dagrun for example_dynamic_task_mapping_with_no_taskflow_operators to 2026-06-01 00:00:00+00:00, run_after=2026-06-02 00:00:00+00:00
[2026-06-02T06:08:37.416+0000] {processor.py:183} INFO - Processing /home/airflow/.local/lib/python3.11/site-packages/airflow/example_dags/example_dynamic_task_mapping_with_no_taskflow_operators.py took 0.074 seconds
[2026-06-02T06:09:07.542+0000] {processor.py:161} INFO - Started process (PID=4455) to work on /home/airflow/.local/lib/python3.11/site-packages/airflow/example_dags/example_dynamic_task_mapping_with_no_taskflow_operators.py
[2026-06-02T06:09:07.544+0000] {processor.py:830} INFO - Processing file /home/airflow/.local/lib/python3.11/site-packages/airflow/example_dags/example_dynamic_task_mapping_with_no_taskflow_operators.py for tasks to queue
[2026-06-02T06:09:07.547+0000] {logging_mixin.py:188} INFO - [2026-06-02T06:09:07.546+0000] {dagbag.py:545} INFO - Filling up the DagBag from /home/airflow/.local/lib/python3.11/site-packages/airflow/example_dags/example_dynamic_task_mapping_with_no_taskflow_operators.py
[2026-06-02T06:09:07.554+0000] {processor.py:840} INFO - DAG(s) 'example_dynamic_task_mapping_with_no_taskflow_operators' retrieved from /home/airflow/.local/lib/python3.11/site-packages/airflow/example_dags/example_dynamic_task_mapping_with_no_taskflow_operators.py
[2026-06-02T06:09:07.576+0000] {logging_mixin.py:188} INFO - [2026-06-02T06:09:07.576+0000] {dag.py:3096} INFO - Sync 1 DAGs
[2026-06-02T06:09:07.598+0000] {logging_mixin.py:188} INFO - [2026-06-02T06:09:07.597+0000] {dag.py:3954} INFO - Setting next_dagrun for example_dynamic_task_mapping_with_no_taskflow_operators to 2026-06-01 00:00:00+00:00, run_after=2026-06-02 00:00:00+00:00
[2026-06-02T06:09:07.621+0000] {processor.py:183} INFO - Processing /home/airflow/.local/lib/python3.11/site-packages/airflow/example_dags/example_dynamic_task_mapping_with_no_taskflow_operators.py took 0.087 seconds
[2026-06-02T06:09:38.312+0000] {processor.py:161} INFO - Started process (PID=4733) to work on /home/airflow/.local/lib/python3.11/site-packages/airflow/example_dags/example_dynamic_task_mapping_with_no_taskflow_operators.py
[2026-06-02T06:09:38.313+0000] {processor.py:830} INFO - Processing file /home/airflow/.local/lib/python3.11/site-packages/airflow/example_dags/example_dynamic_task_mapping_with_no_taskflow_operators.py for tasks to queue
[2026-06-02T06:09:38.315+0000] {logging_mixin.py:188} INFO - [2026-06-02T06:09:38.314+0000] {dagbag.py:545} INFO - Filling up the DagBag from /home/airflow/.local/lib/python3.11/site-packages/airflow/example_dags/example_dynamic_task_mapping_with_no_taskflow_operators.py
[2026-06-02T06:09:38.324+0000] {processor.py:840} INFO - DAG(s) 'example_dynamic_task_mapping_with_no_taskflow_operators' retrieved from /home/airflow/.local/lib/python3.11/site-packages/airflow/example_dags/example_dynamic_task_mapping_with_no_taskflow_operators.py
[2026-06-02T06:09:38.344+0000] {logging_mixin.py:188} INFO - [2026-06-02T06:09:38.344+0000] {dag.py:3096} INFO - Sync 1 DAGs
[2026-06-02T06:09:38.363+0000] {logging_mixin.py:188} INFO - [2026-06-02T06:09:38.363+0000] {dag.py:3954} INFO - Setting next_dagrun for example_dynamic_task_mapping_with_no_taskflow_operators to 2026-06-01 00:00:00+00:00, run_after=2026-06-02 00:00:00+00:00
[2026-06-02T06:09:38.380+0000] {processor.py:183} INFO - Processing /home/airflow/.local/lib/python3.11/site-packages/airflow/example_dags/example_dynamic_task_mapping_with_no_taskflow_operators.py took 0.074 seconds
[2026-06-02T06:10:08.552+0000] {processor.py:161} INFO - Started process (PID=5007) to work on /home/airflow/.local/lib/python3.11/site-packages/airflow/example_dags/example_dynamic_task_mapping_with_no_taskflow_operators.py
[2026-06-02T06:10:08.553+0000] {processor.py:830} INFO - Processing file /home/airflow/.local/lib/python3.11/site-packages/airflow/example_dags/example_dynamic_task_mapping_with_no_taskflow_operators.py for tasks to queue
[2026-06-02T06:10:08.554+0000] {logging_mixin.py:188} INFO - [2026-06-02T06:10:08.554+0000] {dagbag.py:545} INFO - Filling up the DagBag from /home/airflow/.local/lib/python3.11/site-packages/airflow/example_dags/example_dynamic_task_mapping_with_no_taskflow_operators.py
[2026-06-02T06:10:08.560+0000] {processor.py:840} INFO - DAG(s) 'example_dynamic_task_mapping_with_no_taskflow_operators' retrieved from /home/airflow/.local/lib/python3.11/site-packages/airflow/example_dags/example_dynamic_task_mapping_with_no_taskflow_operators.py
[2026-06-02T06:10:08.588+0000] {logging_mixin.py:188} INFO - [2026-06-02T06:10:08.587+0000] {dag.py:3096} INFO - Sync 1 DAGs
[2026-06-02T06:10:08.627+0000] {logging_mixin.py:188} INFO - [2026-06-02T06:10:08.627+0000] {dag.py:3954} INFO - Setting next_dagrun for example_dynamic_task_mapping_with_no_taskflow_operators to 2026-06-01 00:00:00+00:00, run_after=2026-06-02 00:00:00+00:00
[2026-06-02T06:10:08.669+0000] {processor.py:183} INFO - Processing /home/airflow/.local/lib/python3.11/site-packages/airflow/example_dags/example_dynamic_task_mapping_with_no_taskflow_operators.py took 0.124 seconds
[2026-06-02T06:10:39.231+0000] {processor.py:161} INFO - Started process (PID=5285) to work on /home/airflow/.local/lib/python3.11/site-packages/airflow/example_dags/example_dynamic_task_mapping_with_no_taskflow_operators.py
[2026-06-02T06:10:39.232+0000] {processor.py:830} INFO - Processing file /home/airflow/.local/lib/python3.11/site-packages/airflow/example_dags/example_dynamic_task_mapping_with_no_taskflow_operators.py for tasks to queue
[2026-06-02T06:10:39.233+0000] {logging_mixin.py:188} INFO - [2026-06-02T06:10:39.233+0000] {dagbag.py:545} INFO - Filling up the DagBag from /home/airflow/.local/lib/python3.11/site-packages/airflow/example_dags/example_dynamic_task_mapping_with_no_taskflow_operators.py
[2026-06-02T06:10:39.239+0000] {processor.py:840} INFO - DAG(s) 'example_dynamic_task_mapping_with_no_taskflow_operators' retrieved from /home/airflow/.local/lib/python3.11/site-packages/airflow/example_dags/example_dynamic_task_mapping_with_no_taskflow_operators.py
[2026-06-02T06:10:39.257+0000] {logging_mixin.py:188} INFO - [2026-06-02T06:10:39.257+0000] {dag.py:3096} INFO - Sync 1 DAGs
[2026-06-02T06:10:39.275+0000] {logging_mixin.py:188} INFO - [2026-06-02T06:10:39.274+0000] {dag.py:3954} INFO - Setting next_dagrun for example_dynamic_task_mapping_with_no_taskflow_operators to 2026-06-01 00:00:00+00:00, run_after=2026-06-02 00:00:00+00:00
[2026-06-02T06:10:39.296+0000] {processor.py:183} INFO - Processing /home/airflow/.local/lib/python3.11/site-packages/airflow/example_dags/example_dynamic_task_mapping_with_no_taskflow_operators.py took 0.071 seconds
[2026-06-02T06:11:09.409+0000] {processor.py:161} INFO - Started process (PID=5559) to work on /home/airflow/.local/lib/python3.11/site-packages/airflow/example_dags/example_dynamic_task_mapping_with_no_taskflow_operators.py
[2026-06-02T06:11:09.411+0000] {processor.py:830} INFO - Processing file /home/airflow/.local/lib/python3.11/site-packages/airflow/example_dags/example_dynamic_task_mapping_with_no_taskflow_operators.py for tasks to queue
[2026-06-02T06:11:09.415+0000] {logging_mixin.py:188} INFO - [2026-06-02T06:11:09.414+0000] {dagbag.py:545} INFO - Filling up the DagBag from /home/airflow/.local/lib/python3.11/site-packages/airflow/example_dags/example_dynamic_task_mapping_with_no_taskflow_operators.py
[2026-06-02T06:11:09.428+0000] {processor.py:840} INFO - DAG(s) 'example_dynamic_task_mapping_with_no_taskflow_operators' retrieved from /home/airflow/.local/lib/python3.11/site-packages/airflow/example_dags/example_dynamic_task_mapping_with_no_taskflow_operators.py
[2026-06-02T06:11:09.451+0000] {logging_mixin.py:188} INFO - [2026-06-02T06:11:09.451+0000] {dag.py:3096} INFO - Sync 1 DAGs
[2026-06-02T06:11:09.474+0000] {logging_mixin.py:188} INFO - [2026-06-02T06:11:09.474+0000] {dag.py:3954} INFO - Setting next_dagrun for example_dynamic_task_mapping_with_no_taskflow_operators to 2026-06-01 00:00:00+00:00, run_after=2026-06-02 00:00:00+00:00
[2026-06-02T06:11:09.495+0000] {processor.py:183} INFO - Processing /home/airflow/.local/lib/python3.11/site-packages/airflow/example_dags/example_dynamic_task_mapping_with_no_taskflow_operators.py took 0.094 seconds
[2026-06-02T06:11:39.772+0000] {processor.py:161} INFO - Started process (PID=5835) to work on /home/airflow/.local/lib/python3.11/site-packages/airflow/example_dags/example_dynamic_task_mapping_with_no_taskflow_operators.py
[2026-06-02T06:11:39.774+0000] {processor.py:830} INFO - Processing file /home/airflow/.local/lib/python3.11/site-packages/airflow/example_dags/example_dynamic_task_mapping_with_no_taskflow_operators.py for tasks to queue
[2026-06-02T06:11:39.777+0000] {logging_mixin.py:188} INFO - [2026-06-02T06:11:39.777+0000] {dagbag.py:545} INFO - Filling up the DagBag from /home/airflow/.local/lib/python3.11/site-packages/airflow/example_dags/example_dynamic_task_mapping_with_no_taskflow_operators.py
[2026-06-02T06:11:39.786+0000] {processor.py:840} INFO - DAG(s) 'example_dynamic_task_mapping_with_no_taskflow_operators' retrieved from /home/airflow/.local/lib/python3.11/site-packages/airflow/example_dags/example_dynamic_task_mapping_with_no_taskflow_operators.py
[2026-06-02T06:11:39.806+0000] {logging_mixin.py:188} INFO - [2026-06-02T06:11:39.806+0000] {dag.py:3096} INFO - Sync 1 DAGs
[2026-06-02T06:11:39.825+0000] {logging_mixin.py:188} INFO - [2026-06-02T06:11:39.825+0000] {dag.py:3954} INFO - Setting next_dagrun for example_dynamic_task_mapping_with_no_taskflow_operators to 2026-06-01 00:00:00+00:00, run_after=2026-06-02 00:00:00+00:00
[2026-06-02T06:11:39.845+0000] {processor.py:183} INFO - Processing /home/airflow/.local/lib/python3.11/site-packages/airflow/example_dags/example_dynamic_task_mapping_with_no_taskflow_operators.py took 0.081 seconds
[2026-06-02T06:12:10.131+0000] {processor.py:161} INFO - Started process (PID=6111) to work on /home/airflow/.local/lib/python3.11/site-packages/airflow/example_dags/example_dynamic_task_mapping_with_no_taskflow_operators.py
[2026-06-02T06:12:10.132+0000] {processor.py:830} INFO - Processing file /home/airflow/.local/lib/python3.11/site-packages/airflow/example_dags/example_dynamic_task_mapping_with_no_taskflow_operators.py for tasks to queue
[2026-06-02T06:12:10.134+0000] {logging_mixin.py:188} INFO - [2026-06-02T06:12:10.134+0000] {dagbag.py:545} INFO - Filling up the DagBag from /home/airflow/.local/lib/python3.11/site-packages/airflow/example_dags/example_dynamic_task_mapping_with_no_taskflow_operators.py
[2026-06-02T06:12:10.140+0000] {processor.py:840} INFO - DAG(s) 'example_dynamic_task_mapping_with_no_taskflow_operators' retrieved from /home/airflow/.local/lib/python3.11/site-packages/airflow/example_dags/example_dynamic_task_mapping_with_no_taskflow_operators.py
[2026-06-02T06:12:10.159+0000] {logging_mixin.py:188} INFO - [2026-06-02T06:12:10.159+0000] {dag.py:3096} INFO - Sync 1 DAGs
[2026-06-02T06:12:10.176+0000] {logging_mixin.py:188} INFO - [2026-06-02T06:12:10.176+0000] {dag.py:3954} INFO - Setting next_dagrun for example_dynamic_task_mapping_with_no_taskflow_operators to 2026-06-01 00:00:00+00:00, run_after=2026-06-02 00:00:00+00:00
[2026-06-02T06:12:10.204+0000] {processor.py:183} INFO - Processing /home/airflow/.local/lib/python3.11/site-packages/airflow/example_dags/example_dynamic_task_mapping_with_no_taskflow_operators.py took 0.079 seconds
[2026-06-02T06:12:40.826+0000] {processor.py:161} INFO - Started process (PID=6387) to work on /home/airflow/.local/lib/python3.11/site-packages/airflow/example_dags/example_dynamic_task_mapping_with_no_taskflow_operators.py
[2026-06-02T06:12:40.827+0000] {processor.py:830} INFO - Processing file /home/airflow/.local/lib/python3.11/site-packages/airflow/example_dags/example_dynamic_task_mapping_with_no_taskflow_operators.py for tasks to queue
[2026-06-02T06:12:40.830+0000] {logging_mixin.py:188} INFO - [2026-06-02T06:12:40.830+0000] {dagbag.py:545} INFO - Filling up the DagBag from /home/airflow/.local/lib/python3.11/site-packages/airflow/example_dags/example_dynamic_task_mapping_with_no_taskflow_operators.py
[2026-06-02T06:12:40.841+0000] {processor.py:840} INFO - DAG(s) 'example_dynamic_task_mapping_with_no_taskflow_operators' retrieved from /home/airflow/.local/lib/python3.11/site-packages/airflow/example_dags/example_dynamic_task_mapping_with_no_taskflow_operators.py
[2026-06-02T06:12:40.866+0000] {logging_mixin.py:188} INFO - [2026-06-02T06:12:40.866+0000] {dag.py:3096} INFO - Sync 1 DAGs
[2026-06-02T06:12:40.889+0000] {logging_mixin.py:188} INFO - [2026-06-02T06:12:40.888+0000] {dag.py:3954} INFO - Setting next_dagrun for example_dynamic_task_mapping_with_no_taskflow_operators to 2026-06-01 00:00:00+00:00, run_after=2026-06-02 00:00:00+00:00
[2026-06-02T06:12:40.920+0000] {processor.py:183} INFO - Processing /home/airflow/.local/lib/python3.11/site-packages/airflow/example_dags/example_dynamic_task_mapping_with_no_taskflow_operators.py took 0.101 seconds
[2026-06-02T06:13:11.018+0000] {processor.py:161} INFO - Started process (PID=6651) to work on /home/airflow/.local/lib/python3.11/site-packages/airflow/example_dags/example_dynamic_task_mapping_with_no_taskflow_operators.py
[2026-06-02T06:13:11.019+0000] {processor.py:830} INFO - Processing file /home/airflow/.local/lib/python3.11/site-packages/airflow/example_dags/example_dynamic_task_mapping_with_no_taskflow_operators.py for tasks to queue
[2026-06-02T06:13:11.021+0000] {logging_mixin.py:188} INFO - [2026-06-02T06:13:11.021+0000] {dagbag.py:545} INFO - Filling up the DagBag from /home/airflow/.local/lib/python3.11/site-packages/airflow/example_dags/example_dynamic_task_mapping_with_no_taskflow_operators.py
[2026-06-02T06:13:11.027+0000] {processor.py:840} INFO - DAG(s) 'example_dynamic_task_mapping_with_no_taskflow_operators' retrieved from /home/airflow/.local/lib/python3.11/site-packages/airflow/example_dags/example_dynamic_task_mapping_with_no_taskflow_operators.py
[2026-06-02T06:13:11.046+0000] {logging_mixin.py:188} INFO - [2026-06-02T06:13:11.046+0000] {dag.py:3096} INFO - Sync 1 DAGs
[2026-06-02T06:13:11.063+0000] {logging_mixin.py:188} INFO - [2026-06-02T06:13:11.063+0000] {dag.py:3954} INFO - Setting next_dagrun for example_dynamic_task_mapping_with_no_taskflow_operators to 2026-06-01 00:00:00+00:00, run_after=2026-06-02 00:00:00+00:00
[2026-06-02T06:13:11.089+0000] {processor.py:183} INFO - Processing /home/airflow/.local/lib/python3.11/site-packages/airflow/example_dags/example_dynamic_task_mapping_with_no_taskflow_operators.py took 0.078 seconds
[2026-06-02T06:13:41.450+0000] {processor.py:161} INFO - Started process (PID=6925) to work on /home/airflow/.local/lib/python3.11/site-packages/airflow/example_dags/example_dynamic_task_mapping_with_no_taskflow_operators.py
[2026-06-02T06:13:41.451+0000] {processor.py:830} INFO - Processing file /home/airflow/.local/lib/python3.11/site-packages/airflow/example_dags/example_dynamic_task_mapping_with_no_taskflow_operators.py for tasks to queue
[2026-06-02T06:13:41.453+0000] {logging_mixin.py:188} INFO - [2026-06-02T06:13:41.453+0000] {dagbag.py:545} INFO - Filling up the DagBag from /home/airflow/.local/lib/python3.11/site-packages/airflow/example_dags/example_dynamic_task_mapping_with_no_taskflow_operators.py
[2026-06-02T06:13:41.459+0000] {processor.py:840} INFO - DAG(s) 'example_dynamic_task_mapping_with_no_taskflow_operators' retrieved from /home/airflow/.local/lib/python3.11/site-packages/airflow/example_dags/example_dynamic_task_mapping_with_no_taskflow_operators.py
[2026-06-02T06:13:41.477+0000] {logging_mixin.py:188} INFO - [2026-06-02T06:13:41.477+0000] {dag.py:3096} INFO - Sync 1 DAGs
[2026-06-02T06:13:41.497+0000] {logging_mixin.py:188} INFO - [2026-06-02T06:13:41.497+0000] {dag.py:3954} INFO - Setting next_dagrun for example_dynamic_task_mapping_with_no_taskflow_operators to 2026-06-01 00:00:00+00:00, run_after=2026-06-02 00:00:00+00:00
[2026-06-02T06:13:41.514+0000] {processor.py:183} INFO - Processing /home/airflow/.local/lib/python3.11/site-packages/airflow/example_dags/example_dynamic_task_mapping_with_no_taskflow_operators.py took 0.070 seconds
[2026-06-02T06:14:11.809+0000] {processor.py:161} INFO - Started process (PID=7201) to work on /home/airflow/.local/lib/python3.11/site-packages/airflow/example_dags/example_dynamic_task_mapping_with_no_taskflow_operators.py
[2026-06-02T06:14:11.810+0000] {processor.py:830} INFO - Processing file /home/airflow/.local/lib/python3.11/site-packages/airflow/example_dags/example_dynamic_task_mapping_with_no_taskflow_operators.py for tasks to queue
[2026-06-02T06:14:11.813+0000] {logging_mixin.py:188} INFO - [2026-06-02T06:14:11.813+0000] {dagbag.py:545} INFO - Filling up the DagBag from /home/airflow/.local/lib/python3.11/site-packages/airflow/example_dags/example_dynamic_task_mapping_with_no_taskflow_operators.py
[2026-06-02T06:14:11.820+0000] {processor.py:840} INFO - DAG(s) 'example_dynamic_task_mapping_with_no_taskflow_operators' retrieved from /home/airflow/.local/lib/python3.11/site-packages/airflow/example_dags/example_dynamic_task_mapping_with_no_taskflow_operators.py
[2026-06-02T06:14:11.841+0000] {logging_mixin.py:188} INFO - [2026-06-02T06:14:11.841+0000] {dag.py:3096} INFO - Sync 1 DAGs
[2026-06-02T06:14:11.862+0000] {logging_mixin.py:188} INFO - [2026-06-02T06:14:11.861+0000] {dag.py:3954} INFO - Setting next_dagrun for example_dynamic_task_mapping_with_no_taskflow_operators to 2026-06-01 00:00:00+00:00, run_after=2026-06-02 00:00:00+00:00
[2026-06-02T06:14:11.879+0000] {processor.py:183} INFO - Processing /home/airflow/.local/lib/python3.11/site-packages/airflow/example_dags/example_dynamic_task_mapping_with_no_taskflow_operators.py took 0.078 seconds
[2026-06-02T06:14:41.998+0000] {processor.py:161} INFO - Started process (PID=7477) to work on /home/airflow/.local/lib/python3.11/site-packages/airflow/example_dags/example_dynamic_task_mapping_with_no_taskflow_operators.py
[2026-06-02T06:14:41.999+0000] {processor.py:830} INFO - Processing file /home/airflow/.local/lib/python3.11/site-packages/airflow/example_dags/example_dynamic_task_mapping_with_no_taskflow_operators.py for tasks to queue
[2026-06-02T06:14:42.001+0000] {logging_mixin.py:188} INFO - [2026-06-02T06:14:42.001+0000] {dagbag.py:545} INFO - Filling up the DagBag from /home/airflow/.local/lib/python3.11/site-packages/airflow/example_dags/example_dynamic_task_mapping_with_no_taskflow_operators.py
[2026-06-02T06:14:42.007+0000] {processor.py:840} INFO - DAG(s) 'example_dynamic_task_mapping_with_no_taskflow_operators' retrieved from /home/airflow/.local/lib/python3.11/site-packages/airflow/example_dags/example_dynamic_task_mapping_with_no_taskflow_operators.py
[2026-06-02T06:14:42.026+0000] {logging_mixin.py:188} INFO - [2026-06-02T06:14:42.026+0000] {dag.py:3096} INFO - Sync 1 DAGs
[2026-06-02T06:14:42.047+0000] {logging_mixin.py:188} INFO - [2026-06-02T06:14:42.047+0000] {dag.py:3954} INFO - Setting next_dagrun for example_dynamic_task_mapping_with_no_taskflow_operators to 2026-06-01 00:00:00+00:00, run_after=2026-06-02 00:00:00+00:00
[2026-06-02T06:14:42.069+0000] {processor.py:183} INFO - Processing /home/airflow/.local/lib/python3.11/site-packages/airflow/example_dags/example_dynamic_task_mapping_with_no_taskflow_operators.py took 0.077 seconds
[2026-06-02T06:15:12.173+0000] {processor.py:161} INFO - Started process (PID=7753) to work on /home/airflow/.local/lib/python3.11/site-packages/airflow/example_dags/example_dynamic_task_mapping_with_no_taskflow_operators.py
[2026-06-02T06:15:12.174+0000] {processor.py:830} INFO - Processing file /home/airflow/.local/lib/python3.11/site-packages/airflow/example_dags/example_dynamic_task_mapping_with_no_taskflow_operators.py for tasks to queue
[2026-06-02T06:15:12.178+0000] {logging_mixin.py:188} INFO - [2026-06-02T06:15:12.177+0000] {dagbag.py:545} INFO - Filling up the DagBag from /home/airflow/.local/lib/python3.11/site-packages/airflow/example_dags/example_dynamic_task_mapping_with_no_taskflow_operators.py
[2026-06-02T06:15:12.187+0000] {processor.py:840} INFO - DAG(s) 'example_dynamic_task_mapping_with_no_taskflow_operators' retrieved from /home/airflow/.local/lib/python3.11/site-packages/airflow/example_dags/example_dynamic_task_mapping_with_no_taskflow_operators.py
[2026-06-02T06:15:12.212+0000] {logging_mixin.py:188} INFO - [2026-06-02T06:15:12.211+0000] {dag.py:3096} INFO - Sync 1 DAGs
[2026-06-02T06:15:12.243+0000] {logging_mixin.py:188} INFO - [2026-06-02T06:15:12.243+0000] {dag.py:3954} INFO - Setting next_dagrun for example_dynamic_task_mapping_with_no_taskflow_operators to 2026-06-01 00:00:00+00:00, run_after=2026-06-02 00:00:00+00:00
[2026-06-02T06:15:12.268+0000] {processor.py:183} INFO - Processing /home/airflow/.local/lib/python3.11/site-packages/airflow/example_dags/example_dynamic_task_mapping_with_no_taskflow_operators.py took 0.104 seconds
[2026-06-02T06:15:42.495+0000] {processor.py:161} INFO - Started process (PID=8029) to work on /home/airflow/.local/lib/python3.11/site-packages/airflow/example_dags/example_dynamic_task_mapping_with_no_taskflow_operators.py
[2026-06-02T06:15:42.496+0000] {processor.py:830} INFO - Processing file /home/airflow/.local/lib/python3.11/site-packages/airflow/example_dags/example_dynamic_task_mapping_with_no_taskflow_operators.py for tasks to queue
[2026-06-02T06:15:42.498+0000] {logging_mixin.py:188} INFO - [2026-06-02T06:15:42.498+0000] {dagbag.py:545} INFO - Filling up the DagBag from /home/airflow/.local/lib/python3.11/site-packages/airflow/example_dags/example_dynamic_task_mapping_with_no_taskflow_operators.py
[2026-06-02T06:15:42.505+0000] {processor.py:840} INFO - DAG(s) 'example_dynamic_task_mapping_with_no_taskflow_operators' retrieved from /home/airflow/.local/lib/python3.11/site-packages/airflow/example_dags/example_dynamic_task_mapping_with_no_taskflow_operators.py
[2026-06-02T06:15:42.526+0000] {logging_mixin.py:188} INFO - [2026-06-02T06:15:42.526+0000] {dag.py:3096} INFO - Sync 1 DAGs
[2026-06-02T06:15:42.549+0000] {logging_mixin.py:188} INFO - [2026-06-02T06:15:42.549+0000] {dag.py:3954} INFO - Setting next_dagrun for example_dynamic_task_mapping_with_no_taskflow_operators to 2026-06-01 00:00:00+00:00, run_after=2026-06-02 00:00:00+00:00
[2026-06-02T06:15:42.579+0000] {processor.py:183} INFO - Processing /home/airflow/.local/lib/python3.11/site-packages/airflow/example_dags/example_dynamic_task_mapping_with_no_taskflow_operators.py took 0.092 seconds
[2026-06-02T06:16:12.934+0000] {processor.py:161} INFO - Started process (PID=8305) to work on /home/airflow/.local/lib/python3.11/site-packages/airflow/example_dags/example_dynamic_task_mapping_with_no_taskflow_operators.py
[2026-06-02T06:16:12.935+0000] {processor.py:830} INFO - Processing file /home/airflow/.local/lib/python3.11/site-packages/airflow/example_dags/example_dynamic_task_mapping_with_no_taskflow_operators.py for tasks to queue
[2026-06-02T06:16:12.937+0000] {logging_mixin.py:188} INFO - [2026-06-02T06:16:12.937+0000] {dagbag.py:545} INFO - Filling up the DagBag from /home/airflow/.local/lib/python3.11/site-packages/airflow/example_dags/example_dynamic_task_mapping_with_no_taskflow_operators.py
[2026-06-02T06:16:12.943+0000] {processor.py:840} INFO - DAG(s) 'example_dynamic_task_mapping_with_no_taskflow_operators' retrieved from /home/airflow/.local/lib/python3.11/site-packages/airflow/example_dags/example_dynamic_task_mapping_with_no_taskflow_operators.py
[2026-06-02T06:16:12.962+0000] {logging_mixin.py:188} INFO - [2026-06-02T06:16:12.962+0000] {dag.py:3096} INFO - Sync 1 DAGs
[2026-06-02T06:16:12.980+0000] {logging_mixin.py:188} INFO - [2026-06-02T06:16:12.980+0000] {dag.py:3954} INFO - Setting next_dagrun for example_dynamic_task_mapping_with_no_taskflow_operators to 2026-06-01 00:00:00+00:00, run_after=2026-06-02 00:00:00+00:00
[2026-06-02T06:16:12.998+0000] {processor.py:183} INFO - Processing /home/airflow/.local/lib/python3.11/site-packages/airflow/example_dags/example_dynamic_task_mapping_with_no_taskflow_operators.py took 0.069 seconds
[2026-06-02T06:16:44.046+0000] {processor.py:161} INFO - Started process (PID=8583) to work on /home/airflow/.local/lib/python3.11/site-packages/airflow/example_dags/example_dynamic_task_mapping_with_no_taskflow_operators.py
[2026-06-02T06:16:44.047+0000] {processor.py:830} INFO - Processing file /home/airflow/.local/lib/python3.11/site-packages/airflow/example_dags/example_dynamic_task_mapping_with_no_taskflow_operators.py for tasks to queue
[2026-06-02T06:16:44.049+0000] {logging_mixin.py:188} INFO - [2026-06-02T06:16:44.048+0000] {dagbag.py:545} INFO - Filling up the DagBag from /home/airflow/.local/lib/python3.11/site-packages/airflow/example_dags/example_dynamic_task_mapping_with_no_taskflow_operators.py
[2026-06-02T06:16:44.054+0000] {processor.py:840} INFO - DAG(s) 'example_dynamic_task_mapping_with_no_taskflow_operators' retrieved from /home/airflow/.local/lib/python3.11/site-packages/airflow/example_dags/example_dynamic_task_mapping_with_no_taskflow_operators.py
[2026-06-02T06:16:44.073+0000] {logging_mixin.py:188} INFO - [2026-06-02T06:16:44.073+0000] {dag.py:3096} INFO - Sync 1 DAGs
[2026-06-02T06:16:44.091+0000] {logging_mixin.py:188} INFO - [2026-06-02T06:16:44.091+0000] {dag.py:3954} INFO - Setting next_dagrun for example_dynamic_task_mapping_with_no_taskflow_operators to 2026-06-01 00:00:00+00:00, run_after=2026-06-02 00:00:00+00:00
[2026-06-02T06:16:44.108+0000] {processor.py:183} INFO - Processing /home/airflow/.local/lib/python3.11/site-packages/airflow/example_dags/example_dynamic_task_mapping_with_no_taskflow_operators.py took 0.067 seconds
[2026-06-02T06:17:14.404+0000] {processor.py:161} INFO - Started process (PID=8857) to work on /home/airflow/.local/lib/python3.11/site-packages/airflow/example_dags/example_dynamic_task_mapping_with_no_taskflow_operators.py
[2026-06-02T06:17:14.405+0000] {processor.py:830} INFO - Processing file /home/airflow/.local/lib/python3.11/site-packages/airflow/example_dags/example_dynamic_task_mapping_with_no_taskflow_operators.py for tasks to queue
[2026-06-02T06:17:14.407+0000] {logging_mixin.py:188} INFO - [2026-06-02T06:17:14.406+0000] {dagbag.py:545} INFO - Filling up the DagBag from /home/airflow/.local/lib/python3.11/site-packages/airflow/example_dags/example_dynamic_task_mapping_with_no_taskflow_operators.py
[2026-06-02T06:17:14.412+0000] {processor.py:840} INFO - DAG(s) 'example_dynamic_task_mapping_with_no_taskflow_operators' retrieved from /home/airflow/.local/lib/python3.11/site-packages/airflow/example_dags/example_dynamic_task_mapping_with_no_taskflow_operators.py
[2026-06-02T06:17:14.431+0000] {logging_mixin.py:188} INFO - [2026-06-02T06:17:14.431+0000] {dag.py:3096} INFO - Sync 1 DAGs
[2026-06-02T06:17:14.453+0000] {logging_mixin.py:188} INFO - [2026-06-02T06:17:14.453+0000] {dag.py:3954} INFO - Setting next_dagrun for example_dynamic_task_mapping_with_no_taskflow_operators to 2026-06-01 00:00:00+00:00, run_after=2026-06-02 00:00:00+00:00
[2026-06-02T06:17:14.473+0000] {processor.py:183} INFO - Processing /home/airflow/.local/lib/python3.11/site-packages/airflow/example_dags/example_dynamic_task_mapping_with_no_taskflow_operators.py took 0.075 seconds
[2026-06-02T06:17:44.920+0000] {processor.py:161} INFO - Started process (PID=9135) to work on /home/airflow/.local/lib/python3.11/site-packages/airflow/example_dags/example_dynamic_task_mapping_with_no_taskflow_operators.py
[2026-06-02T06:17:44.921+0000] {processor.py:830} INFO - Processing file /home/airflow/.local/lib/python3.11/site-packages/airflow/example_dags/example_dynamic_task_mapping_with_no_taskflow_operators.py for tasks to queue
[2026-06-02T06:17:44.925+0000] {logging_mixin.py:188} INFO - [2026-06-02T06:17:44.924+0000] {dagbag.py:545} INFO - Filling up the DagBag from /home/airflow/.local/lib/python3.11/site-packages/airflow/example_dags/example_dynamic_task_mapping_with_no_taskflow_operators.py
[2026-06-02T06:17:44.931+0000] {processor.py:840} INFO - DAG(s) 'example_dynamic_task_mapping_with_no_taskflow_operators' retrieved from /home/airflow/.local/lib/python3.11/site-packages/airflow/example_dags/example_dynamic_task_mapping_with_no_taskflow_operators.py
[2026-06-02T06:17:44.948+0000] {logging_mixin.py:188} INFO - [2026-06-02T06:17:44.948+0000] {dag.py:3096} INFO - Sync 1 DAGs
[2026-06-02T06:17:44.967+0000] {logging_mixin.py:188} INFO - [2026-06-02T06:17:44.967+0000] {dag.py:3954} INFO - Setting next_dagrun for example_dynamic_task_mapping_with_no_taskflow_operators to 2026-06-01 00:00:00+00:00, run_after=2026-06-02 00:00:00+00:00
[2026-06-02T06:17:44.989+0000] {processor.py:183} INFO - Processing /home/airflow/.local/lib/python3.11/site-packages/airflow/example_dags/example_dynamic_task_mapping_with_no_taskflow_operators.py took 0.074 seconds
[2026-06-02T06:18:15.469+0000] {processor.py:161} INFO - Started process (PID=9412) to work on /home/airflow/.local/lib/python3.11/site-packages/airflow/example_dags/example_dynamic_task_mapping_with_no_taskflow_operators.py
[2026-06-02T06:18:15.470+0000] {processor.py:830} INFO - Processing file /home/airflow/.local/lib/python3.11/site-packages/airflow/example_dags/example_dynamic_task_mapping_with_no_taskflow_operators.py for tasks to queue
[2026-06-02T06:18:15.471+0000] {logging_mixin.py:188} INFO - [2026-06-02T06:18:15.471+0000] {dagbag.py:545} INFO - Filling up the DagBag from /home/airflow/.local/lib/python3.11/site-packages/airflow/example_dags/example_dynamic_task_mapping_with_no_taskflow_operators.py
[2026-06-02T06:18:15.478+0000] {processor.py:840} INFO - DAG(s) 'example_dynamic_task_mapping_with_no_taskflow_operators' retrieved from /home/airflow/.local/lib/python3.11/site-packages/airflow/example_dags/example_dynamic_task_mapping_with_no_taskflow_operators.py
[2026-06-02T06:18:15.496+0000] {logging_mixin.py:188} INFO - [2026-06-02T06:18:15.496+0000] {dag.py:3096} INFO - Sync 1 DAGs
[2026-06-02T06:18:15.514+0000] {logging_mixin.py:188} INFO - [2026-06-02T06:18:15.514+0000] {dag.py:3954} INFO - Setting next_dagrun for example_dynamic_task_mapping_with_no_taskflow_operators to 2026-06-01 00:00:00+00:00, run_after=2026-06-02 00:00:00+00:00
[2026-06-02T06:18:15.534+0000] {processor.py:183} INFO - Processing /home/airflow/.local/lib/python3.11/site-packages/airflow/example_dags/example_dynamic_task_mapping_with_no_taskflow_operators.py took 0.071 seconds
[2026-06-02T06:18:45.783+0000] {processor.py:161} INFO - Started process (PID=9686) to work on /home/airflow/.local/lib/python3.11/site-packages/airflow/example_dags/example_dynamic_task_mapping_with_no_taskflow_operators.py
[2026-06-02T06:18:45.784+0000] {processor.py:830} INFO - Processing file /home/airflow/.local/lib/python3.11/site-packages/airflow/example_dags/example_dynamic_task_mapping_with_no_taskflow_operators.py for tasks to queue
[2026-06-02T06:18:45.786+0000] {logging_mixin.py:188} INFO - [2026-06-02T06:18:45.785+0000] {dagbag.py:545} INFO - Filling up the DagBag from /home/airflow/.local/lib/python3.11/site-packages/airflow/example_dags/example_dynamic_task_mapping_with_no_taskflow_operators.py
[2026-06-02T06:18:45.793+0000] {processor.py:840} INFO - DAG(s) 'example_dynamic_task_mapping_with_no_taskflow_operators' retrieved from /home/airflow/.local/lib/python3.11/site-packages/airflow/example_dags/example_dynamic_task_mapping_with_no_taskflow_operators.py
[2026-06-02T06:18:45.813+0000] {logging_mixin.py:188} INFO - [2026-06-02T06:18:45.812+0000] {dag.py:3096} INFO - Sync 1 DAGs
[2026-06-02T06:18:45.831+0000] {logging_mixin.py:188} INFO - [2026-06-02T06:18:45.830+0000] {dag.py:3954} INFO - Setting next_dagrun for example_dynamic_task_mapping_with_no_taskflow_operators to 2026-06-01 00:00:00+00:00, run_after=2026-06-02 00:00:00+00:00
[2026-06-02T06:18:45.849+0000] {processor.py:183} INFO - Processing /home/airflow/.local/lib/python3.11/site-packages/airflow/example_dags/example_dynamic_task_mapping_with_no_taskflow_operators.py took 0.072 seconds
[2026-06-02T06:19:16.265+0000] {processor.py:161} INFO - Started process (PID=9964) to work on /home/airflow/.local/lib/python3.11/site-packages/airflow/example_dags/example_dynamic_task_mapping_with_no_taskflow_operators.py
[2026-06-02T06:19:16.266+0000] {processor.py:830} INFO - Processing file /home/airflow/.local/lib/python3.11/site-packages/airflow/example_dags/example_dynamic_task_mapping_with_no_taskflow_operators.py for tasks to queue
[2026-06-02T06:19:16.268+0000] {logging_mixin.py:188} INFO - [2026-06-02T06:19:16.267+0000] {dagbag.py:545} INFO - Filling up the DagBag from /home/airflow/.local/lib/python3.11/site-packages/airflow/example_dags/example_dynamic_task_mapping_with_no_taskflow_operators.py
[2026-06-02T06:19:16.274+0000] {processor.py:840} INFO - DAG(s) 'example_dynamic_task_mapping_with_no_taskflow_operators' retrieved from /home/airflow/.local/lib/python3.11/site-packages/airflow/example_dags/example_dynamic_task_mapping_with_no_taskflow_operators.py
[2026-06-02T06:19:16.291+0000] {logging_mixin.py:188} INFO - [2026-06-02T06:19:16.291+0000] {dag.py:3096} INFO - Sync 1 DAGs
[2026-06-02T06:19:16.310+0000] {logging_mixin.py:188} INFO - [2026-06-02T06:19:16.310+0000] {dag.py:3954} INFO - Setting next_dagrun for example_dynamic_task_mapping_with_no_taskflow_operators to 2026-06-01 00:00:00+00:00, run_after=2026-06-02 00:00:00+00:00
[2026-06-02T06:19:16.337+0000] {processor.py:183} INFO - Processing /home/airflow/.local/lib/python3.11/site-packages/airflow/example_dags/example_dynamic_task_mapping_with_no_taskflow_operators.py took 0.076 seconds
[2026-06-02T06:19:46.472+0000] {processor.py:161} INFO - Started process (PID=10240) to work on /home/airflow/.local/lib/python3.11/site-packages/airflow/example_dags/example_dynamic_task_mapping_with_no_taskflow_operators.py
[2026-06-02T06:19:46.473+0000] {processor.py:830} INFO - Processing file /home/airflow/.local/lib/python3.11/site-packages/airflow/example_dags/example_dynamic_task_mapping_with_no_taskflow_operators.py for tasks to queue
[2026-06-02T06:19:46.475+0000] {logging_mixin.py:188} INFO - [2026-06-02T06:19:46.475+0000] {dagbag.py:545} INFO - Filling up the DagBag from /home/airflow/.local/lib/python3.11/site-packages/airflow/example_dags/example_dynamic_task_mapping_with_no_taskflow_operators.py
[2026-06-02T06:19:46.481+0000] {processor.py:840} INFO - DAG(s) 'example_dynamic_task_mapping_with_no_taskflow_operators' retrieved from /home/airflow/.local/lib/python3.11/site-packages/airflow/example_dags/example_dynamic_task_mapping_with_no_taskflow_operators.py
[2026-06-02T06:19:46.502+0000] {logging_mixin.py:188} INFO - [2026-06-02T06:19:46.502+0000] {dag.py:3096} INFO - Sync 1 DAGs
[2026-06-02T06:19:46.526+0000] {logging_mixin.py:188} INFO - [2026-06-02T06:19:46.526+0000] {dag.py:3954} INFO - Setting next_dagrun for example_dynamic_task_mapping_with_no_taskflow_operators to 2026-06-01 00:00:00+00:00, run_after=2026-06-02 00:00:00+00:00
[2026-06-02T06:19:46.547+0000] {processor.py:183} INFO - Processing /home/airflow/.local/lib/python3.11/site-packages/airflow/example_dags/example_dynamic_task_mapping_with_no_taskflow_operators.py took 0.081 seconds
[2026-06-02T06:20:16.711+0000] {processor.py:161} INFO - Started process (PID=10514) to work on /home/airflow/.local/lib/python3.11/site-packages/airflow/example_dags/example_dynamic_task_mapping_with_no_taskflow_operators.py
[2026-06-02T06:20:16.712+0000] {processor.py:830} INFO - Processing file /home/airflow/.local/lib/python3.11/site-packages/airflow/example_dags/example_dynamic_task_mapping_with_no_taskflow_operators.py for tasks to queue
[2026-06-02T06:20:16.714+0000] {logging_mixin.py:188} INFO - [2026-06-02T06:20:16.713+0000] {dagbag.py:545} INFO - Filling up the DagBag from /home/airflow/.local/lib/python3.11/site-packages/airflow/example_dags/example_dynamic_task_mapping_with_no_taskflow_operators.py
[2026-06-02T06:20:16.721+0000] {processor.py:840} INFO - DAG(s) 'example_dynamic_task_mapping_with_no_taskflow_operators' retrieved from /home/airflow/.local/lib/python3.11/site-packages/airflow/example_dags/example_dynamic_task_mapping_with_no_taskflow_operators.py
[2026-06-02T06:20:16.741+0000] {logging_mixin.py:188} INFO - [2026-06-02T06:20:16.741+0000] {dag.py:3096} INFO - Sync 1 DAGs
[2026-06-02T06:20:16.765+0000] {logging_mixin.py:188} INFO - [2026-06-02T06:20:16.765+0000] {dag.py:3954} INFO - Setting next_dagrun for example_dynamic_task_mapping_with_no_taskflow_operators to 2026-06-01 00:00:00+00:00, run_after=2026-06-02 00:00:00+00:00
[2026-06-02T06:20:16.784+0000] {processor.py:183} INFO - Processing /home/airflow/.local/lib/python3.11/site-packages/airflow/example_dags/example_dynamic_task_mapping_with_no_taskflow_operators.py took 0.082 seconds
[2026-06-02T06:20:47.093+0000] {processor.py:161} INFO - Started process (PID=10790) to work on /home/airflow/.local/lib/python3.11/site-packages/airflow/example_dags/example_dynamic_task_mapping_with_no_taskflow_operators.py
[2026-06-02T06:20:47.094+0000] {processor.py:830} INFO - Processing file /home/airflow/.local/lib/python3.11/site-packages/airflow/example_dags/example_dynamic_task_mapping_with_no_taskflow_operators.py for tasks to queue
[2026-06-02T06:20:47.096+0000] {logging_mixin.py:188} INFO - [2026-06-02T06:20:47.095+0000] {dagbag.py:545} INFO - Filling up the DagBag from /home/airflow/.local/lib/python3.11/site-packages/airflow/example_dags/example_dynamic_task_mapping_with_no_taskflow_operators.py
[2026-06-02T06:20:47.103+0000] {processor.py:840} INFO - DAG(s) 'example_dynamic_task_mapping_with_no_taskflow_operators' retrieved from /home/airflow/.local/lib/python3.11/site-packages/airflow/example_dags/example_dynamic_task_mapping_with_no_taskflow_operators.py
[2026-06-02T06:20:47.127+0000] {logging_mixin.py:188} INFO - [2026-06-02T06:20:47.127+0000] {dag.py:3096} INFO - Sync 1 DAGs
[2026-06-02T06:20:47.149+0000] {logging_mixin.py:188} INFO - [2026-06-02T06:20:47.149+0000] {dag.py:3954} INFO - Setting next_dagrun for example_dynamic_task_mapping_with_no_taskflow_operators to 2026-06-01 00:00:00+00:00, run_after=2026-06-02 00:00:00+00:00
[2026-06-02T06:20:47.180+0000] {processor.py:183} INFO - Processing /home/airflow/.local/lib/python3.11/site-packages/airflow/example_dags/example_dynamic_task_mapping_with_no_taskflow_operators.py took 0.093 seconds
[2026-06-02T06:21:17.675+0000] {processor.py:161} INFO - Started process (PID=11068) to work on /home/airflow/.local/lib/python3.11/site-packages/airflow/example_dags/example_dynamic_task_mapping_with_no_taskflow_operators.py
[2026-06-02T06:21:17.676+0000] {processor.py:830} INFO - Processing file /home/airflow/.local/lib/python3.11/site-packages/airflow/example_dags/example_dynamic_task_mapping_with_no_taskflow_operators.py for tasks to queue
[2026-06-02T06:21:17.677+0000] {logging_mixin.py:188} INFO - [2026-06-02T06:21:17.677+0000] {dagbag.py:545} INFO - Filling up the DagBag from /home/airflow/.local/lib/python3.11/site-packages/airflow/example_dags/example_dynamic_task_mapping_with_no_taskflow_operators.py
[2026-06-02T06:21:17.683+0000] {processor.py:840} INFO - DAG(s) 'example_dynamic_task_mapping_with_no_taskflow_operators' retrieved from /home/airflow/.local/lib/python3.11/site-packages/airflow/example_dags/example_dynamic_task_mapping_with_no_taskflow_operators.py
[2026-06-02T06:21:17.700+0000] {logging_mixin.py:188} INFO - [2026-06-02T06:21:17.700+0000] {dag.py:3096} INFO - Sync 1 DAGs
[2026-06-02T06:21:17.724+0000] {logging_mixin.py:188} INFO - [2026-06-02T06:21:17.724+0000] {dag.py:3954} INFO - Setting next_dagrun for example_dynamic_task_mapping_with_no_taskflow_operators to 2026-06-01 00:00:00+00:00, run_after=2026-06-02 00:00:00+00:00
[2026-06-02T06:21:17.758+0000] {processor.py:183} INFO - Processing /home/airflow/.local/lib/python3.11/site-packages/airflow/example_dags/example_dynamic_task_mapping_with_no_taskflow_operators.py took 0.089 seconds
[2026-06-02T06:21:48.030+0000] {processor.py:161} INFO - Started process (PID=11342) to work on /home/airflow/.local/lib/python3.11/site-packages/airflow/example_dags/example_dynamic_task_mapping_with_no_taskflow_operators.py
[2026-06-02T06:21:48.031+0000] {processor.py:830} INFO - Processing file /home/airflow/.local/lib/python3.11/site-packages/airflow/example_dags/example_dynamic_task_mapping_with_no_taskflow_operators.py for tasks to queue
[2026-06-02T06:21:48.034+0000] {logging_mixin.py:188} INFO - [2026-06-02T06:21:48.033+0000] {dagbag.py:545} INFO - Filling up the DagBag from /home/airflow/.local/lib/python3.11/site-packages/airflow/example_dags/example_dynamic_task_mapping_with_no_taskflow_operators.py
[2026-06-02T06:21:48.045+0000] {processor.py:840} INFO - DAG(s) 'example_dynamic_task_mapping_with_no_taskflow_operators' retrieved from /home/airflow/.local/lib/python3.11/site-packages/airflow/example_dags/example_dynamic_task_mapping_with_no_taskflow_operators.py
[2026-06-02T06:21:48.073+0000] {logging_mixin.py:188} INFO - [2026-06-02T06:21:48.072+0000] {dag.py:3096} INFO - Sync 1 DAGs
[2026-06-02T06:21:48.102+0000] {logging_mixin.py:188} INFO - [2026-06-02T06:21:48.101+0000] {dag.py:3954} INFO - Setting next_dagrun for example_dynamic_task_mapping_with_no_taskflow_operators to 2026-06-01 00:00:00+00:00, run_after=2026-06-02 00:00:00+00:00
[2026-06-02T06:21:48.131+0000] {processor.py:183} INFO - Processing /home/airflow/.local/lib/python3.11/site-packages/airflow/example_dags/example_dynamic_task_mapping_with_no_taskflow_operators.py took 0.106 seconds
[2026-06-02T06:22:18.347+0000] {processor.py:161} INFO - Started process (PID=11618) to work on /home/airflow/.local/lib/python3.11/site-packages/airflow/example_dags/example_dynamic_task_mapping_with_no_taskflow_operators.py
[2026-06-02T06:22:18.349+0000] {processor.py:830} INFO - Processing file /home/airflow/.local/lib/python3.11/site-packages/airflow/example_dags/example_dynamic_task_mapping_with_no_taskflow_operators.py for tasks to queue
[2026-06-02T06:22:18.350+0000] {logging_mixin.py:188} INFO - [2026-06-02T06:22:18.350+0000] {dagbag.py:545} INFO - Filling up the DagBag from /home/airflow/.local/lib/python3.11/site-packages/airflow/example_dags/example_dynamic_task_mapping_with_no_taskflow_operators.py
[2026-06-02T06:22:18.359+0000] {processor.py:840} INFO - DAG(s) 'example_dynamic_task_mapping_with_no_taskflow_operators' retrieved from /home/airflow/.local/lib/python3.11/site-packages/airflow/example_dags/example_dynamic_task_mapping_with_no_taskflow_operators.py
[2026-06-02T06:22:18.378+0000] {logging_mixin.py:188} INFO - [2026-06-02T06:22:18.378+0000] {dag.py:3096} INFO - Sync 1 DAGs
[2026-06-02T06:22:18.399+0000] {logging_mixin.py:188} INFO - [2026-06-02T06:22:18.399+0000] {dag.py:3954} INFO - Setting next_dagrun for example_dynamic_task_mapping_with_no_taskflow_operators to 2026-06-01 00:00:00+00:00, run_after=2026-06-02 00:00:00+00:00
[2026-06-02T06:22:18.420+0000] {processor.py:183} INFO - Processing /home/airflow/.local/lib/python3.11/site-packages/airflow/example_dags/example_dynamic_task_mapping_with_no_taskflow_operators.py took 0.078 seconds
[2026-06-02T06:22:49.021+0000] {processor.py:161} INFO - Started process (PID=11896) to work on /home/airflow/.local/lib/python3.11/site-packages/airflow/example_dags/example_dynamic_task_mapping_with_no_taskflow_operators.py
[2026-06-02T06:22:49.023+0000] {processor.py:830} INFO - Processing file /home/airflow/.local/lib/python3.11/site-packages/airflow/example_dags/example_dynamic_task_mapping_with_no_taskflow_operators.py for tasks to queue
[2026-06-02T06:22:49.025+0000] {logging_mixin.py:188} INFO - [2026-06-02T06:22:49.024+0000] {dagbag.py:545} INFO - Filling up the DagBag from /home/airflow/.local/lib/python3.11/site-packages/airflow/example_dags/example_dynamic_task_mapping_with_no_taskflow_operators.py
[2026-06-02T06:22:49.031+0000] {processor.py:840} INFO - DAG(s) 'example_dynamic_task_mapping_with_no_taskflow_operators' retrieved from /home/airflow/.local/lib/python3.11/site-packages/airflow/example_dags/example_dynamic_task_mapping_with_no_taskflow_operators.py
[2026-06-02T06:22:49.053+0000] {logging_mixin.py:188} INFO - [2026-06-02T06:22:49.052+0000] {dag.py:3096} INFO - Sync 1 DAGs
[2026-06-02T06:22:49.072+0000] {logging_mixin.py:188} INFO - [2026-06-02T06:22:49.072+0000] {dag.py:3954} INFO - Setting next_dagrun for example_dynamic_task_mapping_with_no_taskflow_operators to 2026-06-01 00:00:00+00:00, run_after=2026-06-02 00:00:00+00:00
[2026-06-02T06:22:49.098+0000] {processor.py:183} INFO - Processing /home/airflow/.local/lib/python3.11/site-packages/airflow/example_dags/example_dynamic_task_mapping_with_no_taskflow_operators.py took 0.085 seconds
[2026-06-02T06:23:19.342+0000] {processor.py:161} INFO - Started process (PID=12170) to work on /home/airflow/.local/lib/python3.11/site-packages/airflow/example_dags/example_dynamic_task_mapping_with_no_taskflow_operators.py
[2026-06-02T06:23:19.343+0000] {processor.py:830} INFO - Processing file /home/airflow/.local/lib/python3.11/site-packages/airflow/example_dags/example_dynamic_task_mapping_with_no_taskflow_operators.py for tasks to queue
[2026-06-02T06:23:19.345+0000] {logging_mixin.py:188} INFO - [2026-06-02T06:23:19.344+0000] {dagbag.py:545} INFO - Filling up the DagBag from /home/airflow/.local/lib/python3.11/site-packages/airflow/example_dags/example_dynamic_task_mapping_with_no_taskflow_operators.py
[2026-06-02T06:23:19.352+0000] {processor.py:840} INFO - DAG(s) 'example_dynamic_task_mapping_with_no_taskflow_operators' retrieved from /home/airflow/.local/lib/python3.11/site-packages/airflow/example_dags/example_dynamic_task_mapping_with_no_taskflow_operators.py
[2026-06-02T06:23:19.372+0000] {logging_mixin.py:188} INFO - [2026-06-02T06:23:19.371+0000] {dag.py:3096} INFO - Sync 1 DAGs
[2026-06-02T06:23:19.392+0000] {logging_mixin.py:188} INFO - [2026-06-02T06:23:19.392+0000] {dag.py:3954} INFO - Setting next_dagrun for example_dynamic_task_mapping_with_no_taskflow_operators to 2026-06-01 00:00:00+00:00, run_after=2026-06-02 00:00:00+00:00
[2026-06-02T06:23:19.463+0000] {processor.py:183} INFO - Processing /home/airflow/.local/lib/python3.11/site-packages/airflow/example_dags/example_dynamic_task_mapping_with_no_taskflow_operators.py took 0.127 seconds
[2026-06-02T06:23:49.788+0000] {processor.py:161} INFO - Started process (PID=12449) to work on /home/airflow/.local/lib/python3.11/site-packages/airflow/example_dags/example_dynamic_task_mapping_with_no_taskflow_operators.py
[2026-06-02T06:23:49.789+0000] {processor.py:830} INFO - Processing file /home/airflow/.local/lib/python3.11/site-packages/airflow/example_dags/example_dynamic_task_mapping_with_no_taskflow_operators.py for tasks to queue
[2026-06-02T06:23:49.791+0000] {logging_mixin.py:188} INFO - [2026-06-02T06:23:49.791+0000] {dagbag.py:545} INFO - Filling up the DagBag from /home/airflow/.local/lib/python3.11/site-packages/airflow/example_dags/example_dynamic_task_mapping_with_no_taskflow_operators.py
[2026-06-02T06:23:49.798+0000] {processor.py:840} INFO - DAG(s) 'example_dynamic_task_mapping_with_no_taskflow_operators' retrieved from /home/airflow/.local/lib/python3.11/site-packages/airflow/example_dags/example_dynamic_task_mapping_with_no_taskflow_operators.py
[2026-06-02T06:23:49.819+0000] {logging_mixin.py:188} INFO - [2026-06-02T06:23:49.818+0000] {dag.py:3096} INFO - Sync 1 DAGs
[2026-06-02T06:23:49.839+0000] {logging_mixin.py:188} INFO - [2026-06-02T06:23:49.839+0000] {dag.py:3954} INFO - Setting next_dagrun for example_dynamic_task_mapping_with_no_taskflow_operators to 2026-06-01 00:00:00+00:00, run_after=2026-06-02 00:00:00+00:00
[2026-06-02T06:23:49.867+0000] {processor.py:183} INFO - Processing /home/airflow/.local/lib/python3.11/site-packages/airflow/example_dags/example_dynamic_task_mapping_with_no_taskflow_operators.py took 0.084 seconds
[2026-06-02T06:24:20.298+0000] {processor.py:161} INFO - Started process (PID=12725) to work on /home/airflow/.local/lib/python3.11/site-packages/airflow/example_dags/example_dynamic_task_mapping_with_no_taskflow_operators.py
[2026-06-02T06:24:20.299+0000] {processor.py:830} INFO - Processing file /home/airflow/.local/lib/python3.11/site-packages/airflow/example_dags/example_dynamic_task_mapping_with_no_taskflow_operators.py for tasks to queue
[2026-06-02T06:24:20.301+0000] {logging_mixin.py:188} INFO - [2026-06-02T06:24:20.301+0000] {dagbag.py:545} INFO - Filling up the DagBag from /home/airflow/.local/lib/python3.11/site-packages/airflow/example_dags/example_dynamic_task_mapping_with_no_taskflow_operators.py
[2026-06-02T06:24:20.307+0000] {processor.py:840} INFO - DAG(s) 'example_dynamic_task_mapping_with_no_taskflow_operators' retrieved from /home/airflow/.local/lib/python3.11/site-packages/airflow/example_dags/example_dynamic_task_mapping_with_no_taskflow_operators.py
[2026-06-02T06:24:20.330+0000] {logging_mixin.py:188} INFO - [2026-06-02T06:24:20.329+0000] {dag.py:3096} INFO - Sync 1 DAGs
[2026-06-02T06:24:20.350+0000] {logging_mixin.py:188} INFO - [2026-06-02T06:24:20.350+0000] {dag.py:3954} INFO - Setting next_dagrun for example_dynamic_task_mapping_with_no_taskflow_operators to 2026-06-01 00:00:00+00:00, run_after=2026-06-02 00:00:00+00:00
[2026-06-02T06:24:20.367+0000] {processor.py:183} INFO - Processing /home/airflow/.local/lib/python3.11/site-packages/airflow/example_dags/example_dynamic_task_mapping_with_no_taskflow_operators.py took 0.076 seconds
[2026-06-02T06:24:50.474+0000] {processor.py:161} INFO - Started process (PID=12999) to work on /home/airflow/.local/lib/python3.11/site-packages/airflow/example_dags/example_dynamic_task_mapping_with_no_taskflow_operators.py
[2026-06-02T06:24:50.475+0000] {processor.py:830} INFO - Processing file /home/airflow/.local/lib/python3.11/site-packages/airflow/example_dags/example_dynamic_task_mapping_with_no_taskflow_operators.py for tasks to queue
[2026-06-02T06:24:50.477+0000] {logging_mixin.py:188} INFO - [2026-06-02T06:24:50.477+0000] {dagbag.py:545} INFO - Filling up the DagBag from /home/airflow/.local/lib/python3.11/site-packages/airflow/example_dags/example_dynamic_task_mapping_with_no_taskflow_operators.py
[2026-06-02T06:24:50.484+0000] {processor.py:840} INFO - DAG(s) 'example_dynamic_task_mapping_with_no_taskflow_operators' retrieved from /home/airflow/.local/lib/python3.11/site-packages/airflow/example_dags/example_dynamic_task_mapping_with_no_taskflow_operators.py
[2026-06-02T06:24:50.503+0000] {logging_mixin.py:188} INFO - [2026-06-02T06:24:50.503+0000] {dag.py:3096} INFO - Sync 1 DAGs
[2026-06-02T06:24:50.525+0000] {logging_mixin.py:188} INFO - [2026-06-02T06:24:50.524+0000] {dag.py:3954} INFO - Setting next_dagrun for example_dynamic_task_mapping_with_no_taskflow_operators to 2026-06-01 00:00:00+00:00, run_after=2026-06-02 00:00:00+00:00
[2026-06-02T06:24:50.544+0000] {processor.py:183} INFO - Processing /home/airflow/.local/lib/python3.11/site-packages/airflow/example_dags/example_dynamic_task_mapping_with_no_taskflow_operators.py took 0.076 seconds
[2026-06-02T06:25:20.843+0000] {processor.py:161} INFO - Started process (PID=13277) to work on /home/airflow/.local/lib/python3.11/site-packages/airflow/example_dags/example_dynamic_task_mapping_with_no_taskflow_operators.py
[2026-06-02T06:25:20.844+0000] {processor.py:830} INFO - Processing file /home/airflow/.local/lib/python3.11/site-packages/airflow/example_dags/example_dynamic_task_mapping_with_no_taskflow_operators.py for tasks to queue
[2026-06-02T06:25:20.846+0000] {logging_mixin.py:188} INFO - [2026-06-02T06:25:20.845+0000] {dagbag.py:545} INFO - Filling up the DagBag from /home/airflow/.local/lib/python3.11/site-packages/airflow/example_dags/example_dynamic_task_mapping_with_no_taskflow_operators.py
[2026-06-02T06:25:20.851+0000] {processor.py:840} INFO - DAG(s) 'example_dynamic_task_mapping_with_no_taskflow_operators' retrieved from /home/airflow/.local/lib/python3.11/site-packages/airflow/example_dags/example_dynamic_task_mapping_with_no_taskflow_operators.py
[2026-06-02T06:25:20.869+0000] {logging_mixin.py:188} INFO - [2026-06-02T06:25:20.869+0000] {dag.py:3096} INFO - Sync 1 DAGs
[2026-06-02T06:25:20.887+0000] {logging_mixin.py:188} INFO - [2026-06-02T06:25:20.887+0000] {dag.py:3954} INFO - Setting next_dagrun for example_dynamic_task_mapping_with_no_taskflow_operators to 2026-06-01 00:00:00+00:00, run_after=2026-06-02 00:00:00+00:00
[2026-06-02T06:25:20.905+0000] {processor.py:183} INFO - Processing /home/airflow/.local/lib/python3.11/site-packages/airflow/example_dags/example_dynamic_task_mapping_with_no_taskflow_operators.py took 0.068 seconds
[2026-06-02T06:25:51.043+0000] {processor.py:161} INFO - Started process (PID=13551) to work on /home/airflow/.local/lib/python3.11/site-packages/airflow/example_dags/example_dynamic_task_mapping_with_no_taskflow_operators.py
[2026-06-02T06:25:51.044+0000] {processor.py:830} INFO - Processing file /home/airflow/.local/lib/python3.11/site-packages/airflow/example_dags/example_dynamic_task_mapping_with_no_taskflow_operators.py for tasks to queue
[2026-06-02T06:25:51.046+0000] {logging_mixin.py:188} INFO - [2026-06-02T06:25:51.045+0000] {dagbag.py:545} INFO - Filling up the DagBag from /home/airflow/.local/lib/python3.11/site-packages/airflow/example_dags/example_dynamic_task_mapping_with_no_taskflow_operators.py
[2026-06-02T06:25:51.052+0000] {processor.py:840} INFO - DAG(s) 'example_dynamic_task_mapping_with_no_taskflow_operators' retrieved from /home/airflow/.local/lib/python3.11/site-packages/airflow/example_dags/example_dynamic_task_mapping_with_no_taskflow_operators.py
[2026-06-02T06:25:51.070+0000] {logging_mixin.py:188} INFO - [2026-06-02T06:25:51.070+0000] {dag.py:3096} INFO - Sync 1 DAGs
[2026-06-02T06:25:51.091+0000] {logging_mixin.py:188} INFO - [2026-06-02T06:25:51.090+0000] {dag.py:3954} INFO - Setting next_dagrun for example_dynamic_task_mapping_with_no_taskflow_operators to 2026-06-01 00:00:00+00:00, run_after=2026-06-02 00:00:00+00:00
[2026-06-02T06:25:51.109+0000] {processor.py:183} INFO - Processing /home/airflow/.local/lib/python3.11/site-packages/airflow/example_dags/example_dynamic_task_mapping_with_no_taskflow_operators.py took 0.071 seconds
[2026-06-02T06:26:21.500+0000] {processor.py:161} INFO - Started process (PID=13829) to work on /home/airflow/.local/lib/python3.11/site-packages/airflow/example_dags/example_dynamic_task_mapping_with_no_taskflow_operators.py
[2026-06-02T06:26:21.501+0000] {processor.py:830} INFO - Processing file /home/airflow/.local/lib/python3.11/site-packages/airflow/example_dags/example_dynamic_task_mapping_with_no_taskflow_operators.py for tasks to queue
[2026-06-02T06:26:21.502+0000] {logging_mixin.py:188} INFO - [2026-06-02T06:26:21.502+0000] {dagbag.py:545} INFO - Filling up the DagBag from /home/airflow/.local/lib/python3.11/site-packages/airflow/example_dags/example_dynamic_task_mapping_with_no_taskflow_operators.py
[2026-06-02T06:26:21.508+0000] {processor.py:840} INFO - DAG(s) 'example_dynamic_task_mapping_with_no_taskflow_operators' retrieved from /home/airflow/.local/lib/python3.11/site-packages/airflow/example_dags/example_dynamic_task_mapping_with_no_taskflow_operators.py
[2026-06-02T06:26:21.526+0000] {logging_mixin.py:188} INFO - [2026-06-02T06:26:21.526+0000] {dag.py:3096} INFO - Sync 1 DAGs
[2026-06-02T06:26:21.541+0000] {logging_mixin.py:188} INFO - [2026-06-02T06:26:21.541+0000] {dag.py:3954} INFO - Setting next_dagrun for example_dynamic_task_mapping_with_no_taskflow_operators to 2026-06-01 00:00:00+00:00, run_after=2026-06-02 00:00:00+00:00
[2026-06-02T06:26:21.557+0000] {processor.py:183} INFO - Processing /home/airflow/.local/lib/python3.11/site-packages/airflow/example_dags/example_dynamic_task_mapping_with_no_taskflow_operators.py took 0.066 seconds
[2026-06-02T06:26:51.650+0000] {processor.py:161} INFO - Started process (PID=14105) to work on /home/airflow/.local/lib/python3.11/site-packages/airflow/example_dags/example_dynamic_task_mapping_with_no_taskflow_operators.py
[2026-06-02T06:26:51.651+0000] {processor.py:830} INFO - Processing file /home/airflow/.local/lib/python3.11/site-packages/airflow/example_dags/example_dynamic_task_mapping_with_no_taskflow_operators.py for tasks to queue
[2026-06-02T06:26:51.653+0000] {logging_mixin.py:188} INFO - [2026-06-02T06:26:51.653+0000] {dagbag.py:545} INFO - Filling up the DagBag from /home/airflow/.local/lib/python3.11/site-packages/airflow/example_dags/example_dynamic_task_mapping_with_no_taskflow_operators.py
[2026-06-02T06:26:51.659+0000] {processor.py:840} INFO - DAG(s) 'example_dynamic_task_mapping_with_no_taskflow_operators' retrieved from /home/airflow/.local/lib/python3.11/site-packages/airflow/example_dags/example_dynamic_task_mapping_with_no_taskflow_operators.py
[2026-06-02T06:26:51.677+0000] {logging_mixin.py:188} INFO - [2026-06-02T06:26:51.677+0000] {dag.py:3096} INFO - Sync 1 DAGs
[2026-06-02T06:26:51.694+0000] {logging_mixin.py:188} INFO - [2026-06-02T06:26:51.693+0000] {dag.py:3954} INFO - Setting next_dagrun for example_dynamic_task_mapping_with_no_taskflow_operators to 2026-06-01 00:00:00+00:00, run_after=2026-06-02 00:00:00+00:00
[2026-06-02T06:26:51.718+0000] {processor.py:183} INFO - Processing /home/airflow/.local/lib/python3.11/site-packages/airflow/example_dags/example_dynamic_task_mapping_with_no_taskflow_operators.py took 0.073 seconds
[2026-06-02T06:27:22.062+0000] {processor.py:161} INFO - Started process (PID=14379) to work on /home/airflow/.local/lib/python3.11/site-packages/airflow/example_dags/example_dynamic_task_mapping_with_no_taskflow_operators.py
[2026-06-02T06:27:22.063+0000] {processor.py:830} INFO - Processing file /home/airflow/.local/lib/python3.11/site-packages/airflow/example_dags/example_dynamic_task_mapping_with_no_taskflow_operators.py for tasks to queue
[2026-06-02T06:27:22.065+0000] {logging_mixin.py:188} INFO - [2026-06-02T06:27:22.065+0000] {dagbag.py:545} INFO - Filling up the DagBag from /home/airflow/.local/lib/python3.11/site-packages/airflow/example_dags/example_dynamic_task_mapping_with_no_taskflow_operators.py
[2026-06-02T06:27:22.071+0000] {processor.py:840} INFO - DAG(s) 'example_dynamic_task_mapping_with_no_taskflow_operators' retrieved from /home/airflow/.local/lib/python3.11/site-packages/airflow/example_dags/example_dynamic_task_mapping_with_no_taskflow_operators.py
[2026-06-02T06:27:22.093+0000] {logging_mixin.py:188} INFO - [2026-06-02T06:27:22.092+0000] {dag.py:3096} INFO - Sync 1 DAGs
[2026-06-02T06:27:22.112+0000] {logging_mixin.py:188} INFO - [2026-06-02T06:27:22.112+0000] {dag.py:3954} INFO - Setting next_dagrun for example_dynamic_task_mapping_with_no_taskflow_operators to 2026-06-01 00:00:00+00:00, run_after=2026-06-02 00:00:00+00:00
[2026-06-02T06:27:22.141+0000] {processor.py:183} INFO - Processing /home/airflow/.local/lib/python3.11/site-packages/airflow/example_dags/example_dynamic_task_mapping_with_no_taskflow_operators.py took 0.084 seconds
[2026-06-02T06:27:52.635+0000] {processor.py:161} INFO - Started process (PID=14655) to work on /home/airflow/.local/lib/python3.11/site-packages/airflow/example_dags/example_dynamic_task_mapping_with_no_taskflow_operators.py
[2026-06-02T06:27:52.636+0000] {processor.py:830} INFO - Processing file /home/airflow/.local/lib/python3.11/site-packages/airflow/example_dags/example_dynamic_task_mapping_with_no_taskflow_operators.py for tasks to queue
[2026-06-02T06:27:52.638+0000] {logging_mixin.py:188} INFO - [2026-06-02T06:27:52.637+0000] {dagbag.py:545} INFO - Filling up the DagBag from /home/airflow/.local/lib/python3.11/site-packages/airflow/example_dags/example_dynamic_task_mapping_with_no_taskflow_operators.py
[2026-06-02T06:27:52.644+0000] {processor.py:840} INFO - DAG(s) 'example_dynamic_task_mapping_with_no_taskflow_operators' retrieved from /home/airflow/.local/lib/python3.11/site-packages/airflow/example_dags/example_dynamic_task_mapping_with_no_taskflow_operators.py
[2026-06-02T06:27:52.662+0000] {logging_mixin.py:188} INFO - [2026-06-02T06:27:52.661+0000] {dag.py:3096} INFO - Sync 1 DAGs
[2026-06-02T06:27:52.680+0000] {logging_mixin.py:188} INFO - [2026-06-02T06:27:52.680+0000] {dag.py:3954} INFO - Setting next_dagrun for example_dynamic_task_mapping_with_no_taskflow_operators to 2026-06-01 00:00:00+00:00, run_after=2026-06-02 00:00:00+00:00
[2026-06-02T06:27:52.707+0000] {processor.py:183} INFO - Processing /home/airflow/.local/lib/python3.11/site-packages/airflow/example_dags/example_dynamic_task_mapping_with_no_taskflow_operators.py took 0.078 seconds
[2026-06-02T06:28:23.105+0000] {processor.py:161} INFO - Started process (PID=14931) to work on /home/airflow/.local/lib/python3.11/site-packages/airflow/example_dags/example_dynamic_task_mapping_with_no_taskflow_operators.py
[2026-06-02T06:28:23.106+0000] {processor.py:830} INFO - Processing file /home/airflow/.local/lib/python3.11/site-packages/airflow/example_dags/example_dynamic_task_mapping_with_no_taskflow_operators.py for tasks to queue
[2026-06-02T06:28:23.107+0000] {logging_mixin.py:188} INFO - [2026-06-02T06:28:23.107+0000] {dagbag.py:545} INFO - Filling up the DagBag from /home/airflow/.local/lib/python3.11/site-packages/airflow/example_dags/example_dynamic_task_mapping_with_no_taskflow_operators.py
[2026-06-02T06:28:23.113+0000] {processor.py:840} INFO - DAG(s) 'example_dynamic_task_mapping_with_no_taskflow_operators' retrieved from /home/airflow/.local/lib/python3.11/site-packages/airflow/example_dags/example_dynamic_task_mapping_with_no_taskflow_operators.py
[2026-06-02T06:28:23.130+0000] {logging_mixin.py:188} INFO - [2026-06-02T06:28:23.130+0000] {dag.py:3096} INFO - Sync 1 DAGs
[2026-06-02T06:28:23.147+0000] {logging_mixin.py:188} INFO - [2026-06-02T06:28:23.147+0000] {dag.py:3954} INFO - Setting next_dagrun for example_dynamic_task_mapping_with_no_taskflow_operators to 2026-06-01 00:00:00+00:00, run_after=2026-06-02 00:00:00+00:00
[2026-06-02T06:28:23.164+0000] {processor.py:183} INFO - Processing /home/airflow/.local/lib/python3.11/site-packages/airflow/example_dags/example_dynamic_task_mapping_with_no_taskflow_operators.py took 0.065 seconds
[2026-06-02T06:28:53.316+0000] {processor.py:161} INFO - Started process (PID=15207) to work on /home/airflow/.local/lib/python3.11/site-packages/airflow/example_dags/example_dynamic_task_mapping_with_no_taskflow_operators.py
[2026-06-02T06:28:53.317+0000] {processor.py:830} INFO - Processing file /home/airflow/.local/lib/python3.11/site-packages/airflow/example_dags/example_dynamic_task_mapping_with_no_taskflow_operators.py for tasks to queue
[2026-06-02T06:28:53.318+0000] {logging_mixin.py:188} INFO - [2026-06-02T06:28:53.318+0000] {dagbag.py:545} INFO - Filling up the DagBag from /home/airflow/.local/lib/python3.11/site-packages/airflow/example_dags/example_dynamic_task_mapping_with_no_taskflow_operators.py
[2026-06-02T06:28:53.325+0000] {processor.py:840} INFO - DAG(s) 'example_dynamic_task_mapping_with_no_taskflow_operators' retrieved from /home/airflow/.local/lib/python3.11/site-packages/airflow/example_dags/example_dynamic_task_mapping_with_no_taskflow_operators.py
[2026-06-02T06:28:53.342+0000] {logging_mixin.py:188} INFO - [2026-06-02T06:28:53.342+0000] {dag.py:3096} INFO - Sync 1 DAGs
[2026-06-02T06:28:53.360+0000] {logging_mixin.py:188} INFO - [2026-06-02T06:28:53.360+0000] {dag.py:3954} INFO - Setting next_dagrun for example_dynamic_task_mapping_with_no_taskflow_operators to 2026-06-01 00:00:00+00:00, run_after=2026-06-02 00:00:00+00:00
[2026-06-02T06:28:53.377+0000] {processor.py:183} INFO - Processing /home/airflow/.local/lib/python3.11/site-packages/airflow/example_dags/example_dynamic_task_mapping_with_no_taskflow_operators.py took 0.067 seconds
[2026-06-02T06:29:23.708+0000] {processor.py:161} INFO - Started process (PID=15483) to work on /home/airflow/.local/lib/python3.11/site-packages/airflow/example_dags/example_dynamic_task_mapping_with_no_taskflow_operators.py
[2026-06-02T06:29:23.709+0000] {processor.py:830} INFO - Processing file /home/airflow/.local/lib/python3.11/site-packages/airflow/example_dags/example_dynamic_task_mapping_with_no_taskflow_operators.py for tasks to queue
[2026-06-02T06:29:23.712+0000] {logging_mixin.py:188} INFO - [2026-06-02T06:29:23.711+0000] {dagbag.py:545} INFO - Filling up the DagBag from /home/airflow/.local/lib/python3.11/site-packages/airflow/example_dags/example_dynamic_task_mapping_with_no_taskflow_operators.py
[2026-06-02T06:29:23.718+0000] {processor.py:840} INFO - DAG(s) 'example_dynamic_task_mapping_with_no_taskflow_operators' retrieved from /home/airflow/.local/lib/python3.11/site-packages/airflow/example_dags/example_dynamic_task_mapping_with_no_taskflow_operators.py
[2026-06-02T06:29:23.738+0000] {logging_mixin.py:188} INFO - [2026-06-02T06:29:23.737+0000] {dag.py:3096} INFO - Sync 1 DAGs
[2026-06-02T06:29:23.757+0000] {logging_mixin.py:188} INFO - [2026-06-02T06:29:23.757+0000] {dag.py:3954} INFO - Setting next_dagrun for example_dynamic_task_mapping_with_no_taskflow_operators to 2026-06-01 00:00:00+00:00, run_after=2026-06-02 00:00:00+00:00
[2026-06-02T06:29:23.776+0000] {processor.py:183} INFO - Processing /home/airflow/.local/lib/python3.11/site-packages/airflow/example_dags/example_dynamic_task_mapping_with_no_taskflow_operators.py took 0.074 seconds
[2026-06-02T06:29:54.227+0000] {processor.py:161} INFO - Started process (PID=15761) to work on /home/airflow/.local/lib/python3.11/site-packages/airflow/example_dags/example_dynamic_task_mapping_with_no_taskflow_operators.py
[2026-06-02T06:29:54.228+0000] {processor.py:830} INFO - Processing file /home/airflow/.local/lib/python3.11/site-packages/airflow/example_dags/example_dynamic_task_mapping_with_no_taskflow_operators.py for tasks to queue
[2026-06-02T06:29:54.230+0000] {logging_mixin.py:188} INFO - [2026-06-02T06:29:54.230+0000] {dagbag.py:545} INFO - Filling up the DagBag from /home/airflow/.local/lib/python3.11/site-packages/airflow/example_dags/example_dynamic_task_mapping_with_no_taskflow_operators.py
[2026-06-02T06:29:54.236+0000] {processor.py:840} INFO - DAG(s) 'example_dynamic_task_mapping_with_no_taskflow_operators' retrieved from /home/airflow/.local/lib/python3.11/site-packages/airflow/example_dags/example_dynamic_task_mapping_with_no_taskflow_operators.py
[2026-06-02T06:29:54.254+0000] {logging_mixin.py:188} INFO - [2026-06-02T06:29:54.253+0000] {dag.py:3096} INFO - Sync 1 DAGs
[2026-06-02T06:29:54.271+0000] {logging_mixin.py:188} INFO - [2026-06-02T06:29:54.271+0000] {dag.py:3954} INFO - Setting next_dagrun for example_dynamic_task_mapping_with_no_taskflow_operators to 2026-06-01 00:00:00+00:00, run_after=2026-06-02 00:00:00+00:00
[2026-06-02T06:29:54.293+0000] {processor.py:183} INFO - Processing /home/airflow/.local/lib/python3.11/site-packages/airflow/example_dags/example_dynamic_task_mapping_with_no_taskflow_operators.py took 0.071 seconds
[2026-06-02T06:30:24.443+0000] {processor.py:161} INFO - Started process (PID=16035) to work on /home/airflow/.local/lib/python3.11/site-packages/airflow/example_dags/example_dynamic_task_mapping_with_no_taskflow_operators.py
[2026-06-02T06:30:24.444+0000] {processor.py:830} INFO - Processing file /home/airflow/.local/lib/python3.11/site-packages/airflow/example_dags/example_dynamic_task_mapping_with_no_taskflow_operators.py for tasks to queue
[2026-06-02T06:30:24.446+0000] {logging_mixin.py:188} INFO - [2026-06-02T06:30:24.445+0000] {dagbag.py:545} INFO - Filling up the DagBag from /home/airflow/.local/lib/python3.11/site-packages/airflow/example_dags/example_dynamic_task_mapping_with_no_taskflow_operators.py
[2026-06-02T06:30:24.452+0000] {processor.py:840} INFO - DAG(s) 'example_dynamic_task_mapping_with_no_taskflow_operators' retrieved from /home/airflow/.local/lib/python3.11/site-packages/airflow/example_dags/example_dynamic_task_mapping_with_no_taskflow_operators.py
[2026-06-02T06:30:24.473+0000] {logging_mixin.py:188} INFO - [2026-06-02T06:30:24.473+0000] {dag.py:3096} INFO - Sync 1 DAGs
[2026-06-02T06:30:24.491+0000] {logging_mixin.py:188} INFO - [2026-06-02T06:30:24.491+0000] {dag.py:3954} INFO - Setting next_dagrun for example_dynamic_task_mapping_with_no_taskflow_operators to 2026-06-01 00:00:00+00:00, run_after=2026-06-02 00:00:00+00:00
[2026-06-02T06:30:24.517+0000] {processor.py:183} INFO - Processing /home/airflow/.local/lib/python3.11/site-packages/airflow/example_dags/example_dynamic_task_mapping_with_no_taskflow_operators.py took 0.080 seconds
[2026-06-02T06:30:55.282+0000] {processor.py:161} INFO - Started process (PID=16311) to work on /home/airflow/.local/lib/python3.11/site-packages/airflow/example_dags/example_dynamic_task_mapping_with_no_taskflow_operators.py
[2026-06-02T06:30:55.284+0000] {processor.py:830} INFO - Processing file /home/airflow/.local/lib/python3.11/site-packages/airflow/example_dags/example_dynamic_task_mapping_with_no_taskflow_operators.py for tasks to queue
[2026-06-02T06:30:55.285+0000] {logging_mixin.py:188} INFO - [2026-06-02T06:30:55.285+0000] {dagbag.py:545} INFO - Filling up the DagBag from /home/airflow/.local/lib/python3.11/site-packages/airflow/example_dags/example_dynamic_task_mapping_with_no_taskflow_operators.py
[2026-06-02T06:30:55.292+0000] {processor.py:840} INFO - DAG(s) 'example_dynamic_task_mapping_with_no_taskflow_operators' retrieved from /home/airflow/.local/lib/python3.11/site-packages/airflow/example_dags/example_dynamic_task_mapping_with_no_taskflow_operators.py
[2026-06-02T06:30:55.313+0000] {logging_mixin.py:188} INFO - [2026-06-02T06:30:55.313+0000] {dag.py:3096} INFO - Sync 1 DAGs
[2026-06-02T06:30:55.335+0000] {logging_mixin.py:188} INFO - [2026-06-02T06:30:55.335+0000] {dag.py:3954} INFO - Setting next_dagrun for example_dynamic_task_mapping_with_no_taskflow_operators to 2026-06-01 00:00:00+00:00, run_after=2026-06-02 00:00:00+00:00
[2026-06-02T06:30:55.366+0000] {processor.py:183} INFO - Processing /home/airflow/.local/lib/python3.11/site-packages/airflow/example_dags/example_dynamic_task_mapping_with_no_taskflow_operators.py took 0.096 seconds
[2026-06-02T06:31:26.095+0000] {processor.py:161} INFO - Started process (PID=16573) to work on /home/airflow/.local/lib/python3.11/site-packages/airflow/example_dags/example_dynamic_task_mapping_with_no_taskflow_operators.py
[2026-06-02T06:31:26.096+0000] {processor.py:830} INFO - Processing file /home/airflow/.local/lib/python3.11/site-packages/airflow/example_dags/example_dynamic_task_mapping_with_no_taskflow_operators.py for tasks to queue
[2026-06-02T06:31:26.098+0000] {logging_mixin.py:188} INFO - [2026-06-02T06:31:26.097+0000] {dagbag.py:545} INFO - Filling up the DagBag from /home/airflow/.local/lib/python3.11/site-packages/airflow/example_dags/example_dynamic_task_mapping_with_no_taskflow_operators.py
[2026-06-02T06:31:26.104+0000] {processor.py:840} INFO - DAG(s) 'example_dynamic_task_mapping_with_no_taskflow_operators' retrieved from /home/airflow/.local/lib/python3.11/site-packages/airflow/example_dags/example_dynamic_task_mapping_with_no_taskflow_operators.py
[2026-06-02T06:31:26.127+0000] {logging_mixin.py:188} INFO - [2026-06-02T06:31:26.127+0000] {dag.py:3096} INFO - Sync 1 DAGs
[2026-06-02T06:31:26.148+0000] {logging_mixin.py:188} INFO - [2026-06-02T06:31:26.147+0000] {dag.py:3954} INFO - Setting next_dagrun for example_dynamic_task_mapping_with_no_taskflow_operators to 2026-06-01 00:00:00+00:00, run_after=2026-06-02 00:00:00+00:00
[2026-06-02T06:31:26.176+0000] {processor.py:183} INFO - Processing /home/airflow/.local/lib/python3.11/site-packages/airflow/example_dags/example_dynamic_task_mapping_with_no_taskflow_operators.py took 0.089 seconds
[2026-06-02T06:31:56.538+0000] {processor.py:161} INFO - Started process (PID=16849) to work on /home/airflow/.local/lib/python3.11/site-packages/airflow/example_dags/example_dynamic_task_mapping_with_no_taskflow_operators.py
[2026-06-02T06:31:56.539+0000] {processor.py:830} INFO - Processing file /home/airflow/.local/lib/python3.11/site-packages/airflow/example_dags/example_dynamic_task_mapping_with_no_taskflow_operators.py for tasks to queue
[2026-06-02T06:31:56.541+0000] {logging_mixin.py:188} INFO - [2026-06-02T06:31:56.540+0000] {dagbag.py:545} INFO - Filling up the DagBag from /home/airflow/.local/lib/python3.11/site-packages/airflow/example_dags/example_dynamic_task_mapping_with_no_taskflow_operators.py
[2026-06-02T06:31:56.546+0000] {processor.py:840} INFO - DAG(s) 'example_dynamic_task_mapping_with_no_taskflow_operators' retrieved from /home/airflow/.local/lib/python3.11/site-packages/airflow/example_dags/example_dynamic_task_mapping_with_no_taskflow_operators.py
[2026-06-02T06:31:56.564+0000] {logging_mixin.py:188} INFO - [2026-06-02T06:31:56.564+0000] {dag.py:3096} INFO - Sync 1 DAGs
[2026-06-02T06:31:56.582+0000] {logging_mixin.py:188} INFO - [2026-06-02T06:31:56.582+0000] {dag.py:3954} INFO - Setting next_dagrun for example_dynamic_task_mapping_with_no_taskflow_operators to 2026-06-01 00:00:00+00:00, run_after=2026-06-02 00:00:00+00:00
[2026-06-02T06:31:56.612+0000] {processor.py:183} INFO - Processing /home/airflow/.local/lib/python3.11/site-packages/airflow/example_dags/example_dynamic_task_mapping_with_no_taskflow_operators.py took 0.079 seconds
[2026-06-02T06:32:27.299+0000] {processor.py:161} INFO - Started process (PID=17125) to work on /home/airflow/.local/lib/python3.11/site-packages/airflow/example_dags/example_dynamic_task_mapping_with_no_taskflow_operators.py
[2026-06-02T06:32:27.300+0000] {processor.py:830} INFO - Processing file /home/airflow/.local/lib/python3.11/site-packages/airflow/example_dags/example_dynamic_task_mapping_with_no_taskflow_operators.py for tasks to queue
[2026-06-02T06:32:27.301+0000] {logging_mixin.py:188} INFO - [2026-06-02T06:32:27.301+0000] {dagbag.py:545} INFO - Filling up the DagBag from /home/airflow/.local/lib/python3.11/site-packages/airflow/example_dags/example_dynamic_task_mapping_with_no_taskflow_operators.py
[2026-06-02T06:32:27.307+0000] {processor.py:840} INFO - DAG(s) 'example_dynamic_task_mapping_with_no_taskflow_operators' retrieved from /home/airflow/.local/lib/python3.11/site-packages/airflow/example_dags/example_dynamic_task_mapping_with_no_taskflow_operators.py
[2026-06-02T06:32:27.329+0000] {logging_mixin.py:188} INFO - [2026-06-02T06:32:27.329+0000] {dag.py:3096} INFO - Sync 1 DAGs
[2026-06-02T06:32:27.347+0000] {logging_mixin.py:188} INFO - [2026-06-02T06:32:27.347+0000] {dag.py:3954} INFO - Setting next_dagrun for example_dynamic_task_mapping_with_no_taskflow_operators to 2026-06-01 00:00:00+00:00, run_after=2026-06-02 00:00:00+00:00
[2026-06-02T06:32:27.374+0000] {processor.py:183} INFO - Processing /home/airflow/.local/lib/python3.11/site-packages/airflow/example_dags/example_dynamic_task_mapping_with_no_taskflow_operators.py took 0.081 seconds
[2026-06-02T06:32:57.901+0000] {processor.py:161} INFO - Started process (PID=17401) to work on /home/airflow/.local/lib/python3.11/site-packages/airflow/example_dags/example_dynamic_task_mapping_with_no_taskflow_operators.py
[2026-06-02T06:32:57.902+0000] {processor.py:830} INFO - Processing file /home/airflow/.local/lib/python3.11/site-packages/airflow/example_dags/example_dynamic_task_mapping_with_no_taskflow_operators.py for tasks to queue
[2026-06-02T06:32:57.904+0000] {logging_mixin.py:188} INFO - [2026-06-02T06:32:57.904+0000] {dagbag.py:545} INFO - Filling up the DagBag from /home/airflow/.local/lib/python3.11/site-packages/airflow/example_dags/example_dynamic_task_mapping_with_no_taskflow_operators.py
[2026-06-02T06:32:57.912+0000] {processor.py:840} INFO - DAG(s) 'example_dynamic_task_mapping_with_no_taskflow_operators' retrieved from /home/airflow/.local/lib/python3.11/site-packages/airflow/example_dags/example_dynamic_task_mapping_with_no_taskflow_operators.py
[2026-06-02T06:32:57.931+0000] {logging_mixin.py:188} INFO - [2026-06-02T06:32:57.931+0000] {dag.py:3096} INFO - Sync 1 DAGs
[2026-06-02T06:32:57.950+0000] {logging_mixin.py:188} INFO - [2026-06-02T06:32:57.950+0000] {dag.py:3954} INFO - Setting next_dagrun for example_dynamic_task_mapping_with_no_taskflow_operators to 2026-06-01 00:00:00+00:00, run_after=2026-06-02 00:00:00+00:00
[2026-06-02T06:32:57.983+0000] {processor.py:183} INFO - Processing /home/airflow/.local/lib/python3.11/site-packages/airflow/example_dags/example_dynamic_task_mapping_with_no_taskflow_operators.py took 0.086 seconds
[2026-06-02T06:33:28.261+0000] {processor.py:161} INFO - Started process (PID=17677) to work on /home/airflow/.local/lib/python3.11/site-packages/airflow/example_dags/example_dynamic_task_mapping_with_no_taskflow_operators.py
[2026-06-02T06:33:28.263+0000] {processor.py:830} INFO - Processing file /home/airflow/.local/lib/python3.11/site-packages/airflow/example_dags/example_dynamic_task_mapping_with_no_taskflow_operators.py for tasks to queue
[2026-06-02T06:33:28.265+0000] {logging_mixin.py:188} INFO - [2026-06-02T06:33:28.265+0000] {dagbag.py:545} INFO - Filling up the DagBag from /home/airflow/.local/lib/python3.11/site-packages/airflow/example_dags/example_dynamic_task_mapping_with_no_taskflow_operators.py
[2026-06-02T06:33:28.274+0000] {processor.py:840} INFO - DAG(s) 'example_dynamic_task_mapping_with_no_taskflow_operators' retrieved from /home/airflow/.local/lib/python3.11/site-packages/airflow/example_dags/example_dynamic_task_mapping_with_no_taskflow_operators.py
[2026-06-02T06:33:28.299+0000] {logging_mixin.py:188} INFO - [2026-06-02T06:33:28.298+0000] {dag.py:3096} INFO - Sync 1 DAGs
[2026-06-02T06:33:28.326+0000] {logging_mixin.py:188} INFO - [2026-06-02T06:33:28.325+0000] {dag.py:3954} INFO - Setting next_dagrun for example_dynamic_task_mapping_with_no_taskflow_operators to 2026-06-01 00:00:00+00:00, run_after=2026-06-02 00:00:00+00:00
[2026-06-02T06:33:28.360+0000] {processor.py:183} INFO - Processing /home/airflow/.local/lib/python3.11/site-packages/airflow/example_dags/example_dynamic_task_mapping_with_no_taskflow_operators.py took 0.105 seconds
[2026-06-02T06:33:58.951+0000] {processor.py:161} INFO - Started process (PID=17953) to work on /home/airflow/.local/lib/python3.11/site-packages/airflow/example_dags/example_dynamic_task_mapping_with_no_taskflow_operators.py
[2026-06-02T06:33:58.953+0000] {processor.py:830} INFO - Processing file /home/airflow/.local/lib/python3.11/site-packages/airflow/example_dags/example_dynamic_task_mapping_with_no_taskflow_operators.py for tasks to queue
[2026-06-02T06:33:58.955+0000] {logging_mixin.py:188} INFO - [2026-06-02T06:33:58.955+0000] {dagbag.py:545} INFO - Filling up the DagBag from /home/airflow/.local/lib/python3.11/site-packages/airflow/example_dags/example_dynamic_task_mapping_with_no_taskflow_operators.py
[2026-06-02T06:33:58.964+0000] {processor.py:840} INFO - DAG(s) 'example_dynamic_task_mapping_with_no_taskflow_operators' retrieved from /home/airflow/.local/lib/python3.11/site-packages/airflow/example_dags/example_dynamic_task_mapping_with_no_taskflow_operators.py
[2026-06-02T06:33:58.991+0000] {logging_mixin.py:188} INFO - [2026-06-02T06:33:58.991+0000] {dag.py:3096} INFO - Sync 1 DAGs
[2026-06-02T06:33:59.018+0000] {logging_mixin.py:188} INFO - [2026-06-02T06:33:59.018+0000] {dag.py:3954} INFO - Setting next_dagrun for example_dynamic_task_mapping_with_no_taskflow_operators to 2026-06-01 00:00:00+00:00, run_after=2026-06-02 00:00:00+00:00
[2026-06-02T06:33:59.039+0000] {processor.py:183} INFO - Processing /home/airflow/.local/lib/python3.11/site-packages/airflow/example_dags/example_dynamic_task_mapping_with_no_taskflow_operators.py took 0.094 seconds
[2026-06-02T06:34:29.284+0000] {processor.py:161} INFO - Started process (PID=18229) to work on /home/airflow/.local/lib/python3.11/site-packages/airflow/example_dags/example_dynamic_task_mapping_with_no_taskflow_operators.py
[2026-06-02T06:34:29.285+0000] {processor.py:830} INFO - Processing file /home/airflow/.local/lib/python3.11/site-packages/airflow/example_dags/example_dynamic_task_mapping_with_no_taskflow_operators.py for tasks to queue
[2026-06-02T06:34:29.286+0000] {logging_mixin.py:188} INFO - [2026-06-02T06:34:29.286+0000] {dagbag.py:545} INFO - Filling up the DagBag from /home/airflow/.local/lib/python3.11/site-packages/airflow/example_dags/example_dynamic_task_mapping_with_no_taskflow_operators.py
[2026-06-02T06:34:29.292+0000] {processor.py:840} INFO - DAG(s) 'example_dynamic_task_mapping_with_no_taskflow_operators' retrieved from /home/airflow/.local/lib/python3.11/site-packages/airflow/example_dags/example_dynamic_task_mapping_with_no_taskflow_operators.py
[2026-06-02T06:34:29.311+0000] {logging_mixin.py:188} INFO - [2026-06-02T06:34:29.311+0000] {dag.py:3096} INFO - Sync 1 DAGs
[2026-06-02T06:34:29.328+0000] {logging_mixin.py:188} INFO - [2026-06-02T06:34:29.328+0000] {dag.py:3954} INFO - Setting next_dagrun for example_dynamic_task_mapping_with_no_taskflow_operators to 2026-06-01 00:00:00+00:00, run_after=2026-06-02 00:00:00+00:00
[2026-06-02T06:34:29.357+0000] {processor.py:183} INFO - Processing /home/airflow/.local/lib/python3.11/site-packages/airflow/example_dags/example_dynamic_task_mapping_with_no_taskflow_operators.py took 0.079 seconds
[2026-06-02T06:34:59.944+0000] {processor.py:161} INFO - Started process (PID=18505) to work on /home/airflow/.local/lib/python3.11/site-packages/airflow/example_dags/example_dynamic_task_mapping_with_no_taskflow_operators.py
[2026-06-02T06:34:59.946+0000] {processor.py:830} INFO - Processing file /home/airflow/.local/lib/python3.11/site-packages/airflow/example_dags/example_dynamic_task_mapping_with_no_taskflow_operators.py for tasks to queue
[2026-06-02T06:34:59.948+0000] {logging_mixin.py:188} INFO - [2026-06-02T06:34:59.947+0000] {dagbag.py:545} INFO - Filling up the DagBag from /home/airflow/.local/lib/python3.11/site-packages/airflow/example_dags/example_dynamic_task_mapping_with_no_taskflow_operators.py
[2026-06-02T06:34:59.954+0000] {processor.py:840} INFO - DAG(s) 'example_dynamic_task_mapping_with_no_taskflow_operators' retrieved from /home/airflow/.local/lib/python3.11/site-packages/airflow/example_dags/example_dynamic_task_mapping_with_no_taskflow_operators.py
[2026-06-02T06:34:59.977+0000] {logging_mixin.py:188} INFO - [2026-06-02T06:34:59.977+0000] {dag.py:3096} INFO - Sync 1 DAGs
[2026-06-02T06:35:00.001+0000] {logging_mixin.py:188} INFO - [2026-06-02T06:35:00.001+0000] {dag.py:3954} INFO - Setting next_dagrun for example_dynamic_task_mapping_with_no_taskflow_operators to 2026-06-01 00:00:00+00:00, run_after=2026-06-02 00:00:00+00:00
[2026-06-02T06:35:00.032+0000] {processor.py:183} INFO - Processing /home/airflow/.local/lib/python3.11/site-packages/airflow/example_dags/example_dynamic_task_mapping_with_no_taskflow_operators.py took 0.094 seconds
[2026-06-02T06:35:30.214+0000] {processor.py:161} INFO - Started process (PID=18781) to work on /home/airflow/.local/lib/python3.11/site-packages/airflow/example_dags/example_dynamic_task_mapping_with_no_taskflow_operators.py
[2026-06-02T06:35:30.215+0000] {processor.py:830} INFO - Processing file /home/airflow/.local/lib/python3.11/site-packages/airflow/example_dags/example_dynamic_task_mapping_with_no_taskflow_operators.py for tasks to queue
[2026-06-02T06:35:30.217+0000] {logging_mixin.py:188} INFO - [2026-06-02T06:35:30.216+0000] {dagbag.py:545} INFO - Filling up the DagBag from /home/airflow/.local/lib/python3.11/site-packages/airflow/example_dags/example_dynamic_task_mapping_with_no_taskflow_operators.py
[2026-06-02T06:35:30.223+0000] {processor.py:840} INFO - DAG(s) 'example_dynamic_task_mapping_with_no_taskflow_operators' retrieved from /home/airflow/.local/lib/python3.11/site-packages/airflow/example_dags/example_dynamic_task_mapping_with_no_taskflow_operators.py
[2026-06-02T06:35:30.247+0000] {logging_mixin.py:188} INFO - [2026-06-02T06:35:30.247+0000] {dag.py:3096} INFO - Sync 1 DAGs
[2026-06-02T06:35:30.268+0000] {logging_mixin.py:188} INFO - [2026-06-02T06:35:30.268+0000] {dag.py:3954} INFO - Setting next_dagrun for example_dynamic_task_mapping_with_no_taskflow_operators to 2026-06-01 00:00:00+00:00, run_after=2026-06-02 00:00:00+00:00
[2026-06-02T06:35:30.300+0000] {processor.py:183} INFO - Processing /home/airflow/.local/lib/python3.11/site-packages/airflow/example_dags/example_dynamic_task_mapping_with_no_taskflow_operators.py took 0.093 seconds
[2026-06-02T06:42:27.551+0000] {processor.py:161} INFO - Started process (PID=232) to work on /home/airflow/.local/lib/python3.11/site-packages/airflow/example_dags/example_dynamic_task_mapping_with_no_taskflow_operators.py
[2026-06-02T06:42:27.557+0000] {processor.py:830} INFO - Processing file /home/airflow/.local/lib/python3.11/site-packages/airflow/example_dags/example_dynamic_task_mapping_with_no_taskflow_operators.py for tasks to queue
[2026-06-02T06:42:27.561+0000] {logging_mixin.py:188} INFO - [2026-06-02T06:42:27.560+0000] {dagbag.py:545} INFO - Filling up the DagBag from /home/airflow/.local/lib/python3.11/site-packages/airflow/example_dags/example_dynamic_task_mapping_with_no_taskflow_operators.py
[2026-06-02T06:42:27.572+0000] {processor.py:840} INFO - DAG(s) 'example_dynamic_task_mapping_with_no_taskflow_operators' retrieved from /home/airflow/.local/lib/python3.11/site-packages/airflow/example_dags/example_dynamic_task_mapping_with_no_taskflow_operators.py
[2026-06-02T06:42:27.589+0000] {logging_mixin.py:188} INFO - [2026-06-02T06:42:27.588+0000] {dag.py:3096} INFO - Sync 1 DAGs
[2026-06-02T06:42:27.623+0000] {logging_mixin.py:188} INFO - [2026-06-02T06:42:27.622+0000] {dag.py:3954} INFO - Setting next_dagrun for example_dynamic_task_mapping_with_no_taskflow_operators to 2026-06-01 00:00:00+00:00, run_after=2026-06-02 00:00:00+00:00
[2026-06-02T06:42:27.653+0000] {processor.py:183} INFO - Processing /home/airflow/.local/lib/python3.11/site-packages/airflow/example_dags/example_dynamic_task_mapping_with_no_taskflow_operators.py took 0.111 seconds
[2026-06-02T06:42:57.789+0000] {processor.py:161} INFO - Started process (PID=502) to work on /home/airflow/.local/lib/python3.11/site-packages/airflow/example_dags/example_dynamic_task_mapping_with_no_taskflow_operators.py
[2026-06-02T06:42:57.791+0000] {processor.py:830} INFO - Processing file /home/airflow/.local/lib/python3.11/site-packages/airflow/example_dags/example_dynamic_task_mapping_with_no_taskflow_operators.py for tasks to queue
[2026-06-02T06:42:57.792+0000] {logging_mixin.py:188} INFO - [2026-06-02T06:42:57.792+0000] {dagbag.py:545} INFO - Filling up the DagBag from /home/airflow/.local/lib/python3.11/site-packages/airflow/example_dags/example_dynamic_task_mapping_with_no_taskflow_operators.py
[2026-06-02T06:42:57.799+0000] {processor.py:840} INFO - DAG(s) 'example_dynamic_task_mapping_with_no_taskflow_operators' retrieved from /home/airflow/.local/lib/python3.11/site-packages/airflow/example_dags/example_dynamic_task_mapping_with_no_taskflow_operators.py
[2026-06-02T06:42:57.901+0000] {logging_mixin.py:188} INFO - [2026-06-02T06:42:57.901+0000] {dag.py:3096} INFO - Sync 1 DAGs
[2026-06-02T06:42:57.927+0000] {logging_mixin.py:188} INFO - [2026-06-02T06:42:57.927+0000] {dag.py:3954} INFO - Setting next_dagrun for example_dynamic_task_mapping_with_no_taskflow_operators to 2026-06-01 00:00:00+00:00, run_after=2026-06-02 00:00:00+00:00
[2026-06-02T06:42:57.958+0000] {processor.py:183} INFO - Processing /home/airflow/.local/lib/python3.11/site-packages/airflow/example_dags/example_dynamic_task_mapping_with_no_taskflow_operators.py took 0.174 seconds
[2026-06-02T06:43:28.697+0000] {processor.py:161} INFO - Started process (PID=778) to work on /home/airflow/.local/lib/python3.11/site-packages/airflow/example_dags/example_dynamic_task_mapping_with_no_taskflow_operators.py
[2026-06-02T06:43:28.698+0000] {processor.py:830} INFO - Processing file /home/airflow/.local/lib/python3.11/site-packages/airflow/example_dags/example_dynamic_task_mapping_with_no_taskflow_operators.py for tasks to queue
[2026-06-02T06:43:28.701+0000] {logging_mixin.py:188} INFO - [2026-06-02T06:43:28.700+0000] {dagbag.py:545} INFO - Filling up the DagBag from /home/airflow/.local/lib/python3.11/site-packages/airflow/example_dags/example_dynamic_task_mapping_with_no_taskflow_operators.py
[2026-06-02T06:43:28.707+0000] {processor.py:840} INFO - DAG(s) 'example_dynamic_task_mapping_with_no_taskflow_operators' retrieved from /home/airflow/.local/lib/python3.11/site-packages/airflow/example_dags/example_dynamic_task_mapping_with_no_taskflow_operators.py
[2026-06-02T06:43:28.728+0000] {logging_mixin.py:188} INFO - [2026-06-02T06:43:28.728+0000] {dag.py:3096} INFO - Sync 1 DAGs
[2026-06-02T06:43:28.747+0000] {logging_mixin.py:188} INFO - [2026-06-02T06:43:28.747+0000] {dag.py:3954} INFO - Setting next_dagrun for example_dynamic_task_mapping_with_no_taskflow_operators to 2026-06-01 00:00:00+00:00, run_after=2026-06-02 00:00:00+00:00
[2026-06-02T06:43:28.766+0000] {processor.py:183} INFO - Processing /home/airflow/.local/lib/python3.11/site-packages/airflow/example_dags/example_dynamic_task_mapping_with_no_taskflow_operators.py took 0.075 seconds
[2026-06-02T06:43:59.737+0000] {processor.py:161} INFO - Started process (PID=1054) to work on /home/airflow/.local/lib/python3.11/site-packages/airflow/example_dags/example_dynamic_task_mapping_with_no_taskflow_operators.py
[2026-06-02T06:43:59.738+0000] {processor.py:830} INFO - Processing file /home/airflow/.local/lib/python3.11/site-packages/airflow/example_dags/example_dynamic_task_mapping_with_no_taskflow_operators.py for tasks to queue
[2026-06-02T06:43:59.741+0000] {logging_mixin.py:188} INFO - [2026-06-02T06:43:59.740+0000] {dagbag.py:545} INFO - Filling up the DagBag from /home/airflow/.local/lib/python3.11/site-packages/airflow/example_dags/example_dynamic_task_mapping_with_no_taskflow_operators.py
[2026-06-02T06:43:59.747+0000] {processor.py:840} INFO - DAG(s) 'example_dynamic_task_mapping_with_no_taskflow_operators' retrieved from /home/airflow/.local/lib/python3.11/site-packages/airflow/example_dags/example_dynamic_task_mapping_with_no_taskflow_operators.py
[2026-06-02T06:43:59.769+0000] {logging_mixin.py:188} INFO - [2026-06-02T06:43:59.769+0000] {dag.py:3096} INFO - Sync 1 DAGs
[2026-06-02T06:43:59.789+0000] {logging_mixin.py:188} INFO - [2026-06-02T06:43:59.789+0000] {dag.py:3954} INFO - Setting next_dagrun for example_dynamic_task_mapping_with_no_taskflow_operators to 2026-06-01 00:00:00+00:00, run_after=2026-06-02 00:00:00+00:00
[2026-06-02T06:43:59.806+0000] {processor.py:183} INFO - Processing /home/airflow/.local/lib/python3.11/site-packages/airflow/example_dags/example_dynamic_task_mapping_with_no_taskflow_operators.py took 0.075 seconds
[2026-06-02T06:44:30.545+0000] {processor.py:161} INFO - Started process (PID=1332) to work on /home/airflow/.local/lib/python3.11/site-packages/airflow/example_dags/example_dynamic_task_mapping_with_no_taskflow_operators.py
[2026-06-02T06:44:30.546+0000] {processor.py:830} INFO - Processing file /home/airflow/.local/lib/python3.11/site-packages/airflow/example_dags/example_dynamic_task_mapping_with_no_taskflow_operators.py for tasks to queue
[2026-06-02T06:44:30.547+0000] {logging_mixin.py:188} INFO - [2026-06-02T06:44:30.547+0000] {dagbag.py:545} INFO - Filling up the DagBag from /home/airflow/.local/lib/python3.11/site-packages/airflow/example_dags/example_dynamic_task_mapping_with_no_taskflow_operators.py
[2026-06-02T06:44:30.553+0000] {processor.py:840} INFO - DAG(s) 'example_dynamic_task_mapping_with_no_taskflow_operators' retrieved from /home/airflow/.local/lib/python3.11/site-packages/airflow/example_dags/example_dynamic_task_mapping_with_no_taskflow_operators.py
[2026-06-02T06:44:30.571+0000] {logging_mixin.py:188} INFO - [2026-06-02T06:44:30.571+0000] {dag.py:3096} INFO - Sync 1 DAGs
[2026-06-02T06:44:30.589+0000] {logging_mixin.py:188} INFO - [2026-06-02T06:44:30.588+0000] {dag.py:3954} INFO - Setting next_dagrun for example_dynamic_task_mapping_with_no_taskflow_operators to 2026-06-01 00:00:00+00:00, run_after=2026-06-02 00:00:00+00:00
[2026-06-02T06:44:30.609+0000] {processor.py:183} INFO - Processing /home/airflow/.local/lib/python3.11/site-packages/airflow/example_dags/example_dynamic_task_mapping_with_no_taskflow_operators.py took 0.070 seconds
[2026-06-02T06:45:01.427+0000] {processor.py:161} INFO - Started process (PID=1606) to work on /home/airflow/.local/lib/python3.11/site-packages/airflow/example_dags/example_dynamic_task_mapping_with_no_taskflow_operators.py
[2026-06-02T06:45:01.428+0000] {processor.py:830} INFO - Processing file /home/airflow/.local/lib/python3.11/site-packages/airflow/example_dags/example_dynamic_task_mapping_with_no_taskflow_operators.py for tasks to queue
[2026-06-02T06:45:01.430+0000] {logging_mixin.py:188} INFO - [2026-06-02T06:45:01.429+0000] {dagbag.py:545} INFO - Filling up the DagBag from /home/airflow/.local/lib/python3.11/site-packages/airflow/example_dags/example_dynamic_task_mapping_with_no_taskflow_operators.py
[2026-06-02T06:45:01.438+0000] {processor.py:840} INFO - DAG(s) 'example_dynamic_task_mapping_with_no_taskflow_operators' retrieved from /home/airflow/.local/lib/python3.11/site-packages/airflow/example_dags/example_dynamic_task_mapping_with_no_taskflow_operators.py
[2026-06-02T06:45:01.457+0000] {logging_mixin.py:188} INFO - [2026-06-02T06:45:01.457+0000] {dag.py:3096} INFO - Sync 1 DAGs
[2026-06-02T06:45:01.476+0000] {logging_mixin.py:188} INFO - [2026-06-02T06:45:01.475+0000] {dag.py:3954} INFO - Setting next_dagrun for example_dynamic_task_mapping_with_no_taskflow_operators to 2026-06-01 00:00:00+00:00, run_after=2026-06-02 00:00:00+00:00
[2026-06-02T06:45:01.493+0000] {processor.py:183} INFO - Processing /home/airflow/.local/lib/python3.11/site-packages/airflow/example_dags/example_dynamic_task_mapping_with_no_taskflow_operators.py took 0.072 seconds
[2026-06-02T06:45:31.925+0000] {processor.py:161} INFO - Started process (PID=1882) to work on /home/airflow/.local/lib/python3.11/site-packages/airflow/example_dags/example_dynamic_task_mapping_with_no_taskflow_operators.py
[2026-06-02T06:45:31.926+0000] {processor.py:830} INFO - Processing file /home/airflow/.local/lib/python3.11/site-packages/airflow/example_dags/example_dynamic_task_mapping_with_no_taskflow_operators.py for tasks to queue
[2026-06-02T06:45:31.929+0000] {logging_mixin.py:188} INFO - [2026-06-02T06:45:31.929+0000] {dagbag.py:545} INFO - Filling up the DagBag from /home/airflow/.local/lib/python3.11/site-packages/airflow/example_dags/example_dynamic_task_mapping_with_no_taskflow_operators.py
[2026-06-02T06:45:31.937+0000] {processor.py:840} INFO - DAG(s) 'example_dynamic_task_mapping_with_no_taskflow_operators' retrieved from /home/airflow/.local/lib/python3.11/site-packages/airflow/example_dags/example_dynamic_task_mapping_with_no_taskflow_operators.py
[2026-06-02T06:45:31.956+0000] {logging_mixin.py:188} INFO - [2026-06-02T06:45:31.956+0000] {dag.py:3096} INFO - Sync 1 DAGs
[2026-06-02T06:45:31.976+0000] {logging_mixin.py:188} INFO - [2026-06-02T06:45:31.976+0000] {dag.py:3954} INFO - Setting next_dagrun for example_dynamic_task_mapping_with_no_taskflow_operators to 2026-06-01 00:00:00+00:00, run_after=2026-06-02 00:00:00+00:00
[2026-06-02T06:45:32.000+0000] {processor.py:183} INFO - Processing /home/airflow/.local/lib/python3.11/site-packages/airflow/example_dags/example_dynamic_task_mapping_with_no_taskflow_operators.py took 0.087 seconds
[2026-06-02T06:46:27.374+0000] {processor.py:161} INFO - Started process (PID=231) to work on /home/airflow/.local/lib/python3.11/site-packages/airflow/example_dags/example_dynamic_task_mapping_with_no_taskflow_operators.py
[2026-06-02T06:46:27.377+0000] {processor.py:830} INFO - Processing file /home/airflow/.local/lib/python3.11/site-packages/airflow/example_dags/example_dynamic_task_mapping_with_no_taskflow_operators.py for tasks to queue
[2026-06-02T06:46:27.380+0000] {logging_mixin.py:188} INFO - [2026-06-02T06:46:27.379+0000] {dagbag.py:545} INFO - Filling up the DagBag from /home/airflow/.local/lib/python3.11/site-packages/airflow/example_dags/example_dynamic_task_mapping_with_no_taskflow_operators.py
[2026-06-02T06:46:27.393+0000] {processor.py:840} INFO - DAG(s) 'example_dynamic_task_mapping_with_no_taskflow_operators' retrieved from /home/airflow/.local/lib/python3.11/site-packages/airflow/example_dags/example_dynamic_task_mapping_with_no_taskflow_operators.py
[2026-06-02T06:46:27.417+0000] {logging_mixin.py:188} INFO - [2026-06-02T06:46:27.416+0000] {dag.py:3096} INFO - Sync 1 DAGs
[2026-06-02T06:46:27.458+0000] {logging_mixin.py:188} INFO - [2026-06-02T06:46:27.458+0000] {dag.py:3954} INFO - Setting next_dagrun for example_dynamic_task_mapping_with_no_taskflow_operators to 2026-06-01 00:00:00+00:00, run_after=2026-06-02 00:00:00+00:00
[2026-06-02T06:46:27.510+0000] {processor.py:183} INFO - Processing /home/airflow/.local/lib/python3.11/site-packages/airflow/example_dags/example_dynamic_task_mapping_with_no_taskflow_operators.py took 0.148 seconds
[2026-06-02T06:46:58.063+0000] {processor.py:161} INFO - Started process (PID=501) to work on /home/airflow/.local/lib/python3.11/site-packages/airflow/example_dags/example_dynamic_task_mapping_with_no_taskflow_operators.py
[2026-06-02T06:46:58.064+0000] {processor.py:830} INFO - Processing file /home/airflow/.local/lib/python3.11/site-packages/airflow/example_dags/example_dynamic_task_mapping_with_no_taskflow_operators.py for tasks to queue
[2026-06-02T06:46:58.066+0000] {logging_mixin.py:188} INFO - [2026-06-02T06:46:58.066+0000] {dagbag.py:545} INFO - Filling up the DagBag from /home/airflow/.local/lib/python3.11/site-packages/airflow/example_dags/example_dynamic_task_mapping_with_no_taskflow_operators.py
[2026-06-02T06:46:58.075+0000] {processor.py:840} INFO - DAG(s) 'example_dynamic_task_mapping_with_no_taskflow_operators' retrieved from /home/airflow/.local/lib/python3.11/site-packages/airflow/example_dags/example_dynamic_task_mapping_with_no_taskflow_operators.py
[2026-06-02T06:46:58.203+0000] {logging_mixin.py:188} INFO - [2026-06-02T06:46:58.202+0000] {dag.py:3096} INFO - Sync 1 DAGs
[2026-06-02T06:46:58.228+0000] {logging_mixin.py:188} INFO - [2026-06-02T06:46:58.227+0000] {dag.py:3954} INFO - Setting next_dagrun for example_dynamic_task_mapping_with_no_taskflow_operators to 2026-06-01 00:00:00+00:00, run_after=2026-06-02 00:00:00+00:00
[2026-06-02T06:46:58.256+0000] {processor.py:183} INFO - Processing /home/airflow/.local/lib/python3.11/site-packages/airflow/example_dags/example_dynamic_task_mapping_with_no_taskflow_operators.py took 0.202 seconds
[2026-06-02T06:47:28.904+0000] {processor.py:161} INFO - Started process (PID=777) to work on /home/airflow/.local/lib/python3.11/site-packages/airflow/example_dags/example_dynamic_task_mapping_with_no_taskflow_operators.py
[2026-06-02T06:47:28.906+0000] {processor.py:830} INFO - Processing file /home/airflow/.local/lib/python3.11/site-packages/airflow/example_dags/example_dynamic_task_mapping_with_no_taskflow_operators.py for tasks to queue
[2026-06-02T06:47:28.908+0000] {logging_mixin.py:188} INFO - [2026-06-02T06:47:28.907+0000] {dagbag.py:545} INFO - Filling up the DagBag from /home/airflow/.local/lib/python3.11/site-packages/airflow/example_dags/example_dynamic_task_mapping_with_no_taskflow_operators.py
[2026-06-02T06:47:28.917+0000] {processor.py:840} INFO - DAG(s) 'example_dynamic_task_mapping_with_no_taskflow_operators' retrieved from /home/airflow/.local/lib/python3.11/site-packages/airflow/example_dags/example_dynamic_task_mapping_with_no_taskflow_operators.py
[2026-06-02T06:47:28.944+0000] {logging_mixin.py:188} INFO - [2026-06-02T06:47:28.943+0000] {dag.py:3096} INFO - Sync 1 DAGs
[2026-06-02T06:47:28.974+0000] {logging_mixin.py:188} INFO - [2026-06-02T06:47:28.974+0000] {dag.py:3954} INFO - Setting next_dagrun for example_dynamic_task_mapping_with_no_taskflow_operators to 2026-06-01 00:00:00+00:00, run_after=2026-06-02 00:00:00+00:00
[2026-06-02T06:47:29.007+0000] {processor.py:183} INFO - Processing /home/airflow/.local/lib/python3.11/site-packages/airflow/example_dags/example_dynamic_task_mapping_with_no_taskflow_operators.py took 0.111 seconds
[2026-06-02T06:48:00.146+0000] {processor.py:161} INFO - Started process (PID=1059) to work on /home/airflow/.local/lib/python3.11/site-packages/airflow/example_dags/example_dynamic_task_mapping_with_no_taskflow_operators.py
[2026-06-02T06:48:00.162+0000] {processor.py:830} INFO - Processing file /home/airflow/.local/lib/python3.11/site-packages/airflow/example_dags/example_dynamic_task_mapping_with_no_taskflow_operators.py for tasks to queue
[2026-06-02T06:48:00.165+0000] {logging_mixin.py:188} INFO - [2026-06-02T06:48:00.165+0000] {dagbag.py:545} INFO - Filling up the DagBag from /home/airflow/.local/lib/python3.11/site-packages/airflow/example_dags/example_dynamic_task_mapping_with_no_taskflow_operators.py
[2026-06-02T06:48:00.180+0000] {processor.py:840} INFO - DAG(s) 'example_dynamic_task_mapping_with_no_taskflow_operators' retrieved from /home/airflow/.local/lib/python3.11/site-packages/airflow/example_dags/example_dynamic_task_mapping_with_no_taskflow_operators.py
[2026-06-02T06:48:00.227+0000] {logging_mixin.py:188} INFO - [2026-06-02T06:48:00.225+0000] {dag.py:3096} INFO - Sync 1 DAGs
[2026-06-02T06:48:00.283+0000] {logging_mixin.py:188} INFO - [2026-06-02T06:48:00.282+0000] {dag.py:3954} INFO - Setting next_dagrun for example_dynamic_task_mapping_with_no_taskflow_operators to 2026-06-01 00:00:00+00:00, run_after=2026-06-02 00:00:00+00:00
[2026-06-02T06:48:00.348+0000] {processor.py:183} INFO - Processing /home/airflow/.local/lib/python3.11/site-packages/airflow/example_dags/example_dynamic_task_mapping_with_no_taskflow_operators.py took 0.222 seconds
[2026-06-02T06:48:30.473+0000] {processor.py:161} INFO - Started process (PID=1335) to work on /home/airflow/.local/lib/python3.11/site-packages/airflow/example_dags/example_dynamic_task_mapping_with_no_taskflow_operators.py
[2026-06-02T06:48:30.475+0000] {processor.py:830} INFO - Processing file /home/airflow/.local/lib/python3.11/site-packages/airflow/example_dags/example_dynamic_task_mapping_with_no_taskflow_operators.py for tasks to queue
[2026-06-02T06:48:30.478+0000] {logging_mixin.py:188} INFO - [2026-06-02T06:48:30.477+0000] {dagbag.py:545} INFO - Filling up the DagBag from /home/airflow/.local/lib/python3.11/site-packages/airflow/example_dags/example_dynamic_task_mapping_with_no_taskflow_operators.py
[2026-06-02T06:48:30.487+0000] {processor.py:840} INFO - DAG(s) 'example_dynamic_task_mapping_with_no_taskflow_operators' retrieved from /home/airflow/.local/lib/python3.11/site-packages/airflow/example_dags/example_dynamic_task_mapping_with_no_taskflow_operators.py
[2026-06-02T06:48:30.519+0000] {logging_mixin.py:188} INFO - [2026-06-02T06:48:30.519+0000] {dag.py:3096} INFO - Sync 1 DAGs
[2026-06-02T06:48:30.555+0000] {logging_mixin.py:188} INFO - [2026-06-02T06:48:30.555+0000] {dag.py:3954} INFO - Setting next_dagrun for example_dynamic_task_mapping_with_no_taskflow_operators to 2026-06-01 00:00:00+00:00, run_after=2026-06-02 00:00:00+00:00
[2026-06-02T06:48:30.591+0000] {processor.py:183} INFO - Processing /home/airflow/.local/lib/python3.11/site-packages/airflow/example_dags/example_dynamic_task_mapping_with_no_taskflow_operators.py took 0.128 seconds
[2026-06-02T06:49:01.145+0000] {processor.py:161} INFO - Started process (PID=1611) to work on /home/airflow/.local/lib/python3.11/site-packages/airflow/example_dags/example_dynamic_task_mapping_with_no_taskflow_operators.py
[2026-06-02T06:49:01.147+0000] {processor.py:830} INFO - Processing file /home/airflow/.local/lib/python3.11/site-packages/airflow/example_dags/example_dynamic_task_mapping_with_no_taskflow_operators.py for tasks to queue
[2026-06-02T06:49:01.149+0000] {logging_mixin.py:188} INFO - [2026-06-02T06:49:01.149+0000] {dagbag.py:545} INFO - Filling up the DagBag from /home/airflow/.local/lib/python3.11/site-packages/airflow/example_dags/example_dynamic_task_mapping_with_no_taskflow_operators.py
[2026-06-02T06:49:01.157+0000] {processor.py:840} INFO - DAG(s) 'example_dynamic_task_mapping_with_no_taskflow_operators' retrieved from /home/airflow/.local/lib/python3.11/site-packages/airflow/example_dags/example_dynamic_task_mapping_with_no_taskflow_operators.py
[2026-06-02T06:49:01.184+0000] {logging_mixin.py:188} INFO - [2026-06-02T06:49:01.184+0000] {dag.py:3096} INFO - Sync 1 DAGs
[2026-06-02T06:49:01.213+0000] {logging_mixin.py:188} INFO - [2026-06-02T06:49:01.212+0000] {dag.py:3954} INFO - Setting next_dagrun for example_dynamic_task_mapping_with_no_taskflow_operators to 2026-06-01 00:00:00+00:00, run_after=2026-06-02 00:00:00+00:00
[2026-06-02T06:49:01.249+0000] {processor.py:183} INFO - Processing /home/airflow/.local/lib/python3.11/site-packages/airflow/example_dags/example_dynamic_task_mapping_with_no_taskflow_operators.py took 0.110 seconds
[2026-06-02T06:49:31.704+0000] {processor.py:161} INFO - Started process (PID=1887) to work on /home/airflow/.local/lib/python3.11/site-packages/airflow/example_dags/example_dynamic_task_mapping_with_no_taskflow_operators.py
[2026-06-02T06:49:31.705+0000] {processor.py:830} INFO - Processing file /home/airflow/.local/lib/python3.11/site-packages/airflow/example_dags/example_dynamic_task_mapping_with_no_taskflow_operators.py for tasks to queue
[2026-06-02T06:49:31.708+0000] {logging_mixin.py:188} INFO - [2026-06-02T06:49:31.708+0000] {dagbag.py:545} INFO - Filling up the DagBag from /home/airflow/.local/lib/python3.11/site-packages/airflow/example_dags/example_dynamic_task_mapping_with_no_taskflow_operators.py
[2026-06-02T06:49:31.715+0000] {processor.py:840} INFO - DAG(s) 'example_dynamic_task_mapping_with_no_taskflow_operators' retrieved from /home/airflow/.local/lib/python3.11/site-packages/airflow/example_dags/example_dynamic_task_mapping_with_no_taskflow_operators.py
[2026-06-02T06:49:31.738+0000] {logging_mixin.py:188} INFO - [2026-06-02T06:49:31.738+0000] {dag.py:3096} INFO - Sync 1 DAGs
[2026-06-02T06:49:31.762+0000] {logging_mixin.py:188} INFO - [2026-06-02T06:49:31.761+0000] {dag.py:3954} INFO - Setting next_dagrun for example_dynamic_task_mapping_with_no_taskflow_operators to 2026-06-01 00:00:00+00:00, run_after=2026-06-02 00:00:00+00:00
[2026-06-02T06:49:31.790+0000] {processor.py:183} INFO - Processing /home/airflow/.local/lib/python3.11/site-packages/airflow/example_dags/example_dynamic_task_mapping_with_no_taskflow_operators.py took 0.093 seconds
[2026-06-02T06:50:01.983+0000] {processor.py:161} INFO - Started process (PID=2163) to work on /home/airflow/.local/lib/python3.11/site-packages/airflow/example_dags/example_dynamic_task_mapping_with_no_taskflow_operators.py
[2026-06-02T06:50:01.985+0000] {processor.py:830} INFO - Processing file /home/airflow/.local/lib/python3.11/site-packages/airflow/example_dags/example_dynamic_task_mapping_with_no_taskflow_operators.py for tasks to queue
[2026-06-02T06:50:01.989+0000] {logging_mixin.py:188} INFO - [2026-06-02T06:50:01.989+0000] {dagbag.py:545} INFO - Filling up the DagBag from /home/airflow/.local/lib/python3.11/site-packages/airflow/example_dags/example_dynamic_task_mapping_with_no_taskflow_operators.py
[2026-06-02T06:50:02.000+0000] {processor.py:840} INFO - DAG(s) 'example_dynamic_task_mapping_with_no_taskflow_operators' retrieved from /home/airflow/.local/lib/python3.11/site-packages/airflow/example_dags/example_dynamic_task_mapping_with_no_taskflow_operators.py
[2026-06-02T06:50:02.035+0000] {logging_mixin.py:188} INFO - [2026-06-02T06:50:02.034+0000] {dag.py:3096} INFO - Sync 1 DAGs
[2026-06-02T06:50:02.064+0000] {logging_mixin.py:188} INFO - [2026-06-02T06:50:02.064+0000] {dag.py:3954} INFO - Setting next_dagrun for example_dynamic_task_mapping_with_no_taskflow_operators to 2026-06-01 00:00:00+00:00, run_after=2026-06-02 00:00:00+00:00
[2026-06-02T06:50:02.087+0000] {processor.py:183} INFO - Processing /home/airflow/.local/lib/python3.11/site-packages/airflow/example_dags/example_dynamic_task_mapping_with_no_taskflow_operators.py took 0.114 seconds
[2026-06-02T06:50:32.548+0000] {processor.py:161} INFO - Started process (PID=2439) to work on /home/airflow/.local/lib/python3.11/site-packages/airflow/example_dags/example_dynamic_task_mapping_with_no_taskflow_operators.py
[2026-06-02T06:50:32.550+0000] {processor.py:830} INFO - Processing file /home/airflow/.local/lib/python3.11/site-packages/airflow/example_dags/example_dynamic_task_mapping_with_no_taskflow_operators.py for tasks to queue
[2026-06-02T06:50:32.553+0000] {logging_mixin.py:188} INFO - [2026-06-02T06:50:32.553+0000] {dagbag.py:545} INFO - Filling up the DagBag from /home/airflow/.local/lib/python3.11/site-packages/airflow/example_dags/example_dynamic_task_mapping_with_no_taskflow_operators.py
[2026-06-02T06:50:32.568+0000] {processor.py:840} INFO - DAG(s) 'example_dynamic_task_mapping_with_no_taskflow_operators' retrieved from /home/airflow/.local/lib/python3.11/site-packages/airflow/example_dags/example_dynamic_task_mapping_with_no_taskflow_operators.py
[2026-06-02T06:50:32.600+0000] {logging_mixin.py:188} INFO - [2026-06-02T06:50:32.599+0000] {dag.py:3096} INFO - Sync 1 DAGs
[2026-06-02T06:50:32.628+0000] {logging_mixin.py:188} INFO - [2026-06-02T06:50:32.628+0000] {dag.py:3954} INFO - Setting next_dagrun for example_dynamic_task_mapping_with_no_taskflow_operators to 2026-06-01 00:00:00+00:00, run_after=2026-06-02 00:00:00+00:00
[2026-06-02T06:50:32.650+0000] {processor.py:183} INFO - Processing /home/airflow/.local/lib/python3.11/site-packages/airflow/example_dags/example_dynamic_task_mapping_with_no_taskflow_operators.py took 0.112 seconds
[2026-06-02T06:51:02.823+0000] {processor.py:161} INFO - Started process (PID=2717) to work on /home/airflow/.local/lib/python3.11/site-packages/airflow/example_dags/example_dynamic_task_mapping_with_no_taskflow_operators.py
[2026-06-02T06:51:02.824+0000] {processor.py:830} INFO - Processing file /home/airflow/.local/lib/python3.11/site-packages/airflow/example_dags/example_dynamic_task_mapping_with_no_taskflow_operators.py for tasks to queue
[2026-06-02T06:51:02.826+0000] {logging_mixin.py:188} INFO - [2026-06-02T06:51:02.826+0000] {dagbag.py:545} INFO - Filling up the DagBag from /home/airflow/.local/lib/python3.11/site-packages/airflow/example_dags/example_dynamic_task_mapping_with_no_taskflow_operators.py
[2026-06-02T06:51:02.834+0000] {processor.py:840} INFO - DAG(s) 'example_dynamic_task_mapping_with_no_taskflow_operators' retrieved from /home/airflow/.local/lib/python3.11/site-packages/airflow/example_dags/example_dynamic_task_mapping_with_no_taskflow_operators.py
[2026-06-02T06:51:02.857+0000] {logging_mixin.py:188} INFO - [2026-06-02T06:51:02.857+0000] {dag.py:3096} INFO - Sync 1 DAGs
[2026-06-02T06:51:02.878+0000] {logging_mixin.py:188} INFO - [2026-06-02T06:51:02.878+0000] {dag.py:3954} INFO - Setting next_dagrun for example_dynamic_task_mapping_with_no_taskflow_operators to 2026-06-01 00:00:00+00:00, run_after=2026-06-02 00:00:00+00:00
[2026-06-02T06:51:02.897+0000] {processor.py:183} INFO - Processing /home/airflow/.local/lib/python3.11/site-packages/airflow/example_dags/example_dynamic_task_mapping_with_no_taskflow_operators.py took 0.080 seconds
[2026-06-02T06:51:33.465+0000] {processor.py:161} INFO - Started process (PID=2991) to work on /home/airflow/.local/lib/python3.11/site-packages/airflow/example_dags/example_dynamic_task_mapping_with_no_taskflow_operators.py
[2026-06-02T06:51:33.466+0000] {processor.py:830} INFO - Processing file /home/airflow/.local/lib/python3.11/site-packages/airflow/example_dags/example_dynamic_task_mapping_with_no_taskflow_operators.py for tasks to queue
[2026-06-02T06:51:33.469+0000] {logging_mixin.py:188} INFO - [2026-06-02T06:51:33.469+0000] {dagbag.py:545} INFO - Filling up the DagBag from /home/airflow/.local/lib/python3.11/site-packages/airflow/example_dags/example_dynamic_task_mapping_with_no_taskflow_operators.py
[2026-06-02T06:51:33.479+0000] {processor.py:840} INFO - DAG(s) 'example_dynamic_task_mapping_with_no_taskflow_operators' retrieved from /home/airflow/.local/lib/python3.11/site-packages/airflow/example_dags/example_dynamic_task_mapping_with_no_taskflow_operators.py
[2026-06-02T06:51:33.519+0000] {logging_mixin.py:188} INFO - [2026-06-02T06:51:33.518+0000] {dag.py:3096} INFO - Sync 1 DAGs
[2026-06-02T06:51:33.596+0000] {logging_mixin.py:188} INFO - [2026-06-02T06:51:33.595+0000] {dag.py:3954} INFO - Setting next_dagrun for example_dynamic_task_mapping_with_no_taskflow_operators to 2026-06-01 00:00:00+00:00, run_after=2026-06-02 00:00:00+00:00
[2026-06-02T06:51:33.635+0000] {processor.py:183} INFO - Processing /home/airflow/.local/lib/python3.11/site-packages/airflow/example_dags/example_dynamic_task_mapping_with_no_taskflow_operators.py took 0.180 seconds
[2026-06-02T06:52:03.779+0000] {processor.py:161} INFO - Started process (PID=3267) to work on /home/airflow/.local/lib/python3.11/site-packages/airflow/example_dags/example_dynamic_task_mapping_with_no_taskflow_operators.py
[2026-06-02T06:52:03.781+0000] {processor.py:830} INFO - Processing file /home/airflow/.local/lib/python3.11/site-packages/airflow/example_dags/example_dynamic_task_mapping_with_no_taskflow_operators.py for tasks to queue
[2026-06-02T06:52:03.783+0000] {logging_mixin.py:188} INFO - [2026-06-02T06:52:03.783+0000] {dagbag.py:545} INFO - Filling up the DagBag from /home/airflow/.local/lib/python3.11/site-packages/airflow/example_dags/example_dynamic_task_mapping_with_no_taskflow_operators.py
[2026-06-02T06:52:03.792+0000] {processor.py:840} INFO - DAG(s) 'example_dynamic_task_mapping_with_no_taskflow_operators' retrieved from /home/airflow/.local/lib/python3.11/site-packages/airflow/example_dags/example_dynamic_task_mapping_with_no_taskflow_operators.py
[2026-06-02T06:52:03.821+0000] {logging_mixin.py:188} INFO - [2026-06-02T06:52:03.821+0000] {dag.py:3096} INFO - Sync 1 DAGs
[2026-06-02T06:52:03.854+0000] {logging_mixin.py:188} INFO - [2026-06-02T06:52:03.853+0000] {dag.py:3954} INFO - Setting next_dagrun for example_dynamic_task_mapping_with_no_taskflow_operators to 2026-06-01 00:00:00+00:00, run_after=2026-06-02 00:00:00+00:00
[2026-06-02T06:52:03.893+0000] {processor.py:183} INFO - Processing /home/airflow/.local/lib/python3.11/site-packages/airflow/example_dags/example_dynamic_task_mapping_with_no_taskflow_operators.py took 0.122 seconds
[2026-06-02T07:09:01.783+0000] {processor.py:161} INFO - Started process (PID=3541) to work on /home/airflow/.local/lib/python3.11/site-packages/airflow/example_dags/example_dynamic_task_mapping_with_no_taskflow_operators.py
[2026-06-02T07:09:01.784+0000] {processor.py:830} INFO - Processing file /home/airflow/.local/lib/python3.11/site-packages/airflow/example_dags/example_dynamic_task_mapping_with_no_taskflow_operators.py for tasks to queue
[2026-06-02T07:09:01.787+0000] {logging_mixin.py:188} INFO - [2026-06-02T07:09:01.787+0000] {dagbag.py:545} INFO - Filling up the DagBag from /home/airflow/.local/lib/python3.11/site-packages/airflow/example_dags/example_dynamic_task_mapping_with_no_taskflow_operators.py
[2026-06-02T07:09:01.795+0000] {processor.py:840} INFO - DAG(s) 'example_dynamic_task_mapping_with_no_taskflow_operators' retrieved from /home/airflow/.local/lib/python3.11/site-packages/airflow/example_dags/example_dynamic_task_mapping_with_no_taskflow_operators.py
[2026-06-02T07:09:01.817+0000] {logging_mixin.py:188} INFO - [2026-06-02T07:09:01.817+0000] {dag.py:3096} INFO - Sync 1 DAGs
[2026-06-02T07:09:01.845+0000] {logging_mixin.py:188} INFO - [2026-06-02T07:09:01.845+0000] {dag.py:3954} INFO - Setting next_dagrun for example_dynamic_task_mapping_with_no_taskflow_operators to 2026-06-01 00:00:00+00:00, run_after=2026-06-02 00:00:00+00:00
[2026-06-02T07:09:01.871+0000] {processor.py:183} INFO - Processing /home/airflow/.local/lib/python3.11/site-packages/airflow/example_dags/example_dynamic_task_mapping_with_no_taskflow_operators.py took 0.095 seconds
[2026-06-02T07:09:32.005+0000] {processor.py:161} INFO - Started process (PID=3805) to work on /home/airflow/.local/lib/python3.11/site-packages/airflow/example_dags/example_dynamic_task_mapping_with_no_taskflow_operators.py
[2026-06-02T07:09:32.006+0000] {processor.py:830} INFO - Processing file /home/airflow/.local/lib/python3.11/site-packages/airflow/example_dags/example_dynamic_task_mapping_with_no_taskflow_operators.py for tasks to queue
[2026-06-02T07:09:32.008+0000] {logging_mixin.py:188} INFO - [2026-06-02T07:09:32.007+0000] {dagbag.py:545} INFO - Filling up the DagBag from /home/airflow/.local/lib/python3.11/site-packages/airflow/example_dags/example_dynamic_task_mapping_with_no_taskflow_operators.py
[2026-06-02T07:09:32.017+0000] {processor.py:840} INFO - DAG(s) 'example_dynamic_task_mapping_with_no_taskflow_operators' retrieved from /home/airflow/.local/lib/python3.11/site-packages/airflow/example_dags/example_dynamic_task_mapping_with_no_taskflow_operators.py
[2026-06-02T07:09:32.041+0000] {logging_mixin.py:188} INFO - [2026-06-02T07:09:32.041+0000] {dag.py:3096} INFO - Sync 1 DAGs
[2026-06-02T07:09:32.061+0000] {logging_mixin.py:188} INFO - [2026-06-02T07:09:32.061+0000] {dag.py:3954} INFO - Setting next_dagrun for example_dynamic_task_mapping_with_no_taskflow_operators to 2026-06-01 00:00:00+00:00, run_after=2026-06-02 00:00:00+00:00
[2026-06-02T07:09:32.089+0000] {processor.py:183} INFO - Processing /home/airflow/.local/lib/python3.11/site-packages/airflow/example_dags/example_dynamic_task_mapping_with_no_taskflow_operators.py took 0.091 seconds
[2026-06-02T07:10:02.802+0000] {processor.py:161} INFO - Started process (PID=4081) to work on /home/airflow/.local/lib/python3.11/site-packages/airflow/example_dags/example_dynamic_task_mapping_with_no_taskflow_operators.py
[2026-06-02T07:10:02.804+0000] {processor.py:830} INFO - Processing file /home/airflow/.local/lib/python3.11/site-packages/airflow/example_dags/example_dynamic_task_mapping_with_no_taskflow_operators.py for tasks to queue
[2026-06-02T07:10:02.807+0000] {logging_mixin.py:188} INFO - [2026-06-02T07:10:02.807+0000] {dagbag.py:545} INFO - Filling up the DagBag from /home/airflow/.local/lib/python3.11/site-packages/airflow/example_dags/example_dynamic_task_mapping_with_no_taskflow_operators.py
[2026-06-02T07:10:02.815+0000] {processor.py:840} INFO - DAG(s) 'example_dynamic_task_mapping_with_no_taskflow_operators' retrieved from /home/airflow/.local/lib/python3.11/site-packages/airflow/example_dags/example_dynamic_task_mapping_with_no_taskflow_operators.py
[2026-06-02T07:10:02.837+0000] {logging_mixin.py:188} INFO - [2026-06-02T07:10:02.837+0000] {dag.py:3096} INFO - Sync 1 DAGs
[2026-06-02T07:10:02.861+0000] {logging_mixin.py:188} INFO - [2026-06-02T07:10:02.861+0000] {dag.py:3954} INFO - Setting next_dagrun for example_dynamic_task_mapping_with_no_taskflow_operators to 2026-06-01 00:00:00+00:00, run_after=2026-06-02 00:00:00+00:00
[2026-06-02T07:10:02.882+0000] {processor.py:183} INFO - Processing /home/airflow/.local/lib/python3.11/site-packages/airflow/example_dags/example_dynamic_task_mapping_with_no_taskflow_operators.py took 0.085 seconds
[2026-06-02T07:10:33.433+0000] {processor.py:161} INFO - Started process (PID=4355) to work on /home/airflow/.local/lib/python3.11/site-packages/airflow/example_dags/example_dynamic_task_mapping_with_no_taskflow_operators.py
[2026-06-02T07:10:33.434+0000] {processor.py:830} INFO - Processing file /home/airflow/.local/lib/python3.11/site-packages/airflow/example_dags/example_dynamic_task_mapping_with_no_taskflow_operators.py for tasks to queue
[2026-06-02T07:10:33.436+0000] {logging_mixin.py:188} INFO - [2026-06-02T07:10:33.436+0000] {dagbag.py:545} INFO - Filling up the DagBag from /home/airflow/.local/lib/python3.11/site-packages/airflow/example_dags/example_dynamic_task_mapping_with_no_taskflow_operators.py
[2026-06-02T07:10:33.443+0000] {processor.py:840} INFO - DAG(s) 'example_dynamic_task_mapping_with_no_taskflow_operators' retrieved from /home/airflow/.local/lib/python3.11/site-packages/airflow/example_dags/example_dynamic_task_mapping_with_no_taskflow_operators.py
[2026-06-02T07:10:33.464+0000] {logging_mixin.py:188} INFO - [2026-06-02T07:10:33.464+0000] {dag.py:3096} INFO - Sync 1 DAGs
[2026-06-02T07:10:33.487+0000] {logging_mixin.py:188} INFO - [2026-06-02T07:10:33.486+0000] {dag.py:3954} INFO - Setting next_dagrun for example_dynamic_task_mapping_with_no_taskflow_operators to 2026-06-01 00:00:00+00:00, run_after=2026-06-02 00:00:00+00:00
[2026-06-02T07:10:33.518+0000] {processor.py:183} INFO - Processing /home/airflow/.local/lib/python3.11/site-packages/airflow/example_dags/example_dynamic_task_mapping_with_no_taskflow_operators.py took 0.091 seconds
[2026-06-02T07:11:04.078+0000] {processor.py:161} INFO - Started process (PID=4627) to work on /home/airflow/.local/lib/python3.11/site-packages/airflow/example_dags/example_dynamic_task_mapping_with_no_taskflow_operators.py
[2026-06-02T07:11:04.079+0000] {processor.py:830} INFO - Processing file /home/airflow/.local/lib/python3.11/site-packages/airflow/example_dags/example_dynamic_task_mapping_with_no_taskflow_operators.py for tasks to queue
[2026-06-02T07:11:04.082+0000] {logging_mixin.py:188} INFO - [2026-06-02T07:11:04.081+0000] {dagbag.py:545} INFO - Filling up the DagBag from /home/airflow/.local/lib/python3.11/site-packages/airflow/example_dags/example_dynamic_task_mapping_with_no_taskflow_operators.py
[2026-06-02T07:11:04.089+0000] {processor.py:840} INFO - DAG(s) 'example_dynamic_task_mapping_with_no_taskflow_operators' retrieved from /home/airflow/.local/lib/python3.11/site-packages/airflow/example_dags/example_dynamic_task_mapping_with_no_taskflow_operators.py
[2026-06-02T07:11:04.117+0000] {logging_mixin.py:188} INFO - [2026-06-02T07:11:04.117+0000] {dag.py:3096} INFO - Sync 1 DAGs
[2026-06-02T07:11:04.148+0000] {logging_mixin.py:188} INFO - [2026-06-02T07:11:04.148+0000] {dag.py:3954} INFO - Setting next_dagrun for example_dynamic_task_mapping_with_no_taskflow_operators to 2026-06-01 00:00:00+00:00, run_after=2026-06-02 00:00:00+00:00
[2026-06-02T07:11:04.171+0000] {processor.py:183} INFO - Processing /home/airflow/.local/lib/python3.11/site-packages/airflow/example_dags/example_dynamic_task_mapping_with_no_taskflow_operators.py took 0.099 seconds
[2026-06-02T07:11:35.426+0000] {processor.py:161} INFO - Started process (PID=4901) to work on /home/airflow/.local/lib/python3.11/site-packages/airflow/example_dags/example_dynamic_task_mapping_with_no_taskflow_operators.py
[2026-06-02T07:11:35.428+0000] {processor.py:830} INFO - Processing file /home/airflow/.local/lib/python3.11/site-packages/airflow/example_dags/example_dynamic_task_mapping_with_no_taskflow_operators.py for tasks to queue
[2026-06-02T07:11:35.431+0000] {logging_mixin.py:188} INFO - [2026-06-02T07:11:35.431+0000] {dagbag.py:545} INFO - Filling up the DagBag from /home/airflow/.local/lib/python3.11/site-packages/airflow/example_dags/example_dynamic_task_mapping_with_no_taskflow_operators.py
[2026-06-02T07:11:35.443+0000] {processor.py:840} INFO - DAG(s) 'example_dynamic_task_mapping_with_no_taskflow_operators' retrieved from /home/airflow/.local/lib/python3.11/site-packages/airflow/example_dags/example_dynamic_task_mapping_with_no_taskflow_operators.py
[2026-06-02T07:11:35.481+0000] {logging_mixin.py:188} INFO - [2026-06-02T07:11:35.480+0000] {dag.py:3096} INFO - Sync 1 DAGs
[2026-06-02T07:11:35.520+0000] {logging_mixin.py:188} INFO - [2026-06-02T07:11:35.519+0000] {dag.py:3954} INFO - Setting next_dagrun for example_dynamic_task_mapping_with_no_taskflow_operators to 2026-06-01 00:00:00+00:00, run_after=2026-06-02 00:00:00+00:00
[2026-06-02T07:11:35.557+0000] {processor.py:183} INFO - Processing /home/airflow/.local/lib/python3.11/site-packages/airflow/example_dags/example_dynamic_task_mapping_with_no_taskflow_operators.py took 0.142 seconds
[2026-06-02T07:12:06.045+0000] {processor.py:161} INFO - Started process (PID=5177) to work on /home/airflow/.local/lib/python3.11/site-packages/airflow/example_dags/example_dynamic_task_mapping_with_no_taskflow_operators.py
[2026-06-02T07:12:06.047+0000] {processor.py:830} INFO - Processing file /home/airflow/.local/lib/python3.11/site-packages/airflow/example_dags/example_dynamic_task_mapping_with_no_taskflow_operators.py for tasks to queue
[2026-06-02T07:12:06.049+0000] {logging_mixin.py:188} INFO - [2026-06-02T07:12:06.049+0000] {dagbag.py:545} INFO - Filling up the DagBag from /home/airflow/.local/lib/python3.11/site-packages/airflow/example_dags/example_dynamic_task_mapping_with_no_taskflow_operators.py
[2026-06-02T07:12:06.060+0000] {processor.py:840} INFO - DAG(s) 'example_dynamic_task_mapping_with_no_taskflow_operators' retrieved from /home/airflow/.local/lib/python3.11/site-packages/airflow/example_dags/example_dynamic_task_mapping_with_no_taskflow_operators.py
[2026-06-02T07:12:06.097+0000] {logging_mixin.py:188} INFO - [2026-06-02T07:12:06.097+0000] {dag.py:3096} INFO - Sync 1 DAGs
[2026-06-02T07:12:06.137+0000] {logging_mixin.py:188} INFO - [2026-06-02T07:12:06.137+0000] {dag.py:3954} INFO - Setting next_dagrun for example_dynamic_task_mapping_with_no_taskflow_operators to 2026-06-01 00:00:00+00:00, run_after=2026-06-02 00:00:00+00:00
[2026-06-02T07:12:06.166+0000] {processor.py:183} INFO - Processing /home/airflow/.local/lib/python3.11/site-packages/airflow/example_dags/example_dynamic_task_mapping_with_no_taskflow_operators.py took 0.130 seconds
[2026-06-02T07:12:36.341+0000] {processor.py:161} INFO - Started process (PID=5453) to work on /home/airflow/.local/lib/python3.11/site-packages/airflow/example_dags/example_dynamic_task_mapping_with_no_taskflow_operators.py
[2026-06-02T07:12:36.343+0000] {processor.py:830} INFO - Processing file /home/airflow/.local/lib/python3.11/site-packages/airflow/example_dags/example_dynamic_task_mapping_with_no_taskflow_operators.py for tasks to queue
[2026-06-02T07:12:36.347+0000] {logging_mixin.py:188} INFO - [2026-06-02T07:12:36.346+0000] {dagbag.py:545} INFO - Filling up the DagBag from /home/airflow/.local/lib/python3.11/site-packages/airflow/example_dags/example_dynamic_task_mapping_with_no_taskflow_operators.py
[2026-06-02T07:12:36.362+0000] {processor.py:840} INFO - DAG(s) 'example_dynamic_task_mapping_with_no_taskflow_operators' retrieved from /home/airflow/.local/lib/python3.11/site-packages/airflow/example_dags/example_dynamic_task_mapping_with_no_taskflow_operators.py
[2026-06-02T07:12:36.407+0000] {logging_mixin.py:188} INFO - [2026-06-02T07:12:36.406+0000] {dag.py:3096} INFO - Sync 1 DAGs
[2026-06-02T07:12:36.459+0000] {logging_mixin.py:188} INFO - [2026-06-02T07:12:36.459+0000] {dag.py:3954} INFO - Setting next_dagrun for example_dynamic_task_mapping_with_no_taskflow_operators to 2026-06-01 00:00:00+00:00, run_after=2026-06-02 00:00:00+00:00
[2026-06-02T07:12:36.497+0000] {processor.py:183} INFO - Processing /home/airflow/.local/lib/python3.11/site-packages/airflow/example_dags/example_dynamic_task_mapping_with_no_taskflow_operators.py took 0.168 seconds
[2026-06-02T07:13:07.400+0000] {processor.py:161} INFO - Started process (PID=5729) to work on /home/airflow/.local/lib/python3.11/site-packages/airflow/example_dags/example_dynamic_task_mapping_with_no_taskflow_operators.py
[2026-06-02T07:13:07.410+0000] {processor.py:830} INFO - Processing file /home/airflow/.local/lib/python3.11/site-packages/airflow/example_dags/example_dynamic_task_mapping_with_no_taskflow_operators.py for tasks to queue
[2026-06-02T07:13:07.415+0000] {logging_mixin.py:188} INFO - [2026-06-02T07:13:07.414+0000] {dagbag.py:545} INFO - Filling up the DagBag from /home/airflow/.local/lib/python3.11/site-packages/airflow/example_dags/example_dynamic_task_mapping_with_no_taskflow_operators.py
[2026-06-02T07:13:07.436+0000] {processor.py:840} INFO - DAG(s) 'example_dynamic_task_mapping_with_no_taskflow_operators' retrieved from /home/airflow/.local/lib/python3.11/site-packages/airflow/example_dags/example_dynamic_task_mapping_with_no_taskflow_operators.py
[2026-06-02T07:13:07.477+0000] {logging_mixin.py:188} INFO - [2026-06-02T07:13:07.476+0000] {dag.py:3096} INFO - Sync 1 DAGs
[2026-06-02T07:13:07.534+0000] {logging_mixin.py:188} INFO - [2026-06-02T07:13:07.533+0000] {dag.py:3954} INFO - Setting next_dagrun for example_dynamic_task_mapping_with_no_taskflow_operators to 2026-06-01 00:00:00+00:00, run_after=2026-06-02 00:00:00+00:00
[2026-06-02T07:13:07.582+0000] {processor.py:183} INFO - Processing /home/airflow/.local/lib/python3.11/site-packages/airflow/example_dags/example_dynamic_task_mapping_with_no_taskflow_operators.py took 0.200 seconds
[2026-06-02T07:14:12.493+0000] {processor.py:161} INFO - Started process (PID=232) to work on /home/airflow/.local/lib/python3.11/site-packages/airflow/example_dags/example_dynamic_task_mapping_with_no_taskflow_operators.py
[2026-06-02T07:14:12.496+0000] {processor.py:830} INFO - Processing file /home/airflow/.local/lib/python3.11/site-packages/airflow/example_dags/example_dynamic_task_mapping_with_no_taskflow_operators.py for tasks to queue
[2026-06-02T07:14:12.501+0000] {logging_mixin.py:188} INFO - [2026-06-02T07:14:12.498+0000] {dagbag.py:545} INFO - Filling up the DagBag from /home/airflow/.local/lib/python3.11/site-packages/airflow/example_dags/example_dynamic_task_mapping_with_no_taskflow_operators.py
[2026-06-02T07:14:12.514+0000] {processor.py:840} INFO - DAG(s) 'example_dynamic_task_mapping_with_no_taskflow_operators' retrieved from /home/airflow/.local/lib/python3.11/site-packages/airflow/example_dags/example_dynamic_task_mapping_with_no_taskflow_operators.py
[2026-06-02T07:14:12.534+0000] {logging_mixin.py:188} INFO - [2026-06-02T07:14:12.534+0000] {dag.py:3096} INFO - Sync 1 DAGs
[2026-06-02T07:14:12.570+0000] {logging_mixin.py:188} INFO - [2026-06-02T07:14:12.570+0000] {dag.py:3954} INFO - Setting next_dagrun for example_dynamic_task_mapping_with_no_taskflow_operators to 2026-06-01 00:00:00+00:00, run_after=2026-06-02 00:00:00+00:00
[2026-06-02T07:14:12.603+0000] {processor.py:183} INFO - Processing /home/airflow/.local/lib/python3.11/site-packages/airflow/example_dags/example_dynamic_task_mapping_with_no_taskflow_operators.py took 0.119 seconds
[2026-06-02T07:14:43.593+0000] {processor.py:161} INFO - Started process (PID=510) to work on /home/airflow/.local/lib/python3.11/site-packages/airflow/example_dags/example_dynamic_task_mapping_with_no_taskflow_operators.py
[2026-06-02T07:14:43.594+0000] {processor.py:830} INFO - Processing file /home/airflow/.local/lib/python3.11/site-packages/airflow/example_dags/example_dynamic_task_mapping_with_no_taskflow_operators.py for tasks to queue
[2026-06-02T07:14:43.597+0000] {logging_mixin.py:188} INFO - [2026-06-02T07:14:43.596+0000] {dagbag.py:545} INFO - Filling up the DagBag from /home/airflow/.local/lib/python3.11/site-packages/airflow/example_dags/example_dynamic_task_mapping_with_no_taskflow_operators.py
[2026-06-02T07:14:43.605+0000] {processor.py:840} INFO - DAG(s) 'example_dynamic_task_mapping_with_no_taskflow_operators' retrieved from /home/airflow/.local/lib/python3.11/site-packages/airflow/example_dags/example_dynamic_task_mapping_with_no_taskflow_operators.py
[2026-06-02T07:14:43.738+0000] {logging_mixin.py:188} INFO - [2026-06-02T07:14:43.738+0000] {dag.py:3096} INFO - Sync 1 DAGs
[2026-06-02T07:14:43.770+0000] {logging_mixin.py:188} INFO - [2026-06-02T07:14:43.770+0000] {dag.py:3954} INFO - Setting next_dagrun for example_dynamic_task_mapping_with_no_taskflow_operators to 2026-06-01 00:00:00+00:00, run_after=2026-06-02 00:00:00+00:00
[2026-06-02T07:14:43.795+0000] {processor.py:183} INFO - Processing /home/airflow/.local/lib/python3.11/site-packages/airflow/example_dags/example_dynamic_task_mapping_with_no_taskflow_operators.py took 0.209 seconds
[2026-06-02T07:15:13.931+0000] {processor.py:161} INFO - Started process (PID=784) to work on /home/airflow/.local/lib/python3.11/site-packages/airflow/example_dags/example_dynamic_task_mapping_with_no_taskflow_operators.py
[2026-06-02T07:15:13.933+0000] {processor.py:830} INFO - Processing file /home/airflow/.local/lib/python3.11/site-packages/airflow/example_dags/example_dynamic_task_mapping_with_no_taskflow_operators.py for tasks to queue
[2026-06-02T07:15:13.936+0000] {logging_mixin.py:188} INFO - [2026-06-02T07:15:13.936+0000] {dagbag.py:545} INFO - Filling up the DagBag from /home/airflow/.local/lib/python3.11/site-packages/airflow/example_dags/example_dynamic_task_mapping_with_no_taskflow_operators.py
[2026-06-02T07:15:13.946+0000] {processor.py:840} INFO - DAG(s) 'example_dynamic_task_mapping_with_no_taskflow_operators' retrieved from /home/airflow/.local/lib/python3.11/site-packages/airflow/example_dags/example_dynamic_task_mapping_with_no_taskflow_operators.py
[2026-06-02T07:15:13.974+0000] {logging_mixin.py:188} INFO - [2026-06-02T07:15:13.973+0000] {dag.py:3096} INFO - Sync 1 DAGs
[2026-06-02T07:15:14.001+0000] {logging_mixin.py:188} INFO - [2026-06-02T07:15:14.001+0000] {dag.py:3954} INFO - Setting next_dagrun for example_dynamic_task_mapping_with_no_taskflow_operators to 2026-06-01 00:00:00+00:00, run_after=2026-06-02 00:00:00+00:00
[2026-06-02T07:15:14.035+0000] {processor.py:183} INFO - Processing /home/airflow/.local/lib/python3.11/site-packages/airflow/example_dags/example_dynamic_task_mapping_with_no_taskflow_operators.py took 0.113 seconds
[2026-06-02T07:16:15.940+0000] {processor.py:161} INFO - Started process (PID=233) to work on /home/airflow/.local/lib/python3.11/site-packages/airflow/example_dags/example_dynamic_task_mapping_with_no_taskflow_operators.py
[2026-06-02T07:16:15.942+0000] {processor.py:830} INFO - Processing file /home/airflow/.local/lib/python3.11/site-packages/airflow/example_dags/example_dynamic_task_mapping_with_no_taskflow_operators.py for tasks to queue
[2026-06-02T07:16:15.945+0000] {logging_mixin.py:188} INFO - [2026-06-02T07:16:15.945+0000] {dagbag.py:545} INFO - Filling up the DagBag from /home/airflow/.local/lib/python3.11/site-packages/airflow/example_dags/example_dynamic_task_mapping_with_no_taskflow_operators.py
[2026-06-02T07:16:15.954+0000] {processor.py:840} INFO - DAG(s) 'example_dynamic_task_mapping_with_no_taskflow_operators' retrieved from /home/airflow/.local/lib/python3.11/site-packages/airflow/example_dags/example_dynamic_task_mapping_with_no_taskflow_operators.py
[2026-06-02T07:16:15.971+0000] {logging_mixin.py:188} INFO - [2026-06-02T07:16:15.971+0000] {dag.py:3096} INFO - Sync 1 DAGs
[2026-06-02T07:16:16.004+0000] {logging_mixin.py:188} INFO - [2026-06-02T07:16:16.004+0000] {dag.py:3954} INFO - Setting next_dagrun for example_dynamic_task_mapping_with_no_taskflow_operators to 2026-06-01 00:00:00+00:00, run_after=2026-06-02 00:00:00+00:00
[2026-06-02T07:16:16.044+0000] {processor.py:183} INFO - Processing /home/airflow/.local/lib/python3.11/site-packages/airflow/example_dags/example_dynamic_task_mapping_with_no_taskflow_operators.py took 0.114 seconds
[2026-06-02T07:16:46.636+0000] {processor.py:161} INFO - Started process (PID=503) to work on /home/airflow/.local/lib/python3.11/site-packages/airflow/example_dags/example_dynamic_task_mapping_with_no_taskflow_operators.py
[2026-06-02T07:16:46.638+0000] {processor.py:830} INFO - Processing file /home/airflow/.local/lib/python3.11/site-packages/airflow/example_dags/example_dynamic_task_mapping_with_no_taskflow_operators.py for tasks to queue
[2026-06-02T07:16:46.641+0000] {logging_mixin.py:188} INFO - [2026-06-02T07:16:46.640+0000] {dagbag.py:545} INFO - Filling up the DagBag from /home/airflow/.local/lib/python3.11/site-packages/airflow/example_dags/example_dynamic_task_mapping_with_no_taskflow_operators.py
[2026-06-02T07:16:46.649+0000] {processor.py:840} INFO - DAG(s) 'example_dynamic_task_mapping_with_no_taskflow_operators' retrieved from /home/airflow/.local/lib/python3.11/site-packages/airflow/example_dags/example_dynamic_task_mapping_with_no_taskflow_operators.py
[2026-06-02T07:16:46.771+0000] {logging_mixin.py:188} INFO - [2026-06-02T07:16:46.770+0000] {dag.py:3096} INFO - Sync 1 DAGs
[2026-06-02T07:16:46.797+0000] {logging_mixin.py:188} INFO - [2026-06-02T07:16:46.797+0000] {dag.py:3954} INFO - Setting next_dagrun for example_dynamic_task_mapping_with_no_taskflow_operators to 2026-06-01 00:00:00+00:00, run_after=2026-06-02 00:00:00+00:00
[2026-06-02T07:16:46.823+0000] {processor.py:183} INFO - Processing /home/airflow/.local/lib/python3.11/site-packages/airflow/example_dags/example_dynamic_task_mapping_with_no_taskflow_operators.py took 0.195 seconds
[2026-06-02T07:17:17.032+0000] {processor.py:161} INFO - Started process (PID=781) to work on /home/airflow/.local/lib/python3.11/site-packages/airflow/example_dags/example_dynamic_task_mapping_with_no_taskflow_operators.py
[2026-06-02T07:17:17.034+0000] {processor.py:830} INFO - Processing file /home/airflow/.local/lib/python3.11/site-packages/airflow/example_dags/example_dynamic_task_mapping_with_no_taskflow_operators.py for tasks to queue
[2026-06-02T07:17:17.037+0000] {logging_mixin.py:188} INFO - [2026-06-02T07:17:17.036+0000] {dagbag.py:545} INFO - Filling up the DagBag from /home/airflow/.local/lib/python3.11/site-packages/airflow/example_dags/example_dynamic_task_mapping_with_no_taskflow_operators.py
[2026-06-02T07:17:17.045+0000] {processor.py:840} INFO - DAG(s) 'example_dynamic_task_mapping_with_no_taskflow_operators' retrieved from /home/airflow/.local/lib/python3.11/site-packages/airflow/example_dags/example_dynamic_task_mapping_with_no_taskflow_operators.py
[2026-06-02T07:17:17.079+0000] {logging_mixin.py:188} INFO - [2026-06-02T07:17:17.079+0000] {dag.py:3096} INFO - Sync 1 DAGs
[2026-06-02T07:17:17.114+0000] {logging_mixin.py:188} INFO - [2026-06-02T07:17:17.113+0000] {dag.py:3954} INFO - Setting next_dagrun for example_dynamic_task_mapping_with_no_taskflow_operators to 2026-06-01 00:00:00+00:00, run_after=2026-06-02 00:00:00+00:00
[2026-06-02T07:17:17.144+0000] {processor.py:183} INFO - Processing /home/airflow/.local/lib/python3.11/site-packages/airflow/example_dags/example_dynamic_task_mapping_with_no_taskflow_operators.py took 0.121 seconds
[2026-06-02T07:17:47.599+0000] {processor.py:161} INFO - Started process (PID=1058) to work on /home/airflow/.local/lib/python3.11/site-packages/airflow/example_dags/example_dynamic_task_mapping_with_no_taskflow_operators.py
[2026-06-02T07:17:47.600+0000] {processor.py:830} INFO - Processing file /home/airflow/.local/lib/python3.11/site-packages/airflow/example_dags/example_dynamic_task_mapping_with_no_taskflow_operators.py for tasks to queue
[2026-06-02T07:17:47.603+0000] {logging_mixin.py:188} INFO - [2026-06-02T07:17:47.602+0000] {dagbag.py:545} INFO - Filling up the DagBag from /home/airflow/.local/lib/python3.11/site-packages/airflow/example_dags/example_dynamic_task_mapping_with_no_taskflow_operators.py
[2026-06-02T07:17:47.610+0000] {processor.py:840} INFO - DAG(s) 'example_dynamic_task_mapping_with_no_taskflow_operators' retrieved from /home/airflow/.local/lib/python3.11/site-packages/airflow/example_dags/example_dynamic_task_mapping_with_no_taskflow_operators.py
[2026-06-02T07:17:47.637+0000] {logging_mixin.py:188} INFO - [2026-06-02T07:17:47.637+0000] {dag.py:3096} INFO - Sync 1 DAGs
[2026-06-02T07:17:47.667+0000] {logging_mixin.py:188} INFO - [2026-06-02T07:17:47.667+0000] {dag.py:3954} INFO - Setting next_dagrun for example_dynamic_task_mapping_with_no_taskflow_operators to 2026-06-01 00:00:00+00:00, run_after=2026-06-02 00:00:00+00:00
[2026-06-02T07:17:47.701+0000] {processor.py:183} INFO - Processing /home/airflow/.local/lib/python3.11/site-packages/airflow/example_dags/example_dynamic_task_mapping_with_no_taskflow_operators.py took 0.112 seconds
[2026-06-02T07:18:18.128+0000] {processor.py:161} INFO - Started process (PID=1334) to work on /home/airflow/.local/lib/python3.11/site-packages/airflow/example_dags/example_dynamic_task_mapping_with_no_taskflow_operators.py
[2026-06-02T07:18:18.131+0000] {processor.py:830} INFO - Processing file /home/airflow/.local/lib/python3.11/site-packages/airflow/example_dags/example_dynamic_task_mapping_with_no_taskflow_operators.py for tasks to queue
[2026-06-02T07:18:18.135+0000] {logging_mixin.py:188} INFO - [2026-06-02T07:18:18.134+0000] {dagbag.py:545} INFO - Filling up the DagBag from /home/airflow/.local/lib/python3.11/site-packages/airflow/example_dags/example_dynamic_task_mapping_with_no_taskflow_operators.py
[2026-06-02T07:18:18.153+0000] {processor.py:840} INFO - DAG(s) 'example_dynamic_task_mapping_with_no_taskflow_operators' retrieved from /home/airflow/.local/lib/python3.11/site-packages/airflow/example_dags/example_dynamic_task_mapping_with_no_taskflow_operators.py
[2026-06-02T07:18:18.191+0000] {logging_mixin.py:188} INFO - [2026-06-02T07:18:18.191+0000] {dag.py:3096} INFO - Sync 1 DAGs
[2026-06-02T07:18:18.219+0000] {logging_mixin.py:188} INFO - [2026-06-02T07:18:18.219+0000] {dag.py:3954} INFO - Setting next_dagrun for example_dynamic_task_mapping_with_no_taskflow_operators to 2026-06-01 00:00:00+00:00, run_after=2026-06-02 00:00:00+00:00
[2026-06-02T07:18:18.252+0000] {processor.py:183} INFO - Processing /home/airflow/.local/lib/python3.11/site-packages/airflow/example_dags/example_dynamic_task_mapping_with_no_taskflow_operators.py took 0.139 seconds
[2026-06-02T07:18:49.090+0000] {processor.py:161} INFO - Started process (PID=1616) to work on /home/airflow/.local/lib/python3.11/site-packages/airflow/example_dags/example_dynamic_task_mapping_with_no_taskflow_operators.py
[2026-06-02T07:18:49.091+0000] {processor.py:830} INFO - Processing file /home/airflow/.local/lib/python3.11/site-packages/airflow/example_dags/example_dynamic_task_mapping_with_no_taskflow_operators.py for tasks to queue
[2026-06-02T07:18:49.094+0000] {logging_mixin.py:188} INFO - [2026-06-02T07:18:49.093+0000] {dagbag.py:545} INFO - Filling up the DagBag from /home/airflow/.local/lib/python3.11/site-packages/airflow/example_dags/example_dynamic_task_mapping_with_no_taskflow_operators.py
[2026-06-02T07:18:49.101+0000] {processor.py:840} INFO - DAG(s) 'example_dynamic_task_mapping_with_no_taskflow_operators' retrieved from /home/airflow/.local/lib/python3.11/site-packages/airflow/example_dags/example_dynamic_task_mapping_with_no_taskflow_operators.py
[2026-06-02T07:18:49.121+0000] {logging_mixin.py:188} INFO - [2026-06-02T07:18:49.121+0000] {dag.py:3096} INFO - Sync 1 DAGs
[2026-06-02T07:18:49.144+0000] {logging_mixin.py:188} INFO - [2026-06-02T07:18:49.143+0000] {dag.py:3954} INFO - Setting next_dagrun for example_dynamic_task_mapping_with_no_taskflow_operators to 2026-06-01 00:00:00+00:00, run_after=2026-06-02 00:00:00+00:00
[2026-06-02T07:18:49.172+0000] {processor.py:183} INFO - Processing /home/airflow/.local/lib/python3.11/site-packages/airflow/example_dags/example_dynamic_task_mapping_with_no_taskflow_operators.py took 0.089 seconds
[2026-06-02T07:19:19.274+0000] {processor.py:161} INFO - Started process (PID=1892) to work on /home/airflow/.local/lib/python3.11/site-packages/airflow/example_dags/example_dynamic_task_mapping_with_no_taskflow_operators.py
[2026-06-02T07:19:19.275+0000] {processor.py:830} INFO - Processing file /home/airflow/.local/lib/python3.11/site-packages/airflow/example_dags/example_dynamic_task_mapping_with_no_taskflow_operators.py for tasks to queue
[2026-06-02T07:19:19.278+0000] {logging_mixin.py:188} INFO - [2026-06-02T07:19:19.277+0000] {dagbag.py:545} INFO - Filling up the DagBag from /home/airflow/.local/lib/python3.11/site-packages/airflow/example_dags/example_dynamic_task_mapping_with_no_taskflow_operators.py
[2026-06-02T07:19:19.287+0000] {processor.py:840} INFO - DAG(s) 'example_dynamic_task_mapping_with_no_taskflow_operators' retrieved from /home/airflow/.local/lib/python3.11/site-packages/airflow/example_dags/example_dynamic_task_mapping_with_no_taskflow_operators.py
[2026-06-02T07:19:19.313+0000] {logging_mixin.py:188} INFO - [2026-06-02T07:19:19.312+0000] {dag.py:3096} INFO - Sync 1 DAGs
[2026-06-02T07:19:19.336+0000] {logging_mixin.py:188} INFO - [2026-06-02T07:19:19.336+0000] {dag.py:3954} INFO - Setting next_dagrun for example_dynamic_task_mapping_with_no_taskflow_operators to 2026-06-01 00:00:00+00:00, run_after=2026-06-02 00:00:00+00:00
[2026-06-02T07:19:19.368+0000] {processor.py:183} INFO - Processing /home/airflow/.local/lib/python3.11/site-packages/airflow/example_dags/example_dynamic_task_mapping_with_no_taskflow_operators.py took 0.101 seconds
[2026-06-02T07:19:49.937+0000] {processor.py:161} INFO - Started process (PID=2168) to work on /home/airflow/.local/lib/python3.11/site-packages/airflow/example_dags/example_dynamic_task_mapping_with_no_taskflow_operators.py
[2026-06-02T07:19:49.938+0000] {processor.py:830} INFO - Processing file /home/airflow/.local/lib/python3.11/site-packages/airflow/example_dags/example_dynamic_task_mapping_with_no_taskflow_operators.py for tasks to queue
[2026-06-02T07:19:49.940+0000] {logging_mixin.py:188} INFO - [2026-06-02T07:19:49.940+0000] {dagbag.py:545} INFO - Filling up the DagBag from /home/airflow/.local/lib/python3.11/site-packages/airflow/example_dags/example_dynamic_task_mapping_with_no_taskflow_operators.py
[2026-06-02T07:19:49.947+0000] {processor.py:840} INFO - DAG(s) 'example_dynamic_task_mapping_with_no_taskflow_operators' retrieved from /home/airflow/.local/lib/python3.11/site-packages/airflow/example_dags/example_dynamic_task_mapping_with_no_taskflow_operators.py
[2026-06-02T07:19:49.969+0000] {logging_mixin.py:188} INFO - [2026-06-02T07:19:49.969+0000] {dag.py:3096} INFO - Sync 1 DAGs
[2026-06-02T07:19:49.992+0000] {logging_mixin.py:188} INFO - [2026-06-02T07:19:49.991+0000] {dag.py:3954} INFO - Setting next_dagrun for example_dynamic_task_mapping_with_no_taskflow_operators to 2026-06-01 00:00:00+00:00, run_after=2026-06-02 00:00:00+00:00
[2026-06-02T07:19:50.021+0000] {processor.py:183} INFO - Processing /home/airflow/.local/lib/python3.11/site-packages/airflow/example_dags/example_dynamic_task_mapping_with_no_taskflow_operators.py took 0.090 seconds
[2026-06-02T07:20:20.484+0000] {processor.py:161} INFO - Started process (PID=2444) to work on /home/airflow/.local/lib/python3.11/site-packages/airflow/example_dags/example_dynamic_task_mapping_with_no_taskflow_operators.py
[2026-06-02T07:20:20.485+0000] {processor.py:830} INFO - Processing file /home/airflow/.local/lib/python3.11/site-packages/airflow/example_dags/example_dynamic_task_mapping_with_no_taskflow_operators.py for tasks to queue
[2026-06-02T07:20:20.488+0000] {logging_mixin.py:188} INFO - [2026-06-02T07:20:20.487+0000] {dagbag.py:545} INFO - Filling up the DagBag from /home/airflow/.local/lib/python3.11/site-packages/airflow/example_dags/example_dynamic_task_mapping_with_no_taskflow_operators.py
[2026-06-02T07:20:20.495+0000] {processor.py:840} INFO - DAG(s) 'example_dynamic_task_mapping_with_no_taskflow_operators' retrieved from /home/airflow/.local/lib/python3.11/site-packages/airflow/example_dags/example_dynamic_task_mapping_with_no_taskflow_operators.py
[2026-06-02T07:20:20.519+0000] {logging_mixin.py:188} INFO - [2026-06-02T07:20:20.518+0000] {dag.py:3096} INFO - Sync 1 DAGs
[2026-06-02T07:20:20.543+0000] {logging_mixin.py:188} INFO - [2026-06-02T07:20:20.543+0000] {dag.py:3954} INFO - Setting next_dagrun for example_dynamic_task_mapping_with_no_taskflow_operators to 2026-06-01 00:00:00+00:00, run_after=2026-06-02 00:00:00+00:00
[2026-06-02T07:20:20.572+0000] {processor.py:183} INFO - Processing /home/airflow/.local/lib/python3.11/site-packages/airflow/example_dags/example_dynamic_task_mapping_with_no_taskflow_operators.py took 0.094 seconds
[2026-06-02T07:20:50.982+0000] {processor.py:161} INFO - Started process (PID=2720) to work on /home/airflow/.local/lib/python3.11/site-packages/airflow/example_dags/example_dynamic_task_mapping_with_no_taskflow_operators.py
[2026-06-02T07:20:50.984+0000] {processor.py:830} INFO - Processing file /home/airflow/.local/lib/python3.11/site-packages/airflow/example_dags/example_dynamic_task_mapping_with_no_taskflow_operators.py for tasks to queue
[2026-06-02T07:20:50.987+0000] {logging_mixin.py:188} INFO - [2026-06-02T07:20:50.987+0000] {dagbag.py:545} INFO - Filling up the DagBag from /home/airflow/.local/lib/python3.11/site-packages/airflow/example_dags/example_dynamic_task_mapping_with_no_taskflow_operators.py
[2026-06-02T07:20:51.000+0000] {processor.py:840} INFO - DAG(s) 'example_dynamic_task_mapping_with_no_taskflow_operators' retrieved from /home/airflow/.local/lib/python3.11/site-packages/airflow/example_dags/example_dynamic_task_mapping_with_no_taskflow_operators.py
[2026-06-02T07:20:51.028+0000] {logging_mixin.py:188} INFO - [2026-06-02T07:20:51.027+0000] {dag.py:3096} INFO - Sync 1 DAGs
[2026-06-02T07:20:51.059+0000] {logging_mixin.py:188} INFO - [2026-06-02T07:20:51.058+0000] {dag.py:3954} INFO - Setting next_dagrun for example_dynamic_task_mapping_with_no_taskflow_operators to 2026-06-01 00:00:00+00:00, run_after=2026-06-02 00:00:00+00:00
[2026-06-02T07:20:51.085+0000] {processor.py:183} INFO - Processing /home/airflow/.local/lib/python3.11/site-packages/airflow/example_dags/example_dynamic_task_mapping_with_no_taskflow_operators.py took 0.111 seconds
[2026-06-02T07:21:21.264+0000] {processor.py:161} INFO - Started process (PID=2996) to work on /home/airflow/.local/lib/python3.11/site-packages/airflow/example_dags/example_dynamic_task_mapping_with_no_taskflow_operators.py
[2026-06-02T07:21:21.265+0000] {processor.py:830} INFO - Processing file /home/airflow/.local/lib/python3.11/site-packages/airflow/example_dags/example_dynamic_task_mapping_with_no_taskflow_operators.py for tasks to queue
[2026-06-02T07:21:21.267+0000] {logging_mixin.py:188} INFO - [2026-06-02T07:21:21.267+0000] {dagbag.py:545} INFO - Filling up the DagBag from /home/airflow/.local/lib/python3.11/site-packages/airflow/example_dags/example_dynamic_task_mapping_with_no_taskflow_operators.py
[2026-06-02T07:21:21.274+0000] {processor.py:840} INFO - DAG(s) 'example_dynamic_task_mapping_with_no_taskflow_operators' retrieved from /home/airflow/.local/lib/python3.11/site-packages/airflow/example_dags/example_dynamic_task_mapping_with_no_taskflow_operators.py
[2026-06-02T07:21:21.295+0000] {logging_mixin.py:188} INFO - [2026-06-02T07:21:21.295+0000] {dag.py:3096} INFO - Sync 1 DAGs
[2026-06-02T07:21:21.324+0000] {logging_mixin.py:188} INFO - [2026-06-02T07:21:21.324+0000] {dag.py:3954} INFO - Setting next_dagrun for example_dynamic_task_mapping_with_no_taskflow_operators to 2026-06-01 00:00:00+00:00, run_after=2026-06-02 00:00:00+00:00
[2026-06-02T07:21:21.354+0000] {processor.py:183} INFO - Processing /home/airflow/.local/lib/python3.11/site-packages/airflow/example_dags/example_dynamic_task_mapping_with_no_taskflow_operators.py took 0.097 seconds
[2026-06-02T07:21:51.523+0000] {processor.py:161} INFO - Started process (PID=3272) to work on /home/airflow/.local/lib/python3.11/site-packages/airflow/example_dags/example_dynamic_task_mapping_with_no_taskflow_operators.py
[2026-06-02T07:21:51.524+0000] {processor.py:830} INFO - Processing file /home/airflow/.local/lib/python3.11/site-packages/airflow/example_dags/example_dynamic_task_mapping_with_no_taskflow_operators.py for tasks to queue
[2026-06-02T07:21:51.526+0000] {logging_mixin.py:188} INFO - [2026-06-02T07:21:51.526+0000] {dagbag.py:545} INFO - Filling up the DagBag from /home/airflow/.local/lib/python3.11/site-packages/airflow/example_dags/example_dynamic_task_mapping_with_no_taskflow_operators.py
[2026-06-02T07:21:51.533+0000] {processor.py:840} INFO - DAG(s) 'example_dynamic_task_mapping_with_no_taskflow_operators' retrieved from /home/airflow/.local/lib/python3.11/site-packages/airflow/example_dags/example_dynamic_task_mapping_with_no_taskflow_operators.py
[2026-06-02T07:21:51.553+0000] {logging_mixin.py:188} INFO - [2026-06-02T07:21:51.552+0000] {dag.py:3096} INFO - Sync 1 DAGs
[2026-06-02T07:21:51.574+0000] {logging_mixin.py:188} INFO - [2026-06-02T07:21:51.574+0000] {dag.py:3954} INFO - Setting next_dagrun for example_dynamic_task_mapping_with_no_taskflow_operators to 2026-06-01 00:00:00+00:00, run_after=2026-06-02 00:00:00+00:00
[2026-06-02T07:21:51.602+0000] {processor.py:183} INFO - Processing /home/airflow/.local/lib/python3.11/site-packages/airflow/example_dags/example_dynamic_task_mapping_with_no_taskflow_operators.py took 0.086 seconds
[2026-06-02T07:22:22.276+0000] {processor.py:161} INFO - Started process (PID=3548) to work on /home/airflow/.local/lib/python3.11/site-packages/airflow/example_dags/example_dynamic_task_mapping_with_no_taskflow_operators.py
[2026-06-02T07:22:22.277+0000] {processor.py:830} INFO - Processing file /home/airflow/.local/lib/python3.11/site-packages/airflow/example_dags/example_dynamic_task_mapping_with_no_taskflow_operators.py for tasks to queue
[2026-06-02T07:22:22.280+0000] {logging_mixin.py:188} INFO - [2026-06-02T07:22:22.279+0000] {dagbag.py:545} INFO - Filling up the DagBag from /home/airflow/.local/lib/python3.11/site-packages/airflow/example_dags/example_dynamic_task_mapping_with_no_taskflow_operators.py
[2026-06-02T07:22:22.288+0000] {processor.py:840} INFO - DAG(s) 'example_dynamic_task_mapping_with_no_taskflow_operators' retrieved from /home/airflow/.local/lib/python3.11/site-packages/airflow/example_dags/example_dynamic_task_mapping_with_no_taskflow_operators.py
[2026-06-02T07:22:22.313+0000] {logging_mixin.py:188} INFO - [2026-06-02T07:22:22.313+0000] {dag.py:3096} INFO - Sync 1 DAGs
[2026-06-02T07:22:22.338+0000] {logging_mixin.py:188} INFO - [2026-06-02T07:22:22.338+0000] {dag.py:3954} INFO - Setting next_dagrun for example_dynamic_task_mapping_with_no_taskflow_operators to 2026-06-01 00:00:00+00:00, run_after=2026-06-02 00:00:00+00:00
[2026-06-02T07:22:22.370+0000] {processor.py:183} INFO - Processing /home/airflow/.local/lib/python3.11/site-packages/airflow/example_dags/example_dynamic_task_mapping_with_no_taskflow_operators.py took 0.104 seconds
[2026-06-02T07:22:52.833+0000] {processor.py:161} INFO - Started process (PID=3824) to work on /home/airflow/.local/lib/python3.11/site-packages/airflow/example_dags/example_dynamic_task_mapping_with_no_taskflow_operators.py
[2026-06-02T07:22:52.834+0000] {processor.py:830} INFO - Processing file /home/airflow/.local/lib/python3.11/site-packages/airflow/example_dags/example_dynamic_task_mapping_with_no_taskflow_operators.py for tasks to queue
[2026-06-02T07:22:52.836+0000] {logging_mixin.py:188} INFO - [2026-06-02T07:22:52.836+0000] {dagbag.py:545} INFO - Filling up the DagBag from /home/airflow/.local/lib/python3.11/site-packages/airflow/example_dags/example_dynamic_task_mapping_with_no_taskflow_operators.py
[2026-06-02T07:22:52.842+0000] {processor.py:840} INFO - DAG(s) 'example_dynamic_task_mapping_with_no_taskflow_operators' retrieved from /home/airflow/.local/lib/python3.11/site-packages/airflow/example_dags/example_dynamic_task_mapping_with_no_taskflow_operators.py
[2026-06-02T07:22:52.863+0000] {logging_mixin.py:188} INFO - [2026-06-02T07:22:52.862+0000] {dag.py:3096} INFO - Sync 1 DAGs
[2026-06-02T07:22:52.887+0000] {logging_mixin.py:188} INFO - [2026-06-02T07:22:52.887+0000] {dag.py:3954} INFO - Setting next_dagrun for example_dynamic_task_mapping_with_no_taskflow_operators to 2026-06-01 00:00:00+00:00, run_after=2026-06-02 00:00:00+00:00
[2026-06-02T07:22:52.920+0000] {processor.py:183} INFO - Processing /home/airflow/.local/lib/python3.11/site-packages/airflow/example_dags/example_dynamic_task_mapping_with_no_taskflow_operators.py took 0.094 seconds
[2026-06-02T07:23:23.152+0000] {processor.py:161} INFO - Started process (PID=4100) to work on /home/airflow/.local/lib/python3.11/site-packages/airflow/example_dags/example_dynamic_task_mapping_with_no_taskflow_operators.py
[2026-06-02T07:23:23.154+0000] {processor.py:830} INFO - Processing file /home/airflow/.local/lib/python3.11/site-packages/airflow/example_dags/example_dynamic_task_mapping_with_no_taskflow_operators.py for tasks to queue
[2026-06-02T07:23:23.156+0000] {logging_mixin.py:188} INFO - [2026-06-02T07:23:23.155+0000] {dagbag.py:545} INFO - Filling up the DagBag from /home/airflow/.local/lib/python3.11/site-packages/airflow/example_dags/example_dynamic_task_mapping_with_no_taskflow_operators.py
[2026-06-02T07:23:23.165+0000] {processor.py:840} INFO - DAG(s) 'example_dynamic_task_mapping_with_no_taskflow_operators' retrieved from /home/airflow/.local/lib/python3.11/site-packages/airflow/example_dags/example_dynamic_task_mapping_with_no_taskflow_operators.py
[2026-06-02T07:23:23.188+0000] {logging_mixin.py:188} INFO - [2026-06-02T07:23:23.187+0000] {dag.py:3096} INFO - Sync 1 DAGs
[2026-06-02T07:23:23.209+0000] {logging_mixin.py:188} INFO - [2026-06-02T07:23:23.209+0000] {dag.py:3954} INFO - Setting next_dagrun for example_dynamic_task_mapping_with_no_taskflow_operators to 2026-06-01 00:00:00+00:00, run_after=2026-06-02 00:00:00+00:00
[2026-06-02T07:23:23.239+0000] {processor.py:183} INFO - Processing /home/airflow/.local/lib/python3.11/site-packages/airflow/example_dags/example_dynamic_task_mapping_with_no_taskflow_operators.py took 0.093 seconds
[2026-06-02T07:23:54.103+0000] {processor.py:161} INFO - Started process (PID=4376) to work on /home/airflow/.local/lib/python3.11/site-packages/airflow/example_dags/example_dynamic_task_mapping_with_no_taskflow_operators.py
[2026-06-02T07:23:54.105+0000] {processor.py:830} INFO - Processing file /home/airflow/.local/lib/python3.11/site-packages/airflow/example_dags/example_dynamic_task_mapping_with_no_taskflow_operators.py for tasks to queue
[2026-06-02T07:23:54.107+0000] {logging_mixin.py:188} INFO - [2026-06-02T07:23:54.107+0000] {dagbag.py:545} INFO - Filling up the DagBag from /home/airflow/.local/lib/python3.11/site-packages/airflow/example_dags/example_dynamic_task_mapping_with_no_taskflow_operators.py
[2026-06-02T07:23:54.116+0000] {processor.py:840} INFO - DAG(s) 'example_dynamic_task_mapping_with_no_taskflow_operators' retrieved from /home/airflow/.local/lib/python3.11/site-packages/airflow/example_dags/example_dynamic_task_mapping_with_no_taskflow_operators.py
[2026-06-02T07:23:54.141+0000] {logging_mixin.py:188} INFO - [2026-06-02T07:23:54.140+0000] {dag.py:3096} INFO - Sync 1 DAGs
[2026-06-02T07:23:54.162+0000] {logging_mixin.py:188} INFO - [2026-06-02T07:23:54.162+0000] {dag.py:3954} INFO - Setting next_dagrun for example_dynamic_task_mapping_with_no_taskflow_operators to 2026-06-01 00:00:00+00:00, run_after=2026-06-02 00:00:00+00:00
[2026-06-02T07:23:54.180+0000] {processor.py:183} INFO - Processing /home/airflow/.local/lib/python3.11/site-packages/airflow/example_dags/example_dynamic_task_mapping_with_no_taskflow_operators.py took 0.085 seconds
[2026-06-02T07:24:24.541+0000] {processor.py:161} INFO - Started process (PID=4650) to work on /home/airflow/.local/lib/python3.11/site-packages/airflow/example_dags/example_dynamic_task_mapping_with_no_taskflow_operators.py
[2026-06-02T07:24:24.543+0000] {processor.py:830} INFO - Processing file /home/airflow/.local/lib/python3.11/site-packages/airflow/example_dags/example_dynamic_task_mapping_with_no_taskflow_operators.py for tasks to queue
[2026-06-02T07:24:24.546+0000] {logging_mixin.py:188} INFO - [2026-06-02T07:24:24.545+0000] {dagbag.py:545} INFO - Filling up the DagBag from /home/airflow/.local/lib/python3.11/site-packages/airflow/example_dags/example_dynamic_task_mapping_with_no_taskflow_operators.py
[2026-06-02T07:24:24.555+0000] {processor.py:840} INFO - DAG(s) 'example_dynamic_task_mapping_with_no_taskflow_operators' retrieved from /home/airflow/.local/lib/python3.11/site-packages/airflow/example_dags/example_dynamic_task_mapping_with_no_taskflow_operators.py
[2026-06-02T07:24:24.577+0000] {logging_mixin.py:188} INFO - [2026-06-02T07:24:24.577+0000] {dag.py:3096} INFO - Sync 1 DAGs
[2026-06-02T07:24:24.600+0000] {logging_mixin.py:188} INFO - [2026-06-02T07:24:24.599+0000] {dag.py:3954} INFO - Setting next_dagrun for example_dynamic_task_mapping_with_no_taskflow_operators to 2026-06-01 00:00:00+00:00, run_after=2026-06-02 00:00:00+00:00
[2026-06-02T07:24:24.632+0000] {processor.py:183} INFO - Processing /home/airflow/.local/lib/python3.11/site-packages/airflow/example_dags/example_dynamic_task_mapping_with_no_taskflow_operators.py took 0.099 seconds
[2026-06-02T07:24:54.855+0000] {processor.py:161} INFO - Started process (PID=4926) to work on /home/airflow/.local/lib/python3.11/site-packages/airflow/example_dags/example_dynamic_task_mapping_with_no_taskflow_operators.py
[2026-06-02T07:24:54.857+0000] {processor.py:830} INFO - Processing file /home/airflow/.local/lib/python3.11/site-packages/airflow/example_dags/example_dynamic_task_mapping_with_no_taskflow_operators.py for tasks to queue
[2026-06-02T07:24:54.860+0000] {logging_mixin.py:188} INFO - [2026-06-02T07:24:54.859+0000] {dagbag.py:545} INFO - Filling up the DagBag from /home/airflow/.local/lib/python3.11/site-packages/airflow/example_dags/example_dynamic_task_mapping_with_no_taskflow_operators.py
[2026-06-02T07:24:54.871+0000] {processor.py:840} INFO - DAG(s) 'example_dynamic_task_mapping_with_no_taskflow_operators' retrieved from /home/airflow/.local/lib/python3.11/site-packages/airflow/example_dags/example_dynamic_task_mapping_with_no_taskflow_operators.py
[2026-06-02T07:24:54.897+0000] {logging_mixin.py:188} INFO - [2026-06-02T07:24:54.897+0000] {dag.py:3096} INFO - Sync 1 DAGs
[2026-06-02T07:24:54.929+0000] {logging_mixin.py:188} INFO - [2026-06-02T07:24:54.929+0000] {dag.py:3954} INFO - Setting next_dagrun for example_dynamic_task_mapping_with_no_taskflow_operators to 2026-06-01 00:00:00+00:00, run_after=2026-06-02 00:00:00+00:00
[2026-06-02T07:24:54.968+0000] {processor.py:183} INFO - Processing /home/airflow/.local/lib/python3.11/site-packages/airflow/example_dags/example_dynamic_task_mapping_with_no_taskflow_operators.py took 0.122 seconds
[2026-06-02T07:25:26.110+0000] {processor.py:161} INFO - Started process (PID=5194) to work on /home/airflow/.local/lib/python3.11/site-packages/airflow/example_dags/example_dynamic_task_mapping_with_no_taskflow_operators.py
[2026-06-02T07:25:26.111+0000] {processor.py:830} INFO - Processing file /home/airflow/.local/lib/python3.11/site-packages/airflow/example_dags/example_dynamic_task_mapping_with_no_taskflow_operators.py for tasks to queue
[2026-06-02T07:25:26.115+0000] {logging_mixin.py:188} INFO - [2026-06-02T07:25:26.115+0000] {dagbag.py:545} INFO - Filling up the DagBag from /home/airflow/.local/lib/python3.11/site-packages/airflow/example_dags/example_dynamic_task_mapping_with_no_taskflow_operators.py
[2026-06-02T07:25:26.131+0000] {processor.py:840} INFO - DAG(s) 'example_dynamic_task_mapping_with_no_taskflow_operators' retrieved from /home/airflow/.local/lib/python3.11/site-packages/airflow/example_dags/example_dynamic_task_mapping_with_no_taskflow_operators.py
[2026-06-02T07:25:26.168+0000] {logging_mixin.py:188} INFO - [2026-06-02T07:25:26.167+0000] {dag.py:3096} INFO - Sync 1 DAGs
[2026-06-02T07:25:26.206+0000] {logging_mixin.py:188} INFO - [2026-06-02T07:25:26.206+0000] {dag.py:3954} INFO - Setting next_dagrun for example_dynamic_task_mapping_with_no_taskflow_operators to 2026-06-01 00:00:00+00:00, run_after=2026-06-02 00:00:00+00:00
[2026-06-02T07:25:26.299+0000] {processor.py:183} INFO - Processing /home/airflow/.local/lib/python3.11/site-packages/airflow/example_dags/example_dynamic_task_mapping_with_no_taskflow_operators.py took 0.197 seconds
[2026-06-02T07:25:57.116+0000] {processor.py:161} INFO - Started process (PID=5466) to work on /home/airflow/.local/lib/python3.11/site-packages/airflow/example_dags/example_dynamic_task_mapping_with_no_taskflow_operators.py
[2026-06-02T07:25:57.117+0000] {processor.py:830} INFO - Processing file /home/airflow/.local/lib/python3.11/site-packages/airflow/example_dags/example_dynamic_task_mapping_with_no_taskflow_operators.py for tasks to queue
[2026-06-02T07:25:57.120+0000] {logging_mixin.py:188} INFO - [2026-06-02T07:25:57.119+0000] {dagbag.py:545} INFO - Filling up the DagBag from /home/airflow/.local/lib/python3.11/site-packages/airflow/example_dags/example_dynamic_task_mapping_with_no_taskflow_operators.py
[2026-06-02T07:25:57.128+0000] {processor.py:840} INFO - DAG(s) 'example_dynamic_task_mapping_with_no_taskflow_operators' retrieved from /home/airflow/.local/lib/python3.11/site-packages/airflow/example_dags/example_dynamic_task_mapping_with_no_taskflow_operators.py
[2026-06-02T07:25:57.152+0000] {logging_mixin.py:188} INFO - [2026-06-02T07:25:57.152+0000] {dag.py:3096} INFO - Sync 1 DAGs
[2026-06-02T07:25:57.178+0000] {logging_mixin.py:188} INFO - [2026-06-02T07:25:57.178+0000] {dag.py:3954} INFO - Setting next_dagrun for example_dynamic_task_mapping_with_no_taskflow_operators to 2026-06-01 00:00:00+00:00, run_after=2026-06-02 00:00:00+00:00
[2026-06-02T07:25:57.200+0000] {processor.py:183} INFO - Processing /home/airflow/.local/lib/python3.11/site-packages/airflow/example_dags/example_dynamic_task_mapping_with_no_taskflow_operators.py took 0.091 seconds
[2026-06-02T07:26:27.278+0000] {processor.py:161} INFO - Started process (PID=5742) to work on /home/airflow/.local/lib/python3.11/site-packages/airflow/example_dags/example_dynamic_task_mapping_with_no_taskflow_operators.py
[2026-06-02T07:26:27.280+0000] {processor.py:830} INFO - Processing file /home/airflow/.local/lib/python3.11/site-packages/airflow/example_dags/example_dynamic_task_mapping_with_no_taskflow_operators.py for tasks to queue
[2026-06-02T07:26:27.281+0000] {logging_mixin.py:188} INFO - [2026-06-02T07:26:27.281+0000] {dagbag.py:545} INFO - Filling up the DagBag from /home/airflow/.local/lib/python3.11/site-packages/airflow/example_dags/example_dynamic_task_mapping_with_no_taskflow_operators.py
[2026-06-02T07:26:27.289+0000] {processor.py:840} INFO - DAG(s) 'example_dynamic_task_mapping_with_no_taskflow_operators' retrieved from /home/airflow/.local/lib/python3.11/site-packages/airflow/example_dags/example_dynamic_task_mapping_with_no_taskflow_operators.py
[2026-06-02T07:26:27.316+0000] {logging_mixin.py:188} INFO - [2026-06-02T07:26:27.315+0000] {dag.py:3096} INFO - Sync 1 DAGs
[2026-06-02T07:26:27.342+0000] {logging_mixin.py:188} INFO - [2026-06-02T07:26:27.342+0000] {dag.py:3954} INFO - Setting next_dagrun for example_dynamic_task_mapping_with_no_taskflow_operators to 2026-06-01 00:00:00+00:00, run_after=2026-06-02 00:00:00+00:00
[2026-06-02T07:26:27.368+0000] {processor.py:183} INFO - Processing /home/airflow/.local/lib/python3.11/site-packages/airflow/example_dags/example_dynamic_task_mapping_with_no_taskflow_operators.py took 0.098 seconds
[2026-06-02T07:26:57.644+0000] {processor.py:161} INFO - Started process (PID=6018) to work on /home/airflow/.local/lib/python3.11/site-packages/airflow/example_dags/example_dynamic_task_mapping_with_no_taskflow_operators.py
[2026-06-02T07:26:57.646+0000] {processor.py:830} INFO - Processing file /home/airflow/.local/lib/python3.11/site-packages/airflow/example_dags/example_dynamic_task_mapping_with_no_taskflow_operators.py for tasks to queue
[2026-06-02T07:26:57.650+0000] {logging_mixin.py:188} INFO - [2026-06-02T07:26:57.649+0000] {dagbag.py:545} INFO - Filling up the DagBag from /home/airflow/.local/lib/python3.11/site-packages/airflow/example_dags/example_dynamic_task_mapping_with_no_taskflow_operators.py
[2026-06-02T07:26:57.659+0000] {processor.py:840} INFO - DAG(s) 'example_dynamic_task_mapping_with_no_taskflow_operators' retrieved from /home/airflow/.local/lib/python3.11/site-packages/airflow/example_dags/example_dynamic_task_mapping_with_no_taskflow_operators.py
[2026-06-02T07:26:57.687+0000] {logging_mixin.py:188} INFO - [2026-06-02T07:26:57.687+0000] {dag.py:3096} INFO - Sync 1 DAGs
[2026-06-02T07:26:57.718+0000] {logging_mixin.py:188} INFO - [2026-06-02T07:26:57.718+0000] {dag.py:3954} INFO - Setting next_dagrun for example_dynamic_task_mapping_with_no_taskflow_operators to 2026-06-01 00:00:00+00:00, run_after=2026-06-02 00:00:00+00:00
[2026-06-02T07:26:57.751+0000] {processor.py:183} INFO - Processing /home/airflow/.local/lib/python3.11/site-packages/airflow/example_dags/example_dynamic_task_mapping_with_no_taskflow_operators.py took 0.115 seconds
[2026-06-02T07:27:27.899+0000] {processor.py:161} INFO - Started process (PID=6294) to work on /home/airflow/.local/lib/python3.11/site-packages/airflow/example_dags/example_dynamic_task_mapping_with_no_taskflow_operators.py
[2026-06-02T07:27:27.900+0000] {processor.py:830} INFO - Processing file /home/airflow/.local/lib/python3.11/site-packages/airflow/example_dags/example_dynamic_task_mapping_with_no_taskflow_operators.py for tasks to queue
[2026-06-02T07:27:27.903+0000] {logging_mixin.py:188} INFO - [2026-06-02T07:27:27.903+0000] {dagbag.py:545} INFO - Filling up the DagBag from /home/airflow/.local/lib/python3.11/site-packages/airflow/example_dags/example_dynamic_task_mapping_with_no_taskflow_operators.py
[2026-06-02T07:27:27.917+0000] {processor.py:840} INFO - DAG(s) 'example_dynamic_task_mapping_with_no_taskflow_operators' retrieved from /home/airflow/.local/lib/python3.11/site-packages/airflow/example_dags/example_dynamic_task_mapping_with_no_taskflow_operators.py
[2026-06-02T07:27:27.945+0000] {logging_mixin.py:188} INFO - [2026-06-02T07:27:27.944+0000] {dag.py:3096} INFO - Sync 1 DAGs
[2026-06-02T07:27:27.977+0000] {logging_mixin.py:188} INFO - [2026-06-02T07:27:27.977+0000] {dag.py:3954} INFO - Setting next_dagrun for example_dynamic_task_mapping_with_no_taskflow_operators to 2026-06-01 00:00:00+00:00, run_after=2026-06-02 00:00:00+00:00
[2026-06-02T07:27:28.010+0000] {processor.py:183} INFO - Processing /home/airflow/.local/lib/python3.11/site-packages/airflow/example_dags/example_dynamic_task_mapping_with_no_taskflow_operators.py took 0.124 seconds
[2026-06-02T07:27:58.310+0000] {processor.py:161} INFO - Started process (PID=6570) to work on /home/airflow/.local/lib/python3.11/site-packages/airflow/example_dags/example_dynamic_task_mapping_with_no_taskflow_operators.py
[2026-06-02T07:27:58.312+0000] {processor.py:830} INFO - Processing file /home/airflow/.local/lib/python3.11/site-packages/airflow/example_dags/example_dynamic_task_mapping_with_no_taskflow_operators.py for tasks to queue
[2026-06-02T07:27:58.314+0000] {logging_mixin.py:188} INFO - [2026-06-02T07:27:58.314+0000] {dagbag.py:545} INFO - Filling up the DagBag from /home/airflow/.local/lib/python3.11/site-packages/airflow/example_dags/example_dynamic_task_mapping_with_no_taskflow_operators.py
[2026-06-02T07:27:58.324+0000] {processor.py:840} INFO - DAG(s) 'example_dynamic_task_mapping_with_no_taskflow_operators' retrieved from /home/airflow/.local/lib/python3.11/site-packages/airflow/example_dags/example_dynamic_task_mapping_with_no_taskflow_operators.py
[2026-06-02T07:27:58.348+0000] {logging_mixin.py:188} INFO - [2026-06-02T07:27:58.348+0000] {dag.py:3096} INFO - Sync 1 DAGs
[2026-06-02T07:27:58.373+0000] {logging_mixin.py:188} INFO - [2026-06-02T07:27:58.373+0000] {dag.py:3954} INFO - Setting next_dagrun for example_dynamic_task_mapping_with_no_taskflow_operators to 2026-06-01 00:00:00+00:00, run_after=2026-06-02 00:00:00+00:00
[2026-06-02T07:27:58.395+0000] {processor.py:183} INFO - Processing /home/airflow/.local/lib/python3.11/site-packages/airflow/example_dags/example_dynamic_task_mapping_with_no_taskflow_operators.py took 0.093 seconds
[2026-06-02T07:28:28.681+0000] {processor.py:161} INFO - Started process (PID=6846) to work on /home/airflow/.local/lib/python3.11/site-packages/airflow/example_dags/example_dynamic_task_mapping_with_no_taskflow_operators.py
[2026-06-02T07:28:28.683+0000] {processor.py:830} INFO - Processing file /home/airflow/.local/lib/python3.11/site-packages/airflow/example_dags/example_dynamic_task_mapping_with_no_taskflow_operators.py for tasks to queue
[2026-06-02T07:28:28.687+0000] {logging_mixin.py:188} INFO - [2026-06-02T07:28:28.685+0000] {dagbag.py:545} INFO - Filling up the DagBag from /home/airflow/.local/lib/python3.11/site-packages/airflow/example_dags/example_dynamic_task_mapping_with_no_taskflow_operators.py
[2026-06-02T07:28:28.695+0000] {processor.py:840} INFO - DAG(s) 'example_dynamic_task_mapping_with_no_taskflow_operators' retrieved from /home/airflow/.local/lib/python3.11/site-packages/airflow/example_dags/example_dynamic_task_mapping_with_no_taskflow_operators.py
[2026-06-02T07:28:28.720+0000] {logging_mixin.py:188} INFO - [2026-06-02T07:28:28.719+0000] {dag.py:3096} INFO - Sync 1 DAGs
[2026-06-02T07:28:28.753+0000] {logging_mixin.py:188} INFO - [2026-06-02T07:28:28.753+0000] {dag.py:3954} INFO - Setting next_dagrun for example_dynamic_task_mapping_with_no_taskflow_operators to 2026-06-01 00:00:00+00:00, run_after=2026-06-02 00:00:00+00:00
[2026-06-02T07:28:28.779+0000] {processor.py:183} INFO - Processing /home/airflow/.local/lib/python3.11/site-packages/airflow/example_dags/example_dynamic_task_mapping_with_no_taskflow_operators.py took 0.104 seconds
[2026-06-02T07:30:02.284+0000] {processor.py:161} INFO - Started process (PID=233) to work on /home/airflow/.local/lib/python3.11/site-packages/airflow/example_dags/example_dynamic_task_mapping_with_no_taskflow_operators.py
[2026-06-02T07:30:02.286+0000] {processor.py:830} INFO - Processing file /home/airflow/.local/lib/python3.11/site-packages/airflow/example_dags/example_dynamic_task_mapping_with_no_taskflow_operators.py for tasks to queue
[2026-06-02T07:30:02.288+0000] {logging_mixin.py:188} INFO - [2026-06-02T07:30:02.288+0000] {dagbag.py:545} INFO - Filling up the DagBag from /home/airflow/.local/lib/python3.11/site-packages/airflow/example_dags/example_dynamic_task_mapping_with_no_taskflow_operators.py
[2026-06-02T07:30:02.298+0000] {processor.py:840} INFO - DAG(s) 'example_dynamic_task_mapping_with_no_taskflow_operators' retrieved from /home/airflow/.local/lib/python3.11/site-packages/airflow/example_dags/example_dynamic_task_mapping_with_no_taskflow_operators.py
[2026-06-02T07:30:02.318+0000] {logging_mixin.py:188} INFO - [2026-06-02T07:30:02.317+0000] {dag.py:3096} INFO - Sync 1 DAGs
[2026-06-02T07:30:02.351+0000] {logging_mixin.py:188} INFO - [2026-06-02T07:30:02.351+0000] {dag.py:3954} INFO - Setting next_dagrun for example_dynamic_task_mapping_with_no_taskflow_operators to 2026-06-01 00:00:00+00:00, run_after=2026-06-02 00:00:00+00:00
[2026-06-02T07:30:02.377+0000] {processor.py:183} INFO - Processing /home/airflow/.local/lib/python3.11/site-packages/airflow/example_dags/example_dynamic_task_mapping_with_no_taskflow_operators.py took 0.099 seconds
[2026-06-02T07:30:32.846+0000] {processor.py:161} INFO - Started process (PID=503) to work on /home/airflow/.local/lib/python3.11/site-packages/airflow/example_dags/example_dynamic_task_mapping_with_no_taskflow_operators.py
[2026-06-02T07:30:32.847+0000] {processor.py:830} INFO - Processing file /home/airflow/.local/lib/python3.11/site-packages/airflow/example_dags/example_dynamic_task_mapping_with_no_taskflow_operators.py for tasks to queue
[2026-06-02T07:30:32.849+0000] {logging_mixin.py:188} INFO - [2026-06-02T07:30:32.849+0000] {dagbag.py:545} INFO - Filling up the DagBag from /home/airflow/.local/lib/python3.11/site-packages/airflow/example_dags/example_dynamic_task_mapping_with_no_taskflow_operators.py
[2026-06-02T07:30:32.857+0000] {processor.py:840} INFO - DAG(s) 'example_dynamic_task_mapping_with_no_taskflow_operators' retrieved from /home/airflow/.local/lib/python3.11/site-packages/airflow/example_dags/example_dynamic_task_mapping_with_no_taskflow_operators.py
[2026-06-02T07:30:32.946+0000] {logging_mixin.py:188} INFO - [2026-06-02T07:30:32.946+0000] {dag.py:3096} INFO - Sync 1 DAGs
[2026-06-02T07:30:32.964+0000] {logging_mixin.py:188} INFO - [2026-06-02T07:30:32.963+0000] {dag.py:3954} INFO - Setting next_dagrun for example_dynamic_task_mapping_with_no_taskflow_operators to 2026-06-01 00:00:00+00:00, run_after=2026-06-02 00:00:00+00:00
[2026-06-02T07:30:32.982+0000] {processor.py:183} INFO - Processing /home/airflow/.local/lib/python3.11/site-packages/airflow/example_dags/example_dynamic_task_mapping_with_no_taskflow_operators.py took 0.141 seconds
[2026-06-02T07:31:03.401+0000] {processor.py:161} INFO - Started process (PID=779) to work on /home/airflow/.local/lib/python3.11/site-packages/airflow/example_dags/example_dynamic_task_mapping_with_no_taskflow_operators.py
[2026-06-02T07:31:03.403+0000] {processor.py:830} INFO - Processing file /home/airflow/.local/lib/python3.11/site-packages/airflow/example_dags/example_dynamic_task_mapping_with_no_taskflow_operators.py for tasks to queue
[2026-06-02T07:31:03.405+0000] {logging_mixin.py:188} INFO - [2026-06-02T07:31:03.405+0000] {dagbag.py:545} INFO - Filling up the DagBag from /home/airflow/.local/lib/python3.11/site-packages/airflow/example_dags/example_dynamic_task_mapping_with_no_taskflow_operators.py
[2026-06-02T07:31:03.415+0000] {processor.py:840} INFO - DAG(s) 'example_dynamic_task_mapping_with_no_taskflow_operators' retrieved from /home/airflow/.local/lib/python3.11/site-packages/airflow/example_dags/example_dynamic_task_mapping_with_no_taskflow_operators.py
[2026-06-02T07:31:03.444+0000] {logging_mixin.py:188} INFO - [2026-06-02T07:31:03.443+0000] {dag.py:3096} INFO - Sync 1 DAGs
[2026-06-02T07:31:03.472+0000] {logging_mixin.py:188} INFO - [2026-06-02T07:31:03.472+0000] {dag.py:3954} INFO - Setting next_dagrun for example_dynamic_task_mapping_with_no_taskflow_operators to 2026-06-01 00:00:00+00:00, run_after=2026-06-02 00:00:00+00:00
[2026-06-02T07:31:03.495+0000] {processor.py:183} INFO - Processing /home/airflow/.local/lib/python3.11/site-packages/airflow/example_dags/example_dynamic_task_mapping_with_no_taskflow_operators.py took 0.102 seconds
[2026-06-02T07:31:33.595+0000] {processor.py:161} INFO - Started process (PID=1061) to work on /home/airflow/.local/lib/python3.11/site-packages/airflow/example_dags/example_dynamic_task_mapping_with_no_taskflow_operators.py
[2026-06-02T07:31:33.599+0000] {processor.py:830} INFO - Processing file /home/airflow/.local/lib/python3.11/site-packages/airflow/example_dags/example_dynamic_task_mapping_with_no_taskflow_operators.py for tasks to queue
[2026-06-02T07:31:33.602+0000] {logging_mixin.py:188} INFO - [2026-06-02T07:31:33.601+0000] {dagbag.py:545} INFO - Filling up the DagBag from /home/airflow/.local/lib/python3.11/site-packages/airflow/example_dags/example_dynamic_task_mapping_with_no_taskflow_operators.py
[2026-06-02T07:31:33.617+0000] {processor.py:840} INFO - DAG(s) 'example_dynamic_task_mapping_with_no_taskflow_operators' retrieved from /home/airflow/.local/lib/python3.11/site-packages/airflow/example_dags/example_dynamic_task_mapping_with_no_taskflow_operators.py
[2026-06-02T07:31:33.643+0000] {logging_mixin.py:188} INFO - [2026-06-02T07:31:33.643+0000] {dag.py:3096} INFO - Sync 1 DAGs
[2026-06-02T07:31:33.668+0000] {logging_mixin.py:188} INFO - [2026-06-02T07:31:33.668+0000] {dag.py:3954} INFO - Setting next_dagrun for example_dynamic_task_mapping_with_no_taskflow_operators to 2026-06-01 00:00:00+00:00, run_after=2026-06-02 00:00:00+00:00
[2026-06-02T07:31:33.691+0000] {processor.py:183} INFO - Processing /home/airflow/.local/lib/python3.11/site-packages/airflow/example_dags/example_dynamic_task_mapping_with_no_taskflow_operators.py took 0.103 seconds
[2026-06-02T07:32:04.730+0000] {processor.py:161} INFO - Started process (PID=1339) to work on /home/airflow/.local/lib/python3.11/site-packages/airflow/example_dags/example_dynamic_task_mapping_with_no_taskflow_operators.py
[2026-06-02T07:32:04.732+0000] {processor.py:830} INFO - Processing file /home/airflow/.local/lib/python3.11/site-packages/airflow/example_dags/example_dynamic_task_mapping_with_no_taskflow_operators.py for tasks to queue
[2026-06-02T07:32:04.735+0000] {logging_mixin.py:188} INFO - [2026-06-02T07:32:04.734+0000] {dagbag.py:545} INFO - Filling up the DagBag from /home/airflow/.local/lib/python3.11/site-packages/airflow/example_dags/example_dynamic_task_mapping_with_no_taskflow_operators.py
[2026-06-02T07:32:04.743+0000] {processor.py:840} INFO - DAG(s) 'example_dynamic_task_mapping_with_no_taskflow_operators' retrieved from /home/airflow/.local/lib/python3.11/site-packages/airflow/example_dags/example_dynamic_task_mapping_with_no_taskflow_operators.py
[2026-06-02T07:32:04.765+0000] {logging_mixin.py:188} INFO - [2026-06-02T07:32:04.765+0000] {dag.py:3096} INFO - Sync 1 DAGs
[2026-06-02T07:32:04.787+0000] {logging_mixin.py:188} INFO - [2026-06-02T07:32:04.786+0000] {dag.py:3954} INFO - Setting next_dagrun for example_dynamic_task_mapping_with_no_taskflow_operators to 2026-06-01 00:00:00+00:00, run_after=2026-06-02 00:00:00+00:00
[2026-06-02T07:32:04.812+0000] {processor.py:183} INFO - Processing /home/airflow/.local/lib/python3.11/site-packages/airflow/example_dags/example_dynamic_task_mapping_with_no_taskflow_operators.py took 0.090 seconds
[2026-06-02T07:32:35.043+0000] {processor.py:161} INFO - Started process (PID=1615) to work on /home/airflow/.local/lib/python3.11/site-packages/airflow/example_dags/example_dynamic_task_mapping_with_no_taskflow_operators.py
[2026-06-02T07:32:35.045+0000] {processor.py:830} INFO - Processing file /home/airflow/.local/lib/python3.11/site-packages/airflow/example_dags/example_dynamic_task_mapping_with_no_taskflow_operators.py for tasks to queue
[2026-06-02T07:32:35.047+0000] {logging_mixin.py:188} INFO - [2026-06-02T07:32:35.046+0000] {dagbag.py:545} INFO - Filling up the DagBag from /home/airflow/.local/lib/python3.11/site-packages/airflow/example_dags/example_dynamic_task_mapping_with_no_taskflow_operators.py
[2026-06-02T07:32:35.058+0000] {processor.py:840} INFO - DAG(s) 'example_dynamic_task_mapping_with_no_taskflow_operators' retrieved from /home/airflow/.local/lib/python3.11/site-packages/airflow/example_dags/example_dynamic_task_mapping_with_no_taskflow_operators.py
[2026-06-02T07:32:35.093+0000] {logging_mixin.py:188} INFO - [2026-06-02T07:32:35.092+0000] {dag.py:3096} INFO - Sync 1 DAGs
[2026-06-02T07:32:35.113+0000] {logging_mixin.py:188} INFO - [2026-06-02T07:32:35.113+0000] {dag.py:3954} INFO - Setting next_dagrun for example_dynamic_task_mapping_with_no_taskflow_operators to 2026-06-01 00:00:00+00:00, run_after=2026-06-02 00:00:00+00:00
[2026-06-02T07:32:35.143+0000] {processor.py:183} INFO - Processing /home/airflow/.local/lib/python3.11/site-packages/airflow/example_dags/example_dynamic_task_mapping_with_no_taskflow_operators.py took 0.106 seconds
[2026-06-02T07:33:05.376+0000] {processor.py:161} INFO - Started process (PID=1891) to work on /home/airflow/.local/lib/python3.11/site-packages/airflow/example_dags/example_dynamic_task_mapping_with_no_taskflow_operators.py
[2026-06-02T07:33:05.377+0000] {processor.py:830} INFO - Processing file /home/airflow/.local/lib/python3.11/site-packages/airflow/example_dags/example_dynamic_task_mapping_with_no_taskflow_operators.py for tasks to queue
[2026-06-02T07:33:05.379+0000] {logging_mixin.py:188} INFO - [2026-06-02T07:33:05.379+0000] {dagbag.py:545} INFO - Filling up the DagBag from /home/airflow/.local/lib/python3.11/site-packages/airflow/example_dags/example_dynamic_task_mapping_with_no_taskflow_operators.py
[2026-06-02T07:33:05.386+0000] {processor.py:840} INFO - DAG(s) 'example_dynamic_task_mapping_with_no_taskflow_operators' retrieved from /home/airflow/.local/lib/python3.11/site-packages/airflow/example_dags/example_dynamic_task_mapping_with_no_taskflow_operators.py
[2026-06-02T07:33:05.409+0000] {logging_mixin.py:188} INFO - [2026-06-02T07:33:05.409+0000] {dag.py:3096} INFO - Sync 1 DAGs
[2026-06-02T07:33:05.431+0000] {logging_mixin.py:188} INFO - [2026-06-02T07:33:05.431+0000] {dag.py:3954} INFO - Setting next_dagrun for example_dynamic_task_mapping_with_no_taskflow_operators to 2026-06-01 00:00:00+00:00, run_after=2026-06-02 00:00:00+00:00
[2026-06-02T07:33:05.451+0000] {processor.py:183} INFO - Processing /home/airflow/.local/lib/python3.11/site-packages/airflow/example_dags/example_dynamic_task_mapping_with_no_taskflow_operators.py took 0.081 seconds
[2026-06-02T07:33:35.504+0000] {processor.py:161} INFO - Started process (PID=2167) to work on /home/airflow/.local/lib/python3.11/site-packages/airflow/example_dags/example_dynamic_task_mapping_with_no_taskflow_operators.py
[2026-06-02T07:33:35.505+0000] {processor.py:830} INFO - Processing file /home/airflow/.local/lib/python3.11/site-packages/airflow/example_dags/example_dynamic_task_mapping_with_no_taskflow_operators.py for tasks to queue
[2026-06-02T07:33:35.507+0000] {logging_mixin.py:188} INFO - [2026-06-02T07:33:35.507+0000] {dagbag.py:545} INFO - Filling up the DagBag from /home/airflow/.local/lib/python3.11/site-packages/airflow/example_dags/example_dynamic_task_mapping_with_no_taskflow_operators.py
[2026-06-02T07:33:35.514+0000] {processor.py:840} INFO - DAG(s) 'example_dynamic_task_mapping_with_no_taskflow_operators' retrieved from /home/airflow/.local/lib/python3.11/site-packages/airflow/example_dags/example_dynamic_task_mapping_with_no_taskflow_operators.py
[2026-06-02T07:33:35.532+0000] {logging_mixin.py:188} INFO - [2026-06-02T07:33:35.532+0000] {dag.py:3096} INFO - Sync 1 DAGs
[2026-06-02T07:33:35.550+0000] {logging_mixin.py:188} INFO - [2026-06-02T07:33:35.550+0000] {dag.py:3954} INFO - Setting next_dagrun for example_dynamic_task_mapping_with_no_taskflow_operators to 2026-06-01 00:00:00+00:00, run_after=2026-06-02 00:00:00+00:00
[2026-06-02T07:33:35.566+0000] {processor.py:183} INFO - Processing /home/airflow/.local/lib/python3.11/site-packages/airflow/example_dags/example_dynamic_task_mapping_with_no_taskflow_operators.py took 0.068 seconds
[2026-06-02T07:34:05.781+0000] {processor.py:161} INFO - Started process (PID=2441) to work on /home/airflow/.local/lib/python3.11/site-packages/airflow/example_dags/example_dynamic_task_mapping_with_no_taskflow_operators.py
[2026-06-02T07:34:05.783+0000] {processor.py:830} INFO - Processing file /home/airflow/.local/lib/python3.11/site-packages/airflow/example_dags/example_dynamic_task_mapping_with_no_taskflow_operators.py for tasks to queue
[2026-06-02T07:34:05.785+0000] {logging_mixin.py:188} INFO - [2026-06-02T07:34:05.784+0000] {dagbag.py:545} INFO - Filling up the DagBag from /home/airflow/.local/lib/python3.11/site-packages/airflow/example_dags/example_dynamic_task_mapping_with_no_taskflow_operators.py
[2026-06-02T07:34:05.792+0000] {processor.py:840} INFO - DAG(s) 'example_dynamic_task_mapping_with_no_taskflow_operators' retrieved from /home/airflow/.local/lib/python3.11/site-packages/airflow/example_dags/example_dynamic_task_mapping_with_no_taskflow_operators.py
[2026-06-02T07:34:05.813+0000] {logging_mixin.py:188} INFO - [2026-06-02T07:34:05.813+0000] {dag.py:3096} INFO - Sync 1 DAGs
[2026-06-02T07:34:05.838+0000] {logging_mixin.py:188} INFO - [2026-06-02T07:34:05.838+0000] {dag.py:3954} INFO - Setting next_dagrun for example_dynamic_task_mapping_with_no_taskflow_operators to 2026-06-01 00:00:00+00:00, run_after=2026-06-02 00:00:00+00:00
[2026-06-02T07:34:05.867+0000] {processor.py:183} INFO - Processing /home/airflow/.local/lib/python3.11/site-packages/airflow/example_dags/example_dynamic_task_mapping_with_no_taskflow_operators.py took 0.093 seconds
[2026-06-02T07:34:36.391+0000] {processor.py:161} INFO - Started process (PID=2719) to work on /home/airflow/.local/lib/python3.11/site-packages/airflow/example_dags/example_dynamic_task_mapping_with_no_taskflow_operators.py
[2026-06-02T07:34:36.393+0000] {processor.py:830} INFO - Processing file /home/airflow/.local/lib/python3.11/site-packages/airflow/example_dags/example_dynamic_task_mapping_with_no_taskflow_operators.py for tasks to queue
[2026-06-02T07:34:36.395+0000] {logging_mixin.py:188} INFO - [2026-06-02T07:34:36.395+0000] {dagbag.py:545} INFO - Filling up the DagBag from /home/airflow/.local/lib/python3.11/site-packages/airflow/example_dags/example_dynamic_task_mapping_with_no_taskflow_operators.py
[2026-06-02T07:34:36.403+0000] {processor.py:840} INFO - DAG(s) 'example_dynamic_task_mapping_with_no_taskflow_operators' retrieved from /home/airflow/.local/lib/python3.11/site-packages/airflow/example_dags/example_dynamic_task_mapping_with_no_taskflow_operators.py
[2026-06-02T07:34:36.427+0000] {logging_mixin.py:188} INFO - [2026-06-02T07:34:36.426+0000] {dag.py:3096} INFO - Sync 1 DAGs
[2026-06-02T07:34:36.446+0000] {logging_mixin.py:188} INFO - [2026-06-02T07:34:36.446+0000] {dag.py:3954} INFO - Setting next_dagrun for example_dynamic_task_mapping_with_no_taskflow_operators to 2026-06-01 00:00:00+00:00, run_after=2026-06-02 00:00:00+00:00
[2026-06-02T07:34:36.472+0000] {processor.py:183} INFO - Processing /home/airflow/.local/lib/python3.11/site-packages/airflow/example_dags/example_dynamic_task_mapping_with_no_taskflow_operators.py took 0.087 seconds
[2026-06-02T07:35:06.801+0000] {processor.py:161} INFO - Started process (PID=2993) to work on /home/airflow/.local/lib/python3.11/site-packages/airflow/example_dags/example_dynamic_task_mapping_with_no_taskflow_operators.py
[2026-06-02T07:35:06.803+0000] {processor.py:830} INFO - Processing file /home/airflow/.local/lib/python3.11/site-packages/airflow/example_dags/example_dynamic_task_mapping_with_no_taskflow_operators.py for tasks to queue
[2026-06-02T07:35:06.805+0000] {logging_mixin.py:188} INFO - [2026-06-02T07:35:06.805+0000] {dagbag.py:545} INFO - Filling up the DagBag from /home/airflow/.local/lib/python3.11/site-packages/airflow/example_dags/example_dynamic_task_mapping_with_no_taskflow_operators.py
[2026-06-02T07:35:06.811+0000] {processor.py:840} INFO - DAG(s) 'example_dynamic_task_mapping_with_no_taskflow_operators' retrieved from /home/airflow/.local/lib/python3.11/site-packages/airflow/example_dags/example_dynamic_task_mapping_with_no_taskflow_operators.py
[2026-06-02T07:35:06.831+0000] {logging_mixin.py:188} INFO - [2026-06-02T07:35:06.831+0000] {dag.py:3096} INFO - Sync 1 DAGs
[2026-06-02T07:35:06.850+0000] {logging_mixin.py:188} INFO - [2026-06-02T07:35:06.850+0000] {dag.py:3954} INFO - Setting next_dagrun for example_dynamic_task_mapping_with_no_taskflow_operators to 2026-06-01 00:00:00+00:00, run_after=2026-06-02 00:00:00+00:00
[2026-06-02T07:35:06.868+0000] {processor.py:183} INFO - Processing /home/airflow/.local/lib/python3.11/site-packages/airflow/example_dags/example_dynamic_task_mapping_with_no_taskflow_operators.py took 0.076 seconds
[2026-06-02T07:35:37.207+0000] {processor.py:161} INFO - Started process (PID=3269) to work on /home/airflow/.local/lib/python3.11/site-packages/airflow/example_dags/example_dynamic_task_mapping_with_no_taskflow_operators.py
[2026-06-02T07:35:37.208+0000] {processor.py:830} INFO - Processing file /home/airflow/.local/lib/python3.11/site-packages/airflow/example_dags/example_dynamic_task_mapping_with_no_taskflow_operators.py for tasks to queue
[2026-06-02T07:35:37.210+0000] {logging_mixin.py:188} INFO - [2026-06-02T07:35:37.210+0000] {dagbag.py:545} INFO - Filling up the DagBag from /home/airflow/.local/lib/python3.11/site-packages/airflow/example_dags/example_dynamic_task_mapping_with_no_taskflow_operators.py
[2026-06-02T07:35:37.218+0000] {processor.py:840} INFO - DAG(s) 'example_dynamic_task_mapping_with_no_taskflow_operators' retrieved from /home/airflow/.local/lib/python3.11/site-packages/airflow/example_dags/example_dynamic_task_mapping_with_no_taskflow_operators.py
[2026-06-02T07:35:37.240+0000] {logging_mixin.py:188} INFO - [2026-06-02T07:35:37.239+0000] {dag.py:3096} INFO - Sync 1 DAGs
[2026-06-02T07:35:37.259+0000] {logging_mixin.py:188} INFO - [2026-06-02T07:35:37.259+0000] {dag.py:3954} INFO - Setting next_dagrun for example_dynamic_task_mapping_with_no_taskflow_operators to 2026-06-01 00:00:00+00:00, run_after=2026-06-02 00:00:00+00:00
[2026-06-02T07:35:37.277+0000] {processor.py:183} INFO - Processing /home/airflow/.local/lib/python3.11/site-packages/airflow/example_dags/example_dynamic_task_mapping_with_no_taskflow_operators.py took 0.076 seconds
[2026-06-02T07:36:08.220+0000] {processor.py:161} INFO - Started process (PID=3547) to work on /home/airflow/.local/lib/python3.11/site-packages/airflow/example_dags/example_dynamic_task_mapping_with_no_taskflow_operators.py
[2026-06-02T07:36:08.221+0000] {processor.py:830} INFO - Processing file /home/airflow/.local/lib/python3.11/site-packages/airflow/example_dags/example_dynamic_task_mapping_with_no_taskflow_operators.py for tasks to queue
[2026-06-02T07:36:08.223+0000] {logging_mixin.py:188} INFO - [2026-06-02T07:36:08.223+0000] {dagbag.py:545} INFO - Filling up the DagBag from /home/airflow/.local/lib/python3.11/site-packages/airflow/example_dags/example_dynamic_task_mapping_with_no_taskflow_operators.py
[2026-06-02T07:36:08.230+0000] {processor.py:840} INFO - DAG(s) 'example_dynamic_task_mapping_with_no_taskflow_operators' retrieved from /home/airflow/.local/lib/python3.11/site-packages/airflow/example_dags/example_dynamic_task_mapping_with_no_taskflow_operators.py
[2026-06-02T07:36:08.250+0000] {logging_mixin.py:188} INFO - [2026-06-02T07:36:08.250+0000] {dag.py:3096} INFO - Sync 1 DAGs
[2026-06-02T07:36:08.274+0000] {logging_mixin.py:188} INFO - [2026-06-02T07:36:08.274+0000] {dag.py:3954} INFO - Setting next_dagrun for example_dynamic_task_mapping_with_no_taskflow_operators to 2026-06-01 00:00:00+00:00, run_after=2026-06-02 00:00:00+00:00
[2026-06-02T07:36:08.292+0000] {processor.py:183} INFO - Processing /home/airflow/.local/lib/python3.11/site-packages/airflow/example_dags/example_dynamic_task_mapping_with_no_taskflow_operators.py took 0.079 seconds
[2026-06-02T07:36:38.573+0000] {processor.py:161} INFO - Started process (PID=3821) to work on /home/airflow/.local/lib/python3.11/site-packages/airflow/example_dags/example_dynamic_task_mapping_with_no_taskflow_operators.py
[2026-06-02T07:36:38.575+0000] {processor.py:830} INFO - Processing file /home/airflow/.local/lib/python3.11/site-packages/airflow/example_dags/example_dynamic_task_mapping_with_no_taskflow_operators.py for tasks to queue
[2026-06-02T07:36:38.577+0000] {logging_mixin.py:188} INFO - [2026-06-02T07:36:38.577+0000] {dagbag.py:545} INFO - Filling up the DagBag from /home/airflow/.local/lib/python3.11/site-packages/airflow/example_dags/example_dynamic_task_mapping_with_no_taskflow_operators.py
[2026-06-02T07:36:38.586+0000] {processor.py:840} INFO - DAG(s) 'example_dynamic_task_mapping_with_no_taskflow_operators' retrieved from /home/airflow/.local/lib/python3.11/site-packages/airflow/example_dags/example_dynamic_task_mapping_with_no_taskflow_operators.py
[2026-06-02T07:36:38.609+0000] {logging_mixin.py:188} INFO - [2026-06-02T07:36:38.609+0000] {dag.py:3096} INFO - Sync 1 DAGs
[2026-06-02T07:36:38.633+0000] {logging_mixin.py:188} INFO - [2026-06-02T07:36:38.632+0000] {dag.py:3954} INFO - Setting next_dagrun for example_dynamic_task_mapping_with_no_taskflow_operators to 2026-06-01 00:00:00+00:00, run_after=2026-06-02 00:00:00+00:00
[2026-06-02T07:36:38.663+0000] {processor.py:183} INFO - Processing /home/airflow/.local/lib/python3.11/site-packages/airflow/example_dags/example_dynamic_task_mapping_with_no_taskflow_operators.py took 0.097 seconds
[2026-06-02T07:37:08.747+0000] {processor.py:161} INFO - Started process (PID=4097) to work on /home/airflow/.local/lib/python3.11/site-packages/airflow/example_dags/example_dynamic_task_mapping_with_no_taskflow_operators.py
[2026-06-02T07:37:08.749+0000] {processor.py:830} INFO - Processing file /home/airflow/.local/lib/python3.11/site-packages/airflow/example_dags/example_dynamic_task_mapping_with_no_taskflow_operators.py for tasks to queue
[2026-06-02T07:37:08.751+0000] {logging_mixin.py:188} INFO - [2026-06-02T07:37:08.750+0000] {dagbag.py:545} INFO - Filling up the DagBag from /home/airflow/.local/lib/python3.11/site-packages/airflow/example_dags/example_dynamic_task_mapping_with_no_taskflow_operators.py
[2026-06-02T07:37:08.760+0000] {processor.py:840} INFO - DAG(s) 'example_dynamic_task_mapping_with_no_taskflow_operators' retrieved from /home/airflow/.local/lib/python3.11/site-packages/airflow/example_dags/example_dynamic_task_mapping_with_no_taskflow_operators.py
[2026-06-02T07:37:08.778+0000] {logging_mixin.py:188} INFO - [2026-06-02T07:37:08.778+0000] {dag.py:3096} INFO - Sync 1 DAGs
[2026-06-02T07:37:08.798+0000] {logging_mixin.py:188} INFO - [2026-06-02T07:37:08.798+0000] {dag.py:3954} INFO - Setting next_dagrun for example_dynamic_task_mapping_with_no_taskflow_operators to 2026-06-01 00:00:00+00:00, run_after=2026-06-02 00:00:00+00:00
[2026-06-02T07:37:08.817+0000] {processor.py:183} INFO - Processing /home/airflow/.local/lib/python3.11/site-packages/airflow/example_dags/example_dynamic_task_mapping_with_no_taskflow_operators.py took 0.076 seconds
[2026-06-02T07:37:39.316+0000] {processor.py:161} INFO - Started process (PID=4373) to work on /home/airflow/.local/lib/python3.11/site-packages/airflow/example_dags/example_dynamic_task_mapping_with_no_taskflow_operators.py
[2026-06-02T07:37:39.318+0000] {processor.py:830} INFO - Processing file /home/airflow/.local/lib/python3.11/site-packages/airflow/example_dags/example_dynamic_task_mapping_with_no_taskflow_operators.py for tasks to queue
[2026-06-02T07:37:39.320+0000] {logging_mixin.py:188} INFO - [2026-06-02T07:37:39.320+0000] {dagbag.py:545} INFO - Filling up the DagBag from /home/airflow/.local/lib/python3.11/site-packages/airflow/example_dags/example_dynamic_task_mapping_with_no_taskflow_operators.py
[2026-06-02T07:37:39.326+0000] {processor.py:840} INFO - DAG(s) 'example_dynamic_task_mapping_with_no_taskflow_operators' retrieved from /home/airflow/.local/lib/python3.11/site-packages/airflow/example_dags/example_dynamic_task_mapping_with_no_taskflow_operators.py
[2026-06-02T07:37:39.348+0000] {logging_mixin.py:188} INFO - [2026-06-02T07:37:39.347+0000] {dag.py:3096} INFO - Sync 1 DAGs
[2026-06-02T07:37:39.371+0000] {logging_mixin.py:188} INFO - [2026-06-02T07:37:39.371+0000] {dag.py:3954} INFO - Setting next_dagrun for example_dynamic_task_mapping_with_no_taskflow_operators to 2026-06-01 00:00:00+00:00, run_after=2026-06-02 00:00:00+00:00
[2026-06-02T07:37:39.388+0000] {processor.py:183} INFO - Processing /home/airflow/.local/lib/python3.11/site-packages/airflow/example_dags/example_dynamic_task_mapping_with_no_taskflow_operators.py took 0.078 seconds
[2026-06-02T07:38:10.404+0000] {processor.py:161} INFO - Started process (PID=4651) to work on /home/airflow/.local/lib/python3.11/site-packages/airflow/example_dags/example_dynamic_task_mapping_with_no_taskflow_operators.py
[2026-06-02T07:38:10.405+0000] {processor.py:830} INFO - Processing file /home/airflow/.local/lib/python3.11/site-packages/airflow/example_dags/example_dynamic_task_mapping_with_no_taskflow_operators.py for tasks to queue
[2026-06-02T07:38:10.407+0000] {logging_mixin.py:188} INFO - [2026-06-02T07:38:10.407+0000] {dagbag.py:545} INFO - Filling up the DagBag from /home/airflow/.local/lib/python3.11/site-packages/airflow/example_dags/example_dynamic_task_mapping_with_no_taskflow_operators.py
[2026-06-02T07:38:10.413+0000] {processor.py:840} INFO - DAG(s) 'example_dynamic_task_mapping_with_no_taskflow_operators' retrieved from /home/airflow/.local/lib/python3.11/site-packages/airflow/example_dags/example_dynamic_task_mapping_with_no_taskflow_operators.py
[2026-06-02T07:38:10.433+0000] {logging_mixin.py:188} INFO - [2026-06-02T07:38:10.433+0000] {dag.py:3096} INFO - Sync 1 DAGs
[2026-06-02T07:38:10.450+0000] {logging_mixin.py:188} INFO - [2026-06-02T07:38:10.450+0000] {dag.py:3954} INFO - Setting next_dagrun for example_dynamic_task_mapping_with_no_taskflow_operators to 2026-06-01 00:00:00+00:00, run_after=2026-06-02 00:00:00+00:00
[2026-06-02T07:38:10.471+0000] {processor.py:183} INFO - Processing /home/airflow/.local/lib/python3.11/site-packages/airflow/example_dags/example_dynamic_task_mapping_with_no_taskflow_operators.py took 0.072 seconds
