[2026-06-01T12:04:45.499+0000] {processor.py:161} INFO - Started process (PID=112) to work on /home/airflow/.local/lib/python3.11/site-packages/airflow/example_dags/example_xcom.py
[2026-06-01T12:04:45.500+0000] {processor.py:830} INFO - Processing file /home/airflow/.local/lib/python3.11/site-packages/airflow/example_dags/example_xcom.py for tasks to queue
[2026-06-01T12:04:45.504+0000] {logging_mixin.py:188} INFO - [2026-06-01T12:04:45.503+0000] {dagbag.py:545} INFO - Filling up the DagBag from /home/airflow/.local/lib/python3.11/site-packages/airflow/example_dags/example_xcom.py
[2026-06-01T12:04:45.519+0000] {processor.py:840} INFO - DAG(s) 'example_xcom' retrieved from /home/airflow/.local/lib/python3.11/site-packages/airflow/example_dags/example_xcom.py
[2026-06-01T12:04:45.663+0000] {logging_mixin.py:188} INFO - [2026-06-01T12:04:45.662+0000] {override.py:1829} INFO - Created Permission View: can read on DAG:example_xcom
[2026-06-01T12:04:45.679+0000] {logging_mixin.py:188} INFO - [2026-06-01T12:04:45.679+0000] {override.py:1829} INFO - Created Permission View: can delete on DAG:example_xcom
[2026-06-01T12:04:45.688+0000] {logging_mixin.py:188} INFO - [2026-06-01T12:04:45.688+0000] {override.py:1829} INFO - Created Permission View: can edit on DAG:example_xcom
[2026-06-01T12:04:45.689+0000] {logging_mixin.py:188} INFO - [2026-06-01T12:04:45.689+0000] {dag.py:3096} INFO - Sync 1 DAGs
[2026-06-01T12:04:45.704+0000] {logging_mixin.py:188} INFO - [2026-06-01T12:04:45.704+0000] {dag.py:3118} INFO - Creating ORM DAG for example_xcom
[2026-06-01T12:04:45.718+0000] {logging_mixin.py:188} INFO - [2026-06-01T12:04:45.718+0000] {dag.py:3954} INFO - Setting next_dagrun for example_xcom to 2021-01-01 00:00:00+00:00, run_after=2021-01-01 00:00:00+00:00
[2026-06-01T12:04:45.746+0000] {processor.py:183} INFO - Processing /home/airflow/.local/lib/python3.11/site-packages/airflow/example_dags/example_xcom.py took 0.259 seconds
[2026-06-01T12:05:16.272+0000] {processor.py:161} INFO - Started process (PID=171) to work on /home/airflow/.local/lib/python3.11/site-packages/airflow/example_dags/example_xcom.py
[2026-06-01T12:05:16.274+0000] {processor.py:830} INFO - Processing file /home/airflow/.local/lib/python3.11/site-packages/airflow/example_dags/example_xcom.py for tasks to queue
[2026-06-01T12:05:16.277+0000] {logging_mixin.py:188} INFO - [2026-06-01T12:05:16.276+0000] {dagbag.py:545} INFO - Filling up the DagBag from /home/airflow/.local/lib/python3.11/site-packages/airflow/example_dags/example_xcom.py
[2026-06-01T12:05:16.289+0000] {processor.py:840} INFO - DAG(s) 'example_xcom' retrieved from /home/airflow/.local/lib/python3.11/site-packages/airflow/example_dags/example_xcom.py
[2026-06-01T12:05:16.316+0000] {logging_mixin.py:188} INFO - [2026-06-01T12:05:16.316+0000] {dag.py:3096} INFO - Sync 1 DAGs
[2026-06-01T12:05:16.345+0000] {logging_mixin.py:188} INFO - [2026-06-01T12:05:16.345+0000] {dag.py:3954} INFO - Setting next_dagrun for example_xcom to 2021-01-01 00:00:00+00:00, run_after=2021-01-01 00:00:00+00:00
[2026-06-01T12:05:16.377+0000] {processor.py:183} INFO - Processing /home/airflow/.local/lib/python3.11/site-packages/airflow/example_dags/example_xcom.py took 0.113 seconds
[2026-06-01T12:05:47.606+0000] {processor.py:161} INFO - Started process (PID=230) to work on /home/airflow/.local/lib/python3.11/site-packages/airflow/example_dags/example_xcom.py
[2026-06-01T12:05:47.609+0000] {processor.py:830} INFO - Processing file /home/airflow/.local/lib/python3.11/site-packages/airflow/example_dags/example_xcom.py for tasks to queue
[2026-06-01T12:05:47.614+0000] {logging_mixin.py:188} INFO - [2026-06-01T12:05:47.613+0000] {dagbag.py:545} INFO - Filling up the DagBag from /home/airflow/.local/lib/python3.11/site-packages/airflow/example_dags/example_xcom.py
[2026-06-01T12:05:47.638+0000] {processor.py:840} INFO - DAG(s) 'example_xcom' retrieved from /home/airflow/.local/lib/python3.11/site-packages/airflow/example_dags/example_xcom.py
[2026-06-01T12:05:47.710+0000] {logging_mixin.py:188} INFO - [2026-06-01T12:05:47.710+0000] {dag.py:3096} INFO - Sync 1 DAGs
[2026-06-01T12:05:47.788+0000] {logging_mixin.py:188} INFO - [2026-06-01T12:05:47.788+0000] {dag.py:3954} INFO - Setting next_dagrun for example_xcom to 2021-01-01 00:00:00+00:00, run_after=2021-01-01 00:00:00+00:00
[2026-06-01T12:05:47.851+0000] {processor.py:183} INFO - Processing /home/airflow/.local/lib/python3.11/site-packages/airflow/example_dags/example_xcom.py took 0.262 seconds
[2026-06-01T12:06:18.630+0000] {processor.py:161} INFO - Started process (PID=289) to work on /home/airflow/.local/lib/python3.11/site-packages/airflow/example_dags/example_xcom.py
[2026-06-01T12:06:18.635+0000] {processor.py:830} INFO - Processing file /home/airflow/.local/lib/python3.11/site-packages/airflow/example_dags/example_xcom.py for tasks to queue
[2026-06-01T12:06:18.639+0000] {logging_mixin.py:188} INFO - [2026-06-01T12:06:18.639+0000] {dagbag.py:545} INFO - Filling up the DagBag from /home/airflow/.local/lib/python3.11/site-packages/airflow/example_dags/example_xcom.py
[2026-06-01T12:06:18.659+0000] {processor.py:840} INFO - DAG(s) 'example_xcom' retrieved from /home/airflow/.local/lib/python3.11/site-packages/airflow/example_dags/example_xcom.py
[2026-06-01T12:06:18.700+0000] {logging_mixin.py:188} INFO - [2026-06-01T12:06:18.699+0000] {dag.py:3096} INFO - Sync 1 DAGs
[2026-06-01T12:06:18.746+0000] {logging_mixin.py:188} INFO - [2026-06-01T12:06:18.745+0000] {dag.py:3954} INFO - Setting next_dagrun for example_xcom to 2021-01-01 00:00:00+00:00, run_after=2021-01-01 00:00:00+00:00
[2026-06-01T12:06:18.786+0000] {processor.py:183} INFO - Processing /home/airflow/.local/lib/python3.11/site-packages/airflow/example_dags/example_xcom.py took 0.167 seconds
[2026-06-01T12:06:49.060+0000] {processor.py:161} INFO - Started process (PID=348) to work on /home/airflow/.local/lib/python3.11/site-packages/airflow/example_dags/example_xcom.py
[2026-06-01T12:06:49.062+0000] {processor.py:830} INFO - Processing file /home/airflow/.local/lib/python3.11/site-packages/airflow/example_dags/example_xcom.py for tasks to queue
[2026-06-01T12:06:49.066+0000] {logging_mixin.py:188} INFO - [2026-06-01T12:06:49.065+0000] {dagbag.py:545} INFO - Filling up the DagBag from /home/airflow/.local/lib/python3.11/site-packages/airflow/example_dags/example_xcom.py
[2026-06-01T12:06:49.086+0000] {processor.py:840} INFO - DAG(s) 'example_xcom' retrieved from /home/airflow/.local/lib/python3.11/site-packages/airflow/example_dags/example_xcom.py
[2026-06-01T12:06:49.115+0000] {logging_mixin.py:188} INFO - [2026-06-01T12:06:49.114+0000] {dag.py:3096} INFO - Sync 1 DAGs
[2026-06-01T12:06:49.155+0000] {logging_mixin.py:188} INFO - [2026-06-01T12:06:49.154+0000] {dag.py:3954} INFO - Setting next_dagrun for example_xcom to 2021-01-01 00:00:00+00:00, run_after=2021-01-01 00:00:00+00:00
[2026-06-01T12:06:49.203+0000] {processor.py:183} INFO - Processing /home/airflow/.local/lib/python3.11/site-packages/airflow/example_dags/example_xcom.py took 0.156 seconds
[2026-06-01T12:07:20.095+0000] {processor.py:161} INFO - Started process (PID=407) to work on /home/airflow/.local/lib/python3.11/site-packages/airflow/example_dags/example_xcom.py
[2026-06-01T12:07:20.098+0000] {processor.py:830} INFO - Processing file /home/airflow/.local/lib/python3.11/site-packages/airflow/example_dags/example_xcom.py for tasks to queue
[2026-06-01T12:07:20.104+0000] {logging_mixin.py:188} INFO - [2026-06-01T12:07:20.103+0000] {dagbag.py:545} INFO - Filling up the DagBag from /home/airflow/.local/lib/python3.11/site-packages/airflow/example_dags/example_xcom.py
[2026-06-01T12:07:20.133+0000] {processor.py:840} INFO - DAG(s) 'example_xcom' retrieved from /home/airflow/.local/lib/python3.11/site-packages/airflow/example_dags/example_xcom.py
[2026-06-01T12:07:20.532+0000] {logging_mixin.py:188} INFO - [2026-06-01T12:07:20.523+0000] {dag.py:3096} INFO - Sync 1 DAGs
[2026-06-01T12:07:20.579+0000] {logging_mixin.py:188} INFO - [2026-06-01T12:07:20.578+0000] {dag.py:3954} INFO - Setting next_dagrun for example_xcom to 2021-01-01 00:00:00+00:00, run_after=2021-01-01 00:00:00+00:00
[2026-06-01T12:07:20.626+0000] {processor.py:183} INFO - Processing /home/airflow/.local/lib/python3.11/site-packages/airflow/example_dags/example_xcom.py took 0.550 seconds
[2026-06-01T12:07:51.070+0000] {processor.py:161} INFO - Started process (PID=467) to work on /home/airflow/.local/lib/python3.11/site-packages/airflow/example_dags/example_xcom.py
[2026-06-01T12:07:51.072+0000] {processor.py:830} INFO - Processing file /home/airflow/.local/lib/python3.11/site-packages/airflow/example_dags/example_xcom.py for tasks to queue
[2026-06-01T12:07:51.074+0000] {logging_mixin.py:188} INFO - [2026-06-01T12:07:51.073+0000] {dagbag.py:545} INFO - Filling up the DagBag from /home/airflow/.local/lib/python3.11/site-packages/airflow/example_dags/example_xcom.py
[2026-06-01T12:07:51.081+0000] {processor.py:840} INFO - DAG(s) 'example_xcom' retrieved from /home/airflow/.local/lib/python3.11/site-packages/airflow/example_dags/example_xcom.py
[2026-06-01T12:07:51.103+0000] {logging_mixin.py:188} INFO - [2026-06-01T12:07:51.102+0000] {dag.py:3096} INFO - Sync 1 DAGs
[2026-06-01T12:07:51.123+0000] {logging_mixin.py:188} INFO - [2026-06-01T12:07:51.123+0000] {dag.py:3954} INFO - Setting next_dagrun for example_xcom to 2021-01-01 00:00:00+00:00, run_after=2021-01-01 00:00:00+00:00
[2026-06-01T12:07:51.152+0000] {processor.py:183} INFO - Processing /home/airflow/.local/lib/python3.11/site-packages/airflow/example_dags/example_xcom.py took 0.088 seconds
[2026-06-01T12:08:21.541+0000] {processor.py:161} INFO - Started process (PID=526) to work on /home/airflow/.local/lib/python3.11/site-packages/airflow/example_dags/example_xcom.py
[2026-06-01T12:08:21.542+0000] {processor.py:830} INFO - Processing file /home/airflow/.local/lib/python3.11/site-packages/airflow/example_dags/example_xcom.py for tasks to queue
[2026-06-01T12:08:21.545+0000] {logging_mixin.py:188} INFO - [2026-06-01T12:08:21.544+0000] {dagbag.py:545} INFO - Filling up the DagBag from /home/airflow/.local/lib/python3.11/site-packages/airflow/example_dags/example_xcom.py
[2026-06-01T12:08:21.555+0000] {processor.py:840} INFO - DAG(s) 'example_xcom' retrieved from /home/airflow/.local/lib/python3.11/site-packages/airflow/example_dags/example_xcom.py
[2026-06-01T12:08:21.581+0000] {logging_mixin.py:188} INFO - [2026-06-01T12:08:21.581+0000] {dag.py:3096} INFO - Sync 1 DAGs
[2026-06-01T12:08:21.606+0000] {logging_mixin.py:188} INFO - [2026-06-01T12:08:21.605+0000] {dag.py:3954} INFO - Setting next_dagrun for example_xcom to 2021-01-01 00:00:00+00:00, run_after=2021-01-01 00:00:00+00:00
[2026-06-01T12:08:21.628+0000] {processor.py:183} INFO - Processing /home/airflow/.local/lib/python3.11/site-packages/airflow/example_dags/example_xcom.py took 0.094 seconds
[2026-06-01T12:08:51.997+0000] {processor.py:161} INFO - Started process (PID=585) to work on /home/airflow/.local/lib/python3.11/site-packages/airflow/example_dags/example_xcom.py
[2026-06-01T12:08:52.002+0000] {processor.py:830} INFO - Processing file /home/airflow/.local/lib/python3.11/site-packages/airflow/example_dags/example_xcom.py for tasks to queue
[2026-06-01T12:08:52.006+0000] {logging_mixin.py:188} INFO - [2026-06-01T12:08:52.005+0000] {dagbag.py:545} INFO - Filling up the DagBag from /home/airflow/.local/lib/python3.11/site-packages/airflow/example_dags/example_xcom.py
[2026-06-01T12:08:52.021+0000] {processor.py:840} INFO - DAG(s) 'example_xcom' retrieved from /home/airflow/.local/lib/python3.11/site-packages/airflow/example_dags/example_xcom.py
[2026-06-01T12:08:52.057+0000] {logging_mixin.py:188} INFO - [2026-06-01T12:08:52.056+0000] {dag.py:3096} INFO - Sync 1 DAGs
[2026-06-01T12:08:52.093+0000] {logging_mixin.py:188} INFO - [2026-06-01T12:08:52.093+0000] {dag.py:3954} INFO - Setting next_dagrun for example_xcom to 2021-01-01 00:00:00+00:00, run_after=2021-01-01 00:00:00+00:00
[2026-06-01T12:08:52.117+0000] {processor.py:183} INFO - Processing /home/airflow/.local/lib/python3.11/site-packages/airflow/example_dags/example_xcom.py took 0.137 seconds
[2026-06-01T12:09:22.240+0000] {processor.py:161} INFO - Started process (PID=644) to work on /home/airflow/.local/lib/python3.11/site-packages/airflow/example_dags/example_xcom.py
[2026-06-01T12:09:22.242+0000] {processor.py:830} INFO - Processing file /home/airflow/.local/lib/python3.11/site-packages/airflow/example_dags/example_xcom.py for tasks to queue
[2026-06-01T12:09:22.244+0000] {logging_mixin.py:188} INFO - [2026-06-01T12:09:22.244+0000] {dagbag.py:545} INFO - Filling up the DagBag from /home/airflow/.local/lib/python3.11/site-packages/airflow/example_dags/example_xcom.py
[2026-06-01T12:09:22.255+0000] {processor.py:840} INFO - DAG(s) 'example_xcom' retrieved from /home/airflow/.local/lib/python3.11/site-packages/airflow/example_dags/example_xcom.py
[2026-06-01T12:09:22.278+0000] {logging_mixin.py:188} INFO - [2026-06-01T12:09:22.278+0000] {dag.py:3096} INFO - Sync 1 DAGs
[2026-06-01T12:09:22.304+0000] {logging_mixin.py:188} INFO - [2026-06-01T12:09:22.303+0000] {dag.py:3954} INFO - Setting next_dagrun for example_xcom to 2021-01-01 00:00:00+00:00, run_after=2021-01-01 00:00:00+00:00
[2026-06-01T12:09:22.327+0000] {processor.py:183} INFO - Processing /home/airflow/.local/lib/python3.11/site-packages/airflow/example_dags/example_xcom.py took 0.097 seconds
[2026-06-01T12:11:07.432+0000] {processor.py:161} INFO - Started process (PID=117) to work on /home/airflow/.local/lib/python3.11/site-packages/airflow/example_dags/example_xcom.py
[2026-06-01T12:11:07.435+0000] {processor.py:830} INFO - Processing file /home/airflow/.local/lib/python3.11/site-packages/airflow/example_dags/example_xcom.py for tasks to queue
[2026-06-01T12:11:07.439+0000] {logging_mixin.py:188} INFO - [2026-06-01T12:11:07.438+0000] {dagbag.py:545} INFO - Filling up the DagBag from /home/airflow/.local/lib/python3.11/site-packages/airflow/example_dags/example_xcom.py
[2026-06-01T12:11:07.456+0000] {processor.py:840} INFO - DAG(s) 'example_xcom' retrieved from /home/airflow/.local/lib/python3.11/site-packages/airflow/example_dags/example_xcom.py
[2026-06-01T12:11:07.642+0000] {logging_mixin.py:188} INFO - [2026-06-01T12:11:07.641+0000] {dag.py:3096} INFO - Sync 1 DAGs
[2026-06-01T12:11:07.675+0000] {logging_mixin.py:188} INFO - [2026-06-01T12:11:07.674+0000] {dag.py:3954} INFO - Setting next_dagrun for example_xcom to 2021-01-01 00:00:00+00:00, run_after=2021-01-01 00:00:00+00:00
[2026-06-01T12:11:07.719+0000] {processor.py:183} INFO - Processing /home/airflow/.local/lib/python3.11/site-packages/airflow/example_dags/example_xcom.py took 0.299 seconds
[2026-06-01T12:11:37.841+0000] {processor.py:161} INFO - Started process (PID=186) to work on /home/airflow/.local/lib/python3.11/site-packages/airflow/example_dags/example_xcom.py
[2026-06-01T12:11:37.843+0000] {processor.py:830} INFO - Processing file /home/airflow/.local/lib/python3.11/site-packages/airflow/example_dags/example_xcom.py for tasks to queue
[2026-06-01T12:11:37.846+0000] {logging_mixin.py:188} INFO - [2026-06-01T12:11:37.846+0000] {dagbag.py:545} INFO - Filling up the DagBag from /home/airflow/.local/lib/python3.11/site-packages/airflow/example_dags/example_xcom.py
[2026-06-01T12:11:37.858+0000] {processor.py:840} INFO - DAG(s) 'example_xcom' retrieved from /home/airflow/.local/lib/python3.11/site-packages/airflow/example_dags/example_xcom.py
[2026-06-01T12:11:37.891+0000] {logging_mixin.py:188} INFO - [2026-06-01T12:11:37.890+0000] {dag.py:3096} INFO - Sync 1 DAGs
[2026-06-01T12:11:37.922+0000] {logging_mixin.py:188} INFO - [2026-06-01T12:11:37.921+0000] {dag.py:3954} INFO - Setting next_dagrun for example_xcom to 2021-01-01 00:00:00+00:00, run_after=2021-01-01 00:00:00+00:00
[2026-06-01T12:11:37.947+0000] {processor.py:183} INFO - Processing /home/airflow/.local/lib/python3.11/site-packages/airflow/example_dags/example_xcom.py took 0.117 seconds
[2026-06-01T12:12:08.235+0000] {processor.py:161} INFO - Started process (PID=276) to work on /home/airflow/.local/lib/python3.11/site-packages/airflow/example_dags/example_xcom.py
[2026-06-01T12:12:08.237+0000] {processor.py:830} INFO - Processing file /home/airflow/.local/lib/python3.11/site-packages/airflow/example_dags/example_xcom.py for tasks to queue
[2026-06-01T12:12:08.242+0000] {logging_mixin.py:188} INFO - [2026-06-01T12:12:08.241+0000] {dagbag.py:545} INFO - Filling up the DagBag from /home/airflow/.local/lib/python3.11/site-packages/airflow/example_dags/example_xcom.py
[2026-06-01T12:12:08.256+0000] {processor.py:840} INFO - DAG(s) 'example_xcom' retrieved from /home/airflow/.local/lib/python3.11/site-packages/airflow/example_dags/example_xcom.py
[2026-06-01T12:12:08.297+0000] {logging_mixin.py:188} INFO - [2026-06-01T12:12:08.297+0000] {dag.py:3096} INFO - Sync 1 DAGs
[2026-06-01T12:12:08.327+0000] {logging_mixin.py:188} INFO - [2026-06-01T12:12:08.326+0000] {dag.py:3954} INFO - Setting next_dagrun for example_xcom to 2021-01-01 00:00:00+00:00, run_after=2021-01-01 00:00:00+00:00
[2026-06-01T12:12:08.357+0000] {processor.py:183} INFO - Processing /home/airflow/.local/lib/python3.11/site-packages/airflow/example_dags/example_xcom.py took 0.135 seconds
[2026-06-01T12:12:38.523+0000] {processor.py:161} INFO - Started process (PID=344) to work on /home/airflow/.local/lib/python3.11/site-packages/airflow/example_dags/example_xcom.py
[2026-06-01T12:12:38.524+0000] {processor.py:830} INFO - Processing file /home/airflow/.local/lib/python3.11/site-packages/airflow/example_dags/example_xcom.py for tasks to queue
[2026-06-01T12:12:38.526+0000] {logging_mixin.py:188} INFO - [2026-06-01T12:12:38.526+0000] {dagbag.py:545} INFO - Filling up the DagBag from /home/airflow/.local/lib/python3.11/site-packages/airflow/example_dags/example_xcom.py
[2026-06-01T12:12:38.535+0000] {processor.py:840} INFO - DAG(s) 'example_xcom' retrieved from /home/airflow/.local/lib/python3.11/site-packages/airflow/example_dags/example_xcom.py
[2026-06-01T12:12:38.560+0000] {logging_mixin.py:188} INFO - [2026-06-01T12:12:38.560+0000] {dag.py:3096} INFO - Sync 1 DAGs
[2026-06-01T12:12:38.585+0000] {logging_mixin.py:188} INFO - [2026-06-01T12:12:38.585+0000] {dag.py:3954} INFO - Setting next_dagrun for example_xcom to 2021-01-01 00:00:00+00:00, run_after=2021-01-01 00:00:00+00:00
[2026-06-01T12:12:38.616+0000] {processor.py:183} INFO - Processing /home/airflow/.local/lib/python3.11/site-packages/airflow/example_dags/example_xcom.py took 0.101 seconds
[2026-06-01T12:13:11.173+0000] {processor.py:161} INFO - Started process (PID=412) to work on /home/airflow/.local/lib/python3.11/site-packages/airflow/example_dags/example_xcom.py
[2026-06-01T12:13:11.175+0000] {processor.py:830} INFO - Processing file /home/airflow/.local/lib/python3.11/site-packages/airflow/example_dags/example_xcom.py for tasks to queue
[2026-06-01T12:13:11.178+0000] {logging_mixin.py:188} INFO - [2026-06-01T12:13:11.177+0000] {dagbag.py:545} INFO - Filling up the DagBag from /home/airflow/.local/lib/python3.11/site-packages/airflow/example_dags/example_xcom.py
[2026-06-01T12:13:11.198+0000] {processor.py:840} INFO - DAG(s) 'example_xcom' retrieved from /home/airflow/.local/lib/python3.11/site-packages/airflow/example_dags/example_xcom.py
[2026-06-01T12:13:11.236+0000] {logging_mixin.py:188} INFO - [2026-06-01T12:13:11.236+0000] {dag.py:3096} INFO - Sync 1 DAGs
[2026-06-01T12:13:11.278+0000] {logging_mixin.py:188} INFO - [2026-06-01T12:13:11.277+0000] {dag.py:3954} INFO - Setting next_dagrun for example_xcom to 2021-01-01 00:00:00+00:00, run_after=2021-01-01 00:00:00+00:00
[2026-06-01T12:13:11.309+0000] {processor.py:183} INFO - Processing /home/airflow/.local/lib/python3.11/site-packages/airflow/example_dags/example_xcom.py took 0.146 seconds
[2026-06-01T12:13:42.179+0000] {processor.py:161} INFO - Started process (PID=480) to work on /home/airflow/.local/lib/python3.11/site-packages/airflow/example_dags/example_xcom.py
[2026-06-01T12:13:42.181+0000] {processor.py:830} INFO - Processing file /home/airflow/.local/lib/python3.11/site-packages/airflow/example_dags/example_xcom.py for tasks to queue
[2026-06-01T12:13:42.183+0000] {logging_mixin.py:188} INFO - [2026-06-01T12:13:42.183+0000] {dagbag.py:545} INFO - Filling up the DagBag from /home/airflow/.local/lib/python3.11/site-packages/airflow/example_dags/example_xcom.py
[2026-06-01T12:13:42.193+0000] {processor.py:840} INFO - DAG(s) 'example_xcom' retrieved from /home/airflow/.local/lib/python3.11/site-packages/airflow/example_dags/example_xcom.py
[2026-06-01T12:13:42.221+0000] {logging_mixin.py:188} INFO - [2026-06-01T12:13:42.221+0000] {dag.py:3096} INFO - Sync 1 DAGs
[2026-06-01T12:13:42.248+0000] {logging_mixin.py:188} INFO - [2026-06-01T12:13:42.247+0000] {dag.py:3954} INFO - Setting next_dagrun for example_xcom to 2021-01-01 00:00:00+00:00, run_after=2021-01-01 00:00:00+00:00
[2026-06-01T12:13:42.287+0000] {processor.py:183} INFO - Processing /home/airflow/.local/lib/python3.11/site-packages/airflow/example_dags/example_xcom.py took 0.119 seconds
[2026-06-01T12:14:12.357+0000] {processor.py:161} INFO - Started process (PID=560) to work on /home/airflow/.local/lib/python3.11/site-packages/airflow/example_dags/example_xcom.py
[2026-06-01T12:14:12.358+0000] {processor.py:830} INFO - Processing file /home/airflow/.local/lib/python3.11/site-packages/airflow/example_dags/example_xcom.py for tasks to queue
[2026-06-01T12:14:12.362+0000] {logging_mixin.py:188} INFO - [2026-06-01T12:14:12.361+0000] {dagbag.py:545} INFO - Filling up the DagBag from /home/airflow/.local/lib/python3.11/site-packages/airflow/example_dags/example_xcom.py
[2026-06-01T12:14:12.373+0000] {processor.py:840} INFO - DAG(s) 'example_xcom' retrieved from /home/airflow/.local/lib/python3.11/site-packages/airflow/example_dags/example_xcom.py
[2026-06-01T12:14:12.403+0000] {logging_mixin.py:188} INFO - [2026-06-01T12:14:12.403+0000] {dag.py:3096} INFO - Sync 1 DAGs
[2026-06-01T12:14:12.429+0000] {logging_mixin.py:188} INFO - [2026-06-01T12:14:12.429+0000] {dag.py:3954} INFO - Setting next_dagrun for example_xcom to 2021-01-01 00:00:00+00:00, run_after=2021-01-01 00:00:00+00:00
[2026-06-01T12:14:12.463+0000] {processor.py:183} INFO - Processing /home/airflow/.local/lib/python3.11/site-packages/airflow/example_dags/example_xcom.py took 0.116 seconds
[2026-06-01T12:14:42.579+0000] {processor.py:161} INFO - Started process (PID=628) to work on /home/airflow/.local/lib/python3.11/site-packages/airflow/example_dags/example_xcom.py
[2026-06-01T12:14:42.581+0000] {processor.py:830} INFO - Processing file /home/airflow/.local/lib/python3.11/site-packages/airflow/example_dags/example_xcom.py for tasks to queue
[2026-06-01T12:14:42.584+0000] {logging_mixin.py:188} INFO - [2026-06-01T12:14:42.584+0000] {dagbag.py:545} INFO - Filling up the DagBag from /home/airflow/.local/lib/python3.11/site-packages/airflow/example_dags/example_xcom.py
[2026-06-01T12:14:42.598+0000] {processor.py:840} INFO - DAG(s) 'example_xcom' retrieved from /home/airflow/.local/lib/python3.11/site-packages/airflow/example_dags/example_xcom.py
[2026-06-01T12:14:42.627+0000] {logging_mixin.py:188} INFO - [2026-06-01T12:14:42.626+0000] {dag.py:3096} INFO - Sync 1 DAGs
[2026-06-01T12:14:42.655+0000] {logging_mixin.py:188} INFO - [2026-06-01T12:14:42.654+0000] {dag.py:3954} INFO - Setting next_dagrun for example_xcom to 2021-01-01 00:00:00+00:00, run_after=2021-01-01 00:00:00+00:00
[2026-06-01T12:14:42.677+0000] {processor.py:183} INFO - Processing /home/airflow/.local/lib/python3.11/site-packages/airflow/example_dags/example_xcom.py took 0.109 seconds
[2026-06-01T12:15:13.506+0000] {processor.py:161} INFO - Started process (PID=696) to work on /home/airflow/.local/lib/python3.11/site-packages/airflow/example_dags/example_xcom.py
[2026-06-01T12:15:13.507+0000] {processor.py:830} INFO - Processing file /home/airflow/.local/lib/python3.11/site-packages/airflow/example_dags/example_xcom.py for tasks to queue
[2026-06-01T12:15:13.510+0000] {logging_mixin.py:188} INFO - [2026-06-01T12:15:13.509+0000] {dagbag.py:545} INFO - Filling up the DagBag from /home/airflow/.local/lib/python3.11/site-packages/airflow/example_dags/example_xcom.py
[2026-06-01T12:15:13.520+0000] {processor.py:840} INFO - DAG(s) 'example_xcom' retrieved from /home/airflow/.local/lib/python3.11/site-packages/airflow/example_dags/example_xcom.py
[2026-06-01T12:15:13.548+0000] {logging_mixin.py:188} INFO - [2026-06-01T12:15:13.548+0000] {dag.py:3096} INFO - Sync 1 DAGs
[2026-06-01T12:15:13.573+0000] {logging_mixin.py:188} INFO - [2026-06-01T12:15:13.572+0000] {dag.py:3954} INFO - Setting next_dagrun for example_xcom to 2021-01-01 00:00:00+00:00, run_after=2021-01-01 00:00:00+00:00
[2026-06-01T12:15:13.605+0000] {processor.py:183} INFO - Processing /home/airflow/.local/lib/python3.11/site-packages/airflow/example_dags/example_xcom.py took 0.108 seconds
[2026-06-01T12:15:43.991+0000] {processor.py:161} INFO - Started process (PID=764) to work on /home/airflow/.local/lib/python3.11/site-packages/airflow/example_dags/example_xcom.py
[2026-06-01T12:15:43.992+0000] {processor.py:830} INFO - Processing file /home/airflow/.local/lib/python3.11/site-packages/airflow/example_dags/example_xcom.py for tasks to queue
[2026-06-01T12:15:43.996+0000] {logging_mixin.py:188} INFO - [2026-06-01T12:15:43.996+0000] {dagbag.py:545} INFO - Filling up the DagBag from /home/airflow/.local/lib/python3.11/site-packages/airflow/example_dags/example_xcom.py
[2026-06-01T12:15:44.008+0000] {processor.py:840} INFO - DAG(s) 'example_xcom' retrieved from /home/airflow/.local/lib/python3.11/site-packages/airflow/example_dags/example_xcom.py
[2026-06-01T12:15:44.042+0000] {logging_mixin.py:188} INFO - [2026-06-01T12:15:44.041+0000] {dag.py:3096} INFO - Sync 1 DAGs
[2026-06-01T12:15:44.073+0000] {logging_mixin.py:188} INFO - [2026-06-01T12:15:44.073+0000] {dag.py:3954} INFO - Setting next_dagrun for example_xcom to 2021-01-01 00:00:00+00:00, run_after=2021-01-01 00:00:00+00:00
[2026-06-01T12:15:44.118+0000] {processor.py:183} INFO - Processing /home/airflow/.local/lib/python3.11/site-packages/airflow/example_dags/example_xcom.py took 0.135 seconds
[2026-06-01T12:16:14.882+0000] {processor.py:161} INFO - Started process (PID=831) to work on /home/airflow/.local/lib/python3.11/site-packages/airflow/example_dags/example_xcom.py
[2026-06-01T12:16:14.884+0000] {processor.py:830} INFO - Processing file /home/airflow/.local/lib/python3.11/site-packages/airflow/example_dags/example_xcom.py for tasks to queue
[2026-06-01T12:16:14.887+0000] {logging_mixin.py:188} INFO - [2026-06-01T12:16:14.887+0000] {dagbag.py:545} INFO - Filling up the DagBag from /home/airflow/.local/lib/python3.11/site-packages/airflow/example_dags/example_xcom.py
[2026-06-01T12:16:14.900+0000] {processor.py:840} INFO - DAG(s) 'example_xcom' retrieved from /home/airflow/.local/lib/python3.11/site-packages/airflow/example_dags/example_xcom.py
[2026-06-01T12:16:14.942+0000] {logging_mixin.py:188} INFO - [2026-06-01T12:16:14.941+0000] {dag.py:3096} INFO - Sync 1 DAGs
[2026-06-01T12:16:14.977+0000] {logging_mixin.py:188} INFO - [2026-06-01T12:16:14.977+0000] {dag.py:3954} INFO - Setting next_dagrun for example_xcom to 2021-01-01 00:00:00+00:00, run_after=2021-01-01 00:00:00+00:00
[2026-06-01T12:16:15.019+0000] {processor.py:183} INFO - Processing /home/airflow/.local/lib/python3.11/site-packages/airflow/example_dags/example_xcom.py took 0.147 seconds
[2026-06-01T12:16:46.279+0000] {processor.py:161} INFO - Started process (PID=899) to work on /home/airflow/.local/lib/python3.11/site-packages/airflow/example_dags/example_xcom.py
[2026-06-01T12:16:46.282+0000] {processor.py:830} INFO - Processing file /home/airflow/.local/lib/python3.11/site-packages/airflow/example_dags/example_xcom.py for tasks to queue
[2026-06-01T12:16:46.286+0000] {logging_mixin.py:188} INFO - [2026-06-01T12:16:46.285+0000] {dagbag.py:545} INFO - Filling up the DagBag from /home/airflow/.local/lib/python3.11/site-packages/airflow/example_dags/example_xcom.py
[2026-06-01T12:16:46.303+0000] {processor.py:840} INFO - DAG(s) 'example_xcom' retrieved from /home/airflow/.local/lib/python3.11/site-packages/airflow/example_dags/example_xcom.py
[2026-06-01T12:16:46.348+0000] {logging_mixin.py:188} INFO - [2026-06-01T12:16:46.347+0000] {dag.py:3096} INFO - Sync 1 DAGs
[2026-06-01T12:16:46.386+0000] {logging_mixin.py:188} INFO - [2026-06-01T12:16:46.386+0000] {dag.py:3954} INFO - Setting next_dagrun for example_xcom to 2021-01-01 00:00:00+00:00, run_after=2021-01-01 00:00:00+00:00
[2026-06-01T12:16:46.416+0000] {processor.py:183} INFO - Processing /home/airflow/.local/lib/python3.11/site-packages/airflow/example_dags/example_xcom.py took 0.149 seconds
[2026-06-01T12:17:16.979+0000] {processor.py:161} INFO - Started process (PID=966) to work on /home/airflow/.local/lib/python3.11/site-packages/airflow/example_dags/example_xcom.py
[2026-06-01T12:17:16.981+0000] {processor.py:830} INFO - Processing file /home/airflow/.local/lib/python3.11/site-packages/airflow/example_dags/example_xcom.py for tasks to queue
[2026-06-01T12:17:16.984+0000] {logging_mixin.py:188} INFO - [2026-06-01T12:17:16.984+0000] {dagbag.py:545} INFO - Filling up the DagBag from /home/airflow/.local/lib/python3.11/site-packages/airflow/example_dags/example_xcom.py
[2026-06-01T12:17:17.001+0000] {processor.py:840} INFO - DAG(s) 'example_xcom' retrieved from /home/airflow/.local/lib/python3.11/site-packages/airflow/example_dags/example_xcom.py
[2026-06-01T12:17:17.041+0000] {logging_mixin.py:188} INFO - [2026-06-01T12:17:17.039+0000] {dag.py:3096} INFO - Sync 1 DAGs
[2026-06-01T12:17:17.079+0000] {logging_mixin.py:188} INFO - [2026-06-01T12:17:17.079+0000] {dag.py:3954} INFO - Setting next_dagrun for example_xcom to 2021-01-01 00:00:00+00:00, run_after=2021-01-01 00:00:00+00:00
[2026-06-01T12:17:17.109+0000] {processor.py:183} INFO - Processing /home/airflow/.local/lib/python3.11/site-packages/airflow/example_dags/example_xcom.py took 0.140 seconds
[2026-06-01T12:17:47.929+0000] {processor.py:161} INFO - Started process (PID=1034) to work on /home/airflow/.local/lib/python3.11/site-packages/airflow/example_dags/example_xcom.py
[2026-06-01T12:17:47.931+0000] {processor.py:830} INFO - Processing file /home/airflow/.local/lib/python3.11/site-packages/airflow/example_dags/example_xcom.py for tasks to queue
[2026-06-01T12:17:47.936+0000] {logging_mixin.py:188} INFO - [2026-06-01T12:17:47.935+0000] {dagbag.py:545} INFO - Filling up the DagBag from /home/airflow/.local/lib/python3.11/site-packages/airflow/example_dags/example_xcom.py
[2026-06-01T12:17:47.953+0000] {processor.py:840} INFO - DAG(s) 'example_xcom' retrieved from /home/airflow/.local/lib/python3.11/site-packages/airflow/example_dags/example_xcom.py
[2026-06-01T12:17:47.994+0000] {logging_mixin.py:188} INFO - [2026-06-01T12:17:47.994+0000] {dag.py:3096} INFO - Sync 1 DAGs
[2026-06-01T12:17:48.036+0000] {logging_mixin.py:188} INFO - [2026-06-01T12:17:48.036+0000] {dag.py:3954} INFO - Setting next_dagrun for example_xcom to 2021-01-01 00:00:00+00:00, run_after=2021-01-01 00:00:00+00:00
[2026-06-01T12:17:48.084+0000] {processor.py:183} INFO - Processing /home/airflow/.local/lib/python3.11/site-packages/airflow/example_dags/example_xcom.py took 0.171 seconds
[2026-06-01T12:18:19.611+0000] {processor.py:161} INFO - Started process (PID=1102) to work on /home/airflow/.local/lib/python3.11/site-packages/airflow/example_dags/example_xcom.py
[2026-06-01T12:18:19.613+0000] {processor.py:830} INFO - Processing file /home/airflow/.local/lib/python3.11/site-packages/airflow/example_dags/example_xcom.py for tasks to queue
[2026-06-01T12:18:19.631+0000] {logging_mixin.py:188} INFO - [2026-06-01T12:18:19.622+0000] {dagbag.py:545} INFO - Filling up the DagBag from /home/airflow/.local/lib/python3.11/site-packages/airflow/example_dags/example_xcom.py
[2026-06-01T12:18:19.666+0000] {processor.py:840} INFO - DAG(s) 'example_xcom' retrieved from /home/airflow/.local/lib/python3.11/site-packages/airflow/example_dags/example_xcom.py
[2026-06-01T12:18:19.758+0000] {logging_mixin.py:188} INFO - [2026-06-01T12:18:19.758+0000] {dag.py:3096} INFO - Sync 1 DAGs
[2026-06-01T12:18:19.802+0000] {logging_mixin.py:188} INFO - [2026-06-01T12:18:19.801+0000] {dag.py:3954} INFO - Setting next_dagrun for example_xcom to 2021-01-01 00:00:00+00:00, run_after=2021-01-01 00:00:00+00:00
[2026-06-01T12:18:19.838+0000] {processor.py:183} INFO - Processing /home/airflow/.local/lib/python3.11/site-packages/airflow/example_dags/example_xcom.py took 0.243 seconds
[2026-06-01T12:18:50.387+0000] {processor.py:161} INFO - Started process (PID=1176) to work on /home/airflow/.local/lib/python3.11/site-packages/airflow/example_dags/example_xcom.py
[2026-06-01T12:18:50.389+0000] {processor.py:830} INFO - Processing file /home/airflow/.local/lib/python3.11/site-packages/airflow/example_dags/example_xcom.py for tasks to queue
[2026-06-01T12:18:50.397+0000] {logging_mixin.py:188} INFO - [2026-06-01T12:18:50.395+0000] {dagbag.py:545} INFO - Filling up the DagBag from /home/airflow/.local/lib/python3.11/site-packages/airflow/example_dags/example_xcom.py
[2026-06-01T12:18:50.419+0000] {processor.py:840} INFO - DAG(s) 'example_xcom' retrieved from /home/airflow/.local/lib/python3.11/site-packages/airflow/example_dags/example_xcom.py
[2026-06-01T12:18:50.471+0000] {logging_mixin.py:188} INFO - [2026-06-01T12:18:50.470+0000] {dag.py:3096} INFO - Sync 1 DAGs
[2026-06-01T12:18:50.518+0000] {logging_mixin.py:188} INFO - [2026-06-01T12:18:50.517+0000] {dag.py:3954} INFO - Setting next_dagrun for example_xcom to 2021-01-01 00:00:00+00:00, run_after=2021-01-01 00:00:00+00:00
[2026-06-01T12:18:50.565+0000] {processor.py:183} INFO - Processing /home/airflow/.local/lib/python3.11/site-packages/airflow/example_dags/example_xcom.py took 0.197 seconds
[2026-06-01T12:19:20.906+0000] {processor.py:161} INFO - Started process (PID=1243) to work on /home/airflow/.local/lib/python3.11/site-packages/airflow/example_dags/example_xcom.py
[2026-06-01T12:19:20.909+0000] {processor.py:830} INFO - Processing file /home/airflow/.local/lib/python3.11/site-packages/airflow/example_dags/example_xcom.py for tasks to queue
[2026-06-01T12:19:20.913+0000] {logging_mixin.py:188} INFO - [2026-06-01T12:19:20.912+0000] {dagbag.py:545} INFO - Filling up the DagBag from /home/airflow/.local/lib/python3.11/site-packages/airflow/example_dags/example_xcom.py
[2026-06-01T12:19:20.933+0000] {processor.py:840} INFO - DAG(s) 'example_xcom' retrieved from /home/airflow/.local/lib/python3.11/site-packages/airflow/example_dags/example_xcom.py
[2026-06-01T12:19:20.990+0000] {logging_mixin.py:188} INFO - [2026-06-01T12:19:20.990+0000] {dag.py:3096} INFO - Sync 1 DAGs
[2026-06-01T12:19:21.051+0000] {logging_mixin.py:188} INFO - [2026-06-01T12:19:21.050+0000] {dag.py:3954} INFO - Setting next_dagrun for example_xcom to 2021-01-01 00:00:00+00:00, run_after=2021-01-01 00:00:00+00:00
[2026-06-01T12:19:21.099+0000] {processor.py:183} INFO - Processing /home/airflow/.local/lib/python3.11/site-packages/airflow/example_dags/example_xcom.py took 0.209 seconds
[2026-06-01T12:19:54.377+0000] {processor.py:161} INFO - Started process (PID=1312) to work on /home/airflow/.local/lib/python3.11/site-packages/airflow/example_dags/example_xcom.py
[2026-06-01T12:19:54.382+0000] {processor.py:830} INFO - Processing file /home/airflow/.local/lib/python3.11/site-packages/airflow/example_dags/example_xcom.py for tasks to queue
[2026-06-01T12:19:54.387+0000] {logging_mixin.py:188} INFO - [2026-06-01T12:19:54.386+0000] {dagbag.py:545} INFO - Filling up the DagBag from /home/airflow/.local/lib/python3.11/site-packages/airflow/example_dags/example_xcom.py
[2026-06-01T12:19:54.406+0000] {processor.py:840} INFO - DAG(s) 'example_xcom' retrieved from /home/airflow/.local/lib/python3.11/site-packages/airflow/example_dags/example_xcom.py
[2026-06-01T12:19:54.450+0000] {logging_mixin.py:188} INFO - [2026-06-01T12:19:54.450+0000] {dag.py:3096} INFO - Sync 1 DAGs
[2026-06-01T12:19:54.498+0000] {logging_mixin.py:188} INFO - [2026-06-01T12:19:54.498+0000] {dag.py:3954} INFO - Setting next_dagrun for example_xcom to 2021-01-01 00:00:00+00:00, run_after=2021-01-01 00:00:00+00:00
[2026-06-01T12:19:54.552+0000] {processor.py:183} INFO - Processing /home/airflow/.local/lib/python3.11/site-packages/airflow/example_dags/example_xcom.py took 0.189 seconds
[2026-06-01T12:20:26.810+0000] {processor.py:161} INFO - Started process (PID=1380) to work on /home/airflow/.local/lib/python3.11/site-packages/airflow/example_dags/example_xcom.py
[2026-06-01T12:20:26.816+0000] {processor.py:830} INFO - Processing file /home/airflow/.local/lib/python3.11/site-packages/airflow/example_dags/example_xcom.py for tasks to queue
[2026-06-01T12:20:26.823+0000] {logging_mixin.py:188} INFO - [2026-06-01T12:20:26.822+0000] {dagbag.py:545} INFO - Filling up the DagBag from /home/airflow/.local/lib/python3.11/site-packages/airflow/example_dags/example_xcom.py
[2026-06-01T12:20:26.845+0000] {processor.py:840} INFO - DAG(s) 'example_xcom' retrieved from /home/airflow/.local/lib/python3.11/site-packages/airflow/example_dags/example_xcom.py
[2026-06-01T12:20:26.916+0000] {logging_mixin.py:188} INFO - [2026-06-01T12:20:26.916+0000] {dag.py:3096} INFO - Sync 1 DAGs
[2026-06-01T12:20:26.984+0000] {logging_mixin.py:188} INFO - [2026-06-01T12:20:26.983+0000] {dag.py:3954} INFO - Setting next_dagrun for example_xcom to 2021-01-01 00:00:00+00:00, run_after=2021-01-01 00:00:00+00:00
[2026-06-01T12:20:27.026+0000] {processor.py:183} INFO - Processing /home/airflow/.local/lib/python3.11/site-packages/airflow/example_dags/example_xcom.py took 0.249 seconds
[2026-06-01T12:20:57.403+0000] {processor.py:161} INFO - Started process (PID=1440) to work on /home/airflow/.local/lib/python3.11/site-packages/airflow/example_dags/example_xcom.py
[2026-06-01T12:20:57.406+0000] {processor.py:830} INFO - Processing file /home/airflow/.local/lib/python3.11/site-packages/airflow/example_dags/example_xcom.py for tasks to queue
[2026-06-01T12:20:57.410+0000] {logging_mixin.py:188} INFO - [2026-06-01T12:20:57.409+0000] {dagbag.py:545} INFO - Filling up the DagBag from /home/airflow/.local/lib/python3.11/site-packages/airflow/example_dags/example_xcom.py
[2026-06-01T12:20:57.428+0000] {processor.py:840} INFO - DAG(s) 'example_xcom' retrieved from /home/airflow/.local/lib/python3.11/site-packages/airflow/example_dags/example_xcom.py
[2026-06-01T12:20:57.475+0000] {logging_mixin.py:188} INFO - [2026-06-01T12:20:57.474+0000] {dag.py:3096} INFO - Sync 1 DAGs
[2026-06-01T12:20:57.531+0000] {logging_mixin.py:188} INFO - [2026-06-01T12:20:57.530+0000] {dag.py:3954} INFO - Setting next_dagrun for example_xcom to 2021-01-01 00:00:00+00:00, run_after=2021-01-01 00:00:00+00:00
[2026-06-01T12:20:57.584+0000] {processor.py:183} INFO - Processing /home/airflow/.local/lib/python3.11/site-packages/airflow/example_dags/example_xcom.py took 0.195 seconds
[2026-06-01T12:21:28.027+0000] {processor.py:161} INFO - Started process (PID=1506) to work on /home/airflow/.local/lib/python3.11/site-packages/airflow/example_dags/example_xcom.py
[2026-06-01T12:21:28.029+0000] {processor.py:830} INFO - Processing file /home/airflow/.local/lib/python3.11/site-packages/airflow/example_dags/example_xcom.py for tasks to queue
[2026-06-01T12:21:28.032+0000] {logging_mixin.py:188} INFO - [2026-06-01T12:21:28.032+0000] {dagbag.py:545} INFO - Filling up the DagBag from /home/airflow/.local/lib/python3.11/site-packages/airflow/example_dags/example_xcom.py
[2026-06-01T12:21:28.047+0000] {processor.py:840} INFO - DAG(s) 'example_xcom' retrieved from /home/airflow/.local/lib/python3.11/site-packages/airflow/example_dags/example_xcom.py
[2026-06-01T12:21:28.090+0000] {logging_mixin.py:188} INFO - [2026-06-01T12:21:28.089+0000] {dag.py:3096} INFO - Sync 1 DAGs
[2026-06-01T12:21:28.169+0000] {logging_mixin.py:188} INFO - [2026-06-01T12:21:28.169+0000] {dag.py:3954} INFO - Setting next_dagrun for example_xcom to 2021-01-01 00:00:00+00:00, run_after=2021-01-01 00:00:00+00:00
[2026-06-01T12:21:28.206+0000] {processor.py:183} INFO - Processing /home/airflow/.local/lib/python3.11/site-packages/airflow/example_dags/example_xcom.py took 0.190 seconds
[2026-06-01T12:21:58.564+0000] {processor.py:161} INFO - Started process (PID=1573) to work on /home/airflow/.local/lib/python3.11/site-packages/airflow/example_dags/example_xcom.py
[2026-06-01T12:21:58.568+0000] {processor.py:830} INFO - Processing file /home/airflow/.local/lib/python3.11/site-packages/airflow/example_dags/example_xcom.py for tasks to queue
[2026-06-01T12:21:58.573+0000] {logging_mixin.py:188} INFO - [2026-06-01T12:21:58.572+0000] {dagbag.py:545} INFO - Filling up the DagBag from /home/airflow/.local/lib/python3.11/site-packages/airflow/example_dags/example_xcom.py
[2026-06-01T12:21:58.592+0000] {processor.py:840} INFO - DAG(s) 'example_xcom' retrieved from /home/airflow/.local/lib/python3.11/site-packages/airflow/example_dags/example_xcom.py
[2026-06-01T12:21:58.636+0000] {logging_mixin.py:188} INFO - [2026-06-01T12:21:58.636+0000] {dag.py:3096} INFO - Sync 1 DAGs
[2026-06-01T12:21:58.681+0000] {logging_mixin.py:188} INFO - [2026-06-01T12:21:58.681+0000] {dag.py:3954} INFO - Setting next_dagrun for example_xcom to 2021-01-01 00:00:00+00:00, run_after=2021-01-01 00:00:00+00:00
[2026-06-01T12:21:58.731+0000] {processor.py:183} INFO - Processing /home/airflow/.local/lib/python3.11/site-packages/airflow/example_dags/example_xcom.py took 0.184 seconds
[2026-06-01T12:22:29.315+0000] {processor.py:161} INFO - Started process (PID=1642) to work on /home/airflow/.local/lib/python3.11/site-packages/airflow/example_dags/example_xcom.py
[2026-06-01T12:22:29.324+0000] {processor.py:830} INFO - Processing file /home/airflow/.local/lib/python3.11/site-packages/airflow/example_dags/example_xcom.py for tasks to queue
[2026-06-01T12:22:29.344+0000] {logging_mixin.py:188} INFO - [2026-06-01T12:22:29.343+0000] {dagbag.py:545} INFO - Filling up the DagBag from /home/airflow/.local/lib/python3.11/site-packages/airflow/example_dags/example_xcom.py
[2026-06-01T12:22:29.368+0000] {processor.py:840} INFO - DAG(s) 'example_xcom' retrieved from /home/airflow/.local/lib/python3.11/site-packages/airflow/example_dags/example_xcom.py
[2026-06-01T12:22:29.428+0000] {logging_mixin.py:188} INFO - [2026-06-01T12:22:29.427+0000] {dag.py:3096} INFO - Sync 1 DAGs
[2026-06-01T12:22:29.491+0000] {logging_mixin.py:188} INFO - [2026-06-01T12:22:29.491+0000] {dag.py:3954} INFO - Setting next_dagrun for example_xcom to 2021-01-01 00:00:00+00:00, run_after=2021-01-01 00:00:00+00:00
[2026-06-01T12:22:29.560+0000] {processor.py:183} INFO - Processing /home/airflow/.local/lib/python3.11/site-packages/airflow/example_dags/example_xcom.py took 0.281 seconds
[2026-06-01T12:23:00.408+0000] {processor.py:161} INFO - Started process (PID=1710) to work on /home/airflow/.local/lib/python3.11/site-packages/airflow/example_dags/example_xcom.py
[2026-06-01T12:23:00.416+0000] {processor.py:830} INFO - Processing file /home/airflow/.local/lib/python3.11/site-packages/airflow/example_dags/example_xcom.py for tasks to queue
[2026-06-01T12:23:00.426+0000] {logging_mixin.py:188} INFO - [2026-06-01T12:23:00.425+0000] {dagbag.py:545} INFO - Filling up the DagBag from /home/airflow/.local/lib/python3.11/site-packages/airflow/example_dags/example_xcom.py
[2026-06-01T12:23:00.443+0000] {processor.py:840} INFO - DAG(s) 'example_xcom' retrieved from /home/airflow/.local/lib/python3.11/site-packages/airflow/example_dags/example_xcom.py
[2026-06-01T12:23:00.548+0000] {logging_mixin.py:188} INFO - [2026-06-01T12:23:00.548+0000] {dag.py:3096} INFO - Sync 1 DAGs
[2026-06-01T12:23:00.730+0000] {logging_mixin.py:188} INFO - [2026-06-01T12:23:00.729+0000] {dag.py:3954} INFO - Setting next_dagrun for example_xcom to 2021-01-01 00:00:00+00:00, run_after=2021-01-01 00:00:00+00:00
[2026-06-01T12:23:00.838+0000] {processor.py:183} INFO - Processing /home/airflow/.local/lib/python3.11/site-packages/airflow/example_dags/example_xcom.py took 0.457 seconds
[2026-06-01T12:23:31.133+0000] {processor.py:161} INFO - Started process (PID=1778) to work on /home/airflow/.local/lib/python3.11/site-packages/airflow/example_dags/example_xcom.py
[2026-06-01T12:23:31.137+0000] {processor.py:830} INFO - Processing file /home/airflow/.local/lib/python3.11/site-packages/airflow/example_dags/example_xcom.py for tasks to queue
[2026-06-01T12:23:31.140+0000] {logging_mixin.py:188} INFO - [2026-06-01T12:23:31.139+0000] {dagbag.py:545} INFO - Filling up the DagBag from /home/airflow/.local/lib/python3.11/site-packages/airflow/example_dags/example_xcom.py
[2026-06-01T12:23:31.151+0000] {processor.py:840} INFO - DAG(s) 'example_xcom' retrieved from /home/airflow/.local/lib/python3.11/site-packages/airflow/example_dags/example_xcom.py
[2026-06-01T12:23:31.205+0000] {logging_mixin.py:188} INFO - [2026-06-01T12:23:31.205+0000] {dag.py:3096} INFO - Sync 1 DAGs
[2026-06-01T12:23:31.294+0000] {logging_mixin.py:188} INFO - [2026-06-01T12:23:31.293+0000] {dag.py:3954} INFO - Setting next_dagrun for example_xcom to 2021-01-01 00:00:00+00:00, run_after=2021-01-01 00:00:00+00:00
[2026-06-01T12:23:31.365+0000] {processor.py:183} INFO - Processing /home/airflow/.local/lib/python3.11/site-packages/airflow/example_dags/example_xcom.py took 0.242 seconds
[2026-06-01T12:24:02.089+0000] {processor.py:161} INFO - Started process (PID=1846) to work on /home/airflow/.local/lib/python3.11/site-packages/airflow/example_dags/example_xcom.py
[2026-06-01T12:24:02.096+0000] {processor.py:830} INFO - Processing file /home/airflow/.local/lib/python3.11/site-packages/airflow/example_dags/example_xcom.py for tasks to queue
[2026-06-01T12:24:02.105+0000] {logging_mixin.py:188} INFO - [2026-06-01T12:24:02.102+0000] {dagbag.py:545} INFO - Filling up the DagBag from /home/airflow/.local/lib/python3.11/site-packages/airflow/example_dags/example_xcom.py
[2026-06-01T12:24:02.129+0000] {processor.py:840} INFO - DAG(s) 'example_xcom' retrieved from /home/airflow/.local/lib/python3.11/site-packages/airflow/example_dags/example_xcom.py
[2026-06-01T12:24:02.198+0000] {logging_mixin.py:188} INFO - [2026-06-01T12:24:02.198+0000] {dag.py:3096} INFO - Sync 1 DAGs
[2026-06-01T12:24:02.283+0000] {logging_mixin.py:188} INFO - [2026-06-01T12:24:02.282+0000] {dag.py:3954} INFO - Setting next_dagrun for example_xcom to 2021-01-01 00:00:00+00:00, run_after=2021-01-01 00:00:00+00:00
[2026-06-01T12:24:02.374+0000] {processor.py:183} INFO - Processing /home/airflow/.local/lib/python3.11/site-packages/airflow/example_dags/example_xcom.py took 0.302 seconds
[2026-06-01T12:24:33.033+0000] {processor.py:161} INFO - Started process (PID=1915) to work on /home/airflow/.local/lib/python3.11/site-packages/airflow/example_dags/example_xcom.py
[2026-06-01T12:24:33.035+0000] {processor.py:830} INFO - Processing file /home/airflow/.local/lib/python3.11/site-packages/airflow/example_dags/example_xcom.py for tasks to queue
[2026-06-01T12:24:33.038+0000] {logging_mixin.py:188} INFO - [2026-06-01T12:24:33.038+0000] {dagbag.py:545} INFO - Filling up the DagBag from /home/airflow/.local/lib/python3.11/site-packages/airflow/example_dags/example_xcom.py
[2026-06-01T12:24:33.057+0000] {processor.py:840} INFO - DAG(s) 'example_xcom' retrieved from /home/airflow/.local/lib/python3.11/site-packages/airflow/example_dags/example_xcom.py
[2026-06-01T12:24:33.096+0000] {logging_mixin.py:188} INFO - [2026-06-01T12:24:33.096+0000] {dag.py:3096} INFO - Sync 1 DAGs
[2026-06-01T12:24:33.146+0000] {logging_mixin.py:188} INFO - [2026-06-01T12:24:33.145+0000] {dag.py:3954} INFO - Setting next_dagrun for example_xcom to 2021-01-01 00:00:00+00:00, run_after=2021-01-01 00:00:00+00:00
[2026-06-01T12:24:33.195+0000] {processor.py:183} INFO - Processing /home/airflow/.local/lib/python3.11/site-packages/airflow/example_dags/example_xcom.py took 0.178 seconds
[2026-06-01T12:25:04.060+0000] {processor.py:161} INFO - Started process (PID=1983) to work on /home/airflow/.local/lib/python3.11/site-packages/airflow/example_dags/example_xcom.py
[2026-06-01T12:25:04.066+0000] {processor.py:830} INFO - Processing file /home/airflow/.local/lib/python3.11/site-packages/airflow/example_dags/example_xcom.py for tasks to queue
[2026-06-01T12:25:04.077+0000] {logging_mixin.py:188} INFO - [2026-06-01T12:25:04.076+0000] {dagbag.py:545} INFO - Filling up the DagBag from /home/airflow/.local/lib/python3.11/site-packages/airflow/example_dags/example_xcom.py
[2026-06-01T12:25:04.093+0000] {processor.py:840} INFO - DAG(s) 'example_xcom' retrieved from /home/airflow/.local/lib/python3.11/site-packages/airflow/example_dags/example_xcom.py
[2026-06-01T12:25:04.142+0000] {logging_mixin.py:188} INFO - [2026-06-01T12:25:04.140+0000] {dag.py:3096} INFO - Sync 1 DAGs
[2026-06-01T12:25:04.193+0000] {logging_mixin.py:188} INFO - [2026-06-01T12:25:04.193+0000] {dag.py:3954} INFO - Setting next_dagrun for example_xcom to 2021-01-01 00:00:00+00:00, run_after=2021-01-01 00:00:00+00:00
[2026-06-01T12:25:04.248+0000] {processor.py:183} INFO - Processing /home/airflow/.local/lib/python3.11/site-packages/airflow/example_dags/example_xcom.py took 0.204 seconds
[2026-06-01T12:25:36.548+0000] {processor.py:161} INFO - Started process (PID=2051) to work on /home/airflow/.local/lib/python3.11/site-packages/airflow/example_dags/example_xcom.py
[2026-06-01T12:25:36.552+0000] {processor.py:830} INFO - Processing file /home/airflow/.local/lib/python3.11/site-packages/airflow/example_dags/example_xcom.py for tasks to queue
[2026-06-01T12:25:36.555+0000] {logging_mixin.py:188} INFO - [2026-06-01T12:25:36.555+0000] {dagbag.py:545} INFO - Filling up the DagBag from /home/airflow/.local/lib/python3.11/site-packages/airflow/example_dags/example_xcom.py
[2026-06-01T12:25:36.585+0000] {processor.py:840} INFO - DAG(s) 'example_xcom' retrieved from /home/airflow/.local/lib/python3.11/site-packages/airflow/example_dags/example_xcom.py
[2026-06-01T12:25:36.667+0000] {logging_mixin.py:188} INFO - [2026-06-01T12:25:36.667+0000] {dag.py:3096} INFO - Sync 1 DAGs
[2026-06-01T12:25:36.727+0000] {logging_mixin.py:188} INFO - [2026-06-01T12:25:36.727+0000] {dag.py:3954} INFO - Setting next_dagrun for example_xcom to 2021-01-01 00:00:00+00:00, run_after=2021-01-01 00:00:00+00:00
[2026-06-01T12:25:36.790+0000] {processor.py:183} INFO - Processing /home/airflow/.local/lib/python3.11/site-packages/airflow/example_dags/example_xcom.py took 0.281 seconds
[2026-06-01T12:26:06.929+0000] {processor.py:161} INFO - Started process (PID=2109) to work on /home/airflow/.local/lib/python3.11/site-packages/airflow/example_dags/example_xcom.py
[2026-06-01T12:26:06.933+0000] {processor.py:830} INFO - Processing file /home/airflow/.local/lib/python3.11/site-packages/airflow/example_dags/example_xcom.py for tasks to queue
[2026-06-01T12:26:06.941+0000] {logging_mixin.py:188} INFO - [2026-06-01T12:26:06.940+0000] {dagbag.py:545} INFO - Filling up the DagBag from /home/airflow/.local/lib/python3.11/site-packages/airflow/example_dags/example_xcom.py
[2026-06-01T12:26:06.959+0000] {processor.py:840} INFO - DAG(s) 'example_xcom' retrieved from /home/airflow/.local/lib/python3.11/site-packages/airflow/example_dags/example_xcom.py
[2026-06-01T12:26:07.038+0000] {logging_mixin.py:188} INFO - [2026-06-01T12:26:07.038+0000] {dag.py:3096} INFO - Sync 1 DAGs
[2026-06-01T12:26:07.112+0000] {logging_mixin.py:188} INFO - [2026-06-01T12:26:07.112+0000] {dag.py:3954} INFO - Setting next_dagrun for example_xcom to 2021-01-01 00:00:00+00:00, run_after=2021-01-01 00:00:00+00:00
[2026-06-01T12:26:07.160+0000] {processor.py:183} INFO - Processing /home/airflow/.local/lib/python3.11/site-packages/airflow/example_dags/example_xcom.py took 0.246 seconds
[2026-06-01T12:26:38.001+0000] {processor.py:161} INFO - Started process (PID=2176) to work on /home/airflow/.local/lib/python3.11/site-packages/airflow/example_dags/example_xcom.py
[2026-06-01T12:26:38.003+0000] {processor.py:830} INFO - Processing file /home/airflow/.local/lib/python3.11/site-packages/airflow/example_dags/example_xcom.py for tasks to queue
[2026-06-01T12:26:38.008+0000] {logging_mixin.py:188} INFO - [2026-06-01T12:26:38.007+0000] {dagbag.py:545} INFO - Filling up the DagBag from /home/airflow/.local/lib/python3.11/site-packages/airflow/example_dags/example_xcom.py
[2026-06-01T12:26:38.027+0000] {processor.py:840} INFO - DAG(s) 'example_xcom' retrieved from /home/airflow/.local/lib/python3.11/site-packages/airflow/example_dags/example_xcom.py
[2026-06-01T12:26:38.074+0000] {logging_mixin.py:188} INFO - [2026-06-01T12:26:38.074+0000] {dag.py:3096} INFO - Sync 1 DAGs
[2026-06-01T12:26:38.121+0000] {logging_mixin.py:188} INFO - [2026-06-01T12:26:38.121+0000] {dag.py:3954} INFO - Setting next_dagrun for example_xcom to 2021-01-01 00:00:00+00:00, run_after=2021-01-01 00:00:00+00:00
[2026-06-01T12:26:38.169+0000] {processor.py:183} INFO - Processing /home/airflow/.local/lib/python3.11/site-packages/airflow/example_dags/example_xcom.py took 0.182 seconds
[2026-06-01T12:27:08.932+0000] {processor.py:161} INFO - Started process (PID=2244) to work on /home/airflow/.local/lib/python3.11/site-packages/airflow/example_dags/example_xcom.py
[2026-06-01T12:27:08.938+0000] {processor.py:830} INFO - Processing file /home/airflow/.local/lib/python3.11/site-packages/airflow/example_dags/example_xcom.py for tasks to queue
[2026-06-01T12:27:08.942+0000] {logging_mixin.py:188} INFO - [2026-06-01T12:27:08.942+0000] {dagbag.py:545} INFO - Filling up the DagBag from /home/airflow/.local/lib/python3.11/site-packages/airflow/example_dags/example_xcom.py
[2026-06-01T12:27:08.964+0000] {processor.py:840} INFO - DAG(s) 'example_xcom' retrieved from /home/airflow/.local/lib/python3.11/site-packages/airflow/example_dags/example_xcom.py
[2026-06-01T12:27:09.074+0000] {logging_mixin.py:188} INFO - [2026-06-01T12:27:09.071+0000] {dag.py:3096} INFO - Sync 1 DAGs
[2026-06-01T12:27:09.133+0000] {logging_mixin.py:188} INFO - [2026-06-01T12:27:09.132+0000] {dag.py:3954} INFO - Setting next_dagrun for example_xcom to 2021-01-01 00:00:00+00:00, run_after=2021-01-01 00:00:00+00:00
[2026-06-01T12:27:09.223+0000] {processor.py:183} INFO - Processing /home/airflow/.local/lib/python3.11/site-packages/airflow/example_dags/example_xcom.py took 0.306 seconds
[2026-06-01T12:27:41.214+0000] {processor.py:161} INFO - Started process (PID=2312) to work on /home/airflow/.local/lib/python3.11/site-packages/airflow/example_dags/example_xcom.py
[2026-06-01T12:27:41.218+0000] {processor.py:830} INFO - Processing file /home/airflow/.local/lib/python3.11/site-packages/airflow/example_dags/example_xcom.py for tasks to queue
[2026-06-01T12:27:41.232+0000] {logging_mixin.py:188} INFO - [2026-06-01T12:27:41.232+0000] {dagbag.py:545} INFO - Filling up the DagBag from /home/airflow/.local/lib/python3.11/site-packages/airflow/example_dags/example_xcom.py
[2026-06-01T12:27:41.284+0000] {processor.py:840} INFO - DAG(s) 'example_xcom' retrieved from /home/airflow/.local/lib/python3.11/site-packages/airflow/example_dags/example_xcom.py
[2026-06-01T12:27:41.355+0000] {logging_mixin.py:188} INFO - [2026-06-01T12:27:41.355+0000] {dag.py:3096} INFO - Sync 1 DAGs
[2026-06-01T12:27:41.438+0000] {logging_mixin.py:188} INFO - [2026-06-01T12:27:41.438+0000] {dag.py:3954} INFO - Setting next_dagrun for example_xcom to 2021-01-01 00:00:00+00:00, run_after=2021-01-01 00:00:00+00:00
[2026-06-01T12:27:41.521+0000] {processor.py:183} INFO - Processing /home/airflow/.local/lib/python3.11/site-packages/airflow/example_dags/example_xcom.py took 0.356 seconds
[2026-06-01T12:28:11.772+0000] {processor.py:161} INFO - Started process (PID=2380) to work on /home/airflow/.local/lib/python3.11/site-packages/airflow/example_dags/example_xcom.py
[2026-06-01T12:28:11.775+0000] {processor.py:830} INFO - Processing file /home/airflow/.local/lib/python3.11/site-packages/airflow/example_dags/example_xcom.py for tasks to queue
[2026-06-01T12:28:11.785+0000] {logging_mixin.py:188} INFO - [2026-06-01T12:28:11.784+0000] {dagbag.py:545} INFO - Filling up the DagBag from /home/airflow/.local/lib/python3.11/site-packages/airflow/example_dags/example_xcom.py
[2026-06-01T12:28:11.837+0000] {processor.py:840} INFO - DAG(s) 'example_xcom' retrieved from /home/airflow/.local/lib/python3.11/site-packages/airflow/example_dags/example_xcom.py
[2026-06-01T12:28:11.900+0000] {logging_mixin.py:188} INFO - [2026-06-01T12:28:11.900+0000] {dag.py:3096} INFO - Sync 1 DAGs
[2026-06-01T12:28:11.972+0000] {logging_mixin.py:188} INFO - [2026-06-01T12:28:11.971+0000] {dag.py:3954} INFO - Setting next_dagrun for example_xcom to 2021-01-01 00:00:00+00:00, run_after=2021-01-01 00:00:00+00:00
[2026-06-01T12:28:12.047+0000] {processor.py:183} INFO - Processing /home/airflow/.local/lib/python3.11/site-packages/airflow/example_dags/example_xcom.py took 0.297 seconds
[2026-06-01T12:28:42.335+0000] {processor.py:161} INFO - Started process (PID=2448) to work on /home/airflow/.local/lib/python3.11/site-packages/airflow/example_dags/example_xcom.py
[2026-06-01T12:28:42.337+0000] {processor.py:830} INFO - Processing file /home/airflow/.local/lib/python3.11/site-packages/airflow/example_dags/example_xcom.py for tasks to queue
[2026-06-01T12:28:42.342+0000] {logging_mixin.py:188} INFO - [2026-06-01T12:28:42.342+0000] {dagbag.py:545} INFO - Filling up the DagBag from /home/airflow/.local/lib/python3.11/site-packages/airflow/example_dags/example_xcom.py
[2026-06-01T12:28:42.368+0000] {processor.py:840} INFO - DAG(s) 'example_xcom' retrieved from /home/airflow/.local/lib/python3.11/site-packages/airflow/example_dags/example_xcom.py
[2026-06-01T12:28:42.428+0000] {logging_mixin.py:188} INFO - [2026-06-01T12:28:42.427+0000] {dag.py:3096} INFO - Sync 1 DAGs
[2026-06-01T12:28:42.530+0000] {logging_mixin.py:188} INFO - [2026-06-01T12:28:42.525+0000] {dag.py:3954} INFO - Setting next_dagrun for example_xcom to 2021-01-01 00:00:00+00:00, run_after=2021-01-01 00:00:00+00:00
[2026-06-01T12:28:42.595+0000] {processor.py:183} INFO - Processing /home/airflow/.local/lib/python3.11/site-packages/airflow/example_dags/example_xcom.py took 0.273 seconds
[2026-06-01T12:29:13.154+0000] {processor.py:161} INFO - Started process (PID=2518) to work on /home/airflow/.local/lib/python3.11/site-packages/airflow/example_dags/example_xcom.py
[2026-06-01T12:29:13.164+0000] {processor.py:830} INFO - Processing file /home/airflow/.local/lib/python3.11/site-packages/airflow/example_dags/example_xcom.py for tasks to queue
[2026-06-01T12:29:13.173+0000] {logging_mixin.py:188} INFO - [2026-06-01T12:29:13.172+0000] {dagbag.py:545} INFO - Filling up the DagBag from /home/airflow/.local/lib/python3.11/site-packages/airflow/example_dags/example_xcom.py
[2026-06-01T12:29:13.186+0000] {processor.py:840} INFO - DAG(s) 'example_xcom' retrieved from /home/airflow/.local/lib/python3.11/site-packages/airflow/example_dags/example_xcom.py
[2026-06-01T12:29:13.226+0000] {logging_mixin.py:188} INFO - [2026-06-01T12:29:13.225+0000] {dag.py:3096} INFO - Sync 1 DAGs
[2026-06-01T12:29:13.256+0000] {logging_mixin.py:188} INFO - [2026-06-01T12:29:13.256+0000] {dag.py:3954} INFO - Setting next_dagrun for example_xcom to 2021-01-01 00:00:00+00:00, run_after=2021-01-01 00:00:00+00:00
[2026-06-01T12:29:13.298+0000] {processor.py:183} INFO - Processing /home/airflow/.local/lib/python3.11/site-packages/airflow/example_dags/example_xcom.py took 0.153 seconds
[2026-06-01T12:29:45.539+0000] {processor.py:161} INFO - Started process (PID=2586) to work on /home/airflow/.local/lib/python3.11/site-packages/airflow/example_dags/example_xcom.py
[2026-06-01T12:29:45.543+0000] {processor.py:830} INFO - Processing file /home/airflow/.local/lib/python3.11/site-packages/airflow/example_dags/example_xcom.py for tasks to queue
[2026-06-01T12:29:45.549+0000] {logging_mixin.py:188} INFO - [2026-06-01T12:29:45.549+0000] {dagbag.py:545} INFO - Filling up the DagBag from /home/airflow/.local/lib/python3.11/site-packages/airflow/example_dags/example_xcom.py
[2026-06-01T12:29:45.583+0000] {processor.py:840} INFO - DAG(s) 'example_xcom' retrieved from /home/airflow/.local/lib/python3.11/site-packages/airflow/example_dags/example_xcom.py
[2026-06-01T12:29:45.631+0000] {logging_mixin.py:188} INFO - [2026-06-01T12:29:45.631+0000] {dag.py:3096} INFO - Sync 1 DAGs
[2026-06-01T12:29:45.698+0000] {logging_mixin.py:188} INFO - [2026-06-01T12:29:45.697+0000] {dag.py:3954} INFO - Setting next_dagrun for example_xcom to 2021-01-01 00:00:00+00:00, run_after=2021-01-01 00:00:00+00:00
[2026-06-01T12:29:45.743+0000] {processor.py:183} INFO - Processing /home/airflow/.local/lib/python3.11/site-packages/airflow/example_dags/example_xcom.py took 0.229 seconds
[2026-06-01T12:30:18.204+0000] {processor.py:161} INFO - Started process (PID=2647) to work on /home/airflow/.local/lib/python3.11/site-packages/airflow/example_dags/example_xcom.py
[2026-06-01T12:30:18.209+0000] {processor.py:830} INFO - Processing file /home/airflow/.local/lib/python3.11/site-packages/airflow/example_dags/example_xcom.py for tasks to queue
[2026-06-01T12:30:18.214+0000] {logging_mixin.py:188} INFO - [2026-06-01T12:30:18.213+0000] {dagbag.py:545} INFO - Filling up the DagBag from /home/airflow/.local/lib/python3.11/site-packages/airflow/example_dags/example_xcom.py
[2026-06-01T12:30:18.242+0000] {processor.py:840} INFO - DAG(s) 'example_xcom' retrieved from /home/airflow/.local/lib/python3.11/site-packages/airflow/example_dags/example_xcom.py
[2026-06-01T12:30:18.306+0000] {logging_mixin.py:188} INFO - [2026-06-01T12:30:18.305+0000] {dag.py:3096} INFO - Sync 1 DAGs
[2026-06-01T12:30:18.402+0000] {logging_mixin.py:188} INFO - [2026-06-01T12:30:18.402+0000] {dag.py:3954} INFO - Setting next_dagrun for example_xcom to 2021-01-01 00:00:00+00:00, run_after=2021-01-01 00:00:00+00:00
[2026-06-01T12:30:18.498+0000] {processor.py:183} INFO - Processing /home/airflow/.local/lib/python3.11/site-packages/airflow/example_dags/example_xcom.py took 0.328 seconds
[2026-06-01T12:30:49.399+0000] {processor.py:161} INFO - Started process (PID=2711) to work on /home/airflow/.local/lib/python3.11/site-packages/airflow/example_dags/example_xcom.py
[2026-06-01T12:30:49.405+0000] {processor.py:830} INFO - Processing file /home/airflow/.local/lib/python3.11/site-packages/airflow/example_dags/example_xcom.py for tasks to queue
[2026-06-01T12:30:49.407+0000] {logging_mixin.py:188} INFO - [2026-06-01T12:30:49.407+0000] {dagbag.py:545} INFO - Filling up the DagBag from /home/airflow/.local/lib/python3.11/site-packages/airflow/example_dags/example_xcom.py
[2026-06-01T12:30:49.425+0000] {processor.py:840} INFO - DAG(s) 'example_xcom' retrieved from /home/airflow/.local/lib/python3.11/site-packages/airflow/example_dags/example_xcom.py
[2026-06-01T12:30:49.476+0000] {logging_mixin.py:188} INFO - [2026-06-01T12:30:49.475+0000] {dag.py:3096} INFO - Sync 1 DAGs
[2026-06-01T12:30:49.506+0000] {logging_mixin.py:188} INFO - [2026-06-01T12:30:49.506+0000] {dag.py:3954} INFO - Setting next_dagrun for example_xcom to 2021-01-01 00:00:00+00:00, run_after=2021-01-01 00:00:00+00:00
[2026-06-01T12:30:49.549+0000] {processor.py:183} INFO - Processing /home/airflow/.local/lib/python3.11/site-packages/airflow/example_dags/example_xcom.py took 0.164 seconds
[2026-06-01T12:31:19.990+0000] {processor.py:161} INFO - Started process (PID=2779) to work on /home/airflow/.local/lib/python3.11/site-packages/airflow/example_dags/example_xcom.py
[2026-06-01T12:31:19.992+0000] {processor.py:830} INFO - Processing file /home/airflow/.local/lib/python3.11/site-packages/airflow/example_dags/example_xcom.py for tasks to queue
[2026-06-01T12:31:19.998+0000] {logging_mixin.py:188} INFO - [2026-06-01T12:31:19.998+0000] {dagbag.py:545} INFO - Filling up the DagBag from /home/airflow/.local/lib/python3.11/site-packages/airflow/example_dags/example_xcom.py
[2026-06-01T12:31:20.016+0000] {processor.py:840} INFO - DAG(s) 'example_xcom' retrieved from /home/airflow/.local/lib/python3.11/site-packages/airflow/example_dags/example_xcom.py
[2026-06-01T12:31:20.085+0000] {logging_mixin.py:188} INFO - [2026-06-01T12:31:20.085+0000] {dag.py:3096} INFO - Sync 1 DAGs
[2026-06-01T12:31:20.131+0000] {logging_mixin.py:188} INFO - [2026-06-01T12:31:20.130+0000] {dag.py:3954} INFO - Setting next_dagrun for example_xcom to 2021-01-01 00:00:00+00:00, run_after=2021-01-01 00:00:00+00:00
[2026-06-01T12:31:20.175+0000] {processor.py:183} INFO - Processing /home/airflow/.local/lib/python3.11/site-packages/airflow/example_dags/example_xcom.py took 0.195 seconds
[2026-06-01T12:33:11.472+0000] {processor.py:161} INFO - Started process (PID=460) to work on /home/airflow/.local/lib/python3.11/site-packages/airflow/example_dags/example_xcom.py
[2026-06-01T12:33:11.474+0000] {processor.py:830} INFO - Processing file /home/airflow/.local/lib/python3.11/site-packages/airflow/example_dags/example_xcom.py for tasks to queue
[2026-06-01T12:33:11.481+0000] {logging_mixin.py:188} INFO - [2026-06-01T12:33:11.480+0000] {dagbag.py:545} INFO - Filling up the DagBag from /home/airflow/.local/lib/python3.11/site-packages/airflow/example_dags/example_xcom.py
[2026-06-01T12:33:11.503+0000] {processor.py:840} INFO - DAG(s) 'example_xcom' retrieved from /home/airflow/.local/lib/python3.11/site-packages/airflow/example_dags/example_xcom.py
[2026-06-01T12:33:12.145+0000] {logging_mixin.py:188} INFO - [2026-06-01T12:33:12.140+0000] {dag.py:3096} INFO - Sync 1 DAGs
[2026-06-01T12:33:12.203+0000] {logging_mixin.py:188} INFO - [2026-06-01T12:33:12.203+0000] {dag.py:3954} INFO - Setting next_dagrun for example_xcom to 2021-01-01 00:00:00+00:00, run_after=2021-01-01 00:00:00+00:00
[2026-06-01T12:33:12.299+0000] {processor.py:183} INFO - Processing /home/airflow/.local/lib/python3.11/site-packages/airflow/example_dags/example_xcom.py took 0.850 seconds
[2026-06-01T12:33:47.035+0000] {processor.py:161} INFO - Started process (PID=736) to work on /home/airflow/.local/lib/python3.11/site-packages/airflow/example_dags/example_xcom.py
[2026-06-01T12:33:47.039+0000] {processor.py:830} INFO - Processing file /home/airflow/.local/lib/python3.11/site-packages/airflow/example_dags/example_xcom.py for tasks to queue
[2026-06-01T12:33:47.050+0000] {logging_mixin.py:188} INFO - [2026-06-01T12:33:47.049+0000] {dagbag.py:545} INFO - Filling up the DagBag from /home/airflow/.local/lib/python3.11/site-packages/airflow/example_dags/example_xcom.py
[2026-06-01T12:33:47.094+0000] {processor.py:840} INFO - DAG(s) 'example_xcom' retrieved from /home/airflow/.local/lib/python3.11/site-packages/airflow/example_dags/example_xcom.py
[2026-06-01T12:33:47.152+0000] {logging_mixin.py:188} INFO - [2026-06-01T12:33:47.152+0000] {dag.py:3096} INFO - Sync 1 DAGs
[2026-06-01T12:33:47.206+0000] {logging_mixin.py:188} INFO - [2026-06-01T12:33:47.205+0000] {dag.py:3954} INFO - Setting next_dagrun for example_xcom to 2021-01-01 00:00:00+00:00, run_after=2021-01-01 00:00:00+00:00
[2026-06-01T12:33:47.249+0000] {processor.py:183} INFO - Processing /home/airflow/.local/lib/python3.11/site-packages/airflow/example_dags/example_xcom.py took 0.230 seconds
[2026-06-01T12:34:17.588+0000] {processor.py:161} INFO - Started process (PID=1012) to work on /home/airflow/.local/lib/python3.11/site-packages/airflow/example_dags/example_xcom.py
[2026-06-01T12:34:17.591+0000] {processor.py:830} INFO - Processing file /home/airflow/.local/lib/python3.11/site-packages/airflow/example_dags/example_xcom.py for tasks to queue
[2026-06-01T12:34:17.595+0000] {logging_mixin.py:188} INFO - [2026-06-01T12:34:17.595+0000] {dagbag.py:545} INFO - Filling up the DagBag from /home/airflow/.local/lib/python3.11/site-packages/airflow/example_dags/example_xcom.py
[2026-06-01T12:34:17.615+0000] {processor.py:840} INFO - DAG(s) 'example_xcom' retrieved from /home/airflow/.local/lib/python3.11/site-packages/airflow/example_dags/example_xcom.py
[2026-06-01T12:34:17.662+0000] {logging_mixin.py:188} INFO - [2026-06-01T12:34:17.662+0000] {dag.py:3096} INFO - Sync 1 DAGs
[2026-06-01T12:34:17.707+0000] {logging_mixin.py:188} INFO - [2026-06-01T12:34:17.707+0000] {dag.py:3954} INFO - Setting next_dagrun for example_xcom to 2021-01-01 00:00:00+00:00, run_after=2021-01-01 00:00:00+00:00
[2026-06-01T12:34:17.755+0000] {processor.py:183} INFO - Processing /home/airflow/.local/lib/python3.11/site-packages/airflow/example_dags/example_xcom.py took 0.181 seconds
[2026-06-01T12:34:50.220+0000] {processor.py:161} INFO - Started process (PID=1288) to work on /home/airflow/.local/lib/python3.11/site-packages/airflow/example_dags/example_xcom.py
[2026-06-01T12:34:50.227+0000] {processor.py:830} INFO - Processing file /home/airflow/.local/lib/python3.11/site-packages/airflow/example_dags/example_xcom.py for tasks to queue
[2026-06-01T12:34:50.236+0000] {logging_mixin.py:188} INFO - [2026-06-01T12:34:50.235+0000] {dagbag.py:545} INFO - Filling up the DagBag from /home/airflow/.local/lib/python3.11/site-packages/airflow/example_dags/example_xcom.py
[2026-06-01T12:34:50.275+0000] {processor.py:840} INFO - DAG(s) 'example_xcom' retrieved from /home/airflow/.local/lib/python3.11/site-packages/airflow/example_dags/example_xcom.py
[2026-06-01T12:34:50.347+0000] {logging_mixin.py:188} INFO - [2026-06-01T12:34:50.347+0000] {dag.py:3096} INFO - Sync 1 DAGs
[2026-06-01T12:34:50.446+0000] {logging_mixin.py:188} INFO - [2026-06-01T12:34:50.444+0000] {dag.py:3954} INFO - Setting next_dagrun for example_xcom to 2021-01-01 00:00:00+00:00, run_after=2021-01-01 00:00:00+00:00
[2026-06-01T12:34:50.529+0000] {processor.py:183} INFO - Processing /home/airflow/.local/lib/python3.11/site-packages/airflow/example_dags/example_xcom.py took 0.333 seconds
[2026-06-01T12:35:22.838+0000] {processor.py:161} INFO - Started process (PID=1564) to work on /home/airflow/.local/lib/python3.11/site-packages/airflow/example_dags/example_xcom.py
[2026-06-01T12:35:22.840+0000] {processor.py:830} INFO - Processing file /home/airflow/.local/lib/python3.11/site-packages/airflow/example_dags/example_xcom.py for tasks to queue
[2026-06-01T12:35:22.847+0000] {logging_mixin.py:188} INFO - [2026-06-01T12:35:22.846+0000] {dagbag.py:545} INFO - Filling up the DagBag from /home/airflow/.local/lib/python3.11/site-packages/airflow/example_dags/example_xcom.py
[2026-06-01T12:35:22.870+0000] {processor.py:840} INFO - DAG(s) 'example_xcom' retrieved from /home/airflow/.local/lib/python3.11/site-packages/airflow/example_dags/example_xcom.py
[2026-06-01T12:35:22.926+0000] {logging_mixin.py:188} INFO - [2026-06-01T12:35:22.926+0000] {dag.py:3096} INFO - Sync 1 DAGs
[2026-06-01T12:35:22.981+0000] {logging_mixin.py:188} INFO - [2026-06-01T12:35:22.981+0000] {dag.py:3954} INFO - Setting next_dagrun for example_xcom to 2021-01-01 00:00:00+00:00, run_after=2021-01-01 00:00:00+00:00
[2026-06-01T12:35:23.035+0000] {processor.py:183} INFO - Processing /home/airflow/.local/lib/python3.11/site-packages/airflow/example_dags/example_xcom.py took 0.211 seconds
[2026-06-01T12:35:53.522+0000] {processor.py:161} INFO - Started process (PID=1826) to work on /home/airflow/.local/lib/python3.11/site-packages/airflow/example_dags/example_xcom.py
[2026-06-01T12:35:53.524+0000] {processor.py:830} INFO - Processing file /home/airflow/.local/lib/python3.11/site-packages/airflow/example_dags/example_xcom.py for tasks to queue
[2026-06-01T12:35:53.528+0000] {logging_mixin.py:188} INFO - [2026-06-01T12:35:53.528+0000] {dagbag.py:545} INFO - Filling up the DagBag from /home/airflow/.local/lib/python3.11/site-packages/airflow/example_dags/example_xcom.py
[2026-06-01T12:35:53.615+0000] {processor.py:840} INFO - DAG(s) 'example_xcom' retrieved from /home/airflow/.local/lib/python3.11/site-packages/airflow/example_dags/example_xcom.py
[2026-06-01T12:35:53.950+0000] {logging_mixin.py:188} INFO - [2026-06-01T12:35:53.949+0000] {dag.py:3096} INFO - Sync 1 DAGs
[2026-06-01T12:35:54.079+0000] {logging_mixin.py:188} INFO - [2026-06-01T12:35:54.078+0000] {dag.py:3954} INFO - Setting next_dagrun for example_xcom to 2021-01-01 00:00:00+00:00, run_after=2021-01-01 00:00:00+00:00
[2026-06-01T12:35:54.185+0000] {processor.py:183} INFO - Processing /home/airflow/.local/lib/python3.11/site-packages/airflow/example_dags/example_xcom.py took 0.697 seconds
[2026-06-01T12:36:24.743+0000] {processor.py:161} INFO - Started process (PID=2130) to work on /home/airflow/.local/lib/python3.11/site-packages/airflow/example_dags/example_xcom.py
[2026-06-01T12:36:24.745+0000] {processor.py:830} INFO - Processing file /home/airflow/.local/lib/python3.11/site-packages/airflow/example_dags/example_xcom.py for tasks to queue
[2026-06-01T12:36:24.749+0000] {logging_mixin.py:188} INFO - [2026-06-01T12:36:24.749+0000] {dagbag.py:545} INFO - Filling up the DagBag from /home/airflow/.local/lib/python3.11/site-packages/airflow/example_dags/example_xcom.py
[2026-06-01T12:36:24.766+0000] {processor.py:840} INFO - DAG(s) 'example_xcom' retrieved from /home/airflow/.local/lib/python3.11/site-packages/airflow/example_dags/example_xcom.py
[2026-06-01T12:36:24.808+0000] {logging_mixin.py:188} INFO - [2026-06-01T12:36:24.808+0000] {dag.py:3096} INFO - Sync 1 DAGs
[2026-06-01T12:36:24.857+0000] {logging_mixin.py:188} INFO - [2026-06-01T12:36:24.856+0000] {dag.py:3954} INFO - Setting next_dagrun for example_xcom to 2021-01-01 00:00:00+00:00, run_after=2021-01-01 00:00:00+00:00
[2026-06-01T12:36:24.891+0000] {processor.py:183} INFO - Processing /home/airflow/.local/lib/python3.11/site-packages/airflow/example_dags/example_xcom.py took 0.162 seconds
[2026-06-01T12:36:55.439+0000] {processor.py:161} INFO - Started process (PID=2406) to work on /home/airflow/.local/lib/python3.11/site-packages/airflow/example_dags/example_xcom.py
[2026-06-01T12:36:55.441+0000] {processor.py:830} INFO - Processing file /home/airflow/.local/lib/python3.11/site-packages/airflow/example_dags/example_xcom.py for tasks to queue
[2026-06-01T12:36:55.444+0000] {logging_mixin.py:188} INFO - [2026-06-01T12:36:55.444+0000] {dagbag.py:545} INFO - Filling up the DagBag from /home/airflow/.local/lib/python3.11/site-packages/airflow/example_dags/example_xcom.py
[2026-06-01T12:36:55.459+0000] {processor.py:840} INFO - DAG(s) 'example_xcom' retrieved from /home/airflow/.local/lib/python3.11/site-packages/airflow/example_dags/example_xcom.py
[2026-06-01T12:36:55.504+0000] {logging_mixin.py:188} INFO - [2026-06-01T12:36:55.503+0000] {dag.py:3096} INFO - Sync 1 DAGs
[2026-06-01T12:36:55.542+0000] {logging_mixin.py:188} INFO - [2026-06-01T12:36:55.542+0000] {dag.py:3954} INFO - Setting next_dagrun for example_xcom to 2021-01-01 00:00:00+00:00, run_after=2021-01-01 00:00:00+00:00
[2026-06-01T12:36:55.578+0000] {processor.py:183} INFO - Processing /home/airflow/.local/lib/python3.11/site-packages/airflow/example_dags/example_xcom.py took 0.150 seconds
[2026-06-01T12:37:25.835+0000] {processor.py:161} INFO - Started process (PID=2683) to work on /home/airflow/.local/lib/python3.11/site-packages/airflow/example_dags/example_xcom.py
[2026-06-01T12:37:25.839+0000] {processor.py:830} INFO - Processing file /home/airflow/.local/lib/python3.11/site-packages/airflow/example_dags/example_xcom.py for tasks to queue
[2026-06-01T12:37:25.844+0000] {logging_mixin.py:188} INFO - [2026-06-01T12:37:25.844+0000] {dagbag.py:545} INFO - Filling up the DagBag from /home/airflow/.local/lib/python3.11/site-packages/airflow/example_dags/example_xcom.py
[2026-06-01T12:37:25.862+0000] {processor.py:840} INFO - DAG(s) 'example_xcom' retrieved from /home/airflow/.local/lib/python3.11/site-packages/airflow/example_dags/example_xcom.py
[2026-06-01T12:37:25.966+0000] {logging_mixin.py:188} INFO - [2026-06-01T12:37:25.965+0000] {dag.py:3096} INFO - Sync 1 DAGs
[2026-06-01T12:37:26.027+0000] {logging_mixin.py:188} INFO - [2026-06-01T12:37:26.026+0000] {dag.py:3954} INFO - Setting next_dagrun for example_xcom to 2021-01-01 00:00:00+00:00, run_after=2021-01-01 00:00:00+00:00
[2026-06-01T12:37:26.078+0000] {processor.py:183} INFO - Processing /home/airflow/.local/lib/python3.11/site-packages/airflow/example_dags/example_xcom.py took 0.256 seconds
[2026-06-01T12:37:56.516+0000] {processor.py:161} INFO - Started process (PID=2959) to work on /home/airflow/.local/lib/python3.11/site-packages/airflow/example_dags/example_xcom.py
[2026-06-01T12:37:56.518+0000] {processor.py:830} INFO - Processing file /home/airflow/.local/lib/python3.11/site-packages/airflow/example_dags/example_xcom.py for tasks to queue
[2026-06-01T12:37:56.522+0000] {logging_mixin.py:188} INFO - [2026-06-01T12:37:56.522+0000] {dagbag.py:545} INFO - Filling up the DagBag from /home/airflow/.local/lib/python3.11/site-packages/airflow/example_dags/example_xcom.py
[2026-06-01T12:37:56.537+0000] {processor.py:840} INFO - DAG(s) 'example_xcom' retrieved from /home/airflow/.local/lib/python3.11/site-packages/airflow/example_dags/example_xcom.py
[2026-06-01T12:37:56.578+0000] {logging_mixin.py:188} INFO - [2026-06-01T12:37:56.578+0000] {dag.py:3096} INFO - Sync 1 DAGs
[2026-06-01T12:37:56.620+0000] {logging_mixin.py:188} INFO - [2026-06-01T12:37:56.620+0000] {dag.py:3954} INFO - Setting next_dagrun for example_xcom to 2021-01-01 00:00:00+00:00, run_after=2021-01-01 00:00:00+00:00
[2026-06-01T12:37:56.663+0000] {processor.py:183} INFO - Processing /home/airflow/.local/lib/python3.11/site-packages/airflow/example_dags/example_xcom.py took 0.160 seconds
[2026-06-01T12:38:27.056+0000] {processor.py:161} INFO - Started process (PID=3235) to work on /home/airflow/.local/lib/python3.11/site-packages/airflow/example_dags/example_xcom.py
[2026-06-01T12:38:27.058+0000] {processor.py:830} INFO - Processing file /home/airflow/.local/lib/python3.11/site-packages/airflow/example_dags/example_xcom.py for tasks to queue
[2026-06-01T12:38:27.063+0000] {logging_mixin.py:188} INFO - [2026-06-01T12:38:27.062+0000] {dagbag.py:545} INFO - Filling up the DagBag from /home/airflow/.local/lib/python3.11/site-packages/airflow/example_dags/example_xcom.py
[2026-06-01T12:38:27.078+0000] {processor.py:840} INFO - DAG(s) 'example_xcom' retrieved from /home/airflow/.local/lib/python3.11/site-packages/airflow/example_dags/example_xcom.py
[2026-06-01T12:38:27.122+0000] {logging_mixin.py:188} INFO - [2026-06-01T12:38:27.122+0000] {dag.py:3096} INFO - Sync 1 DAGs
[2026-06-01T12:38:27.163+0000] {logging_mixin.py:188} INFO - [2026-06-01T12:38:27.162+0000] {dag.py:3954} INFO - Setting next_dagrun for example_xcom to 2021-01-01 00:00:00+00:00, run_after=2021-01-01 00:00:00+00:00
[2026-06-01T12:38:27.197+0000] {processor.py:183} INFO - Processing /home/airflow/.local/lib/python3.11/site-packages/airflow/example_dags/example_xcom.py took 0.155 seconds
[2026-06-01T12:38:57.287+0000] {processor.py:161} INFO - Started process (PID=3511) to work on /home/airflow/.local/lib/python3.11/site-packages/airflow/example_dags/example_xcom.py
[2026-06-01T12:38:57.289+0000] {processor.py:830} INFO - Processing file /home/airflow/.local/lib/python3.11/site-packages/airflow/example_dags/example_xcom.py for tasks to queue
[2026-06-01T12:38:57.293+0000] {logging_mixin.py:188} INFO - [2026-06-01T12:38:57.292+0000] {dagbag.py:545} INFO - Filling up the DagBag from /home/airflow/.local/lib/python3.11/site-packages/airflow/example_dags/example_xcom.py
[2026-06-01T12:38:57.306+0000] {processor.py:840} INFO - DAG(s) 'example_xcom' retrieved from /home/airflow/.local/lib/python3.11/site-packages/airflow/example_dags/example_xcom.py
[2026-06-01T12:38:57.346+0000] {logging_mixin.py:188} INFO - [2026-06-01T12:38:57.345+0000] {dag.py:3096} INFO - Sync 1 DAGs
[2026-06-01T12:38:57.385+0000] {logging_mixin.py:188} INFO - [2026-06-01T12:38:57.384+0000] {dag.py:3954} INFO - Setting next_dagrun for example_xcom to 2021-01-01 00:00:00+00:00, run_after=2021-01-01 00:00:00+00:00
[2026-06-01T12:38:57.418+0000] {processor.py:183} INFO - Processing /home/airflow/.local/lib/python3.11/site-packages/airflow/example_dags/example_xcom.py took 0.142 seconds
[2026-06-01T12:39:27.666+0000] {processor.py:161} INFO - Started process (PID=3787) to work on /home/airflow/.local/lib/python3.11/site-packages/airflow/example_dags/example_xcom.py
[2026-06-01T12:39:27.668+0000] {processor.py:830} INFO - Processing file /home/airflow/.local/lib/python3.11/site-packages/airflow/example_dags/example_xcom.py for tasks to queue
[2026-06-01T12:39:27.672+0000] {logging_mixin.py:188} INFO - [2026-06-01T12:39:27.671+0000] {dagbag.py:545} INFO - Filling up the DagBag from /home/airflow/.local/lib/python3.11/site-packages/airflow/example_dags/example_xcom.py
[2026-06-01T12:39:27.690+0000] {processor.py:840} INFO - DAG(s) 'example_xcom' retrieved from /home/airflow/.local/lib/python3.11/site-packages/airflow/example_dags/example_xcom.py
[2026-06-01T12:39:27.733+0000] {logging_mixin.py:188} INFO - [2026-06-01T12:39:27.732+0000] {dag.py:3096} INFO - Sync 1 DAGs
[2026-06-01T12:39:27.777+0000] {logging_mixin.py:188} INFO - [2026-06-01T12:39:27.776+0000] {dag.py:3954} INFO - Setting next_dagrun for example_xcom to 2021-01-01 00:00:00+00:00, run_after=2021-01-01 00:00:00+00:00
[2026-06-01T12:39:27.813+0000] {processor.py:183} INFO - Processing /home/airflow/.local/lib/python3.11/site-packages/airflow/example_dags/example_xcom.py took 0.162 seconds
[2026-06-01T12:40:06.240+0000] {processor.py:161} INFO - Started process (PID=4126) to work on /home/airflow/.local/lib/python3.11/site-packages/airflow/example_dags/example_xcom.py
[2026-06-01T12:40:06.250+0000] {processor.py:830} INFO - Processing file /home/airflow/.local/lib/python3.11/site-packages/airflow/example_dags/example_xcom.py for tasks to queue
[2026-06-01T12:40:06.261+0000] {logging_mixin.py:188} INFO - [2026-06-01T12:40:06.261+0000] {dagbag.py:545} INFO - Filling up the DagBag from /home/airflow/.local/lib/python3.11/site-packages/airflow/example_dags/example_xcom.py
[2026-06-01T12:40:06.297+0000] {processor.py:840} INFO - DAG(s) 'example_xcom' retrieved from /home/airflow/.local/lib/python3.11/site-packages/airflow/example_dags/example_xcom.py
[2026-06-01T12:40:06.362+0000] {logging_mixin.py:188} INFO - [2026-06-01T12:40:06.361+0000] {dag.py:3096} INFO - Sync 1 DAGs
[2026-06-01T12:40:06.514+0000] {logging_mixin.py:188} INFO - [2026-06-01T12:40:06.513+0000] {dag.py:3954} INFO - Setting next_dagrun for example_xcom to 2021-01-01 00:00:00+00:00, run_after=2021-01-01 00:00:00+00:00
[2026-06-01T12:40:06.609+0000] {processor.py:183} INFO - Processing /home/airflow/.local/lib/python3.11/site-packages/airflow/example_dags/example_xcom.py took 0.396 seconds
[2026-06-01T12:40:39.093+0000] {processor.py:161} INFO - Started process (PID=4394) to work on /home/airflow/.local/lib/python3.11/site-packages/airflow/example_dags/example_xcom.py
[2026-06-01T12:40:39.107+0000] {processor.py:830} INFO - Processing file /home/airflow/.local/lib/python3.11/site-packages/airflow/example_dags/example_xcom.py for tasks to queue
[2026-06-01T12:40:39.131+0000] {logging_mixin.py:188} INFO - [2026-06-01T12:40:39.130+0000] {dagbag.py:545} INFO - Filling up the DagBag from /home/airflow/.local/lib/python3.11/site-packages/airflow/example_dags/example_xcom.py
[2026-06-01T12:40:39.192+0000] {processor.py:840} INFO - DAG(s) 'example_xcom' retrieved from /home/airflow/.local/lib/python3.11/site-packages/airflow/example_dags/example_xcom.py
[2026-06-01T12:40:39.256+0000] {logging_mixin.py:188} INFO - [2026-06-01T12:40:39.256+0000] {dag.py:3096} INFO - Sync 1 DAGs
[2026-06-01T12:40:39.512+0000] {logging_mixin.py:188} INFO - [2026-06-01T12:40:39.512+0000] {dag.py:3954} INFO - Setting next_dagrun for example_xcom to 2021-01-01 00:00:00+00:00, run_after=2021-01-01 00:00:00+00:00
[2026-06-01T12:40:39.748+0000] {processor.py:183} INFO - Processing /home/airflow/.local/lib/python3.11/site-packages/airflow/example_dags/example_xcom.py took 0.718 seconds
[2026-06-01T12:41:10.244+0000] {processor.py:161} INFO - Started process (PID=4664) to work on /home/airflow/.local/lib/python3.11/site-packages/airflow/example_dags/example_xcom.py
[2026-06-01T12:41:10.265+0000] {processor.py:830} INFO - Processing file /home/airflow/.local/lib/python3.11/site-packages/airflow/example_dags/example_xcom.py for tasks to queue
[2026-06-01T12:41:10.288+0000] {logging_mixin.py:188} INFO - [2026-06-01T12:41:10.288+0000] {dagbag.py:545} INFO - Filling up the DagBag from /home/airflow/.local/lib/python3.11/site-packages/airflow/example_dags/example_xcom.py
[2026-06-01T12:41:10.436+0000] {processor.py:840} INFO - DAG(s) 'example_xcom' retrieved from /home/airflow/.local/lib/python3.11/site-packages/airflow/example_dags/example_xcom.py
[2026-06-01T12:41:10.531+0000] {logging_mixin.py:188} INFO - [2026-06-01T12:41:10.531+0000] {dag.py:3096} INFO - Sync 1 DAGs
[2026-06-01T12:41:10.784+0000] {logging_mixin.py:188} INFO - [2026-06-01T12:41:10.766+0000] {dag.py:3954} INFO - Setting next_dagrun for example_xcom to 2021-01-01 00:00:00+00:00, run_after=2021-01-01 00:00:00+00:00
[2026-06-01T12:41:11.054+0000] {processor.py:183} INFO - Processing /home/airflow/.local/lib/python3.11/site-packages/airflow/example_dags/example_xcom.py took 0.864 seconds
[2026-06-01T12:41:51.852+0000] {processor.py:161} INFO - Started process (PID=4950) to work on /home/airflow/.local/lib/python3.11/site-packages/airflow/example_dags/example_xcom.py
[2026-06-01T12:41:51.881+0000] {processor.py:830} INFO - Processing file /home/airflow/.local/lib/python3.11/site-packages/airflow/example_dags/example_xcom.py for tasks to queue
[2026-06-01T12:41:51.903+0000] {logging_mixin.py:188} INFO - [2026-06-01T12:41:51.900+0000] {dagbag.py:545} INFO - Filling up the DagBag from /home/airflow/.local/lib/python3.11/site-packages/airflow/example_dags/example_xcom.py
[2026-06-01T12:41:52.059+0000] {processor.py:840} INFO - DAG(s) 'example_xcom' retrieved from /home/airflow/.local/lib/python3.11/site-packages/airflow/example_dags/example_xcom.py
[2026-06-01T12:41:52.253+0000] {logging_mixin.py:188} INFO - [2026-06-01T12:41:52.252+0000] {dag.py:3096} INFO - Sync 1 DAGs
[2026-06-01T12:41:52.317+0000] {logging_mixin.py:188} INFO - [2026-06-01T12:41:52.316+0000] {dag.py:3954} INFO - Setting next_dagrun for example_xcom to 2021-01-01 00:00:00+00:00, run_after=2021-01-01 00:00:00+00:00
[2026-06-01T12:41:52.377+0000] {processor.py:183} INFO - Processing /home/airflow/.local/lib/python3.11/site-packages/airflow/example_dags/example_xcom.py took 0.655 seconds
[2026-06-01T12:42:24.753+0000] {processor.py:161} INFO - Started process (PID=5225) to work on /home/airflow/.local/lib/python3.11/site-packages/airflow/example_dags/example_xcom.py
[2026-06-01T12:42:24.775+0000] {processor.py:830} INFO - Processing file /home/airflow/.local/lib/python3.11/site-packages/airflow/example_dags/example_xcom.py for tasks to queue
[2026-06-01T12:42:24.786+0000] {logging_mixin.py:188} INFO - [2026-06-01T12:42:24.786+0000] {dagbag.py:545} INFO - Filling up the DagBag from /home/airflow/.local/lib/python3.11/site-packages/airflow/example_dags/example_xcom.py
[2026-06-01T12:42:24.842+0000] {processor.py:840} INFO - DAG(s) 'example_xcom' retrieved from /home/airflow/.local/lib/python3.11/site-packages/airflow/example_dags/example_xcom.py
[2026-06-01T12:42:24.940+0000] {logging_mixin.py:188} INFO - [2026-06-01T12:42:24.940+0000] {dag.py:3096} INFO - Sync 1 DAGs
[2026-06-01T12:42:25.147+0000] {logging_mixin.py:188} INFO - [2026-06-01T12:42:25.146+0000] {dag.py:3954} INFO - Setting next_dagrun for example_xcom to 2021-01-01 00:00:00+00:00, run_after=2021-01-01 00:00:00+00:00
[2026-06-01T12:42:25.280+0000] {processor.py:183} INFO - Processing /home/airflow/.local/lib/python3.11/site-packages/airflow/example_dags/example_xcom.py took 0.582 seconds
[2026-06-01T12:42:57.543+0000] {processor.py:161} INFO - Started process (PID=5501) to work on /home/airflow/.local/lib/python3.11/site-packages/airflow/example_dags/example_xcom.py
[2026-06-01T12:42:57.547+0000] {processor.py:830} INFO - Processing file /home/airflow/.local/lib/python3.11/site-packages/airflow/example_dags/example_xcom.py for tasks to queue
[2026-06-01T12:42:57.567+0000] {logging_mixin.py:188} INFO - [2026-06-01T12:42:57.566+0000] {dagbag.py:545} INFO - Filling up the DagBag from /home/airflow/.local/lib/python3.11/site-packages/airflow/example_dags/example_xcom.py
[2026-06-01T12:42:57.619+0000] {processor.py:840} INFO - DAG(s) 'example_xcom' retrieved from /home/airflow/.local/lib/python3.11/site-packages/airflow/example_dags/example_xcom.py
[2026-06-01T12:42:57.686+0000] {logging_mixin.py:188} INFO - [2026-06-01T12:42:57.686+0000] {dag.py:3096} INFO - Sync 1 DAGs
[2026-06-01T12:42:57.746+0000] {logging_mixin.py:188} INFO - [2026-06-01T12:42:57.745+0000] {dag.py:3954} INFO - Setting next_dagrun for example_xcom to 2021-01-01 00:00:00+00:00, run_after=2021-01-01 00:00:00+00:00
[2026-06-01T12:42:57.871+0000] {processor.py:183} INFO - Processing /home/airflow/.local/lib/python3.11/site-packages/airflow/example_dags/example_xcom.py took 0.419 seconds
[2026-06-01T12:43:44.849+0000] {processor.py:161} INFO - Started process (PID=5823) to work on /home/airflow/.local/lib/python3.11/site-packages/airflow/example_dags/example_xcom.py
[2026-06-01T12:43:44.863+0000] {processor.py:830} INFO - Processing file /home/airflow/.local/lib/python3.11/site-packages/airflow/example_dags/example_xcom.py for tasks to queue
[2026-06-01T12:43:44.931+0000] {logging_mixin.py:188} INFO - [2026-06-01T12:43:44.923+0000] {dagbag.py:545} INFO - Filling up the DagBag from /home/airflow/.local/lib/python3.11/site-packages/airflow/example_dags/example_xcom.py
[2026-06-01T12:43:44.976+0000] {processor.py:840} INFO - DAG(s) 'example_xcom' retrieved from /home/airflow/.local/lib/python3.11/site-packages/airflow/example_dags/example_xcom.py
[2026-06-01T12:43:45.123+0000] {logging_mixin.py:188} INFO - [2026-06-01T12:43:45.122+0000] {dag.py:3096} INFO - Sync 1 DAGs
[2026-06-01T12:43:45.333+0000] {logging_mixin.py:188} INFO - [2026-06-01T12:43:45.324+0000] {dag.py:3954} INFO - Setting next_dagrun for example_xcom to 2021-01-01 00:00:00+00:00, run_after=2021-01-01 00:00:00+00:00
[2026-06-01T12:43:45.477+0000] {processor.py:183} INFO - Processing /home/airflow/.local/lib/python3.11/site-packages/airflow/example_dags/example_xcom.py took 0.732 seconds
[2026-06-01T12:44:19.319+0000] {processor.py:161} INFO - Started process (PID=6108) to work on /home/airflow/.local/lib/python3.11/site-packages/airflow/example_dags/example_xcom.py
[2026-06-01T12:44:19.321+0000] {processor.py:830} INFO - Processing file /home/airflow/.local/lib/python3.11/site-packages/airflow/example_dags/example_xcom.py for tasks to queue
[2026-06-01T12:44:19.344+0000] {logging_mixin.py:188} INFO - [2026-06-01T12:44:19.344+0000] {dagbag.py:545} INFO - Filling up the DagBag from /home/airflow/.local/lib/python3.11/site-packages/airflow/example_dags/example_xcom.py
[2026-06-01T12:44:19.396+0000] {processor.py:840} INFO - DAG(s) 'example_xcom' retrieved from /home/airflow/.local/lib/python3.11/site-packages/airflow/example_dags/example_xcom.py
[2026-06-01T12:44:19.484+0000] {logging_mixin.py:188} INFO - [2026-06-01T12:44:19.484+0000] {dag.py:3096} INFO - Sync 1 DAGs
[2026-06-01T12:44:19.645+0000] {logging_mixin.py:188} INFO - [2026-06-01T12:44:19.644+0000] {dag.py:3954} INFO - Setting next_dagrun for example_xcom to 2021-01-01 00:00:00+00:00, run_after=2021-01-01 00:00:00+00:00
[2026-06-01T12:44:19.857+0000] {processor.py:183} INFO - Processing /home/airflow/.local/lib/python3.11/site-packages/airflow/example_dags/example_xcom.py took 0.566 seconds
[2026-06-01T12:44:52.192+0000] {processor.py:161} INFO - Started process (PID=6370) to work on /home/airflow/.local/lib/python3.11/site-packages/airflow/example_dags/example_xcom.py
[2026-06-01T12:44:52.197+0000] {processor.py:830} INFO - Processing file /home/airflow/.local/lib/python3.11/site-packages/airflow/example_dags/example_xcom.py for tasks to queue
[2026-06-01T12:44:52.207+0000] {logging_mixin.py:188} INFO - [2026-06-01T12:44:52.206+0000] {dagbag.py:545} INFO - Filling up the DagBag from /home/airflow/.local/lib/python3.11/site-packages/airflow/example_dags/example_xcom.py
[2026-06-01T12:44:52.258+0000] {processor.py:840} INFO - DAG(s) 'example_xcom' retrieved from /home/airflow/.local/lib/python3.11/site-packages/airflow/example_dags/example_xcom.py
[2026-06-01T12:44:52.344+0000] {logging_mixin.py:188} INFO - [2026-06-01T12:44:52.343+0000] {dag.py:3096} INFO - Sync 1 DAGs
[2026-06-01T12:44:52.451+0000] {logging_mixin.py:188} INFO - [2026-06-01T12:44:52.450+0000] {dag.py:3954} INFO - Setting next_dagrun for example_xcom to 2021-01-01 00:00:00+00:00, run_after=2021-01-01 00:00:00+00:00
[2026-06-01T12:44:52.573+0000] {processor.py:183} INFO - Processing /home/airflow/.local/lib/python3.11/site-packages/airflow/example_dags/example_xcom.py took 0.400 seconds
[2026-06-01T12:45:23.559+0000] {processor.py:161} INFO - Started process (PID=6646) to work on /home/airflow/.local/lib/python3.11/site-packages/airflow/example_dags/example_xcom.py
[2026-06-01T12:45:23.569+0000] {processor.py:830} INFO - Processing file /home/airflow/.local/lib/python3.11/site-packages/airflow/example_dags/example_xcom.py for tasks to queue
[2026-06-01T12:45:23.617+0000] {logging_mixin.py:188} INFO - [2026-06-01T12:45:23.616+0000] {dagbag.py:545} INFO - Filling up the DagBag from /home/airflow/.local/lib/python3.11/site-packages/airflow/example_dags/example_xcom.py
[2026-06-01T12:45:23.711+0000] {processor.py:840} INFO - DAG(s) 'example_xcom' retrieved from /home/airflow/.local/lib/python3.11/site-packages/airflow/example_dags/example_xcom.py
[2026-06-01T12:45:23.816+0000] {logging_mixin.py:188} INFO - [2026-06-01T12:45:23.815+0000] {dag.py:3096} INFO - Sync 1 DAGs
[2026-06-01T12:45:23.954+0000] {logging_mixin.py:188} INFO - [2026-06-01T12:45:23.954+0000] {dag.py:3954} INFO - Setting next_dagrun for example_xcom to 2021-01-01 00:00:00+00:00, run_after=2021-01-01 00:00:00+00:00
[2026-06-01T12:45:24.090+0000] {processor.py:183} INFO - Processing /home/airflow/.local/lib/python3.11/site-packages/airflow/example_dags/example_xcom.py took 0.562 seconds
[2026-06-01T12:46:01.279+0000] {processor.py:161} INFO - Started process (PID=6922) to work on /home/airflow/.local/lib/python3.11/site-packages/airflow/example_dags/example_xcom.py
[2026-06-01T12:46:01.283+0000] {processor.py:830} INFO - Processing file /home/airflow/.local/lib/python3.11/site-packages/airflow/example_dags/example_xcom.py for tasks to queue
[2026-06-01T12:46:01.313+0000] {logging_mixin.py:188} INFO - [2026-06-01T12:46:01.311+0000] {dagbag.py:545} INFO - Filling up the DagBag from /home/airflow/.local/lib/python3.11/site-packages/airflow/example_dags/example_xcom.py
[2026-06-01T12:46:01.420+0000] {processor.py:840} INFO - DAG(s) 'example_xcom' retrieved from /home/airflow/.local/lib/python3.11/site-packages/airflow/example_dags/example_xcom.py
[2026-06-01T12:46:01.479+0000] {logging_mixin.py:188} INFO - [2026-06-01T12:46:01.477+0000] {dag.py:3096} INFO - Sync 1 DAGs
[2026-06-01T12:46:01.590+0000] {logging_mixin.py:188} INFO - [2026-06-01T12:46:01.583+0000] {dag.py:3954} INFO - Setting next_dagrun for example_xcom to 2021-01-01 00:00:00+00:00, run_after=2021-01-01 00:00:00+00:00
[2026-06-01T12:46:01.655+0000] {processor.py:183} INFO - Processing /home/airflow/.local/lib/python3.11/site-packages/airflow/example_dags/example_xcom.py took 0.414 seconds
[2026-06-01T12:46:39.804+0000] {processor.py:161} INFO - Started process (PID=7228) to work on /home/airflow/.local/lib/python3.11/site-packages/airflow/example_dags/example_xcom.py
[2026-06-01T12:46:39.855+0000] {processor.py:830} INFO - Processing file /home/airflow/.local/lib/python3.11/site-packages/airflow/example_dags/example_xcom.py for tasks to queue
[2026-06-01T12:46:39.893+0000] {logging_mixin.py:188} INFO - [2026-06-01T12:46:39.891+0000] {dagbag.py:545} INFO - Filling up the DagBag from /home/airflow/.local/lib/python3.11/site-packages/airflow/example_dags/example_xcom.py
[2026-06-01T12:46:40.056+0000] {processor.py:840} INFO - DAG(s) 'example_xcom' retrieved from /home/airflow/.local/lib/python3.11/site-packages/airflow/example_dags/example_xcom.py
[2026-06-01T12:46:40.255+0000] {logging_mixin.py:188} INFO - [2026-06-01T12:46:40.255+0000] {dag.py:3096} INFO - Sync 1 DAGs
[2026-06-01T12:46:40.499+0000] {logging_mixin.py:188} INFO - [2026-06-01T12:46:40.499+0000] {dag.py:3954} INFO - Setting next_dagrun for example_xcom to 2021-01-01 00:00:00+00:00, run_after=2021-01-01 00:00:00+00:00
[2026-06-01T12:46:40.679+0000] {processor.py:183} INFO - Processing /home/airflow/.local/lib/python3.11/site-packages/airflow/example_dags/example_xcom.py took 0.956 seconds
[2026-06-01T12:47:18.323+0000] {processor.py:161} INFO - Started process (PID=7510) to work on /home/airflow/.local/lib/python3.11/site-packages/airflow/example_dags/example_xcom.py
[2026-06-01T12:47:18.325+0000] {processor.py:830} INFO - Processing file /home/airflow/.local/lib/python3.11/site-packages/airflow/example_dags/example_xcom.py for tasks to queue
[2026-06-01T12:47:18.338+0000] {logging_mixin.py:188} INFO - [2026-06-01T12:47:18.337+0000] {dagbag.py:545} INFO - Filling up the DagBag from /home/airflow/.local/lib/python3.11/site-packages/airflow/example_dags/example_xcom.py
[2026-06-01T12:47:18.366+0000] {processor.py:840} INFO - DAG(s) 'example_xcom' retrieved from /home/airflow/.local/lib/python3.11/site-packages/airflow/example_dags/example_xcom.py
[2026-06-01T12:47:18.418+0000] {logging_mixin.py:188} INFO - [2026-06-01T12:47:18.418+0000] {dag.py:3096} INFO - Sync 1 DAGs
[2026-06-01T12:47:18.476+0000] {logging_mixin.py:188} INFO - [2026-06-01T12:47:18.475+0000] {dag.py:3954} INFO - Setting next_dagrun for example_xcom to 2021-01-01 00:00:00+00:00, run_after=2021-01-01 00:00:00+00:00
[2026-06-01T12:47:18.518+0000] {processor.py:183} INFO - Processing /home/airflow/.local/lib/python3.11/site-packages/airflow/example_dags/example_xcom.py took 0.209 seconds
[2026-06-01T12:47:50.044+0000] {processor.py:161} INFO - Started process (PID=7789) to work on /home/airflow/.local/lib/python3.11/site-packages/airflow/example_dags/example_xcom.py
[2026-06-01T12:47:50.050+0000] {processor.py:830} INFO - Processing file /home/airflow/.local/lib/python3.11/site-packages/airflow/example_dags/example_xcom.py for tasks to queue
[2026-06-01T12:47:50.058+0000] {logging_mixin.py:188} INFO - [2026-06-01T12:47:50.058+0000] {dagbag.py:545} INFO - Filling up the DagBag from /home/airflow/.local/lib/python3.11/site-packages/airflow/example_dags/example_xcom.py
[2026-06-01T12:47:50.071+0000] {processor.py:840} INFO - DAG(s) 'example_xcom' retrieved from /home/airflow/.local/lib/python3.11/site-packages/airflow/example_dags/example_xcom.py
[2026-06-01T12:47:50.113+0000] {logging_mixin.py:188} INFO - [2026-06-01T12:47:50.113+0000] {dag.py:3096} INFO - Sync 1 DAGs
[2026-06-01T12:47:50.206+0000] {logging_mixin.py:188} INFO - [2026-06-01T12:47:50.206+0000] {dag.py:3954} INFO - Setting next_dagrun for example_xcom to 2021-01-01 00:00:00+00:00, run_after=2021-01-01 00:00:00+00:00
[2026-06-01T12:47:50.235+0000] {processor.py:183} INFO - Processing /home/airflow/.local/lib/python3.11/site-packages/airflow/example_dags/example_xcom.py took 0.203 seconds
[2026-06-01T12:48:21.343+0000] {processor.py:161} INFO - Started process (PID=8058) to work on /home/airflow/.local/lib/python3.11/site-packages/airflow/example_dags/example_xcom.py
[2026-06-01T12:48:21.346+0000] {processor.py:830} INFO - Processing file /home/airflow/.local/lib/python3.11/site-packages/airflow/example_dags/example_xcom.py for tasks to queue
[2026-06-01T12:48:21.355+0000] {logging_mixin.py:188} INFO - [2026-06-01T12:48:21.354+0000] {dagbag.py:545} INFO - Filling up the DagBag from /home/airflow/.local/lib/python3.11/site-packages/airflow/example_dags/example_xcom.py
[2026-06-01T12:48:21.367+0000] {processor.py:840} INFO - DAG(s) 'example_xcom' retrieved from /home/airflow/.local/lib/python3.11/site-packages/airflow/example_dags/example_xcom.py
[2026-06-01T12:48:21.409+0000] {logging_mixin.py:188} INFO - [2026-06-01T12:48:21.408+0000] {dag.py:3096} INFO - Sync 1 DAGs
[2026-06-01T12:48:21.511+0000] {logging_mixin.py:188} INFO - [2026-06-01T12:48:21.510+0000] {dag.py:3954} INFO - Setting next_dagrun for example_xcom to 2021-01-01 00:00:00+00:00, run_after=2021-01-01 00:00:00+00:00
[2026-06-01T12:48:21.585+0000] {processor.py:183} INFO - Processing /home/airflow/.local/lib/python3.11/site-packages/airflow/example_dags/example_xcom.py took 0.253 seconds
[2026-06-01T12:48:52.708+0000] {processor.py:161} INFO - Started process (PID=8332) to work on /home/airflow/.local/lib/python3.11/site-packages/airflow/example_dags/example_xcom.py
[2026-06-01T12:48:52.718+0000] {processor.py:830} INFO - Processing file /home/airflow/.local/lib/python3.11/site-packages/airflow/example_dags/example_xcom.py for tasks to queue
[2026-06-01T12:48:52.721+0000] {logging_mixin.py:188} INFO - [2026-06-01T12:48:52.720+0000] {dagbag.py:545} INFO - Filling up the DagBag from /home/airflow/.local/lib/python3.11/site-packages/airflow/example_dags/example_xcom.py
[2026-06-01T12:48:52.763+0000] {processor.py:840} INFO - DAG(s) 'example_xcom' retrieved from /home/airflow/.local/lib/python3.11/site-packages/airflow/example_dags/example_xcom.py
[2026-06-01T12:48:52.817+0000] {logging_mixin.py:188} INFO - [2026-06-01T12:48:52.816+0000] {dag.py:3096} INFO - Sync 1 DAGs
[2026-06-01T12:48:52.903+0000] {logging_mixin.py:188} INFO - [2026-06-01T12:48:52.902+0000] {dag.py:3954} INFO - Setting next_dagrun for example_xcom to 2021-01-01 00:00:00+00:00, run_after=2021-01-01 00:00:00+00:00
[2026-06-01T12:48:52.952+0000] {processor.py:183} INFO - Processing /home/airflow/.local/lib/python3.11/site-packages/airflow/example_dags/example_xcom.py took 0.252 seconds
