[2026-06-01T12:04:39.522+0000] {processor.py:161} INFO - Started process (PID=85) to work on /home/airflow/.local/lib/python3.11/site-packages/airflow/example_dags/example_branch_operator_decorator.py
[2026-06-01T12:04:39.524+0000] {processor.py:830} INFO - Processing file /home/airflow/.local/lib/python3.11/site-packages/airflow/example_dags/example_branch_operator_decorator.py for tasks to queue
[2026-06-01T12:04:39.528+0000] {logging_mixin.py:188} INFO - [2026-06-01T12:04:39.527+0000] {dagbag.py:545} INFO - Filling up the DagBag from /home/airflow/.local/lib/python3.11/site-packages/airflow/example_dags/example_branch_operator_decorator.py
[2026-06-01T12:04:39.752+0000] {processor.py:840} INFO - DAG(s) 'example_branch_python_operator_decorator' retrieved from /home/airflow/.local/lib/python3.11/site-packages/airflow/example_dags/example_branch_operator_decorator.py
[2026-06-01T12:04:39.905+0000] {logging_mixin.py:188} INFO - [2026-06-01T12:04:39.904+0000] {override.py:1829} INFO - Created Permission View: can read on DAG:example_branch_python_operator_decorator
[2026-06-01T12:04:39.919+0000] {logging_mixin.py:188} INFO - [2026-06-01T12:04:39.918+0000] {override.py:1829} INFO - Created Permission View: can delete on DAG:example_branch_python_operator_decorator
[2026-06-01T12:04:39.928+0000] {logging_mixin.py:188} INFO - [2026-06-01T12:04:39.927+0000] {override.py:1829} INFO - Created Permission View: can edit on DAG:example_branch_python_operator_decorator
[2026-06-01T12:04:39.929+0000] {logging_mixin.py:188} INFO - [2026-06-01T12:04:39.929+0000] {dag.py:3096} INFO - Sync 1 DAGs
[2026-06-01T12:04:39.943+0000] {logging_mixin.py:188} INFO - [2026-06-01T12:04:39.942+0000] {dag.py:3118} INFO - Creating ORM DAG for example_branch_python_operator_decorator
[2026-06-01T12:04:39.957+0000] {logging_mixin.py:188} INFO - [2026-06-01T12:04:39.957+0000] {dag.py:3954} INFO - Setting next_dagrun for example_branch_python_operator_decorator to 2026-05-31 00:00:00+00:00, run_after=2026-06-01 00:00:00+00:00
[2026-06-01T12:04:39.987+0000] {processor.py:183} INFO - Processing /home/airflow/.local/lib/python3.11/site-packages/airflow/example_dags/example_branch_operator_decorator.py took 0.473 seconds
[2026-06-01T12:05:10.217+0000] {processor.py:161} INFO - Started process (PID=144) to work on /home/airflow/.local/lib/python3.11/site-packages/airflow/example_dags/example_branch_operator_decorator.py
[2026-06-01T12:05:10.218+0000] {processor.py:830} INFO - Processing file /home/airflow/.local/lib/python3.11/site-packages/airflow/example_dags/example_branch_operator_decorator.py for tasks to queue
[2026-06-01T12:05:10.221+0000] {logging_mixin.py:188} INFO - [2026-06-01T12:05:10.220+0000] {dagbag.py:545} INFO - Filling up the DagBag from /home/airflow/.local/lib/python3.11/site-packages/airflow/example_dags/example_branch_operator_decorator.py
[2026-06-01T12:05:10.246+0000] {processor.py:840} INFO - DAG(s) 'example_branch_python_operator_decorator' retrieved from /home/airflow/.local/lib/python3.11/site-packages/airflow/example_dags/example_branch_operator_decorator.py
[2026-06-01T12:05:10.279+0000] {logging_mixin.py:188} INFO - [2026-06-01T12:05:10.279+0000] {dag.py:3096} INFO - Sync 1 DAGs
[2026-06-01T12:05:10.306+0000] {logging_mixin.py:188} INFO - [2026-06-01T12:05:10.305+0000] {dag.py:3954} INFO - Setting next_dagrun for example_branch_python_operator_decorator to 2026-05-31 00:00:00+00:00, run_after=2026-06-01 00:00:00+00:00
[2026-06-01T12:05:10.328+0000] {processor.py:183} INFO - Processing /home/airflow/.local/lib/python3.11/site-packages/airflow/example_dags/example_branch_operator_decorator.py took 0.118 seconds
[2026-06-01T12:05:40.460+0000] {processor.py:161} INFO - Started process (PID=203) to work on /home/airflow/.local/lib/python3.11/site-packages/airflow/example_dags/example_branch_operator_decorator.py
[2026-06-01T12:05:40.462+0000] {processor.py:830} INFO - Processing file /home/airflow/.local/lib/python3.11/site-packages/airflow/example_dags/example_branch_operator_decorator.py for tasks to queue
[2026-06-01T12:05:40.464+0000] {logging_mixin.py:188} INFO - [2026-06-01T12:05:40.464+0000] {dagbag.py:545} INFO - Filling up the DagBag from /home/airflow/.local/lib/python3.11/site-packages/airflow/example_dags/example_branch_operator_decorator.py
[2026-06-01T12:05:40.494+0000] {processor.py:840} INFO - DAG(s) 'example_branch_python_operator_decorator' retrieved from /home/airflow/.local/lib/python3.11/site-packages/airflow/example_dags/example_branch_operator_decorator.py
[2026-06-01T12:05:40.536+0000] {logging_mixin.py:188} INFO - [2026-06-01T12:05:40.536+0000] {dag.py:3096} INFO - Sync 1 DAGs
[2026-06-01T12:05:40.569+0000] {logging_mixin.py:188} INFO - [2026-06-01T12:05:40.569+0000] {dag.py:3954} INFO - Setting next_dagrun for example_branch_python_operator_decorator to 2026-05-31 00:00:00+00:00, run_after=2026-06-01 00:00:00+00:00
[2026-06-01T12:05:40.606+0000] {processor.py:183} INFO - Processing /home/airflow/.local/lib/python3.11/site-packages/airflow/example_dags/example_branch_operator_decorator.py took 0.155 seconds
[2026-06-01T12:06:11.885+0000] {processor.py:161} INFO - Started process (PID=262) to work on /home/airflow/.local/lib/python3.11/site-packages/airflow/example_dags/example_branch_operator_decorator.py
[2026-06-01T12:06:11.888+0000] {processor.py:830} INFO - Processing file /home/airflow/.local/lib/python3.11/site-packages/airflow/example_dags/example_branch_operator_decorator.py for tasks to queue
[2026-06-01T12:06:11.894+0000] {logging_mixin.py:188} INFO - [2026-06-01T12:06:11.893+0000] {dagbag.py:545} INFO - Filling up the DagBag from /home/airflow/.local/lib/python3.11/site-packages/airflow/example_dags/example_branch_operator_decorator.py
[2026-06-01T12:06:11.986+0000] {processor.py:840} INFO - DAG(s) 'example_branch_python_operator_decorator' retrieved from /home/airflow/.local/lib/python3.11/site-packages/airflow/example_dags/example_branch_operator_decorator.py
[2026-06-01T12:06:12.092+0000] {logging_mixin.py:188} INFO - [2026-06-01T12:06:12.092+0000] {dag.py:3096} INFO - Sync 1 DAGs
[2026-06-01T12:06:12.151+0000] {logging_mixin.py:188} INFO - [2026-06-01T12:06:12.150+0000] {dag.py:3954} INFO - Setting next_dagrun for example_branch_python_operator_decorator to 2026-05-31 00:00:00+00:00, run_after=2026-06-01 00:00:00+00:00
[2026-06-01T12:06:12.205+0000] {processor.py:183} INFO - Processing /home/airflow/.local/lib/python3.11/site-packages/airflow/example_dags/example_branch_operator_decorator.py took 0.338 seconds
[2026-06-01T12:06:42.438+0000] {processor.py:161} INFO - Started process (PID=321) to work on /home/airflow/.local/lib/python3.11/site-packages/airflow/example_dags/example_branch_operator_decorator.py
[2026-06-01T12:06:42.441+0000] {processor.py:830} INFO - Processing file /home/airflow/.local/lib/python3.11/site-packages/airflow/example_dags/example_branch_operator_decorator.py for tasks to queue
[2026-06-01T12:06:42.445+0000] {logging_mixin.py:188} INFO - [2026-06-01T12:06:42.444+0000] {dagbag.py:545} INFO - Filling up the DagBag from /home/airflow/.local/lib/python3.11/site-packages/airflow/example_dags/example_branch_operator_decorator.py
[2026-06-01T12:06:42.496+0000] {processor.py:840} INFO - DAG(s) 'example_branch_python_operator_decorator' retrieved from /home/airflow/.local/lib/python3.11/site-packages/airflow/example_dags/example_branch_operator_decorator.py
[2026-06-01T12:06:42.522+0000] {logging_mixin.py:188} INFO - [2026-06-01T12:06:42.522+0000] {dag.py:3096} INFO - Sync 1 DAGs
[2026-06-01T12:06:42.577+0000] {logging_mixin.py:188} INFO - [2026-06-01T12:06:42.576+0000] {dag.py:3954} INFO - Setting next_dagrun for example_branch_python_operator_decorator to 2026-05-31 00:00:00+00:00, run_after=2026-06-01 00:00:00+00:00
[2026-06-01T12:06:42.613+0000] {processor.py:183} INFO - Processing /home/airflow/.local/lib/python3.11/site-packages/airflow/example_dags/example_branch_operator_decorator.py took 0.189 seconds
[2026-06-01T12:07:12.882+0000] {processor.py:161} INFO - Started process (PID=380) to work on /home/airflow/.local/lib/python3.11/site-packages/airflow/example_dags/example_branch_operator_decorator.py
[2026-06-01T12:07:12.892+0000] {processor.py:830} INFO - Processing file /home/airflow/.local/lib/python3.11/site-packages/airflow/example_dags/example_branch_operator_decorator.py for tasks to queue
[2026-06-01T12:07:12.898+0000] {logging_mixin.py:188} INFO - [2026-06-01T12:07:12.897+0000] {dagbag.py:545} INFO - Filling up the DagBag from /home/airflow/.local/lib/python3.11/site-packages/airflow/example_dags/example_branch_operator_decorator.py
[2026-06-01T12:07:12.986+0000] {processor.py:840} INFO - DAG(s) 'example_branch_python_operator_decorator' retrieved from /home/airflow/.local/lib/python3.11/site-packages/airflow/example_dags/example_branch_operator_decorator.py
[2026-06-01T12:07:13.223+0000] {logging_mixin.py:188} INFO - [2026-06-01T12:07:13.223+0000] {dag.py:3096} INFO - Sync 1 DAGs
[2026-06-01T12:07:13.255+0000] {logging_mixin.py:188} INFO - [2026-06-01T12:07:13.255+0000] {dag.py:3954} INFO - Setting next_dagrun for example_branch_python_operator_decorator to 2026-05-31 00:00:00+00:00, run_after=2026-06-01 00:00:00+00:00
[2026-06-01T12:07:13.287+0000] {processor.py:183} INFO - Processing /home/airflow/.local/lib/python3.11/site-packages/airflow/example_dags/example_branch_operator_decorator.py took 0.428 seconds
[2026-06-01T12:07:43.882+0000] {processor.py:161} INFO - Started process (PID=440) to work on /home/airflow/.local/lib/python3.11/site-packages/airflow/example_dags/example_branch_operator_decorator.py
[2026-06-01T12:07:43.886+0000] {processor.py:830} INFO - Processing file /home/airflow/.local/lib/python3.11/site-packages/airflow/example_dags/example_branch_operator_decorator.py for tasks to queue
[2026-06-01T12:07:43.890+0000] {logging_mixin.py:188} INFO - [2026-06-01T12:07:43.889+0000] {dagbag.py:545} INFO - Filling up the DagBag from /home/airflow/.local/lib/python3.11/site-packages/airflow/example_dags/example_branch_operator_decorator.py
[2026-06-01T12:07:43.928+0000] {processor.py:840} INFO - DAG(s) 'example_branch_python_operator_decorator' retrieved from /home/airflow/.local/lib/python3.11/site-packages/airflow/example_dags/example_branch_operator_decorator.py
[2026-06-01T12:07:43.971+0000] {logging_mixin.py:188} INFO - [2026-06-01T12:07:43.970+0000] {dag.py:3096} INFO - Sync 1 DAGs
[2026-06-01T12:07:44.008+0000] {logging_mixin.py:188} INFO - [2026-06-01T12:07:44.008+0000] {dag.py:3954} INFO - Setting next_dagrun for example_branch_python_operator_decorator to 2026-05-31 00:00:00+00:00, run_after=2026-06-01 00:00:00+00:00
[2026-06-01T12:07:44.031+0000] {processor.py:183} INFO - Processing /home/airflow/.local/lib/python3.11/site-packages/airflow/example_dags/example_branch_operator_decorator.py took 0.158 seconds
[2026-06-01T12:08:14.377+0000] {processor.py:161} INFO - Started process (PID=499) to work on /home/airflow/.local/lib/python3.11/site-packages/airflow/example_dags/example_branch_operator_decorator.py
[2026-06-01T12:08:14.379+0000] {processor.py:830} INFO - Processing file /home/airflow/.local/lib/python3.11/site-packages/airflow/example_dags/example_branch_operator_decorator.py for tasks to queue
[2026-06-01T12:08:14.381+0000] {logging_mixin.py:188} INFO - [2026-06-01T12:08:14.381+0000] {dagbag.py:545} INFO - Filling up the DagBag from /home/airflow/.local/lib/python3.11/site-packages/airflow/example_dags/example_branch_operator_decorator.py
[2026-06-01T12:08:14.408+0000] {processor.py:840} INFO - DAG(s) 'example_branch_python_operator_decorator' retrieved from /home/airflow/.local/lib/python3.11/site-packages/airflow/example_dags/example_branch_operator_decorator.py
[2026-06-01T12:08:14.446+0000] {logging_mixin.py:188} INFO - [2026-06-01T12:08:14.446+0000] {dag.py:3096} INFO - Sync 1 DAGs
[2026-06-01T12:08:14.475+0000] {logging_mixin.py:188} INFO - [2026-06-01T12:08:14.475+0000] {dag.py:3954} INFO - Setting next_dagrun for example_branch_python_operator_decorator to 2026-05-31 00:00:00+00:00, run_after=2026-06-01 00:00:00+00:00
[2026-06-01T12:08:14.498+0000] {processor.py:183} INFO - Processing /home/airflow/.local/lib/python3.11/site-packages/airflow/example_dags/example_branch_operator_decorator.py took 0.129 seconds
[2026-06-01T12:08:44.689+0000] {processor.py:161} INFO - Started process (PID=558) to work on /home/airflow/.local/lib/python3.11/site-packages/airflow/example_dags/example_branch_operator_decorator.py
[2026-06-01T12:08:44.690+0000] {processor.py:830} INFO - Processing file /home/airflow/.local/lib/python3.11/site-packages/airflow/example_dags/example_branch_operator_decorator.py for tasks to queue
[2026-06-01T12:08:44.693+0000] {logging_mixin.py:188} INFO - [2026-06-01T12:08:44.692+0000] {dagbag.py:545} INFO - Filling up the DagBag from /home/airflow/.local/lib/python3.11/site-packages/airflow/example_dags/example_branch_operator_decorator.py
[2026-06-01T12:08:44.716+0000] {processor.py:840} INFO - DAG(s) 'example_branch_python_operator_decorator' retrieved from /home/airflow/.local/lib/python3.11/site-packages/airflow/example_dags/example_branch_operator_decorator.py
[2026-06-01T12:08:44.745+0000] {logging_mixin.py:188} INFO - [2026-06-01T12:08:44.745+0000] {dag.py:3096} INFO - Sync 1 DAGs
[2026-06-01T12:08:44.768+0000] {logging_mixin.py:188} INFO - [2026-06-01T12:08:44.767+0000] {dag.py:3954} INFO - Setting next_dagrun for example_branch_python_operator_decorator to 2026-05-31 00:00:00+00:00, run_after=2026-06-01 00:00:00+00:00
[2026-06-01T12:08:44.797+0000] {processor.py:183} INFO - Processing /home/airflow/.local/lib/python3.11/site-packages/airflow/example_dags/example_branch_operator_decorator.py took 0.117 seconds
[2026-06-01T12:09:14.938+0000] {processor.py:161} INFO - Started process (PID=617) to work on /home/airflow/.local/lib/python3.11/site-packages/airflow/example_dags/example_branch_operator_decorator.py
[2026-06-01T12:09:14.940+0000] {processor.py:830} INFO - Processing file /home/airflow/.local/lib/python3.11/site-packages/airflow/example_dags/example_branch_operator_decorator.py for tasks to queue
[2026-06-01T12:09:14.943+0000] {logging_mixin.py:188} INFO - [2026-06-01T12:09:14.942+0000] {dagbag.py:545} INFO - Filling up the DagBag from /home/airflow/.local/lib/python3.11/site-packages/airflow/example_dags/example_branch_operator_decorator.py
[2026-06-01T12:09:14.973+0000] {processor.py:840} INFO - DAG(s) 'example_branch_python_operator_decorator' retrieved from /home/airflow/.local/lib/python3.11/site-packages/airflow/example_dags/example_branch_operator_decorator.py
[2026-06-01T12:09:15.012+0000] {logging_mixin.py:188} INFO - [2026-06-01T12:09:15.011+0000] {dag.py:3096} INFO - Sync 1 DAGs
[2026-06-01T12:09:15.044+0000] {logging_mixin.py:188} INFO - [2026-06-01T12:09:15.044+0000] {dag.py:3954} INFO - Setting next_dagrun for example_branch_python_operator_decorator to 2026-05-31 00:00:00+00:00, run_after=2026-06-01 00:00:00+00:00
[2026-06-01T12:09:15.082+0000] {processor.py:183} INFO - Processing /home/airflow/.local/lib/python3.11/site-packages/airflow/example_dags/example_branch_operator_decorator.py took 0.154 seconds
[2026-06-01T12:09:45.348+0000] {processor.py:161} INFO - Started process (PID=676) to work on /home/airflow/.local/lib/python3.11/site-packages/airflow/example_dags/example_branch_operator_decorator.py
[2026-06-01T12:09:45.350+0000] {processor.py:830} INFO - Processing file /home/airflow/.local/lib/python3.11/site-packages/airflow/example_dags/example_branch_operator_decorator.py for tasks to queue
[2026-06-01T12:09:45.352+0000] {logging_mixin.py:188} INFO - [2026-06-01T12:09:45.352+0000] {dagbag.py:545} INFO - Filling up the DagBag from /home/airflow/.local/lib/python3.11/site-packages/airflow/example_dags/example_branch_operator_decorator.py
[2026-06-01T12:09:45.378+0000] {processor.py:840} INFO - DAG(s) 'example_branch_python_operator_decorator' retrieved from /home/airflow/.local/lib/python3.11/site-packages/airflow/example_dags/example_branch_operator_decorator.py
[2026-06-01T12:09:45.417+0000] {logging_mixin.py:188} INFO - [2026-06-01T12:09:45.417+0000] {dag.py:3096} INFO - Sync 1 DAGs
[2026-06-01T12:09:45.445+0000] {logging_mixin.py:188} INFO - [2026-06-01T12:09:45.445+0000] {dag.py:3954} INFO - Setting next_dagrun for example_branch_python_operator_decorator to 2026-05-31 00:00:00+00:00, run_after=2026-06-01 00:00:00+00:00
[2026-06-01T12:09:45.473+0000] {processor.py:183} INFO - Processing /home/airflow/.local/lib/python3.11/site-packages/airflow/example_dags/example_branch_operator_decorator.py took 0.132 seconds
[2026-06-01T12:11:00.739+0000] {processor.py:161} INFO - Started process (PID=90) to work on /home/airflow/.local/lib/python3.11/site-packages/airflow/example_dags/example_branch_operator_decorator.py
[2026-06-01T12:11:00.740+0000] {processor.py:830} INFO - Processing file /home/airflow/.local/lib/python3.11/site-packages/airflow/example_dags/example_branch_operator_decorator.py for tasks to queue
[2026-06-01T12:11:00.743+0000] {logging_mixin.py:188} INFO - [2026-06-01T12:11:00.743+0000] {dagbag.py:545} INFO - Filling up the DagBag from /home/airflow/.local/lib/python3.11/site-packages/airflow/example_dags/example_branch_operator_decorator.py
[2026-06-01T12:11:00.779+0000] {processor.py:840} INFO - DAG(s) 'example_branch_python_operator_decorator' retrieved from /home/airflow/.local/lib/python3.11/site-packages/airflow/example_dags/example_branch_operator_decorator.py
[2026-06-01T12:11:00.935+0000] {logging_mixin.py:188} INFO - [2026-06-01T12:11:00.935+0000] {dag.py:3096} INFO - Sync 1 DAGs
[2026-06-01T12:11:00.966+0000] {logging_mixin.py:188} INFO - [2026-06-01T12:11:00.966+0000] {dag.py:3954} INFO - Setting next_dagrun for example_branch_python_operator_decorator to 2026-05-31 00:00:00+00:00, run_after=2026-06-01 00:00:00+00:00
[2026-06-01T12:11:00.999+0000] {processor.py:183} INFO - Processing /home/airflow/.local/lib/python3.11/site-packages/airflow/example_dags/example_branch_operator_decorator.py took 0.269 seconds
[2026-06-01T12:11:31.346+0000] {processor.py:161} INFO - Started process (PID=159) to work on /home/airflow/.local/lib/python3.11/site-packages/airflow/example_dags/example_branch_operator_decorator.py
[2026-06-01T12:11:31.347+0000] {processor.py:830} INFO - Processing file /home/airflow/.local/lib/python3.11/site-packages/airflow/example_dags/example_branch_operator_decorator.py for tasks to queue
[2026-06-01T12:11:31.352+0000] {logging_mixin.py:188} INFO - [2026-06-01T12:11:31.351+0000] {dagbag.py:545} INFO - Filling up the DagBag from /home/airflow/.local/lib/python3.11/site-packages/airflow/example_dags/example_branch_operator_decorator.py
[2026-06-01T12:11:31.399+0000] {processor.py:840} INFO - DAG(s) 'example_branch_python_operator_decorator' retrieved from /home/airflow/.local/lib/python3.11/site-packages/airflow/example_dags/example_branch_operator_decorator.py
[2026-06-01T12:11:31.444+0000] {logging_mixin.py:188} INFO - [2026-06-01T12:11:31.444+0000] {dag.py:3096} INFO - Sync 1 DAGs
[2026-06-01T12:11:31.474+0000] {logging_mixin.py:188} INFO - [2026-06-01T12:11:31.474+0000] {dag.py:3954} INFO - Setting next_dagrun for example_branch_python_operator_decorator to 2026-05-31 00:00:00+00:00, run_after=2026-06-01 00:00:00+00:00
[2026-06-01T12:11:31.512+0000] {processor.py:183} INFO - Processing /home/airflow/.local/lib/python3.11/site-packages/airflow/example_dags/example_branch_operator_decorator.py took 0.179 seconds
[2026-06-01T12:12:02.871+0000] {processor.py:161} INFO - Started process (PID=233) to work on /home/airflow/.local/lib/python3.11/site-packages/airflow/example_dags/example_branch_operator_decorator.py
[2026-06-01T12:12:02.872+0000] {processor.py:830} INFO - Processing file /home/airflow/.local/lib/python3.11/site-packages/airflow/example_dags/example_branch_operator_decorator.py for tasks to queue
[2026-06-01T12:12:02.875+0000] {logging_mixin.py:188} INFO - [2026-06-01T12:12:02.875+0000] {dagbag.py:545} INFO - Filling up the DagBag from /home/airflow/.local/lib/python3.11/site-packages/airflow/example_dags/example_branch_operator_decorator.py
[2026-06-01T12:12:02.908+0000] {processor.py:840} INFO - DAG(s) 'example_branch_python_operator_decorator' retrieved from /home/airflow/.local/lib/python3.11/site-packages/airflow/example_dags/example_branch_operator_decorator.py
[2026-06-01T12:12:02.952+0000] {logging_mixin.py:188} INFO - [2026-06-01T12:12:02.952+0000] {dag.py:3096} INFO - Sync 1 DAGs
[2026-06-01T12:12:02.998+0000] {logging_mixin.py:188} INFO - [2026-06-01T12:12:02.997+0000] {dag.py:3954} INFO - Setting next_dagrun for example_branch_python_operator_decorator to 2026-05-31 00:00:00+00:00, run_after=2026-06-01 00:00:00+00:00
[2026-06-01T12:12:03.039+0000] {processor.py:183} INFO - Processing /home/airflow/.local/lib/python3.11/site-packages/airflow/example_dags/example_branch_operator_decorator.py took 0.179 seconds
[2026-06-01T12:12:33.595+0000] {processor.py:161} INFO - Started process (PID=307) to work on /home/airflow/.local/lib/python3.11/site-packages/airflow/example_dags/example_branch_operator_decorator.py
[2026-06-01T12:12:33.597+0000] {processor.py:830} INFO - Processing file /home/airflow/.local/lib/python3.11/site-packages/airflow/example_dags/example_branch_operator_decorator.py for tasks to queue
[2026-06-01T12:12:33.602+0000] {logging_mixin.py:188} INFO - [2026-06-01T12:12:33.602+0000] {dagbag.py:545} INFO - Filling up the DagBag from /home/airflow/.local/lib/python3.11/site-packages/airflow/example_dags/example_branch_operator_decorator.py
[2026-06-01T12:12:33.635+0000] {processor.py:840} INFO - DAG(s) 'example_branch_python_operator_decorator' retrieved from /home/airflow/.local/lib/python3.11/site-packages/airflow/example_dags/example_branch_operator_decorator.py
[2026-06-01T12:12:33.683+0000] {logging_mixin.py:188} INFO - [2026-06-01T12:12:33.682+0000] {dag.py:3096} INFO - Sync 1 DAGs
[2026-06-01T12:12:33.726+0000] {logging_mixin.py:188} INFO - [2026-06-01T12:12:33.725+0000] {dag.py:3954} INFO - Setting next_dagrun for example_branch_python_operator_decorator to 2026-05-31 00:00:00+00:00, run_after=2026-06-01 00:00:00+00:00
[2026-06-01T12:12:33.761+0000] {processor.py:183} INFO - Processing /home/airflow/.local/lib/python3.11/site-packages/airflow/example_dags/example_branch_operator_decorator.py took 0.177 seconds
[2026-06-01T12:13:04.409+0000] {processor.py:161} INFO - Started process (PID=375) to work on /home/airflow/.local/lib/python3.11/site-packages/airflow/example_dags/example_branch_operator_decorator.py
[2026-06-01T12:13:04.411+0000] {processor.py:830} INFO - Processing file /home/airflow/.local/lib/python3.11/site-packages/airflow/example_dags/example_branch_operator_decorator.py for tasks to queue
[2026-06-01T12:13:04.414+0000] {logging_mixin.py:188} INFO - [2026-06-01T12:13:04.413+0000] {dagbag.py:545} INFO - Filling up the DagBag from /home/airflow/.local/lib/python3.11/site-packages/airflow/example_dags/example_branch_operator_decorator.py
[2026-06-01T12:13:04.444+0000] {processor.py:840} INFO - DAG(s) 'example_branch_python_operator_decorator' retrieved from /home/airflow/.local/lib/python3.11/site-packages/airflow/example_dags/example_branch_operator_decorator.py
[2026-06-01T12:13:04.479+0000] {logging_mixin.py:188} INFO - [2026-06-01T12:13:04.479+0000] {dag.py:3096} INFO - Sync 1 DAGs
[2026-06-01T12:13:04.506+0000] {logging_mixin.py:188} INFO - [2026-06-01T12:13:04.506+0000] {dag.py:3954} INFO - Setting next_dagrun for example_branch_python_operator_decorator to 2026-05-31 00:00:00+00:00, run_after=2026-06-01 00:00:00+00:00
[2026-06-01T12:13:04.532+0000] {processor.py:183} INFO - Processing /home/airflow/.local/lib/python3.11/site-packages/airflow/example_dags/example_branch_operator_decorator.py took 0.132 seconds
[2026-06-01T12:13:34.720+0000] {processor.py:161} INFO - Started process (PID=443) to work on /home/airflow/.local/lib/python3.11/site-packages/airflow/example_dags/example_branch_operator_decorator.py
[2026-06-01T12:13:34.721+0000] {processor.py:830} INFO - Processing file /home/airflow/.local/lib/python3.11/site-packages/airflow/example_dags/example_branch_operator_decorator.py for tasks to queue
[2026-06-01T12:13:34.724+0000] {logging_mixin.py:188} INFO - [2026-06-01T12:13:34.724+0000] {dagbag.py:545} INFO - Filling up the DagBag from /home/airflow/.local/lib/python3.11/site-packages/airflow/example_dags/example_branch_operator_decorator.py
[2026-06-01T12:13:34.745+0000] {processor.py:840} INFO - DAG(s) 'example_branch_python_operator_decorator' retrieved from /home/airflow/.local/lib/python3.11/site-packages/airflow/example_dags/example_branch_operator_decorator.py
[2026-06-01T12:13:34.780+0000] {logging_mixin.py:188} INFO - [2026-06-01T12:13:34.780+0000] {dag.py:3096} INFO - Sync 1 DAGs
[2026-06-01T12:13:34.806+0000] {logging_mixin.py:188} INFO - [2026-06-01T12:13:34.805+0000] {dag.py:3954} INFO - Setting next_dagrun for example_branch_python_operator_decorator to 2026-05-31 00:00:00+00:00, run_after=2026-06-01 00:00:00+00:00
[2026-06-01T12:13:34.827+0000] {processor.py:183} INFO - Processing /home/airflow/.local/lib/python3.11/site-packages/airflow/example_dags/example_branch_operator_decorator.py took 0.118 seconds
[2026-06-01T12:14:05.168+0000] {processor.py:161} INFO - Started process (PID=517) to work on /home/airflow/.local/lib/python3.11/site-packages/airflow/example_dags/example_branch_operator_decorator.py
[2026-06-01T12:14:05.172+0000] {processor.py:830} INFO - Processing file /home/airflow/.local/lib/python3.11/site-packages/airflow/example_dags/example_branch_operator_decorator.py for tasks to queue
[2026-06-01T12:14:05.176+0000] {logging_mixin.py:188} INFO - [2026-06-01T12:14:05.176+0000] {dagbag.py:545} INFO - Filling up the DagBag from /home/airflow/.local/lib/python3.11/site-packages/airflow/example_dags/example_branch_operator_decorator.py
[2026-06-01T12:14:05.227+0000] {processor.py:840} INFO - DAG(s) 'example_branch_python_operator_decorator' retrieved from /home/airflow/.local/lib/python3.11/site-packages/airflow/example_dags/example_branch_operator_decorator.py
[2026-06-01T12:14:05.283+0000] {logging_mixin.py:188} INFO - [2026-06-01T12:14:05.283+0000] {dag.py:3096} INFO - Sync 1 DAGs
[2026-06-01T12:14:05.322+0000] {logging_mixin.py:188} INFO - [2026-06-01T12:14:05.322+0000] {dag.py:3954} INFO - Setting next_dagrun for example_branch_python_operator_decorator to 2026-05-31 00:00:00+00:00, run_after=2026-06-01 00:00:00+00:00
[2026-06-01T12:14:05.359+0000] {processor.py:183} INFO - Processing /home/airflow/.local/lib/python3.11/site-packages/airflow/example_dags/example_branch_operator_decorator.py took 0.206 seconds
[2026-06-01T12:14:35.420+0000] {processor.py:161} INFO - Started process (PID=601) to work on /home/airflow/.local/lib/python3.11/site-packages/airflow/example_dags/example_branch_operator_decorator.py
[2026-06-01T12:14:35.422+0000] {processor.py:830} INFO - Processing file /home/airflow/.local/lib/python3.11/site-packages/airflow/example_dags/example_branch_operator_decorator.py for tasks to queue
[2026-06-01T12:14:35.424+0000] {logging_mixin.py:188} INFO - [2026-06-01T12:14:35.424+0000] {dagbag.py:545} INFO - Filling up the DagBag from /home/airflow/.local/lib/python3.11/site-packages/airflow/example_dags/example_branch_operator_decorator.py
[2026-06-01T12:14:35.450+0000] {processor.py:840} INFO - DAG(s) 'example_branch_python_operator_decorator' retrieved from /home/airflow/.local/lib/python3.11/site-packages/airflow/example_dags/example_branch_operator_decorator.py
[2026-06-01T12:14:35.500+0000] {logging_mixin.py:188} INFO - [2026-06-01T12:14:35.500+0000] {dag.py:3096} INFO - Sync 1 DAGs
[2026-06-01T12:14:35.550+0000] {logging_mixin.py:188} INFO - [2026-06-01T12:14:35.547+0000] {dag.py:3954} INFO - Setting next_dagrun for example_branch_python_operator_decorator to 2026-05-31 00:00:00+00:00, run_after=2026-06-01 00:00:00+00:00
[2026-06-01T12:14:35.597+0000] {processor.py:183} INFO - Processing /home/airflow/.local/lib/python3.11/site-packages/airflow/example_dags/example_branch_operator_decorator.py took 0.185 seconds
[2026-06-01T12:15:06.171+0000] {processor.py:161} INFO - Started process (PID=669) to work on /home/airflow/.local/lib/python3.11/site-packages/airflow/example_dags/example_branch_operator_decorator.py
[2026-06-01T12:15:06.173+0000] {processor.py:830} INFO - Processing file /home/airflow/.local/lib/python3.11/site-packages/airflow/example_dags/example_branch_operator_decorator.py for tasks to queue
[2026-06-01T12:15:06.176+0000] {logging_mixin.py:188} INFO - [2026-06-01T12:15:06.175+0000] {dagbag.py:545} INFO - Filling up the DagBag from /home/airflow/.local/lib/python3.11/site-packages/airflow/example_dags/example_branch_operator_decorator.py
[2026-06-01T12:15:06.205+0000] {processor.py:840} INFO - DAG(s) 'example_branch_python_operator_decorator' retrieved from /home/airflow/.local/lib/python3.11/site-packages/airflow/example_dags/example_branch_operator_decorator.py
[2026-06-01T12:15:06.243+0000] {logging_mixin.py:188} INFO - [2026-06-01T12:15:06.243+0000] {dag.py:3096} INFO - Sync 1 DAGs
[2026-06-01T12:15:06.276+0000] {logging_mixin.py:188} INFO - [2026-06-01T12:15:06.276+0000] {dag.py:3954} INFO - Setting next_dagrun for example_branch_python_operator_decorator to 2026-05-31 00:00:00+00:00, run_after=2026-06-01 00:00:00+00:00
[2026-06-01T12:15:06.305+0000] {processor.py:183} INFO - Processing /home/airflow/.local/lib/python3.11/site-packages/airflow/example_dags/example_branch_operator_decorator.py took 0.144 seconds
[2026-06-01T12:15:36.456+0000] {processor.py:161} INFO - Started process (PID=737) to work on /home/airflow/.local/lib/python3.11/site-packages/airflow/example_dags/example_branch_operator_decorator.py
[2026-06-01T12:15:36.457+0000] {processor.py:830} INFO - Processing file /home/airflow/.local/lib/python3.11/site-packages/airflow/example_dags/example_branch_operator_decorator.py for tasks to queue
[2026-06-01T12:15:36.459+0000] {logging_mixin.py:188} INFO - [2026-06-01T12:15:36.459+0000] {dagbag.py:545} INFO - Filling up the DagBag from /home/airflow/.local/lib/python3.11/site-packages/airflow/example_dags/example_branch_operator_decorator.py
[2026-06-01T12:15:36.481+0000] {processor.py:840} INFO - DAG(s) 'example_branch_python_operator_decorator' retrieved from /home/airflow/.local/lib/python3.11/site-packages/airflow/example_dags/example_branch_operator_decorator.py
[2026-06-01T12:15:36.510+0000] {logging_mixin.py:188} INFO - [2026-06-01T12:15:36.510+0000] {dag.py:3096} INFO - Sync 1 DAGs
[2026-06-01T12:15:36.533+0000] {logging_mixin.py:188} INFO - [2026-06-01T12:15:36.532+0000] {dag.py:3954} INFO - Setting next_dagrun for example_branch_python_operator_decorator to 2026-05-31 00:00:00+00:00, run_after=2026-06-01 00:00:00+00:00
[2026-06-01T12:15:36.556+0000] {processor.py:183} INFO - Processing /home/airflow/.local/lib/python3.11/site-packages/airflow/example_dags/example_branch_operator_decorator.py took 0.107 seconds
[2026-06-01T12:16:06.840+0000] {processor.py:161} INFO - Started process (PID=804) to work on /home/airflow/.local/lib/python3.11/site-packages/airflow/example_dags/example_branch_operator_decorator.py
[2026-06-01T12:16:06.841+0000] {processor.py:830} INFO - Processing file /home/airflow/.local/lib/python3.11/site-packages/airflow/example_dags/example_branch_operator_decorator.py for tasks to queue
[2026-06-01T12:16:06.843+0000] {logging_mixin.py:188} INFO - [2026-06-01T12:16:06.842+0000] {dagbag.py:545} INFO - Filling up the DagBag from /home/airflow/.local/lib/python3.11/site-packages/airflow/example_dags/example_branch_operator_decorator.py
[2026-06-01T12:16:06.865+0000] {processor.py:840} INFO - DAG(s) 'example_branch_python_operator_decorator' retrieved from /home/airflow/.local/lib/python3.11/site-packages/airflow/example_dags/example_branch_operator_decorator.py
[2026-06-01T12:16:06.893+0000] {logging_mixin.py:188} INFO - [2026-06-01T12:16:06.892+0000] {dag.py:3096} INFO - Sync 1 DAGs
[2026-06-01T12:16:06.916+0000] {logging_mixin.py:188} INFO - [2026-06-01T12:16:06.915+0000] {dag.py:3954} INFO - Setting next_dagrun for example_branch_python_operator_decorator to 2026-05-31 00:00:00+00:00, run_after=2026-06-01 00:00:00+00:00
[2026-06-01T12:16:06.936+0000] {processor.py:183} INFO - Processing /home/airflow/.local/lib/python3.11/site-packages/airflow/example_dags/example_branch_operator_decorator.py took 0.103 seconds
[2026-06-01T12:16:37.142+0000] {processor.py:161} INFO - Started process (PID=872) to work on /home/airflow/.local/lib/python3.11/site-packages/airflow/example_dags/example_branch_operator_decorator.py
[2026-06-01T12:16:37.143+0000] {processor.py:830} INFO - Processing file /home/airflow/.local/lib/python3.11/site-packages/airflow/example_dags/example_branch_operator_decorator.py for tasks to queue
[2026-06-01T12:16:37.146+0000] {logging_mixin.py:188} INFO - [2026-06-01T12:16:37.146+0000] {dagbag.py:545} INFO - Filling up the DagBag from /home/airflow/.local/lib/python3.11/site-packages/airflow/example_dags/example_branch_operator_decorator.py
[2026-06-01T12:16:37.180+0000] {processor.py:840} INFO - DAG(s) 'example_branch_python_operator_decorator' retrieved from /home/airflow/.local/lib/python3.11/site-packages/airflow/example_dags/example_branch_operator_decorator.py
[2026-06-01T12:16:37.217+0000] {logging_mixin.py:188} INFO - [2026-06-01T12:16:37.216+0000] {dag.py:3096} INFO - Sync 1 DAGs
[2026-06-01T12:16:37.246+0000] {logging_mixin.py:188} INFO - [2026-06-01T12:16:37.246+0000] {dag.py:3954} INFO - Setting next_dagrun for example_branch_python_operator_decorator to 2026-05-31 00:00:00+00:00, run_after=2026-06-01 00:00:00+00:00
[2026-06-01T12:16:37.271+0000] {processor.py:183} INFO - Processing /home/airflow/.local/lib/python3.11/site-packages/airflow/example_dags/example_branch_operator_decorator.py took 0.138 seconds
[2026-06-01T12:17:07.969+0000] {processor.py:161} INFO - Started process (PID=939) to work on /home/airflow/.local/lib/python3.11/site-packages/airflow/example_dags/example_branch_operator_decorator.py
[2026-06-01T12:17:07.972+0000] {processor.py:830} INFO - Processing file /home/airflow/.local/lib/python3.11/site-packages/airflow/example_dags/example_branch_operator_decorator.py for tasks to queue
[2026-06-01T12:17:07.975+0000] {logging_mixin.py:188} INFO - [2026-06-01T12:17:07.975+0000] {dagbag.py:545} INFO - Filling up the DagBag from /home/airflow/.local/lib/python3.11/site-packages/airflow/example_dags/example_branch_operator_decorator.py
[2026-06-01T12:17:08.018+0000] {processor.py:840} INFO - DAG(s) 'example_branch_python_operator_decorator' retrieved from /home/airflow/.local/lib/python3.11/site-packages/airflow/example_dags/example_branch_operator_decorator.py
[2026-06-01T12:17:08.063+0000] {logging_mixin.py:188} INFO - [2026-06-01T12:17:08.062+0000] {dag.py:3096} INFO - Sync 1 DAGs
[2026-06-01T12:17:08.102+0000] {logging_mixin.py:188} INFO - [2026-06-01T12:17:08.102+0000] {dag.py:3954} INFO - Setting next_dagrun for example_branch_python_operator_decorator to 2026-05-31 00:00:00+00:00, run_after=2026-06-01 00:00:00+00:00
[2026-06-01T12:17:08.136+0000] {processor.py:183} INFO - Processing /home/airflow/.local/lib/python3.11/site-packages/airflow/example_dags/example_branch_operator_decorator.py took 0.180 seconds
[2026-06-01T12:17:38.199+0000] {processor.py:161} INFO - Started process (PID=1007) to work on /home/airflow/.local/lib/python3.11/site-packages/airflow/example_dags/example_branch_operator_decorator.py
[2026-06-01T12:17:38.201+0000] {processor.py:830} INFO - Processing file /home/airflow/.local/lib/python3.11/site-packages/airflow/example_dags/example_branch_operator_decorator.py for tasks to queue
[2026-06-01T12:17:38.205+0000] {logging_mixin.py:188} INFO - [2026-06-01T12:17:38.204+0000] {dagbag.py:545} INFO - Filling up the DagBag from /home/airflow/.local/lib/python3.11/site-packages/airflow/example_dags/example_branch_operator_decorator.py
[2026-06-01T12:17:38.240+0000] {processor.py:840} INFO - DAG(s) 'example_branch_python_operator_decorator' retrieved from /home/airflow/.local/lib/python3.11/site-packages/airflow/example_dags/example_branch_operator_decorator.py
[2026-06-01T12:17:38.285+0000] {logging_mixin.py:188} INFO - [2026-06-01T12:17:38.285+0000] {dag.py:3096} INFO - Sync 1 DAGs
[2026-06-01T12:17:38.320+0000] {logging_mixin.py:188} INFO - [2026-06-01T12:17:38.320+0000] {dag.py:3954} INFO - Setting next_dagrun for example_branch_python_operator_decorator to 2026-05-31 00:00:00+00:00, run_after=2026-06-01 00:00:00+00:00
[2026-06-01T12:17:38.350+0000] {processor.py:183} INFO - Processing /home/airflow/.local/lib/python3.11/site-packages/airflow/example_dags/example_branch_operator_decorator.py took 0.160 seconds
[2026-06-01T12:18:08.577+0000] {processor.py:161} INFO - Started process (PID=1075) to work on /home/airflow/.local/lib/python3.11/site-packages/airflow/example_dags/example_branch_operator_decorator.py
[2026-06-01T12:18:08.579+0000] {processor.py:830} INFO - Processing file /home/airflow/.local/lib/python3.11/site-packages/airflow/example_dags/example_branch_operator_decorator.py for tasks to queue
[2026-06-01T12:18:08.581+0000] {logging_mixin.py:188} INFO - [2026-06-01T12:18:08.581+0000] {dagbag.py:545} INFO - Filling up the DagBag from /home/airflow/.local/lib/python3.11/site-packages/airflow/example_dags/example_branch_operator_decorator.py
[2026-06-01T12:18:08.610+0000] {processor.py:840} INFO - DAG(s) 'example_branch_python_operator_decorator' retrieved from /home/airflow/.local/lib/python3.11/site-packages/airflow/example_dags/example_branch_operator_decorator.py
[2026-06-01T12:18:08.651+0000] {logging_mixin.py:188} INFO - [2026-06-01T12:18:08.651+0000] {dag.py:3096} INFO - Sync 1 DAGs
[2026-06-01T12:18:08.686+0000] {logging_mixin.py:188} INFO - [2026-06-01T12:18:08.686+0000] {dag.py:3954} INFO - Setting next_dagrun for example_branch_python_operator_decorator to 2026-05-31 00:00:00+00:00, run_after=2026-06-01 00:00:00+00:00
[2026-06-01T12:18:08.717+0000] {processor.py:183} INFO - Processing /home/airflow/.local/lib/python3.11/site-packages/airflow/example_dags/example_branch_operator_decorator.py took 0.149 seconds
[2026-06-01T12:18:39.452+0000] {processor.py:161} INFO - Started process (PID=1143) to work on /home/airflow/.local/lib/python3.11/site-packages/airflow/example_dags/example_branch_operator_decorator.py
[2026-06-01T12:18:39.456+0000] {processor.py:830} INFO - Processing file /home/airflow/.local/lib/python3.11/site-packages/airflow/example_dags/example_branch_operator_decorator.py for tasks to queue
[2026-06-01T12:18:39.462+0000] {logging_mixin.py:188} INFO - [2026-06-01T12:18:39.461+0000] {dagbag.py:545} INFO - Filling up the DagBag from /home/airflow/.local/lib/python3.11/site-packages/airflow/example_dags/example_branch_operator_decorator.py
[2026-06-01T12:18:39.514+0000] {processor.py:840} INFO - DAG(s) 'example_branch_python_operator_decorator' retrieved from /home/airflow/.local/lib/python3.11/site-packages/airflow/example_dags/example_branch_operator_decorator.py
[2026-06-01T12:18:39.578+0000] {logging_mixin.py:188} INFO - [2026-06-01T12:18:39.577+0000] {dag.py:3096} INFO - Sync 1 DAGs
[2026-06-01T12:18:39.623+0000] {logging_mixin.py:188} INFO - [2026-06-01T12:18:39.622+0000] {dag.py:3954} INFO - Setting next_dagrun for example_branch_python_operator_decorator to 2026-05-31 00:00:00+00:00, run_after=2026-06-01 00:00:00+00:00
[2026-06-01T12:18:39.668+0000] {processor.py:183} INFO - Processing /home/airflow/.local/lib/python3.11/site-packages/airflow/example_dags/example_branch_operator_decorator.py took 0.232 seconds
[2026-06-01T12:19:11.371+0000] {processor.py:161} INFO - Started process (PID=1211) to work on /home/airflow/.local/lib/python3.11/site-packages/airflow/example_dags/example_branch_operator_decorator.py
[2026-06-01T12:19:11.375+0000] {processor.py:830} INFO - Processing file /home/airflow/.local/lib/python3.11/site-packages/airflow/example_dags/example_branch_operator_decorator.py for tasks to queue
[2026-06-01T12:19:11.379+0000] {logging_mixin.py:188} INFO - [2026-06-01T12:19:11.378+0000] {dagbag.py:545} INFO - Filling up the DagBag from /home/airflow/.local/lib/python3.11/site-packages/airflow/example_dags/example_branch_operator_decorator.py
[2026-06-01T12:19:11.485+0000] {processor.py:840} INFO - DAG(s) 'example_branch_python_operator_decorator' retrieved from /home/airflow/.local/lib/python3.11/site-packages/airflow/example_dags/example_branch_operator_decorator.py
[2026-06-01T12:19:11.679+0000] {logging_mixin.py:188} INFO - [2026-06-01T12:19:11.678+0000] {dag.py:3096} INFO - Sync 1 DAGs
[2026-06-01T12:19:11.897+0000] {logging_mixin.py:188} INFO - [2026-06-01T12:19:11.897+0000] {dag.py:3954} INFO - Setting next_dagrun for example_branch_python_operator_decorator to 2026-05-31 00:00:00+00:00, run_after=2026-06-01 00:00:00+00:00
[2026-06-01T12:19:12.047+0000] {processor.py:183} INFO - Processing /home/airflow/.local/lib/python3.11/site-packages/airflow/example_dags/example_branch_operator_decorator.py took 0.698 seconds
[2026-06-01T12:19:42.222+0000] {processor.py:161} INFO - Started process (PID=1268) to work on /home/airflow/.local/lib/python3.11/site-packages/airflow/example_dags/example_branch_operator_decorator.py
[2026-06-01T12:19:42.225+0000] {processor.py:830} INFO - Processing file /home/airflow/.local/lib/python3.11/site-packages/airflow/example_dags/example_branch_operator_decorator.py for tasks to queue
[2026-06-01T12:19:42.229+0000] {logging_mixin.py:188} INFO - [2026-06-01T12:19:42.228+0000] {dagbag.py:545} INFO - Filling up the DagBag from /home/airflow/.local/lib/python3.11/site-packages/airflow/example_dags/example_branch_operator_decorator.py
[2026-06-01T12:19:42.293+0000] {processor.py:840} INFO - DAG(s) 'example_branch_python_operator_decorator' retrieved from /home/airflow/.local/lib/python3.11/site-packages/airflow/example_dags/example_branch_operator_decorator.py
[2026-06-01T12:19:42.374+0000] {logging_mixin.py:188} INFO - [2026-06-01T12:19:42.373+0000] {dag.py:3096} INFO - Sync 1 DAGs
[2026-06-01T12:19:42.429+0000] {logging_mixin.py:188} INFO - [2026-06-01T12:19:42.428+0000] {dag.py:3954} INFO - Setting next_dagrun for example_branch_python_operator_decorator to 2026-05-31 00:00:00+00:00, run_after=2026-06-01 00:00:00+00:00
[2026-06-01T12:19:42.490+0000] {processor.py:183} INFO - Processing /home/airflow/.local/lib/python3.11/site-packages/airflow/example_dags/example_branch_operator_decorator.py took 0.286 seconds
[2026-06-01T12:20:12.940+0000] {processor.py:161} INFO - Started process (PID=1337) to work on /home/airflow/.local/lib/python3.11/site-packages/airflow/example_dags/example_branch_operator_decorator.py
[2026-06-01T12:20:12.943+0000] {processor.py:830} INFO - Processing file /home/airflow/.local/lib/python3.11/site-packages/airflow/example_dags/example_branch_operator_decorator.py for tasks to queue
[2026-06-01T12:20:12.948+0000] {logging_mixin.py:188} INFO - [2026-06-01T12:20:12.947+0000] {dagbag.py:545} INFO - Filling up the DagBag from /home/airflow/.local/lib/python3.11/site-packages/airflow/example_dags/example_branch_operator_decorator.py
[2026-06-01T12:20:13.053+0000] {processor.py:840} INFO - DAG(s) 'example_branch_python_operator_decorator' retrieved from /home/airflow/.local/lib/python3.11/site-packages/airflow/example_dags/example_branch_operator_decorator.py
[2026-06-01T12:20:13.142+0000] {logging_mixin.py:188} INFO - [2026-06-01T12:20:13.141+0000] {dag.py:3096} INFO - Sync 1 DAGs
[2026-06-01T12:20:13.215+0000] {logging_mixin.py:188} INFO - [2026-06-01T12:20:13.215+0000] {dag.py:3954} INFO - Setting next_dagrun for example_branch_python_operator_decorator to 2026-05-31 00:00:00+00:00, run_after=2026-06-01 00:00:00+00:00
[2026-06-01T12:20:13.325+0000] {processor.py:183} INFO - Processing /home/airflow/.local/lib/python3.11/site-packages/airflow/example_dags/example_branch_operator_decorator.py took 0.418 seconds
[2026-06-01T12:20:43.735+0000] {processor.py:161} INFO - Started process (PID=1405) to work on /home/airflow/.local/lib/python3.11/site-packages/airflow/example_dags/example_branch_operator_decorator.py
[2026-06-01T12:20:43.737+0000] {processor.py:830} INFO - Processing file /home/airflow/.local/lib/python3.11/site-packages/airflow/example_dags/example_branch_operator_decorator.py for tasks to queue
[2026-06-01T12:20:43.741+0000] {logging_mixin.py:188} INFO - [2026-06-01T12:20:43.740+0000] {dagbag.py:545} INFO - Filling up the DagBag from /home/airflow/.local/lib/python3.11/site-packages/airflow/example_dags/example_branch_operator_decorator.py
[2026-06-01T12:20:43.786+0000] {processor.py:840} INFO - DAG(s) 'example_branch_python_operator_decorator' retrieved from /home/airflow/.local/lib/python3.11/site-packages/airflow/example_dags/example_branch_operator_decorator.py
[2026-06-01T12:20:43.843+0000] {logging_mixin.py:188} INFO - [2026-06-01T12:20:43.841+0000] {dag.py:3096} INFO - Sync 1 DAGs
[2026-06-01T12:20:43.899+0000] {logging_mixin.py:188} INFO - [2026-06-01T12:20:43.898+0000] {dag.py:3954} INFO - Setting next_dagrun for example_branch_python_operator_decorator to 2026-05-31 00:00:00+00:00, run_after=2026-06-01 00:00:00+00:00
[2026-06-01T12:20:43.962+0000] {processor.py:183} INFO - Processing /home/airflow/.local/lib/python3.11/site-packages/airflow/example_dags/example_branch_operator_decorator.py took 0.240 seconds
[2026-06-01T12:21:14.108+0000] {processor.py:161} INFO - Started process (PID=1473) to work on /home/airflow/.local/lib/python3.11/site-packages/airflow/example_dags/example_branch_operator_decorator.py
[2026-06-01T12:21:14.110+0000] {processor.py:830} INFO - Processing file /home/airflow/.local/lib/python3.11/site-packages/airflow/example_dags/example_branch_operator_decorator.py for tasks to queue
[2026-06-01T12:21:14.113+0000] {logging_mixin.py:188} INFO - [2026-06-01T12:21:14.113+0000] {dagbag.py:545} INFO - Filling up the DagBag from /home/airflow/.local/lib/python3.11/site-packages/airflow/example_dags/example_branch_operator_decorator.py
[2026-06-01T12:21:14.169+0000] {processor.py:840} INFO - DAG(s) 'example_branch_python_operator_decorator' retrieved from /home/airflow/.local/lib/python3.11/site-packages/airflow/example_dags/example_branch_operator_decorator.py
[2026-06-01T12:21:14.229+0000] {logging_mixin.py:188} INFO - [2026-06-01T12:21:14.229+0000] {dag.py:3096} INFO - Sync 1 DAGs
[2026-06-01T12:21:14.273+0000] {logging_mixin.py:188} INFO - [2026-06-01T12:21:14.272+0000] {dag.py:3954} INFO - Setting next_dagrun for example_branch_python_operator_decorator to 2026-05-31 00:00:00+00:00, run_after=2026-06-01 00:00:00+00:00
[2026-06-01T12:21:14.309+0000] {processor.py:183} INFO - Processing /home/airflow/.local/lib/python3.11/site-packages/airflow/example_dags/example_branch_operator_decorator.py took 0.215 seconds
[2026-06-01T12:21:45.003+0000] {processor.py:161} INFO - Started process (PID=1541) to work on /home/airflow/.local/lib/python3.11/site-packages/airflow/example_dags/example_branch_operator_decorator.py
[2026-06-01T12:21:45.024+0000] {processor.py:830} INFO - Processing file /home/airflow/.local/lib/python3.11/site-packages/airflow/example_dags/example_branch_operator_decorator.py for tasks to queue
[2026-06-01T12:21:45.041+0000] {logging_mixin.py:188} INFO - [2026-06-01T12:21:45.040+0000] {dagbag.py:545} INFO - Filling up the DagBag from /home/airflow/.local/lib/python3.11/site-packages/airflow/example_dags/example_branch_operator_decorator.py
[2026-06-01T12:21:45.169+0000] {processor.py:840} INFO - DAG(s) 'example_branch_python_operator_decorator' retrieved from /home/airflow/.local/lib/python3.11/site-packages/airflow/example_dags/example_branch_operator_decorator.py
[2026-06-01T12:21:45.304+0000] {logging_mixin.py:188} INFO - [2026-06-01T12:21:45.303+0000] {dag.py:3096} INFO - Sync 1 DAGs
[2026-06-01T12:21:45.366+0000] {logging_mixin.py:188} INFO - [2026-06-01T12:21:45.366+0000] {dag.py:3954} INFO - Setting next_dagrun for example_branch_python_operator_decorator to 2026-05-31 00:00:00+00:00, run_after=2026-06-01 00:00:00+00:00
[2026-06-01T12:21:45.428+0000] {processor.py:183} INFO - Processing /home/airflow/.local/lib/python3.11/site-packages/airflow/example_dags/example_branch_operator_decorator.py took 0.450 seconds
[2026-06-01T12:22:16.197+0000] {processor.py:161} INFO - Started process (PID=1608) to work on /home/airflow/.local/lib/python3.11/site-packages/airflow/example_dags/example_branch_operator_decorator.py
[2026-06-01T12:22:16.206+0000] {processor.py:830} INFO - Processing file /home/airflow/.local/lib/python3.11/site-packages/airflow/example_dags/example_branch_operator_decorator.py for tasks to queue
[2026-06-01T12:22:16.215+0000] {logging_mixin.py:188} INFO - [2026-06-01T12:22:16.214+0000] {dagbag.py:545} INFO - Filling up the DagBag from /home/airflow/.local/lib/python3.11/site-packages/airflow/example_dags/example_branch_operator_decorator.py
[2026-06-01T12:22:16.333+0000] {processor.py:840} INFO - DAG(s) 'example_branch_python_operator_decorator' retrieved from /home/airflow/.local/lib/python3.11/site-packages/airflow/example_dags/example_branch_operator_decorator.py
[2026-06-01T12:22:16.426+0000] {logging_mixin.py:188} INFO - [2026-06-01T12:22:16.426+0000] {dag.py:3096} INFO - Sync 1 DAGs
[2026-06-01T12:22:16.511+0000] {logging_mixin.py:188} INFO - [2026-06-01T12:22:16.511+0000] {dag.py:3954} INFO - Setting next_dagrun for example_branch_python_operator_decorator to 2026-05-31 00:00:00+00:00, run_after=2026-06-01 00:00:00+00:00
[2026-06-01T12:22:16.564+0000] {processor.py:183} INFO - Processing /home/airflow/.local/lib/python3.11/site-packages/airflow/example_dags/example_branch_operator_decorator.py took 0.385 seconds
[2026-06-01T12:22:47.254+0000] {processor.py:161} INFO - Started process (PID=1677) to work on /home/airflow/.local/lib/python3.11/site-packages/airflow/example_dags/example_branch_operator_decorator.py
[2026-06-01T12:22:47.255+0000] {processor.py:830} INFO - Processing file /home/airflow/.local/lib/python3.11/site-packages/airflow/example_dags/example_branch_operator_decorator.py for tasks to queue
[2026-06-01T12:22:47.259+0000] {logging_mixin.py:188} INFO - [2026-06-01T12:22:47.258+0000] {dagbag.py:545} INFO - Filling up the DagBag from /home/airflow/.local/lib/python3.11/site-packages/airflow/example_dags/example_branch_operator_decorator.py
[2026-06-01T12:22:47.309+0000] {processor.py:840} INFO - DAG(s) 'example_branch_python_operator_decorator' retrieved from /home/airflow/.local/lib/python3.11/site-packages/airflow/example_dags/example_branch_operator_decorator.py
[2026-06-01T12:22:47.382+0000] {logging_mixin.py:188} INFO - [2026-06-01T12:22:47.381+0000] {dag.py:3096} INFO - Sync 1 DAGs
[2026-06-01T12:22:47.427+0000] {logging_mixin.py:188} INFO - [2026-06-01T12:22:47.427+0000] {dag.py:3954} INFO - Setting next_dagrun for example_branch_python_operator_decorator to 2026-05-31 00:00:00+00:00, run_after=2026-06-01 00:00:00+00:00
[2026-06-01T12:22:47.462+0000] {processor.py:183} INFO - Processing /home/airflow/.local/lib/python3.11/site-packages/airflow/example_dags/example_branch_operator_decorator.py took 0.235 seconds
[2026-06-01T12:23:18.086+0000] {processor.py:161} INFO - Started process (PID=1745) to work on /home/airflow/.local/lib/python3.11/site-packages/airflow/example_dags/example_branch_operator_decorator.py
[2026-06-01T12:23:18.095+0000] {processor.py:830} INFO - Processing file /home/airflow/.local/lib/python3.11/site-packages/airflow/example_dags/example_branch_operator_decorator.py for tasks to queue
[2026-06-01T12:23:18.135+0000] {logging_mixin.py:188} INFO - [2026-06-01T12:23:18.122+0000] {dagbag.py:545} INFO - Filling up the DagBag from /home/airflow/.local/lib/python3.11/site-packages/airflow/example_dags/example_branch_operator_decorator.py
[2026-06-01T12:23:18.236+0000] {processor.py:840} INFO - DAG(s) 'example_branch_python_operator_decorator' retrieved from /home/airflow/.local/lib/python3.11/site-packages/airflow/example_dags/example_branch_operator_decorator.py
[2026-06-01T12:23:18.383+0000] {logging_mixin.py:188} INFO - [2026-06-01T12:23:18.382+0000] {dag.py:3096} INFO - Sync 1 DAGs
[2026-06-01T12:23:18.517+0000] {logging_mixin.py:188} INFO - [2026-06-01T12:23:18.516+0000] {dag.py:3954} INFO - Setting next_dagrun for example_branch_python_operator_decorator to 2026-05-31 00:00:00+00:00, run_after=2026-06-01 00:00:00+00:00
[2026-06-01T12:23:18.666+0000] {processor.py:183} INFO - Processing /home/airflow/.local/lib/python3.11/site-packages/airflow/example_dags/example_branch_operator_decorator.py took 0.601 seconds
[2026-06-01T12:23:50.199+0000] {processor.py:161} INFO - Started process (PID=1813) to work on /home/airflow/.local/lib/python3.11/site-packages/airflow/example_dags/example_branch_operator_decorator.py
[2026-06-01T12:23:50.208+0000] {processor.py:830} INFO - Processing file /home/airflow/.local/lib/python3.11/site-packages/airflow/example_dags/example_branch_operator_decorator.py for tasks to queue
[2026-06-01T12:23:50.217+0000] {logging_mixin.py:188} INFO - [2026-06-01T12:23:50.216+0000] {dagbag.py:545} INFO - Filling up the DagBag from /home/airflow/.local/lib/python3.11/site-packages/airflow/example_dags/example_branch_operator_decorator.py
[2026-06-01T12:23:50.312+0000] {processor.py:840} INFO - DAG(s) 'example_branch_python_operator_decorator' retrieved from /home/airflow/.local/lib/python3.11/site-packages/airflow/example_dags/example_branch_operator_decorator.py
[2026-06-01T12:23:50.468+0000] {logging_mixin.py:188} INFO - [2026-06-01T12:23:50.462+0000] {dag.py:3096} INFO - Sync 1 DAGs
[2026-06-01T12:23:50.548+0000] {logging_mixin.py:188} INFO - [2026-06-01T12:23:50.548+0000] {dag.py:3954} INFO - Setting next_dagrun for example_branch_python_operator_decorator to 2026-05-31 00:00:00+00:00, run_after=2026-06-01 00:00:00+00:00
[2026-06-01T12:23:50.642+0000] {processor.py:183} INFO - Processing /home/airflow/.local/lib/python3.11/site-packages/airflow/example_dags/example_branch_operator_decorator.py took 0.469 seconds
[2026-06-01T12:24:20.940+0000] {processor.py:161} INFO - Started process (PID=1871) to work on /home/airflow/.local/lib/python3.11/site-packages/airflow/example_dags/example_branch_operator_decorator.py
[2026-06-01T12:24:20.946+0000] {processor.py:830} INFO - Processing file /home/airflow/.local/lib/python3.11/site-packages/airflow/example_dags/example_branch_operator_decorator.py for tasks to queue
[2026-06-01T12:24:20.951+0000] {logging_mixin.py:188} INFO - [2026-06-01T12:24:20.950+0000] {dagbag.py:545} INFO - Filling up the DagBag from /home/airflow/.local/lib/python3.11/site-packages/airflow/example_dags/example_branch_operator_decorator.py
[2026-06-01T12:24:21.048+0000] {processor.py:840} INFO - DAG(s) 'example_branch_python_operator_decorator' retrieved from /home/airflow/.local/lib/python3.11/site-packages/airflow/example_dags/example_branch_operator_decorator.py
[2026-06-01T12:24:21.134+0000] {logging_mixin.py:188} INFO - [2026-06-01T12:24:21.134+0000] {dag.py:3096} INFO - Sync 1 DAGs
[2026-06-01T12:24:21.201+0000] {logging_mixin.py:188} INFO - [2026-06-01T12:24:21.201+0000] {dag.py:3954} INFO - Setting next_dagrun for example_branch_python_operator_decorator to 2026-05-31 00:00:00+00:00, run_after=2026-06-01 00:00:00+00:00
[2026-06-01T12:24:21.264+0000] {processor.py:183} INFO - Processing /home/airflow/.local/lib/python3.11/site-packages/airflow/example_dags/example_branch_operator_decorator.py took 0.337 seconds
[2026-06-01T12:24:51.567+0000] {processor.py:161} INFO - Started process (PID=1940) to work on /home/airflow/.local/lib/python3.11/site-packages/airflow/example_dags/example_branch_operator_decorator.py
[2026-06-01T12:24:51.573+0000] {processor.py:830} INFO - Processing file /home/airflow/.local/lib/python3.11/site-packages/airflow/example_dags/example_branch_operator_decorator.py for tasks to queue
[2026-06-01T12:24:51.595+0000] {logging_mixin.py:188} INFO - [2026-06-01T12:24:51.592+0000] {dagbag.py:545} INFO - Filling up the DagBag from /home/airflow/.local/lib/python3.11/site-packages/airflow/example_dags/example_branch_operator_decorator.py
[2026-06-01T12:24:51.664+0000] {processor.py:840} INFO - DAG(s) 'example_branch_python_operator_decorator' retrieved from /home/airflow/.local/lib/python3.11/site-packages/airflow/example_dags/example_branch_operator_decorator.py
[2026-06-01T12:24:51.761+0000] {logging_mixin.py:188} INFO - [2026-06-01T12:24:51.761+0000] {dag.py:3096} INFO - Sync 1 DAGs
[2026-06-01T12:24:51.867+0000] {logging_mixin.py:188} INFO - [2026-06-01T12:24:51.867+0000] {dag.py:3954} INFO - Setting next_dagrun for example_branch_python_operator_decorator to 2026-05-31 00:00:00+00:00, run_after=2026-06-01 00:00:00+00:00
[2026-06-01T12:24:51.942+0000] {processor.py:183} INFO - Processing /home/airflow/.local/lib/python3.11/site-packages/airflow/example_dags/example_branch_operator_decorator.py took 0.398 seconds
[2026-06-01T12:25:22.479+0000] {processor.py:161} INFO - Started process (PID=2008) to work on /home/airflow/.local/lib/python3.11/site-packages/airflow/example_dags/example_branch_operator_decorator.py
[2026-06-01T12:25:22.485+0000] {processor.py:830} INFO - Processing file /home/airflow/.local/lib/python3.11/site-packages/airflow/example_dags/example_branch_operator_decorator.py for tasks to queue
[2026-06-01T12:25:22.489+0000] {logging_mixin.py:188} INFO - [2026-06-01T12:25:22.489+0000] {dagbag.py:545} INFO - Filling up the DagBag from /home/airflow/.local/lib/python3.11/site-packages/airflow/example_dags/example_branch_operator_decorator.py
[2026-06-01T12:25:22.531+0000] {processor.py:840} INFO - DAG(s) 'example_branch_python_operator_decorator' retrieved from /home/airflow/.local/lib/python3.11/site-packages/airflow/example_dags/example_branch_operator_decorator.py
[2026-06-01T12:25:22.587+0000] {logging_mixin.py:188} INFO - [2026-06-01T12:25:22.587+0000] {dag.py:3096} INFO - Sync 1 DAGs
[2026-06-01T12:25:22.634+0000] {logging_mixin.py:188} INFO - [2026-06-01T12:25:22.634+0000] {dag.py:3954} INFO - Setting next_dagrun for example_branch_python_operator_decorator to 2026-05-31 00:00:00+00:00, run_after=2026-06-01 00:00:00+00:00
[2026-06-01T12:25:22.676+0000] {processor.py:183} INFO - Processing /home/airflow/.local/lib/python3.11/site-packages/airflow/example_dags/example_branch_operator_decorator.py took 0.208 seconds
[2026-06-01T12:25:53.238+0000] {processor.py:161} INFO - Started process (PID=2076) to work on /home/airflow/.local/lib/python3.11/site-packages/airflow/example_dags/example_branch_operator_decorator.py
[2026-06-01T12:25:53.252+0000] {processor.py:830} INFO - Processing file /home/airflow/.local/lib/python3.11/site-packages/airflow/example_dags/example_branch_operator_decorator.py for tasks to queue
[2026-06-01T12:25:53.265+0000] {logging_mixin.py:188} INFO - [2026-06-01T12:25:53.264+0000] {dagbag.py:545} INFO - Filling up the DagBag from /home/airflow/.local/lib/python3.11/site-packages/airflow/example_dags/example_branch_operator_decorator.py
[2026-06-01T12:25:53.347+0000] {processor.py:840} INFO - DAG(s) 'example_branch_python_operator_decorator' retrieved from /home/airflow/.local/lib/python3.11/site-packages/airflow/example_dags/example_branch_operator_decorator.py
[2026-06-01T12:25:53.431+0000] {logging_mixin.py:188} INFO - [2026-06-01T12:25:53.431+0000] {dag.py:3096} INFO - Sync 1 DAGs
[2026-06-01T12:25:53.519+0000] {logging_mixin.py:188} INFO - [2026-06-01T12:25:53.519+0000] {dag.py:3954} INFO - Setting next_dagrun for example_branch_python_operator_decorator to 2026-05-31 00:00:00+00:00, run_after=2026-06-01 00:00:00+00:00
[2026-06-01T12:25:53.586+0000] {processor.py:183} INFO - Processing /home/airflow/.local/lib/python3.11/site-packages/airflow/example_dags/example_branch_operator_decorator.py took 0.370 seconds
[2026-06-01T12:26:24.295+0000] {processor.py:161} INFO - Started process (PID=2149) to work on /home/airflow/.local/lib/python3.11/site-packages/airflow/example_dags/example_branch_operator_decorator.py
[2026-06-01T12:26:24.297+0000] {processor.py:830} INFO - Processing file /home/airflow/.local/lib/python3.11/site-packages/airflow/example_dags/example_branch_operator_decorator.py for tasks to queue
[2026-06-01T12:26:24.302+0000] {logging_mixin.py:188} INFO - [2026-06-01T12:26:24.301+0000] {dagbag.py:545} INFO - Filling up the DagBag from /home/airflow/.local/lib/python3.11/site-packages/airflow/example_dags/example_branch_operator_decorator.py
[2026-06-01T12:26:24.348+0000] {processor.py:840} INFO - DAG(s) 'example_branch_python_operator_decorator' retrieved from /home/airflow/.local/lib/python3.11/site-packages/airflow/example_dags/example_branch_operator_decorator.py
[2026-06-01T12:26:24.424+0000] {logging_mixin.py:188} INFO - [2026-06-01T12:26:24.424+0000] {dag.py:3096} INFO - Sync 1 DAGs
[2026-06-01T12:26:24.466+0000] {logging_mixin.py:188} INFO - [2026-06-01T12:26:24.466+0000] {dag.py:3954} INFO - Setting next_dagrun for example_branch_python_operator_decorator to 2026-05-31 00:00:00+00:00, run_after=2026-06-01 00:00:00+00:00
[2026-06-01T12:26:24.525+0000] {processor.py:183} INFO - Processing /home/airflow/.local/lib/python3.11/site-packages/airflow/example_dags/example_branch_operator_decorator.py took 0.245 seconds
[2026-06-01T12:26:54.740+0000] {processor.py:161} INFO - Started process (PID=2217) to work on /home/airflow/.local/lib/python3.11/site-packages/airflow/example_dags/example_branch_operator_decorator.py
[2026-06-01T12:26:54.742+0000] {processor.py:830} INFO - Processing file /home/airflow/.local/lib/python3.11/site-packages/airflow/example_dags/example_branch_operator_decorator.py for tasks to queue
[2026-06-01T12:26:54.745+0000] {logging_mixin.py:188} INFO - [2026-06-01T12:26:54.744+0000] {dagbag.py:545} INFO - Filling up the DagBag from /home/airflow/.local/lib/python3.11/site-packages/airflow/example_dags/example_branch_operator_decorator.py
[2026-06-01T12:26:54.779+0000] {processor.py:840} INFO - DAG(s) 'example_branch_python_operator_decorator' retrieved from /home/airflow/.local/lib/python3.11/site-packages/airflow/example_dags/example_branch_operator_decorator.py
[2026-06-01T12:26:54.834+0000] {logging_mixin.py:188} INFO - [2026-06-01T12:26:54.834+0000] {dag.py:3096} INFO - Sync 1 DAGs
[2026-06-01T12:26:54.871+0000] {logging_mixin.py:188} INFO - [2026-06-01T12:26:54.870+0000] {dag.py:3954} INFO - Setting next_dagrun for example_branch_python_operator_decorator to 2026-05-31 00:00:00+00:00, run_after=2026-06-01 00:00:00+00:00
[2026-06-01T12:26:54.903+0000] {processor.py:183} INFO - Processing /home/airflow/.local/lib/python3.11/site-packages/airflow/example_dags/example_branch_operator_decorator.py took 0.180 seconds
[2026-06-01T12:27:25.888+0000] {processor.py:161} INFO - Started process (PID=2285) to work on /home/airflow/.local/lib/python3.11/site-packages/airflow/example_dags/example_branch_operator_decorator.py
[2026-06-01T12:27:25.889+0000] {processor.py:830} INFO - Processing file /home/airflow/.local/lib/python3.11/site-packages/airflow/example_dags/example_branch_operator_decorator.py for tasks to queue
[2026-06-01T12:27:25.893+0000] {logging_mixin.py:188} INFO - [2026-06-01T12:27:25.892+0000] {dagbag.py:545} INFO - Filling up the DagBag from /home/airflow/.local/lib/python3.11/site-packages/airflow/example_dags/example_branch_operator_decorator.py
[2026-06-01T12:27:25.943+0000] {processor.py:840} INFO - DAG(s) 'example_branch_python_operator_decorator' retrieved from /home/airflow/.local/lib/python3.11/site-packages/airflow/example_dags/example_branch_operator_decorator.py
[2026-06-01T12:27:26.028+0000] {logging_mixin.py:188} INFO - [2026-06-01T12:27:26.028+0000] {dag.py:3096} INFO - Sync 1 DAGs
[2026-06-01T12:27:26.165+0000] {logging_mixin.py:188} INFO - [2026-06-01T12:27:26.165+0000] {dag.py:3954} INFO - Setting next_dagrun for example_branch_python_operator_decorator to 2026-05-31 00:00:00+00:00, run_after=2026-06-01 00:00:00+00:00
[2026-06-01T12:27:26.232+0000] {processor.py:183} INFO - Processing /home/airflow/.local/lib/python3.11/site-packages/airflow/example_dags/example_branch_operator_decorator.py took 0.370 seconds
[2026-06-01T12:27:56.566+0000] {processor.py:161} INFO - Started process (PID=2353) to work on /home/airflow/.local/lib/python3.11/site-packages/airflow/example_dags/example_branch_operator_decorator.py
[2026-06-01T12:27:56.567+0000] {processor.py:830} INFO - Processing file /home/airflow/.local/lib/python3.11/site-packages/airflow/example_dags/example_branch_operator_decorator.py for tasks to queue
[2026-06-01T12:27:56.570+0000] {logging_mixin.py:188} INFO - [2026-06-01T12:27:56.570+0000] {dagbag.py:545} INFO - Filling up the DagBag from /home/airflow/.local/lib/python3.11/site-packages/airflow/example_dags/example_branch_operator_decorator.py
[2026-06-01T12:27:56.610+0000] {processor.py:840} INFO - DAG(s) 'example_branch_python_operator_decorator' retrieved from /home/airflow/.local/lib/python3.11/site-packages/airflow/example_dags/example_branch_operator_decorator.py
[2026-06-01T12:27:56.654+0000] {logging_mixin.py:188} INFO - [2026-06-01T12:27:56.654+0000] {dag.py:3096} INFO - Sync 1 DAGs
[2026-06-01T12:27:56.689+0000] {logging_mixin.py:188} INFO - [2026-06-01T12:27:56.689+0000] {dag.py:3954} INFO - Setting next_dagrun for example_branch_python_operator_decorator to 2026-05-31 00:00:00+00:00, run_after=2026-06-01 00:00:00+00:00
[2026-06-01T12:27:56.720+0000] {processor.py:183} INFO - Processing /home/airflow/.local/lib/python3.11/site-packages/airflow/example_dags/example_branch_operator_decorator.py took 0.164 seconds
[2026-06-01T12:28:27.996+0000] {processor.py:161} INFO - Started process (PID=2414) to work on /home/airflow/.local/lib/python3.11/site-packages/airflow/example_dags/example_branch_operator_decorator.py
[2026-06-01T12:28:28.001+0000] {processor.py:830} INFO - Processing file /home/airflow/.local/lib/python3.11/site-packages/airflow/example_dags/example_branch_operator_decorator.py for tasks to queue
[2026-06-01T12:28:28.004+0000] {logging_mixin.py:188} INFO - [2026-06-01T12:28:28.004+0000] {dagbag.py:545} INFO - Filling up the DagBag from /home/airflow/.local/lib/python3.11/site-packages/airflow/example_dags/example_branch_operator_decorator.py
[2026-06-01T12:28:28.104+0000] {processor.py:840} INFO - DAG(s) 'example_branch_python_operator_decorator' retrieved from /home/airflow/.local/lib/python3.11/site-packages/airflow/example_dags/example_branch_operator_decorator.py
[2026-06-01T12:28:28.246+0000] {logging_mixin.py:188} INFO - [2026-06-01T12:28:28.245+0000] {dag.py:3096} INFO - Sync 1 DAGs
[2026-06-01T12:28:28.337+0000] {logging_mixin.py:188} INFO - [2026-06-01T12:28:28.336+0000] {dag.py:3954} INFO - Setting next_dagrun for example_branch_python_operator_decorator to 2026-05-31 00:00:00+00:00, run_after=2026-06-01 00:00:00+00:00
[2026-06-01T12:28:28.424+0000] {processor.py:183} INFO - Processing /home/airflow/.local/lib/python3.11/site-packages/airflow/example_dags/example_branch_operator_decorator.py took 0.456 seconds
[2026-06-01T12:28:59.190+0000] {processor.py:161} INFO - Started process (PID=2481) to work on /home/airflow/.local/lib/python3.11/site-packages/airflow/example_dags/example_branch_operator_decorator.py
[2026-06-01T12:28:59.205+0000] {processor.py:830} INFO - Processing file /home/airflow/.local/lib/python3.11/site-packages/airflow/example_dags/example_branch_operator_decorator.py for tasks to queue
[2026-06-01T12:28:59.211+0000] {logging_mixin.py:188} INFO - [2026-06-01T12:28:59.210+0000] {dagbag.py:545} INFO - Filling up the DagBag from /home/airflow/.local/lib/python3.11/site-packages/airflow/example_dags/example_branch_operator_decorator.py
[2026-06-01T12:28:59.351+0000] {processor.py:840} INFO - DAG(s) 'example_branch_python_operator_decorator' retrieved from /home/airflow/.local/lib/python3.11/site-packages/airflow/example_dags/example_branch_operator_decorator.py
[2026-06-01T12:28:59.577+0000] {logging_mixin.py:188} INFO - [2026-06-01T12:28:59.577+0000] {dag.py:3096} INFO - Sync 1 DAGs
[2026-06-01T12:28:59.702+0000] {logging_mixin.py:188} INFO - [2026-06-01T12:28:59.701+0000] {dag.py:3954} INFO - Setting next_dagrun for example_branch_python_operator_decorator to 2026-05-31 00:00:00+00:00, run_after=2026-06-01 00:00:00+00:00
[2026-06-01T12:28:59.806+0000] {processor.py:183} INFO - Processing /home/airflow/.local/lib/python3.11/site-packages/airflow/example_dags/example_branch_operator_decorator.py took 0.658 seconds
[2026-06-01T12:29:30.531+0000] {processor.py:161} INFO - Started process (PID=2549) to work on /home/airflow/.local/lib/python3.11/site-packages/airflow/example_dags/example_branch_operator_decorator.py
[2026-06-01T12:29:30.536+0000] {processor.py:830} INFO - Processing file /home/airflow/.local/lib/python3.11/site-packages/airflow/example_dags/example_branch_operator_decorator.py for tasks to queue
[2026-06-01T12:29:30.541+0000] {logging_mixin.py:188} INFO - [2026-06-01T12:29:30.541+0000] {dagbag.py:545} INFO - Filling up the DagBag from /home/airflow/.local/lib/python3.11/site-packages/airflow/example_dags/example_branch_operator_decorator.py
[2026-06-01T12:29:30.571+0000] {processor.py:840} INFO - DAG(s) 'example_branch_python_operator_decorator' retrieved from /home/airflow/.local/lib/python3.11/site-packages/airflow/example_dags/example_branch_operator_decorator.py
[2026-06-01T12:29:30.610+0000] {logging_mixin.py:188} INFO - [2026-06-01T12:29:30.610+0000] {dag.py:3096} INFO - Sync 1 DAGs
[2026-06-01T12:29:30.644+0000] {logging_mixin.py:188} INFO - [2026-06-01T12:29:30.643+0000] {dag.py:3954} INFO - Setting next_dagrun for example_branch_python_operator_decorator to 2026-05-31 00:00:00+00:00, run_after=2026-06-01 00:00:00+00:00
[2026-06-01T12:29:30.684+0000] {processor.py:183} INFO - Processing /home/airflow/.local/lib/python3.11/site-packages/airflow/example_dags/example_branch_operator_decorator.py took 0.161 seconds
[2026-06-01T12:30:00.889+0000] {processor.py:161} INFO - Started process (PID=2617) to work on /home/airflow/.local/lib/python3.11/site-packages/airflow/example_dags/example_branch_operator_decorator.py
[2026-06-01T12:30:00.894+0000] {processor.py:830} INFO - Processing file /home/airflow/.local/lib/python3.11/site-packages/airflow/example_dags/example_branch_operator_decorator.py for tasks to queue
[2026-06-01T12:30:00.897+0000] {logging_mixin.py:188} INFO - [2026-06-01T12:30:00.896+0000] {dagbag.py:545} INFO - Filling up the DagBag from /home/airflow/.local/lib/python3.11/site-packages/airflow/example_dags/example_branch_operator_decorator.py
[2026-06-01T12:30:00.943+0000] {processor.py:840} INFO - DAG(s) 'example_branch_python_operator_decorator' retrieved from /home/airflow/.local/lib/python3.11/site-packages/airflow/example_dags/example_branch_operator_decorator.py
[2026-06-01T12:30:01.031+0000] {logging_mixin.py:188} INFO - [2026-06-01T12:30:01.031+0000] {dag.py:3096} INFO - Sync 1 DAGs
[2026-06-01T12:30:01.136+0000] {logging_mixin.py:188} INFO - [2026-06-01T12:30:01.135+0000] {dag.py:3954} INFO - Setting next_dagrun for example_branch_python_operator_decorator to 2026-05-31 00:00:00+00:00, run_after=2026-06-01 00:00:00+00:00
[2026-06-01T12:30:01.231+0000] {processor.py:183} INFO - Processing /home/airflow/.local/lib/python3.11/site-packages/airflow/example_dags/example_branch_operator_decorator.py took 0.351 seconds
[2026-06-01T12:30:31.546+0000] {processor.py:161} INFO - Started process (PID=2684) to work on /home/airflow/.local/lib/python3.11/site-packages/airflow/example_dags/example_branch_operator_decorator.py
[2026-06-01T12:30:31.551+0000] {processor.py:830} INFO - Processing file /home/airflow/.local/lib/python3.11/site-packages/airflow/example_dags/example_branch_operator_decorator.py for tasks to queue
[2026-06-01T12:30:31.555+0000] {logging_mixin.py:188} INFO - [2026-06-01T12:30:31.554+0000] {dagbag.py:545} INFO - Filling up the DagBag from /home/airflow/.local/lib/python3.11/site-packages/airflow/example_dags/example_branch_operator_decorator.py
[2026-06-01T12:30:31.583+0000] {processor.py:840} INFO - DAG(s) 'example_branch_python_operator_decorator' retrieved from /home/airflow/.local/lib/python3.11/site-packages/airflow/example_dags/example_branch_operator_decorator.py
[2026-06-01T12:30:31.625+0000] {logging_mixin.py:188} INFO - [2026-06-01T12:30:31.625+0000] {dag.py:3096} INFO - Sync 1 DAGs
[2026-06-01T12:30:31.659+0000] {logging_mixin.py:188} INFO - [2026-06-01T12:30:31.659+0000] {dag.py:3954} INFO - Setting next_dagrun for example_branch_python_operator_decorator to 2026-05-31 00:00:00+00:00, run_after=2026-06-01 00:00:00+00:00
[2026-06-01T12:30:31.693+0000] {processor.py:183} INFO - Processing /home/airflow/.local/lib/python3.11/site-packages/airflow/example_dags/example_branch_operator_decorator.py took 0.155 seconds
[2026-06-01T12:31:02.128+0000] {processor.py:161} INFO - Started process (PID=2752) to work on /home/airflow/.local/lib/python3.11/site-packages/airflow/example_dags/example_branch_operator_decorator.py
[2026-06-01T12:31:02.131+0000] {processor.py:830} INFO - Processing file /home/airflow/.local/lib/python3.11/site-packages/airflow/example_dags/example_branch_operator_decorator.py for tasks to queue
[2026-06-01T12:31:02.133+0000] {logging_mixin.py:188} INFO - [2026-06-01T12:31:02.133+0000] {dagbag.py:545} INFO - Filling up the DagBag from /home/airflow/.local/lib/python3.11/site-packages/airflow/example_dags/example_branch_operator_decorator.py
[2026-06-01T12:31:02.165+0000] {processor.py:840} INFO - DAG(s) 'example_branch_python_operator_decorator' retrieved from /home/airflow/.local/lib/python3.11/site-packages/airflow/example_dags/example_branch_operator_decorator.py
[2026-06-01T12:31:02.207+0000] {logging_mixin.py:188} INFO - [2026-06-01T12:31:02.206+0000] {dag.py:3096} INFO - Sync 1 DAGs
[2026-06-01T12:31:02.244+0000] {logging_mixin.py:188} INFO - [2026-06-01T12:31:02.243+0000] {dag.py:3954} INFO - Setting next_dagrun for example_branch_python_operator_decorator to 2026-05-31 00:00:00+00:00, run_after=2026-06-01 00:00:00+00:00
[2026-06-01T12:31:02.277+0000] {processor.py:183} INFO - Processing /home/airflow/.local/lib/python3.11/site-packages/airflow/example_dags/example_branch_operator_decorator.py took 0.159 seconds
[2026-06-01T12:33:01.969+0000] {processor.py:161} INFO - Started process (PID=281) to work on /home/airflow/.local/lib/python3.11/site-packages/airflow/example_dags/example_branch_operator_decorator.py
[2026-06-01T12:33:01.972+0000] {processor.py:830} INFO - Processing file /home/airflow/.local/lib/python3.11/site-packages/airflow/example_dags/example_branch_operator_decorator.py for tasks to queue
[2026-06-01T12:33:01.977+0000] {logging_mixin.py:188} INFO - [2026-06-01T12:33:01.976+0000] {dagbag.py:545} INFO - Filling up the DagBag from /home/airflow/.local/lib/python3.11/site-packages/airflow/example_dags/example_branch_operator_decorator.py
[2026-06-01T12:33:02.011+0000] {processor.py:840} INFO - DAG(s) 'example_branch_python_operator_decorator' retrieved from /home/airflow/.local/lib/python3.11/site-packages/airflow/example_dags/example_branch_operator_decorator.py
[2026-06-01T12:33:02.034+0000] {logging_mixin.py:188} INFO - [2026-06-01T12:33:02.034+0000] {dag.py:3096} INFO - Sync 1 DAGs
[2026-06-01T12:33:02.096+0000] {logging_mixin.py:188} INFO - [2026-06-01T12:33:02.096+0000] {dag.py:3954} INFO - Setting next_dagrun for example_branch_python_operator_decorator to 2026-05-31 00:00:00+00:00, run_after=2026-06-01 00:00:00+00:00
[2026-06-01T12:33:02.145+0000] {processor.py:183} INFO - Processing /home/airflow/.local/lib/python3.11/site-packages/airflow/example_dags/example_branch_operator_decorator.py took 0.188 seconds
[2026-06-01T12:33:35.605+0000] {processor.py:161} INFO - Started process (PID=593) to work on /home/airflow/.local/lib/python3.11/site-packages/airflow/example_dags/example_branch_operator_decorator.py
[2026-06-01T12:33:35.608+0000] {processor.py:830} INFO - Processing file /home/airflow/.local/lib/python3.11/site-packages/airflow/example_dags/example_branch_operator_decorator.py for tasks to queue
[2026-06-01T12:33:35.613+0000] {logging_mixin.py:188} INFO - [2026-06-01T12:33:35.612+0000] {dagbag.py:545} INFO - Filling up the DagBag from /home/airflow/.local/lib/python3.11/site-packages/airflow/example_dags/example_branch_operator_decorator.py
[2026-06-01T12:33:35.664+0000] {processor.py:840} INFO - DAG(s) 'example_branch_python_operator_decorator' retrieved from /home/airflow/.local/lib/python3.11/site-packages/airflow/example_dags/example_branch_operator_decorator.py
[2026-06-01T12:33:35.987+0000] {logging_mixin.py:188} INFO - [2026-06-01T12:33:35.987+0000] {dag.py:3096} INFO - Sync 1 DAGs
[2026-06-01T12:33:36.039+0000] {logging_mixin.py:188} INFO - [2026-06-01T12:33:36.038+0000] {dag.py:3954} INFO - Setting next_dagrun for example_branch_python_operator_decorator to 2026-05-31 00:00:00+00:00, run_after=2026-06-01 00:00:00+00:00
[2026-06-01T12:33:36.102+0000] {processor.py:183} INFO - Processing /home/airflow/.local/lib/python3.11/site-packages/airflow/example_dags/example_branch_operator_decorator.py took 0.513 seconds
[2026-06-01T12:34:06.721+0000] {processor.py:161} INFO - Started process (PID=865) to work on /home/airflow/.local/lib/python3.11/site-packages/airflow/example_dags/example_branch_operator_decorator.py
[2026-06-01T12:34:06.723+0000] {processor.py:830} INFO - Processing file /home/airflow/.local/lib/python3.11/site-packages/airflow/example_dags/example_branch_operator_decorator.py for tasks to queue
[2026-06-01T12:34:06.728+0000] {logging_mixin.py:188} INFO - [2026-06-01T12:34:06.727+0000] {dagbag.py:545} INFO - Filling up the DagBag from /home/airflow/.local/lib/python3.11/site-packages/airflow/example_dags/example_branch_operator_decorator.py
[2026-06-01T12:34:06.778+0000] {processor.py:840} INFO - DAG(s) 'example_branch_python_operator_decorator' retrieved from /home/airflow/.local/lib/python3.11/site-packages/airflow/example_dags/example_branch_operator_decorator.py
[2026-06-01T12:34:06.837+0000] {logging_mixin.py:188} INFO - [2026-06-01T12:34:06.837+0000] {dag.py:3096} INFO - Sync 1 DAGs
[2026-06-01T12:34:06.887+0000] {logging_mixin.py:188} INFO - [2026-06-01T12:34:06.887+0000] {dag.py:3954} INFO - Setting next_dagrun for example_branch_python_operator_decorator to 2026-05-31 00:00:00+00:00, run_after=2026-06-01 00:00:00+00:00
[2026-06-01T12:34:06.935+0000] {processor.py:183} INFO - Processing /home/airflow/.local/lib/python3.11/site-packages/airflow/example_dags/example_branch_operator_decorator.py took 0.227 seconds
[2026-06-01T12:34:37.102+0000] {processor.py:161} INFO - Started process (PID=1141) to work on /home/airflow/.local/lib/python3.11/site-packages/airflow/example_dags/example_branch_operator_decorator.py
[2026-06-01T12:34:37.105+0000] {processor.py:830} INFO - Processing file /home/airflow/.local/lib/python3.11/site-packages/airflow/example_dags/example_branch_operator_decorator.py for tasks to queue
[2026-06-01T12:34:37.108+0000] {logging_mixin.py:188} INFO - [2026-06-01T12:34:37.108+0000] {dagbag.py:545} INFO - Filling up the DagBag from /home/airflow/.local/lib/python3.11/site-packages/airflow/example_dags/example_branch_operator_decorator.py
[2026-06-01T12:34:37.158+0000] {processor.py:840} INFO - DAG(s) 'example_branch_python_operator_decorator' retrieved from /home/airflow/.local/lib/python3.11/site-packages/airflow/example_dags/example_branch_operator_decorator.py
[2026-06-01T12:34:37.220+0000] {logging_mixin.py:188} INFO - [2026-06-01T12:34:37.219+0000] {dag.py:3096} INFO - Sync 1 DAGs
[2026-06-01T12:34:37.270+0000] {logging_mixin.py:188} INFO - [2026-06-01T12:34:37.270+0000] {dag.py:3954} INFO - Setting next_dagrun for example_branch_python_operator_decorator to 2026-05-31 00:00:00+00:00, run_after=2026-06-01 00:00:00+00:00
[2026-06-01T12:34:37.320+0000] {processor.py:183} INFO - Processing /home/airflow/.local/lib/python3.11/site-packages/airflow/example_dags/example_branch_operator_decorator.py took 0.231 seconds
[2026-06-01T12:35:08.406+0000] {processor.py:161} INFO - Started process (PID=1415) to work on /home/airflow/.local/lib/python3.11/site-packages/airflow/example_dags/example_branch_operator_decorator.py
[2026-06-01T12:35:08.409+0000] {processor.py:830} INFO - Processing file /home/airflow/.local/lib/python3.11/site-packages/airflow/example_dags/example_branch_operator_decorator.py for tasks to queue
[2026-06-01T12:35:08.416+0000] {logging_mixin.py:188} INFO - [2026-06-01T12:35:08.413+0000] {dagbag.py:545} INFO - Filling up the DagBag from /home/airflow/.local/lib/python3.11/site-packages/airflow/example_dags/example_branch_operator_decorator.py
[2026-06-01T12:35:08.469+0000] {processor.py:840} INFO - DAG(s) 'example_branch_python_operator_decorator' retrieved from /home/airflow/.local/lib/python3.11/site-packages/airflow/example_dags/example_branch_operator_decorator.py
[2026-06-01T12:35:08.554+0000] {logging_mixin.py:188} INFO - [2026-06-01T12:35:08.554+0000] {dag.py:3096} INFO - Sync 1 DAGs
[2026-06-01T12:35:08.613+0000] {logging_mixin.py:188} INFO - [2026-06-01T12:35:08.612+0000] {dag.py:3954} INFO - Setting next_dagrun for example_branch_python_operator_decorator to 2026-05-31 00:00:00+00:00, run_after=2026-06-01 00:00:00+00:00
[2026-06-01T12:35:08.662+0000] {processor.py:183} INFO - Processing /home/airflow/.local/lib/python3.11/site-packages/airflow/example_dags/example_branch_operator_decorator.py took 0.273 seconds
[2026-06-01T12:35:39.353+0000] {processor.py:161} INFO - Started process (PID=1693) to work on /home/airflow/.local/lib/python3.11/site-packages/airflow/example_dags/example_branch_operator_decorator.py
[2026-06-01T12:35:39.355+0000] {processor.py:830} INFO - Processing file /home/airflow/.local/lib/python3.11/site-packages/airflow/example_dags/example_branch_operator_decorator.py for tasks to queue
[2026-06-01T12:35:39.359+0000] {logging_mixin.py:188} INFO - [2026-06-01T12:35:39.358+0000] {dagbag.py:545} INFO - Filling up the DagBag from /home/airflow/.local/lib/python3.11/site-packages/airflow/example_dags/example_branch_operator_decorator.py
[2026-06-01T12:35:39.407+0000] {processor.py:840} INFO - DAG(s) 'example_branch_python_operator_decorator' retrieved from /home/airflow/.local/lib/python3.11/site-packages/airflow/example_dags/example_branch_operator_decorator.py
[2026-06-01T12:35:39.468+0000] {logging_mixin.py:188} INFO - [2026-06-01T12:35:39.467+0000] {dag.py:3096} INFO - Sync 1 DAGs
[2026-06-01T12:35:39.537+0000] {logging_mixin.py:188} INFO - [2026-06-01T12:35:39.537+0000] {dag.py:3954} INFO - Setting next_dagrun for example_branch_python_operator_decorator to 2026-05-31 00:00:00+00:00, run_after=2026-06-01 00:00:00+00:00
[2026-06-01T12:35:39.602+0000] {processor.py:183} INFO - Processing /home/airflow/.local/lib/python3.11/site-packages/airflow/example_dags/example_branch_operator_decorator.py took 0.263 seconds
[2026-06-01T12:36:09.722+0000] {processor.py:161} INFO - Started process (PID=1997) to work on /home/airflow/.local/lib/python3.11/site-packages/airflow/example_dags/example_branch_operator_decorator.py
[2026-06-01T12:36:09.725+0000] {processor.py:830} INFO - Processing file /home/airflow/.local/lib/python3.11/site-packages/airflow/example_dags/example_branch_operator_decorator.py for tasks to queue
[2026-06-01T12:36:09.728+0000] {logging_mixin.py:188} INFO - [2026-06-01T12:36:09.728+0000] {dagbag.py:545} INFO - Filling up the DagBag from /home/airflow/.local/lib/python3.11/site-packages/airflow/example_dags/example_branch_operator_decorator.py
[2026-06-01T12:36:09.778+0000] {processor.py:840} INFO - DAG(s) 'example_branch_python_operator_decorator' retrieved from /home/airflow/.local/lib/python3.11/site-packages/airflow/example_dags/example_branch_operator_decorator.py
[2026-06-01T12:36:09.845+0000] {logging_mixin.py:188} INFO - [2026-06-01T12:36:09.845+0000] {dag.py:3096} INFO - Sync 1 DAGs
[2026-06-01T12:36:09.885+0000] {logging_mixin.py:188} INFO - [2026-06-01T12:36:09.884+0000] {dag.py:3954} INFO - Setting next_dagrun for example_branch_python_operator_decorator to 2026-05-31 00:00:00+00:00, run_after=2026-06-01 00:00:00+00:00
[2026-06-01T12:36:09.914+0000] {processor.py:183} INFO - Processing /home/airflow/.local/lib/python3.11/site-packages/airflow/example_dags/example_branch_operator_decorator.py took 0.206 seconds
[2026-06-01T12:36:40.574+0000] {processor.py:161} INFO - Started process (PID=2271) to work on /home/airflow/.local/lib/python3.11/site-packages/airflow/example_dags/example_branch_operator_decorator.py
[2026-06-01T12:36:40.577+0000] {processor.py:830} INFO - Processing file /home/airflow/.local/lib/python3.11/site-packages/airflow/example_dags/example_branch_operator_decorator.py for tasks to queue
[2026-06-01T12:36:40.585+0000] {logging_mixin.py:188} INFO - [2026-06-01T12:36:40.584+0000] {dagbag.py:545} INFO - Filling up the DagBag from /home/airflow/.local/lib/python3.11/site-packages/airflow/example_dags/example_branch_operator_decorator.py
[2026-06-01T12:36:40.649+0000] {processor.py:840} INFO - DAG(s) 'example_branch_python_operator_decorator' retrieved from /home/airflow/.local/lib/python3.11/site-packages/airflow/example_dags/example_branch_operator_decorator.py
[2026-06-01T12:36:40.737+0000] {logging_mixin.py:188} INFO - [2026-06-01T12:36:40.736+0000] {dag.py:3096} INFO - Sync 1 DAGs
[2026-06-01T12:36:40.793+0000] {logging_mixin.py:188} INFO - [2026-06-01T12:36:40.793+0000] {dag.py:3954} INFO - Setting next_dagrun for example_branch_python_operator_decorator to 2026-05-31 00:00:00+00:00, run_after=2026-06-01 00:00:00+00:00
[2026-06-01T12:36:40.873+0000] {processor.py:183} INFO - Processing /home/airflow/.local/lib/python3.11/site-packages/airflow/example_dags/example_branch_operator_decorator.py took 0.314 seconds
[2026-06-01T12:37:11.016+0000] {processor.py:161} INFO - Started process (PID=2550) to work on /home/airflow/.local/lib/python3.11/site-packages/airflow/example_dags/example_branch_operator_decorator.py
[2026-06-01T12:37:11.022+0000] {processor.py:830} INFO - Processing file /home/airflow/.local/lib/python3.11/site-packages/airflow/example_dags/example_branch_operator_decorator.py for tasks to queue
[2026-06-01T12:37:11.029+0000] {logging_mixin.py:188} INFO - [2026-06-01T12:37:11.028+0000] {dagbag.py:545} INFO - Filling up the DagBag from /home/airflow/.local/lib/python3.11/site-packages/airflow/example_dags/example_branch_operator_decorator.py
[2026-06-01T12:37:11.103+0000] {processor.py:840} INFO - DAG(s) 'example_branch_python_operator_decorator' retrieved from /home/airflow/.local/lib/python3.11/site-packages/airflow/example_dags/example_branch_operator_decorator.py
[2026-06-01T12:37:11.181+0000] {logging_mixin.py:188} INFO - [2026-06-01T12:37:11.180+0000] {dag.py:3096} INFO - Sync 1 DAGs
[2026-06-01T12:37:11.226+0000] {logging_mixin.py:188} INFO - [2026-06-01T12:37:11.226+0000] {dag.py:3954} INFO - Setting next_dagrun for example_branch_python_operator_decorator to 2026-05-31 00:00:00+00:00, run_after=2026-06-01 00:00:00+00:00
[2026-06-01T12:37:11.271+0000] {processor.py:183} INFO - Processing /home/airflow/.local/lib/python3.11/site-packages/airflow/example_dags/example_branch_operator_decorator.py took 0.275 seconds
[2026-06-01T12:37:42.069+0000] {processor.py:161} INFO - Started process (PID=2824) to work on /home/airflow/.local/lib/python3.11/site-packages/airflow/example_dags/example_branch_operator_decorator.py
[2026-06-01T12:37:42.072+0000] {processor.py:830} INFO - Processing file /home/airflow/.local/lib/python3.11/site-packages/airflow/example_dags/example_branch_operator_decorator.py for tasks to queue
[2026-06-01T12:37:42.087+0000] {logging_mixin.py:188} INFO - [2026-06-01T12:37:42.081+0000] {dagbag.py:545} INFO - Filling up the DagBag from /home/airflow/.local/lib/python3.11/site-packages/airflow/example_dags/example_branch_operator_decorator.py
[2026-06-01T12:37:42.145+0000] {processor.py:840} INFO - DAG(s) 'example_branch_python_operator_decorator' retrieved from /home/airflow/.local/lib/python3.11/site-packages/airflow/example_dags/example_branch_operator_decorator.py
[2026-06-01T12:37:42.216+0000] {logging_mixin.py:188} INFO - [2026-06-01T12:37:42.216+0000] {dag.py:3096} INFO - Sync 1 DAGs
[2026-06-01T12:37:42.290+0000] {logging_mixin.py:188} INFO - [2026-06-01T12:37:42.289+0000] {dag.py:3954} INFO - Setting next_dagrun for example_branch_python_operator_decorator to 2026-05-31 00:00:00+00:00, run_after=2026-06-01 00:00:00+00:00
[2026-06-01T12:37:42.350+0000] {processor.py:183} INFO - Processing /home/airflow/.local/lib/python3.11/site-packages/airflow/example_dags/example_branch_operator_decorator.py took 0.297 seconds
[2026-06-01T12:38:12.511+0000] {processor.py:161} INFO - Started process (PID=3088) to work on /home/airflow/.local/lib/python3.11/site-packages/airflow/example_dags/example_branch_operator_decorator.py
[2026-06-01T12:38:12.513+0000] {processor.py:830} INFO - Processing file /home/airflow/.local/lib/python3.11/site-packages/airflow/example_dags/example_branch_operator_decorator.py for tasks to queue
[2026-06-01T12:38:12.518+0000] {logging_mixin.py:188} INFO - [2026-06-01T12:38:12.517+0000] {dagbag.py:545} INFO - Filling up the DagBag from /home/airflow/.local/lib/python3.11/site-packages/airflow/example_dags/example_branch_operator_decorator.py
[2026-06-01T12:38:12.563+0000] {processor.py:840} INFO - DAG(s) 'example_branch_python_operator_decorator' retrieved from /home/airflow/.local/lib/python3.11/site-packages/airflow/example_dags/example_branch_operator_decorator.py
[2026-06-01T12:38:12.616+0000] {logging_mixin.py:188} INFO - [2026-06-01T12:38:12.616+0000] {dag.py:3096} INFO - Sync 1 DAGs
[2026-06-01T12:38:12.665+0000] {logging_mixin.py:188} INFO - [2026-06-01T12:38:12.664+0000] {dag.py:3954} INFO - Setting next_dagrun for example_branch_python_operator_decorator to 2026-05-31 00:00:00+00:00, run_after=2026-06-01 00:00:00+00:00
[2026-06-01T12:38:12.737+0000] {processor.py:183} INFO - Processing /home/airflow/.local/lib/python3.11/site-packages/airflow/example_dags/example_branch_operator_decorator.py took 0.243 seconds
[2026-06-01T12:38:43.130+0000] {processor.py:161} INFO - Started process (PID=3364) to work on /home/airflow/.local/lib/python3.11/site-packages/airflow/example_dags/example_branch_operator_decorator.py
[2026-06-01T12:38:43.134+0000] {processor.py:830} INFO - Processing file /home/airflow/.local/lib/python3.11/site-packages/airflow/example_dags/example_branch_operator_decorator.py for tasks to queue
[2026-06-01T12:38:43.138+0000] {logging_mixin.py:188} INFO - [2026-06-01T12:38:43.137+0000] {dagbag.py:545} INFO - Filling up the DagBag from /home/airflow/.local/lib/python3.11/site-packages/airflow/example_dags/example_branch_operator_decorator.py
[2026-06-01T12:38:43.194+0000] {processor.py:840} INFO - DAG(s) 'example_branch_python_operator_decorator' retrieved from /home/airflow/.local/lib/python3.11/site-packages/airflow/example_dags/example_branch_operator_decorator.py
[2026-06-01T12:38:43.320+0000] {logging_mixin.py:188} INFO - [2026-06-01T12:38:43.320+0000] {dag.py:3096} INFO - Sync 1 DAGs
[2026-06-01T12:38:43.451+0000] {logging_mixin.py:188} INFO - [2026-06-01T12:38:43.450+0000] {dag.py:3954} INFO - Setting next_dagrun for example_branch_python_operator_decorator to 2026-05-31 00:00:00+00:00, run_after=2026-06-01 00:00:00+00:00
[2026-06-01T12:38:43.551+0000] {processor.py:183} INFO - Processing /home/airflow/.local/lib/python3.11/site-packages/airflow/example_dags/example_branch_operator_decorator.py took 0.436 seconds
[2026-06-01T12:39:13.972+0000] {processor.py:161} INFO - Started process (PID=3645) to work on /home/airflow/.local/lib/python3.11/site-packages/airflow/example_dags/example_branch_operator_decorator.py
[2026-06-01T12:39:13.974+0000] {processor.py:830} INFO - Processing file /home/airflow/.local/lib/python3.11/site-packages/airflow/example_dags/example_branch_operator_decorator.py for tasks to queue
[2026-06-01T12:39:13.987+0000] {logging_mixin.py:188} INFO - [2026-06-01T12:39:13.986+0000] {dagbag.py:545} INFO - Filling up the DagBag from /home/airflow/.local/lib/python3.11/site-packages/airflow/example_dags/example_branch_operator_decorator.py
[2026-06-01T12:39:14.037+0000] {processor.py:840} INFO - DAG(s) 'example_branch_python_operator_decorator' retrieved from /home/airflow/.local/lib/python3.11/site-packages/airflow/example_dags/example_branch_operator_decorator.py
[2026-06-01T12:39:14.108+0000] {logging_mixin.py:188} INFO - [2026-06-01T12:39:14.108+0000] {dag.py:3096} INFO - Sync 1 DAGs
[2026-06-01T12:39:14.159+0000] {logging_mixin.py:188} INFO - [2026-06-01T12:39:14.159+0000] {dag.py:3954} INFO - Setting next_dagrun for example_branch_python_operator_decorator to 2026-05-31 00:00:00+00:00, run_after=2026-06-01 00:00:00+00:00
[2026-06-01T12:39:14.197+0000] {processor.py:183} INFO - Processing /home/airflow/.local/lib/python3.11/site-packages/airflow/example_dags/example_branch_operator_decorator.py took 0.244 seconds
[2026-06-01T12:39:46.288+0000] {processor.py:161} INFO - Started process (PID=3956) to work on /home/airflow/.local/lib/python3.11/site-packages/airflow/example_dags/example_branch_operator_decorator.py
[2026-06-01T12:39:46.315+0000] {processor.py:830} INFO - Processing file /home/airflow/.local/lib/python3.11/site-packages/airflow/example_dags/example_branch_operator_decorator.py for tasks to queue
[2026-06-01T12:39:46.334+0000] {logging_mixin.py:188} INFO - [2026-06-01T12:39:46.333+0000] {dagbag.py:545} INFO - Filling up the DagBag from /home/airflow/.local/lib/python3.11/site-packages/airflow/example_dags/example_branch_operator_decorator.py
[2026-06-01T12:39:46.519+0000] {processor.py:840} INFO - DAG(s) 'example_branch_python_operator_decorator' retrieved from /home/airflow/.local/lib/python3.11/site-packages/airflow/example_dags/example_branch_operator_decorator.py
[2026-06-01T12:39:46.790+0000] {logging_mixin.py:188} INFO - [2026-06-01T12:39:46.790+0000] {dag.py:3096} INFO - Sync 1 DAGs
[2026-06-01T12:39:46.982+0000] {logging_mixin.py:188} INFO - [2026-06-01T12:39:46.982+0000] {dag.py:3954} INFO - Setting next_dagrun for example_branch_python_operator_decorator to 2026-05-31 00:00:00+00:00, run_after=2026-06-01 00:00:00+00:00
[2026-06-01T12:39:47.043+0000] {processor.py:183} INFO - Processing /home/airflow/.local/lib/python3.11/site-packages/airflow/example_dags/example_branch_operator_decorator.py took 0.802 seconds
[2026-06-01T12:40:18.307+0000] {processor.py:161} INFO - Started process (PID=4247) to work on /home/airflow/.local/lib/python3.11/site-packages/airflow/example_dags/example_branch_operator_decorator.py
[2026-06-01T12:40:18.320+0000] {processor.py:830} INFO - Processing file /home/airflow/.local/lib/python3.11/site-packages/airflow/example_dags/example_branch_operator_decorator.py for tasks to queue
[2026-06-01T12:40:18.336+0000] {logging_mixin.py:188} INFO - [2026-06-01T12:40:18.335+0000] {dagbag.py:545} INFO - Filling up the DagBag from /home/airflow/.local/lib/python3.11/site-packages/airflow/example_dags/example_branch_operator_decorator.py
[2026-06-01T12:40:18.450+0000] {processor.py:840} INFO - DAG(s) 'example_branch_python_operator_decorator' retrieved from /home/airflow/.local/lib/python3.11/site-packages/airflow/example_dags/example_branch_operator_decorator.py
[2026-06-01T12:40:18.559+0000] {logging_mixin.py:188} INFO - [2026-06-01T12:40:18.559+0000] {dag.py:3096} INFO - Sync 1 DAGs
[2026-06-01T12:40:18.743+0000] {logging_mixin.py:188} INFO - [2026-06-01T12:40:18.743+0000] {dag.py:3954} INFO - Setting next_dagrun for example_branch_python_operator_decorator to 2026-05-31 00:00:00+00:00, run_after=2026-06-01 00:00:00+00:00
[2026-06-01T12:40:18.862+0000] {processor.py:183} INFO - Processing /home/airflow/.local/lib/python3.11/site-packages/airflow/example_dags/example_branch_operator_decorator.py took 0.576 seconds
[2026-06-01T12:40:54.917+0000] {processor.py:161} INFO - Started process (PID=4523) to work on /home/airflow/.local/lib/python3.11/site-packages/airflow/example_dags/example_branch_operator_decorator.py
[2026-06-01T12:40:54.921+0000] {processor.py:830} INFO - Processing file /home/airflow/.local/lib/python3.11/site-packages/airflow/example_dags/example_branch_operator_decorator.py for tasks to queue
[2026-06-01T12:40:54.931+0000] {logging_mixin.py:188} INFO - [2026-06-01T12:40:54.931+0000] {dagbag.py:545} INFO - Filling up the DagBag from /home/airflow/.local/lib/python3.11/site-packages/airflow/example_dags/example_branch_operator_decorator.py
[2026-06-01T12:40:55.018+0000] {processor.py:840} INFO - DAG(s) 'example_branch_python_operator_decorator' retrieved from /home/airflow/.local/lib/python3.11/site-packages/airflow/example_dags/example_branch_operator_decorator.py
[2026-06-01T12:40:55.162+0000] {logging_mixin.py:188} INFO - [2026-06-01T12:40:55.162+0000] {dag.py:3096} INFO - Sync 1 DAGs
[2026-06-01T12:40:55.337+0000] {logging_mixin.py:188} INFO - [2026-06-01T12:40:55.337+0000] {dag.py:3954} INFO - Setting next_dagrun for example_branch_python_operator_decorator to 2026-05-31 00:00:00+00:00, run_after=2026-06-01 00:00:00+00:00
[2026-06-01T12:40:55.409+0000] {processor.py:183} INFO - Processing /home/airflow/.local/lib/python3.11/site-packages/airflow/example_dags/example_branch_operator_decorator.py took 0.554 seconds
[2026-06-01T12:41:31.318+0000] {processor.py:161} INFO - Started process (PID=4799) to work on /home/airflow/.local/lib/python3.11/site-packages/airflow/example_dags/example_branch_operator_decorator.py
[2026-06-01T12:41:31.348+0000] {processor.py:830} INFO - Processing file /home/airflow/.local/lib/python3.11/site-packages/airflow/example_dags/example_branch_operator_decorator.py for tasks to queue
[2026-06-01T12:41:31.353+0000] {logging_mixin.py:188} INFO - [2026-06-01T12:41:31.352+0000] {dagbag.py:545} INFO - Filling up the DagBag from /home/airflow/.local/lib/python3.11/site-packages/airflow/example_dags/example_branch_operator_decorator.py
[2026-06-01T12:41:31.814+0000] {processor.py:840} INFO - DAG(s) 'example_branch_python_operator_decorator' retrieved from /home/airflow/.local/lib/python3.11/site-packages/airflow/example_dags/example_branch_operator_decorator.py
[2026-06-01T12:41:31.942+0000] {logging_mixin.py:188} INFO - [2026-06-01T12:41:31.942+0000] {dag.py:3096} INFO - Sync 1 DAGs
[2026-06-01T12:41:32.103+0000] {logging_mixin.py:188} INFO - [2026-06-01T12:41:32.102+0000] {dag.py:3954} INFO - Setting next_dagrun for example_branch_python_operator_decorator to 2026-05-31 00:00:00+00:00, run_after=2026-06-01 00:00:00+00:00
[2026-06-01T12:41:32.209+0000] {processor.py:183} INFO - Processing /home/airflow/.local/lib/python3.11/site-packages/airflow/example_dags/example_branch_operator_decorator.py took 0.959 seconds
[2026-06-01T12:42:02.629+0000] {processor.py:161} INFO - Started process (PID=5066) to work on /home/airflow/.local/lib/python3.11/site-packages/airflow/example_dags/example_branch_operator_decorator.py
[2026-06-01T12:42:02.636+0000] {processor.py:830} INFO - Processing file /home/airflow/.local/lib/python3.11/site-packages/airflow/example_dags/example_branch_operator_decorator.py for tasks to queue
[2026-06-01T12:42:02.664+0000] {logging_mixin.py:188} INFO - [2026-06-01T12:42:02.664+0000] {dagbag.py:545} INFO - Filling up the DagBag from /home/airflow/.local/lib/python3.11/site-packages/airflow/example_dags/example_branch_operator_decorator.py
[2026-06-01T12:42:02.853+0000] {processor.py:840} INFO - DAG(s) 'example_branch_python_operator_decorator' retrieved from /home/airflow/.local/lib/python3.11/site-packages/airflow/example_dags/example_branch_operator_decorator.py
[2026-06-01T12:42:03.037+0000] {logging_mixin.py:188} INFO - [2026-06-01T12:42:03.037+0000] {dag.py:3096} INFO - Sync 1 DAGs
[2026-06-01T12:42:03.157+0000] {logging_mixin.py:188} INFO - [2026-06-01T12:42:03.156+0000] {dag.py:3954} INFO - Setting next_dagrun for example_branch_python_operator_decorator to 2026-05-31 00:00:00+00:00, run_after=2026-06-01 00:00:00+00:00
[2026-06-01T12:42:03.385+0000] {processor.py:183} INFO - Processing /home/airflow/.local/lib/python3.11/site-packages/airflow/example_dags/example_branch_operator_decorator.py took 0.801 seconds
[2026-06-01T12:42:34.356+0000] {processor.py:161} INFO - Started process (PID=5336) to work on /home/airflow/.local/lib/python3.11/site-packages/airflow/example_dags/example_branch_operator_decorator.py
[2026-06-01T12:42:34.366+0000] {processor.py:830} INFO - Processing file /home/airflow/.local/lib/python3.11/site-packages/airflow/example_dags/example_branch_operator_decorator.py for tasks to queue
[2026-06-01T12:42:34.375+0000] {logging_mixin.py:188} INFO - [2026-06-01T12:42:34.374+0000] {dagbag.py:545} INFO - Filling up the DagBag from /home/airflow/.local/lib/python3.11/site-packages/airflow/example_dags/example_branch_operator_decorator.py
[2026-06-01T12:42:34.611+0000] {processor.py:840} INFO - DAG(s) 'example_branch_python_operator_decorator' retrieved from /home/airflow/.local/lib/python3.11/site-packages/airflow/example_dags/example_branch_operator_decorator.py
[2026-06-01T12:42:34.693+0000] {logging_mixin.py:188} INFO - [2026-06-01T12:42:34.693+0000] {dag.py:3096} INFO - Sync 1 DAGs
[2026-06-01T12:42:34.872+0000] {logging_mixin.py:188} INFO - [2026-06-01T12:42:34.871+0000] {dag.py:3954} INFO - Setting next_dagrun for example_branch_python_operator_decorator to 2026-05-31 00:00:00+00:00, run_after=2026-06-01 00:00:00+00:00
[2026-06-01T12:42:35.098+0000] {processor.py:183} INFO - Processing /home/airflow/.local/lib/python3.11/site-packages/airflow/example_dags/example_branch_operator_decorator.py took 0.789 seconds
[2026-06-01T12:43:06.192+0000] {processor.py:161} INFO - Started process (PID=5606) to work on /home/airflow/.local/lib/python3.11/site-packages/airflow/example_dags/example_branch_operator_decorator.py
[2026-06-01T12:43:06.201+0000] {processor.py:830} INFO - Processing file /home/airflow/.local/lib/python3.11/site-packages/airflow/example_dags/example_branch_operator_decorator.py for tasks to queue
[2026-06-01T12:43:06.215+0000] {logging_mixin.py:188} INFO - [2026-06-01T12:43:06.214+0000] {dagbag.py:545} INFO - Filling up the DagBag from /home/airflow/.local/lib/python3.11/site-packages/airflow/example_dags/example_branch_operator_decorator.py
[2026-06-01T12:43:06.391+0000] {processor.py:840} INFO - DAG(s) 'example_branch_python_operator_decorator' retrieved from /home/airflow/.local/lib/python3.11/site-packages/airflow/example_dags/example_branch_operator_decorator.py
[2026-06-01T12:43:06.633+0000] {logging_mixin.py:188} INFO - [2026-06-01T12:43:06.633+0000] {dag.py:3096} INFO - Sync 1 DAGs
[2026-06-01T12:43:06.831+0000] {logging_mixin.py:188} INFO - [2026-06-01T12:43:06.830+0000] {dag.py:3954} INFO - Setting next_dagrun for example_branch_python_operator_decorator to 2026-05-31 00:00:00+00:00, run_after=2026-06-01 00:00:00+00:00
[2026-06-01T12:43:06.933+0000] {processor.py:183} INFO - Processing /home/airflow/.local/lib/python3.11/site-packages/airflow/example_dags/example_branch_operator_decorator.py took 0.804 seconds
[2026-06-01T12:43:48.954+0000] {processor.py:161} INFO - Started process (PID=5885) to work on /home/airflow/.local/lib/python3.11/site-packages/airflow/example_dags/example_branch_operator_decorator.py
[2026-06-01T12:43:48.955+0000] {processor.py:830} INFO - Processing file /home/airflow/.local/lib/python3.11/site-packages/airflow/example_dags/example_branch_operator_decorator.py for tasks to queue
[2026-06-01T12:43:48.962+0000] {logging_mixin.py:188} INFO - [2026-06-01T12:43:48.962+0000] {dagbag.py:545} INFO - Filling up the DagBag from /home/airflow/.local/lib/python3.11/site-packages/airflow/example_dags/example_branch_operator_decorator.py
[2026-06-01T12:43:49.146+0000] {processor.py:840} INFO - DAG(s) 'example_branch_python_operator_decorator' retrieved from /home/airflow/.local/lib/python3.11/site-packages/airflow/example_dags/example_branch_operator_decorator.py
[2026-06-01T12:43:49.255+0000] {logging_mixin.py:188} INFO - [2026-06-01T12:43:49.255+0000] {dag.py:3096} INFO - Sync 1 DAGs
[2026-06-01T12:43:49.425+0000] {logging_mixin.py:188} INFO - [2026-06-01T12:43:49.425+0000] {dag.py:3954} INFO - Setting next_dagrun for example_branch_python_operator_decorator to 2026-05-31 00:00:00+00:00, run_after=2026-06-01 00:00:00+00:00
[2026-06-01T12:43:49.535+0000] {processor.py:183} INFO - Processing /home/airflow/.local/lib/python3.11/site-packages/airflow/example_dags/example_branch_operator_decorator.py took 0.594 seconds
[2026-06-01T12:44:25.425+0000] {processor.py:161} INFO - Started process (PID=6158) to work on /home/airflow/.local/lib/python3.11/site-packages/airflow/example_dags/example_branch_operator_decorator.py
[2026-06-01T12:44:25.429+0000] {processor.py:830} INFO - Processing file /home/airflow/.local/lib/python3.11/site-packages/airflow/example_dags/example_branch_operator_decorator.py for tasks to queue
[2026-06-01T12:44:25.443+0000] {logging_mixin.py:188} INFO - [2026-06-01T12:44:25.437+0000] {dagbag.py:545} INFO - Filling up the DagBag from /home/airflow/.local/lib/python3.11/site-packages/airflow/example_dags/example_branch_operator_decorator.py
[2026-06-01T12:44:25.648+0000] {processor.py:840} INFO - DAG(s) 'example_branch_python_operator_decorator' retrieved from /home/airflow/.local/lib/python3.11/site-packages/airflow/example_dags/example_branch_operator_decorator.py
[2026-06-01T12:44:25.742+0000] {logging_mixin.py:188} INFO - [2026-06-01T12:44:25.742+0000] {dag.py:3096} INFO - Sync 1 DAGs
[2026-06-01T12:44:25.810+0000] {logging_mixin.py:188} INFO - [2026-06-01T12:44:25.809+0000] {dag.py:3954} INFO - Setting next_dagrun for example_branch_python_operator_decorator to 2026-05-31 00:00:00+00:00, run_after=2026-06-01 00:00:00+00:00
[2026-06-01T12:44:25.888+0000] {processor.py:183} INFO - Processing /home/airflow/.local/lib/python3.11/site-packages/airflow/example_dags/example_branch_operator_decorator.py took 0.494 seconds
[2026-06-01T12:44:57.903+0000] {processor.py:161} INFO - Started process (PID=6426) to work on /home/airflow/.local/lib/python3.11/site-packages/airflow/example_dags/example_branch_operator_decorator.py
[2026-06-01T12:44:57.905+0000] {processor.py:830} INFO - Processing file /home/airflow/.local/lib/python3.11/site-packages/airflow/example_dags/example_branch_operator_decorator.py for tasks to queue
[2026-06-01T12:44:57.918+0000] {logging_mixin.py:188} INFO - [2026-06-01T12:44:57.917+0000] {dagbag.py:545} INFO - Filling up the DagBag from /home/airflow/.local/lib/python3.11/site-packages/airflow/example_dags/example_branch_operator_decorator.py
[2026-06-01T12:44:58.043+0000] {processor.py:840} INFO - DAG(s) 'example_branch_python_operator_decorator' retrieved from /home/airflow/.local/lib/python3.11/site-packages/airflow/example_dags/example_branch_operator_decorator.py
[2026-06-01T12:44:58.143+0000] {logging_mixin.py:188} INFO - [2026-06-01T12:44:58.143+0000] {dag.py:3096} INFO - Sync 1 DAGs
[2026-06-01T12:44:58.222+0000] {logging_mixin.py:188} INFO - [2026-06-01T12:44:58.221+0000] {dag.py:3954} INFO - Setting next_dagrun for example_branch_python_operator_decorator to 2026-05-31 00:00:00+00:00, run_after=2026-06-01 00:00:00+00:00
[2026-06-01T12:44:58.320+0000] {processor.py:183} INFO - Processing /home/airflow/.local/lib/python3.11/site-packages/airflow/example_dags/example_branch_operator_decorator.py took 0.461 seconds
[2026-06-01T12:45:29.414+0000] {processor.py:161} INFO - Started process (PID=6698) to work on /home/airflow/.local/lib/python3.11/site-packages/airflow/example_dags/example_branch_operator_decorator.py
[2026-06-01T12:45:29.424+0000] {processor.py:830} INFO - Processing file /home/airflow/.local/lib/python3.11/site-packages/airflow/example_dags/example_branch_operator_decorator.py for tasks to queue
[2026-06-01T12:45:29.456+0000] {logging_mixin.py:188} INFO - [2026-06-01T12:45:29.437+0000] {dagbag.py:545} INFO - Filling up the DagBag from /home/airflow/.local/lib/python3.11/site-packages/airflow/example_dags/example_branch_operator_decorator.py
[2026-06-01T12:45:29.621+0000] {processor.py:840} INFO - DAG(s) 'example_branch_python_operator_decorator' retrieved from /home/airflow/.local/lib/python3.11/site-packages/airflow/example_dags/example_branch_operator_decorator.py
[2026-06-01T12:45:29.732+0000] {logging_mixin.py:188} INFO - [2026-06-01T12:45:29.732+0000] {dag.py:3096} INFO - Sync 1 DAGs
[2026-06-01T12:45:29.927+0000] {logging_mixin.py:188} INFO - [2026-06-01T12:45:29.926+0000] {dag.py:3954} INFO - Setting next_dagrun for example_branch_python_operator_decorator to 2026-05-31 00:00:00+00:00, run_after=2026-06-01 00:00:00+00:00
[2026-06-01T12:45:30.137+0000] {processor.py:183} INFO - Processing /home/airflow/.local/lib/python3.11/site-packages/airflow/example_dags/example_branch_operator_decorator.py took 0.782 seconds
[2026-06-01T12:46:02.936+0000] {processor.py:161} INFO - Started process (PID=6947) to work on /home/airflow/.local/lib/python3.11/site-packages/airflow/example_dags/example_branch_operator_decorator.py
[2026-06-01T12:46:02.952+0000] {processor.py:830} INFO - Processing file /home/airflow/.local/lib/python3.11/site-packages/airflow/example_dags/example_branch_operator_decorator.py for tasks to queue
[2026-06-01T12:46:02.968+0000] {logging_mixin.py:188} INFO - [2026-06-01T12:46:02.967+0000] {dagbag.py:545} INFO - Filling up the DagBag from /home/airflow/.local/lib/python3.11/site-packages/airflow/example_dags/example_branch_operator_decorator.py
[2026-06-01T12:46:03.302+0000] {processor.py:840} INFO - DAG(s) 'example_branch_python_operator_decorator' retrieved from /home/airflow/.local/lib/python3.11/site-packages/airflow/example_dags/example_branch_operator_decorator.py
[2026-06-01T12:46:03.446+0000] {logging_mixin.py:188} INFO - [2026-06-01T12:46:03.446+0000] {dag.py:3096} INFO - Sync 1 DAGs
[2026-06-01T12:46:03.514+0000] {logging_mixin.py:188} INFO - [2026-06-01T12:46:03.513+0000] {dag.py:3954} INFO - Setting next_dagrun for example_branch_python_operator_decorator to 2026-05-31 00:00:00+00:00, run_after=2026-06-01 00:00:00+00:00
[2026-06-01T12:46:03.599+0000] {processor.py:183} INFO - Processing /home/airflow/.local/lib/python3.11/site-packages/airflow/example_dags/example_branch_operator_decorator.py took 0.686 seconds
[2026-06-01T12:46:38.163+0000] {processor.py:161} INFO - Started process (PID=7207) to work on /home/airflow/.local/lib/python3.11/site-packages/airflow/example_dags/example_branch_operator_decorator.py
[2026-06-01T12:46:38.179+0000] {processor.py:830} INFO - Processing file /home/airflow/.local/lib/python3.11/site-packages/airflow/example_dags/example_branch_operator_decorator.py for tasks to queue
[2026-06-01T12:46:38.201+0000] {logging_mixin.py:188} INFO - [2026-06-01T12:46:38.199+0000] {dagbag.py:545} INFO - Filling up the DagBag from /home/airflow/.local/lib/python3.11/site-packages/airflow/example_dags/example_branch_operator_decorator.py
[2026-06-01T12:46:38.507+0000] {processor.py:840} INFO - DAG(s) 'example_branch_python_operator_decorator' retrieved from /home/airflow/.local/lib/python3.11/site-packages/airflow/example_dags/example_branch_operator_decorator.py
[2026-06-01T12:46:38.748+0000] {logging_mixin.py:188} INFO - [2026-06-01T12:46:38.747+0000] {dag.py:3096} INFO - Sync 1 DAGs
[2026-06-01T12:46:38.873+0000] {logging_mixin.py:188} INFO - [2026-06-01T12:46:38.873+0000] {dag.py:3954} INFO - Setting next_dagrun for example_branch_python_operator_decorator to 2026-05-31 00:00:00+00:00, run_after=2026-06-01 00:00:00+00:00
[2026-06-01T12:46:38.956+0000] {processor.py:183} INFO - Processing /home/airflow/.local/lib/python3.11/site-packages/airflow/example_dags/example_branch_operator_decorator.py took 0.865 seconds
[2026-06-01T12:47:16.269+0000] {processor.py:161} INFO - Started process (PID=7493) to work on /home/airflow/.local/lib/python3.11/site-packages/airflow/example_dags/example_branch_operator_decorator.py
[2026-06-01T12:47:16.306+0000] {processor.py:830} INFO - Processing file /home/airflow/.local/lib/python3.11/site-packages/airflow/example_dags/example_branch_operator_decorator.py for tasks to queue
[2026-06-01T12:47:16.331+0000] {logging_mixin.py:188} INFO - [2026-06-01T12:47:16.330+0000] {dagbag.py:545} INFO - Filling up the DagBag from /home/airflow/.local/lib/python3.11/site-packages/airflow/example_dags/example_branch_operator_decorator.py
[2026-06-01T12:47:16.511+0000] {processor.py:840} INFO - DAG(s) 'example_branch_python_operator_decorator' retrieved from /home/airflow/.local/lib/python3.11/site-packages/airflow/example_dags/example_branch_operator_decorator.py
[2026-06-01T12:47:16.887+0000] {logging_mixin.py:188} INFO - [2026-06-01T12:47:16.887+0000] {dag.py:3096} INFO - Sync 1 DAGs
[2026-06-01T12:47:17.078+0000] {logging_mixin.py:188} INFO - [2026-06-01T12:47:17.078+0000] {dag.py:3954} INFO - Setting next_dagrun for example_branch_python_operator_decorator to 2026-05-31 00:00:00+00:00, run_after=2026-06-01 00:00:00+00:00
[2026-06-01T12:47:17.172+0000] {processor.py:183} INFO - Processing /home/airflow/.local/lib/python3.11/site-packages/airflow/example_dags/example_branch_operator_decorator.py took 0.967 seconds
[2026-06-01T12:47:48.509+0000] {processor.py:161} INFO - Started process (PID=7769) to work on /home/airflow/.local/lib/python3.11/site-packages/airflow/example_dags/example_branch_operator_decorator.py
[2026-06-01T12:47:48.519+0000] {processor.py:830} INFO - Processing file /home/airflow/.local/lib/python3.11/site-packages/airflow/example_dags/example_branch_operator_decorator.py for tasks to queue
[2026-06-01T12:47:48.530+0000] {logging_mixin.py:188} INFO - [2026-06-01T12:47:48.530+0000] {dagbag.py:545} INFO - Filling up the DagBag from /home/airflow/.local/lib/python3.11/site-packages/airflow/example_dags/example_branch_operator_decorator.py
[2026-06-01T12:47:48.586+0000] {processor.py:840} INFO - DAG(s) 'example_branch_python_operator_decorator' retrieved from /home/airflow/.local/lib/python3.11/site-packages/airflow/example_dags/example_branch_operator_decorator.py
[2026-06-01T12:47:48.635+0000] {logging_mixin.py:188} INFO - [2026-06-01T12:47:48.635+0000] {dag.py:3096} INFO - Sync 1 DAGs
[2026-06-01T12:47:48.672+0000] {logging_mixin.py:188} INFO - [2026-06-01T12:47:48.671+0000] {dag.py:3954} INFO - Setting next_dagrun for example_branch_python_operator_decorator to 2026-05-31 00:00:00+00:00, run_after=2026-06-01 00:00:00+00:00
[2026-06-01T12:47:48.716+0000] {processor.py:183} INFO - Processing /home/airflow/.local/lib/python3.11/site-packages/airflow/example_dags/example_branch_operator_decorator.py took 0.223 seconds
[2026-06-01T12:48:18.888+0000] {processor.py:161} INFO - Started process (PID=8033) to work on /home/airflow/.local/lib/python3.11/site-packages/airflow/example_dags/example_branch_operator_decorator.py
[2026-06-01T12:48:18.898+0000] {processor.py:830} INFO - Processing file /home/airflow/.local/lib/python3.11/site-packages/airflow/example_dags/example_branch_operator_decorator.py for tasks to queue
[2026-06-01T12:48:18.900+0000] {logging_mixin.py:188} INFO - [2026-06-01T12:48:18.900+0000] {dagbag.py:545} INFO - Filling up the DagBag from /home/airflow/.local/lib/python3.11/site-packages/airflow/example_dags/example_branch_operator_decorator.py
[2026-06-01T12:48:18.966+0000] {processor.py:840} INFO - DAG(s) 'example_branch_python_operator_decorator' retrieved from /home/airflow/.local/lib/python3.11/site-packages/airflow/example_dags/example_branch_operator_decorator.py
[2026-06-01T12:48:19.071+0000] {logging_mixin.py:188} INFO - [2026-06-01T12:48:19.071+0000] {dag.py:3096} INFO - Sync 1 DAGs
[2026-06-01T12:48:19.160+0000] {logging_mixin.py:188} INFO - [2026-06-01T12:48:19.160+0000] {dag.py:3954} INFO - Setting next_dagrun for example_branch_python_operator_decorator to 2026-05-31 00:00:00+00:00, run_after=2026-06-01 00:00:00+00:00
[2026-06-01T12:48:19.231+0000] {processor.py:183} INFO - Processing /home/airflow/.local/lib/python3.11/site-packages/airflow/example_dags/example_branch_operator_decorator.py took 0.362 seconds
[2026-06-01T12:48:49.800+0000] {processor.py:161} INFO - Started process (PID=8307) to work on /home/airflow/.local/lib/python3.11/site-packages/airflow/example_dags/example_branch_operator_decorator.py
[2026-06-01T12:48:49.814+0000] {processor.py:830} INFO - Processing file /home/airflow/.local/lib/python3.11/site-packages/airflow/example_dags/example_branch_operator_decorator.py for tasks to queue
[2026-06-01T12:48:49.817+0000] {logging_mixin.py:188} INFO - [2026-06-01T12:48:49.816+0000] {dagbag.py:545} INFO - Filling up the DagBag from /home/airflow/.local/lib/python3.11/site-packages/airflow/example_dags/example_branch_operator_decorator.py
[2026-06-01T12:48:49.902+0000] {processor.py:840} INFO - DAG(s) 'example_branch_python_operator_decorator' retrieved from /home/airflow/.local/lib/python3.11/site-packages/airflow/example_dags/example_branch_operator_decorator.py
[2026-06-01T12:48:49.960+0000] {logging_mixin.py:188} INFO - [2026-06-01T12:48:49.960+0000] {dag.py:3096} INFO - Sync 1 DAGs
[2026-06-01T12:48:50.011+0000] {logging_mixin.py:188} INFO - [2026-06-01T12:48:50.011+0000] {dag.py:3954} INFO - Setting next_dagrun for example_branch_python_operator_decorator to 2026-05-31 00:00:00+00:00, run_after=2026-06-01 00:00:00+00:00
[2026-06-01T12:48:50.067+0000] {processor.py:183} INFO - Processing /home/airflow/.local/lib/python3.11/site-packages/airflow/example_dags/example_branch_operator_decorator.py took 0.273 seconds
