[2026-06-01T12:04:44.147+0000] {processor.py:161} INFO - Started process (PID=105) to work on /home/airflow/.local/lib/python3.11/site-packages/airflow/example_dags/example_datasets.py
[2026-06-01T12:04:44.149+0000] {processor.py:830} INFO - Processing file /home/airflow/.local/lib/python3.11/site-packages/airflow/example_dags/example_datasets.py for tasks to queue
[2026-06-01T12:04:44.152+0000] {logging_mixin.py:188} INFO - [2026-06-01T12:04:44.151+0000] {dagbag.py:545} INFO - Filling up the DagBag from /home/airflow/.local/lib/python3.11/site-packages/airflow/example_dags/example_datasets.py
[2026-06-01T12:04:44.183+0000] {processor.py:840} INFO - DAG(s) 'consume_1_or_both_2_and_3_with_dataset_expressions', 'consume_1_or_2_with_dataset_expressions', 'dataset_consumes_1', 'conditional_dataset_and_time_based_timetable', 'dataset_produces_2', 'dataset_consumes_unknown_never_scheduled', 'dataset_consumes_1_and_2', 'dataset_produces_1', 'consume_1_and_2_with_dataset_expressions', 'dataset_consumes_1_never_scheduled' retrieved from /home/airflow/.local/lib/python3.11/site-packages/airflow/example_dags/example_datasets.py
[2026-06-01T12:04:44.332+0000] {logging_mixin.py:188} INFO - [2026-06-01T12:04:44.331+0000] {override.py:1829} INFO - Created Permission View: can read on DAG:consume_1_or_both_2_and_3_with_dataset_expressions
[2026-06-01T12:04:44.349+0000] {logging_mixin.py:188} INFO - [2026-06-01T12:04:44.349+0000] {override.py:1829} INFO - Created Permission View: can delete on DAG:consume_1_or_both_2_and_3_with_dataset_expressions
[2026-06-01T12:04:44.361+0000] {logging_mixin.py:188} INFO - [2026-06-01T12:04:44.360+0000] {override.py:1829} INFO - Created Permission View: can edit on DAG:consume_1_or_both_2_and_3_with_dataset_expressions
[2026-06-01T12:04:44.380+0000] {logging_mixin.py:188} INFO - [2026-06-01T12:04:44.380+0000] {override.py:1829} INFO - Created Permission View: can read on DAG:consume_1_or_2_with_dataset_expressions
[2026-06-01T12:04:44.390+0000] {logging_mixin.py:188} INFO - [2026-06-01T12:04:44.389+0000] {override.py:1829} INFO - Created Permission View: can delete on DAG:consume_1_or_2_with_dataset_expressions
[2026-06-01T12:04:44.400+0000] {logging_mixin.py:188} INFO - [2026-06-01T12:04:44.399+0000] {override.py:1829} INFO - Created Permission View: can edit on DAG:consume_1_or_2_with_dataset_expressions
[2026-06-01T12:04:44.419+0000] {logging_mixin.py:188} INFO - [2026-06-01T12:04:44.418+0000] {override.py:1829} INFO - Created Permission View: can read on DAG:dataset_consumes_1
[2026-06-01T12:04:44.429+0000] {logging_mixin.py:188} INFO - [2026-06-01T12:04:44.429+0000] {override.py:1829} INFO - Created Permission View: can delete on DAG:dataset_consumes_1
[2026-06-01T12:04:44.438+0000] {logging_mixin.py:188} INFO - [2026-06-01T12:04:44.438+0000] {override.py:1829} INFO - Created Permission View: can edit on DAG:dataset_consumes_1
[2026-06-01T12:04:44.458+0000] {logging_mixin.py:188} INFO - [2026-06-01T12:04:44.457+0000] {override.py:1829} INFO - Created Permission View: can read on DAG:conditional_dataset_and_time_based_timetable
[2026-06-01T12:04:44.469+0000] {logging_mixin.py:188} INFO - [2026-06-01T12:04:44.468+0000] {override.py:1829} INFO - Created Permission View: can delete on DAG:conditional_dataset_and_time_based_timetable
[2026-06-01T12:04:44.477+0000] {logging_mixin.py:188} INFO - [2026-06-01T12:04:44.477+0000] {override.py:1829} INFO - Created Permission View: can edit on DAG:conditional_dataset_and_time_based_timetable
[2026-06-01T12:04:44.495+0000] {logging_mixin.py:188} INFO - [2026-06-01T12:04:44.494+0000] {override.py:1829} INFO - Created Permission View: can read on DAG:dataset_produces_2
[2026-06-01T12:04:44.504+0000] {logging_mixin.py:188} INFO - [2026-06-01T12:04:44.504+0000] {override.py:1829} INFO - Created Permission View: can delete on DAG:dataset_produces_2
[2026-06-01T12:04:44.514+0000] {logging_mixin.py:188} INFO - [2026-06-01T12:04:44.514+0000] {override.py:1829} INFO - Created Permission View: can edit on DAG:dataset_produces_2
[2026-06-01T12:04:44.531+0000] {logging_mixin.py:188} INFO - [2026-06-01T12:04:44.530+0000] {override.py:1829} INFO - Created Permission View: can read on DAG:dataset_consumes_unknown_never_scheduled
[2026-06-01T12:04:44.542+0000] {logging_mixin.py:188} INFO - [2026-06-01T12:04:44.541+0000] {override.py:1829} INFO - Created Permission View: can delete on DAG:dataset_consumes_unknown_never_scheduled
[2026-06-01T12:04:44.552+0000] {logging_mixin.py:188} INFO - [2026-06-01T12:04:44.552+0000] {override.py:1829} INFO - Created Permission View: can edit on DAG:dataset_consumes_unknown_never_scheduled
[2026-06-01T12:04:44.569+0000] {logging_mixin.py:188} INFO - [2026-06-01T12:04:44.569+0000] {override.py:1829} INFO - Created Permission View: can read on DAG:dataset_consumes_1_and_2
[2026-06-01T12:04:44.578+0000] {logging_mixin.py:188} INFO - [2026-06-01T12:04:44.577+0000] {override.py:1829} INFO - Created Permission View: can delete on DAG:dataset_consumes_1_and_2
[2026-06-01T12:04:44.587+0000] {logging_mixin.py:188} INFO - [2026-06-01T12:04:44.586+0000] {override.py:1829} INFO - Created Permission View: can edit on DAG:dataset_consumes_1_and_2
[2026-06-01T12:04:44.604+0000] {logging_mixin.py:188} INFO - [2026-06-01T12:04:44.604+0000] {override.py:1829} INFO - Created Permission View: can read on DAG:dataset_produces_1
[2026-06-01T12:04:44.616+0000] {logging_mixin.py:188} INFO - [2026-06-01T12:04:44.616+0000] {override.py:1829} INFO - Created Permission View: can delete on DAG:dataset_produces_1
[2026-06-01T12:04:44.627+0000] {logging_mixin.py:188} INFO - [2026-06-01T12:04:44.627+0000] {override.py:1829} INFO - Created Permission View: can edit on DAG:dataset_produces_1
[2026-06-01T12:04:44.650+0000] {logging_mixin.py:188} INFO - [2026-06-01T12:04:44.650+0000] {override.py:1829} INFO - Created Permission View: can read on DAG:consume_1_and_2_with_dataset_expressions
[2026-06-01T12:04:44.660+0000] {logging_mixin.py:188} INFO - [2026-06-01T12:04:44.660+0000] {override.py:1829} INFO - Created Permission View: can delete on DAG:consume_1_and_2_with_dataset_expressions
[2026-06-01T12:04:44.670+0000] {logging_mixin.py:188} INFO - [2026-06-01T12:04:44.669+0000] {override.py:1829} INFO - Created Permission View: can edit on DAG:consume_1_and_2_with_dataset_expressions
[2026-06-01T12:04:44.686+0000] {logging_mixin.py:188} INFO - [2026-06-01T12:04:44.686+0000] {override.py:1829} INFO - Created Permission View: can read on DAG:dataset_consumes_1_never_scheduled
[2026-06-01T12:04:44.694+0000] {logging_mixin.py:188} INFO - [2026-06-01T12:04:44.694+0000] {override.py:1829} INFO - Created Permission View: can delete on DAG:dataset_consumes_1_never_scheduled
[2026-06-01T12:04:44.703+0000] {logging_mixin.py:188} INFO - [2026-06-01T12:04:44.702+0000] {override.py:1829} INFO - Created Permission View: can edit on DAG:dataset_consumes_1_never_scheduled
[2026-06-01T12:04:44.704+0000] {logging_mixin.py:188} INFO - [2026-06-01T12:04:44.703+0000] {dag.py:3096} INFO - Sync 10 DAGs
[2026-06-01T12:04:44.722+0000] {logging_mixin.py:188} INFO - [2026-06-01T12:04:44.722+0000] {dag.py:3118} INFO - Creating ORM DAG for consume_1_or_both_2_and_3_with_dataset_expressions
[2026-06-01T12:04:44.724+0000] {logging_mixin.py:188} INFO - [2026-06-01T12:04:44.723+0000] {dag.py:3118} INFO - Creating ORM DAG for dataset_produces_2
[2026-06-01T12:04:44.725+0000] {logging_mixin.py:188} INFO - [2026-06-01T12:04:44.724+0000] {dag.py:3118} INFO - Creating ORM DAG for conditional_dataset_and_time_based_timetable
[2026-06-01T12:04:44.726+0000] {logging_mixin.py:188} INFO - [2026-06-01T12:04:44.726+0000] {dag.py:3118} INFO - Creating ORM DAG for dataset_consumes_1_and_2
[2026-06-01T12:04:44.727+0000] {logging_mixin.py:188} INFO - [2026-06-01T12:04:44.726+0000] {dag.py:3118} INFO - Creating ORM DAG for consume_1_and_2_with_dataset_expressions
[2026-06-01T12:04:44.728+0000] {logging_mixin.py:188} INFO - [2026-06-01T12:04:44.727+0000] {dag.py:3118} INFO - Creating ORM DAG for dataset_consumes_1_never_scheduled
[2026-06-01T12:04:44.728+0000] {logging_mixin.py:188} INFO - [2026-06-01T12:04:44.728+0000] {dag.py:3118} INFO - Creating ORM DAG for dataset_produces_1
[2026-06-01T12:04:44.729+0000] {logging_mixin.py:188} INFO - [2026-06-01T12:04:44.729+0000] {dag.py:3118} INFO - Creating ORM DAG for dataset_consumes_1
[2026-06-01T12:04:44.730+0000] {logging_mixin.py:188} INFO - [2026-06-01T12:04:44.730+0000] {dag.py:3118} INFO - Creating ORM DAG for consume_1_or_2_with_dataset_expressions
[2026-06-01T12:04:44.731+0000] {logging_mixin.py:188} INFO - [2026-06-01T12:04:44.731+0000] {dag.py:3118} INFO - Creating ORM DAG for dataset_consumes_unknown_never_scheduled
[2026-06-01T12:04:44.745+0000] {logging_mixin.py:188} INFO - [2026-06-01T12:04:44.745+0000] {dag.py:3954} INFO - Setting next_dagrun for conditional_dataset_and_time_based_timetable to 2026-05-27 01:00:00+00:00, run_after=2026-05-27 01:00:00+00:00
[2026-06-01T12:04:44.747+0000] {logging_mixin.py:188} INFO - [2026-06-01T12:04:44.746+0000] {dag.py:3954} INFO - Setting next_dagrun for consume_1_and_2_with_dataset_expressions to None, run_after=None
[2026-06-01T12:04:44.748+0000] {logging_mixin.py:188} INFO - [2026-06-01T12:04:44.747+0000] {dag.py:3954} INFO - Setting next_dagrun for consume_1_or_2_with_dataset_expressions to None, run_after=None
[2026-06-01T12:04:44.748+0000] {logging_mixin.py:188} INFO - [2026-06-01T12:04:44.748+0000] {dag.py:3954} INFO - Setting next_dagrun for consume_1_or_both_2_and_3_with_dataset_expressions to None, run_after=None
[2026-06-01T12:04:44.749+0000] {logging_mixin.py:188} INFO - [2026-06-01T12:04:44.749+0000] {dag.py:3954} INFO - Setting next_dagrun for dataset_consumes_1 to None, run_after=None
[2026-06-01T12:04:44.750+0000] {logging_mixin.py:188} INFO - [2026-06-01T12:04:44.749+0000] {dag.py:3954} INFO - Setting next_dagrun for dataset_consumes_1_and_2 to None, run_after=None
[2026-06-01T12:04:44.750+0000] {logging_mixin.py:188} INFO - [2026-06-01T12:04:44.750+0000] {dag.py:3954} INFO - Setting next_dagrun for dataset_consumes_1_never_scheduled to None, run_after=None
[2026-06-01T12:04:44.752+0000] {logging_mixin.py:188} INFO - [2026-06-01T12:04:44.751+0000] {dag.py:3954} INFO - Setting next_dagrun for dataset_consumes_unknown_never_scheduled to None, run_after=None
[2026-06-01T12:04:44.754+0000] {logging_mixin.py:188} INFO - [2026-06-01T12:04:44.753+0000] {dag.py:3954} INFO - Setting next_dagrun for dataset_produces_1 to 2026-05-31 00:00:00+00:00, run_after=2026-06-01 00:00:00+00:00
[2026-06-01T12:04:44.754+0000] {logging_mixin.py:188} INFO - [2026-06-01T12:04:44.754+0000] {dag.py:3954} INFO - Setting next_dagrun for dataset_produces_2 to None, run_after=None
[2026-06-01T12:04:44.822+0000] {processor.py:183} INFO - Processing /home/airflow/.local/lib/python3.11/site-packages/airflow/example_dags/example_datasets.py took 0.686 seconds
[2026-06-01T12:05:15.779+0000] {processor.py:161} INFO - Started process (PID=165) to work on /home/airflow/.local/lib/python3.11/site-packages/airflow/example_dags/example_datasets.py
[2026-06-01T12:05:15.785+0000] {processor.py:830} INFO - Processing file /home/airflow/.local/lib/python3.11/site-packages/airflow/example_dags/example_datasets.py for tasks to queue
[2026-06-01T12:05:15.792+0000] {logging_mixin.py:188} INFO - [2026-06-01T12:05:15.791+0000] {dagbag.py:545} INFO - Filling up the DagBag from /home/airflow/.local/lib/python3.11/site-packages/airflow/example_dags/example_datasets.py
[2026-06-01T12:05:15.819+0000] {processor.py:840} INFO - DAG(s) 'dataset_consumes_1', 'dataset_produces_2', 'dataset_consumes_1_and_2', 'consume_1_or_2_with_dataset_expressions', 'dataset_consumes_1_never_scheduled', 'dataset_consumes_unknown_never_scheduled', 'dataset_produces_1', 'conditional_dataset_and_time_based_timetable', 'consume_1_or_both_2_and_3_with_dataset_expressions', 'consume_1_and_2_with_dataset_expressions' retrieved from /home/airflow/.local/lib/python3.11/site-packages/airflow/example_dags/example_datasets.py
[2026-06-01T12:05:15.883+0000] {logging_mixin.py:188} INFO - [2026-06-01T12:05:15.883+0000] {dag.py:3096} INFO - Sync 10 DAGs
[2026-06-01T12:05:15.922+0000] {logging_mixin.py:188} INFO - [2026-06-01T12:05:15.922+0000] {dag.py:3954} INFO - Setting next_dagrun for conditional_dataset_and_time_based_timetable to 2026-05-27 01:00:00+00:00, run_after=2026-05-27 01:00:00+00:00
[2026-06-01T12:05:15.929+0000] {logging_mixin.py:188} INFO - [2026-06-01T12:05:15.929+0000] {dag.py:3954} INFO - Setting next_dagrun for consume_1_and_2_with_dataset_expressions to None, run_after=None
[2026-06-01T12:05:15.932+0000] {logging_mixin.py:188} INFO - [2026-06-01T12:05:15.932+0000] {dag.py:3954} INFO - Setting next_dagrun for consume_1_or_2_with_dataset_expressions to None, run_after=None
[2026-06-01T12:05:15.937+0000] {logging_mixin.py:188} INFO - [2026-06-01T12:05:15.936+0000] {dag.py:3954} INFO - Setting next_dagrun for consume_1_or_both_2_and_3_with_dataset_expressions to None, run_after=None
[2026-06-01T12:05:15.939+0000] {logging_mixin.py:188} INFO - [2026-06-01T12:05:15.939+0000] {dag.py:3954} INFO - Setting next_dagrun for dataset_consumes_1 to None, run_after=None
[2026-06-01T12:05:15.941+0000] {logging_mixin.py:188} INFO - [2026-06-01T12:05:15.941+0000] {dag.py:3954} INFO - Setting next_dagrun for dataset_consumes_1_and_2 to None, run_after=None
[2026-06-01T12:05:15.943+0000] {logging_mixin.py:188} INFO - [2026-06-01T12:05:15.943+0000] {dag.py:3954} INFO - Setting next_dagrun for dataset_consumes_1_never_scheduled to None, run_after=None
[2026-06-01T12:05:15.945+0000] {logging_mixin.py:188} INFO - [2026-06-01T12:05:15.945+0000] {dag.py:3954} INFO - Setting next_dagrun for dataset_consumes_unknown_never_scheduled to None, run_after=None
[2026-06-01T12:05:15.948+0000] {logging_mixin.py:188} INFO - [2026-06-01T12:05:15.948+0000] {dag.py:3954} INFO - Setting next_dagrun for dataset_produces_1 to 2026-05-31 00:00:00+00:00, run_after=2026-06-01 00:00:00+00:00
[2026-06-01T12:05:15.950+0000] {logging_mixin.py:188} INFO - [2026-06-01T12:05:15.950+0000] {dag.py:3954} INFO - Setting next_dagrun for dataset_produces_2 to None, run_after=None
[2026-06-01T12:05:15.995+0000] {processor.py:183} INFO - Processing /home/airflow/.local/lib/python3.11/site-packages/airflow/example_dags/example_datasets.py took 0.227 seconds
[2026-06-01T12:05:46.813+0000] {processor.py:161} INFO - Started process (PID=224) to work on /home/airflow/.local/lib/python3.11/site-packages/airflow/example_dags/example_datasets.py
[2026-06-01T12:05:46.815+0000] {processor.py:830} INFO - Processing file /home/airflow/.local/lib/python3.11/site-packages/airflow/example_dags/example_datasets.py for tasks to queue
[2026-06-01T12:05:46.821+0000] {logging_mixin.py:188} INFO - [2026-06-01T12:05:46.820+0000] {dagbag.py:545} INFO - Filling up the DagBag from /home/airflow/.local/lib/python3.11/site-packages/airflow/example_dags/example_datasets.py
[2026-06-01T12:05:46.850+0000] {processor.py:840} INFO - DAG(s) 'conditional_dataset_and_time_based_timetable', 'dataset_produces_1', 'dataset_consumes_1_and_2', 'consume_1_and_2_with_dataset_expressions', 'dataset_consumes_1', 'consume_1_or_2_with_dataset_expressions', 'dataset_produces_2', 'dataset_consumes_1_never_scheduled', 'dataset_consumes_unknown_never_scheduled', 'consume_1_or_both_2_and_3_with_dataset_expressions' retrieved from /home/airflow/.local/lib/python3.11/site-packages/airflow/example_dags/example_datasets.py
[2026-06-01T12:05:46.951+0000] {logging_mixin.py:188} INFO - [2026-06-01T12:05:46.951+0000] {dag.py:3096} INFO - Sync 10 DAGs
[2026-06-01T12:05:47.010+0000] {logging_mixin.py:188} INFO - [2026-06-01T12:05:47.009+0000] {dag.py:3954} INFO - Setting next_dagrun for conditional_dataset_and_time_based_timetable to 2026-05-27 01:00:00+00:00, run_after=2026-05-27 01:00:00+00:00
[2026-06-01T12:05:47.020+0000] {logging_mixin.py:188} INFO - [2026-06-01T12:05:47.020+0000] {dag.py:3954} INFO - Setting next_dagrun for consume_1_and_2_with_dataset_expressions to None, run_after=None
[2026-06-01T12:05:47.024+0000] {logging_mixin.py:188} INFO - [2026-06-01T12:05:47.023+0000] {dag.py:3954} INFO - Setting next_dagrun for consume_1_or_2_with_dataset_expressions to None, run_after=None
[2026-06-01T12:05:47.027+0000] {logging_mixin.py:188} INFO - [2026-06-01T12:05:47.026+0000] {dag.py:3954} INFO - Setting next_dagrun for consume_1_or_both_2_and_3_with_dataset_expressions to None, run_after=None
[2026-06-01T12:05:47.034+0000] {logging_mixin.py:188} INFO - [2026-06-01T12:05:47.032+0000] {dag.py:3954} INFO - Setting next_dagrun for dataset_consumes_1 to None, run_after=None
[2026-06-01T12:05:47.037+0000] {logging_mixin.py:188} INFO - [2026-06-01T12:05:47.037+0000] {dag.py:3954} INFO - Setting next_dagrun for dataset_consumes_1_and_2 to None, run_after=None
[2026-06-01T12:05:47.041+0000] {logging_mixin.py:188} INFO - [2026-06-01T12:05:47.040+0000] {dag.py:3954} INFO - Setting next_dagrun for dataset_consumes_1_never_scheduled to None, run_after=None
[2026-06-01T12:05:47.044+0000] {logging_mixin.py:188} INFO - [2026-06-01T12:05:47.044+0000] {dag.py:3954} INFO - Setting next_dagrun for dataset_consumes_unknown_never_scheduled to None, run_after=None
[2026-06-01T12:05:47.054+0000] {logging_mixin.py:188} INFO - [2026-06-01T12:05:47.054+0000] {dag.py:3954} INFO - Setting next_dagrun for dataset_produces_1 to 2026-05-31 00:00:00+00:00, run_after=2026-06-01 00:00:00+00:00
[2026-06-01T12:05:47.057+0000] {logging_mixin.py:188} INFO - [2026-06-01T12:05:47.057+0000] {dag.py:3954} INFO - Setting next_dagrun for dataset_produces_2 to None, run_after=None
[2026-06-01T12:05:47.139+0000] {processor.py:183} INFO - Processing /home/airflow/.local/lib/python3.11/site-packages/airflow/example_dags/example_datasets.py took 0.338 seconds
[2026-06-01T12:06:17.717+0000] {processor.py:161} INFO - Started process (PID=283) to work on /home/airflow/.local/lib/python3.11/site-packages/airflow/example_dags/example_datasets.py
[2026-06-01T12:06:17.719+0000] {processor.py:830} INFO - Processing file /home/airflow/.local/lib/python3.11/site-packages/airflow/example_dags/example_datasets.py for tasks to queue
[2026-06-01T12:06:17.722+0000] {logging_mixin.py:188} INFO - [2026-06-01T12:06:17.722+0000] {dagbag.py:545} INFO - Filling up the DagBag from /home/airflow/.local/lib/python3.11/site-packages/airflow/example_dags/example_datasets.py
[2026-06-01T12:06:17.749+0000] {processor.py:840} INFO - DAG(s) 'conditional_dataset_and_time_based_timetable', 'consume_1_or_2_with_dataset_expressions', 'consume_1_or_both_2_and_3_with_dataset_expressions', 'dataset_consumes_1_never_scheduled', 'dataset_produces_2', 'dataset_consumes_1_and_2', 'dataset_consumes_1', 'dataset_produces_1', 'dataset_consumes_unknown_never_scheduled', 'consume_1_and_2_with_dataset_expressions' retrieved from /home/airflow/.local/lib/python3.11/site-packages/airflow/example_dags/example_datasets.py
[2026-06-01T12:06:17.831+0000] {logging_mixin.py:188} INFO - [2026-06-01T12:06:17.831+0000] {dag.py:3096} INFO - Sync 10 DAGs
[2026-06-01T12:06:17.877+0000] {logging_mixin.py:188} INFO - [2026-06-01T12:06:17.877+0000] {dag.py:3954} INFO - Setting next_dagrun for conditional_dataset_and_time_based_timetable to 2026-05-27 01:00:00+00:00, run_after=2026-05-27 01:00:00+00:00
[2026-06-01T12:06:17.884+0000] {logging_mixin.py:188} INFO - [2026-06-01T12:06:17.884+0000] {dag.py:3954} INFO - Setting next_dagrun for consume_1_and_2_with_dataset_expressions to None, run_after=None
[2026-06-01T12:06:17.886+0000] {logging_mixin.py:188} INFO - [2026-06-01T12:06:17.886+0000] {dag.py:3954} INFO - Setting next_dagrun for consume_1_or_2_with_dataset_expressions to None, run_after=None
[2026-06-01T12:06:17.890+0000] {logging_mixin.py:188} INFO - [2026-06-01T12:06:17.890+0000] {dag.py:3954} INFO - Setting next_dagrun for consume_1_or_both_2_and_3_with_dataset_expressions to None, run_after=None
[2026-06-01T12:06:17.893+0000] {logging_mixin.py:188} INFO - [2026-06-01T12:06:17.893+0000] {dag.py:3954} INFO - Setting next_dagrun for dataset_consumes_1 to None, run_after=None
[2026-06-01T12:06:17.897+0000] {logging_mixin.py:188} INFO - [2026-06-01T12:06:17.896+0000] {dag.py:3954} INFO - Setting next_dagrun for dataset_consumes_1_and_2 to None, run_after=None
[2026-06-01T12:06:17.899+0000] {logging_mixin.py:188} INFO - [2026-06-01T12:06:17.898+0000] {dag.py:3954} INFO - Setting next_dagrun for dataset_consumes_1_never_scheduled to None, run_after=None
[2026-06-01T12:06:17.901+0000] {logging_mixin.py:188} INFO - [2026-06-01T12:06:17.900+0000] {dag.py:3954} INFO - Setting next_dagrun for dataset_consumes_unknown_never_scheduled to None, run_after=None
[2026-06-01T12:06:17.905+0000] {logging_mixin.py:188} INFO - [2026-06-01T12:06:17.904+0000] {dag.py:3954} INFO - Setting next_dagrun for dataset_produces_1 to 2026-05-31 00:00:00+00:00, run_after=2026-06-01 00:00:00+00:00
[2026-06-01T12:06:17.908+0000] {logging_mixin.py:188} INFO - [2026-06-01T12:06:17.907+0000] {dag.py:3954} INFO - Setting next_dagrun for dataset_produces_2 to None, run_after=None
[2026-06-01T12:06:17.980+0000] {processor.py:183} INFO - Processing /home/airflow/.local/lib/python3.11/site-packages/airflow/example_dags/example_datasets.py took 0.271 seconds
[2026-06-01T12:06:48.415+0000] {processor.py:161} INFO - Started process (PID=342) to work on /home/airflow/.local/lib/python3.11/site-packages/airflow/example_dags/example_datasets.py
[2026-06-01T12:06:48.417+0000] {processor.py:830} INFO - Processing file /home/airflow/.local/lib/python3.11/site-packages/airflow/example_dags/example_datasets.py for tasks to queue
[2026-06-01T12:06:48.422+0000] {logging_mixin.py:188} INFO - [2026-06-01T12:06:48.421+0000] {dagbag.py:545} INFO - Filling up the DagBag from /home/airflow/.local/lib/python3.11/site-packages/airflow/example_dags/example_datasets.py
[2026-06-01T12:06:48.448+0000] {processor.py:840} INFO - DAG(s) 'dataset_consumes_1_never_scheduled', 'dataset_consumes_1', 'dataset_consumes_1_and_2', 'consume_1_or_both_2_and_3_with_dataset_expressions', 'consume_1_or_2_with_dataset_expressions', 'conditional_dataset_and_time_based_timetable', 'dataset_consumes_unknown_never_scheduled', 'dataset_produces_1', 'consume_1_and_2_with_dataset_expressions', 'dataset_produces_2' retrieved from /home/airflow/.local/lib/python3.11/site-packages/airflow/example_dags/example_datasets.py
[2026-06-01T12:06:48.484+0000] {logging_mixin.py:188} INFO - [2026-06-01T12:06:48.484+0000] {dag.py:3096} INFO - Sync 10 DAGs
[2026-06-01T12:06:48.536+0000] {logging_mixin.py:188} INFO - [2026-06-01T12:06:48.536+0000] {dag.py:3954} INFO - Setting next_dagrun for conditional_dataset_and_time_based_timetable to 2026-05-27 01:00:00+00:00, run_after=2026-05-27 01:00:00+00:00
[2026-06-01T12:06:48.543+0000] {logging_mixin.py:188} INFO - [2026-06-01T12:06:48.543+0000] {dag.py:3954} INFO - Setting next_dagrun for consume_1_and_2_with_dataset_expressions to None, run_after=None
[2026-06-01T12:06:48.547+0000] {logging_mixin.py:188} INFO - [2026-06-01T12:06:48.546+0000] {dag.py:3954} INFO - Setting next_dagrun for consume_1_or_2_with_dataset_expressions to None, run_after=None
[2026-06-01T12:06:48.550+0000] {logging_mixin.py:188} INFO - [2026-06-01T12:06:48.549+0000] {dag.py:3954} INFO - Setting next_dagrun for consume_1_or_both_2_and_3_with_dataset_expressions to None, run_after=None
[2026-06-01T12:06:48.552+0000] {logging_mixin.py:188} INFO - [2026-06-01T12:06:48.552+0000] {dag.py:3954} INFO - Setting next_dagrun for dataset_consumes_1 to None, run_after=None
[2026-06-01T12:06:48.556+0000] {logging_mixin.py:188} INFO - [2026-06-01T12:06:48.555+0000] {dag.py:3954} INFO - Setting next_dagrun for dataset_consumes_1_and_2 to None, run_after=None
[2026-06-01T12:06:48.560+0000] {logging_mixin.py:188} INFO - [2026-06-01T12:06:48.559+0000] {dag.py:3954} INFO - Setting next_dagrun for dataset_consumes_1_never_scheduled to None, run_after=None
[2026-06-01T12:06:48.562+0000] {logging_mixin.py:188} INFO - [2026-06-01T12:06:48.562+0000] {dag.py:3954} INFO - Setting next_dagrun for dataset_consumes_unknown_never_scheduled to None, run_after=None
[2026-06-01T12:06:48.566+0000] {logging_mixin.py:188} INFO - [2026-06-01T12:06:48.566+0000] {dag.py:3954} INFO - Setting next_dagrun for dataset_produces_1 to 2026-05-31 00:00:00+00:00, run_after=2026-06-01 00:00:00+00:00
[2026-06-01T12:06:48.568+0000] {logging_mixin.py:188} INFO - [2026-06-01T12:06:48.568+0000] {dag.py:3954} INFO - Setting next_dagrun for dataset_produces_2 to None, run_after=None
[2026-06-01T12:06:48.622+0000] {processor.py:183} INFO - Processing /home/airflow/.local/lib/python3.11/site-packages/airflow/example_dags/example_datasets.py took 0.218 seconds
[2026-06-01T12:07:19.050+0000] {processor.py:161} INFO - Started process (PID=401) to work on /home/airflow/.local/lib/python3.11/site-packages/airflow/example_dags/example_datasets.py
[2026-06-01T12:07:19.052+0000] {processor.py:830} INFO - Processing file /home/airflow/.local/lib/python3.11/site-packages/airflow/example_dags/example_datasets.py for tasks to queue
[2026-06-01T12:07:19.059+0000] {logging_mixin.py:188} INFO - [2026-06-01T12:07:19.059+0000] {dagbag.py:545} INFO - Filling up the DagBag from /home/airflow/.local/lib/python3.11/site-packages/airflow/example_dags/example_datasets.py
[2026-06-01T12:07:19.085+0000] {processor.py:840} INFO - DAG(s) 'conditional_dataset_and_time_based_timetable', 'consume_1_and_2_with_dataset_expressions', 'dataset_consumes_unknown_never_scheduled', 'dataset_produces_1', 'dataset_consumes_1_never_scheduled', 'dataset_consumes_1', 'consume_1_or_both_2_and_3_with_dataset_expressions', 'consume_1_or_2_with_dataset_expressions', 'dataset_consumes_1_and_2', 'dataset_produces_2' retrieved from /home/airflow/.local/lib/python3.11/site-packages/airflow/example_dags/example_datasets.py
[2026-06-01T12:07:19.361+0000] {logging_mixin.py:188} INFO - [2026-06-01T12:07:19.360+0000] {dag.py:3096} INFO - Sync 10 DAGs
[2026-06-01T12:07:19.391+0000] {logging_mixin.py:188} INFO - [2026-06-01T12:07:19.391+0000] {dag.py:3954} INFO - Setting next_dagrun for conditional_dataset_and_time_based_timetable to 2026-05-27 01:00:00+00:00, run_after=2026-05-27 01:00:00+00:00
[2026-06-01T12:07:19.398+0000] {logging_mixin.py:188} INFO - [2026-06-01T12:07:19.398+0000] {dag.py:3954} INFO - Setting next_dagrun for consume_1_and_2_with_dataset_expressions to None, run_after=None
[2026-06-01T12:07:19.400+0000] {logging_mixin.py:188} INFO - [2026-06-01T12:07:19.400+0000] {dag.py:3954} INFO - Setting next_dagrun for consume_1_or_2_with_dataset_expressions to None, run_after=None
[2026-06-01T12:07:19.402+0000] {logging_mixin.py:188} INFO - [2026-06-01T12:07:19.402+0000] {dag.py:3954} INFO - Setting next_dagrun for consume_1_or_both_2_and_3_with_dataset_expressions to None, run_after=None
[2026-06-01T12:07:19.405+0000] {logging_mixin.py:188} INFO - [2026-06-01T12:07:19.405+0000] {dag.py:3954} INFO - Setting next_dagrun for dataset_consumes_1 to None, run_after=None
[2026-06-01T12:07:19.407+0000] {logging_mixin.py:188} INFO - [2026-06-01T12:07:19.407+0000] {dag.py:3954} INFO - Setting next_dagrun for dataset_consumes_1_and_2 to None, run_after=None
[2026-06-01T12:07:19.409+0000] {logging_mixin.py:188} INFO - [2026-06-01T12:07:19.409+0000] {dag.py:3954} INFO - Setting next_dagrun for dataset_consumes_1_never_scheduled to None, run_after=None
[2026-06-01T12:07:19.411+0000] {logging_mixin.py:188} INFO - [2026-06-01T12:07:19.411+0000] {dag.py:3954} INFO - Setting next_dagrun for dataset_consumes_unknown_never_scheduled to None, run_after=None
[2026-06-01T12:07:19.414+0000] {logging_mixin.py:188} INFO - [2026-06-01T12:07:19.414+0000] {dag.py:3954} INFO - Setting next_dagrun for dataset_produces_1 to 2026-05-31 00:00:00+00:00, run_after=2026-06-01 00:00:00+00:00
[2026-06-01T12:07:19.416+0000] {logging_mixin.py:188} INFO - [2026-06-01T12:07:19.416+0000] {dag.py:3954} INFO - Setting next_dagrun for dataset_produces_2 to None, run_after=None
[2026-06-01T12:07:19.472+0000] {processor.py:183} INFO - Processing /home/airflow/.local/lib/python3.11/site-packages/airflow/example_dags/example_datasets.py took 0.432 seconds
[2026-06-01T12:07:49.714+0000] {processor.py:161} INFO - Started process (PID=461) to work on /home/airflow/.local/lib/python3.11/site-packages/airflow/example_dags/example_datasets.py
[2026-06-01T12:07:49.715+0000] {processor.py:830} INFO - Processing file /home/airflow/.local/lib/python3.11/site-packages/airflow/example_dags/example_datasets.py for tasks to queue
[2026-06-01T12:07:49.718+0000] {logging_mixin.py:188} INFO - [2026-06-01T12:07:49.717+0000] {dagbag.py:545} INFO - Filling up the DagBag from /home/airflow/.local/lib/python3.11/site-packages/airflow/example_dags/example_datasets.py
[2026-06-01T12:07:49.735+0000] {processor.py:840} INFO - DAG(s) 'conditional_dataset_and_time_based_timetable', 'dataset_produces_2', 'dataset_produces_1', 'consume_1_and_2_with_dataset_expressions', 'dataset_consumes_1', 'dataset_consumes_1_and_2', 'dataset_consumes_unknown_never_scheduled', 'consume_1_or_both_2_and_3_with_dataset_expressions', 'consume_1_or_2_with_dataset_expressions', 'dataset_consumes_1_never_scheduled' retrieved from /home/airflow/.local/lib/python3.11/site-packages/airflow/example_dags/example_datasets.py
[2026-06-01T12:07:49.792+0000] {logging_mixin.py:188} INFO - [2026-06-01T12:07:49.792+0000] {dag.py:3096} INFO - Sync 10 DAGs
[2026-06-01T12:07:49.818+0000] {logging_mixin.py:188} INFO - [2026-06-01T12:07:49.818+0000] {dag.py:3954} INFO - Setting next_dagrun for conditional_dataset_and_time_based_timetable to 2026-05-27 01:00:00+00:00, run_after=2026-05-27 01:00:00+00:00
[2026-06-01T12:07:49.824+0000] {logging_mixin.py:188} INFO - [2026-06-01T12:07:49.823+0000] {dag.py:3954} INFO - Setting next_dagrun for consume_1_and_2_with_dataset_expressions to None, run_after=None
[2026-06-01T12:07:49.826+0000] {logging_mixin.py:188} INFO - [2026-06-01T12:07:49.825+0000] {dag.py:3954} INFO - Setting next_dagrun for consume_1_or_2_with_dataset_expressions to None, run_after=None
[2026-06-01T12:07:49.828+0000] {logging_mixin.py:188} INFO - [2026-06-01T12:07:49.828+0000] {dag.py:3954} INFO - Setting next_dagrun for consume_1_or_both_2_and_3_with_dataset_expressions to None, run_after=None
[2026-06-01T12:07:49.831+0000] {logging_mixin.py:188} INFO - [2026-06-01T12:07:49.830+0000] {dag.py:3954} INFO - Setting next_dagrun for dataset_consumes_1 to None, run_after=None
[2026-06-01T12:07:49.833+0000] {logging_mixin.py:188} INFO - [2026-06-01T12:07:49.833+0000] {dag.py:3954} INFO - Setting next_dagrun for dataset_consumes_1_and_2 to None, run_after=None
[2026-06-01T12:07:49.836+0000] {logging_mixin.py:188} INFO - [2026-06-01T12:07:49.835+0000] {dag.py:3954} INFO - Setting next_dagrun for dataset_consumes_1_never_scheduled to None, run_after=None
[2026-06-01T12:07:49.839+0000] {logging_mixin.py:188} INFO - [2026-06-01T12:07:49.838+0000] {dag.py:3954} INFO - Setting next_dagrun for dataset_consumes_unknown_never_scheduled to None, run_after=None
[2026-06-01T12:07:49.843+0000] {logging_mixin.py:188} INFO - [2026-06-01T12:07:49.843+0000] {dag.py:3954} INFO - Setting next_dagrun for dataset_produces_1 to 2026-05-31 00:00:00+00:00, run_after=2026-06-01 00:00:00+00:00
[2026-06-01T12:07:49.845+0000] {logging_mixin.py:188} INFO - [2026-06-01T12:07:49.845+0000] {dag.py:3954} INFO - Setting next_dagrun for dataset_produces_2 to None, run_after=None
[2026-06-01T12:07:49.886+0000] {processor.py:183} INFO - Processing /home/airflow/.local/lib/python3.11/site-packages/airflow/example_dags/example_datasets.py took 0.181 seconds
[2026-06-01T12:08:20.192+0000] {processor.py:161} INFO - Started process (PID=520) to work on /home/airflow/.local/lib/python3.11/site-packages/airflow/example_dags/example_datasets.py
[2026-06-01T12:08:20.193+0000] {processor.py:830} INFO - Processing file /home/airflow/.local/lib/python3.11/site-packages/airflow/example_dags/example_datasets.py for tasks to queue
[2026-06-01T12:08:20.195+0000] {logging_mixin.py:188} INFO - [2026-06-01T12:08:20.195+0000] {dagbag.py:545} INFO - Filling up the DagBag from /home/airflow/.local/lib/python3.11/site-packages/airflow/example_dags/example_datasets.py
[2026-06-01T12:08:20.212+0000] {processor.py:840} INFO - DAG(s) 'dataset_consumes_unknown_never_scheduled', 'consume_1_or_2_with_dataset_expressions', 'dataset_consumes_1_and_2', 'dataset_produces_2', 'consume_1_or_both_2_and_3_with_dataset_expressions', 'dataset_produces_1', 'dataset_consumes_1', 'conditional_dataset_and_time_based_timetable', 'consume_1_and_2_with_dataset_expressions', 'dataset_consumes_1_never_scheduled' retrieved from /home/airflow/.local/lib/python3.11/site-packages/airflow/example_dags/example_datasets.py
[2026-06-01T12:08:20.263+0000] {logging_mixin.py:188} INFO - [2026-06-01T12:08:20.263+0000] {dag.py:3096} INFO - Sync 10 DAGs
[2026-06-01T12:08:20.289+0000] {logging_mixin.py:188} INFO - [2026-06-01T12:08:20.288+0000] {dag.py:3954} INFO - Setting next_dagrun for conditional_dataset_and_time_based_timetable to 2026-05-27 01:00:00+00:00, run_after=2026-05-27 01:00:00+00:00
[2026-06-01T12:08:20.293+0000] {logging_mixin.py:188} INFO - [2026-06-01T12:08:20.293+0000] {dag.py:3954} INFO - Setting next_dagrun for consume_1_and_2_with_dataset_expressions to None, run_after=None
[2026-06-01T12:08:20.295+0000] {logging_mixin.py:188} INFO - [2026-06-01T12:08:20.295+0000] {dag.py:3954} INFO - Setting next_dagrun for consume_1_or_2_with_dataset_expressions to None, run_after=None
[2026-06-01T12:08:20.297+0000] {logging_mixin.py:188} INFO - [2026-06-01T12:08:20.297+0000] {dag.py:3954} INFO - Setting next_dagrun for consume_1_or_both_2_and_3_with_dataset_expressions to None, run_after=None
[2026-06-01T12:08:20.299+0000] {logging_mixin.py:188} INFO - [2026-06-01T12:08:20.298+0000] {dag.py:3954} INFO - Setting next_dagrun for dataset_consumes_1 to None, run_after=None
[2026-06-01T12:08:20.301+0000] {logging_mixin.py:188} INFO - [2026-06-01T12:08:20.301+0000] {dag.py:3954} INFO - Setting next_dagrun for dataset_consumes_1_and_2 to None, run_after=None
[2026-06-01T12:08:20.303+0000] {logging_mixin.py:188} INFO - [2026-06-01T12:08:20.303+0000] {dag.py:3954} INFO - Setting next_dagrun for dataset_consumes_1_never_scheduled to None, run_after=None
[2026-06-01T12:08:20.305+0000] {logging_mixin.py:188} INFO - [2026-06-01T12:08:20.304+0000] {dag.py:3954} INFO - Setting next_dagrun for dataset_consumes_unknown_never_scheduled to None, run_after=None
[2026-06-01T12:08:20.307+0000] {logging_mixin.py:188} INFO - [2026-06-01T12:08:20.307+0000] {dag.py:3954} INFO - Setting next_dagrun for dataset_produces_1 to 2026-05-31 00:00:00+00:00, run_after=2026-06-01 00:00:00+00:00
[2026-06-01T12:08:20.309+0000] {logging_mixin.py:188} INFO - [2026-06-01T12:08:20.309+0000] {dag.py:3954} INFO - Setting next_dagrun for dataset_produces_2 to None, run_after=None
[2026-06-01T12:08:20.347+0000] {processor.py:183} INFO - Processing /home/airflow/.local/lib/python3.11/site-packages/airflow/example_dags/example_datasets.py took 0.163 seconds
[2026-06-01T12:08:50.421+0000] {processor.py:161} INFO - Started process (PID=579) to work on /home/airflow/.local/lib/python3.11/site-packages/airflow/example_dags/example_datasets.py
[2026-06-01T12:08:50.423+0000] {processor.py:830} INFO - Processing file /home/airflow/.local/lib/python3.11/site-packages/airflow/example_dags/example_datasets.py for tasks to queue
[2026-06-01T12:08:50.426+0000] {logging_mixin.py:188} INFO - [2026-06-01T12:08:50.426+0000] {dagbag.py:545} INFO - Filling up the DagBag from /home/airflow/.local/lib/python3.11/site-packages/airflow/example_dags/example_datasets.py
[2026-06-01T12:08:50.447+0000] {processor.py:840} INFO - DAG(s) 'consume_1_and_2_with_dataset_expressions', 'dataset_consumes_unknown_never_scheduled', 'dataset_produces_1', 'consume_1_or_both_2_and_3_with_dataset_expressions', 'dataset_consumes_1', 'dataset_produces_2', 'consume_1_or_2_with_dataset_expressions', 'conditional_dataset_and_time_based_timetable', 'dataset_consumes_1_and_2', 'dataset_consumes_1_never_scheduled' retrieved from /home/airflow/.local/lib/python3.11/site-packages/airflow/example_dags/example_datasets.py
[2026-06-01T12:08:50.527+0000] {logging_mixin.py:188} INFO - [2026-06-01T12:08:50.527+0000] {dag.py:3096} INFO - Sync 10 DAGs
[2026-06-01T12:08:50.568+0000] {logging_mixin.py:188} INFO - [2026-06-01T12:08:50.568+0000] {dag.py:3954} INFO - Setting next_dagrun for conditional_dataset_and_time_based_timetable to 2026-05-27 01:00:00+00:00, run_after=2026-05-27 01:00:00+00:00
[2026-06-01T12:08:50.575+0000] {logging_mixin.py:188} INFO - [2026-06-01T12:08:50.575+0000] {dag.py:3954} INFO - Setting next_dagrun for consume_1_and_2_with_dataset_expressions to None, run_after=None
[2026-06-01T12:08:50.579+0000] {logging_mixin.py:188} INFO - [2026-06-01T12:08:50.578+0000] {dag.py:3954} INFO - Setting next_dagrun for consume_1_or_2_with_dataset_expressions to None, run_after=None
[2026-06-01T12:08:50.581+0000] {logging_mixin.py:188} INFO - [2026-06-01T12:08:50.581+0000] {dag.py:3954} INFO - Setting next_dagrun for consume_1_or_both_2_and_3_with_dataset_expressions to None, run_after=None
[2026-06-01T12:08:50.584+0000] {logging_mixin.py:188} INFO - [2026-06-01T12:08:50.584+0000] {dag.py:3954} INFO - Setting next_dagrun for dataset_consumes_1 to None, run_after=None
[2026-06-01T12:08:50.588+0000] {logging_mixin.py:188} INFO - [2026-06-01T12:08:50.587+0000] {dag.py:3954} INFO - Setting next_dagrun for dataset_consumes_1_and_2 to None, run_after=None
[2026-06-01T12:08:50.591+0000] {logging_mixin.py:188} INFO - [2026-06-01T12:08:50.591+0000] {dag.py:3954} INFO - Setting next_dagrun for dataset_consumes_1_never_scheduled to None, run_after=None
[2026-06-01T12:08:50.594+0000] {logging_mixin.py:188} INFO - [2026-06-01T12:08:50.593+0000] {dag.py:3954} INFO - Setting next_dagrun for dataset_consumes_unknown_never_scheduled to None, run_after=None
[2026-06-01T12:08:50.598+0000] {logging_mixin.py:188} INFO - [2026-06-01T12:08:50.598+0000] {dag.py:3954} INFO - Setting next_dagrun for dataset_produces_1 to 2026-05-31 00:00:00+00:00, run_after=2026-06-01 00:00:00+00:00
[2026-06-01T12:08:50.601+0000] {logging_mixin.py:188} INFO - [2026-06-01T12:08:50.601+0000] {dag.py:3954} INFO - Setting next_dagrun for dataset_produces_2 to None, run_after=None
[2026-06-01T12:08:50.647+0000] {processor.py:183} INFO - Processing /home/airflow/.local/lib/python3.11/site-packages/airflow/example_dags/example_datasets.py took 0.235 seconds
[2026-06-01T12:09:20.749+0000] {processor.py:161} INFO - Started process (PID=638) to work on /home/airflow/.local/lib/python3.11/site-packages/airflow/example_dags/example_datasets.py
[2026-06-01T12:09:20.751+0000] {processor.py:830} INFO - Processing file /home/airflow/.local/lib/python3.11/site-packages/airflow/example_dags/example_datasets.py for tasks to queue
[2026-06-01T12:09:20.753+0000] {logging_mixin.py:188} INFO - [2026-06-01T12:09:20.753+0000] {dagbag.py:545} INFO - Filling up the DagBag from /home/airflow/.local/lib/python3.11/site-packages/airflow/example_dags/example_datasets.py
[2026-06-01T12:09:20.766+0000] {processor.py:840} INFO - DAG(s) 'dataset_produces_1', 'dataset_consumes_unknown_never_scheduled', 'dataset_consumes_1', 'dataset_consumes_1_never_scheduled', 'conditional_dataset_and_time_based_timetable', 'dataset_produces_2', 'consume_1_or_2_with_dataset_expressions', 'consume_1_and_2_with_dataset_expressions', 'dataset_consumes_1_and_2', 'consume_1_or_both_2_and_3_with_dataset_expressions' retrieved from /home/airflow/.local/lib/python3.11/site-packages/airflow/example_dags/example_datasets.py
[2026-06-01T12:09:20.816+0000] {logging_mixin.py:188} INFO - [2026-06-01T12:09:20.816+0000] {dag.py:3096} INFO - Sync 10 DAGs
[2026-06-01T12:09:20.841+0000] {logging_mixin.py:188} INFO - [2026-06-01T12:09:20.841+0000] {dag.py:3954} INFO - Setting next_dagrun for conditional_dataset_and_time_based_timetable to 2026-05-27 01:00:00+00:00, run_after=2026-05-27 01:00:00+00:00
[2026-06-01T12:09:20.846+0000] {logging_mixin.py:188} INFO - [2026-06-01T12:09:20.846+0000] {dag.py:3954} INFO - Setting next_dagrun for consume_1_and_2_with_dataset_expressions to None, run_after=None
[2026-06-01T12:09:20.848+0000] {logging_mixin.py:188} INFO - [2026-06-01T12:09:20.848+0000] {dag.py:3954} INFO - Setting next_dagrun for consume_1_or_2_with_dataset_expressions to None, run_after=None
[2026-06-01T12:09:20.850+0000] {logging_mixin.py:188} INFO - [2026-06-01T12:09:20.849+0000] {dag.py:3954} INFO - Setting next_dagrun for consume_1_or_both_2_and_3_with_dataset_expressions to None, run_after=None
[2026-06-01T12:09:20.852+0000] {logging_mixin.py:188} INFO - [2026-06-01T12:09:20.852+0000] {dag.py:3954} INFO - Setting next_dagrun for dataset_consumes_1 to None, run_after=None
[2026-06-01T12:09:20.854+0000] {logging_mixin.py:188} INFO - [2026-06-01T12:09:20.854+0000] {dag.py:3954} INFO - Setting next_dagrun for dataset_consumes_1_and_2 to None, run_after=None
[2026-06-01T12:09:20.857+0000] {logging_mixin.py:188} INFO - [2026-06-01T12:09:20.856+0000] {dag.py:3954} INFO - Setting next_dagrun for dataset_consumes_1_never_scheduled to None, run_after=None
[2026-06-01T12:09:20.859+0000] {logging_mixin.py:188} INFO - [2026-06-01T12:09:20.858+0000] {dag.py:3954} INFO - Setting next_dagrun for dataset_consumes_unknown_never_scheduled to None, run_after=None
[2026-06-01T12:09:20.862+0000] {logging_mixin.py:188} INFO - [2026-06-01T12:09:20.861+0000] {dag.py:3954} INFO - Setting next_dagrun for dataset_produces_1 to 2026-05-31 00:00:00+00:00, run_after=2026-06-01 00:00:00+00:00
[2026-06-01T12:09:20.863+0000] {logging_mixin.py:188} INFO - [2026-06-01T12:09:20.863+0000] {dag.py:3954} INFO - Setting next_dagrun for dataset_produces_2 to None, run_after=None
[2026-06-01T12:09:20.916+0000] {processor.py:183} INFO - Processing /home/airflow/.local/lib/python3.11/site-packages/airflow/example_dags/example_datasets.py took 0.173 seconds
[2026-06-01T12:09:51.598+0000] {processor.py:161} INFO - Started process (PID=697) to work on /home/airflow/.local/lib/python3.11/site-packages/airflow/example_dags/example_datasets.py
[2026-06-01T12:09:51.615+0000] {processor.py:830} INFO - Processing file /home/airflow/.local/lib/python3.11/site-packages/airflow/example_dags/example_datasets.py for tasks to queue
[2026-06-01T12:09:51.660+0000] {logging_mixin.py:188} INFO - [2026-06-01T12:09:51.657+0000] {dagbag.py:545} INFO - Filling up the DagBag from /home/airflow/.local/lib/python3.11/site-packages/airflow/example_dags/example_datasets.py
[2026-06-01T12:11:05.648+0000] {processor.py:161} INFO - Started process (PID=110) to work on /home/airflow/.local/lib/python3.11/site-packages/airflow/example_dags/example_datasets.py
[2026-06-01T12:11:05.651+0000] {processor.py:830} INFO - Processing file /home/airflow/.local/lib/python3.11/site-packages/airflow/example_dags/example_datasets.py for tasks to queue
[2026-06-01T12:11:05.657+0000] {logging_mixin.py:188} INFO - [2026-06-01T12:11:05.656+0000] {dagbag.py:545} INFO - Filling up the DagBag from /home/airflow/.local/lib/python3.11/site-packages/airflow/example_dags/example_datasets.py
[2026-06-01T12:11:05.720+0000] {processor.py:840} INFO - DAG(s) 'consume_1_or_2_with_dataset_expressions', 'dataset_consumes_1_never_scheduled', 'dataset_consumes_1_and_2', 'conditional_dataset_and_time_based_timetable', 'dataset_produces_1', 'consume_1_or_both_2_and_3_with_dataset_expressions', 'dataset_consumes_unknown_never_scheduled', 'dataset_consumes_1', 'consume_1_and_2_with_dataset_expressions', 'dataset_produces_2' retrieved from /home/airflow/.local/lib/python3.11/site-packages/airflow/example_dags/example_datasets.py
[2026-06-01T12:11:06.340+0000] {logging_mixin.py:188} INFO - [2026-06-01T12:11:06.339+0000] {dag.py:3096} INFO - Sync 10 DAGs
[2026-06-01T12:11:06.414+0000] {logging_mixin.py:188} INFO - [2026-06-01T12:11:06.413+0000] {dag.py:3954} INFO - Setting next_dagrun for conditional_dataset_and_time_based_timetable to 2026-05-27 01:00:00+00:00, run_after=2026-05-27 01:00:00+00:00
[2026-06-01T12:11:06.422+0000] {logging_mixin.py:188} INFO - [2026-06-01T12:11:06.421+0000] {dag.py:3954} INFO - Setting next_dagrun for consume_1_and_2_with_dataset_expressions to None, run_after=None
[2026-06-01T12:11:06.426+0000] {logging_mixin.py:188} INFO - [2026-06-01T12:11:06.425+0000] {dag.py:3954} INFO - Setting next_dagrun for consume_1_or_2_with_dataset_expressions to None, run_after=None
[2026-06-01T12:11:06.429+0000] {logging_mixin.py:188} INFO - [2026-06-01T12:11:06.429+0000] {dag.py:3954} INFO - Setting next_dagrun for consume_1_or_both_2_and_3_with_dataset_expressions to None, run_after=None
[2026-06-01T12:11:06.432+0000] {logging_mixin.py:188} INFO - [2026-06-01T12:11:06.431+0000] {dag.py:3954} INFO - Setting next_dagrun for dataset_consumes_1 to None, run_after=None
[2026-06-01T12:11:06.436+0000] {logging_mixin.py:188} INFO - [2026-06-01T12:11:06.435+0000] {dag.py:3954} INFO - Setting next_dagrun for dataset_consumes_1_and_2 to None, run_after=None
[2026-06-01T12:11:06.442+0000] {logging_mixin.py:188} INFO - [2026-06-01T12:11:06.439+0000] {dag.py:3954} INFO - Setting next_dagrun for dataset_consumes_1_never_scheduled to None, run_after=None
[2026-06-01T12:11:06.449+0000] {logging_mixin.py:188} INFO - [2026-06-01T12:11:06.449+0000] {dag.py:3954} INFO - Setting next_dagrun for dataset_consumes_unknown_never_scheduled to None, run_after=None
[2026-06-01T12:11:06.460+0000] {logging_mixin.py:188} INFO - [2026-06-01T12:11:06.459+0000] {dag.py:3954} INFO - Setting next_dagrun for dataset_produces_1 to 2026-05-31 00:00:00+00:00, run_after=2026-06-01 00:00:00+00:00
[2026-06-01T12:11:06.466+0000] {logging_mixin.py:188} INFO - [2026-06-01T12:11:06.466+0000] {dag.py:3954} INFO - Setting next_dagrun for dataset_produces_2 to None, run_after=None
[2026-06-01T12:11:06.557+0000] {processor.py:183} INFO - Processing /home/airflow/.local/lib/python3.11/site-packages/airflow/example_dags/example_datasets.py took 0.925 seconds
[2026-06-01T12:11:36.778+0000] {processor.py:161} INFO - Started process (PID=180) to work on /home/airflow/.local/lib/python3.11/site-packages/airflow/example_dags/example_datasets.py
[2026-06-01T12:11:36.780+0000] {processor.py:830} INFO - Processing file /home/airflow/.local/lib/python3.11/site-packages/airflow/example_dags/example_datasets.py for tasks to queue
[2026-06-01T12:11:36.783+0000] {logging_mixin.py:188} INFO - [2026-06-01T12:11:36.782+0000] {dagbag.py:545} INFO - Filling up the DagBag from /home/airflow/.local/lib/python3.11/site-packages/airflow/example_dags/example_datasets.py
[2026-06-01T12:11:36.805+0000] {processor.py:840} INFO - DAG(s) 'consume_1_or_2_with_dataset_expressions', 'consume_1_and_2_with_dataset_expressions', 'conditional_dataset_and_time_based_timetable', 'dataset_produces_2', 'dataset_consumes_1_and_2', 'consume_1_or_both_2_and_3_with_dataset_expressions', 'dataset_produces_1', 'dataset_consumes_1_never_scheduled', 'dataset_consumes_1', 'dataset_consumes_unknown_never_scheduled' retrieved from /home/airflow/.local/lib/python3.11/site-packages/airflow/example_dags/example_datasets.py
[2026-06-01T12:11:36.876+0000] {logging_mixin.py:188} INFO - [2026-06-01T12:11:36.876+0000] {dag.py:3096} INFO - Sync 10 DAGs
[2026-06-01T12:11:36.913+0000] {logging_mixin.py:188} INFO - [2026-06-01T12:11:36.913+0000] {dag.py:3954} INFO - Setting next_dagrun for conditional_dataset_and_time_based_timetable to 2026-05-27 01:00:00+00:00, run_after=2026-05-27 01:00:00+00:00
[2026-06-01T12:11:36.919+0000] {logging_mixin.py:188} INFO - [2026-06-01T12:11:36.919+0000] {dag.py:3954} INFO - Setting next_dagrun for consume_1_and_2_with_dataset_expressions to None, run_after=None
[2026-06-01T12:11:36.921+0000] {logging_mixin.py:188} INFO - [2026-06-01T12:11:36.921+0000] {dag.py:3954} INFO - Setting next_dagrun for consume_1_or_2_with_dataset_expressions to None, run_after=None
[2026-06-01T12:11:36.923+0000] {logging_mixin.py:188} INFO - [2026-06-01T12:11:36.923+0000] {dag.py:3954} INFO - Setting next_dagrun for consume_1_or_both_2_and_3_with_dataset_expressions to None, run_after=None
[2026-06-01T12:11:36.925+0000] {logging_mixin.py:188} INFO - [2026-06-01T12:11:36.925+0000] {dag.py:3954} INFO - Setting next_dagrun for dataset_consumes_1 to None, run_after=None
[2026-06-01T12:11:36.927+0000] {logging_mixin.py:188} INFO - [2026-06-01T12:11:36.927+0000] {dag.py:3954} INFO - Setting next_dagrun for dataset_consumes_1_and_2 to None, run_after=None
[2026-06-01T12:11:36.929+0000] {logging_mixin.py:188} INFO - [2026-06-01T12:11:36.929+0000] {dag.py:3954} INFO - Setting next_dagrun for dataset_consumes_1_never_scheduled to None, run_after=None
[2026-06-01T12:11:36.931+0000] {logging_mixin.py:188} INFO - [2026-06-01T12:11:36.931+0000] {dag.py:3954} INFO - Setting next_dagrun for dataset_consumes_unknown_never_scheduled to None, run_after=None
[2026-06-01T12:11:36.935+0000] {logging_mixin.py:188} INFO - [2026-06-01T12:11:36.935+0000] {dag.py:3954} INFO - Setting next_dagrun for dataset_produces_1 to 2026-05-31 00:00:00+00:00, run_after=2026-06-01 00:00:00+00:00
[2026-06-01T12:11:36.937+0000] {logging_mixin.py:188} INFO - [2026-06-01T12:11:36.937+0000] {dag.py:3954} INFO - Setting next_dagrun for dataset_produces_2 to None, run_after=None
[2026-06-01T12:11:36.993+0000] {processor.py:183} INFO - Processing /home/airflow/.local/lib/python3.11/site-packages/airflow/example_dags/example_datasets.py took 0.236 seconds
[2026-06-01T12:12:07.277+0000] {processor.py:161} INFO - Started process (PID=262) to work on /home/airflow/.local/lib/python3.11/site-packages/airflow/example_dags/example_datasets.py
[2026-06-01T12:12:07.279+0000] {processor.py:830} INFO - Processing file /home/airflow/.local/lib/python3.11/site-packages/airflow/example_dags/example_datasets.py for tasks to queue
[2026-06-01T12:12:07.285+0000] {logging_mixin.py:188} INFO - [2026-06-01T12:12:07.284+0000] {dagbag.py:545} INFO - Filling up the DagBag from /home/airflow/.local/lib/python3.11/site-packages/airflow/example_dags/example_datasets.py
[2026-06-01T12:12:07.311+0000] {processor.py:840} INFO - DAG(s) 'dataset_consumes_1_and_2', 'dataset_produces_2', 'dataset_produces_1', 'consume_1_and_2_with_dataset_expressions', 'dataset_consumes_1_never_scheduled', 'consume_1_or_both_2_and_3_with_dataset_expressions', 'dataset_consumes_unknown_never_scheduled', 'consume_1_or_2_with_dataset_expressions', 'dataset_consumes_1', 'conditional_dataset_and_time_based_timetable' retrieved from /home/airflow/.local/lib/python3.11/site-packages/airflow/example_dags/example_datasets.py
[2026-06-01T12:12:07.412+0000] {logging_mixin.py:188} INFO - [2026-06-01T12:12:07.412+0000] {dag.py:3096} INFO - Sync 10 DAGs
[2026-06-01T12:12:07.464+0000] {logging_mixin.py:188} INFO - [2026-06-01T12:12:07.464+0000] {dag.py:3954} INFO - Setting next_dagrun for conditional_dataset_and_time_based_timetable to 2026-05-27 01:00:00+00:00, run_after=2026-05-27 01:00:00+00:00
[2026-06-01T12:12:07.472+0000] {logging_mixin.py:188} INFO - [2026-06-01T12:12:07.472+0000] {dag.py:3954} INFO - Setting next_dagrun for consume_1_and_2_with_dataset_expressions to None, run_after=None
[2026-06-01T12:12:07.475+0000] {logging_mixin.py:188} INFO - [2026-06-01T12:12:07.475+0000] {dag.py:3954} INFO - Setting next_dagrun for consume_1_or_2_with_dataset_expressions to None, run_after=None
[2026-06-01T12:12:07.477+0000] {logging_mixin.py:188} INFO - [2026-06-01T12:12:07.477+0000] {dag.py:3954} INFO - Setting next_dagrun for consume_1_or_both_2_and_3_with_dataset_expressions to None, run_after=None
[2026-06-01T12:12:07.479+0000] {logging_mixin.py:188} INFO - [2026-06-01T12:12:07.479+0000] {dag.py:3954} INFO - Setting next_dagrun for dataset_consumes_1 to None, run_after=None
[2026-06-01T12:12:07.482+0000] {logging_mixin.py:188} INFO - [2026-06-01T12:12:07.482+0000] {dag.py:3954} INFO - Setting next_dagrun for dataset_consumes_1_and_2 to None, run_after=None
[2026-06-01T12:12:07.485+0000] {logging_mixin.py:188} INFO - [2026-06-01T12:12:07.485+0000] {dag.py:3954} INFO - Setting next_dagrun for dataset_consumes_1_never_scheduled to None, run_after=None
[2026-06-01T12:12:07.488+0000] {logging_mixin.py:188} INFO - [2026-06-01T12:12:07.488+0000] {dag.py:3954} INFO - Setting next_dagrun for dataset_consumes_unknown_never_scheduled to None, run_after=None
[2026-06-01T12:12:07.493+0000] {logging_mixin.py:188} INFO - [2026-06-01T12:12:07.493+0000] {dag.py:3954} INFO - Setting next_dagrun for dataset_produces_1 to 2026-05-31 00:00:00+00:00, run_after=2026-06-01 00:00:00+00:00
[2026-06-01T12:12:07.496+0000] {logging_mixin.py:188} INFO - [2026-06-01T12:12:07.496+0000] {dag.py:3954} INFO - Setting next_dagrun for dataset_produces_2 to None, run_after=None
[2026-06-01T12:12:07.568+0000] {processor.py:183} INFO - Processing /home/airflow/.local/lib/python3.11/site-packages/airflow/example_dags/example_datasets.py took 0.303 seconds
[2026-06-01T12:12:37.773+0000] {processor.py:161} INFO - Started process (PID=338) to work on /home/airflow/.local/lib/python3.11/site-packages/airflow/example_dags/example_datasets.py
[2026-06-01T12:12:37.775+0000] {processor.py:830} INFO - Processing file /home/airflow/.local/lib/python3.11/site-packages/airflow/example_dags/example_datasets.py for tasks to queue
[2026-06-01T12:12:37.778+0000] {logging_mixin.py:188} INFO - [2026-06-01T12:12:37.777+0000] {dagbag.py:545} INFO - Filling up the DagBag from /home/airflow/.local/lib/python3.11/site-packages/airflow/example_dags/example_datasets.py
[2026-06-01T12:12:37.800+0000] {processor.py:840} INFO - DAG(s) 'dataset_consumes_unknown_never_scheduled', 'dataset_produces_2', 'dataset_produces_1', 'conditional_dataset_and_time_based_timetable', 'consume_1_or_2_with_dataset_expressions', 'dataset_consumes_1_never_scheduled', 'consume_1_and_2_with_dataset_expressions', 'dataset_consumes_1', 'consume_1_or_both_2_and_3_with_dataset_expressions', 'dataset_consumes_1_and_2' retrieved from /home/airflow/.local/lib/python3.11/site-packages/airflow/example_dags/example_datasets.py
[2026-06-01T12:12:37.869+0000] {logging_mixin.py:188} INFO - [2026-06-01T12:12:37.869+0000] {dag.py:3096} INFO - Sync 10 DAGs
[2026-06-01T12:12:37.903+0000] {logging_mixin.py:188} INFO - [2026-06-01T12:12:37.903+0000] {dag.py:3954} INFO - Setting next_dagrun for conditional_dataset_and_time_based_timetable to 2026-05-27 01:00:00+00:00, run_after=2026-05-27 01:00:00+00:00
[2026-06-01T12:12:37.911+0000] {logging_mixin.py:188} INFO - [2026-06-01T12:12:37.910+0000] {dag.py:3954} INFO - Setting next_dagrun for consume_1_and_2_with_dataset_expressions to None, run_after=None
[2026-06-01T12:12:37.914+0000] {logging_mixin.py:188} INFO - [2026-06-01T12:12:37.914+0000] {dag.py:3954} INFO - Setting next_dagrun for consume_1_or_2_with_dataset_expressions to None, run_after=None
[2026-06-01T12:12:37.917+0000] {logging_mixin.py:188} INFO - [2026-06-01T12:12:37.917+0000] {dag.py:3954} INFO - Setting next_dagrun for consume_1_or_both_2_and_3_with_dataset_expressions to None, run_after=None
[2026-06-01T12:12:37.920+0000] {logging_mixin.py:188} INFO - [2026-06-01T12:12:37.920+0000] {dag.py:3954} INFO - Setting next_dagrun for dataset_consumes_1 to None, run_after=None
[2026-06-01T12:12:37.923+0000] {logging_mixin.py:188} INFO - [2026-06-01T12:12:37.922+0000] {dag.py:3954} INFO - Setting next_dagrun for dataset_consumes_1_and_2 to None, run_after=None
[2026-06-01T12:12:37.925+0000] {logging_mixin.py:188} INFO - [2026-06-01T12:12:37.925+0000] {dag.py:3954} INFO - Setting next_dagrun for dataset_consumes_1_never_scheduled to None, run_after=None
[2026-06-01T12:12:37.927+0000] {logging_mixin.py:188} INFO - [2026-06-01T12:12:37.927+0000] {dag.py:3954} INFO - Setting next_dagrun for dataset_consumes_unknown_never_scheduled to None, run_after=None
[2026-06-01T12:12:37.933+0000] {logging_mixin.py:188} INFO - [2026-06-01T12:12:37.933+0000] {dag.py:3954} INFO - Setting next_dagrun for dataset_produces_1 to 2026-05-31 00:00:00+00:00, run_after=2026-06-01 00:00:00+00:00
[2026-06-01T12:12:37.936+0000] {logging_mixin.py:188} INFO - [2026-06-01T12:12:37.936+0000] {dag.py:3954} INFO - Setting next_dagrun for dataset_produces_2 to None, run_after=None
[2026-06-01T12:12:38.000+0000] {processor.py:183} INFO - Processing /home/airflow/.local/lib/python3.11/site-packages/airflow/example_dags/example_datasets.py took 0.238 seconds
[2026-06-01T12:13:09.472+0000] {processor.py:161} INFO - Started process (PID=405) to work on /home/airflow/.local/lib/python3.11/site-packages/airflow/example_dags/example_datasets.py
[2026-06-01T12:13:09.474+0000] {processor.py:830} INFO - Processing file /home/airflow/.local/lib/python3.11/site-packages/airflow/example_dags/example_datasets.py for tasks to queue
[2026-06-01T12:13:09.479+0000] {logging_mixin.py:188} INFO - [2026-06-01T12:13:09.478+0000] {dagbag.py:545} INFO - Filling up the DagBag from /home/airflow/.local/lib/python3.11/site-packages/airflow/example_dags/example_datasets.py
[2026-06-01T12:13:09.527+0000] {processor.py:840} INFO - DAG(s) 'dataset_consumes_1_and_2', 'consume_1_and_2_with_dataset_expressions', 'consume_1_or_both_2_and_3_with_dataset_expressions', 'conditional_dataset_and_time_based_timetable', 'dataset_consumes_1_never_scheduled', 'dataset_produces_2', 'dataset_produces_1', 'consume_1_or_2_with_dataset_expressions', 'dataset_consumes_unknown_never_scheduled', 'dataset_consumes_1' retrieved from /home/airflow/.local/lib/python3.11/site-packages/airflow/example_dags/example_datasets.py
[2026-06-01T12:13:09.651+0000] {logging_mixin.py:188} INFO - [2026-06-01T12:13:09.650+0000] {dag.py:3096} INFO - Sync 10 DAGs
[2026-06-01T12:13:09.735+0000] {logging_mixin.py:188} INFO - [2026-06-01T12:13:09.735+0000] {dag.py:3954} INFO - Setting next_dagrun for conditional_dataset_and_time_based_timetable to 2026-05-27 01:00:00+00:00, run_after=2026-05-27 01:00:00+00:00
[2026-06-01T12:13:09.745+0000] {logging_mixin.py:188} INFO - [2026-06-01T12:13:09.744+0000] {dag.py:3954} INFO - Setting next_dagrun for consume_1_and_2_with_dataset_expressions to None, run_after=None
[2026-06-01T12:13:09.749+0000] {logging_mixin.py:188} INFO - [2026-06-01T12:13:09.748+0000] {dag.py:3954} INFO - Setting next_dagrun for consume_1_or_2_with_dataset_expressions to None, run_after=None
[2026-06-01T12:13:09.753+0000] {logging_mixin.py:188} INFO - [2026-06-01T12:13:09.752+0000] {dag.py:3954} INFO - Setting next_dagrun for consume_1_or_both_2_and_3_with_dataset_expressions to None, run_after=None
[2026-06-01T12:13:09.756+0000] {logging_mixin.py:188} INFO - [2026-06-01T12:13:09.756+0000] {dag.py:3954} INFO - Setting next_dagrun for dataset_consumes_1 to None, run_after=None
[2026-06-01T12:13:09.759+0000] {logging_mixin.py:188} INFO - [2026-06-01T12:13:09.759+0000] {dag.py:3954} INFO - Setting next_dagrun for dataset_consumes_1_and_2 to None, run_after=None
[2026-06-01T12:13:09.762+0000] {logging_mixin.py:188} INFO - [2026-06-01T12:13:09.762+0000] {dag.py:3954} INFO - Setting next_dagrun for dataset_consumes_1_never_scheduled to None, run_after=None
[2026-06-01T12:13:09.765+0000] {logging_mixin.py:188} INFO - [2026-06-01T12:13:09.764+0000] {dag.py:3954} INFO - Setting next_dagrun for dataset_consumes_unknown_never_scheduled to None, run_after=None
[2026-06-01T12:13:09.770+0000] {logging_mixin.py:188} INFO - [2026-06-01T12:13:09.770+0000] {dag.py:3954} INFO - Setting next_dagrun for dataset_produces_1 to 2026-05-31 00:00:00+00:00, run_after=2026-06-01 00:00:00+00:00
[2026-06-01T12:13:09.773+0000] {logging_mixin.py:188} INFO - [2026-06-01T12:13:09.773+0000] {dag.py:3954} INFO - Setting next_dagrun for dataset_produces_2 to None, run_after=None
[2026-06-01T12:13:09.853+0000] {processor.py:183} INFO - Processing /home/airflow/.local/lib/python3.11/site-packages/airflow/example_dags/example_datasets.py took 0.403 seconds
[2026-06-01T12:13:40.628+0000] {processor.py:161} INFO - Started process (PID=464) to work on /home/airflow/.local/lib/python3.11/site-packages/airflow/example_dags/example_datasets.py
[2026-06-01T12:13:40.629+0000] {processor.py:830} INFO - Processing file /home/airflow/.local/lib/python3.11/site-packages/airflow/example_dags/example_datasets.py for tasks to queue
[2026-06-01T12:13:40.632+0000] {logging_mixin.py:188} INFO - [2026-06-01T12:13:40.631+0000] {dagbag.py:545} INFO - Filling up the DagBag from /home/airflow/.local/lib/python3.11/site-packages/airflow/example_dags/example_datasets.py
[2026-06-01T12:13:40.650+0000] {processor.py:840} INFO - DAG(s) 'dataset_produces_2', 'dataset_consumes_unknown_never_scheduled', 'dataset_consumes_1_and_2', 'consume_1_or_both_2_and_3_with_dataset_expressions', 'consume_1_and_2_with_dataset_expressions', 'dataset_consumes_1_never_scheduled', 'dataset_produces_1', 'dataset_consumes_1', 'consume_1_or_2_with_dataset_expressions', 'conditional_dataset_and_time_based_timetable' retrieved from /home/airflow/.local/lib/python3.11/site-packages/airflow/example_dags/example_datasets.py
[2026-06-01T12:13:40.708+0000] {logging_mixin.py:188} INFO - [2026-06-01T12:13:40.708+0000] {dag.py:3096} INFO - Sync 10 DAGs
[2026-06-01T12:13:40.737+0000] {logging_mixin.py:188} INFO - [2026-06-01T12:13:40.736+0000] {dag.py:3954} INFO - Setting next_dagrun for conditional_dataset_and_time_based_timetable to 2026-05-27 01:00:00+00:00, run_after=2026-05-27 01:00:00+00:00
[2026-06-01T12:13:40.744+0000] {logging_mixin.py:188} INFO - [2026-06-01T12:13:40.744+0000] {dag.py:3954} INFO - Setting next_dagrun for consume_1_and_2_with_dataset_expressions to None, run_after=None
[2026-06-01T12:13:40.747+0000] {logging_mixin.py:188} INFO - [2026-06-01T12:13:40.746+0000] {dag.py:3954} INFO - Setting next_dagrun for consume_1_or_2_with_dataset_expressions to None, run_after=None
[2026-06-01T12:13:40.752+0000] {logging_mixin.py:188} INFO - [2026-06-01T12:13:40.752+0000] {dag.py:3954} INFO - Setting next_dagrun for consume_1_or_both_2_and_3_with_dataset_expressions to None, run_after=None
[2026-06-01T12:13:40.755+0000] {logging_mixin.py:188} INFO - [2026-06-01T12:13:40.755+0000] {dag.py:3954} INFO - Setting next_dagrun for dataset_consumes_1 to None, run_after=None
[2026-06-01T12:13:40.758+0000] {logging_mixin.py:188} INFO - [2026-06-01T12:13:40.757+0000] {dag.py:3954} INFO - Setting next_dagrun for dataset_consumes_1_and_2 to None, run_after=None
[2026-06-01T12:13:40.760+0000] {logging_mixin.py:188} INFO - [2026-06-01T12:13:40.760+0000] {dag.py:3954} INFO - Setting next_dagrun for dataset_consumes_1_never_scheduled to None, run_after=None
[2026-06-01T12:13:40.763+0000] {logging_mixin.py:188} INFO - [2026-06-01T12:13:40.763+0000] {dag.py:3954} INFO - Setting next_dagrun for dataset_consumes_unknown_never_scheduled to None, run_after=None
[2026-06-01T12:13:40.769+0000] {logging_mixin.py:188} INFO - [2026-06-01T12:13:40.768+0000] {dag.py:3954} INFO - Setting next_dagrun for dataset_produces_1 to 2026-05-31 00:00:00+00:00, run_after=2026-06-01 00:00:00+00:00
[2026-06-01T12:13:40.772+0000] {logging_mixin.py:188} INFO - [2026-06-01T12:13:40.771+0000] {dag.py:3954} INFO - Setting next_dagrun for dataset_produces_2 to None, run_after=None
[2026-06-01T12:13:40.845+0000] {processor.py:183} INFO - Processing /home/airflow/.local/lib/python3.11/site-packages/airflow/example_dags/example_datasets.py took 0.225 seconds
[2026-06-01T12:14:11.617+0000] {processor.py:161} INFO - Started process (PID=553) to work on /home/airflow/.local/lib/python3.11/site-packages/airflow/example_dags/example_datasets.py
[2026-06-01T12:14:11.619+0000] {processor.py:830} INFO - Processing file /home/airflow/.local/lib/python3.11/site-packages/airflow/example_dags/example_datasets.py for tasks to queue
[2026-06-01T12:14:11.621+0000] {logging_mixin.py:188} INFO - [2026-06-01T12:14:11.621+0000] {dagbag.py:545} INFO - Filling up the DagBag from /home/airflow/.local/lib/python3.11/site-packages/airflow/example_dags/example_datasets.py
[2026-06-01T12:14:11.641+0000] {processor.py:840} INFO - DAG(s) 'dataset_consumes_1_never_scheduled', 'consume_1_or_2_with_dataset_expressions', 'dataset_produces_2', 'consume_1_or_both_2_and_3_with_dataset_expressions', 'consume_1_and_2_with_dataset_expressions', 'dataset_produces_1', 'dataset_consumes_unknown_never_scheduled', 'dataset_consumes_1_and_2', 'conditional_dataset_and_time_based_timetable', 'dataset_consumes_1' retrieved from /home/airflow/.local/lib/python3.11/site-packages/airflow/example_dags/example_datasets.py
[2026-06-01T12:14:11.718+0000] {logging_mixin.py:188} INFO - [2026-06-01T12:14:11.718+0000] {dag.py:3096} INFO - Sync 10 DAGs
[2026-06-01T12:14:11.778+0000] {logging_mixin.py:188} INFO - [2026-06-01T12:14:11.777+0000] {dag.py:3954} INFO - Setting next_dagrun for conditional_dataset_and_time_based_timetable to 2026-05-27 01:00:00+00:00, run_after=2026-05-27 01:00:00+00:00
[2026-06-01T12:14:11.784+0000] {logging_mixin.py:188} INFO - [2026-06-01T12:14:11.784+0000] {dag.py:3954} INFO - Setting next_dagrun for consume_1_and_2_with_dataset_expressions to None, run_after=None
[2026-06-01T12:14:11.787+0000] {logging_mixin.py:188} INFO - [2026-06-01T12:14:11.786+0000] {dag.py:3954} INFO - Setting next_dagrun for consume_1_or_2_with_dataset_expressions to None, run_after=None
[2026-06-01T12:14:11.789+0000] {logging_mixin.py:188} INFO - [2026-06-01T12:14:11.788+0000] {dag.py:3954} INFO - Setting next_dagrun for consume_1_or_both_2_and_3_with_dataset_expressions to None, run_after=None
[2026-06-01T12:14:11.791+0000] {logging_mixin.py:188} INFO - [2026-06-01T12:14:11.791+0000] {dag.py:3954} INFO - Setting next_dagrun for dataset_consumes_1 to None, run_after=None
[2026-06-01T12:14:11.793+0000] {logging_mixin.py:188} INFO - [2026-06-01T12:14:11.793+0000] {dag.py:3954} INFO - Setting next_dagrun for dataset_consumes_1_and_2 to None, run_after=None
[2026-06-01T12:14:11.796+0000] {logging_mixin.py:188} INFO - [2026-06-01T12:14:11.795+0000] {dag.py:3954} INFO - Setting next_dagrun for dataset_consumes_1_never_scheduled to None, run_after=None
[2026-06-01T12:14:11.799+0000] {logging_mixin.py:188} INFO - [2026-06-01T12:14:11.798+0000] {dag.py:3954} INFO - Setting next_dagrun for dataset_consumes_unknown_never_scheduled to None, run_after=None
[2026-06-01T12:14:11.802+0000] {logging_mixin.py:188} INFO - [2026-06-01T12:14:11.802+0000] {dag.py:3954} INFO - Setting next_dagrun for dataset_produces_1 to 2026-05-31 00:00:00+00:00, run_after=2026-06-01 00:00:00+00:00
[2026-06-01T12:14:11.804+0000] {logging_mixin.py:188} INFO - [2026-06-01T12:14:11.804+0000] {dag.py:3954} INFO - Setting next_dagrun for dataset_produces_2 to None, run_after=None
[2026-06-01T12:14:11.867+0000] {processor.py:183} INFO - Processing /home/airflow/.local/lib/python3.11/site-packages/airflow/example_dags/example_datasets.py took 0.260 seconds
[2026-06-01T12:14:42.008+0000] {processor.py:161} INFO - Started process (PID=621) to work on /home/airflow/.local/lib/python3.11/site-packages/airflow/example_dags/example_datasets.py
[2026-06-01T12:14:42.009+0000] {processor.py:830} INFO - Processing file /home/airflow/.local/lib/python3.11/site-packages/airflow/example_dags/example_datasets.py for tasks to queue
[2026-06-01T12:14:42.012+0000] {logging_mixin.py:188} INFO - [2026-06-01T12:14:42.011+0000] {dagbag.py:545} INFO - Filling up the DagBag from /home/airflow/.local/lib/python3.11/site-packages/airflow/example_dags/example_datasets.py
[2026-06-01T12:14:42.032+0000] {processor.py:840} INFO - DAG(s) 'consume_1_or_2_with_dataset_expressions', 'dataset_consumes_1_never_scheduled', 'dataset_produces_1', 'dataset_produces_2', 'consume_1_and_2_with_dataset_expressions', 'conditional_dataset_and_time_based_timetable', 'dataset_consumes_1', 'dataset_consumes_unknown_never_scheduled', 'consume_1_or_both_2_and_3_with_dataset_expressions', 'dataset_consumes_1_and_2' retrieved from /home/airflow/.local/lib/python3.11/site-packages/airflow/example_dags/example_datasets.py
[2026-06-01T12:14:42.087+0000] {logging_mixin.py:188} INFO - [2026-06-01T12:14:42.087+0000] {dag.py:3096} INFO - Sync 10 DAGs
[2026-06-01T12:14:42.114+0000] {logging_mixin.py:188} INFO - [2026-06-01T12:14:42.113+0000] {dag.py:3954} INFO - Setting next_dagrun for conditional_dataset_and_time_based_timetable to 2026-05-27 01:00:00+00:00, run_after=2026-05-27 01:00:00+00:00
[2026-06-01T12:14:42.118+0000] {logging_mixin.py:188} INFO - [2026-06-01T12:14:42.118+0000] {dag.py:3954} INFO - Setting next_dagrun for consume_1_and_2_with_dataset_expressions to None, run_after=None
[2026-06-01T12:14:42.122+0000] {logging_mixin.py:188} INFO - [2026-06-01T12:14:42.122+0000] {dag.py:3954} INFO - Setting next_dagrun for consume_1_or_2_with_dataset_expressions to None, run_after=None
[2026-06-01T12:14:42.124+0000] {logging_mixin.py:188} INFO - [2026-06-01T12:14:42.124+0000] {dag.py:3954} INFO - Setting next_dagrun for consume_1_or_both_2_and_3_with_dataset_expressions to None, run_after=None
[2026-06-01T12:14:42.126+0000] {logging_mixin.py:188} INFO - [2026-06-01T12:14:42.126+0000] {dag.py:3954} INFO - Setting next_dagrun for dataset_consumes_1 to None, run_after=None
[2026-06-01T12:14:42.129+0000] {logging_mixin.py:188} INFO - [2026-06-01T12:14:42.128+0000] {dag.py:3954} INFO - Setting next_dagrun for dataset_consumes_1_and_2 to None, run_after=None
[2026-06-01T12:14:42.130+0000] {logging_mixin.py:188} INFO - [2026-06-01T12:14:42.130+0000] {dag.py:3954} INFO - Setting next_dagrun for dataset_consumes_1_never_scheduled to None, run_after=None
[2026-06-01T12:14:42.132+0000] {logging_mixin.py:188} INFO - [2026-06-01T12:14:42.132+0000] {dag.py:3954} INFO - Setting next_dagrun for dataset_consumes_unknown_never_scheduled to None, run_after=None
[2026-06-01T12:14:42.135+0000] {logging_mixin.py:188} INFO - [2026-06-01T12:14:42.135+0000] {dag.py:3954} INFO - Setting next_dagrun for dataset_produces_1 to 2026-05-31 00:00:00+00:00, run_after=2026-06-01 00:00:00+00:00
[2026-06-01T12:14:42.137+0000] {logging_mixin.py:188} INFO - [2026-06-01T12:14:42.137+0000] {dag.py:3954} INFO - Setting next_dagrun for dataset_produces_2 to None, run_after=None
[2026-06-01T12:14:42.187+0000] {processor.py:183} INFO - Processing /home/airflow/.local/lib/python3.11/site-packages/airflow/example_dags/example_datasets.py took 0.184 seconds
[2026-06-01T12:15:13.038+0000] {processor.py:161} INFO - Started process (PID=689) to work on /home/airflow/.local/lib/python3.11/site-packages/airflow/example_dags/example_datasets.py
[2026-06-01T12:15:13.039+0000] {processor.py:830} INFO - Processing file /home/airflow/.local/lib/python3.11/site-packages/airflow/example_dags/example_datasets.py for tasks to queue
[2026-06-01T12:15:13.041+0000] {logging_mixin.py:188} INFO - [2026-06-01T12:15:13.041+0000] {dagbag.py:545} INFO - Filling up the DagBag from /home/airflow/.local/lib/python3.11/site-packages/airflow/example_dags/example_datasets.py
[2026-06-01T12:15:13.055+0000] {processor.py:840} INFO - DAG(s) 'dataset_consumes_1', 'dataset_consumes_1_never_scheduled', 'dataset_consumes_1_and_2', 'dataset_consumes_unknown_never_scheduled', 'consume_1_or_2_with_dataset_expressions', 'consume_1_or_both_2_and_3_with_dataset_expressions', 'consume_1_and_2_with_dataset_expressions', 'dataset_produces_1', 'dataset_produces_2', 'conditional_dataset_and_time_based_timetable' retrieved from /home/airflow/.local/lib/python3.11/site-packages/airflow/example_dags/example_datasets.py
[2026-06-01T12:15:13.107+0000] {logging_mixin.py:188} INFO - [2026-06-01T12:15:13.106+0000] {dag.py:3096} INFO - Sync 10 DAGs
[2026-06-01T12:15:13.131+0000] {logging_mixin.py:188} INFO - [2026-06-01T12:15:13.131+0000] {dag.py:3954} INFO - Setting next_dagrun for conditional_dataset_and_time_based_timetable to 2026-05-27 01:00:00+00:00, run_after=2026-05-27 01:00:00+00:00
[2026-06-01T12:15:13.136+0000] {logging_mixin.py:188} INFO - [2026-06-01T12:15:13.136+0000] {dag.py:3954} INFO - Setting next_dagrun for consume_1_and_2_with_dataset_expressions to None, run_after=None
[2026-06-01T12:15:13.138+0000] {logging_mixin.py:188} INFO - [2026-06-01T12:15:13.138+0000] {dag.py:3954} INFO - Setting next_dagrun for consume_1_or_2_with_dataset_expressions to None, run_after=None
[2026-06-01T12:15:13.140+0000] {logging_mixin.py:188} INFO - [2026-06-01T12:15:13.140+0000] {dag.py:3954} INFO - Setting next_dagrun for consume_1_or_both_2_and_3_with_dataset_expressions to None, run_after=None
[2026-06-01T12:15:13.142+0000] {logging_mixin.py:188} INFO - [2026-06-01T12:15:13.142+0000] {dag.py:3954} INFO - Setting next_dagrun for dataset_consumes_1 to None, run_after=None
[2026-06-01T12:15:13.145+0000] {logging_mixin.py:188} INFO - [2026-06-01T12:15:13.144+0000] {dag.py:3954} INFO - Setting next_dagrun for dataset_consumes_1_and_2 to None, run_after=None
[2026-06-01T12:15:13.147+0000] {logging_mixin.py:188} INFO - [2026-06-01T12:15:13.147+0000] {dag.py:3954} INFO - Setting next_dagrun for dataset_consumes_1_never_scheduled to None, run_after=None
[2026-06-01T12:15:13.148+0000] {logging_mixin.py:188} INFO - [2026-06-01T12:15:13.148+0000] {dag.py:3954} INFO - Setting next_dagrun for dataset_consumes_unknown_never_scheduled to None, run_after=None
[2026-06-01T12:15:13.151+0000] {logging_mixin.py:188} INFO - [2026-06-01T12:15:13.151+0000] {dag.py:3954} INFO - Setting next_dagrun for dataset_produces_1 to 2026-05-31 00:00:00+00:00, run_after=2026-06-01 00:00:00+00:00
[2026-06-01T12:15:13.152+0000] {logging_mixin.py:188} INFO - [2026-06-01T12:15:13.152+0000] {dag.py:3954} INFO - Setting next_dagrun for dataset_produces_2 to None, run_after=None
[2026-06-01T12:15:13.187+0000] {processor.py:183} INFO - Processing /home/airflow/.local/lib/python3.11/site-packages/airflow/example_dags/example_datasets.py took 0.155 seconds
[2026-06-01T12:15:43.364+0000] {processor.py:161} INFO - Started process (PID=757) to work on /home/airflow/.local/lib/python3.11/site-packages/airflow/example_dags/example_datasets.py
[2026-06-01T12:15:43.366+0000] {processor.py:830} INFO - Processing file /home/airflow/.local/lib/python3.11/site-packages/airflow/example_dags/example_datasets.py for tasks to queue
[2026-06-01T12:15:43.369+0000] {logging_mixin.py:188} INFO - [2026-06-01T12:15:43.369+0000] {dagbag.py:545} INFO - Filling up the DagBag from /home/airflow/.local/lib/python3.11/site-packages/airflow/example_dags/example_datasets.py
[2026-06-01T12:15:43.390+0000] {processor.py:840} INFO - DAG(s) 'dataset_produces_2', 'dataset_produces_1', 'conditional_dataset_and_time_based_timetable', 'dataset_consumes_1', 'consume_1_or_2_with_dataset_expressions', 'dataset_consumes_1_never_scheduled', 'consume_1_or_both_2_and_3_with_dataset_expressions', 'dataset_consumes_unknown_never_scheduled', 'dataset_consumes_1_and_2', 'consume_1_and_2_with_dataset_expressions' retrieved from /home/airflow/.local/lib/python3.11/site-packages/airflow/example_dags/example_datasets.py
[2026-06-01T12:15:43.450+0000] {logging_mixin.py:188} INFO - [2026-06-01T12:15:43.450+0000] {dag.py:3096} INFO - Sync 10 DAGs
[2026-06-01T12:15:43.481+0000] {logging_mixin.py:188} INFO - [2026-06-01T12:15:43.481+0000] {dag.py:3954} INFO - Setting next_dagrun for conditional_dataset_and_time_based_timetable to 2026-05-27 01:00:00+00:00, run_after=2026-05-27 01:00:00+00:00
[2026-06-01T12:15:43.487+0000] {logging_mixin.py:188} INFO - [2026-06-01T12:15:43.487+0000] {dag.py:3954} INFO - Setting next_dagrun for consume_1_and_2_with_dataset_expressions to None, run_after=None
[2026-06-01T12:15:43.490+0000] {logging_mixin.py:188} INFO - [2026-06-01T12:15:43.489+0000] {dag.py:3954} INFO - Setting next_dagrun for consume_1_or_2_with_dataset_expressions to None, run_after=None
[2026-06-01T12:15:43.493+0000] {logging_mixin.py:188} INFO - [2026-06-01T12:15:43.493+0000] {dag.py:3954} INFO - Setting next_dagrun for consume_1_or_both_2_and_3_with_dataset_expressions to None, run_after=None
[2026-06-01T12:15:43.495+0000] {logging_mixin.py:188} INFO - [2026-06-01T12:15:43.495+0000] {dag.py:3954} INFO - Setting next_dagrun for dataset_consumes_1 to None, run_after=None
[2026-06-01T12:15:43.498+0000] {logging_mixin.py:188} INFO - [2026-06-01T12:15:43.498+0000] {dag.py:3954} INFO - Setting next_dagrun for dataset_consumes_1_and_2 to None, run_after=None
[2026-06-01T12:15:43.501+0000] {logging_mixin.py:188} INFO - [2026-06-01T12:15:43.500+0000] {dag.py:3954} INFO - Setting next_dagrun for dataset_consumes_1_never_scheduled to None, run_after=None
[2026-06-01T12:15:43.503+0000] {logging_mixin.py:188} INFO - [2026-06-01T12:15:43.503+0000] {dag.py:3954} INFO - Setting next_dagrun for dataset_consumes_unknown_never_scheduled to None, run_after=None
[2026-06-01T12:15:43.509+0000] {logging_mixin.py:188} INFO - [2026-06-01T12:15:43.509+0000] {dag.py:3954} INFO - Setting next_dagrun for dataset_produces_1 to 2026-05-31 00:00:00+00:00, run_after=2026-06-01 00:00:00+00:00
[2026-06-01T12:15:43.512+0000] {logging_mixin.py:188} INFO - [2026-06-01T12:15:43.511+0000] {dag.py:3954} INFO - Setting next_dagrun for dataset_produces_2 to None, run_after=None
[2026-06-01T12:15:43.569+0000] {processor.py:183} INFO - Processing /home/airflow/.local/lib/python3.11/site-packages/airflow/example_dags/example_datasets.py took 0.212 seconds
[2026-06-01T12:16:14.278+0000] {processor.py:161} INFO - Started process (PID=824) to work on /home/airflow/.local/lib/python3.11/site-packages/airflow/example_dags/example_datasets.py
[2026-06-01T12:16:14.280+0000] {processor.py:830} INFO - Processing file /home/airflow/.local/lib/python3.11/site-packages/airflow/example_dags/example_datasets.py for tasks to queue
[2026-06-01T12:16:14.284+0000] {logging_mixin.py:188} INFO - [2026-06-01T12:16:14.283+0000] {dagbag.py:545} INFO - Filling up the DagBag from /home/airflow/.local/lib/python3.11/site-packages/airflow/example_dags/example_datasets.py
[2026-06-01T12:16:14.306+0000] {processor.py:840} INFO - DAG(s) 'dataset_produces_1', 'consume_1_or_both_2_and_3_with_dataset_expressions', 'dataset_consumes_1', 'dataset_produces_2', 'dataset_consumes_1_never_scheduled', 'conditional_dataset_and_time_based_timetable', 'consume_1_or_2_with_dataset_expressions', 'dataset_consumes_1_and_2', 'dataset_consumes_unknown_never_scheduled', 'consume_1_and_2_with_dataset_expressions' retrieved from /home/airflow/.local/lib/python3.11/site-packages/airflow/example_dags/example_datasets.py
[2026-06-01T12:16:14.378+0000] {logging_mixin.py:188} INFO - [2026-06-01T12:16:14.378+0000] {dag.py:3096} INFO - Sync 10 DAGs
[2026-06-01T12:16:14.414+0000] {logging_mixin.py:188} INFO - [2026-06-01T12:16:14.414+0000] {dag.py:3954} INFO - Setting next_dagrun for conditional_dataset_and_time_based_timetable to 2026-05-27 01:00:00+00:00, run_after=2026-05-27 01:00:00+00:00
[2026-06-01T12:16:14.420+0000] {logging_mixin.py:188} INFO - [2026-06-01T12:16:14.420+0000] {dag.py:3954} INFO - Setting next_dagrun for consume_1_and_2_with_dataset_expressions to None, run_after=None
[2026-06-01T12:16:14.422+0000] {logging_mixin.py:188} INFO - [2026-06-01T12:16:14.422+0000] {dag.py:3954} INFO - Setting next_dagrun for consume_1_or_2_with_dataset_expressions to None, run_after=None
[2026-06-01T12:16:14.425+0000] {logging_mixin.py:188} INFO - [2026-06-01T12:16:14.425+0000] {dag.py:3954} INFO - Setting next_dagrun for consume_1_or_both_2_and_3_with_dataset_expressions to None, run_after=None
[2026-06-01T12:16:14.428+0000] {logging_mixin.py:188} INFO - [2026-06-01T12:16:14.428+0000] {dag.py:3954} INFO - Setting next_dagrun for dataset_consumes_1 to None, run_after=None
[2026-06-01T12:16:14.430+0000] {logging_mixin.py:188} INFO - [2026-06-01T12:16:14.430+0000] {dag.py:3954} INFO - Setting next_dagrun for dataset_consumes_1_and_2 to None, run_after=None
[2026-06-01T12:16:14.432+0000] {logging_mixin.py:188} INFO - [2026-06-01T12:16:14.432+0000] {dag.py:3954} INFO - Setting next_dagrun for dataset_consumes_1_never_scheduled to None, run_after=None
[2026-06-01T12:16:14.434+0000] {logging_mixin.py:188} INFO - [2026-06-01T12:16:14.434+0000] {dag.py:3954} INFO - Setting next_dagrun for dataset_consumes_unknown_never_scheduled to None, run_after=None
[2026-06-01T12:16:14.438+0000] {logging_mixin.py:188} INFO - [2026-06-01T12:16:14.438+0000] {dag.py:3954} INFO - Setting next_dagrun for dataset_produces_1 to 2026-05-31 00:00:00+00:00, run_after=2026-06-01 00:00:00+00:00
[2026-06-01T12:16:14.440+0000] {logging_mixin.py:188} INFO - [2026-06-01T12:16:14.440+0000] {dag.py:3954} INFO - Setting next_dagrun for dataset_produces_2 to None, run_after=None
[2026-06-01T12:16:14.494+0000] {processor.py:183} INFO - Processing /home/airflow/.local/lib/python3.11/site-packages/airflow/example_dags/example_datasets.py took 0.228 seconds
[2026-06-01T12:16:45.141+0000] {processor.py:161} INFO - Started process (PID=892) to work on /home/airflow/.local/lib/python3.11/site-packages/airflow/example_dags/example_datasets.py
[2026-06-01T12:16:45.146+0000] {processor.py:830} INFO - Processing file /home/airflow/.local/lib/python3.11/site-packages/airflow/example_dags/example_datasets.py for tasks to queue
[2026-06-01T12:16:45.157+0000] {logging_mixin.py:188} INFO - [2026-06-01T12:16:45.156+0000] {dagbag.py:545} INFO - Filling up the DagBag from /home/airflow/.local/lib/python3.11/site-packages/airflow/example_dags/example_datasets.py
[2026-06-01T12:16:45.208+0000] {processor.py:840} INFO - DAG(s) 'consume_1_or_2_with_dataset_expressions', 'consume_1_and_2_with_dataset_expressions', 'dataset_consumes_1_and_2', 'dataset_consumes_1_never_scheduled', 'dataset_consumes_unknown_never_scheduled', 'dataset_consumes_1', 'dataset_produces_1', 'conditional_dataset_and_time_based_timetable', 'consume_1_or_both_2_and_3_with_dataset_expressions', 'dataset_produces_2' retrieved from /home/airflow/.local/lib/python3.11/site-packages/airflow/example_dags/example_datasets.py
[2026-06-01T12:16:45.354+0000] {logging_mixin.py:188} INFO - [2026-06-01T12:16:45.354+0000] {dag.py:3096} INFO - Sync 10 DAGs
[2026-06-01T12:16:45.456+0000] {logging_mixin.py:188} INFO - [2026-06-01T12:16:45.455+0000] {dag.py:3954} INFO - Setting next_dagrun for conditional_dataset_and_time_based_timetable to 2026-05-27 01:00:00+00:00, run_after=2026-05-27 01:00:00+00:00
[2026-06-01T12:16:45.467+0000] {logging_mixin.py:188} INFO - [2026-06-01T12:16:45.466+0000] {dag.py:3954} INFO - Setting next_dagrun for consume_1_and_2_with_dataset_expressions to None, run_after=None
[2026-06-01T12:16:45.470+0000] {logging_mixin.py:188} INFO - [2026-06-01T12:16:45.470+0000] {dag.py:3954} INFO - Setting next_dagrun for consume_1_or_2_with_dataset_expressions to None, run_after=None
[2026-06-01T12:16:45.473+0000] {logging_mixin.py:188} INFO - [2026-06-01T12:16:45.473+0000] {dag.py:3954} INFO - Setting next_dagrun for consume_1_or_both_2_and_3_with_dataset_expressions to None, run_after=None
[2026-06-01T12:16:45.477+0000] {logging_mixin.py:188} INFO - [2026-06-01T12:16:45.477+0000] {dag.py:3954} INFO - Setting next_dagrun for dataset_consumes_1 to None, run_after=None
[2026-06-01T12:16:45.486+0000] {logging_mixin.py:188} INFO - [2026-06-01T12:16:45.486+0000] {dag.py:3954} INFO - Setting next_dagrun for dataset_consumes_1_and_2 to None, run_after=None
[2026-06-01T12:16:45.489+0000] {logging_mixin.py:188} INFO - [2026-06-01T12:16:45.488+0000] {dag.py:3954} INFO - Setting next_dagrun for dataset_consumes_1_never_scheduled to None, run_after=None
[2026-06-01T12:16:45.496+0000] {logging_mixin.py:188} INFO - [2026-06-01T12:16:45.495+0000] {dag.py:3954} INFO - Setting next_dagrun for dataset_consumes_unknown_never_scheduled to None, run_after=None
[2026-06-01T12:16:45.501+0000] {logging_mixin.py:188} INFO - [2026-06-01T12:16:45.500+0000] {dag.py:3954} INFO - Setting next_dagrun for dataset_produces_1 to 2026-05-31 00:00:00+00:00, run_after=2026-06-01 00:00:00+00:00
[2026-06-01T12:16:45.504+0000] {logging_mixin.py:188} INFO - [2026-06-01T12:16:45.504+0000] {dag.py:3954} INFO - Setting next_dagrun for dataset_produces_2 to None, run_after=None
[2026-06-01T12:16:45.623+0000] {processor.py:183} INFO - Processing /home/airflow/.local/lib/python3.11/site-packages/airflow/example_dags/example_datasets.py took 0.514 seconds
[2026-06-01T12:17:16.301+0000] {processor.py:161} INFO - Started process (PID=959) to work on /home/airflow/.local/lib/python3.11/site-packages/airflow/example_dags/example_datasets.py
[2026-06-01T12:17:16.302+0000] {processor.py:830} INFO - Processing file /home/airflow/.local/lib/python3.11/site-packages/airflow/example_dags/example_datasets.py for tasks to queue
[2026-06-01T12:17:16.305+0000] {logging_mixin.py:188} INFO - [2026-06-01T12:17:16.305+0000] {dagbag.py:545} INFO - Filling up the DagBag from /home/airflow/.local/lib/python3.11/site-packages/airflow/example_dags/example_datasets.py
[2026-06-01T12:17:16.325+0000] {processor.py:840} INFO - DAG(s) 'dataset_produces_1', 'dataset_consumes_1_and_2', 'dataset_consumes_1_never_scheduled', 'dataset_produces_2', 'dataset_consumes_1', 'consume_1_or_both_2_and_3_with_dataset_expressions', 'conditional_dataset_and_time_based_timetable', 'dataset_consumes_unknown_never_scheduled', 'consume_1_or_2_with_dataset_expressions', 'consume_1_and_2_with_dataset_expressions' retrieved from /home/airflow/.local/lib/python3.11/site-packages/airflow/example_dags/example_datasets.py
[2026-06-01T12:17:16.397+0000] {logging_mixin.py:188} INFO - [2026-06-01T12:17:16.397+0000] {dag.py:3096} INFO - Sync 10 DAGs
[2026-06-01T12:17:16.436+0000] {logging_mixin.py:188} INFO - [2026-06-01T12:17:16.436+0000] {dag.py:3954} INFO - Setting next_dagrun for conditional_dataset_and_time_based_timetable to 2026-05-27 01:00:00+00:00, run_after=2026-05-27 01:00:00+00:00
[2026-06-01T12:17:16.444+0000] {logging_mixin.py:188} INFO - [2026-06-01T12:17:16.443+0000] {dag.py:3954} INFO - Setting next_dagrun for consume_1_and_2_with_dataset_expressions to None, run_after=None
[2026-06-01T12:17:16.446+0000] {logging_mixin.py:188} INFO - [2026-06-01T12:17:16.446+0000] {dag.py:3954} INFO - Setting next_dagrun for consume_1_or_2_with_dataset_expressions to None, run_after=None
[2026-06-01T12:17:16.448+0000] {logging_mixin.py:188} INFO - [2026-06-01T12:17:16.448+0000] {dag.py:3954} INFO - Setting next_dagrun for consume_1_or_both_2_and_3_with_dataset_expressions to None, run_after=None
[2026-06-01T12:17:16.451+0000] {logging_mixin.py:188} INFO - [2026-06-01T12:17:16.450+0000] {dag.py:3954} INFO - Setting next_dagrun for dataset_consumes_1 to None, run_after=None
[2026-06-01T12:17:16.456+0000] {logging_mixin.py:188} INFO - [2026-06-01T12:17:16.455+0000] {dag.py:3954} INFO - Setting next_dagrun for dataset_consumes_1_and_2 to None, run_after=None
[2026-06-01T12:17:16.458+0000] {logging_mixin.py:188} INFO - [2026-06-01T12:17:16.458+0000] {dag.py:3954} INFO - Setting next_dagrun for dataset_consumes_1_never_scheduled to None, run_after=None
[2026-06-01T12:17:16.462+0000] {logging_mixin.py:188} INFO - [2026-06-01T12:17:16.461+0000] {dag.py:3954} INFO - Setting next_dagrun for dataset_consumes_unknown_never_scheduled to None, run_after=None
[2026-06-01T12:17:16.465+0000] {logging_mixin.py:188} INFO - [2026-06-01T12:17:16.464+0000] {dag.py:3954} INFO - Setting next_dagrun for dataset_produces_1 to 2026-05-31 00:00:00+00:00, run_after=2026-06-01 00:00:00+00:00
[2026-06-01T12:17:16.467+0000] {logging_mixin.py:188} INFO - [2026-06-01T12:17:16.467+0000] {dag.py:3954} INFO - Setting next_dagrun for dataset_produces_2 to None, run_after=None
[2026-06-01T12:17:16.530+0000] {processor.py:183} INFO - Processing /home/airflow/.local/lib/python3.11/site-packages/airflow/example_dags/example_datasets.py took 0.237 seconds
[2026-06-01T12:17:47.210+0000] {processor.py:161} INFO - Started process (PID=1027) to work on /home/airflow/.local/lib/python3.11/site-packages/airflow/example_dags/example_datasets.py
[2026-06-01T12:17:47.211+0000] {processor.py:830} INFO - Processing file /home/airflow/.local/lib/python3.11/site-packages/airflow/example_dags/example_datasets.py for tasks to queue
[2026-06-01T12:17:47.214+0000] {logging_mixin.py:188} INFO - [2026-06-01T12:17:47.213+0000] {dagbag.py:545} INFO - Filling up the DagBag from /home/airflow/.local/lib/python3.11/site-packages/airflow/example_dags/example_datasets.py
[2026-06-01T12:17:47.233+0000] {processor.py:840} INFO - DAG(s) 'dataset_produces_2', 'consume_1_or_both_2_and_3_with_dataset_expressions', 'dataset_consumes_1_and_2', 'dataset_consumes_1', 'dataset_consumes_1_never_scheduled', 'dataset_produces_1', 'conditional_dataset_and_time_based_timetable', 'consume_1_or_2_with_dataset_expressions', 'dataset_consumes_unknown_never_scheduled', 'consume_1_and_2_with_dataset_expressions' retrieved from /home/airflow/.local/lib/python3.11/site-packages/airflow/example_dags/example_datasets.py
[2026-06-01T12:17:47.295+0000] {logging_mixin.py:188} INFO - [2026-06-01T12:17:47.295+0000] {dag.py:3096} INFO - Sync 10 DAGs
[2026-06-01T12:17:47.330+0000] {logging_mixin.py:188} INFO - [2026-06-01T12:17:47.330+0000] {dag.py:3954} INFO - Setting next_dagrun for conditional_dataset_and_time_based_timetable to 2026-05-27 01:00:00+00:00, run_after=2026-05-27 01:00:00+00:00
[2026-06-01T12:17:47.335+0000] {logging_mixin.py:188} INFO - [2026-06-01T12:17:47.335+0000] {dag.py:3954} INFO - Setting next_dagrun for consume_1_and_2_with_dataset_expressions to None, run_after=None
[2026-06-01T12:17:47.337+0000] {logging_mixin.py:188} INFO - [2026-06-01T12:17:47.337+0000] {dag.py:3954} INFO - Setting next_dagrun for consume_1_or_2_with_dataset_expressions to None, run_after=None
[2026-06-01T12:17:47.339+0000] {logging_mixin.py:188} INFO - [2026-06-01T12:17:47.339+0000] {dag.py:3954} INFO - Setting next_dagrun for consume_1_or_both_2_and_3_with_dataset_expressions to None, run_after=None
[2026-06-01T12:17:47.342+0000] {logging_mixin.py:188} INFO - [2026-06-01T12:17:47.342+0000] {dag.py:3954} INFO - Setting next_dagrun for dataset_consumes_1 to None, run_after=None
[2026-06-01T12:17:47.345+0000] {logging_mixin.py:188} INFO - [2026-06-01T12:17:47.345+0000] {dag.py:3954} INFO - Setting next_dagrun for dataset_consumes_1_and_2 to None, run_after=None
[2026-06-01T12:17:47.348+0000] {logging_mixin.py:188} INFO - [2026-06-01T12:17:47.348+0000] {dag.py:3954} INFO - Setting next_dagrun for dataset_consumes_1_never_scheduled to None, run_after=None
[2026-06-01T12:17:47.354+0000] {logging_mixin.py:188} INFO - [2026-06-01T12:17:47.354+0000] {dag.py:3954} INFO - Setting next_dagrun for dataset_consumes_unknown_never_scheduled to None, run_after=None
[2026-06-01T12:17:47.359+0000] {logging_mixin.py:188} INFO - [2026-06-01T12:17:47.358+0000] {dag.py:3954} INFO - Setting next_dagrun for dataset_produces_1 to 2026-05-31 00:00:00+00:00, run_after=2026-06-01 00:00:00+00:00
[2026-06-01T12:17:47.361+0000] {logging_mixin.py:188} INFO - [2026-06-01T12:17:47.361+0000] {dag.py:3954} INFO - Setting next_dagrun for dataset_produces_2 to None, run_after=None
[2026-06-01T12:17:47.409+0000] {processor.py:183} INFO - Processing /home/airflow/.local/lib/python3.11/site-packages/airflow/example_dags/example_datasets.py took 0.208 seconds
[2026-06-01T12:18:17.796+0000] {processor.py:161} INFO - Started process (PID=1095) to work on /home/airflow/.local/lib/python3.11/site-packages/airflow/example_dags/example_datasets.py
[2026-06-01T12:18:17.803+0000] {processor.py:830} INFO - Processing file /home/airflow/.local/lib/python3.11/site-packages/airflow/example_dags/example_datasets.py for tasks to queue
[2026-06-01T12:18:17.817+0000] {logging_mixin.py:188} INFO - [2026-06-01T12:18:17.815+0000] {dagbag.py:545} INFO - Filling up the DagBag from /home/airflow/.local/lib/python3.11/site-packages/airflow/example_dags/example_datasets.py
[2026-06-01T12:18:17.888+0000] {processor.py:840} INFO - DAG(s) 'consume_1_or_2_with_dataset_expressions', 'consume_1_or_both_2_and_3_with_dataset_expressions', 'conditional_dataset_and_time_based_timetable', 'dataset_consumes_unknown_never_scheduled', 'dataset_produces_2', 'dataset_consumes_1', 'dataset_consumes_1_and_2', 'dataset_consumes_1_never_scheduled', 'dataset_produces_1', 'consume_1_and_2_with_dataset_expressions' retrieved from /home/airflow/.local/lib/python3.11/site-packages/airflow/example_dags/example_datasets.py
[2026-06-01T12:18:18.042+0000] {logging_mixin.py:188} INFO - [2026-06-01T12:18:18.042+0000] {dag.py:3096} INFO - Sync 10 DAGs
[2026-06-01T12:18:18.133+0000] {logging_mixin.py:188} INFO - [2026-06-01T12:18:18.133+0000] {dag.py:3954} INFO - Setting next_dagrun for conditional_dataset_and_time_based_timetable to 2026-05-27 01:00:00+00:00, run_after=2026-05-27 01:00:00+00:00
[2026-06-01T12:18:18.144+0000] {logging_mixin.py:188} INFO - [2026-06-01T12:18:18.143+0000] {dag.py:3954} INFO - Setting next_dagrun for consume_1_and_2_with_dataset_expressions to None, run_after=None
[2026-06-01T12:18:18.148+0000] {logging_mixin.py:188} INFO - [2026-06-01T12:18:18.147+0000] {dag.py:3954} INFO - Setting next_dagrun for consume_1_or_2_with_dataset_expressions to None, run_after=None
[2026-06-01T12:18:18.151+0000] {logging_mixin.py:188} INFO - [2026-06-01T12:18:18.150+0000] {dag.py:3954} INFO - Setting next_dagrun for consume_1_or_both_2_and_3_with_dataset_expressions to None, run_after=None
[2026-06-01T12:18:18.154+0000] {logging_mixin.py:188} INFO - [2026-06-01T12:18:18.154+0000] {dag.py:3954} INFO - Setting next_dagrun for dataset_consumes_1 to None, run_after=None
[2026-06-01T12:18:18.157+0000] {logging_mixin.py:188} INFO - [2026-06-01T12:18:18.157+0000] {dag.py:3954} INFO - Setting next_dagrun for dataset_consumes_1_and_2 to None, run_after=None
[2026-06-01T12:18:18.160+0000] {logging_mixin.py:188} INFO - [2026-06-01T12:18:18.160+0000] {dag.py:3954} INFO - Setting next_dagrun for dataset_consumes_1_never_scheduled to None, run_after=None
[2026-06-01T12:18:18.164+0000] {logging_mixin.py:188} INFO - [2026-06-01T12:18:18.164+0000] {dag.py:3954} INFO - Setting next_dagrun for dataset_consumes_unknown_never_scheduled to None, run_after=None
[2026-06-01T12:18:18.175+0000] {logging_mixin.py:188} INFO - [2026-06-01T12:18:18.174+0000] {dag.py:3954} INFO - Setting next_dagrun for dataset_produces_1 to 2026-05-31 00:00:00+00:00, run_after=2026-06-01 00:00:00+00:00
[2026-06-01T12:18:18.178+0000] {logging_mixin.py:188} INFO - [2026-06-01T12:18:18.178+0000] {dag.py:3954} INFO - Setting next_dagrun for dataset_produces_2 to None, run_after=None
[2026-06-01T12:18:18.258+0000] {processor.py:183} INFO - Processing /home/airflow/.local/lib/python3.11/site-packages/airflow/example_dags/example_datasets.py took 0.493 seconds
[2026-06-01T12:18:48.611+0000] {processor.py:161} INFO - Started process (PID=1164) to work on /home/airflow/.local/lib/python3.11/site-packages/airflow/example_dags/example_datasets.py
[2026-06-01T12:18:48.623+0000] {processor.py:830} INFO - Processing file /home/airflow/.local/lib/python3.11/site-packages/airflow/example_dags/example_datasets.py for tasks to queue
[2026-06-01T12:18:48.646+0000] {logging_mixin.py:188} INFO - [2026-06-01T12:18:48.642+0000] {dagbag.py:545} INFO - Filling up the DagBag from /home/airflow/.local/lib/python3.11/site-packages/airflow/example_dags/example_datasets.py
[2026-06-01T12:18:48.797+0000] {processor.py:840} INFO - DAG(s) 'dataset_produces_2', 'consume_1_or_both_2_and_3_with_dataset_expressions', 'dataset_consumes_1', 'dataset_consumes_unknown_never_scheduled', 'conditional_dataset_and_time_based_timetable', 'dataset_consumes_1_never_scheduled', 'consume_1_or_2_with_dataset_expressions', 'dataset_produces_1', 'consume_1_and_2_with_dataset_expressions', 'dataset_consumes_1_and_2' retrieved from /home/airflow/.local/lib/python3.11/site-packages/airflow/example_dags/example_datasets.py
[2026-06-01T12:18:49.095+0000] {logging_mixin.py:188} INFO - [2026-06-01T12:18:49.094+0000] {dag.py:3096} INFO - Sync 10 DAGs
[2026-06-01T12:18:49.154+0000] {logging_mixin.py:188} INFO - [2026-06-01T12:18:49.153+0000] {dag.py:3954} INFO - Setting next_dagrun for conditional_dataset_and_time_based_timetable to 2026-05-27 01:00:00+00:00, run_after=2026-05-27 01:00:00+00:00
[2026-06-01T12:18:49.175+0000] {logging_mixin.py:188} INFO - [2026-06-01T12:18:49.174+0000] {dag.py:3954} INFO - Setting next_dagrun for consume_1_and_2_with_dataset_expressions to None, run_after=None
[2026-06-01T12:18:49.179+0000] {logging_mixin.py:188} INFO - [2026-06-01T12:18:49.179+0000] {dag.py:3954} INFO - Setting next_dagrun for consume_1_or_2_with_dataset_expressions to None, run_after=None
[2026-06-01T12:18:49.184+0000] {logging_mixin.py:188} INFO - [2026-06-01T12:18:49.183+0000] {dag.py:3954} INFO - Setting next_dagrun for consume_1_or_both_2_and_3_with_dataset_expressions to None, run_after=None
[2026-06-01T12:18:49.194+0000] {logging_mixin.py:188} INFO - [2026-06-01T12:18:49.192+0000] {dag.py:3954} INFO - Setting next_dagrun for dataset_consumes_1 to None, run_after=None
[2026-06-01T12:18:49.213+0000] {logging_mixin.py:188} INFO - [2026-06-01T12:18:49.212+0000] {dag.py:3954} INFO - Setting next_dagrun for dataset_consumes_1_and_2 to None, run_after=None
[2026-06-01T12:18:49.220+0000] {logging_mixin.py:188} INFO - [2026-06-01T12:18:49.220+0000] {dag.py:3954} INFO - Setting next_dagrun for dataset_consumes_1_never_scheduled to None, run_after=None
[2026-06-01T12:18:49.224+0000] {logging_mixin.py:188} INFO - [2026-06-01T12:18:49.223+0000] {dag.py:3954} INFO - Setting next_dagrun for dataset_consumes_unknown_never_scheduled to None, run_after=None
[2026-06-01T12:18:49.238+0000] {logging_mixin.py:188} INFO - [2026-06-01T12:18:49.238+0000] {dag.py:3954} INFO - Setting next_dagrun for dataset_produces_1 to 2026-05-31 00:00:00+00:00, run_after=2026-06-01 00:00:00+00:00
[2026-06-01T12:18:49.242+0000] {logging_mixin.py:188} INFO - [2026-06-01T12:18:49.241+0000] {dag.py:3954} INFO - Setting next_dagrun for dataset_produces_2 to None, run_after=None
[2026-06-01T12:18:49.362+0000] {processor.py:183} INFO - Processing /home/airflow/.local/lib/python3.11/site-packages/airflow/example_dags/example_datasets.py took 0.837 seconds
[2026-06-01T12:19:19.564+0000] {processor.py:161} INFO - Started process (PID=1232) to work on /home/airflow/.local/lib/python3.11/site-packages/airflow/example_dags/example_datasets.py
[2026-06-01T12:19:19.566+0000] {processor.py:830} INFO - Processing file /home/airflow/.local/lib/python3.11/site-packages/airflow/example_dags/example_datasets.py for tasks to queue
[2026-06-01T12:19:19.572+0000] {logging_mixin.py:188} INFO - [2026-06-01T12:19:19.571+0000] {dagbag.py:545} INFO - Filling up the DagBag from /home/airflow/.local/lib/python3.11/site-packages/airflow/example_dags/example_datasets.py
[2026-06-01T12:19:19.609+0000] {processor.py:840} INFO - DAG(s) 'dataset_consumes_1_never_scheduled', 'dataset_produces_2', 'dataset_consumes_unknown_never_scheduled', 'consume_1_or_both_2_and_3_with_dataset_expressions', 'consume_1_and_2_with_dataset_expressions', 'dataset_consumes_1', 'dataset_consumes_1_and_2', 'dataset_produces_1', 'conditional_dataset_and_time_based_timetable', 'consume_1_or_2_with_dataset_expressions' retrieved from /home/airflow/.local/lib/python3.11/site-packages/airflow/example_dags/example_datasets.py
[2026-06-01T12:19:19.794+0000] {logging_mixin.py:188} INFO - [2026-06-01T12:19:19.793+0000] {dag.py:3096} INFO - Sync 10 DAGs
[2026-06-01T12:19:19.860+0000] {logging_mixin.py:188} INFO - [2026-06-01T12:19:19.860+0000] {dag.py:3954} INFO - Setting next_dagrun for conditional_dataset_and_time_based_timetable to 2026-05-27 01:00:00+00:00, run_after=2026-05-27 01:00:00+00:00
[2026-06-01T12:19:19.869+0000] {logging_mixin.py:188} INFO - [2026-06-01T12:19:19.868+0000] {dag.py:3954} INFO - Setting next_dagrun for consume_1_and_2_with_dataset_expressions to None, run_after=None
[2026-06-01T12:19:19.873+0000] {logging_mixin.py:188} INFO - [2026-06-01T12:19:19.872+0000] {dag.py:3954} INFO - Setting next_dagrun for consume_1_or_2_with_dataset_expressions to None, run_after=None
[2026-06-01T12:19:19.879+0000] {logging_mixin.py:188} INFO - [2026-06-01T12:19:19.878+0000] {dag.py:3954} INFO - Setting next_dagrun for consume_1_or_both_2_and_3_with_dataset_expressions to None, run_after=None
[2026-06-01T12:19:19.882+0000] {logging_mixin.py:188} INFO - [2026-06-01T12:19:19.882+0000] {dag.py:3954} INFO - Setting next_dagrun for dataset_consumes_1 to None, run_after=None
[2026-06-01T12:19:19.886+0000] {logging_mixin.py:188} INFO - [2026-06-01T12:19:19.885+0000] {dag.py:3954} INFO - Setting next_dagrun for dataset_consumes_1_and_2 to None, run_after=None
[2026-06-01T12:19:19.889+0000] {logging_mixin.py:188} INFO - [2026-06-01T12:19:19.889+0000] {dag.py:3954} INFO - Setting next_dagrun for dataset_consumes_1_never_scheduled to None, run_after=None
[2026-06-01T12:19:19.893+0000] {logging_mixin.py:188} INFO - [2026-06-01T12:19:19.892+0000] {dag.py:3954} INFO - Setting next_dagrun for dataset_consumes_unknown_never_scheduled to None, run_after=None
[2026-06-01T12:19:19.899+0000] {logging_mixin.py:188} INFO - [2026-06-01T12:19:19.899+0000] {dag.py:3954} INFO - Setting next_dagrun for dataset_produces_1 to 2026-05-31 00:00:00+00:00, run_after=2026-06-01 00:00:00+00:00
[2026-06-01T12:19:19.903+0000] {logging_mixin.py:188} INFO - [2026-06-01T12:19:19.902+0000] {dag.py:3954} INFO - Setting next_dagrun for dataset_produces_2 to None, run_after=None
[2026-06-01T12:19:19.987+0000] {processor.py:183} INFO - Processing /home/airflow/.local/lib/python3.11/site-packages/airflow/example_dags/example_datasets.py took 0.440 seconds
[2026-06-01T12:19:53.185+0000] {processor.py:161} INFO - Started process (PID=1305) to work on /home/airflow/.local/lib/python3.11/site-packages/airflow/example_dags/example_datasets.py
[2026-06-01T12:19:53.187+0000] {processor.py:830} INFO - Processing file /home/airflow/.local/lib/python3.11/site-packages/airflow/example_dags/example_datasets.py for tasks to queue
[2026-06-01T12:19:53.192+0000] {logging_mixin.py:188} INFO - [2026-06-01T12:19:53.191+0000] {dagbag.py:545} INFO - Filling up the DagBag from /home/airflow/.local/lib/python3.11/site-packages/airflow/example_dags/example_datasets.py
[2026-06-01T12:19:53.240+0000] {processor.py:840} INFO - DAG(s) 'conditional_dataset_and_time_based_timetable', 'dataset_produces_1', 'dataset_consumes_1', 'consume_1_or_both_2_and_3_with_dataset_expressions', 'consume_1_or_2_with_dataset_expressions', 'dataset_consumes_1_and_2', 'dataset_consumes_unknown_never_scheduled', 'dataset_consumes_1_never_scheduled', 'consume_1_and_2_with_dataset_expressions', 'dataset_produces_2' retrieved from /home/airflow/.local/lib/python3.11/site-packages/airflow/example_dags/example_datasets.py
[2026-06-01T12:19:53.388+0000] {logging_mixin.py:188} INFO - [2026-06-01T12:19:53.388+0000] {dag.py:3096} INFO - Sync 10 DAGs
[2026-06-01T12:19:53.530+0000] {logging_mixin.py:188} INFO - [2026-06-01T12:19:53.529+0000] {dag.py:3954} INFO - Setting next_dagrun for conditional_dataset_and_time_based_timetable to 2026-05-27 01:00:00+00:00, run_after=2026-05-27 01:00:00+00:00
[2026-06-01T12:19:53.550+0000] {logging_mixin.py:188} INFO - [2026-06-01T12:19:53.550+0000] {dag.py:3954} INFO - Setting next_dagrun for consume_1_and_2_with_dataset_expressions to None, run_after=None
[2026-06-01T12:19:53.561+0000] {logging_mixin.py:188} INFO - [2026-06-01T12:19:53.560+0000] {dag.py:3954} INFO - Setting next_dagrun for consume_1_or_2_with_dataset_expressions to None, run_after=None
[2026-06-01T12:19:53.574+0000] {logging_mixin.py:188} INFO - [2026-06-01T12:19:53.574+0000] {dag.py:3954} INFO - Setting next_dagrun for consume_1_or_both_2_and_3_with_dataset_expressions to None, run_after=None
[2026-06-01T12:19:53.585+0000] {logging_mixin.py:188} INFO - [2026-06-01T12:19:53.584+0000] {dag.py:3954} INFO - Setting next_dagrun for dataset_consumes_1 to None, run_after=None
[2026-06-01T12:19:53.597+0000] {logging_mixin.py:188} INFO - [2026-06-01T12:19:53.596+0000] {dag.py:3954} INFO - Setting next_dagrun for dataset_consumes_1_and_2 to None, run_after=None
[2026-06-01T12:19:53.601+0000] {logging_mixin.py:188} INFO - [2026-06-01T12:19:53.601+0000] {dag.py:3954} INFO - Setting next_dagrun for dataset_consumes_1_never_scheduled to None, run_after=None
[2026-06-01T12:19:53.606+0000] {logging_mixin.py:188} INFO - [2026-06-01T12:19:53.606+0000] {dag.py:3954} INFO - Setting next_dagrun for dataset_consumes_unknown_never_scheduled to None, run_after=None
[2026-06-01T12:19:53.613+0000] {logging_mixin.py:188} INFO - [2026-06-01T12:19:53.613+0000] {dag.py:3954} INFO - Setting next_dagrun for dataset_produces_1 to 2026-05-31 00:00:00+00:00, run_after=2026-06-01 00:00:00+00:00
[2026-06-01T12:19:53.616+0000] {logging_mixin.py:188} INFO - [2026-06-01T12:19:53.616+0000] {dag.py:3954} INFO - Setting next_dagrun for dataset_produces_2 to None, run_after=None
[2026-06-01T12:19:53.712+0000] {processor.py:183} INFO - Processing /home/airflow/.local/lib/python3.11/site-packages/airflow/example_dags/example_datasets.py took 0.545 seconds
[2026-06-01T12:20:23.913+0000] {processor.py:161} INFO - Started process (PID=1373) to work on /home/airflow/.local/lib/python3.11/site-packages/airflow/example_dags/example_datasets.py
[2026-06-01T12:20:23.927+0000] {processor.py:830} INFO - Processing file /home/airflow/.local/lib/python3.11/site-packages/airflow/example_dags/example_datasets.py for tasks to queue
[2026-06-01T12:20:23.933+0000] {logging_mixin.py:188} INFO - [2026-06-01T12:20:23.932+0000] {dagbag.py:545} INFO - Filling up the DagBag from /home/airflow/.local/lib/python3.11/site-packages/airflow/example_dags/example_datasets.py
[2026-06-01T12:20:23.978+0000] {processor.py:840} INFO - DAG(s) 'dataset_consumes_1', 'consume_1_and_2_with_dataset_expressions', 'consume_1_or_2_with_dataset_expressions', 'dataset_produces_2', 'conditional_dataset_and_time_based_timetable', 'dataset_consumes_unknown_never_scheduled', 'consume_1_or_both_2_and_3_with_dataset_expressions', 'dataset_consumes_1_and_2', 'dataset_produces_1', 'dataset_consumes_1_never_scheduled' retrieved from /home/airflow/.local/lib/python3.11/site-packages/airflow/example_dags/example_datasets.py
[2026-06-01T12:20:24.107+0000] {logging_mixin.py:188} INFO - [2026-06-01T12:20:24.106+0000] {dag.py:3096} INFO - Sync 10 DAGs
[2026-06-01T12:20:24.162+0000] {logging_mixin.py:188} INFO - [2026-06-01T12:20:24.162+0000] {dag.py:3954} INFO - Setting next_dagrun for conditional_dataset_and_time_based_timetable to 2026-05-27 01:00:00+00:00, run_after=2026-05-27 01:00:00+00:00
[2026-06-01T12:20:24.176+0000] {logging_mixin.py:188} INFO - [2026-06-01T12:20:24.171+0000] {dag.py:3954} INFO - Setting next_dagrun for consume_1_and_2_with_dataset_expressions to None, run_after=None
[2026-06-01T12:20:24.179+0000] {logging_mixin.py:188} INFO - [2026-06-01T12:20:24.179+0000] {dag.py:3954} INFO - Setting next_dagrun for consume_1_or_2_with_dataset_expressions to None, run_after=None
[2026-06-01T12:20:24.182+0000] {logging_mixin.py:188} INFO - [2026-06-01T12:20:24.182+0000] {dag.py:3954} INFO - Setting next_dagrun for consume_1_or_both_2_and_3_with_dataset_expressions to None, run_after=None
[2026-06-01T12:20:24.185+0000] {logging_mixin.py:188} INFO - [2026-06-01T12:20:24.185+0000] {dag.py:3954} INFO - Setting next_dagrun for dataset_consumes_1 to None, run_after=None
[2026-06-01T12:20:24.192+0000] {logging_mixin.py:188} INFO - [2026-06-01T12:20:24.190+0000] {dag.py:3954} INFO - Setting next_dagrun for dataset_consumes_1_and_2 to None, run_after=None
[2026-06-01T12:20:24.202+0000] {logging_mixin.py:188} INFO - [2026-06-01T12:20:24.201+0000] {dag.py:3954} INFO - Setting next_dagrun for dataset_consumes_1_never_scheduled to None, run_after=None
[2026-06-01T12:20:24.206+0000] {logging_mixin.py:188} INFO - [2026-06-01T12:20:24.205+0000] {dag.py:3954} INFO - Setting next_dagrun for dataset_consumes_unknown_never_scheduled to None, run_after=None
[2026-06-01T12:20:24.218+0000] {logging_mixin.py:188} INFO - [2026-06-01T12:20:24.217+0000] {dag.py:3954} INFO - Setting next_dagrun for dataset_produces_1 to 2026-05-31 00:00:00+00:00, run_after=2026-06-01 00:00:00+00:00
[2026-06-01T12:20:24.223+0000] {logging_mixin.py:188} INFO - [2026-06-01T12:20:24.223+0000] {dag.py:3954} INFO - Setting next_dagrun for dataset_produces_2 to None, run_after=None
[2026-06-01T12:20:24.353+0000] {processor.py:183} INFO - Processing /home/airflow/.local/lib/python3.11/site-packages/airflow/example_dags/example_datasets.py took 0.452 seconds
[2026-06-01T12:20:55.149+0000] {processor.py:161} INFO - Started process (PID=1431) to work on /home/airflow/.local/lib/python3.11/site-packages/airflow/example_dags/example_datasets.py
[2026-06-01T12:20:55.154+0000] {processor.py:830} INFO - Processing file /home/airflow/.local/lib/python3.11/site-packages/airflow/example_dags/example_datasets.py for tasks to queue
[2026-06-01T12:20:55.161+0000] {logging_mixin.py:188} INFO - [2026-06-01T12:20:55.159+0000] {dagbag.py:545} INFO - Filling up the DagBag from /home/airflow/.local/lib/python3.11/site-packages/airflow/example_dags/example_datasets.py
[2026-06-01T12:20:55.192+0000] {processor.py:840} INFO - DAG(s) 'consume_1_or_both_2_and_3_with_dataset_expressions', 'dataset_consumes_1', 'consume_1_and_2_with_dataset_expressions', 'dataset_consumes_unknown_never_scheduled', 'dataset_produces_2', 'conditional_dataset_and_time_based_timetable', 'dataset_consumes_1_never_scheduled', 'dataset_produces_1', 'dataset_consumes_1_and_2', 'consume_1_or_2_with_dataset_expressions' retrieved from /home/airflow/.local/lib/python3.11/site-packages/airflow/example_dags/example_datasets.py
[2026-06-01T12:20:55.324+0000] {logging_mixin.py:188} INFO - [2026-06-01T12:20:55.324+0000] {dag.py:3096} INFO - Sync 10 DAGs
[2026-06-01T12:20:55.396+0000] {logging_mixin.py:188} INFO - [2026-06-01T12:20:55.395+0000] {dag.py:3954} INFO - Setting next_dagrun for conditional_dataset_and_time_based_timetable to 2026-05-27 01:00:00+00:00, run_after=2026-05-27 01:00:00+00:00
[2026-06-01T12:20:55.410+0000] {logging_mixin.py:188} INFO - [2026-06-01T12:20:55.409+0000] {dag.py:3954} INFO - Setting next_dagrun for consume_1_and_2_with_dataset_expressions to None, run_after=None
[2026-06-01T12:20:55.419+0000] {logging_mixin.py:188} INFO - [2026-06-01T12:20:55.415+0000] {dag.py:3954} INFO - Setting next_dagrun for consume_1_or_2_with_dataset_expressions to None, run_after=None
[2026-06-01T12:20:55.427+0000] {logging_mixin.py:188} INFO - [2026-06-01T12:20:55.427+0000] {dag.py:3954} INFO - Setting next_dagrun for consume_1_or_both_2_and_3_with_dataset_expressions to None, run_after=None
[2026-06-01T12:20:55.431+0000] {logging_mixin.py:188} INFO - [2026-06-01T12:20:55.431+0000] {dag.py:3954} INFO - Setting next_dagrun for dataset_consumes_1 to None, run_after=None
[2026-06-01T12:20:55.443+0000] {logging_mixin.py:188} INFO - [2026-06-01T12:20:55.443+0000] {dag.py:3954} INFO - Setting next_dagrun for dataset_consumes_1_and_2 to None, run_after=None
[2026-06-01T12:20:55.452+0000] {logging_mixin.py:188} INFO - [2026-06-01T12:20:55.451+0000] {dag.py:3954} INFO - Setting next_dagrun for dataset_consumes_1_never_scheduled to None, run_after=None
[2026-06-01T12:20:55.456+0000] {logging_mixin.py:188} INFO - [2026-06-01T12:20:55.455+0000] {dag.py:3954} INFO - Setting next_dagrun for dataset_consumes_unknown_never_scheduled to None, run_after=None
[2026-06-01T12:20:55.465+0000] {logging_mixin.py:188} INFO - [2026-06-01T12:20:55.463+0000] {dag.py:3954} INFO - Setting next_dagrun for dataset_produces_1 to 2026-05-31 00:00:00+00:00, run_after=2026-06-01 00:00:00+00:00
[2026-06-01T12:20:55.469+0000] {logging_mixin.py:188} INFO - [2026-06-01T12:20:55.468+0000] {dag.py:3954} INFO - Setting next_dagrun for dataset_produces_2 to None, run_after=None
[2026-06-01T12:20:55.575+0000] {processor.py:183} INFO - Processing /home/airflow/.local/lib/python3.11/site-packages/airflow/example_dags/example_datasets.py took 0.447 seconds
[2026-06-01T12:21:26.085+0000] {processor.py:161} INFO - Started process (PID=1499) to work on /home/airflow/.local/lib/python3.11/site-packages/airflow/example_dags/example_datasets.py
[2026-06-01T12:21:26.089+0000] {processor.py:830} INFO - Processing file /home/airflow/.local/lib/python3.11/site-packages/airflow/example_dags/example_datasets.py for tasks to queue
[2026-06-01T12:21:26.093+0000] {logging_mixin.py:188} INFO - [2026-06-01T12:21:26.093+0000] {dagbag.py:545} INFO - Filling up the DagBag from /home/airflow/.local/lib/python3.11/site-packages/airflow/example_dags/example_datasets.py
[2026-06-01T12:21:26.144+0000] {processor.py:840} INFO - DAG(s) 'consume_1_or_both_2_and_3_with_dataset_expressions', 'conditional_dataset_and_time_based_timetable', 'dataset_consumes_1_and_2', 'consume_1_and_2_with_dataset_expressions', 'consume_1_or_2_with_dataset_expressions', 'dataset_produces_2', 'dataset_consumes_1_never_scheduled', 'dataset_consumes_unknown_never_scheduled', 'dataset_produces_1', 'dataset_consumes_1' retrieved from /home/airflow/.local/lib/python3.11/site-packages/airflow/example_dags/example_datasets.py
[2026-06-01T12:21:26.250+0000] {logging_mixin.py:188} INFO - [2026-06-01T12:21:26.250+0000] {dag.py:3096} INFO - Sync 10 DAGs
[2026-06-01T12:21:26.298+0000] {logging_mixin.py:188} INFO - [2026-06-01T12:21:26.298+0000] {dag.py:3954} INFO - Setting next_dagrun for conditional_dataset_and_time_based_timetable to 2026-05-27 01:00:00+00:00, run_after=2026-05-27 01:00:00+00:00
[2026-06-01T12:21:26.309+0000] {logging_mixin.py:188} INFO - [2026-06-01T12:21:26.309+0000] {dag.py:3954} INFO - Setting next_dagrun for consume_1_and_2_with_dataset_expressions to None, run_after=None
[2026-06-01T12:21:26.313+0000] {logging_mixin.py:188} INFO - [2026-06-01T12:21:26.312+0000] {dag.py:3954} INFO - Setting next_dagrun for consume_1_or_2_with_dataset_expressions to None, run_after=None
[2026-06-01T12:21:26.322+0000] {logging_mixin.py:188} INFO - [2026-06-01T12:21:26.321+0000] {dag.py:3954} INFO - Setting next_dagrun for consume_1_or_both_2_and_3_with_dataset_expressions to None, run_after=None
[2026-06-01T12:21:26.325+0000] {logging_mixin.py:188} INFO - [2026-06-01T12:21:26.324+0000] {dag.py:3954} INFO - Setting next_dagrun for dataset_consumes_1 to None, run_after=None
[2026-06-01T12:21:26.329+0000] {logging_mixin.py:188} INFO - [2026-06-01T12:21:26.329+0000] {dag.py:3954} INFO - Setting next_dagrun for dataset_consumes_1_and_2 to None, run_after=None
[2026-06-01T12:21:26.332+0000] {logging_mixin.py:188} INFO - [2026-06-01T12:21:26.332+0000] {dag.py:3954} INFO - Setting next_dagrun for dataset_consumes_1_never_scheduled to None, run_after=None
[2026-06-01T12:21:26.337+0000] {logging_mixin.py:188} INFO - [2026-06-01T12:21:26.336+0000] {dag.py:3954} INFO - Setting next_dagrun for dataset_consumes_unknown_never_scheduled to None, run_after=None
[2026-06-01T12:21:26.342+0000] {logging_mixin.py:188} INFO - [2026-06-01T12:21:26.342+0000] {dag.py:3954} INFO - Setting next_dagrun for dataset_produces_1 to 2026-05-31 00:00:00+00:00, run_after=2026-06-01 00:00:00+00:00
[2026-06-01T12:21:26.345+0000] {logging_mixin.py:188} INFO - [2026-06-01T12:21:26.345+0000] {dag.py:3954} INFO - Setting next_dagrun for dataset_produces_2 to None, run_after=None
[2026-06-01T12:21:26.429+0000] {processor.py:183} INFO - Processing /home/airflow/.local/lib/python3.11/site-packages/airflow/example_dags/example_datasets.py took 0.382 seconds
[2026-06-01T12:21:56.586+0000] {processor.py:161} INFO - Started process (PID=1566) to work on /home/airflow/.local/lib/python3.11/site-packages/airflow/example_dags/example_datasets.py
[2026-06-01T12:21:56.588+0000] {processor.py:830} INFO - Processing file /home/airflow/.local/lib/python3.11/site-packages/airflow/example_dags/example_datasets.py for tasks to queue
[2026-06-01T12:21:56.592+0000] {logging_mixin.py:188} INFO - [2026-06-01T12:21:56.591+0000] {dagbag.py:545} INFO - Filling up the DagBag from /home/airflow/.local/lib/python3.11/site-packages/airflow/example_dags/example_datasets.py
[2026-06-01T12:21:56.624+0000] {processor.py:840} INFO - DAG(s) 'consume_1_and_2_with_dataset_expressions', 'dataset_produces_1', 'dataset_consumes_1_never_scheduled', 'dataset_consumes_1_and_2', 'dataset_consumes_unknown_never_scheduled', 'dataset_consumes_1', 'conditional_dataset_and_time_based_timetable', 'consume_1_or_2_with_dataset_expressions', 'consume_1_or_both_2_and_3_with_dataset_expressions', 'dataset_produces_2' retrieved from /home/airflow/.local/lib/python3.11/site-packages/airflow/example_dags/example_datasets.py
[2026-06-01T12:21:56.746+0000] {logging_mixin.py:188} INFO - [2026-06-01T12:21:56.746+0000] {dag.py:3096} INFO - Sync 10 DAGs
[2026-06-01T12:21:56.799+0000] {logging_mixin.py:188} INFO - [2026-06-01T12:21:56.799+0000] {dag.py:3954} INFO - Setting next_dagrun for conditional_dataset_and_time_based_timetable to 2026-05-27 01:00:00+00:00, run_after=2026-05-27 01:00:00+00:00
[2026-06-01T12:21:56.808+0000] {logging_mixin.py:188} INFO - [2026-06-01T12:21:56.807+0000] {dag.py:3954} INFO - Setting next_dagrun for consume_1_and_2_with_dataset_expressions to None, run_after=None
[2026-06-01T12:21:56.811+0000] {logging_mixin.py:188} INFO - [2026-06-01T12:21:56.810+0000] {dag.py:3954} INFO - Setting next_dagrun for consume_1_or_2_with_dataset_expressions to None, run_after=None
[2026-06-01T12:21:56.814+0000] {logging_mixin.py:188} INFO - [2026-06-01T12:21:56.813+0000] {dag.py:3954} INFO - Setting next_dagrun for consume_1_or_both_2_and_3_with_dataset_expressions to None, run_after=None
[2026-06-01T12:21:56.818+0000] {logging_mixin.py:188} INFO - [2026-06-01T12:21:56.818+0000] {dag.py:3954} INFO - Setting next_dagrun for dataset_consumes_1 to None, run_after=None
[2026-06-01T12:21:56.828+0000] {logging_mixin.py:188} INFO - [2026-06-01T12:21:56.827+0000] {dag.py:3954} INFO - Setting next_dagrun for dataset_consumes_1_and_2 to None, run_after=None
[2026-06-01T12:21:56.831+0000] {logging_mixin.py:188} INFO - [2026-06-01T12:21:56.831+0000] {dag.py:3954} INFO - Setting next_dagrun for dataset_consumes_1_never_scheduled to None, run_after=None
[2026-06-01T12:21:56.835+0000] {logging_mixin.py:188} INFO - [2026-06-01T12:21:56.834+0000] {dag.py:3954} INFO - Setting next_dagrun for dataset_consumes_unknown_never_scheduled to None, run_after=None
[2026-06-01T12:21:56.840+0000] {logging_mixin.py:188} INFO - [2026-06-01T12:21:56.840+0000] {dag.py:3954} INFO - Setting next_dagrun for dataset_produces_1 to 2026-05-31 00:00:00+00:00, run_after=2026-06-01 00:00:00+00:00
[2026-06-01T12:21:56.843+0000] {logging_mixin.py:188} INFO - [2026-06-01T12:21:56.843+0000] {dag.py:3954} INFO - Setting next_dagrun for dataset_produces_2 to None, run_after=None
[2026-06-01T12:21:56.924+0000] {processor.py:183} INFO - Processing /home/airflow/.local/lib/python3.11/site-packages/airflow/example_dags/example_datasets.py took 0.352 seconds
[2026-06-01T12:22:27.297+0000] {processor.py:161} INFO - Started process (PID=1635) to work on /home/airflow/.local/lib/python3.11/site-packages/airflow/example_dags/example_datasets.py
[2026-06-01T12:22:27.302+0000] {processor.py:830} INFO - Processing file /home/airflow/.local/lib/python3.11/site-packages/airflow/example_dags/example_datasets.py for tasks to queue
[2026-06-01T12:22:27.306+0000] {logging_mixin.py:188} INFO - [2026-06-01T12:22:27.306+0000] {dagbag.py:545} INFO - Filling up the DagBag from /home/airflow/.local/lib/python3.11/site-packages/airflow/example_dags/example_datasets.py
[2026-06-01T12:22:27.334+0000] {processor.py:840} INFO - DAG(s) 'consume_1_or_2_with_dataset_expressions', 'dataset_produces_1', 'dataset_consumes_1_never_scheduled', 'dataset_produces_2', 'conditional_dataset_and_time_based_timetable', 'dataset_consumes_1_and_2', 'dataset_consumes_1', 'consume_1_and_2_with_dataset_expressions', 'consume_1_or_both_2_and_3_with_dataset_expressions', 'dataset_consumes_unknown_never_scheduled' retrieved from /home/airflow/.local/lib/python3.11/site-packages/airflow/example_dags/example_datasets.py
[2026-06-01T12:22:27.429+0000] {logging_mixin.py:188} INFO - [2026-06-01T12:22:27.428+0000] {dag.py:3096} INFO - Sync 10 DAGs
[2026-06-01T12:22:27.487+0000] {logging_mixin.py:188} INFO - [2026-06-01T12:22:27.486+0000] {dag.py:3954} INFO - Setting next_dagrun for conditional_dataset_and_time_based_timetable to 2026-05-27 01:00:00+00:00, run_after=2026-05-27 01:00:00+00:00
[2026-06-01T12:22:27.496+0000] {logging_mixin.py:188} INFO - [2026-06-01T12:22:27.496+0000] {dag.py:3954} INFO - Setting next_dagrun for consume_1_and_2_with_dataset_expressions to None, run_after=None
[2026-06-01T12:22:27.498+0000] {logging_mixin.py:188} INFO - [2026-06-01T12:22:27.498+0000] {dag.py:3954} INFO - Setting next_dagrun for consume_1_or_2_with_dataset_expressions to None, run_after=None
[2026-06-01T12:22:27.502+0000] {logging_mixin.py:188} INFO - [2026-06-01T12:22:27.502+0000] {dag.py:3954} INFO - Setting next_dagrun for consume_1_or_both_2_and_3_with_dataset_expressions to None, run_after=None
[2026-06-01T12:22:27.504+0000] {logging_mixin.py:188} INFO - [2026-06-01T12:22:27.504+0000] {dag.py:3954} INFO - Setting next_dagrun for dataset_consumes_1 to None, run_after=None
[2026-06-01T12:22:27.506+0000] {logging_mixin.py:188} INFO - [2026-06-01T12:22:27.506+0000] {dag.py:3954} INFO - Setting next_dagrun for dataset_consumes_1_and_2 to None, run_after=None
[2026-06-01T12:22:27.507+0000] {logging_mixin.py:188} INFO - [2026-06-01T12:22:27.507+0000] {dag.py:3954} INFO - Setting next_dagrun for dataset_consumes_1_never_scheduled to None, run_after=None
[2026-06-01T12:22:27.513+0000] {logging_mixin.py:188} INFO - [2026-06-01T12:22:27.513+0000] {dag.py:3954} INFO - Setting next_dagrun for dataset_consumes_unknown_never_scheduled to None, run_after=None
[2026-06-01T12:22:27.522+0000] {logging_mixin.py:188} INFO - [2026-06-01T12:22:27.521+0000] {dag.py:3954} INFO - Setting next_dagrun for dataset_produces_1 to 2026-05-31 00:00:00+00:00, run_after=2026-06-01 00:00:00+00:00
[2026-06-01T12:22:27.524+0000] {logging_mixin.py:188} INFO - [2026-06-01T12:22:27.524+0000] {dag.py:3954} INFO - Setting next_dagrun for dataset_produces_2 to None, run_after=None
[2026-06-01T12:22:27.587+0000] {processor.py:183} INFO - Processing /home/airflow/.local/lib/python3.11/site-packages/airflow/example_dags/example_datasets.py took 0.305 seconds
[2026-06-01T12:22:57.751+0000] {processor.py:161} INFO - Started process (PID=1703) to work on /home/airflow/.local/lib/python3.11/site-packages/airflow/example_dags/example_datasets.py
[2026-06-01T12:22:57.756+0000] {processor.py:830} INFO - Processing file /home/airflow/.local/lib/python3.11/site-packages/airflow/example_dags/example_datasets.py for tasks to queue
[2026-06-01T12:22:57.771+0000] {logging_mixin.py:188} INFO - [2026-06-01T12:22:57.771+0000] {dagbag.py:545} INFO - Filling up the DagBag from /home/airflow/.local/lib/python3.11/site-packages/airflow/example_dags/example_datasets.py
[2026-06-01T12:22:57.806+0000] {processor.py:840} INFO - DAG(s) 'dataset_consumes_unknown_never_scheduled', 'dataset_produces_2', 'dataset_consumes_1', 'dataset_consumes_1_and_2', 'consume_1_or_2_with_dataset_expressions', 'consume_1_and_2_with_dataset_expressions', 'conditional_dataset_and_time_based_timetable', 'consume_1_or_both_2_and_3_with_dataset_expressions', 'dataset_produces_1', 'dataset_consumes_1_never_scheduled' retrieved from /home/airflow/.local/lib/python3.11/site-packages/airflow/example_dags/example_datasets.py
[2026-06-01T12:22:57.931+0000] {logging_mixin.py:188} INFO - [2026-06-01T12:22:57.930+0000] {dag.py:3096} INFO - Sync 10 DAGs
[2026-06-01T12:22:57.983+0000] {logging_mixin.py:188} INFO - [2026-06-01T12:22:57.983+0000] {dag.py:3954} INFO - Setting next_dagrun for conditional_dataset_and_time_based_timetable to 2026-05-27 01:00:00+00:00, run_after=2026-05-27 01:00:00+00:00
[2026-06-01T12:22:57.994+0000] {logging_mixin.py:188} INFO - [2026-06-01T12:22:57.994+0000] {dag.py:3954} INFO - Setting next_dagrun for consume_1_and_2_with_dataset_expressions to None, run_after=None
[2026-06-01T12:22:58.009+0000] {logging_mixin.py:188} INFO - [2026-06-01T12:22:58.009+0000] {dag.py:3954} INFO - Setting next_dagrun for consume_1_or_2_with_dataset_expressions to None, run_after=None
[2026-06-01T12:22:58.011+0000] {logging_mixin.py:188} INFO - [2026-06-01T12:22:58.011+0000] {dag.py:3954} INFO - Setting next_dagrun for consume_1_or_both_2_and_3_with_dataset_expressions to None, run_after=None
[2026-06-01T12:22:58.021+0000] {logging_mixin.py:188} INFO - [2026-06-01T12:22:58.021+0000] {dag.py:3954} INFO - Setting next_dagrun for dataset_consumes_1 to None, run_after=None
[2026-06-01T12:22:58.025+0000] {logging_mixin.py:188} INFO - [2026-06-01T12:22:58.025+0000] {dag.py:3954} INFO - Setting next_dagrun for dataset_consumes_1_and_2 to None, run_after=None
[2026-06-01T12:22:58.034+0000] {logging_mixin.py:188} INFO - [2026-06-01T12:22:58.034+0000] {dag.py:3954} INFO - Setting next_dagrun for dataset_consumes_1_never_scheduled to None, run_after=None
[2026-06-01T12:22:58.039+0000] {logging_mixin.py:188} INFO - [2026-06-01T12:22:58.038+0000] {dag.py:3954} INFO - Setting next_dagrun for dataset_consumes_unknown_never_scheduled to None, run_after=None
[2026-06-01T12:22:58.043+0000] {logging_mixin.py:188} INFO - [2026-06-01T12:22:58.042+0000] {dag.py:3954} INFO - Setting next_dagrun for dataset_produces_1 to 2026-05-31 00:00:00+00:00, run_after=2026-06-01 00:00:00+00:00
[2026-06-01T12:22:58.045+0000] {logging_mixin.py:188} INFO - [2026-06-01T12:22:58.044+0000] {dag.py:3954} INFO - Setting next_dagrun for dataset_produces_2 to None, run_after=None
[2026-06-01T12:22:58.110+0000] {processor.py:183} INFO - Processing /home/airflow/.local/lib/python3.11/site-packages/airflow/example_dags/example_datasets.py took 0.372 seconds
[2026-06-01T12:23:29.489+0000] {processor.py:161} INFO - Started process (PID=1771) to work on /home/airflow/.local/lib/python3.11/site-packages/airflow/example_dags/example_datasets.py
[2026-06-01T12:23:29.502+0000] {processor.py:830} INFO - Processing file /home/airflow/.local/lib/python3.11/site-packages/airflow/example_dags/example_datasets.py for tasks to queue
[2026-06-01T12:23:29.518+0000] {logging_mixin.py:188} INFO - [2026-06-01T12:23:29.517+0000] {dagbag.py:545} INFO - Filling up the DagBag from /home/airflow/.local/lib/python3.11/site-packages/airflow/example_dags/example_datasets.py
[2026-06-01T12:23:29.581+0000] {processor.py:840} INFO - DAG(s) 'dataset_consumes_1', 'conditional_dataset_and_time_based_timetable', 'dataset_produces_1', 'dataset_consumes_1_never_scheduled', 'dataset_produces_2', 'consume_1_or_2_with_dataset_expressions', 'dataset_consumes_1_and_2', 'dataset_consumes_unknown_never_scheduled', 'consume_1_and_2_with_dataset_expressions', 'consume_1_or_both_2_and_3_with_dataset_expressions' retrieved from /home/airflow/.local/lib/python3.11/site-packages/airflow/example_dags/example_datasets.py
[2026-06-01T12:23:29.693+0000] {logging_mixin.py:188} INFO - [2026-06-01T12:23:29.693+0000] {dag.py:3096} INFO - Sync 10 DAGs
[2026-06-01T12:23:29.760+0000] {logging_mixin.py:188} INFO - [2026-06-01T12:23:29.759+0000] {dag.py:3954} INFO - Setting next_dagrun for conditional_dataset_and_time_based_timetable to 2026-05-27 01:00:00+00:00, run_after=2026-05-27 01:00:00+00:00
[2026-06-01T12:23:29.771+0000] {logging_mixin.py:188} INFO - [2026-06-01T12:23:29.771+0000] {dag.py:3954} INFO - Setting next_dagrun for consume_1_and_2_with_dataset_expressions to None, run_after=None
[2026-06-01T12:23:29.777+0000] {logging_mixin.py:188} INFO - [2026-06-01T12:23:29.777+0000] {dag.py:3954} INFO - Setting next_dagrun for consume_1_or_2_with_dataset_expressions to None, run_after=None
[2026-06-01T12:23:29.783+0000] {logging_mixin.py:188} INFO - [2026-06-01T12:23:29.783+0000] {dag.py:3954} INFO - Setting next_dagrun for consume_1_or_both_2_and_3_with_dataset_expressions to None, run_after=None
[2026-06-01T12:23:29.795+0000] {logging_mixin.py:188} INFO - [2026-06-01T12:23:29.795+0000] {dag.py:3954} INFO - Setting next_dagrun for dataset_consumes_1 to None, run_after=None
[2026-06-01T12:23:29.807+0000] {logging_mixin.py:188} INFO - [2026-06-01T12:23:29.807+0000] {dag.py:3954} INFO - Setting next_dagrun for dataset_consumes_1_and_2 to None, run_after=None
[2026-06-01T12:23:29.814+0000] {logging_mixin.py:188} INFO - [2026-06-01T12:23:29.813+0000] {dag.py:3954} INFO - Setting next_dagrun for dataset_consumes_1_never_scheduled to None, run_after=None
[2026-06-01T12:23:29.821+0000] {logging_mixin.py:188} INFO - [2026-06-01T12:23:29.820+0000] {dag.py:3954} INFO - Setting next_dagrun for dataset_consumes_unknown_never_scheduled to None, run_after=None
[2026-06-01T12:23:29.841+0000] {logging_mixin.py:188} INFO - [2026-06-01T12:23:29.841+0000] {dag.py:3954} INFO - Setting next_dagrun for dataset_produces_1 to 2026-05-31 00:00:00+00:00, run_after=2026-06-01 00:00:00+00:00
[2026-06-01T12:23:29.851+0000] {logging_mixin.py:188} INFO - [2026-06-01T12:23:29.851+0000] {dag.py:3954} INFO - Setting next_dagrun for dataset_produces_2 to None, run_after=None
[2026-06-01T12:23:30.009+0000] {processor.py:183} INFO - Processing /home/airflow/.local/lib/python3.11/site-packages/airflow/example_dags/example_datasets.py took 0.558 seconds
[2026-06-01T12:24:00.820+0000] {processor.py:161} INFO - Started process (PID=1839) to work on /home/airflow/.local/lib/python3.11/site-packages/airflow/example_dags/example_datasets.py
[2026-06-01T12:24:00.822+0000] {processor.py:830} INFO - Processing file /home/airflow/.local/lib/python3.11/site-packages/airflow/example_dags/example_datasets.py for tasks to queue
[2026-06-01T12:24:00.828+0000] {logging_mixin.py:188} INFO - [2026-06-01T12:24:00.827+0000] {dagbag.py:545} INFO - Filling up the DagBag from /home/airflow/.local/lib/python3.11/site-packages/airflow/example_dags/example_datasets.py
[2026-06-01T12:24:00.858+0000] {processor.py:840} INFO - DAG(s) 'dataset_produces_1', 'consume_1_and_2_with_dataset_expressions', 'dataset_consumes_unknown_never_scheduled', 'dataset_produces_2', 'dataset_consumes_1_and_2', 'consume_1_or_2_with_dataset_expressions', 'dataset_consumes_1_never_scheduled', 'conditional_dataset_and_time_based_timetable', 'dataset_consumes_1', 'consume_1_or_both_2_and_3_with_dataset_expressions' retrieved from /home/airflow/.local/lib/python3.11/site-packages/airflow/example_dags/example_datasets.py
[2026-06-01T12:24:00.939+0000] {logging_mixin.py:188} INFO - [2026-06-01T12:24:00.938+0000] {dag.py:3096} INFO - Sync 10 DAGs
[2026-06-01T12:24:00.987+0000] {logging_mixin.py:188} INFO - [2026-06-01T12:24:00.987+0000] {dag.py:3954} INFO - Setting next_dagrun for conditional_dataset_and_time_based_timetable to 2026-05-27 01:00:00+00:00, run_after=2026-05-27 01:00:00+00:00
[2026-06-01T12:24:00.998+0000] {logging_mixin.py:188} INFO - [2026-06-01T12:24:00.997+0000] {dag.py:3954} INFO - Setting next_dagrun for consume_1_and_2_with_dataset_expressions to None, run_after=None
[2026-06-01T12:24:01.000+0000] {logging_mixin.py:188} INFO - [2026-06-01T12:24:01.000+0000] {dag.py:3954} INFO - Setting next_dagrun for consume_1_or_2_with_dataset_expressions to None, run_after=None
[2026-06-01T12:24:01.005+0000] {logging_mixin.py:188} INFO - [2026-06-01T12:24:01.005+0000] {dag.py:3954} INFO - Setting next_dagrun for consume_1_or_both_2_and_3_with_dataset_expressions to None, run_after=None
[2026-06-01T12:24:01.007+0000] {logging_mixin.py:188} INFO - [2026-06-01T12:24:01.007+0000] {dag.py:3954} INFO - Setting next_dagrun for dataset_consumes_1 to None, run_after=None
[2026-06-01T12:24:01.009+0000] {logging_mixin.py:188} INFO - [2026-06-01T12:24:01.009+0000] {dag.py:3954} INFO - Setting next_dagrun for dataset_consumes_1_and_2 to None, run_after=None
[2026-06-01T12:24:01.010+0000] {logging_mixin.py:188} INFO - [2026-06-01T12:24:01.010+0000] {dag.py:3954} INFO - Setting next_dagrun for dataset_consumes_1_never_scheduled to None, run_after=None
[2026-06-01T12:24:01.017+0000] {logging_mixin.py:188} INFO - [2026-06-01T12:24:01.017+0000] {dag.py:3954} INFO - Setting next_dagrun for dataset_consumes_unknown_never_scheduled to None, run_after=None
[2026-06-01T12:24:01.020+0000] {logging_mixin.py:188} INFO - [2026-06-01T12:24:01.020+0000] {dag.py:3954} INFO - Setting next_dagrun for dataset_produces_1 to 2026-05-31 00:00:00+00:00, run_after=2026-06-01 00:00:00+00:00
[2026-06-01T12:24:01.022+0000] {logging_mixin.py:188} INFO - [2026-06-01T12:24:01.022+0000] {dag.py:3954} INFO - Setting next_dagrun for dataset_produces_2 to None, run_after=None
[2026-06-01T12:24:01.071+0000] {processor.py:183} INFO - Processing /home/airflow/.local/lib/python3.11/site-packages/airflow/example_dags/example_datasets.py took 0.262 seconds
[2026-06-01T12:24:31.249+0000] {processor.py:161} INFO - Started process (PID=1908) to work on /home/airflow/.local/lib/python3.11/site-packages/airflow/example_dags/example_datasets.py
[2026-06-01T12:24:31.253+0000] {processor.py:830} INFO - Processing file /home/airflow/.local/lib/python3.11/site-packages/airflow/example_dags/example_datasets.py for tasks to queue
[2026-06-01T12:24:31.259+0000] {logging_mixin.py:188} INFO - [2026-06-01T12:24:31.258+0000] {dagbag.py:545} INFO - Filling up the DagBag from /home/airflow/.local/lib/python3.11/site-packages/airflow/example_dags/example_datasets.py
[2026-06-01T12:24:31.306+0000] {processor.py:840} INFO - DAG(s) 'conditional_dataset_and_time_based_timetable', 'dataset_consumes_1', 'dataset_consumes_1_and_2', 'dataset_consumes_unknown_never_scheduled', 'dataset_produces_1', 'dataset_produces_2', 'consume_1_and_2_with_dataset_expressions', 'consume_1_or_both_2_and_3_with_dataset_expressions', 'dataset_consumes_1_never_scheduled', 'consume_1_or_2_with_dataset_expressions' retrieved from /home/airflow/.local/lib/python3.11/site-packages/airflow/example_dags/example_datasets.py
[2026-06-01T12:24:31.432+0000] {logging_mixin.py:188} INFO - [2026-06-01T12:24:31.432+0000] {dag.py:3096} INFO - Sync 10 DAGs
[2026-06-01T12:24:31.510+0000] {logging_mixin.py:188} INFO - [2026-06-01T12:24:31.510+0000] {dag.py:3954} INFO - Setting next_dagrun for conditional_dataset_and_time_based_timetable to 2026-05-27 01:00:00+00:00, run_after=2026-05-27 01:00:00+00:00
[2026-06-01T12:24:31.532+0000] {logging_mixin.py:188} INFO - [2026-06-01T12:24:31.531+0000] {dag.py:3954} INFO - Setting next_dagrun for consume_1_and_2_with_dataset_expressions to None, run_after=None
[2026-06-01T12:24:31.546+0000] {logging_mixin.py:188} INFO - [2026-06-01T12:24:31.546+0000] {dag.py:3954} INFO - Setting next_dagrun for consume_1_or_2_with_dataset_expressions to None, run_after=None
[2026-06-01T12:24:31.557+0000] {logging_mixin.py:188} INFO - [2026-06-01T12:24:31.557+0000] {dag.py:3954} INFO - Setting next_dagrun for consume_1_or_both_2_and_3_with_dataset_expressions to None, run_after=None
[2026-06-01T12:24:31.560+0000] {logging_mixin.py:188} INFO - [2026-06-01T12:24:31.559+0000] {dag.py:3954} INFO - Setting next_dagrun for dataset_consumes_1 to None, run_after=None
[2026-06-01T12:24:31.562+0000] {logging_mixin.py:188} INFO - [2026-06-01T12:24:31.562+0000] {dag.py:3954} INFO - Setting next_dagrun for dataset_consumes_1_and_2 to None, run_after=None
[2026-06-01T12:24:31.566+0000] {logging_mixin.py:188} INFO - [2026-06-01T12:24:31.566+0000] {dag.py:3954} INFO - Setting next_dagrun for dataset_consumes_1_never_scheduled to None, run_after=None
[2026-06-01T12:24:31.579+0000] {logging_mixin.py:188} INFO - [2026-06-01T12:24:31.578+0000] {dag.py:3954} INFO - Setting next_dagrun for dataset_consumes_unknown_never_scheduled to None, run_after=None
[2026-06-01T12:24:31.585+0000] {logging_mixin.py:188} INFO - [2026-06-01T12:24:31.584+0000] {dag.py:3954} INFO - Setting next_dagrun for dataset_produces_1 to 2026-05-31 00:00:00+00:00, run_after=2026-06-01 00:00:00+00:00
[2026-06-01T12:24:31.594+0000] {logging_mixin.py:188} INFO - [2026-06-01T12:24:31.594+0000] {dag.py:3954} INFO - Setting next_dagrun for dataset_produces_2 to None, run_after=None
[2026-06-01T12:24:31.757+0000] {processor.py:183} INFO - Processing /home/airflow/.local/lib/python3.11/site-packages/airflow/example_dags/example_datasets.py took 0.530 seconds
[2026-06-01T12:25:02.156+0000] {processor.py:161} INFO - Started process (PID=1976) to work on /home/airflow/.local/lib/python3.11/site-packages/airflow/example_dags/example_datasets.py
[2026-06-01T12:25:02.174+0000] {processor.py:830} INFO - Processing file /home/airflow/.local/lib/python3.11/site-packages/airflow/example_dags/example_datasets.py for tasks to queue
[2026-06-01T12:25:02.186+0000] {logging_mixin.py:188} INFO - [2026-06-01T12:25:02.185+0000] {dagbag.py:545} INFO - Filling up the DagBag from /home/airflow/.local/lib/python3.11/site-packages/airflow/example_dags/example_datasets.py
[2026-06-01T12:25:02.228+0000] {processor.py:840} INFO - DAG(s) 'dataset_consumes_1_and_2', 'dataset_produces_2', 'dataset_consumes_unknown_never_scheduled', 'dataset_consumes_1', 'consume_1_or_both_2_and_3_with_dataset_expressions', 'conditional_dataset_and_time_based_timetable', 'consume_1_and_2_with_dataset_expressions', 'consume_1_or_2_with_dataset_expressions', 'dataset_consumes_1_never_scheduled', 'dataset_produces_1' retrieved from /home/airflow/.local/lib/python3.11/site-packages/airflow/example_dags/example_datasets.py
[2026-06-01T12:25:02.376+0000] {logging_mixin.py:188} INFO - [2026-06-01T12:25:02.376+0000] {dag.py:3096} INFO - Sync 10 DAGs
[2026-06-01T12:25:02.440+0000] {logging_mixin.py:188} INFO - [2026-06-01T12:25:02.440+0000] {dag.py:3954} INFO - Setting next_dagrun for conditional_dataset_and_time_based_timetable to 2026-05-27 01:00:00+00:00, run_after=2026-05-27 01:00:00+00:00
[2026-06-01T12:25:02.458+0000] {logging_mixin.py:188} INFO - [2026-06-01T12:25:02.457+0000] {dag.py:3954} INFO - Setting next_dagrun for consume_1_and_2_with_dataset_expressions to None, run_after=None
[2026-06-01T12:25:02.466+0000] {logging_mixin.py:188} INFO - [2026-06-01T12:25:02.466+0000] {dag.py:3954} INFO - Setting next_dagrun for consume_1_or_2_with_dataset_expressions to None, run_after=None
[2026-06-01T12:25:02.471+0000] {logging_mixin.py:188} INFO - [2026-06-01T12:25:02.471+0000] {dag.py:3954} INFO - Setting next_dagrun for consume_1_or_both_2_and_3_with_dataset_expressions to None, run_after=None
[2026-06-01T12:25:02.477+0000] {logging_mixin.py:188} INFO - [2026-06-01T12:25:02.476+0000] {dag.py:3954} INFO - Setting next_dagrun for dataset_consumes_1 to None, run_after=None
[2026-06-01T12:25:02.482+0000] {logging_mixin.py:188} INFO - [2026-06-01T12:25:02.482+0000] {dag.py:3954} INFO - Setting next_dagrun for dataset_consumes_1_and_2 to None, run_after=None
[2026-06-01T12:25:02.491+0000] {logging_mixin.py:188} INFO - [2026-06-01T12:25:02.491+0000] {dag.py:3954} INFO - Setting next_dagrun for dataset_consumes_1_never_scheduled to None, run_after=None
[2026-06-01T12:25:02.496+0000] {logging_mixin.py:188} INFO - [2026-06-01T12:25:02.496+0000] {dag.py:3954} INFO - Setting next_dagrun for dataset_consumes_unknown_never_scheduled to None, run_after=None
[2026-06-01T12:25:02.508+0000] {logging_mixin.py:188} INFO - [2026-06-01T12:25:02.508+0000] {dag.py:3954} INFO - Setting next_dagrun for dataset_produces_1 to 2026-05-31 00:00:00+00:00, run_after=2026-06-01 00:00:00+00:00
[2026-06-01T12:25:02.512+0000] {logging_mixin.py:188} INFO - [2026-06-01T12:25:02.512+0000] {dag.py:3954} INFO - Setting next_dagrun for dataset_produces_2 to None, run_after=None
[2026-06-01T12:25:02.625+0000] {processor.py:183} INFO - Processing /home/airflow/.local/lib/python3.11/site-packages/airflow/example_dags/example_datasets.py took 0.486 seconds
[2026-06-01T12:25:33.221+0000] {processor.py:161} INFO - Started process (PID=2036) to work on /home/airflow/.local/lib/python3.11/site-packages/airflow/example_dags/example_datasets.py
[2026-06-01T12:25:33.230+0000] {processor.py:830} INFO - Processing file /home/airflow/.local/lib/python3.11/site-packages/airflow/example_dags/example_datasets.py for tasks to queue
[2026-06-01T12:25:33.241+0000] {logging_mixin.py:188} INFO - [2026-06-01T12:25:33.241+0000] {dagbag.py:545} INFO - Filling up the DagBag from /home/airflow/.local/lib/python3.11/site-packages/airflow/example_dags/example_datasets.py
[2026-06-01T12:25:33.297+0000] {processor.py:840} INFO - DAG(s) 'dataset_consumes_unknown_never_scheduled', 'consume_1_or_both_2_and_3_with_dataset_expressions', 'dataset_consumes_1', 'dataset_consumes_1_never_scheduled', 'dataset_consumes_1_and_2', 'consume_1_or_2_with_dataset_expressions', 'dataset_produces_2', 'conditional_dataset_and_time_based_timetable', 'dataset_produces_1', 'consume_1_and_2_with_dataset_expressions' retrieved from /home/airflow/.local/lib/python3.11/site-packages/airflow/example_dags/example_datasets.py
[2026-06-01T12:25:33.454+0000] {logging_mixin.py:188} INFO - [2026-06-01T12:25:33.453+0000] {dag.py:3096} INFO - Sync 10 DAGs
[2026-06-01T12:25:33.541+0000] {logging_mixin.py:188} INFO - [2026-06-01T12:25:33.540+0000] {dag.py:3954} INFO - Setting next_dagrun for conditional_dataset_and_time_based_timetable to 2026-05-27 01:00:00+00:00, run_after=2026-05-27 01:00:00+00:00
[2026-06-01T12:25:33.558+0000] {logging_mixin.py:188} INFO - [2026-06-01T12:25:33.558+0000] {dag.py:3954} INFO - Setting next_dagrun for consume_1_and_2_with_dataset_expressions to None, run_after=None
[2026-06-01T12:25:33.560+0000] {logging_mixin.py:188} INFO - [2026-06-01T12:25:33.560+0000] {dag.py:3954} INFO - Setting next_dagrun for consume_1_or_2_with_dataset_expressions to None, run_after=None
[2026-06-01T12:25:33.575+0000] {logging_mixin.py:188} INFO - [2026-06-01T12:25:33.574+0000] {dag.py:3954} INFO - Setting next_dagrun for consume_1_or_both_2_and_3_with_dataset_expressions to None, run_after=None
[2026-06-01T12:25:33.577+0000] {logging_mixin.py:188} INFO - [2026-06-01T12:25:33.577+0000] {dag.py:3954} INFO - Setting next_dagrun for dataset_consumes_1 to None, run_after=None
[2026-06-01T12:25:33.580+0000] {logging_mixin.py:188} INFO - [2026-06-01T12:25:33.579+0000] {dag.py:3954} INFO - Setting next_dagrun for dataset_consumes_1_and_2 to None, run_after=None
[2026-06-01T12:25:33.591+0000] {logging_mixin.py:188} INFO - [2026-06-01T12:25:33.590+0000] {dag.py:3954} INFO - Setting next_dagrun for dataset_consumes_1_never_scheduled to None, run_after=None
[2026-06-01T12:25:33.594+0000] {logging_mixin.py:188} INFO - [2026-06-01T12:25:33.594+0000] {dag.py:3954} INFO - Setting next_dagrun for dataset_consumes_unknown_never_scheduled to None, run_after=None
[2026-06-01T12:25:33.610+0000] {logging_mixin.py:188} INFO - [2026-06-01T12:25:33.610+0000] {dag.py:3954} INFO - Setting next_dagrun for dataset_produces_1 to 2026-05-31 00:00:00+00:00, run_after=2026-06-01 00:00:00+00:00
[2026-06-01T12:25:33.623+0000] {logging_mixin.py:188} INFO - [2026-06-01T12:25:33.622+0000] {dag.py:3954} INFO - Setting next_dagrun for dataset_produces_2 to None, run_after=None
[2026-06-01T12:25:33.742+0000] {processor.py:183} INFO - Processing /home/airflow/.local/lib/python3.11/site-packages/airflow/example_dags/example_datasets.py took 0.546 seconds
[2026-06-01T12:26:04.124+0000] {processor.py:161} INFO - Started process (PID=2102) to work on /home/airflow/.local/lib/python3.11/site-packages/airflow/example_dags/example_datasets.py
[2026-06-01T12:26:04.134+0000] {processor.py:830} INFO - Processing file /home/airflow/.local/lib/python3.11/site-packages/airflow/example_dags/example_datasets.py for tasks to queue
[2026-06-01T12:26:04.144+0000] {logging_mixin.py:188} INFO - [2026-06-01T12:26:04.144+0000] {dagbag.py:545} INFO - Filling up the DagBag from /home/airflow/.local/lib/python3.11/site-packages/airflow/example_dags/example_datasets.py
[2026-06-01T12:26:04.181+0000] {processor.py:840} INFO - DAG(s) 'consume_1_or_both_2_and_3_with_dataset_expressions', 'dataset_produces_2', 'conditional_dataset_and_time_based_timetable', 'dataset_consumes_1', 'dataset_consumes_1_and_2', 'consume_1_and_2_with_dataset_expressions', 'consume_1_or_2_with_dataset_expressions', 'dataset_consumes_1_never_scheduled', 'dataset_consumes_unknown_never_scheduled', 'dataset_produces_1' retrieved from /home/airflow/.local/lib/python3.11/site-packages/airflow/example_dags/example_datasets.py
[2026-06-01T12:26:04.344+0000] {logging_mixin.py:188} INFO - [2026-06-01T12:26:04.344+0000] {dag.py:3096} INFO - Sync 10 DAGs
[2026-06-01T12:26:04.433+0000] {logging_mixin.py:188} INFO - [2026-06-01T12:26:04.433+0000] {dag.py:3954} INFO - Setting next_dagrun for conditional_dataset_and_time_based_timetable to 2026-05-27 01:00:00+00:00, run_after=2026-05-27 01:00:00+00:00
[2026-06-01T12:26:04.456+0000] {logging_mixin.py:188} INFO - [2026-06-01T12:26:04.451+0000] {dag.py:3954} INFO - Setting next_dagrun for consume_1_and_2_with_dataset_expressions to None, run_after=None
[2026-06-01T12:26:04.461+0000] {logging_mixin.py:188} INFO - [2026-06-01T12:26:04.461+0000] {dag.py:3954} INFO - Setting next_dagrun for consume_1_or_2_with_dataset_expressions to None, run_after=None
[2026-06-01T12:26:04.463+0000] {logging_mixin.py:188} INFO - [2026-06-01T12:26:04.463+0000] {dag.py:3954} INFO - Setting next_dagrun for consume_1_or_both_2_and_3_with_dataset_expressions to None, run_after=None
[2026-06-01T12:26:04.465+0000] {logging_mixin.py:188} INFO - [2026-06-01T12:26:04.465+0000] {dag.py:3954} INFO - Setting next_dagrun for dataset_consumes_1 to None, run_after=None
[2026-06-01T12:26:04.468+0000] {logging_mixin.py:188} INFO - [2026-06-01T12:26:04.467+0000] {dag.py:3954} INFO - Setting next_dagrun for dataset_consumes_1_and_2 to None, run_after=None
[2026-06-01T12:26:04.478+0000] {logging_mixin.py:188} INFO - [2026-06-01T12:26:04.478+0000] {dag.py:3954} INFO - Setting next_dagrun for dataset_consumes_1_never_scheduled to None, run_after=None
[2026-06-01T12:26:04.481+0000] {logging_mixin.py:188} INFO - [2026-06-01T12:26:04.481+0000] {dag.py:3954} INFO - Setting next_dagrun for dataset_consumes_unknown_never_scheduled to None, run_after=None
[2026-06-01T12:26:04.485+0000] {logging_mixin.py:188} INFO - [2026-06-01T12:26:04.485+0000] {dag.py:3954} INFO - Setting next_dagrun for dataset_produces_1 to 2026-05-31 00:00:00+00:00, run_after=2026-06-01 00:00:00+00:00
[2026-06-01T12:26:04.496+0000] {logging_mixin.py:188} INFO - [2026-06-01T12:26:04.495+0000] {dag.py:3954} INFO - Setting next_dagrun for dataset_produces_2 to None, run_after=None
[2026-06-01T12:26:04.769+0000] {processor.py:183} INFO - Processing /home/airflow/.local/lib/python3.11/site-packages/airflow/example_dags/example_datasets.py took 0.667 seconds
[2026-06-01T12:26:35.141+0000] {processor.py:161} INFO - Started process (PID=2169) to work on /home/airflow/.local/lib/python3.11/site-packages/airflow/example_dags/example_datasets.py
[2026-06-01T12:26:35.143+0000] {processor.py:830} INFO - Processing file /home/airflow/.local/lib/python3.11/site-packages/airflow/example_dags/example_datasets.py for tasks to queue
[2026-06-01T12:26:35.151+0000] {logging_mixin.py:188} INFO - [2026-06-01T12:26:35.151+0000] {dagbag.py:545} INFO - Filling up the DagBag from /home/airflow/.local/lib/python3.11/site-packages/airflow/example_dags/example_datasets.py
[2026-06-01T12:26:35.181+0000] {processor.py:840} INFO - DAG(s) 'conditional_dataset_and_time_based_timetable', 'dataset_consumes_1_never_scheduled', 'dataset_consumes_unknown_never_scheduled', 'consume_1_or_2_with_dataset_expressions', 'dataset_consumes_1_and_2', 'consume_1_or_both_2_and_3_with_dataset_expressions', 'consume_1_and_2_with_dataset_expressions', 'dataset_consumes_1', 'dataset_produces_2', 'dataset_produces_1' retrieved from /home/airflow/.local/lib/python3.11/site-packages/airflow/example_dags/example_datasets.py
[2026-06-01T12:26:35.288+0000] {logging_mixin.py:188} INFO - [2026-06-01T12:26:35.287+0000] {dag.py:3096} INFO - Sync 10 DAGs
[2026-06-01T12:26:35.390+0000] {logging_mixin.py:188} INFO - [2026-06-01T12:26:35.390+0000] {dag.py:3954} INFO - Setting next_dagrun for conditional_dataset_and_time_based_timetable to 2026-05-27 01:00:00+00:00, run_after=2026-05-27 01:00:00+00:00
[2026-06-01T12:26:35.411+0000] {logging_mixin.py:188} INFO - [2026-06-01T12:26:35.410+0000] {dag.py:3954} INFO - Setting next_dagrun for consume_1_and_2_with_dataset_expressions to None, run_after=None
[2026-06-01T12:26:35.413+0000] {logging_mixin.py:188} INFO - [2026-06-01T12:26:35.413+0000] {dag.py:3954} INFO - Setting next_dagrun for consume_1_or_2_with_dataset_expressions to None, run_after=None
[2026-06-01T12:26:35.422+0000] {logging_mixin.py:188} INFO - [2026-06-01T12:26:35.416+0000] {dag.py:3954} INFO - Setting next_dagrun for consume_1_or_both_2_and_3_with_dataset_expressions to None, run_after=None
[2026-06-01T12:26:35.431+0000] {logging_mixin.py:188} INFO - [2026-06-01T12:26:35.430+0000] {dag.py:3954} INFO - Setting next_dagrun for dataset_consumes_1 to None, run_after=None
[2026-06-01T12:26:35.440+0000] {logging_mixin.py:188} INFO - [2026-06-01T12:26:35.439+0000] {dag.py:3954} INFO - Setting next_dagrun for dataset_consumes_1_and_2 to None, run_after=None
[2026-06-01T12:26:35.449+0000] {logging_mixin.py:188} INFO - [2026-06-01T12:26:35.449+0000] {dag.py:3954} INFO - Setting next_dagrun for dataset_consumes_1_never_scheduled to None, run_after=None
[2026-06-01T12:26:35.464+0000] {logging_mixin.py:188} INFO - [2026-06-01T12:26:35.464+0000] {dag.py:3954} INFO - Setting next_dagrun for dataset_consumes_unknown_never_scheduled to None, run_after=None
[2026-06-01T12:26:35.474+0000] {logging_mixin.py:188} INFO - [2026-06-01T12:26:35.472+0000] {dag.py:3954} INFO - Setting next_dagrun for dataset_produces_1 to 2026-05-31 00:00:00+00:00, run_after=2026-06-01 00:00:00+00:00
[2026-06-01T12:26:35.479+0000] {logging_mixin.py:188} INFO - [2026-06-01T12:26:35.478+0000] {dag.py:3954} INFO - Setting next_dagrun for dataset_produces_2 to None, run_after=None
[2026-06-01T12:26:35.639+0000] {processor.py:183} INFO - Processing /home/airflow/.local/lib/python3.11/site-packages/airflow/example_dags/example_datasets.py took 0.512 seconds
[2026-06-01T12:27:06.350+0000] {processor.py:161} INFO - Started process (PID=2237) to work on /home/airflow/.local/lib/python3.11/site-packages/airflow/example_dags/example_datasets.py
[2026-06-01T12:27:06.358+0000] {processor.py:830} INFO - Processing file /home/airflow/.local/lib/python3.11/site-packages/airflow/example_dags/example_datasets.py for tasks to queue
[2026-06-01T12:27:06.399+0000] {logging_mixin.py:188} INFO - [2026-06-01T12:27:06.392+0000] {dagbag.py:545} INFO - Filling up the DagBag from /home/airflow/.local/lib/python3.11/site-packages/airflow/example_dags/example_datasets.py
[2026-06-01T12:27:06.458+0000] {processor.py:840} INFO - DAG(s) 'dataset_consumes_1', 'dataset_produces_2', 'dataset_consumes_1_and_2', 'consume_1_or_both_2_and_3_with_dataset_expressions', 'conditional_dataset_and_time_based_timetable', 'dataset_consumes_unknown_never_scheduled', 'consume_1_or_2_with_dataset_expressions', 'dataset_consumes_1_never_scheduled', 'dataset_produces_1', 'consume_1_and_2_with_dataset_expressions' retrieved from /home/airflow/.local/lib/python3.11/site-packages/airflow/example_dags/example_datasets.py
[2026-06-01T12:27:06.618+0000] {logging_mixin.py:188} INFO - [2026-06-01T12:27:06.618+0000] {dag.py:3096} INFO - Sync 10 DAGs
[2026-06-01T12:27:06.690+0000] {logging_mixin.py:188} INFO - [2026-06-01T12:27:06.690+0000] {dag.py:3954} INFO - Setting next_dagrun for conditional_dataset_and_time_based_timetable to 2026-05-27 01:00:00+00:00, run_after=2026-05-27 01:00:00+00:00
[2026-06-01T12:27:06.703+0000] {logging_mixin.py:188} INFO - [2026-06-01T12:27:06.703+0000] {dag.py:3954} INFO - Setting next_dagrun for consume_1_and_2_with_dataset_expressions to None, run_after=None
[2026-06-01T12:27:06.705+0000] {logging_mixin.py:188} INFO - [2026-06-01T12:27:06.705+0000] {dag.py:3954} INFO - Setting next_dagrun for consume_1_or_2_with_dataset_expressions to None, run_after=None
[2026-06-01T12:27:06.707+0000] {logging_mixin.py:188} INFO - [2026-06-01T12:27:06.707+0000] {dag.py:3954} INFO - Setting next_dagrun for consume_1_or_both_2_and_3_with_dataset_expressions to None, run_after=None
[2026-06-01T12:27:06.709+0000] {logging_mixin.py:188} INFO - [2026-06-01T12:27:06.708+0000] {dag.py:3954} INFO - Setting next_dagrun for dataset_consumes_1 to None, run_after=None
[2026-06-01T12:27:06.711+0000] {logging_mixin.py:188} INFO - [2026-06-01T12:27:06.710+0000] {dag.py:3954} INFO - Setting next_dagrun for dataset_consumes_1_and_2 to None, run_after=None
[2026-06-01T12:27:06.717+0000] {logging_mixin.py:188} INFO - [2026-06-01T12:27:06.716+0000] {dag.py:3954} INFO - Setting next_dagrun for dataset_consumes_1_never_scheduled to None, run_after=None
[2026-06-01T12:27:06.719+0000] {logging_mixin.py:188} INFO - [2026-06-01T12:27:06.718+0000] {dag.py:3954} INFO - Setting next_dagrun for dataset_consumes_unknown_never_scheduled to None, run_after=None
[2026-06-01T12:27:06.723+0000] {logging_mixin.py:188} INFO - [2026-06-01T12:27:06.722+0000] {dag.py:3954} INFO - Setting next_dagrun for dataset_produces_1 to 2026-05-31 00:00:00+00:00, run_after=2026-06-01 00:00:00+00:00
[2026-06-01T12:27:06.725+0000] {logging_mixin.py:188} INFO - [2026-06-01T12:27:06.724+0000] {dag.py:3954} INFO - Setting next_dagrun for dataset_produces_2 to None, run_after=None
[2026-06-01T12:27:06.926+0000] {processor.py:183} INFO - Processing /home/airflow/.local/lib/python3.11/site-packages/airflow/example_dags/example_datasets.py took 0.589 seconds
[2026-06-01T12:27:37.670+0000] {processor.py:161} INFO - Started process (PID=2305) to work on /home/airflow/.local/lib/python3.11/site-packages/airflow/example_dags/example_datasets.py
[2026-06-01T12:27:37.672+0000] {processor.py:830} INFO - Processing file /home/airflow/.local/lib/python3.11/site-packages/airflow/example_dags/example_datasets.py for tasks to queue
[2026-06-01T12:27:37.685+0000] {logging_mixin.py:188} INFO - [2026-06-01T12:27:37.683+0000] {dagbag.py:545} INFO - Filling up the DagBag from /home/airflow/.local/lib/python3.11/site-packages/airflow/example_dags/example_datasets.py
[2026-06-01T12:27:37.735+0000] {processor.py:840} INFO - DAG(s) 'dataset_consumes_unknown_never_scheduled', 'dataset_produces_2', 'dataset_produces_1', 'consume_1_or_both_2_and_3_with_dataset_expressions', 'consume_1_and_2_with_dataset_expressions', 'dataset_consumes_1_never_scheduled', 'conditional_dataset_and_time_based_timetable', 'consume_1_or_2_with_dataset_expressions', 'dataset_consumes_1', 'dataset_consumes_1_and_2' retrieved from /home/airflow/.local/lib/python3.11/site-packages/airflow/example_dags/example_datasets.py
[2026-06-01T12:27:37.853+0000] {logging_mixin.py:188} INFO - [2026-06-01T12:27:37.853+0000] {dag.py:3096} INFO - Sync 10 DAGs
[2026-06-01T12:27:37.920+0000] {logging_mixin.py:188} INFO - [2026-06-01T12:27:37.920+0000] {dag.py:3954} INFO - Setting next_dagrun for conditional_dataset_and_time_based_timetable to 2026-05-27 01:00:00+00:00, run_after=2026-05-27 01:00:00+00:00
[2026-06-01T12:27:37.938+0000] {logging_mixin.py:188} INFO - [2026-06-01T12:27:37.937+0000] {dag.py:3954} INFO - Setting next_dagrun for consume_1_and_2_with_dataset_expressions to None, run_after=None
[2026-06-01T12:27:37.946+0000] {logging_mixin.py:188} INFO - [2026-06-01T12:27:37.946+0000] {dag.py:3954} INFO - Setting next_dagrun for consume_1_or_2_with_dataset_expressions to None, run_after=None
[2026-06-01T12:27:37.950+0000] {logging_mixin.py:188} INFO - [2026-06-01T12:27:37.950+0000] {dag.py:3954} INFO - Setting next_dagrun for consume_1_or_both_2_and_3_with_dataset_expressions to None, run_after=None
[2026-06-01T12:27:37.963+0000] {logging_mixin.py:188} INFO - [2026-06-01T12:27:37.963+0000] {dag.py:3954} INFO - Setting next_dagrun for dataset_consumes_1 to None, run_after=None
[2026-06-01T12:27:37.970+0000] {logging_mixin.py:188} INFO - [2026-06-01T12:27:37.967+0000] {dag.py:3954} INFO - Setting next_dagrun for dataset_consumes_1_and_2 to None, run_after=None
[2026-06-01T12:27:37.980+0000] {logging_mixin.py:188} INFO - [2026-06-01T12:27:37.980+0000] {dag.py:3954} INFO - Setting next_dagrun for dataset_consumes_1_never_scheduled to None, run_after=None
[2026-06-01T12:27:37.983+0000] {logging_mixin.py:188} INFO - [2026-06-01T12:27:37.982+0000] {dag.py:3954} INFO - Setting next_dagrun for dataset_consumes_unknown_never_scheduled to None, run_after=None
[2026-06-01T12:27:37.998+0000] {logging_mixin.py:188} INFO - [2026-06-01T12:27:37.998+0000] {dag.py:3954} INFO - Setting next_dagrun for dataset_produces_1 to 2026-05-31 00:00:00+00:00, run_after=2026-06-01 00:00:00+00:00
[2026-06-01T12:27:38.006+0000] {logging_mixin.py:188} INFO - [2026-06-01T12:27:38.005+0000] {dag.py:3954} INFO - Setting next_dagrun for dataset_produces_2 to None, run_after=None
[2026-06-01T12:27:38.101+0000] {processor.py:183} INFO - Processing /home/airflow/.local/lib/python3.11/site-packages/airflow/example_dags/example_datasets.py took 0.452 seconds
[2026-06-01T12:28:08.610+0000] {processor.py:161} INFO - Started process (PID=2373) to work on /home/airflow/.local/lib/python3.11/site-packages/airflow/example_dags/example_datasets.py
[2026-06-01T12:28:08.612+0000] {processor.py:830} INFO - Processing file /home/airflow/.local/lib/python3.11/site-packages/airflow/example_dags/example_datasets.py for tasks to queue
[2026-06-01T12:28:08.614+0000] {logging_mixin.py:188} INFO - [2026-06-01T12:28:08.614+0000] {dagbag.py:545} INFO - Filling up the DagBag from /home/airflow/.local/lib/python3.11/site-packages/airflow/example_dags/example_datasets.py
[2026-06-01T12:28:08.634+0000] {processor.py:840} INFO - DAG(s) 'dataset_consumes_1_and_2', 'consume_1_or_both_2_and_3_with_dataset_expressions', 'dataset_consumes_1', 'dataset_produces_2', 'consume_1_and_2_with_dataset_expressions', 'dataset_produces_1', 'dataset_consumes_unknown_never_scheduled', 'consume_1_or_2_with_dataset_expressions', 'dataset_consumes_1_never_scheduled', 'conditional_dataset_and_time_based_timetable' retrieved from /home/airflow/.local/lib/python3.11/site-packages/airflow/example_dags/example_datasets.py
[2026-06-01T12:28:08.692+0000] {logging_mixin.py:188} INFO - [2026-06-01T12:28:08.692+0000] {dag.py:3096} INFO - Sync 10 DAGs
[2026-06-01T12:28:08.733+0000] {logging_mixin.py:188} INFO - [2026-06-01T12:28:08.732+0000] {dag.py:3954} INFO - Setting next_dagrun for conditional_dataset_and_time_based_timetable to 2026-05-27 01:00:00+00:00, run_after=2026-05-27 01:00:00+00:00
[2026-06-01T12:28:08.743+0000] {logging_mixin.py:188} INFO - [2026-06-01T12:28:08.743+0000] {dag.py:3954} INFO - Setting next_dagrun for consume_1_and_2_with_dataset_expressions to None, run_after=None
[2026-06-01T12:28:08.748+0000] {logging_mixin.py:188} INFO - [2026-06-01T12:28:08.748+0000] {dag.py:3954} INFO - Setting next_dagrun for consume_1_or_2_with_dataset_expressions to None, run_after=None
[2026-06-01T12:28:08.750+0000] {logging_mixin.py:188} INFO - [2026-06-01T12:28:08.750+0000] {dag.py:3954} INFO - Setting next_dagrun for consume_1_or_both_2_and_3_with_dataset_expressions to None, run_after=None
[2026-06-01T12:28:08.752+0000] {logging_mixin.py:188} INFO - [2026-06-01T12:28:08.752+0000] {dag.py:3954} INFO - Setting next_dagrun for dataset_consumes_1 to None, run_after=None
[2026-06-01T12:28:08.754+0000] {logging_mixin.py:188} INFO - [2026-06-01T12:28:08.754+0000] {dag.py:3954} INFO - Setting next_dagrun for dataset_consumes_1_and_2 to None, run_after=None
[2026-06-01T12:28:08.756+0000] {logging_mixin.py:188} INFO - [2026-06-01T12:28:08.756+0000] {dag.py:3954} INFO - Setting next_dagrun for dataset_consumes_1_never_scheduled to None, run_after=None
[2026-06-01T12:28:08.758+0000] {logging_mixin.py:188} INFO - [2026-06-01T12:28:08.758+0000] {dag.py:3954} INFO - Setting next_dagrun for dataset_consumes_unknown_never_scheduled to None, run_after=None
[2026-06-01T12:28:08.762+0000] {logging_mixin.py:188} INFO - [2026-06-01T12:28:08.762+0000] {dag.py:3954} INFO - Setting next_dagrun for dataset_produces_1 to 2026-05-31 00:00:00+00:00, run_after=2026-06-01 00:00:00+00:00
[2026-06-01T12:28:08.764+0000] {logging_mixin.py:188} INFO - [2026-06-01T12:28:08.764+0000] {dag.py:3954} INFO - Setting next_dagrun for dataset_produces_2 to None, run_after=None
[2026-06-01T12:28:08.812+0000] {processor.py:183} INFO - Processing /home/airflow/.local/lib/python3.11/site-packages/airflow/example_dags/example_datasets.py took 0.211 seconds
[2026-06-01T12:28:39.377+0000] {processor.py:161} INFO - Started process (PID=2441) to work on /home/airflow/.local/lib/python3.11/site-packages/airflow/example_dags/example_datasets.py
[2026-06-01T12:28:39.395+0000] {processor.py:830} INFO - Processing file /home/airflow/.local/lib/python3.11/site-packages/airflow/example_dags/example_datasets.py for tasks to queue
[2026-06-01T12:28:39.412+0000] {logging_mixin.py:188} INFO - [2026-06-01T12:28:39.411+0000] {dagbag.py:545} INFO - Filling up the DagBag from /home/airflow/.local/lib/python3.11/site-packages/airflow/example_dags/example_datasets.py
[2026-06-01T12:28:39.463+0000] {processor.py:840} INFO - DAG(s) 'consume_1_or_both_2_and_3_with_dataset_expressions', 'dataset_produces_2', 'consume_1_or_2_with_dataset_expressions', 'dataset_consumes_1_never_scheduled', 'dataset_consumes_1_and_2', 'conditional_dataset_and_time_based_timetable', 'dataset_produces_1', 'consume_1_and_2_with_dataset_expressions', 'dataset_consumes_1', 'dataset_consumes_unknown_never_scheduled' retrieved from /home/airflow/.local/lib/python3.11/site-packages/airflow/example_dags/example_datasets.py
[2026-06-01T12:28:39.798+0000] {logging_mixin.py:188} INFO - [2026-06-01T12:28:39.797+0000] {dag.py:3096} INFO - Sync 10 DAGs
[2026-06-01T12:28:39.931+0000] {logging_mixin.py:188} INFO - [2026-06-01T12:28:39.930+0000] {dag.py:3954} INFO - Setting next_dagrun for conditional_dataset_and_time_based_timetable to 2026-05-27 01:00:00+00:00, run_after=2026-05-27 01:00:00+00:00
[2026-06-01T12:28:39.955+0000] {logging_mixin.py:188} INFO - [2026-06-01T12:28:39.955+0000] {dag.py:3954} INFO - Setting next_dagrun for consume_1_and_2_with_dataset_expressions to None, run_after=None
[2026-06-01T12:28:39.966+0000] {logging_mixin.py:188} INFO - [2026-06-01T12:28:39.966+0000] {dag.py:3954} INFO - Setting next_dagrun for consume_1_or_2_with_dataset_expressions to None, run_after=None
[2026-06-01T12:28:39.971+0000] {logging_mixin.py:188} INFO - [2026-06-01T12:28:39.970+0000] {dag.py:3954} INFO - Setting next_dagrun for consume_1_or_both_2_and_3_with_dataset_expressions to None, run_after=None
[2026-06-01T12:28:39.980+0000] {logging_mixin.py:188} INFO - [2026-06-01T12:28:39.980+0000] {dag.py:3954} INFO - Setting next_dagrun for dataset_consumes_1 to None, run_after=None
[2026-06-01T12:28:39.983+0000] {logging_mixin.py:188} INFO - [2026-06-01T12:28:39.983+0000] {dag.py:3954} INFO - Setting next_dagrun for dataset_consumes_1_and_2 to None, run_after=None
[2026-06-01T12:28:39.986+0000] {logging_mixin.py:188} INFO - [2026-06-01T12:28:39.986+0000] {dag.py:3954} INFO - Setting next_dagrun for dataset_consumes_1_never_scheduled to None, run_after=None
[2026-06-01T12:28:40.002+0000] {logging_mixin.py:188} INFO - [2026-06-01T12:28:40.001+0000] {dag.py:3954} INFO - Setting next_dagrun for dataset_consumes_unknown_never_scheduled to None, run_after=None
[2026-06-01T12:28:40.017+0000] {logging_mixin.py:188} INFO - [2026-06-01T12:28:40.016+0000] {dag.py:3954} INFO - Setting next_dagrun for dataset_produces_1 to 2026-05-31 00:00:00+00:00, run_after=2026-06-01 00:00:00+00:00
[2026-06-01T12:28:40.023+0000] {logging_mixin.py:188} INFO - [2026-06-01T12:28:40.023+0000] {dag.py:3954} INFO - Setting next_dagrun for dataset_produces_2 to None, run_after=None
[2026-06-01T12:28:40.138+0000] {processor.py:183} INFO - Processing /home/airflow/.local/lib/python3.11/site-packages/airflow/example_dags/example_datasets.py took 0.782 seconds
[2026-06-01T12:29:10.597+0000] {processor.py:161} INFO - Started process (PID=2511) to work on /home/airflow/.local/lib/python3.11/site-packages/airflow/example_dags/example_datasets.py
[2026-06-01T12:29:10.599+0000] {processor.py:830} INFO - Processing file /home/airflow/.local/lib/python3.11/site-packages/airflow/example_dags/example_datasets.py for tasks to queue
[2026-06-01T12:29:10.602+0000] {logging_mixin.py:188} INFO - [2026-06-01T12:29:10.601+0000] {dagbag.py:545} INFO - Filling up the DagBag from /home/airflow/.local/lib/python3.11/site-packages/airflow/example_dags/example_datasets.py
[2026-06-01T12:29:10.622+0000] {processor.py:840} INFO - DAG(s) 'consume_1_and_2_with_dataset_expressions', 'consume_1_or_2_with_dataset_expressions', 'dataset_consumes_1_and_2', 'dataset_consumes_unknown_never_scheduled', 'conditional_dataset_and_time_based_timetable', 'dataset_produces_1', 'dataset_consumes_1_never_scheduled', 'dataset_produces_2', 'dataset_consumes_1', 'consume_1_or_both_2_and_3_with_dataset_expressions' retrieved from /home/airflow/.local/lib/python3.11/site-packages/airflow/example_dags/example_datasets.py
[2026-06-01T12:29:10.699+0000] {logging_mixin.py:188} INFO - [2026-06-01T12:29:10.699+0000] {dag.py:3096} INFO - Sync 10 DAGs
[2026-06-01T12:29:10.742+0000] {logging_mixin.py:188} INFO - [2026-06-01T12:29:10.742+0000] {dag.py:3954} INFO - Setting next_dagrun for conditional_dataset_and_time_based_timetable to 2026-05-27 01:00:00+00:00, run_after=2026-05-27 01:00:00+00:00
[2026-06-01T12:29:10.760+0000] {logging_mixin.py:188} INFO - [2026-06-01T12:29:10.760+0000] {dag.py:3954} INFO - Setting next_dagrun for consume_1_and_2_with_dataset_expressions to None, run_after=None
[2026-06-01T12:29:10.763+0000] {logging_mixin.py:188} INFO - [2026-06-01T12:29:10.763+0000] {dag.py:3954} INFO - Setting next_dagrun for consume_1_or_2_with_dataset_expressions to None, run_after=None
[2026-06-01T12:29:10.781+0000] {logging_mixin.py:188} INFO - [2026-06-01T12:29:10.781+0000] {dag.py:3954} INFO - Setting next_dagrun for consume_1_or_both_2_and_3_with_dataset_expressions to None, run_after=None
[2026-06-01T12:29:10.787+0000] {logging_mixin.py:188} INFO - [2026-06-01T12:29:10.786+0000] {dag.py:3954} INFO - Setting next_dagrun for dataset_consumes_1 to None, run_after=None
[2026-06-01T12:29:10.800+0000] {logging_mixin.py:188} INFO - [2026-06-01T12:29:10.799+0000] {dag.py:3954} INFO - Setting next_dagrun for dataset_consumes_1_and_2 to None, run_after=None
[2026-06-01T12:29:10.802+0000] {logging_mixin.py:188} INFO - [2026-06-01T12:29:10.802+0000] {dag.py:3954} INFO - Setting next_dagrun for dataset_consumes_1_never_scheduled to None, run_after=None
[2026-06-01T12:29:10.804+0000] {logging_mixin.py:188} INFO - [2026-06-01T12:29:10.804+0000] {dag.py:3954} INFO - Setting next_dagrun for dataset_consumes_unknown_never_scheduled to None, run_after=None
[2026-06-01T12:29:10.808+0000] {logging_mixin.py:188} INFO - [2026-06-01T12:29:10.807+0000] {dag.py:3954} INFO - Setting next_dagrun for dataset_produces_1 to 2026-05-31 00:00:00+00:00, run_after=2026-06-01 00:00:00+00:00
[2026-06-01T12:29:10.817+0000] {logging_mixin.py:188} INFO - [2026-06-01T12:29:10.817+0000] {dag.py:3954} INFO - Setting next_dagrun for dataset_produces_2 to None, run_after=None
[2026-06-01T12:29:10.871+0000] {processor.py:183} INFO - Processing /home/airflow/.local/lib/python3.11/site-packages/airflow/example_dags/example_datasets.py took 0.283 seconds
[2026-06-01T12:29:43.153+0000] {processor.py:161} INFO - Started process (PID=2579) to work on /home/airflow/.local/lib/python3.11/site-packages/airflow/example_dags/example_datasets.py
[2026-06-01T12:29:43.167+0000] {processor.py:830} INFO - Processing file /home/airflow/.local/lib/python3.11/site-packages/airflow/example_dags/example_datasets.py for tasks to queue
[2026-06-01T12:29:43.177+0000] {logging_mixin.py:188} INFO - [2026-06-01T12:29:43.177+0000] {dagbag.py:545} INFO - Filling up the DagBag from /home/airflow/.local/lib/python3.11/site-packages/airflow/example_dags/example_datasets.py
[2026-06-01T12:29:43.225+0000] {processor.py:840} INFO - DAG(s) 'dataset_produces_1', 'dataset_produces_2', 'consume_1_and_2_with_dataset_expressions', 'conditional_dataset_and_time_based_timetable', 'dataset_consumes_1_never_scheduled', 'dataset_consumes_unknown_never_scheduled', 'consume_1_or_both_2_and_3_with_dataset_expressions', 'consume_1_or_2_with_dataset_expressions', 'dataset_consumes_1_and_2', 'dataset_consumes_1' retrieved from /home/airflow/.local/lib/python3.11/site-packages/airflow/example_dags/example_datasets.py
[2026-06-01T12:29:43.383+0000] {logging_mixin.py:188} INFO - [2026-06-01T12:29:43.383+0000] {dag.py:3096} INFO - Sync 10 DAGs
[2026-06-01T12:29:43.449+0000] {logging_mixin.py:188} INFO - [2026-06-01T12:29:43.449+0000] {dag.py:3954} INFO - Setting next_dagrun for conditional_dataset_and_time_based_timetable to 2026-05-27 01:00:00+00:00, run_after=2026-05-27 01:00:00+00:00
[2026-06-01T12:29:43.463+0000] {logging_mixin.py:188} INFO - [2026-06-01T12:29:43.462+0000] {dag.py:3954} INFO - Setting next_dagrun for consume_1_and_2_with_dataset_expressions to None, run_after=None
[2026-06-01T12:29:43.465+0000] {logging_mixin.py:188} INFO - [2026-06-01T12:29:43.465+0000] {dag.py:3954} INFO - Setting next_dagrun for consume_1_or_2_with_dataset_expressions to None, run_after=None
[2026-06-01T12:29:43.468+0000] {logging_mixin.py:188} INFO - [2026-06-01T12:29:43.468+0000] {dag.py:3954} INFO - Setting next_dagrun for consume_1_or_both_2_and_3_with_dataset_expressions to None, run_after=None
[2026-06-01T12:29:43.481+0000] {logging_mixin.py:188} INFO - [2026-06-01T12:29:43.481+0000] {dag.py:3954} INFO - Setting next_dagrun for dataset_consumes_1 to None, run_after=None
[2026-06-01T12:29:43.488+0000] {logging_mixin.py:188} INFO - [2026-06-01T12:29:43.488+0000] {dag.py:3954} INFO - Setting next_dagrun for dataset_consumes_1_and_2 to None, run_after=None
[2026-06-01T12:29:43.496+0000] {logging_mixin.py:188} INFO - [2026-06-01T12:29:43.496+0000] {dag.py:3954} INFO - Setting next_dagrun for dataset_consumes_1_never_scheduled to None, run_after=None
[2026-06-01T12:29:43.498+0000] {logging_mixin.py:188} INFO - [2026-06-01T12:29:43.498+0000] {dag.py:3954} INFO - Setting next_dagrun for dataset_consumes_unknown_never_scheduled to None, run_after=None
[2026-06-01T12:29:43.506+0000] {logging_mixin.py:188} INFO - [2026-06-01T12:29:43.506+0000] {dag.py:3954} INFO - Setting next_dagrun for dataset_produces_1 to 2026-05-31 00:00:00+00:00, run_after=2026-06-01 00:00:00+00:00
[2026-06-01T12:29:43.516+0000] {logging_mixin.py:188} INFO - [2026-06-01T12:29:43.516+0000] {dag.py:3954} INFO - Setting next_dagrun for dataset_produces_2 to None, run_after=None
[2026-06-01T12:29:43.699+0000] {processor.py:183} INFO - Processing /home/airflow/.local/lib/python3.11/site-packages/airflow/example_dags/example_datasets.py took 0.580 seconds
[2026-06-01T12:30:13.817+0000] {processor.py:161} INFO - Started process (PID=2637) to work on /home/airflow/.local/lib/python3.11/site-packages/airflow/example_dags/example_datasets.py
[2026-06-01T12:30:13.818+0000] {processor.py:830} INFO - Processing file /home/airflow/.local/lib/python3.11/site-packages/airflow/example_dags/example_datasets.py for tasks to queue
[2026-06-01T12:30:13.822+0000] {logging_mixin.py:188} INFO - [2026-06-01T12:30:13.821+0000] {dagbag.py:545} INFO - Filling up the DagBag from /home/airflow/.local/lib/python3.11/site-packages/airflow/example_dags/example_datasets.py
[2026-06-01T12:30:13.843+0000] {processor.py:840} INFO - DAG(s) 'conditional_dataset_and_time_based_timetable', 'dataset_produces_1', 'dataset_consumes_unknown_never_scheduled', 'dataset_produces_2', 'consume_1_or_2_with_dataset_expressions', 'dataset_consumes_1', 'consume_1_or_both_2_and_3_with_dataset_expressions', 'consume_1_and_2_with_dataset_expressions', 'dataset_consumes_1_and_2', 'dataset_consumes_1_never_scheduled' retrieved from /home/airflow/.local/lib/python3.11/site-packages/airflow/example_dags/example_datasets.py
[2026-06-01T12:30:13.912+0000] {logging_mixin.py:188} INFO - [2026-06-01T12:30:13.912+0000] {dag.py:3096} INFO - Sync 10 DAGs
[2026-06-01T12:30:13.952+0000] {logging_mixin.py:188} INFO - [2026-06-01T12:30:13.952+0000] {dag.py:3954} INFO - Setting next_dagrun for conditional_dataset_and_time_based_timetable to 2026-05-27 01:00:00+00:00, run_after=2026-05-27 01:00:00+00:00
[2026-06-01T12:30:13.961+0000] {logging_mixin.py:188} INFO - [2026-06-01T12:30:13.961+0000] {dag.py:3954} INFO - Setting next_dagrun for consume_1_and_2_with_dataset_expressions to None, run_after=None
[2026-06-01T12:30:13.963+0000] {logging_mixin.py:188} INFO - [2026-06-01T12:30:13.963+0000] {dag.py:3954} INFO - Setting next_dagrun for consume_1_or_2_with_dataset_expressions to None, run_after=None
[2026-06-01T12:30:13.970+0000] {logging_mixin.py:188} INFO - [2026-06-01T12:30:13.969+0000] {dag.py:3954} INFO - Setting next_dagrun for consume_1_or_both_2_and_3_with_dataset_expressions to None, run_after=None
[2026-06-01T12:30:13.972+0000] {logging_mixin.py:188} INFO - [2026-06-01T12:30:13.971+0000] {dag.py:3954} INFO - Setting next_dagrun for dataset_consumes_1 to None, run_after=None
[2026-06-01T12:30:13.973+0000] {logging_mixin.py:188} INFO - [2026-06-01T12:30:13.973+0000] {dag.py:3954} INFO - Setting next_dagrun for dataset_consumes_1_and_2 to None, run_after=None
[2026-06-01T12:30:13.975+0000] {logging_mixin.py:188} INFO - [2026-06-01T12:30:13.975+0000] {dag.py:3954} INFO - Setting next_dagrun for dataset_consumes_1_never_scheduled to None, run_after=None
[2026-06-01T12:30:13.978+0000] {logging_mixin.py:188} INFO - [2026-06-01T12:30:13.978+0000] {dag.py:3954} INFO - Setting next_dagrun for dataset_consumes_unknown_never_scheduled to None, run_after=None
[2026-06-01T12:30:13.981+0000] {logging_mixin.py:188} INFO - [2026-06-01T12:30:13.981+0000] {dag.py:3954} INFO - Setting next_dagrun for dataset_produces_1 to 2026-05-31 00:00:00+00:00, run_after=2026-06-01 00:00:00+00:00
[2026-06-01T12:30:13.982+0000] {logging_mixin.py:188} INFO - [2026-06-01T12:30:13.982+0000] {dag.py:3954} INFO - Setting next_dagrun for dataset_produces_2 to None, run_after=None
[2026-06-01T12:30:14.039+0000] {processor.py:183} INFO - Processing /home/airflow/.local/lib/python3.11/site-packages/airflow/example_dags/example_datasets.py took 0.236 seconds
[2026-06-01T12:30:44.386+0000] {processor.py:161} INFO - Started process (PID=2704) to work on /home/airflow/.local/lib/python3.11/site-packages/airflow/example_dags/example_datasets.py
[2026-06-01T12:30:44.389+0000] {processor.py:830} INFO - Processing file /home/airflow/.local/lib/python3.11/site-packages/airflow/example_dags/example_datasets.py for tasks to queue
[2026-06-01T12:30:44.393+0000] {logging_mixin.py:188} INFO - [2026-06-01T12:30:44.393+0000] {dagbag.py:545} INFO - Filling up the DagBag from /home/airflow/.local/lib/python3.11/site-packages/airflow/example_dags/example_datasets.py
[2026-06-01T12:30:44.421+0000] {processor.py:840} INFO - DAG(s) 'conditional_dataset_and_time_based_timetable', 'consume_1_or_2_with_dataset_expressions', 'dataset_consumes_unknown_never_scheduled', 'dataset_produces_2', 'consume_1_or_both_2_and_3_with_dataset_expressions', 'consume_1_and_2_with_dataset_expressions', 'dataset_consumes_1_and_2', 'dataset_consumes_1', 'dataset_consumes_1_never_scheduled', 'dataset_produces_1' retrieved from /home/airflow/.local/lib/python3.11/site-packages/airflow/example_dags/example_datasets.py
[2026-06-01T12:30:44.538+0000] {logging_mixin.py:188} INFO - [2026-06-01T12:30:44.538+0000] {dag.py:3096} INFO - Sync 10 DAGs
[2026-06-01T12:30:44.607+0000] {logging_mixin.py:188} INFO - [2026-06-01T12:30:44.607+0000] {dag.py:3954} INFO - Setting next_dagrun for conditional_dataset_and_time_based_timetable to 2026-05-27 01:00:00+00:00, run_after=2026-05-27 01:00:00+00:00
[2026-06-01T12:30:44.618+0000] {logging_mixin.py:188} INFO - [2026-06-01T12:30:44.617+0000] {dag.py:3954} INFO - Setting next_dagrun for consume_1_and_2_with_dataset_expressions to None, run_after=None
[2026-06-01T12:30:44.620+0000] {logging_mixin.py:188} INFO - [2026-06-01T12:30:44.620+0000] {dag.py:3954} INFO - Setting next_dagrun for consume_1_or_2_with_dataset_expressions to None, run_after=None
[2026-06-01T12:30:44.628+0000] {logging_mixin.py:188} INFO - [2026-06-01T12:30:44.628+0000] {dag.py:3954} INFO - Setting next_dagrun for consume_1_or_both_2_and_3_with_dataset_expressions to None, run_after=None
[2026-06-01T12:30:44.630+0000] {logging_mixin.py:188} INFO - [2026-06-01T12:30:44.630+0000] {dag.py:3954} INFO - Setting next_dagrun for dataset_consumes_1 to None, run_after=None
[2026-06-01T12:30:44.634+0000] {logging_mixin.py:188} INFO - [2026-06-01T12:30:44.634+0000] {dag.py:3954} INFO - Setting next_dagrun for dataset_consumes_1_and_2 to None, run_after=None
[2026-06-01T12:30:44.636+0000] {logging_mixin.py:188} INFO - [2026-06-01T12:30:44.636+0000] {dag.py:3954} INFO - Setting next_dagrun for dataset_consumes_1_never_scheduled to None, run_after=None
[2026-06-01T12:30:44.638+0000] {logging_mixin.py:188} INFO - [2026-06-01T12:30:44.638+0000] {dag.py:3954} INFO - Setting next_dagrun for dataset_consumes_unknown_never_scheduled to None, run_after=None
[2026-06-01T12:30:44.652+0000] {logging_mixin.py:188} INFO - [2026-06-01T12:30:44.652+0000] {dag.py:3954} INFO - Setting next_dagrun for dataset_produces_1 to 2026-05-31 00:00:00+00:00, run_after=2026-06-01 00:00:00+00:00
[2026-06-01T12:30:44.661+0000] {logging_mixin.py:188} INFO - [2026-06-01T12:30:44.660+0000] {dag.py:3954} INFO - Setting next_dagrun for dataset_produces_2 to None, run_after=None
[2026-06-01T12:30:44.731+0000] {processor.py:183} INFO - Processing /home/airflow/.local/lib/python3.11/site-packages/airflow/example_dags/example_datasets.py took 0.360 seconds
[2026-06-01T12:31:15.070+0000] {processor.py:161} INFO - Started process (PID=2772) to work on /home/airflow/.local/lib/python3.11/site-packages/airflow/example_dags/example_datasets.py
[2026-06-01T12:31:15.071+0000] {processor.py:830} INFO - Processing file /home/airflow/.local/lib/python3.11/site-packages/airflow/example_dags/example_datasets.py for tasks to queue
[2026-06-01T12:31:15.074+0000] {logging_mixin.py:188} INFO - [2026-06-01T12:31:15.074+0000] {dagbag.py:545} INFO - Filling up the DagBag from /home/airflow/.local/lib/python3.11/site-packages/airflow/example_dags/example_datasets.py
[2026-06-01T12:31:15.121+0000] {processor.py:840} INFO - DAG(s) 'consume_1_or_both_2_and_3_with_dataset_expressions', 'dataset_consumes_1', 'consume_1_or_2_with_dataset_expressions', 'dataset_consumes_unknown_never_scheduled', 'conditional_dataset_and_time_based_timetable', 'dataset_consumes_1_and_2', 'dataset_produces_1', 'dataset_produces_2', 'consume_1_and_2_with_dataset_expressions', 'dataset_consumes_1_never_scheduled' retrieved from /home/airflow/.local/lib/python3.11/site-packages/airflow/example_dags/example_datasets.py
[2026-06-01T12:31:15.248+0000] {logging_mixin.py:188} INFO - [2026-06-01T12:31:15.247+0000] {dag.py:3096} INFO - Sync 10 DAGs
[2026-06-01T12:31:15.300+0000] {logging_mixin.py:188} INFO - [2026-06-01T12:31:15.300+0000] {dag.py:3954} INFO - Setting next_dagrun for conditional_dataset_and_time_based_timetable to 2026-05-27 01:00:00+00:00, run_after=2026-05-27 01:00:00+00:00
[2026-06-01T12:31:15.358+0000] {logging_mixin.py:188} INFO - [2026-06-01T12:31:15.358+0000] {dag.py:3954} INFO - Setting next_dagrun for consume_1_and_2_with_dataset_expressions to None, run_after=None
[2026-06-01T12:31:15.369+0000] {logging_mixin.py:188} INFO - [2026-06-01T12:31:15.369+0000] {dag.py:3954} INFO - Setting next_dagrun for consume_1_or_2_with_dataset_expressions to None, run_after=None
[2026-06-01T12:31:15.384+0000] {logging_mixin.py:188} INFO - [2026-06-01T12:31:15.384+0000] {dag.py:3954} INFO - Setting next_dagrun for consume_1_or_both_2_and_3_with_dataset_expressions to None, run_after=None
[2026-06-01T12:31:15.386+0000] {logging_mixin.py:188} INFO - [2026-06-01T12:31:15.386+0000] {dag.py:3954} INFO - Setting next_dagrun for dataset_consumes_1 to None, run_after=None
[2026-06-01T12:31:15.403+0000] {logging_mixin.py:188} INFO - [2026-06-01T12:31:15.403+0000] {dag.py:3954} INFO - Setting next_dagrun for dataset_consumes_1_and_2 to None, run_after=None
[2026-06-01T12:31:15.412+0000] {logging_mixin.py:188} INFO - [2026-06-01T12:31:15.411+0000] {dag.py:3954} INFO - Setting next_dagrun for dataset_consumes_1_never_scheduled to None, run_after=None
[2026-06-01T12:31:15.428+0000] {logging_mixin.py:188} INFO - [2026-06-01T12:31:15.428+0000] {dag.py:3954} INFO - Setting next_dagrun for dataset_consumes_unknown_never_scheduled to None, run_after=None
[2026-06-01T12:31:15.439+0000] {logging_mixin.py:188} INFO - [2026-06-01T12:31:15.438+0000] {dag.py:3954} INFO - Setting next_dagrun for dataset_produces_1 to 2026-05-31 00:00:00+00:00, run_after=2026-06-01 00:00:00+00:00
[2026-06-01T12:31:15.454+0000] {logging_mixin.py:188} INFO - [2026-06-01T12:31:15.453+0000] {dag.py:3954} INFO - Setting next_dagrun for dataset_produces_2 to None, run_after=None
[2026-06-01T12:31:15.579+0000] {processor.py:183} INFO - Processing /home/airflow/.local/lib/python3.11/site-packages/airflow/example_dags/example_datasets.py took 0.521 seconds
[2026-06-01T12:33:08.061+0000] {processor.py:161} INFO - Started process (PID=421) to work on /home/airflow/.local/lib/python3.11/site-packages/airflow/example_dags/example_datasets.py
[2026-06-01T12:33:08.066+0000] {processor.py:830} INFO - Processing file /home/airflow/.local/lib/python3.11/site-packages/airflow/example_dags/example_datasets.py for tasks to queue
[2026-06-01T12:33:08.073+0000] {logging_mixin.py:188} INFO - [2026-06-01T12:33:08.072+0000] {dagbag.py:545} INFO - Filling up the DagBag from /home/airflow/.local/lib/python3.11/site-packages/airflow/example_dags/example_datasets.py
[2026-06-01T12:33:08.128+0000] {processor.py:840} INFO - DAG(s) 'dataset_produces_1', 'consume_1_or_both_2_and_3_with_dataset_expressions', 'dataset_produces_2', 'dataset_consumes_1_never_scheduled', 'dataset_consumes_1_and_2', 'dataset_consumes_unknown_never_scheduled', 'dataset_consumes_1', 'consume_1_or_2_with_dataset_expressions', 'conditional_dataset_and_time_based_timetable', 'consume_1_and_2_with_dataset_expressions' retrieved from /home/airflow/.local/lib/python3.11/site-packages/airflow/example_dags/example_datasets.py
[2026-06-01T12:33:08.914+0000] {logging_mixin.py:188} INFO - [2026-06-01T12:33:08.914+0000] {dag.py:3096} INFO - Sync 10 DAGs
[2026-06-01T12:33:08.963+0000] {logging_mixin.py:188} INFO - [2026-06-01T12:33:08.963+0000] {dag.py:3954} INFO - Setting next_dagrun for conditional_dataset_and_time_based_timetable to 2026-05-27 01:00:00+00:00, run_after=2026-05-27 01:00:00+00:00
[2026-06-01T12:33:08.981+0000] {logging_mixin.py:188} INFO - [2026-06-01T12:33:08.980+0000] {dag.py:3954} INFO - Setting next_dagrun for consume_1_and_2_with_dataset_expressions to None, run_after=None
[2026-06-01T12:33:08.987+0000] {logging_mixin.py:188} INFO - [2026-06-01T12:33:08.986+0000] {dag.py:3954} INFO - Setting next_dagrun for consume_1_or_2_with_dataset_expressions to None, run_after=None
[2026-06-01T12:33:09.003+0000] {logging_mixin.py:188} INFO - [2026-06-01T12:33:09.003+0000] {dag.py:3954} INFO - Setting next_dagrun for consume_1_or_both_2_and_3_with_dataset_expressions to None, run_after=None
[2026-06-01T12:33:09.028+0000] {logging_mixin.py:188} INFO - [2026-06-01T12:33:09.027+0000] {dag.py:3954} INFO - Setting next_dagrun for dataset_consumes_1 to None, run_after=None
[2026-06-01T12:33:09.035+0000] {logging_mixin.py:188} INFO - [2026-06-01T12:33:09.034+0000] {dag.py:3954} INFO - Setting next_dagrun for dataset_consumes_1_and_2 to None, run_after=None
[2026-06-01T12:33:09.048+0000] {logging_mixin.py:188} INFO - [2026-06-01T12:33:09.038+0000] {dag.py:3954} INFO - Setting next_dagrun for dataset_consumes_1_never_scheduled to None, run_after=None
[2026-06-01T12:33:09.053+0000] {logging_mixin.py:188} INFO - [2026-06-01T12:33:09.052+0000] {dag.py:3954} INFO - Setting next_dagrun for dataset_consumes_unknown_never_scheduled to None, run_after=None
[2026-06-01T12:33:09.065+0000] {logging_mixin.py:188} INFO - [2026-06-01T12:33:09.064+0000] {dag.py:3954} INFO - Setting next_dagrun for dataset_produces_1 to 2026-05-31 00:00:00+00:00, run_after=2026-06-01 00:00:00+00:00
[2026-06-01T12:33:09.069+0000] {logging_mixin.py:188} INFO - [2026-06-01T12:33:09.068+0000] {dag.py:3954} INFO - Setting next_dagrun for dataset_produces_2 to None, run_after=None
[2026-06-01T12:33:09.174+0000] {processor.py:183} INFO - Processing /home/airflow/.local/lib/python3.11/site-packages/airflow/example_dags/example_datasets.py took 1.127 seconds
[2026-06-01T12:33:45.247+0000] {processor.py:161} INFO - Started process (PID=703) to work on /home/airflow/.local/lib/python3.11/site-packages/airflow/example_dags/example_datasets.py
[2026-06-01T12:33:45.249+0000] {processor.py:830} INFO - Processing file /home/airflow/.local/lib/python3.11/site-packages/airflow/example_dags/example_datasets.py for tasks to queue
[2026-06-01T12:33:45.254+0000] {logging_mixin.py:188} INFO - [2026-06-01T12:33:45.253+0000] {dagbag.py:545} INFO - Filling up the DagBag from /home/airflow/.local/lib/python3.11/site-packages/airflow/example_dags/example_datasets.py
[2026-06-01T12:33:45.287+0000] {processor.py:840} INFO - DAG(s) 'dataset_consumes_unknown_never_scheduled', 'consume_1_or_2_with_dataset_expressions', 'consume_1_and_2_with_dataset_expressions', 'consume_1_or_both_2_and_3_with_dataset_expressions', 'dataset_produces_1', 'dataset_consumes_1_and_2', 'dataset_consumes_1_never_scheduled', 'conditional_dataset_and_time_based_timetable', 'dataset_consumes_1', 'dataset_produces_2' retrieved from /home/airflow/.local/lib/python3.11/site-packages/airflow/example_dags/example_datasets.py
[2026-06-01T12:33:45.430+0000] {logging_mixin.py:188} INFO - [2026-06-01T12:33:45.429+0000] {dag.py:3096} INFO - Sync 10 DAGs
[2026-06-01T12:33:45.493+0000] {logging_mixin.py:188} INFO - [2026-06-01T12:33:45.492+0000] {dag.py:3954} INFO - Setting next_dagrun for conditional_dataset_and_time_based_timetable to 2026-05-27 01:00:00+00:00, run_after=2026-05-27 01:00:00+00:00
[2026-06-01T12:33:45.500+0000] {logging_mixin.py:188} INFO - [2026-06-01T12:33:45.500+0000] {dag.py:3954} INFO - Setting next_dagrun for consume_1_and_2_with_dataset_expressions to None, run_after=None
[2026-06-01T12:33:45.504+0000] {logging_mixin.py:188} INFO - [2026-06-01T12:33:45.503+0000] {dag.py:3954} INFO - Setting next_dagrun for consume_1_or_2_with_dataset_expressions to None, run_after=None
[2026-06-01T12:33:45.509+0000] {logging_mixin.py:188} INFO - [2026-06-01T12:33:45.508+0000] {dag.py:3954} INFO - Setting next_dagrun for consume_1_or_both_2_and_3_with_dataset_expressions to None, run_after=None
[2026-06-01T12:33:45.512+0000] {logging_mixin.py:188} INFO - [2026-06-01T12:33:45.512+0000] {dag.py:3954} INFO - Setting next_dagrun for dataset_consumes_1 to None, run_after=None
[2026-06-01T12:33:45.515+0000] {logging_mixin.py:188} INFO - [2026-06-01T12:33:45.515+0000] {dag.py:3954} INFO - Setting next_dagrun for dataset_consumes_1_and_2 to None, run_after=None
[2026-06-01T12:33:45.518+0000] {logging_mixin.py:188} INFO - [2026-06-01T12:33:45.518+0000] {dag.py:3954} INFO - Setting next_dagrun for dataset_consumes_1_never_scheduled to None, run_after=None
[2026-06-01T12:33:45.521+0000] {logging_mixin.py:188} INFO - [2026-06-01T12:33:45.521+0000] {dag.py:3954} INFO - Setting next_dagrun for dataset_consumes_unknown_never_scheduled to None, run_after=None
[2026-06-01T12:33:45.529+0000] {logging_mixin.py:188} INFO - [2026-06-01T12:33:45.529+0000] {dag.py:3954} INFO - Setting next_dagrun for dataset_produces_1 to 2026-05-31 00:00:00+00:00, run_after=2026-06-01 00:00:00+00:00
[2026-06-01T12:33:45.532+0000] {logging_mixin.py:188} INFO - [2026-06-01T12:33:45.532+0000] {dag.py:3954} INFO - Setting next_dagrun for dataset_produces_2 to None, run_after=None
[2026-06-01T12:33:45.626+0000] {processor.py:183} INFO - Processing /home/airflow/.local/lib/python3.11/site-packages/airflow/example_dags/example_datasets.py took 0.399 seconds
[2026-06-01T12:34:16.134+0000] {processor.py:161} INFO - Started process (PID=977) to work on /home/airflow/.local/lib/python3.11/site-packages/airflow/example_dags/example_datasets.py
[2026-06-01T12:34:16.137+0000] {processor.py:830} INFO - Processing file /home/airflow/.local/lib/python3.11/site-packages/airflow/example_dags/example_datasets.py for tasks to queue
[2026-06-01T12:34:16.142+0000] {logging_mixin.py:188} INFO - [2026-06-01T12:34:16.141+0000] {dagbag.py:545} INFO - Filling up the DagBag from /home/airflow/.local/lib/python3.11/site-packages/airflow/example_dags/example_datasets.py
[2026-06-01T12:34:16.175+0000] {processor.py:840} INFO - DAG(s) 'dataset_consumes_1_and_2', 'dataset_consumes_unknown_never_scheduled', 'dataset_consumes_1', 'dataset_produces_1', 'consume_1_and_2_with_dataset_expressions', 'consume_1_or_both_2_and_3_with_dataset_expressions', 'conditional_dataset_and_time_based_timetable', 'dataset_produces_2', 'dataset_consumes_1_never_scheduled', 'consume_1_or_2_with_dataset_expressions' retrieved from /home/airflow/.local/lib/python3.11/site-packages/airflow/example_dags/example_datasets.py
[2026-06-01T12:34:16.304+0000] {logging_mixin.py:188} INFO - [2026-06-01T12:34:16.303+0000] {dag.py:3096} INFO - Sync 10 DAGs
[2026-06-01T12:34:16.368+0000] {logging_mixin.py:188} INFO - [2026-06-01T12:34:16.367+0000] {dag.py:3954} INFO - Setting next_dagrun for conditional_dataset_and_time_based_timetable to 2026-05-27 01:00:00+00:00, run_after=2026-05-27 01:00:00+00:00
[2026-06-01T12:34:16.377+0000] {logging_mixin.py:188} INFO - [2026-06-01T12:34:16.377+0000] {dag.py:3954} INFO - Setting next_dagrun for consume_1_and_2_with_dataset_expressions to None, run_after=None
[2026-06-01T12:34:16.381+0000] {logging_mixin.py:188} INFO - [2026-06-01T12:34:16.380+0000] {dag.py:3954} INFO - Setting next_dagrun for consume_1_or_2_with_dataset_expressions to None, run_after=None
[2026-06-01T12:34:16.385+0000] {logging_mixin.py:188} INFO - [2026-06-01T12:34:16.385+0000] {dag.py:3954} INFO - Setting next_dagrun for consume_1_or_both_2_and_3_with_dataset_expressions to None, run_after=None
[2026-06-01T12:34:16.390+0000] {logging_mixin.py:188} INFO - [2026-06-01T12:34:16.389+0000] {dag.py:3954} INFO - Setting next_dagrun for dataset_consumes_1 to None, run_after=None
[2026-06-01T12:34:16.393+0000] {logging_mixin.py:188} INFO - [2026-06-01T12:34:16.393+0000] {dag.py:3954} INFO - Setting next_dagrun for dataset_consumes_1_and_2 to None, run_after=None
[2026-06-01T12:34:16.396+0000] {logging_mixin.py:188} INFO - [2026-06-01T12:34:16.396+0000] {dag.py:3954} INFO - Setting next_dagrun for dataset_consumes_1_never_scheduled to None, run_after=None
[2026-06-01T12:34:16.400+0000] {logging_mixin.py:188} INFO - [2026-06-01T12:34:16.399+0000] {dag.py:3954} INFO - Setting next_dagrun for dataset_consumes_unknown_never_scheduled to None, run_after=None
[2026-06-01T12:34:16.410+0000] {logging_mixin.py:188} INFO - [2026-06-01T12:34:16.410+0000] {dag.py:3954} INFO - Setting next_dagrun for dataset_produces_1 to 2026-05-31 00:00:00+00:00, run_after=2026-06-01 00:00:00+00:00
[2026-06-01T12:34:16.415+0000] {logging_mixin.py:188} INFO - [2026-06-01T12:34:16.415+0000] {dag.py:3954} INFO - Setting next_dagrun for dataset_produces_2 to None, run_after=None
[2026-06-01T12:34:16.499+0000] {processor.py:183} INFO - Processing /home/airflow/.local/lib/python3.11/site-packages/airflow/example_dags/example_datasets.py took 0.380 seconds
[2026-06-01T12:34:48.499+0000] {processor.py:161} INFO - Started process (PID=1253) to work on /home/airflow/.local/lib/python3.11/site-packages/airflow/example_dags/example_datasets.py
[2026-06-01T12:34:48.501+0000] {processor.py:830} INFO - Processing file /home/airflow/.local/lib/python3.11/site-packages/airflow/example_dags/example_datasets.py for tasks to queue
[2026-06-01T12:34:48.520+0000] {logging_mixin.py:188} INFO - [2026-06-01T12:34:48.520+0000] {dagbag.py:545} INFO - Filling up the DagBag from /home/airflow/.local/lib/python3.11/site-packages/airflow/example_dags/example_datasets.py
[2026-06-01T12:34:48.557+0000] {processor.py:840} INFO - DAG(s) 'dataset_consumes_1', 'consume_1_or_both_2_and_3_with_dataset_expressions', 'dataset_consumes_unknown_never_scheduled', 'conditional_dataset_and_time_based_timetable', 'dataset_consumes_1_and_2', 'consume_1_and_2_with_dataset_expressions', 'dataset_produces_2', 'dataset_consumes_1_never_scheduled', 'consume_1_or_2_with_dataset_expressions', 'dataset_produces_1' retrieved from /home/airflow/.local/lib/python3.11/site-packages/airflow/example_dags/example_datasets.py
[2026-06-01T12:34:48.672+0000] {logging_mixin.py:188} INFO - [2026-06-01T12:34:48.671+0000] {dag.py:3096} INFO - Sync 10 DAGs
[2026-06-01T12:34:48.734+0000] {logging_mixin.py:188} INFO - [2026-06-01T12:34:48.733+0000] {dag.py:3954} INFO - Setting next_dagrun for conditional_dataset_and_time_based_timetable to 2026-05-27 01:00:00+00:00, run_after=2026-05-27 01:00:00+00:00
[2026-06-01T12:34:48.747+0000] {logging_mixin.py:188} INFO - [2026-06-01T12:34:48.747+0000] {dag.py:3954} INFO - Setting next_dagrun for consume_1_and_2_with_dataset_expressions to None, run_after=None
[2026-06-01T12:34:48.752+0000] {logging_mixin.py:188} INFO - [2026-06-01T12:34:48.751+0000] {dag.py:3954} INFO - Setting next_dagrun for consume_1_or_2_with_dataset_expressions to None, run_after=None
[2026-06-01T12:34:48.758+0000] {logging_mixin.py:188} INFO - [2026-06-01T12:34:48.757+0000] {dag.py:3954} INFO - Setting next_dagrun for consume_1_or_both_2_and_3_with_dataset_expressions to None, run_after=None
[2026-06-01T12:34:48.764+0000] {logging_mixin.py:188} INFO - [2026-06-01T12:34:48.763+0000] {dag.py:3954} INFO - Setting next_dagrun for dataset_consumes_1 to None, run_after=None
[2026-06-01T12:34:48.768+0000] {logging_mixin.py:188} INFO - [2026-06-01T12:34:48.767+0000] {dag.py:3954} INFO - Setting next_dagrun for dataset_consumes_1_and_2 to None, run_after=None
[2026-06-01T12:34:48.771+0000] {logging_mixin.py:188} INFO - [2026-06-01T12:34:48.770+0000] {dag.py:3954} INFO - Setting next_dagrun for dataset_consumes_1_never_scheduled to None, run_after=None
[2026-06-01T12:34:48.780+0000] {logging_mixin.py:188} INFO - [2026-06-01T12:34:48.780+0000] {dag.py:3954} INFO - Setting next_dagrun for dataset_consumes_unknown_never_scheduled to None, run_after=None
[2026-06-01T12:34:48.786+0000] {logging_mixin.py:188} INFO - [2026-06-01T12:34:48.786+0000] {dag.py:3954} INFO - Setting next_dagrun for dataset_produces_1 to 2026-05-31 00:00:00+00:00, run_after=2026-06-01 00:00:00+00:00
[2026-06-01T12:34:48.789+0000] {logging_mixin.py:188} INFO - [2026-06-01T12:34:48.789+0000] {dag.py:3954} INFO - Setting next_dagrun for dataset_produces_2 to None, run_after=None
[2026-06-01T12:34:48.886+0000] {processor.py:183} INFO - Processing /home/airflow/.local/lib/python3.11/site-packages/airflow/example_dags/example_datasets.py took 0.401 seconds
[2026-06-01T12:35:19.617+0000] {processor.py:161} INFO - Started process (PID=1520) to work on /home/airflow/.local/lib/python3.11/site-packages/airflow/example_dags/example_datasets.py
[2026-06-01T12:35:19.620+0000] {processor.py:830} INFO - Processing file /home/airflow/.local/lib/python3.11/site-packages/airflow/example_dags/example_datasets.py for tasks to queue
[2026-06-01T12:35:19.625+0000] {logging_mixin.py:188} INFO - [2026-06-01T12:35:19.623+0000] {dagbag.py:545} INFO - Filling up the DagBag from /home/airflow/.local/lib/python3.11/site-packages/airflow/example_dags/example_datasets.py
[2026-06-01T12:35:19.666+0000] {processor.py:840} INFO - DAG(s) 'dataset_produces_2', 'dataset_consumes_1_and_2', 'consume_1_and_2_with_dataset_expressions', 'dataset_consumes_unknown_never_scheduled', 'conditional_dataset_and_time_based_timetable', 'dataset_consumes_1_never_scheduled', 'consume_1_or_2_with_dataset_expressions', 'dataset_consumes_1', 'dataset_produces_1', 'consume_1_or_both_2_and_3_with_dataset_expressions' retrieved from /home/airflow/.local/lib/python3.11/site-packages/airflow/example_dags/example_datasets.py
[2026-06-01T12:35:19.869+0000] {logging_mixin.py:188} INFO - [2026-06-01T12:35:19.869+0000] {dag.py:3096} INFO - Sync 10 DAGs
[2026-06-01T12:35:19.968+0000] {logging_mixin.py:188} INFO - [2026-06-01T12:35:19.968+0000] {dag.py:3954} INFO - Setting next_dagrun for conditional_dataset_and_time_based_timetable to 2026-05-27 01:00:00+00:00, run_after=2026-05-27 01:00:00+00:00
[2026-06-01T12:35:19.976+0000] {logging_mixin.py:188} INFO - [2026-06-01T12:35:19.976+0000] {dag.py:3954} INFO - Setting next_dagrun for consume_1_and_2_with_dataset_expressions to None, run_after=None
[2026-06-01T12:35:19.981+0000] {logging_mixin.py:188} INFO - [2026-06-01T12:35:19.980+0000] {dag.py:3954} INFO - Setting next_dagrun for consume_1_or_2_with_dataset_expressions to None, run_after=None
[2026-06-01T12:35:19.985+0000] {logging_mixin.py:188} INFO - [2026-06-01T12:35:19.984+0000] {dag.py:3954} INFO - Setting next_dagrun for consume_1_or_both_2_and_3_with_dataset_expressions to None, run_after=None
[2026-06-01T12:35:19.988+0000] {logging_mixin.py:188} INFO - [2026-06-01T12:35:19.987+0000] {dag.py:3954} INFO - Setting next_dagrun for dataset_consumes_1 to None, run_after=None
[2026-06-01T12:35:19.991+0000] {logging_mixin.py:188} INFO - [2026-06-01T12:35:19.990+0000] {dag.py:3954} INFO - Setting next_dagrun for dataset_consumes_1_and_2 to None, run_after=None
[2026-06-01T12:35:19.994+0000] {logging_mixin.py:188} INFO - [2026-06-01T12:35:19.994+0000] {dag.py:3954} INFO - Setting next_dagrun for dataset_consumes_1_never_scheduled to None, run_after=None
[2026-06-01T12:35:19.999+0000] {logging_mixin.py:188} INFO - [2026-06-01T12:35:19.998+0000] {dag.py:3954} INFO - Setting next_dagrun for dataset_consumes_unknown_never_scheduled to None, run_after=None
[2026-06-01T12:35:20.004+0000] {logging_mixin.py:188} INFO - [2026-06-01T12:35:20.004+0000] {dag.py:3954} INFO - Setting next_dagrun for dataset_produces_1 to 2026-05-31 00:00:00+00:00, run_after=2026-06-01 00:00:00+00:00
[2026-06-01T12:35:20.008+0000] {logging_mixin.py:188} INFO - [2026-06-01T12:35:20.008+0000] {dag.py:3954} INFO - Setting next_dagrun for dataset_produces_2 to None, run_after=None
[2026-06-01T12:35:20.088+0000] {processor.py:183} INFO - Processing /home/airflow/.local/lib/python3.11/site-packages/airflow/example_dags/example_datasets.py took 0.490 seconds
[2026-06-01T12:35:50.360+0000] {processor.py:161} INFO - Started process (PID=1793) to work on /home/airflow/.local/lib/python3.11/site-packages/airflow/example_dags/example_datasets.py
[2026-06-01T12:35:50.365+0000] {processor.py:830} INFO - Processing file /home/airflow/.local/lib/python3.11/site-packages/airflow/example_dags/example_datasets.py for tasks to queue
[2026-06-01T12:35:50.370+0000] {logging_mixin.py:188} INFO - [2026-06-01T12:35:50.369+0000] {dagbag.py:545} INFO - Filling up the DagBag from /home/airflow/.local/lib/python3.11/site-packages/airflow/example_dags/example_datasets.py
[2026-06-01T12:35:50.404+0000] {processor.py:840} INFO - DAG(s) 'consume_1_or_2_with_dataset_expressions', 'consume_1_and_2_with_dataset_expressions', 'dataset_consumes_unknown_never_scheduled', 'dataset_produces_1', 'conditional_dataset_and_time_based_timetable', 'dataset_consumes_1_never_scheduled', 'consume_1_or_both_2_and_3_with_dataset_expressions', 'dataset_consumes_1', 'dataset_produces_2', 'dataset_consumes_1_and_2' retrieved from /home/airflow/.local/lib/python3.11/site-packages/airflow/example_dags/example_datasets.py
[2026-06-01T12:35:50.522+0000] {logging_mixin.py:188} INFO - [2026-06-01T12:35:50.522+0000] {dag.py:3096} INFO - Sync 10 DAGs
[2026-06-01T12:35:50.586+0000] {logging_mixin.py:188} INFO - [2026-06-01T12:35:50.586+0000] {dag.py:3954} INFO - Setting next_dagrun for conditional_dataset_and_time_based_timetable to 2026-05-27 01:00:00+00:00, run_after=2026-05-27 01:00:00+00:00
[2026-06-01T12:35:50.597+0000] {logging_mixin.py:188} INFO - [2026-06-01T12:35:50.596+0000] {dag.py:3954} INFO - Setting next_dagrun for consume_1_and_2_with_dataset_expressions to None, run_after=None
[2026-06-01T12:35:50.602+0000] {logging_mixin.py:188} INFO - [2026-06-01T12:35:50.602+0000] {dag.py:3954} INFO - Setting next_dagrun for consume_1_or_2_with_dataset_expressions to None, run_after=None
[2026-06-01T12:35:50.607+0000] {logging_mixin.py:188} INFO - [2026-06-01T12:35:50.607+0000] {dag.py:3954} INFO - Setting next_dagrun for consume_1_or_both_2_and_3_with_dataset_expressions to None, run_after=None
[2026-06-01T12:35:50.610+0000] {logging_mixin.py:188} INFO - [2026-06-01T12:35:50.610+0000] {dag.py:3954} INFO - Setting next_dagrun for dataset_consumes_1 to None, run_after=None
[2026-06-01T12:35:50.615+0000] {logging_mixin.py:188} INFO - [2026-06-01T12:35:50.614+0000] {dag.py:3954} INFO - Setting next_dagrun for dataset_consumes_1_and_2 to None, run_after=None
[2026-06-01T12:35:50.618+0000] {logging_mixin.py:188} INFO - [2026-06-01T12:35:50.617+0000] {dag.py:3954} INFO - Setting next_dagrun for dataset_consumes_1_never_scheduled to None, run_after=None
[2026-06-01T12:35:50.621+0000] {logging_mixin.py:188} INFO - [2026-06-01T12:35:50.620+0000] {dag.py:3954} INFO - Setting next_dagrun for dataset_consumes_unknown_never_scheduled to None, run_after=None
[2026-06-01T12:35:50.627+0000] {logging_mixin.py:188} INFO - [2026-06-01T12:35:50.626+0000] {dag.py:3954} INFO - Setting next_dagrun for dataset_produces_1 to 2026-05-31 00:00:00+00:00, run_after=2026-06-01 00:00:00+00:00
[2026-06-01T12:35:50.629+0000] {logging_mixin.py:188} INFO - [2026-06-01T12:35:50.629+0000] {dag.py:3954} INFO - Setting next_dagrun for dataset_produces_2 to None, run_after=None
[2026-06-01T12:35:50.716+0000] {processor.py:183} INFO - Processing /home/airflow/.local/lib/python3.11/site-packages/airflow/example_dags/example_datasets.py took 0.377 seconds
[2026-06-01T12:36:20.788+0000] {processor.py:161} INFO - Started process (PID=2097) to work on /home/airflow/.local/lib/python3.11/site-packages/airflow/example_dags/example_datasets.py
[2026-06-01T12:36:20.791+0000] {processor.py:830} INFO - Processing file /home/airflow/.local/lib/python3.11/site-packages/airflow/example_dags/example_datasets.py for tasks to queue
[2026-06-01T12:36:20.795+0000] {logging_mixin.py:188} INFO - [2026-06-01T12:36:20.794+0000] {dagbag.py:545} INFO - Filling up the DagBag from /home/airflow/.local/lib/python3.11/site-packages/airflow/example_dags/example_datasets.py
[2026-06-01T12:36:20.823+0000] {processor.py:840} INFO - DAG(s) 'dataset_consumes_1_never_scheduled', 'dataset_produces_1', 'dataset_consumes_unknown_never_scheduled', 'consume_1_and_2_with_dataset_expressions', 'dataset_consumes_1_and_2', 'dataset_consumes_1', 'consume_1_or_both_2_and_3_with_dataset_expressions', 'conditional_dataset_and_time_based_timetable', 'dataset_produces_2', 'consume_1_or_2_with_dataset_expressions' retrieved from /home/airflow/.local/lib/python3.11/site-packages/airflow/example_dags/example_datasets.py
[2026-06-01T12:36:20.921+0000] {logging_mixin.py:188} INFO - [2026-06-01T12:36:20.921+0000] {dag.py:3096} INFO - Sync 10 DAGs
[2026-06-01T12:36:20.971+0000] {logging_mixin.py:188} INFO - [2026-06-01T12:36:20.970+0000] {dag.py:3954} INFO - Setting next_dagrun for conditional_dataset_and_time_based_timetable to 2026-05-27 01:00:00+00:00, run_after=2026-05-27 01:00:00+00:00
[2026-06-01T12:36:20.978+0000] {logging_mixin.py:188} INFO - [2026-06-01T12:36:20.978+0000] {dag.py:3954} INFO - Setting next_dagrun for consume_1_and_2_with_dataset_expressions to None, run_after=None
[2026-06-01T12:36:20.983+0000] {logging_mixin.py:188} INFO - [2026-06-01T12:36:20.982+0000] {dag.py:3954} INFO - Setting next_dagrun for consume_1_or_2_with_dataset_expressions to None, run_after=None
[2026-06-01T12:36:20.986+0000] {logging_mixin.py:188} INFO - [2026-06-01T12:36:20.985+0000] {dag.py:3954} INFO - Setting next_dagrun for consume_1_or_both_2_and_3_with_dataset_expressions to None, run_after=None
[2026-06-01T12:36:20.989+0000] {logging_mixin.py:188} INFO - [2026-06-01T12:36:20.989+0000] {dag.py:3954} INFO - Setting next_dagrun for dataset_consumes_1 to None, run_after=None
[2026-06-01T12:36:20.992+0000] {logging_mixin.py:188} INFO - [2026-06-01T12:36:20.991+0000] {dag.py:3954} INFO - Setting next_dagrun for dataset_consumes_1_and_2 to None, run_after=None
[2026-06-01T12:36:20.995+0000] {logging_mixin.py:188} INFO - [2026-06-01T12:36:20.994+0000] {dag.py:3954} INFO - Setting next_dagrun for dataset_consumes_1_never_scheduled to None, run_after=None
[2026-06-01T12:36:20.998+0000] {logging_mixin.py:188} INFO - [2026-06-01T12:36:20.998+0000] {dag.py:3954} INFO - Setting next_dagrun for dataset_consumes_unknown_never_scheduled to None, run_after=None
[2026-06-01T12:36:21.003+0000] {logging_mixin.py:188} INFO - [2026-06-01T12:36:21.003+0000] {dag.py:3954} INFO - Setting next_dagrun for dataset_produces_1 to 2026-05-31 00:00:00+00:00, run_after=2026-06-01 00:00:00+00:00
[2026-06-01T12:36:21.006+0000] {logging_mixin.py:188} INFO - [2026-06-01T12:36:21.006+0000] {dag.py:3954} INFO - Setting next_dagrun for dataset_produces_2 to None, run_after=None
[2026-06-01T12:36:21.077+0000] {processor.py:183} INFO - Processing /home/airflow/.local/lib/python3.11/site-packages/airflow/example_dags/example_datasets.py took 0.302 seconds
[2026-06-01T12:36:51.318+0000] {processor.py:161} INFO - Started process (PID=2371) to work on /home/airflow/.local/lib/python3.11/site-packages/airflow/example_dags/example_datasets.py
[2026-06-01T12:36:51.325+0000] {processor.py:830} INFO - Processing file /home/airflow/.local/lib/python3.11/site-packages/airflow/example_dags/example_datasets.py for tasks to queue
[2026-06-01T12:36:51.331+0000] {logging_mixin.py:188} INFO - [2026-06-01T12:36:51.330+0000] {dagbag.py:545} INFO - Filling up the DagBag from /home/airflow/.local/lib/python3.11/site-packages/airflow/example_dags/example_datasets.py
[2026-06-01T12:36:51.373+0000] {processor.py:840} INFO - DAG(s) 'dataset_consumes_1_and_2', 'dataset_consumes_1', 'consume_1_or_2_with_dataset_expressions', 'dataset_consumes_unknown_never_scheduled', 'consume_1_or_both_2_and_3_with_dataset_expressions', 'dataset_consumes_1_never_scheduled', 'dataset_produces_2', 'consume_1_and_2_with_dataset_expressions', 'dataset_produces_1', 'conditional_dataset_and_time_based_timetable' retrieved from /home/airflow/.local/lib/python3.11/site-packages/airflow/example_dags/example_datasets.py
[2026-06-01T12:36:51.534+0000] {logging_mixin.py:188} INFO - [2026-06-01T12:36:51.533+0000] {dag.py:3096} INFO - Sync 10 DAGs
[2026-06-01T12:36:51.622+0000] {logging_mixin.py:188} INFO - [2026-06-01T12:36:51.621+0000] {dag.py:3954} INFO - Setting next_dagrun for conditional_dataset_and_time_based_timetable to 2026-05-27 01:00:00+00:00, run_after=2026-05-27 01:00:00+00:00
[2026-06-01T12:36:51.638+0000] {logging_mixin.py:188} INFO - [2026-06-01T12:36:51.638+0000] {dag.py:3954} INFO - Setting next_dagrun for consume_1_and_2_with_dataset_expressions to None, run_after=None
[2026-06-01T12:36:51.644+0000] {logging_mixin.py:188} INFO - [2026-06-01T12:36:51.644+0000] {dag.py:3954} INFO - Setting next_dagrun for consume_1_or_2_with_dataset_expressions to None, run_after=None
[2026-06-01T12:36:51.660+0000] {logging_mixin.py:188} INFO - [2026-06-01T12:36:51.659+0000] {dag.py:3954} INFO - Setting next_dagrun for consume_1_or_both_2_and_3_with_dataset_expressions to None, run_after=None
[2026-06-01T12:36:51.663+0000] {logging_mixin.py:188} INFO - [2026-06-01T12:36:51.663+0000] {dag.py:3954} INFO - Setting next_dagrun for dataset_consumes_1 to None, run_after=None
[2026-06-01T12:36:51.669+0000] {logging_mixin.py:188} INFO - [2026-06-01T12:36:51.669+0000] {dag.py:3954} INFO - Setting next_dagrun for dataset_consumes_1_and_2 to None, run_after=None
[2026-06-01T12:36:51.680+0000] {logging_mixin.py:188} INFO - [2026-06-01T12:36:51.679+0000] {dag.py:3954} INFO - Setting next_dagrun for dataset_consumes_1_never_scheduled to None, run_after=None
[2026-06-01T12:36:51.683+0000] {logging_mixin.py:188} INFO - [2026-06-01T12:36:51.683+0000] {dag.py:3954} INFO - Setting next_dagrun for dataset_consumes_unknown_never_scheduled to None, run_after=None
[2026-06-01T12:36:51.690+0000] {logging_mixin.py:188} INFO - [2026-06-01T12:36:51.690+0000] {dag.py:3954} INFO - Setting next_dagrun for dataset_produces_1 to 2026-05-31 00:00:00+00:00, run_after=2026-06-01 00:00:00+00:00
[2026-06-01T12:36:51.696+0000] {logging_mixin.py:188} INFO - [2026-06-01T12:36:51.695+0000] {dag.py:3954} INFO - Setting next_dagrun for dataset_produces_2 to None, run_after=None
[2026-06-01T12:36:51.813+0000] {processor.py:183} INFO - Processing /home/airflow/.local/lib/python3.11/site-packages/airflow/example_dags/example_datasets.py took 0.515 seconds
[2026-06-01T12:37:21.910+0000] {processor.py:161} INFO - Started process (PID=2650) to work on /home/airflow/.local/lib/python3.11/site-packages/airflow/example_dags/example_datasets.py
[2026-06-01T12:37:21.912+0000] {processor.py:830} INFO - Processing file /home/airflow/.local/lib/python3.11/site-packages/airflow/example_dags/example_datasets.py for tasks to queue
[2026-06-01T12:37:21.918+0000] {logging_mixin.py:188} INFO - [2026-06-01T12:37:21.917+0000] {dagbag.py:545} INFO - Filling up the DagBag from /home/airflow/.local/lib/python3.11/site-packages/airflow/example_dags/example_datasets.py
[2026-06-01T12:37:21.945+0000] {processor.py:840} INFO - DAG(s) 'dataset_produces_2', 'consume_1_or_both_2_and_3_with_dataset_expressions', 'conditional_dataset_and_time_based_timetable', 'dataset_consumes_unknown_never_scheduled', 'dataset_consumes_1', 'consume_1_and_2_with_dataset_expressions', 'dataset_consumes_1_and_2', 'dataset_consumes_1_never_scheduled', 'dataset_produces_1', 'consume_1_or_2_with_dataset_expressions' retrieved from /home/airflow/.local/lib/python3.11/site-packages/airflow/example_dags/example_datasets.py
[2026-06-01T12:37:22.043+0000] {logging_mixin.py:188} INFO - [2026-06-01T12:37:22.042+0000] {dag.py:3096} INFO - Sync 10 DAGs
[2026-06-01T12:37:22.095+0000] {logging_mixin.py:188} INFO - [2026-06-01T12:37:22.094+0000] {dag.py:3954} INFO - Setting next_dagrun for conditional_dataset_and_time_based_timetable to 2026-05-27 01:00:00+00:00, run_after=2026-05-27 01:00:00+00:00
[2026-06-01T12:37:22.106+0000] {logging_mixin.py:188} INFO - [2026-06-01T12:37:22.106+0000] {dag.py:3954} INFO - Setting next_dagrun for consume_1_and_2_with_dataset_expressions to None, run_after=None
[2026-06-01T12:37:22.109+0000] {logging_mixin.py:188} INFO - [2026-06-01T12:37:22.109+0000] {dag.py:3954} INFO - Setting next_dagrun for consume_1_or_2_with_dataset_expressions to None, run_after=None
[2026-06-01T12:37:22.114+0000] {logging_mixin.py:188} INFO - [2026-06-01T12:37:22.113+0000] {dag.py:3954} INFO - Setting next_dagrun for consume_1_or_both_2_and_3_with_dataset_expressions to None, run_after=None
[2026-06-01T12:37:22.117+0000] {logging_mixin.py:188} INFO - [2026-06-01T12:37:22.116+0000] {dag.py:3954} INFO - Setting next_dagrun for dataset_consumes_1 to None, run_after=None
[2026-06-01T12:37:22.119+0000] {logging_mixin.py:188} INFO - [2026-06-01T12:37:22.118+0000] {dag.py:3954} INFO - Setting next_dagrun for dataset_consumes_1_and_2 to None, run_after=None
[2026-06-01T12:37:22.121+0000] {logging_mixin.py:188} INFO - [2026-06-01T12:37:22.120+0000] {dag.py:3954} INFO - Setting next_dagrun for dataset_consumes_1_never_scheduled to None, run_after=None
[2026-06-01T12:37:22.123+0000] {logging_mixin.py:188} INFO - [2026-06-01T12:37:22.123+0000] {dag.py:3954} INFO - Setting next_dagrun for dataset_consumes_unknown_never_scheduled to None, run_after=None
[2026-06-01T12:37:22.126+0000] {logging_mixin.py:188} INFO - [2026-06-01T12:37:22.126+0000] {dag.py:3954} INFO - Setting next_dagrun for dataset_produces_1 to 2026-05-31 00:00:00+00:00, run_after=2026-06-01 00:00:00+00:00
[2026-06-01T12:37:22.129+0000] {logging_mixin.py:188} INFO - [2026-06-01T12:37:22.129+0000] {dag.py:3954} INFO - Setting next_dagrun for dataset_produces_2 to None, run_after=None
[2026-06-01T12:37:22.196+0000] {processor.py:183} INFO - Processing /home/airflow/.local/lib/python3.11/site-packages/airflow/example_dags/example_datasets.py took 0.305 seconds
[2026-06-01T12:37:52.641+0000] {processor.py:161} INFO - Started process (PID=2929) to work on /home/airflow/.local/lib/python3.11/site-packages/airflow/example_dags/example_datasets.py
[2026-06-01T12:37:52.643+0000] {processor.py:830} INFO - Processing file /home/airflow/.local/lib/python3.11/site-packages/airflow/example_dags/example_datasets.py for tasks to queue
[2026-06-01T12:37:52.647+0000] {logging_mixin.py:188} INFO - [2026-06-01T12:37:52.646+0000] {dagbag.py:545} INFO - Filling up the DagBag from /home/airflow/.local/lib/python3.11/site-packages/airflow/example_dags/example_datasets.py
[2026-06-01T12:37:52.677+0000] {processor.py:840} INFO - DAG(s) 'consume_1_or_both_2_and_3_with_dataset_expressions', 'dataset_consumes_unknown_never_scheduled', 'dataset_produces_1', 'consume_1_or_2_with_dataset_expressions', 'conditional_dataset_and_time_based_timetable', 'consume_1_and_2_with_dataset_expressions', 'dataset_consumes_1_and_2', 'dataset_produces_2', 'dataset_consumes_1', 'dataset_consumes_1_never_scheduled' retrieved from /home/airflow/.local/lib/python3.11/site-packages/airflow/example_dags/example_datasets.py
[2026-06-01T12:37:52.764+0000] {logging_mixin.py:188} INFO - [2026-06-01T12:37:52.764+0000] {dag.py:3096} INFO - Sync 10 DAGs
[2026-06-01T12:37:52.814+0000] {logging_mixin.py:188} INFO - [2026-06-01T12:37:52.814+0000] {dag.py:3954} INFO - Setting next_dagrun for conditional_dataset_and_time_based_timetable to 2026-05-27 01:00:00+00:00, run_after=2026-05-27 01:00:00+00:00
[2026-06-01T12:37:52.822+0000] {logging_mixin.py:188} INFO - [2026-06-01T12:37:52.821+0000] {dag.py:3954} INFO - Setting next_dagrun for consume_1_and_2_with_dataset_expressions to None, run_after=None
[2026-06-01T12:37:52.825+0000] {logging_mixin.py:188} INFO - [2026-06-01T12:37:52.825+0000] {dag.py:3954} INFO - Setting next_dagrun for consume_1_or_2_with_dataset_expressions to None, run_after=None
[2026-06-01T12:37:52.828+0000] {logging_mixin.py:188} INFO - [2026-06-01T12:37:52.828+0000] {dag.py:3954} INFO - Setting next_dagrun for consume_1_or_both_2_and_3_with_dataset_expressions to None, run_after=None
[2026-06-01T12:37:52.831+0000] {logging_mixin.py:188} INFO - [2026-06-01T12:37:52.831+0000] {dag.py:3954} INFO - Setting next_dagrun for dataset_consumes_1 to None, run_after=None
[2026-06-01T12:37:52.833+0000] {logging_mixin.py:188} INFO - [2026-06-01T12:37:52.833+0000] {dag.py:3954} INFO - Setting next_dagrun for dataset_consumes_1_and_2 to None, run_after=None
[2026-06-01T12:37:52.835+0000] {logging_mixin.py:188} INFO - [2026-06-01T12:37:52.835+0000] {dag.py:3954} INFO - Setting next_dagrun for dataset_consumes_1_never_scheduled to None, run_after=None
[2026-06-01T12:37:52.838+0000] {logging_mixin.py:188} INFO - [2026-06-01T12:37:52.837+0000] {dag.py:3954} INFO - Setting next_dagrun for dataset_consumes_unknown_never_scheduled to None, run_after=None
[2026-06-01T12:37:52.843+0000] {logging_mixin.py:188} INFO - [2026-06-01T12:37:52.843+0000] {dag.py:3954} INFO - Setting next_dagrun for dataset_produces_1 to 2026-05-31 00:00:00+00:00, run_after=2026-06-01 00:00:00+00:00
[2026-06-01T12:37:52.846+0000] {logging_mixin.py:188} INFO - [2026-06-01T12:37:52.845+0000] {dag.py:3954} INFO - Setting next_dagrun for dataset_produces_2 to None, run_after=None
[2026-06-01T12:37:52.908+0000] {processor.py:183} INFO - Processing /home/airflow/.local/lib/python3.11/site-packages/airflow/example_dags/example_datasets.py took 0.280 seconds
[2026-06-01T12:38:23.452+0000] {processor.py:161} INFO - Started process (PID=3200) to work on /home/airflow/.local/lib/python3.11/site-packages/airflow/example_dags/example_datasets.py
[2026-06-01T12:38:23.460+0000] {processor.py:830} INFO - Processing file /home/airflow/.local/lib/python3.11/site-packages/airflow/example_dags/example_datasets.py for tasks to queue
[2026-06-01T12:38:23.466+0000] {logging_mixin.py:188} INFO - [2026-06-01T12:38:23.465+0000] {dagbag.py:545} INFO - Filling up the DagBag from /home/airflow/.local/lib/python3.11/site-packages/airflow/example_dags/example_datasets.py
[2026-06-01T12:38:23.508+0000] {processor.py:840} INFO - DAG(s) 'dataset_consumes_1_and_2', 'consume_1_or_2_with_dataset_expressions', 'conditional_dataset_and_time_based_timetable', 'consume_1_or_both_2_and_3_with_dataset_expressions', 'dataset_consumes_1', 'dataset_consumes_1_never_scheduled', 'dataset_produces_2', 'consume_1_and_2_with_dataset_expressions', 'dataset_produces_1', 'dataset_consumes_unknown_never_scheduled' retrieved from /home/airflow/.local/lib/python3.11/site-packages/airflow/example_dags/example_datasets.py
[2026-06-01T12:38:23.632+0000] {logging_mixin.py:188} INFO - [2026-06-01T12:38:23.631+0000] {dag.py:3096} INFO - Sync 10 DAGs
[2026-06-01T12:38:23.730+0000] {logging_mixin.py:188} INFO - [2026-06-01T12:38:23.730+0000] {dag.py:3954} INFO - Setting next_dagrun for conditional_dataset_and_time_based_timetable to 2026-05-27 01:00:00+00:00, run_after=2026-05-27 01:00:00+00:00
[2026-06-01T12:38:23.743+0000] {logging_mixin.py:188} INFO - [2026-06-01T12:38:23.742+0000] {dag.py:3954} INFO - Setting next_dagrun for consume_1_and_2_with_dataset_expressions to None, run_after=None
[2026-06-01T12:38:23.748+0000] {logging_mixin.py:188} INFO - [2026-06-01T12:38:23.748+0000] {dag.py:3954} INFO - Setting next_dagrun for consume_1_or_2_with_dataset_expressions to None, run_after=None
[2026-06-01T12:38:23.753+0000] {logging_mixin.py:188} INFO - [2026-06-01T12:38:23.753+0000] {dag.py:3954} INFO - Setting next_dagrun for consume_1_or_both_2_and_3_with_dataset_expressions to None, run_after=None
[2026-06-01T12:38:23.757+0000] {logging_mixin.py:188} INFO - [2026-06-01T12:38:23.756+0000] {dag.py:3954} INFO - Setting next_dagrun for dataset_consumes_1 to None, run_after=None
[2026-06-01T12:38:23.762+0000] {logging_mixin.py:188} INFO - [2026-06-01T12:38:23.761+0000] {dag.py:3954} INFO - Setting next_dagrun for dataset_consumes_1_and_2 to None, run_after=None
[2026-06-01T12:38:23.768+0000] {logging_mixin.py:188} INFO - [2026-06-01T12:38:23.768+0000] {dag.py:3954} INFO - Setting next_dagrun for dataset_consumes_1_never_scheduled to None, run_after=None
[2026-06-01T12:38:23.773+0000] {logging_mixin.py:188} INFO - [2026-06-01T12:38:23.773+0000] {dag.py:3954} INFO - Setting next_dagrun for dataset_consumes_unknown_never_scheduled to None, run_after=None
[2026-06-01T12:38:23.782+0000] {logging_mixin.py:188} INFO - [2026-06-01T12:38:23.782+0000] {dag.py:3954} INFO - Setting next_dagrun for dataset_produces_1 to 2026-05-31 00:00:00+00:00, run_after=2026-06-01 00:00:00+00:00
[2026-06-01T12:38:23.791+0000] {logging_mixin.py:188} INFO - [2026-06-01T12:38:23.790+0000] {dag.py:3954} INFO - Setting next_dagrun for dataset_produces_2 to None, run_after=None
[2026-06-01T12:38:23.934+0000] {processor.py:183} INFO - Processing /home/airflow/.local/lib/python3.11/site-packages/airflow/example_dags/example_datasets.py took 0.498 seconds
[2026-06-01T12:38:54.173+0000] {processor.py:161} INFO - Started process (PID=3476) to work on /home/airflow/.local/lib/python3.11/site-packages/airflow/example_dags/example_datasets.py
[2026-06-01T12:38:54.175+0000] {processor.py:830} INFO - Processing file /home/airflow/.local/lib/python3.11/site-packages/airflow/example_dags/example_datasets.py for tasks to queue
[2026-06-01T12:38:54.186+0000] {logging_mixin.py:188} INFO - [2026-06-01T12:38:54.184+0000] {dagbag.py:545} INFO - Filling up the DagBag from /home/airflow/.local/lib/python3.11/site-packages/airflow/example_dags/example_datasets.py
[2026-06-01T12:38:54.215+0000] {processor.py:840} INFO - DAG(s) 'dataset_consumes_1', 'dataset_produces_2', 'dataset_consumes_unknown_never_scheduled', 'consume_1_and_2_with_dataset_expressions', 'consume_1_or_2_with_dataset_expressions', 'consume_1_or_both_2_and_3_with_dataset_expressions', 'conditional_dataset_and_time_based_timetable', 'dataset_consumes_1_and_2', 'dataset_produces_1', 'dataset_consumes_1_never_scheduled' retrieved from /home/airflow/.local/lib/python3.11/site-packages/airflow/example_dags/example_datasets.py
[2026-06-01T12:38:54.317+0000] {logging_mixin.py:188} INFO - [2026-06-01T12:38:54.316+0000] {dag.py:3096} INFO - Sync 10 DAGs
[2026-06-01T12:38:54.375+0000] {logging_mixin.py:188} INFO - [2026-06-01T12:38:54.375+0000] {dag.py:3954} INFO - Setting next_dagrun for conditional_dataset_and_time_based_timetable to 2026-05-27 01:00:00+00:00, run_after=2026-05-27 01:00:00+00:00
[2026-06-01T12:38:54.384+0000] {logging_mixin.py:188} INFO - [2026-06-01T12:38:54.383+0000] {dag.py:3954} INFO - Setting next_dagrun for consume_1_and_2_with_dataset_expressions to None, run_after=None
[2026-06-01T12:38:54.388+0000] {logging_mixin.py:188} INFO - [2026-06-01T12:38:54.388+0000] {dag.py:3954} INFO - Setting next_dagrun for consume_1_or_2_with_dataset_expressions to None, run_after=None
[2026-06-01T12:38:54.391+0000] {logging_mixin.py:188} INFO - [2026-06-01T12:38:54.391+0000] {dag.py:3954} INFO - Setting next_dagrun for consume_1_or_both_2_and_3_with_dataset_expressions to None, run_after=None
[2026-06-01T12:38:54.394+0000] {logging_mixin.py:188} INFO - [2026-06-01T12:38:54.394+0000] {dag.py:3954} INFO - Setting next_dagrun for dataset_consumes_1 to None, run_after=None
[2026-06-01T12:38:54.397+0000] {logging_mixin.py:188} INFO - [2026-06-01T12:38:54.397+0000] {dag.py:3954} INFO - Setting next_dagrun for dataset_consumes_1_and_2 to None, run_after=None
[2026-06-01T12:38:54.399+0000] {logging_mixin.py:188} INFO - [2026-06-01T12:38:54.399+0000] {dag.py:3954} INFO - Setting next_dagrun for dataset_consumes_1_never_scheduled to None, run_after=None
[2026-06-01T12:38:54.401+0000] {logging_mixin.py:188} INFO - [2026-06-01T12:38:54.401+0000] {dag.py:3954} INFO - Setting next_dagrun for dataset_consumes_unknown_never_scheduled to None, run_after=None
[2026-06-01T12:38:54.406+0000] {logging_mixin.py:188} INFO - [2026-06-01T12:38:54.405+0000] {dag.py:3954} INFO - Setting next_dagrun for dataset_produces_1 to 2026-05-31 00:00:00+00:00, run_after=2026-06-01 00:00:00+00:00
[2026-06-01T12:38:54.408+0000] {logging_mixin.py:188} INFO - [2026-06-01T12:38:54.408+0000] {dag.py:3954} INFO - Setting next_dagrun for dataset_produces_2 to None, run_after=None
[2026-06-01T12:38:54.482+0000] {processor.py:183} INFO - Processing /home/airflow/.local/lib/python3.11/site-packages/airflow/example_dags/example_datasets.py took 0.345 seconds
[2026-06-01T12:39:24.843+0000] {processor.py:161} INFO - Started process (PID=3752) to work on /home/airflow/.local/lib/python3.11/site-packages/airflow/example_dags/example_datasets.py
[2026-06-01T12:39:24.845+0000] {processor.py:830} INFO - Processing file /home/airflow/.local/lib/python3.11/site-packages/airflow/example_dags/example_datasets.py for tasks to queue
[2026-06-01T12:39:24.849+0000] {logging_mixin.py:188} INFO - [2026-06-01T12:39:24.848+0000] {dagbag.py:545} INFO - Filling up the DagBag from /home/airflow/.local/lib/python3.11/site-packages/airflow/example_dags/example_datasets.py
[2026-06-01T12:39:24.876+0000] {processor.py:840} INFO - DAG(s) 'conditional_dataset_and_time_based_timetable', 'consume_1_or_2_with_dataset_expressions', 'consume_1_and_2_with_dataset_expressions', 'dataset_produces_2', 'dataset_consumes_unknown_never_scheduled', 'dataset_produces_1', 'dataset_consumes_1_and_2', 'dataset_consumes_1_never_scheduled', 'consume_1_or_both_2_and_3_with_dataset_expressions', 'dataset_consumes_1' retrieved from /home/airflow/.local/lib/python3.11/site-packages/airflow/example_dags/example_datasets.py
[2026-06-01T12:39:24.976+0000] {logging_mixin.py:188} INFO - [2026-06-01T12:39:24.975+0000] {dag.py:3096} INFO - Sync 10 DAGs
[2026-06-01T12:39:25.029+0000] {logging_mixin.py:188} INFO - [2026-06-01T12:39:25.028+0000] {dag.py:3954} INFO - Setting next_dagrun for conditional_dataset_and_time_based_timetable to 2026-05-27 01:00:00+00:00, run_after=2026-05-27 01:00:00+00:00
[2026-06-01T12:39:25.038+0000] {logging_mixin.py:188} INFO - [2026-06-01T12:39:25.037+0000] {dag.py:3954} INFO - Setting next_dagrun for consume_1_and_2_with_dataset_expressions to None, run_after=None
[2026-06-01T12:39:25.044+0000] {logging_mixin.py:188} INFO - [2026-06-01T12:39:25.043+0000] {dag.py:3954} INFO - Setting next_dagrun for consume_1_or_2_with_dataset_expressions to None, run_after=None
[2026-06-01T12:39:25.047+0000] {logging_mixin.py:188} INFO - [2026-06-01T12:39:25.046+0000] {dag.py:3954} INFO - Setting next_dagrun for consume_1_or_both_2_and_3_with_dataset_expressions to None, run_after=None
[2026-06-01T12:39:25.050+0000] {logging_mixin.py:188} INFO - [2026-06-01T12:39:25.049+0000] {dag.py:3954} INFO - Setting next_dagrun for dataset_consumes_1 to None, run_after=None
[2026-06-01T12:39:25.052+0000] {logging_mixin.py:188} INFO - [2026-06-01T12:39:25.052+0000] {dag.py:3954} INFO - Setting next_dagrun for dataset_consumes_1_and_2 to None, run_after=None
[2026-06-01T12:39:25.054+0000] {logging_mixin.py:188} INFO - [2026-06-01T12:39:25.054+0000] {dag.py:3954} INFO - Setting next_dagrun for dataset_consumes_1_never_scheduled to None, run_after=None
[2026-06-01T12:39:25.057+0000] {logging_mixin.py:188} INFO - [2026-06-01T12:39:25.057+0000] {dag.py:3954} INFO - Setting next_dagrun for dataset_consumes_unknown_never_scheduled to None, run_after=None
[2026-06-01T12:39:25.063+0000] {logging_mixin.py:188} INFO - [2026-06-01T12:39:25.062+0000] {dag.py:3954} INFO - Setting next_dagrun for dataset_produces_1 to 2026-05-31 00:00:00+00:00, run_after=2026-06-01 00:00:00+00:00
[2026-06-01T12:39:25.066+0000] {logging_mixin.py:188} INFO - [2026-06-01T12:39:25.066+0000] {dag.py:3954} INFO - Setting next_dagrun for dataset_produces_2 to None, run_after=None
[2026-06-01T12:39:25.135+0000] {processor.py:183} INFO - Processing /home/airflow/.local/lib/python3.11/site-packages/airflow/example_dags/example_datasets.py took 0.306 seconds
[2026-06-01T12:40:00.384+0000] {processor.py:161} INFO - Started process (PID=4084) to work on /home/airflow/.local/lib/python3.11/site-packages/airflow/example_dags/example_datasets.py
[2026-06-01T12:40:00.399+0000] {processor.py:830} INFO - Processing file /home/airflow/.local/lib/python3.11/site-packages/airflow/example_dags/example_datasets.py for tasks to queue
[2026-06-01T12:40:00.411+0000] {logging_mixin.py:188} INFO - [2026-06-01T12:40:00.410+0000] {dagbag.py:545} INFO - Filling up the DagBag from /home/airflow/.local/lib/python3.11/site-packages/airflow/example_dags/example_datasets.py
[2026-06-01T12:40:00.520+0000] {processor.py:840} INFO - DAG(s) 'dataset_consumes_1_never_scheduled', 'consume_1_and_2_with_dataset_expressions', 'dataset_consumes_1', 'consume_1_or_2_with_dataset_expressions', 'dataset_produces_1', 'dataset_consumes_unknown_never_scheduled', 'dataset_consumes_1_and_2', 'consume_1_or_both_2_and_3_with_dataset_expressions', 'dataset_produces_2', 'conditional_dataset_and_time_based_timetable' retrieved from /home/airflow/.local/lib/python3.11/site-packages/airflow/example_dags/example_datasets.py
[2026-06-01T12:40:00.644+0000] {logging_mixin.py:188} INFO - [2026-06-01T12:40:00.644+0000] {dag.py:3096} INFO - Sync 10 DAGs
[2026-06-01T12:40:00.770+0000] {logging_mixin.py:188} INFO - [2026-06-01T12:40:00.770+0000] {dag.py:3954} INFO - Setting next_dagrun for conditional_dataset_and_time_based_timetable to 2026-05-27 01:00:00+00:00, run_after=2026-05-27 01:00:00+00:00
[2026-06-01T12:40:00.790+0000] {logging_mixin.py:188} INFO - [2026-06-01T12:40:00.790+0000] {dag.py:3954} INFO - Setting next_dagrun for consume_1_and_2_with_dataset_expressions to None, run_after=None
[2026-06-01T12:40:00.815+0000] {logging_mixin.py:188} INFO - [2026-06-01T12:40:00.815+0000] {dag.py:3954} INFO - Setting next_dagrun for consume_1_or_2_with_dataset_expressions to None, run_after=None
[2026-06-01T12:40:00.830+0000] {logging_mixin.py:188} INFO - [2026-06-01T12:40:00.829+0000] {dag.py:3954} INFO - Setting next_dagrun for consume_1_or_both_2_and_3_with_dataset_expressions to None, run_after=None
[2026-06-01T12:40:00.847+0000] {logging_mixin.py:188} INFO - [2026-06-01T12:40:00.847+0000] {dag.py:3954} INFO - Setting next_dagrun for dataset_consumes_1 to None, run_after=None
[2026-06-01T12:40:00.865+0000] {logging_mixin.py:188} INFO - [2026-06-01T12:40:00.865+0000] {dag.py:3954} INFO - Setting next_dagrun for dataset_consumes_1_and_2 to None, run_after=None
[2026-06-01T12:40:00.898+0000] {logging_mixin.py:188} INFO - [2026-06-01T12:40:00.897+0000] {dag.py:3954} INFO - Setting next_dagrun for dataset_consumes_1_never_scheduled to None, run_after=None
[2026-06-01T12:40:00.913+0000] {logging_mixin.py:188} INFO - [2026-06-01T12:40:00.913+0000] {dag.py:3954} INFO - Setting next_dagrun for dataset_consumes_unknown_never_scheduled to None, run_after=None
[2026-06-01T12:40:00.917+0000] {logging_mixin.py:188} INFO - [2026-06-01T12:40:00.917+0000] {dag.py:3954} INFO - Setting next_dagrun for dataset_produces_1 to 2026-05-31 00:00:00+00:00, run_after=2026-06-01 00:00:00+00:00
[2026-06-01T12:40:00.930+0000] {logging_mixin.py:188} INFO - [2026-06-01T12:40:00.930+0000] {dag.py:3954} INFO - Setting next_dagrun for dataset_produces_2 to None, run_after=None
[2026-06-01T12:40:01.194+0000] {processor.py:183} INFO - Processing /home/airflow/.local/lib/python3.11/site-packages/airflow/example_dags/example_datasets.py took 0.841 seconds
[2026-06-01T12:40:32.005+0000] {processor.py:161} INFO - Started process (PID=4349) to work on /home/airflow/.local/lib/python3.11/site-packages/airflow/example_dags/example_datasets.py
[2026-06-01T12:40:32.012+0000] {processor.py:830} INFO - Processing file /home/airflow/.local/lib/python3.11/site-packages/airflow/example_dags/example_datasets.py for tasks to queue
[2026-06-01T12:40:32.027+0000] {logging_mixin.py:188} INFO - [2026-06-01T12:40:32.026+0000] {dagbag.py:545} INFO - Filling up the DagBag from /home/airflow/.local/lib/python3.11/site-packages/airflow/example_dags/example_datasets.py
[2026-06-01T12:40:32.185+0000] {processor.py:840} INFO - DAG(s) 'dataset_consumes_1', 'dataset_consumes_1_and_2', 'dataset_consumes_unknown_never_scheduled', 'consume_1_or_both_2_and_3_with_dataset_expressions', 'dataset_produces_2', 'dataset_consumes_1_never_scheduled', 'consume_1_or_2_with_dataset_expressions', 'conditional_dataset_and_time_based_timetable', 'consume_1_and_2_with_dataset_expressions', 'dataset_produces_1' retrieved from /home/airflow/.local/lib/python3.11/site-packages/airflow/example_dags/example_datasets.py
[2026-06-01T12:40:32.526+0000] {logging_mixin.py:188} INFO - [2026-06-01T12:40:32.526+0000] {dag.py:3096} INFO - Sync 10 DAGs
[2026-06-01T12:40:32.766+0000] {logging_mixin.py:188} INFO - [2026-06-01T12:40:32.755+0000] {dag.py:3954} INFO - Setting next_dagrun for conditional_dataset_and_time_based_timetable to 2026-05-27 01:00:00+00:00, run_after=2026-05-27 01:00:00+00:00
[2026-06-01T12:40:32.793+0000] {logging_mixin.py:188} INFO - [2026-06-01T12:40:32.793+0000] {dag.py:3954} INFO - Setting next_dagrun for consume_1_and_2_with_dataset_expressions to None, run_after=None
[2026-06-01T12:40:32.805+0000] {logging_mixin.py:188} INFO - [2026-06-01T12:40:32.805+0000] {dag.py:3954} INFO - Setting next_dagrun for consume_1_or_2_with_dataset_expressions to None, run_after=None
[2026-06-01T12:40:32.815+0000] {logging_mixin.py:188} INFO - [2026-06-01T12:40:32.815+0000] {dag.py:3954} INFO - Setting next_dagrun for consume_1_or_both_2_and_3_with_dataset_expressions to None, run_after=None
[2026-06-01T12:40:32.825+0000] {logging_mixin.py:188} INFO - [2026-06-01T12:40:32.825+0000] {dag.py:3954} INFO - Setting next_dagrun for dataset_consumes_1 to None, run_after=None
[2026-06-01T12:40:32.834+0000] {logging_mixin.py:188} INFO - [2026-06-01T12:40:32.834+0000] {dag.py:3954} INFO - Setting next_dagrun for dataset_consumes_1_and_2 to None, run_after=None
[2026-06-01T12:40:32.860+0000] {logging_mixin.py:188} INFO - [2026-06-01T12:40:32.859+0000] {dag.py:3954} INFO - Setting next_dagrun for dataset_consumes_1_never_scheduled to None, run_after=None
[2026-06-01T12:40:32.872+0000] {logging_mixin.py:188} INFO - [2026-06-01T12:40:32.872+0000] {dag.py:3954} INFO - Setting next_dagrun for dataset_consumes_unknown_never_scheduled to None, run_after=None
[2026-06-01T12:40:32.892+0000] {logging_mixin.py:188} INFO - [2026-06-01T12:40:32.892+0000] {dag.py:3954} INFO - Setting next_dagrun for dataset_produces_1 to 2026-05-31 00:00:00+00:00, run_after=2026-06-01 00:00:00+00:00
[2026-06-01T12:40:32.901+0000] {logging_mixin.py:188} INFO - [2026-06-01T12:40:32.900+0000] {dag.py:3954} INFO - Setting next_dagrun for dataset_produces_2 to None, run_after=None
[2026-06-01T12:40:33.083+0000] {processor.py:183} INFO - Processing /home/airflow/.local/lib/python3.11/site-packages/airflow/example_dags/example_datasets.py took 1.116 seconds
[2026-06-01T12:41:04.972+0000] {processor.py:161} INFO - Started process (PID=4625) to work on /home/airflow/.local/lib/python3.11/site-packages/airflow/example_dags/example_datasets.py
[2026-06-01T12:41:04.986+0000] {processor.py:830} INFO - Processing file /home/airflow/.local/lib/python3.11/site-packages/airflow/example_dags/example_datasets.py for tasks to queue
[2026-06-01T12:41:04.994+0000] {logging_mixin.py:188} INFO - [2026-06-01T12:41:04.993+0000] {dagbag.py:545} INFO - Filling up the DagBag from /home/airflow/.local/lib/python3.11/site-packages/airflow/example_dags/example_datasets.py
[2026-06-01T12:41:05.096+0000] {processor.py:840} INFO - DAG(s) 'dataset_produces_2', 'dataset_consumes_1_and_2', 'dataset_produces_1', 'consume_1_or_both_2_and_3_with_dataset_expressions', 'conditional_dataset_and_time_based_timetable', 'dataset_consumes_unknown_never_scheduled', 'consume_1_and_2_with_dataset_expressions', 'consume_1_or_2_with_dataset_expressions', 'dataset_consumes_1', 'dataset_consumes_1_never_scheduled' retrieved from /home/airflow/.local/lib/python3.11/site-packages/airflow/example_dags/example_datasets.py
[2026-06-01T12:41:05.313+0000] {logging_mixin.py:188} INFO - [2026-06-01T12:41:05.313+0000] {dag.py:3096} INFO - Sync 10 DAGs
[2026-06-01T12:41:05.366+0000] {logging_mixin.py:188} INFO - [2026-06-01T12:41:05.366+0000] {dag.py:3954} INFO - Setting next_dagrun for conditional_dataset_and_time_based_timetable to 2026-05-27 01:00:00+00:00, run_after=2026-05-27 01:00:00+00:00
[2026-06-01T12:41:05.374+0000] {logging_mixin.py:188} INFO - [2026-06-01T12:41:05.373+0000] {dag.py:3954} INFO - Setting next_dagrun for consume_1_and_2_with_dataset_expressions to None, run_after=None
[2026-06-01T12:41:05.382+0000] {logging_mixin.py:188} INFO - [2026-06-01T12:41:05.382+0000] {dag.py:3954} INFO - Setting next_dagrun for consume_1_or_2_with_dataset_expressions to None, run_after=None
[2026-06-01T12:41:05.386+0000] {logging_mixin.py:188} INFO - [2026-06-01T12:41:05.385+0000] {dag.py:3954} INFO - Setting next_dagrun for consume_1_or_both_2_and_3_with_dataset_expressions to None, run_after=None
[2026-06-01T12:41:05.395+0000] {logging_mixin.py:188} INFO - [2026-06-01T12:41:05.395+0000] {dag.py:3954} INFO - Setting next_dagrun for dataset_consumes_1 to None, run_after=None
[2026-06-01T12:41:05.409+0000] {logging_mixin.py:188} INFO - [2026-06-01T12:41:05.409+0000] {dag.py:3954} INFO - Setting next_dagrun for dataset_consumes_1_and_2 to None, run_after=None
[2026-06-01T12:41:05.411+0000] {logging_mixin.py:188} INFO - [2026-06-01T12:41:05.411+0000] {dag.py:3954} INFO - Setting next_dagrun for dataset_consumes_1_never_scheduled to None, run_after=None
[2026-06-01T12:41:05.437+0000] {logging_mixin.py:188} INFO - [2026-06-01T12:41:05.437+0000] {dag.py:3954} INFO - Setting next_dagrun for dataset_consumes_unknown_never_scheduled to None, run_after=None
[2026-06-01T12:41:05.448+0000] {logging_mixin.py:188} INFO - [2026-06-01T12:41:05.448+0000] {dag.py:3954} INFO - Setting next_dagrun for dataset_produces_1 to 2026-05-31 00:00:00+00:00, run_after=2026-06-01 00:00:00+00:00
[2026-06-01T12:41:05.459+0000] {logging_mixin.py:188} INFO - [2026-06-01T12:41:05.459+0000] {dag.py:3954} INFO - Setting next_dagrun for dataset_produces_2 to None, run_after=None
[2026-06-01T12:41:05.590+0000] {processor.py:183} INFO - Processing /home/airflow/.local/lib/python3.11/site-packages/airflow/example_dags/example_datasets.py took 0.669 seconds
[2026-06-01T12:41:45.767+0000] {processor.py:161} INFO - Started process (PID=4914) to work on /home/airflow/.local/lib/python3.11/site-packages/airflow/example_dags/example_datasets.py
[2026-06-01T12:41:45.815+0000] {processor.py:830} INFO - Processing file /home/airflow/.local/lib/python3.11/site-packages/airflow/example_dags/example_datasets.py for tasks to queue
[2026-06-01T12:41:45.832+0000] {logging_mixin.py:188} INFO - [2026-06-01T12:41:45.832+0000] {dagbag.py:545} INFO - Filling up the DagBag from /home/airflow/.local/lib/python3.11/site-packages/airflow/example_dags/example_datasets.py
[2026-06-01T12:41:46.189+0000] {processor.py:840} INFO - DAG(s) 'consume_1_and_2_with_dataset_expressions', 'dataset_consumes_unknown_never_scheduled', 'conditional_dataset_and_time_based_timetable', 'dataset_consumes_1', 'consume_1_or_both_2_and_3_with_dataset_expressions', 'dataset_consumes_1_never_scheduled', 'dataset_produces_2', 'dataset_consumes_1_and_2', 'consume_1_or_2_with_dataset_expressions', 'dataset_produces_1' retrieved from /home/airflow/.local/lib/python3.11/site-packages/airflow/example_dags/example_datasets.py
[2026-06-01T12:41:47.049+0000] {logging_mixin.py:188} INFO - [2026-06-01T12:41:47.049+0000] {dag.py:3096} INFO - Sync 10 DAGs
[2026-06-01T12:41:47.207+0000] {logging_mixin.py:188} INFO - [2026-06-01T12:41:47.207+0000] {dag.py:3954} INFO - Setting next_dagrun for conditional_dataset_and_time_based_timetable to 2026-05-27 01:00:00+00:00, run_after=2026-05-27 01:00:00+00:00
[2026-06-01T12:41:47.275+0000] {logging_mixin.py:188} INFO - [2026-06-01T12:41:47.275+0000] {dag.py:3954} INFO - Setting next_dagrun for consume_1_and_2_with_dataset_expressions to None, run_after=None
[2026-06-01T12:41:47.294+0000] {logging_mixin.py:188} INFO - [2026-06-01T12:41:47.294+0000] {dag.py:3954} INFO - Setting next_dagrun for consume_1_or_2_with_dataset_expressions to None, run_after=None
[2026-06-01T12:41:47.311+0000] {logging_mixin.py:188} INFO - [2026-06-01T12:41:47.311+0000] {dag.py:3954} INFO - Setting next_dagrun for consume_1_or_both_2_and_3_with_dataset_expressions to None, run_after=None
[2026-06-01T12:41:47.343+0000] {logging_mixin.py:188} INFO - [2026-06-01T12:41:47.342+0000] {dag.py:3954} INFO - Setting next_dagrun for dataset_consumes_1 to None, run_after=None
[2026-06-01T12:41:47.358+0000] {logging_mixin.py:188} INFO - [2026-06-01T12:41:47.358+0000] {dag.py:3954} INFO - Setting next_dagrun for dataset_consumes_1_and_2 to None, run_after=None
[2026-06-01T12:41:47.380+0000] {logging_mixin.py:188} INFO - [2026-06-01T12:41:47.379+0000] {dag.py:3954} INFO - Setting next_dagrun for dataset_consumes_1_never_scheduled to None, run_after=None
[2026-06-01T12:41:47.394+0000] {logging_mixin.py:188} INFO - [2026-06-01T12:41:47.394+0000] {dag.py:3954} INFO - Setting next_dagrun for dataset_consumes_unknown_never_scheduled to None, run_after=None
[2026-06-01T12:41:47.413+0000] {logging_mixin.py:188} INFO - [2026-06-01T12:41:47.413+0000] {dag.py:3954} INFO - Setting next_dagrun for dataset_produces_1 to 2026-05-31 00:00:00+00:00, run_after=2026-06-01 00:00:00+00:00
[2026-06-01T12:41:47.443+0000] {logging_mixin.py:188} INFO - [2026-06-01T12:41:47.442+0000] {dag.py:3954} INFO - Setting next_dagrun for dataset_produces_2 to None, run_after=None
[2026-06-01T12:41:47.832+0000] {processor.py:183} INFO - Processing /home/airflow/.local/lib/python3.11/site-packages/airflow/example_dags/example_datasets.py took 2.156 seconds
[2026-06-01T12:42:20.843+0000] {processor.py:161} INFO - Started process (PID=5190) to work on /home/airflow/.local/lib/python3.11/site-packages/airflow/example_dags/example_datasets.py
[2026-06-01T12:42:20.862+0000] {processor.py:830} INFO - Processing file /home/airflow/.local/lib/python3.11/site-packages/airflow/example_dags/example_datasets.py for tasks to queue
[2026-06-01T12:42:20.898+0000] {logging_mixin.py:188} INFO - [2026-06-01T12:42:20.897+0000] {dagbag.py:545} INFO - Filling up the DagBag from /home/airflow/.local/lib/python3.11/site-packages/airflow/example_dags/example_datasets.py
[2026-06-01T12:42:20.957+0000] {processor.py:840} INFO - DAG(s) 'consume_1_and_2_with_dataset_expressions', 'dataset_produces_1', 'consume_1_or_2_with_dataset_expressions', 'conditional_dataset_and_time_based_timetable', 'dataset_consumes_1_and_2', 'dataset_consumes_1_never_scheduled', 'dataset_produces_2', 'dataset_consumes_unknown_never_scheduled', 'dataset_consumes_1', 'consume_1_or_both_2_and_3_with_dataset_expressions' retrieved from /home/airflow/.local/lib/python3.11/site-packages/airflow/example_dags/example_datasets.py
[2026-06-01T12:42:21.655+0000] {logging_mixin.py:188} INFO - [2026-06-01T12:42:21.655+0000] {dag.py:3096} INFO - Sync 10 DAGs
[2026-06-01T12:42:21.834+0000] {logging_mixin.py:188} INFO - [2026-06-01T12:42:21.829+0000] {dag.py:3954} INFO - Setting next_dagrun for conditional_dataset_and_time_based_timetable to 2026-05-27 01:00:00+00:00, run_after=2026-05-27 01:00:00+00:00
[2026-06-01T12:42:21.857+0000] {logging_mixin.py:188} INFO - [2026-06-01T12:42:21.856+0000] {dag.py:3954} INFO - Setting next_dagrun for consume_1_and_2_with_dataset_expressions to None, run_after=None
[2026-06-01T12:42:21.865+0000] {logging_mixin.py:188} INFO - [2026-06-01T12:42:21.865+0000] {dag.py:3954} INFO - Setting next_dagrun for consume_1_or_2_with_dataset_expressions to None, run_after=None
[2026-06-01T12:42:21.872+0000] {logging_mixin.py:188} INFO - [2026-06-01T12:42:21.872+0000] {dag.py:3954} INFO - Setting next_dagrun for consume_1_or_both_2_and_3_with_dataset_expressions to None, run_after=None
[2026-06-01T12:42:21.878+0000] {logging_mixin.py:188} INFO - [2026-06-01T12:42:21.878+0000] {dag.py:3954} INFO - Setting next_dagrun for dataset_consumes_1 to None, run_after=None
[2026-06-01T12:42:21.893+0000] {logging_mixin.py:188} INFO - [2026-06-01T12:42:21.883+0000] {dag.py:3954} INFO - Setting next_dagrun for dataset_consumes_1_and_2 to None, run_after=None
[2026-06-01T12:42:21.896+0000] {logging_mixin.py:188} INFO - [2026-06-01T12:42:21.896+0000] {dag.py:3954} INFO - Setting next_dagrun for dataset_consumes_1_never_scheduled to None, run_after=None
[2026-06-01T12:42:21.918+0000] {logging_mixin.py:188} INFO - [2026-06-01T12:42:21.918+0000] {dag.py:3954} INFO - Setting next_dagrun for dataset_consumes_unknown_never_scheduled to None, run_after=None
[2026-06-01T12:42:21.938+0000] {logging_mixin.py:188} INFO - [2026-06-01T12:42:21.937+0000] {dag.py:3954} INFO - Setting next_dagrun for dataset_produces_1 to 2026-05-31 00:00:00+00:00, run_after=2026-06-01 00:00:00+00:00
[2026-06-01T12:42:21.940+0000] {logging_mixin.py:188} INFO - [2026-06-01T12:42:21.940+0000] {dag.py:3954} INFO - Setting next_dagrun for dataset_produces_2 to None, run_after=None
[2026-06-01T12:42:22.091+0000] {processor.py:183} INFO - Processing /home/airflow/.local/lib/python3.11/site-packages/airflow/example_dags/example_datasets.py took 1.341 seconds
[2026-06-01T12:42:54.589+0000] {processor.py:161} INFO - Started process (PID=5466) to work on /home/airflow/.local/lib/python3.11/site-packages/airflow/example_dags/example_datasets.py
[2026-06-01T12:42:54.622+0000] {processor.py:830} INFO - Processing file /home/airflow/.local/lib/python3.11/site-packages/airflow/example_dags/example_datasets.py for tasks to queue
[2026-06-01T12:42:54.628+0000] {logging_mixin.py:188} INFO - [2026-06-01T12:42:54.628+0000] {dagbag.py:545} INFO - Filling up the DagBag from /home/airflow/.local/lib/python3.11/site-packages/airflow/example_dags/example_datasets.py
[2026-06-01T12:42:54.768+0000] {processor.py:840} INFO - DAG(s) 'dataset_consumes_unknown_never_scheduled', 'dataset_produces_2', 'consume_1_or_both_2_and_3_with_dataset_expressions', 'dataset_produces_1', 'dataset_consumes_1_and_2', 'conditional_dataset_and_time_based_timetable', 'dataset_consumes_1', 'consume_1_and_2_with_dataset_expressions', 'dataset_consumes_1_never_scheduled', 'consume_1_or_2_with_dataset_expressions' retrieved from /home/airflow/.local/lib/python3.11/site-packages/airflow/example_dags/example_datasets.py
[2026-06-01T12:42:55.066+0000] {logging_mixin.py:188} INFO - [2026-06-01T12:42:55.066+0000] {dag.py:3096} INFO - Sync 10 DAGs
[2026-06-01T12:42:55.264+0000] {logging_mixin.py:188} INFO - [2026-06-01T12:42:55.264+0000] {dag.py:3954} INFO - Setting next_dagrun for conditional_dataset_and_time_based_timetable to 2026-05-27 01:00:00+00:00, run_after=2026-05-27 01:00:00+00:00
[2026-06-01T12:42:55.301+0000] {logging_mixin.py:188} INFO - [2026-06-01T12:42:55.301+0000] {dag.py:3954} INFO - Setting next_dagrun for consume_1_and_2_with_dataset_expressions to None, run_after=None
[2026-06-01T12:42:55.320+0000] {logging_mixin.py:188} INFO - [2026-06-01T12:42:55.320+0000] {dag.py:3954} INFO - Setting next_dagrun for consume_1_or_2_with_dataset_expressions to None, run_after=None
[2026-06-01T12:42:55.327+0000] {logging_mixin.py:188} INFO - [2026-06-01T12:42:55.327+0000] {dag.py:3954} INFO - Setting next_dagrun for consume_1_or_both_2_and_3_with_dataset_expressions to None, run_after=None
[2026-06-01T12:42:55.335+0000] {logging_mixin.py:188} INFO - [2026-06-01T12:42:55.335+0000] {dag.py:3954} INFO - Setting next_dagrun for dataset_consumes_1 to None, run_after=None
[2026-06-01T12:42:55.337+0000] {logging_mixin.py:188} INFO - [2026-06-01T12:42:55.337+0000] {dag.py:3954} INFO - Setting next_dagrun for dataset_consumes_1_and_2 to None, run_after=None
[2026-06-01T12:42:55.341+0000] {logging_mixin.py:188} INFO - [2026-06-01T12:42:55.341+0000] {dag.py:3954} INFO - Setting next_dagrun for dataset_consumes_1_never_scheduled to None, run_after=None
[2026-06-01T12:42:55.343+0000] {logging_mixin.py:188} INFO - [2026-06-01T12:42:55.342+0000] {dag.py:3954} INFO - Setting next_dagrun for dataset_consumes_unknown_never_scheduled to None, run_after=None
[2026-06-01T12:42:55.350+0000] {logging_mixin.py:188} INFO - [2026-06-01T12:42:55.346+0000] {dag.py:3954} INFO - Setting next_dagrun for dataset_produces_1 to 2026-05-31 00:00:00+00:00, run_after=2026-06-01 00:00:00+00:00
[2026-06-01T12:42:55.360+0000] {logging_mixin.py:188} INFO - [2026-06-01T12:42:55.359+0000] {dag.py:3954} INFO - Setting next_dagrun for dataset_produces_2 to None, run_after=None
[2026-06-01T12:42:55.500+0000] {processor.py:183} INFO - Processing /home/airflow/.local/lib/python3.11/site-packages/airflow/example_dags/example_datasets.py took 0.937 seconds
[2026-06-01T12:43:28.124+0000] {processor.py:161} INFO - Started process (PID=5747) to work on /home/airflow/.local/lib/python3.11/site-packages/airflow/example_dags/example_datasets.py
[2026-06-01T12:43:28.155+0000] {processor.py:830} INFO - Processing file /home/airflow/.local/lib/python3.11/site-packages/airflow/example_dags/example_datasets.py for tasks to queue
[2026-06-01T12:43:28.158+0000] {logging_mixin.py:188} INFO - [2026-06-01T12:43:28.158+0000] {dagbag.py:545} INFO - Filling up the DagBag from /home/airflow/.local/lib/python3.11/site-packages/airflow/example_dags/example_datasets.py
[2026-06-01T12:43:28.289+0000] {processor.py:840} INFO - DAG(s) 'dataset_consumes_1', 'dataset_produces_1', 'conditional_dataset_and_time_based_timetable', 'consume_1_and_2_with_dataset_expressions', 'dataset_produces_2', 'dataset_consumes_unknown_never_scheduled', 'consume_1_or_2_with_dataset_expressions', 'consume_1_or_both_2_and_3_with_dataset_expressions', 'dataset_consumes_1_never_scheduled', 'dataset_consumes_1_and_2' retrieved from /home/airflow/.local/lib/python3.11/site-packages/airflow/example_dags/example_datasets.py
[2026-06-01T12:43:28.892+0000] {logging_mixin.py:188} INFO - [2026-06-01T12:43:28.888+0000] {dag.py:3096} INFO - Sync 10 DAGs
[2026-06-01T12:43:29.163+0000] {logging_mixin.py:188} INFO - [2026-06-01T12:43:29.163+0000] {dag.py:3954} INFO - Setting next_dagrun for conditional_dataset_and_time_based_timetable to 2026-05-27 01:00:00+00:00, run_after=2026-05-27 01:00:00+00:00
[2026-06-01T12:43:29.249+0000] {logging_mixin.py:188} INFO - [2026-06-01T12:43:29.248+0000] {dag.py:3954} INFO - Setting next_dagrun for consume_1_and_2_with_dataset_expressions to None, run_after=None
[2026-06-01T12:43:29.252+0000] {logging_mixin.py:188} INFO - [2026-06-01T12:43:29.251+0000] {dag.py:3954} INFO - Setting next_dagrun for consume_1_or_2_with_dataset_expressions to None, run_after=None
[2026-06-01T12:43:29.263+0000] {logging_mixin.py:188} INFO - [2026-06-01T12:43:29.262+0000] {dag.py:3954} INFO - Setting next_dagrun for consume_1_or_both_2_and_3_with_dataset_expressions to None, run_after=None
[2026-06-01T12:43:29.270+0000] {logging_mixin.py:188} INFO - [2026-06-01T12:43:29.269+0000] {dag.py:3954} INFO - Setting next_dagrun for dataset_consumes_1 to None, run_after=None
[2026-06-01T12:43:29.313+0000] {logging_mixin.py:188} INFO - [2026-06-01T12:43:29.313+0000] {dag.py:3954} INFO - Setting next_dagrun for dataset_consumes_1_and_2 to None, run_after=None
[2026-06-01T12:43:29.345+0000] {logging_mixin.py:188} INFO - [2026-06-01T12:43:29.344+0000] {dag.py:3954} INFO - Setting next_dagrun for dataset_consumes_1_never_scheduled to None, run_after=None
[2026-06-01T12:43:29.353+0000] {logging_mixin.py:188} INFO - [2026-06-01T12:43:29.353+0000] {dag.py:3954} INFO - Setting next_dagrun for dataset_consumes_unknown_never_scheduled to None, run_after=None
[2026-06-01T12:43:29.403+0000] {logging_mixin.py:188} INFO - [2026-06-01T12:43:29.402+0000] {dag.py:3954} INFO - Setting next_dagrun for dataset_produces_1 to 2026-05-31 00:00:00+00:00, run_after=2026-06-01 00:00:00+00:00
[2026-06-01T12:43:29.414+0000] {logging_mixin.py:188} INFO - [2026-06-01T12:43:29.414+0000] {dag.py:3954} INFO - Setting next_dagrun for dataset_produces_2 to None, run_after=None
[2026-06-01T12:43:29.996+0000] {processor.py:183} INFO - Processing /home/airflow/.local/lib/python3.11/site-packages/airflow/example_dags/example_datasets.py took 1.910 seconds
[2026-06-01T12:44:00.847+0000] {processor.py:161} INFO - Started process (PID=6011) to work on /home/airflow/.local/lib/python3.11/site-packages/airflow/example_dags/example_datasets.py
[2026-06-01T12:44:00.861+0000] {processor.py:830} INFO - Processing file /home/airflow/.local/lib/python3.11/site-packages/airflow/example_dags/example_datasets.py for tasks to queue
[2026-06-01T12:44:00.877+0000] {logging_mixin.py:188} INFO - [2026-06-01T12:44:00.877+0000] {dagbag.py:545} INFO - Filling up the DagBag from /home/airflow/.local/lib/python3.11/site-packages/airflow/example_dags/example_datasets.py
[2026-06-01T12:44:00.942+0000] {processor.py:840} INFO - DAG(s) 'dataset_consumes_1_and_2', 'dataset_consumes_unknown_never_scheduled', 'consume_1_or_both_2_and_3_with_dataset_expressions', 'consume_1_and_2_with_dataset_expressions', 'dataset_produces_2', 'conditional_dataset_and_time_based_timetable', 'dataset_consumes_1', 'dataset_produces_1', 'consume_1_or_2_with_dataset_expressions', 'dataset_consumes_1_never_scheduled' retrieved from /home/airflow/.local/lib/python3.11/site-packages/airflow/example_dags/example_datasets.py
[2026-06-01T12:44:01.216+0000] {logging_mixin.py:188} INFO - [2026-06-01T12:44:01.216+0000] {dag.py:3096} INFO - Sync 10 DAGs
[2026-06-01T12:44:01.332+0000] {logging_mixin.py:188} INFO - [2026-06-01T12:44:01.332+0000] {dag.py:3954} INFO - Setting next_dagrun for conditional_dataset_and_time_based_timetable to 2026-05-27 01:00:00+00:00, run_after=2026-05-27 01:00:00+00:00
[2026-06-01T12:44:01.352+0000] {logging_mixin.py:188} INFO - [2026-06-01T12:44:01.351+0000] {dag.py:3954} INFO - Setting next_dagrun for consume_1_and_2_with_dataset_expressions to None, run_after=None
[2026-06-01T12:44:01.365+0000] {logging_mixin.py:188} INFO - [2026-06-01T12:44:01.365+0000] {dag.py:3954} INFO - Setting next_dagrun for consume_1_or_2_with_dataset_expressions to None, run_after=None
[2026-06-01T12:44:01.369+0000] {logging_mixin.py:188} INFO - [2026-06-01T12:44:01.369+0000] {dag.py:3954} INFO - Setting next_dagrun for consume_1_or_both_2_and_3_with_dataset_expressions to None, run_after=None
[2026-06-01T12:44:01.387+0000] {logging_mixin.py:188} INFO - [2026-06-01T12:44:01.386+0000] {dag.py:3954} INFO - Setting next_dagrun for dataset_consumes_1 to None, run_after=None
[2026-06-01T12:44:01.391+0000] {logging_mixin.py:188} INFO - [2026-06-01T12:44:01.390+0000] {dag.py:3954} INFO - Setting next_dagrun for dataset_consumes_1_and_2 to None, run_after=None
[2026-06-01T12:44:01.398+0000] {logging_mixin.py:188} INFO - [2026-06-01T12:44:01.397+0000] {dag.py:3954} INFO - Setting next_dagrun for dataset_consumes_1_never_scheduled to None, run_after=None
[2026-06-01T12:44:01.411+0000] {logging_mixin.py:188} INFO - [2026-06-01T12:44:01.411+0000] {dag.py:3954} INFO - Setting next_dagrun for dataset_consumes_unknown_never_scheduled to None, run_after=None
[2026-06-01T12:44:01.419+0000] {logging_mixin.py:188} INFO - [2026-06-01T12:44:01.419+0000] {dag.py:3954} INFO - Setting next_dagrun for dataset_produces_1 to 2026-05-31 00:00:00+00:00, run_after=2026-06-01 00:00:00+00:00
[2026-06-01T12:44:01.438+0000] {logging_mixin.py:188} INFO - [2026-06-01T12:44:01.437+0000] {dag.py:3954} INFO - Setting next_dagrun for dataset_produces_2 to None, run_after=None
[2026-06-01T12:44:01.564+0000] {processor.py:183} INFO - Processing /home/airflow/.local/lib/python3.11/site-packages/airflow/example_dags/example_datasets.py took 0.750 seconds
[2026-06-01T12:44:43.671+0000] {processor.py:161} INFO - Started process (PID=6290) to work on /home/airflow/.local/lib/python3.11/site-packages/airflow/example_dags/example_datasets.py
[2026-06-01T12:44:43.686+0000] {processor.py:830} INFO - Processing file /home/airflow/.local/lib/python3.11/site-packages/airflow/example_dags/example_datasets.py for tasks to queue
[2026-06-01T12:44:43.703+0000] {logging_mixin.py:188} INFO - [2026-06-01T12:44:43.702+0000] {dagbag.py:545} INFO - Filling up the DagBag from /home/airflow/.local/lib/python3.11/site-packages/airflow/example_dags/example_datasets.py
[2026-06-01T12:44:43.831+0000] {processor.py:840} INFO - DAG(s) 'consume_1_or_2_with_dataset_expressions', 'dataset_consumes_unknown_never_scheduled', 'dataset_produces_1', 'dataset_consumes_1_never_scheduled', 'consume_1_and_2_with_dataset_expressions', 'conditional_dataset_and_time_based_timetable', 'dataset_consumes_1_and_2', 'consume_1_or_both_2_and_3_with_dataset_expressions', 'dataset_consumes_1', 'dataset_produces_2' retrieved from /home/airflow/.local/lib/python3.11/site-packages/airflow/example_dags/example_datasets.py
[2026-06-01T12:44:44.012+0000] {logging_mixin.py:188} INFO - [2026-06-01T12:44:44.012+0000] {dag.py:3096} INFO - Sync 10 DAGs
[2026-06-01T12:44:44.335+0000] {logging_mixin.py:188} INFO - [2026-06-01T12:44:44.335+0000] {dag.py:3954} INFO - Setting next_dagrun for conditional_dataset_and_time_based_timetable to 2026-05-27 01:00:00+00:00, run_after=2026-05-27 01:00:00+00:00
[2026-06-01T12:44:44.374+0000] {logging_mixin.py:188} INFO - [2026-06-01T12:44:44.373+0000] {dag.py:3954} INFO - Setting next_dagrun for consume_1_and_2_with_dataset_expressions to None, run_after=None
[2026-06-01T12:44:44.384+0000] {logging_mixin.py:188} INFO - [2026-06-01T12:44:44.383+0000] {dag.py:3954} INFO - Setting next_dagrun for consume_1_or_2_with_dataset_expressions to None, run_after=None
[2026-06-01T12:44:44.407+0000] {logging_mixin.py:188} INFO - [2026-06-01T12:44:44.406+0000] {dag.py:3954} INFO - Setting next_dagrun for consume_1_or_both_2_and_3_with_dataset_expressions to None, run_after=None
[2026-06-01T12:44:44.422+0000] {logging_mixin.py:188} INFO - [2026-06-01T12:44:44.422+0000] {dag.py:3954} INFO - Setting next_dagrun for dataset_consumes_1 to None, run_after=None
[2026-06-01T12:44:44.436+0000] {logging_mixin.py:188} INFO - [2026-06-01T12:44:44.436+0000] {dag.py:3954} INFO - Setting next_dagrun for dataset_consumes_1_and_2 to None, run_after=None
[2026-06-01T12:44:44.458+0000] {logging_mixin.py:188} INFO - [2026-06-01T12:44:44.458+0000] {dag.py:3954} INFO - Setting next_dagrun for dataset_consumes_1_never_scheduled to None, run_after=None
[2026-06-01T12:44:44.464+0000] {logging_mixin.py:188} INFO - [2026-06-01T12:44:44.464+0000] {dag.py:3954} INFO - Setting next_dagrun for dataset_consumes_unknown_never_scheduled to None, run_after=None
[2026-06-01T12:44:44.519+0000] {logging_mixin.py:188} INFO - [2026-06-01T12:44:44.518+0000] {dag.py:3954} INFO - Setting next_dagrun for dataset_produces_1 to 2026-05-31 00:00:00+00:00, run_after=2026-06-01 00:00:00+00:00
[2026-06-01T12:44:44.524+0000] {logging_mixin.py:188} INFO - [2026-06-01T12:44:44.522+0000] {dag.py:3954} INFO - Setting next_dagrun for dataset_produces_2 to None, run_after=None
[2026-06-01T12:44:44.988+0000] {processor.py:183} INFO - Processing /home/airflow/.local/lib/python3.11/site-packages/airflow/example_dags/example_datasets.py took 1.384 seconds
[2026-06-01T12:45:15.447+0000] {processor.py:161} INFO - Started process (PID=6568) to work on /home/airflow/.local/lib/python3.11/site-packages/airflow/example_dags/example_datasets.py
[2026-06-01T12:45:15.465+0000] {processor.py:830} INFO - Processing file /home/airflow/.local/lib/python3.11/site-packages/airflow/example_dags/example_datasets.py for tasks to queue
[2026-06-01T12:45:15.475+0000] {logging_mixin.py:188} INFO - [2026-06-01T12:45:15.474+0000] {dagbag.py:545} INFO - Filling up the DagBag from /home/airflow/.local/lib/python3.11/site-packages/airflow/example_dags/example_datasets.py
[2026-06-01T12:45:15.657+0000] {processor.py:840} INFO - DAG(s) 'dataset_consumes_1_never_scheduled', 'dataset_consumes_1', 'dataset_consumes_1_and_2', 'consume_1_or_2_with_dataset_expressions', 'consume_1_or_both_2_and_3_with_dataset_expressions', 'dataset_produces_2', 'dataset_consumes_unknown_never_scheduled', 'dataset_produces_1', 'conditional_dataset_and_time_based_timetable', 'consume_1_and_2_with_dataset_expressions' retrieved from /home/airflow/.local/lib/python3.11/site-packages/airflow/example_dags/example_datasets.py
[2026-06-01T12:45:15.844+0000] {logging_mixin.py:188} INFO - [2026-06-01T12:45:15.844+0000] {dag.py:3096} INFO - Sync 10 DAGs
[2026-06-01T12:45:16.014+0000] {logging_mixin.py:188} INFO - [2026-06-01T12:45:16.014+0000] {dag.py:3954} INFO - Setting next_dagrun for conditional_dataset_and_time_based_timetable to 2026-05-27 01:00:00+00:00, run_after=2026-05-27 01:00:00+00:00
[2026-06-01T12:45:16.040+0000] {logging_mixin.py:188} INFO - [2026-06-01T12:45:16.040+0000] {dag.py:3954} INFO - Setting next_dagrun for consume_1_and_2_with_dataset_expressions to None, run_after=None
[2026-06-01T12:45:16.049+0000] {logging_mixin.py:188} INFO - [2026-06-01T12:45:16.049+0000] {dag.py:3954} INFO - Setting next_dagrun for consume_1_or_2_with_dataset_expressions to None, run_after=None
[2026-06-01T12:45:16.065+0000] {logging_mixin.py:188} INFO - [2026-06-01T12:45:16.065+0000] {dag.py:3954} INFO - Setting next_dagrun for consume_1_or_both_2_and_3_with_dataset_expressions to None, run_after=None
[2026-06-01T12:45:16.077+0000] {logging_mixin.py:188} INFO - [2026-06-01T12:45:16.076+0000] {dag.py:3954} INFO - Setting next_dagrun for dataset_consumes_1 to None, run_after=None
[2026-06-01T12:45:16.088+0000] {logging_mixin.py:188} INFO - [2026-06-01T12:45:16.081+0000] {dag.py:3954} INFO - Setting next_dagrun for dataset_consumes_1_and_2 to None, run_after=None
[2026-06-01T12:45:16.109+0000] {logging_mixin.py:188} INFO - [2026-06-01T12:45:16.108+0000] {dag.py:3954} INFO - Setting next_dagrun for dataset_consumes_1_never_scheduled to None, run_after=None
[2026-06-01T12:45:16.225+0000] {logging_mixin.py:188} INFO - [2026-06-01T12:45:16.216+0000] {dag.py:3954} INFO - Setting next_dagrun for dataset_consumes_unknown_never_scheduled to None, run_after=None
[2026-06-01T12:45:16.264+0000] {logging_mixin.py:188} INFO - [2026-06-01T12:45:16.263+0000] {dag.py:3954} INFO - Setting next_dagrun for dataset_produces_1 to 2026-05-31 00:00:00+00:00, run_after=2026-06-01 00:00:00+00:00
[2026-06-01T12:45:16.280+0000] {logging_mixin.py:188} INFO - [2026-06-01T12:45:16.280+0000] {dag.py:3954} INFO - Setting next_dagrun for dataset_produces_2 to None, run_after=None
[2026-06-01T12:45:16.732+0000] {processor.py:183} INFO - Processing /home/airflow/.local/lib/python3.11/site-packages/airflow/example_dags/example_datasets.py took 1.367 seconds
[2026-06-01T12:45:51.940+0000] {processor.py:161} INFO - Started process (PID=6836) to work on /home/airflow/.local/lib/python3.11/site-packages/airflow/example_dags/example_datasets.py
[2026-06-01T12:45:51.959+0000] {processor.py:830} INFO - Processing file /home/airflow/.local/lib/python3.11/site-packages/airflow/example_dags/example_datasets.py for tasks to queue
[2026-06-01T12:45:51.963+0000] {logging_mixin.py:188} INFO - [2026-06-01T12:45:51.962+0000] {dagbag.py:545} INFO - Filling up the DagBag from /home/airflow/.local/lib/python3.11/site-packages/airflow/example_dags/example_datasets.py
[2026-06-01T12:45:52.045+0000] {processor.py:840} INFO - DAG(s) 'dataset_produces_2', 'consume_1_and_2_with_dataset_expressions', 'dataset_consumes_1', 'consume_1_or_both_2_and_3_with_dataset_expressions', 'consume_1_or_2_with_dataset_expressions', 'dataset_consumes_1_and_2', 'dataset_consumes_unknown_never_scheduled', 'conditional_dataset_and_time_based_timetable', 'dataset_produces_1', 'dataset_consumes_1_never_scheduled' retrieved from /home/airflow/.local/lib/python3.11/site-packages/airflow/example_dags/example_datasets.py
[2026-06-01T12:45:52.308+0000] {logging_mixin.py:188} INFO - [2026-06-01T12:45:52.307+0000] {dag.py:3096} INFO - Sync 10 DAGs
[2026-06-01T12:45:52.393+0000] {logging_mixin.py:188} INFO - [2026-06-01T12:45:52.393+0000] {dag.py:3954} INFO - Setting next_dagrun for conditional_dataset_and_time_based_timetable to 2026-05-27 01:00:00+00:00, run_after=2026-05-27 01:00:00+00:00
[2026-06-01T12:45:52.430+0000] {logging_mixin.py:188} INFO - [2026-06-01T12:45:52.430+0000] {dag.py:3954} INFO - Setting next_dagrun for consume_1_and_2_with_dataset_expressions to None, run_after=None
[2026-06-01T12:45:52.444+0000] {logging_mixin.py:188} INFO - [2026-06-01T12:45:52.444+0000] {dag.py:3954} INFO - Setting next_dagrun for consume_1_or_2_with_dataset_expressions to None, run_after=None
[2026-06-01T12:45:52.459+0000] {logging_mixin.py:188} INFO - [2026-06-01T12:45:52.458+0000] {dag.py:3954} INFO - Setting next_dagrun for consume_1_or_both_2_and_3_with_dataset_expressions to None, run_after=None
[2026-06-01T12:45:52.470+0000] {logging_mixin.py:188} INFO - [2026-06-01T12:45:52.470+0000] {dag.py:3954} INFO - Setting next_dagrun for dataset_consumes_1 to None, run_after=None
[2026-06-01T12:45:52.472+0000] {logging_mixin.py:188} INFO - [2026-06-01T12:45:52.472+0000] {dag.py:3954} INFO - Setting next_dagrun for dataset_consumes_1_and_2 to None, run_after=None
[2026-06-01T12:45:52.479+0000] {logging_mixin.py:188} INFO - [2026-06-01T12:45:52.479+0000] {dag.py:3954} INFO - Setting next_dagrun for dataset_consumes_1_never_scheduled to None, run_after=None
[2026-06-01T12:45:52.492+0000] {logging_mixin.py:188} INFO - [2026-06-01T12:45:52.491+0000] {dag.py:3954} INFO - Setting next_dagrun for dataset_consumes_unknown_never_scheduled to None, run_after=None
[2026-06-01T12:45:52.499+0000] {logging_mixin.py:188} INFO - [2026-06-01T12:45:52.498+0000] {dag.py:3954} INFO - Setting next_dagrun for dataset_produces_1 to 2026-05-31 00:00:00+00:00, run_after=2026-06-01 00:00:00+00:00
[2026-06-01T12:45:52.512+0000] {logging_mixin.py:188} INFO - [2026-06-01T12:45:52.512+0000] {dag.py:3954} INFO - Setting next_dagrun for dataset_produces_2 to None, run_after=None
[2026-06-01T12:45:52.708+0000] {processor.py:183} INFO - Processing /home/airflow/.local/lib/python3.11/site-packages/airflow/example_dags/example_datasets.py took 0.816 seconds
[2026-06-01T12:46:24.055+0000] {processor.py:161} INFO - Started process (PID=7108) to work on /home/airflow/.local/lib/python3.11/site-packages/airflow/example_dags/example_datasets.py
[2026-06-01T12:46:24.155+0000] {processor.py:830} INFO - Processing file /home/airflow/.local/lib/python3.11/site-packages/airflow/example_dags/example_datasets.py for tasks to queue
[2026-06-01T12:46:24.180+0000] {logging_mixin.py:188} INFO - [2026-06-01T12:46:24.179+0000] {dagbag.py:545} INFO - Filling up the DagBag from /home/airflow/.local/lib/python3.11/site-packages/airflow/example_dags/example_datasets.py
[2026-06-01T12:46:24.453+0000] {processor.py:840} INFO - DAG(s) 'dataset_produces_1', 'dataset_produces_2', 'consume_1_or_2_with_dataset_expressions', 'dataset_consumes_1_never_scheduled', 'dataset_consumes_1', 'consume_1_and_2_with_dataset_expressions', 'dataset_consumes_unknown_never_scheduled', 'dataset_consumes_1_and_2', 'conditional_dataset_and_time_based_timetable', 'consume_1_or_both_2_and_3_with_dataset_expressions' retrieved from /home/airflow/.local/lib/python3.11/site-packages/airflow/example_dags/example_datasets.py
[2026-06-01T12:46:24.726+0000] {logging_mixin.py:188} INFO - [2026-06-01T12:46:24.723+0000] {dag.py:3096} INFO - Sync 10 DAGs
[2026-06-01T12:46:24.798+0000] {logging_mixin.py:188} INFO - [2026-06-01T12:46:24.793+0000] {dag.py:3954} INFO - Setting next_dagrun for conditional_dataset_and_time_based_timetable to 2026-05-27 01:00:00+00:00, run_after=2026-05-27 01:00:00+00:00
[2026-06-01T12:46:24.884+0000] {logging_mixin.py:188} INFO - [2026-06-01T12:46:24.867+0000] {dag.py:3954} INFO - Setting next_dagrun for consume_1_and_2_with_dataset_expressions to None, run_after=None
[2026-06-01T12:46:24.896+0000] {logging_mixin.py:188} INFO - [2026-06-01T12:46:24.896+0000] {dag.py:3954} INFO - Setting next_dagrun for consume_1_or_2_with_dataset_expressions to None, run_after=None
[2026-06-01T12:46:24.918+0000] {logging_mixin.py:188} INFO - [2026-06-01T12:46:24.917+0000] {dag.py:3954} INFO - Setting next_dagrun for consume_1_or_both_2_and_3_with_dataset_expressions to None, run_after=None
[2026-06-01T12:46:24.942+0000] {logging_mixin.py:188} INFO - [2026-06-01T12:46:24.942+0000] {dag.py:3954} INFO - Setting next_dagrun for dataset_consumes_1 to None, run_after=None
[2026-06-01T12:46:24.954+0000] {logging_mixin.py:188} INFO - [2026-06-01T12:46:24.954+0000] {dag.py:3954} INFO - Setting next_dagrun for dataset_consumes_1_and_2 to None, run_after=None
[2026-06-01T12:46:24.983+0000] {logging_mixin.py:188} INFO - [2026-06-01T12:46:24.983+0000] {dag.py:3954} INFO - Setting next_dagrun for dataset_consumes_1_never_scheduled to None, run_after=None
[2026-06-01T12:46:25.001+0000] {logging_mixin.py:188} INFO - [2026-06-01T12:46:25.000+0000] {dag.py:3954} INFO - Setting next_dagrun for dataset_consumes_unknown_never_scheduled to None, run_after=None
[2026-06-01T12:46:25.009+0000] {logging_mixin.py:188} INFO - [2026-06-01T12:46:25.008+0000] {dag.py:3954} INFO - Setting next_dagrun for dataset_produces_1 to 2026-05-31 00:00:00+00:00, run_after=2026-06-01 00:00:00+00:00
[2026-06-01T12:46:25.043+0000] {logging_mixin.py:188} INFO - [2026-06-01T12:46:25.042+0000] {dag.py:3954} INFO - Setting next_dagrun for dataset_produces_2 to None, run_after=None
[2026-06-01T12:46:25.311+0000] {processor.py:183} INFO - Processing /home/airflow/.local/lib/python3.11/site-packages/airflow/example_dags/example_datasets.py took 1.300 seconds
[2026-06-01T12:46:55.886+0000] {processor.py:161} INFO - Started process (PID=7380) to work on /home/airflow/.local/lib/python3.11/site-packages/airflow/example_dags/example_datasets.py
[2026-06-01T12:46:55.907+0000] {processor.py:830} INFO - Processing file /home/airflow/.local/lib/python3.11/site-packages/airflow/example_dags/example_datasets.py for tasks to queue
[2026-06-01T12:46:55.928+0000] {logging_mixin.py:188} INFO - [2026-06-01T12:46:55.927+0000] {dagbag.py:545} INFO - Filling up the DagBag from /home/airflow/.local/lib/python3.11/site-packages/airflow/example_dags/example_datasets.py
[2026-06-01T12:46:56.045+0000] {processor.py:840} INFO - DAG(s) 'consume_1_or_2_with_dataset_expressions', 'dataset_consumes_1', 'consume_1_and_2_with_dataset_expressions', 'dataset_consumes_1_never_scheduled', 'dataset_consumes_unknown_never_scheduled', 'dataset_produces_1', 'conditional_dataset_and_time_based_timetable', 'consume_1_or_both_2_and_3_with_dataset_expressions', 'dataset_consumes_1_and_2', 'dataset_produces_2' retrieved from /home/airflow/.local/lib/python3.11/site-packages/airflow/example_dags/example_datasets.py
[2026-06-01T12:46:56.204+0000] {logging_mixin.py:188} INFO - [2026-06-01T12:46:56.203+0000] {dag.py:3096} INFO - Sync 10 DAGs
[2026-06-01T12:46:56.252+0000] {logging_mixin.py:188} INFO - [2026-06-01T12:46:56.252+0000] {dag.py:3954} INFO - Setting next_dagrun for conditional_dataset_and_time_based_timetable to 2026-05-27 01:00:00+00:00, run_after=2026-05-27 01:00:00+00:00
[2026-06-01T12:46:56.263+0000] {logging_mixin.py:188} INFO - [2026-06-01T12:46:56.263+0000] {dag.py:3954} INFO - Setting next_dagrun for consume_1_and_2_with_dataset_expressions to None, run_after=None
[2026-06-01T12:46:56.276+0000] {logging_mixin.py:188} INFO - [2026-06-01T12:46:56.276+0000] {dag.py:3954} INFO - Setting next_dagrun for consume_1_or_2_with_dataset_expressions to None, run_after=None
[2026-06-01T12:46:56.280+0000] {logging_mixin.py:188} INFO - [2026-06-01T12:46:56.280+0000] {dag.py:3954} INFO - Setting next_dagrun for consume_1_or_both_2_and_3_with_dataset_expressions to None, run_after=None
[2026-06-01T12:46:56.299+0000] {logging_mixin.py:188} INFO - [2026-06-01T12:46:56.298+0000] {dag.py:3954} INFO - Setting next_dagrun for dataset_consumes_1 to None, run_after=None
[2026-06-01T12:46:56.313+0000] {logging_mixin.py:188} INFO - [2026-06-01T12:46:56.312+0000] {dag.py:3954} INFO - Setting next_dagrun for dataset_consumes_1_and_2 to None, run_after=None
[2026-06-01T12:46:56.319+0000] {logging_mixin.py:188} INFO - [2026-06-01T12:46:56.319+0000] {dag.py:3954} INFO - Setting next_dagrun for dataset_consumes_1_never_scheduled to None, run_after=None
[2026-06-01T12:46:56.328+0000] {logging_mixin.py:188} INFO - [2026-06-01T12:46:56.328+0000] {dag.py:3954} INFO - Setting next_dagrun for dataset_consumes_unknown_never_scheduled to None, run_after=None
[2026-06-01T12:46:56.341+0000] {logging_mixin.py:188} INFO - [2026-06-01T12:46:56.341+0000] {dag.py:3954} INFO - Setting next_dagrun for dataset_produces_1 to 2026-05-31 00:00:00+00:00, run_after=2026-06-01 00:00:00+00:00
[2026-06-01T12:46:56.366+0000] {logging_mixin.py:188} INFO - [2026-06-01T12:46:56.365+0000] {dag.py:3954} INFO - Setting next_dagrun for dataset_produces_2 to None, run_after=None
[2026-06-01T12:46:56.542+0000] {processor.py:183} INFO - Processing /home/airflow/.local/lib/python3.11/site-packages/airflow/example_dags/example_datasets.py took 0.773 seconds
[2026-06-01T12:47:30.785+0000] {processor.py:161} INFO - Started process (PID=7648) to work on /home/airflow/.local/lib/python3.11/site-packages/airflow/example_dags/example_datasets.py
[2026-06-01T12:47:30.815+0000] {processor.py:830} INFO - Processing file /home/airflow/.local/lib/python3.11/site-packages/airflow/example_dags/example_datasets.py for tasks to queue
[2026-06-01T12:47:30.828+0000] {logging_mixin.py:188} INFO - [2026-06-01T12:47:30.827+0000] {dagbag.py:545} INFO - Filling up the DagBag from /home/airflow/.local/lib/python3.11/site-packages/airflow/example_dags/example_datasets.py
[2026-06-01T12:47:30.968+0000] {processor.py:840} INFO - DAG(s) 'dataset_consumes_1_and_2', 'consume_1_and_2_with_dataset_expressions', 'consume_1_or_2_with_dataset_expressions', 'dataset_produces_1', 'dataset_consumes_1', 'consume_1_or_both_2_and_3_with_dataset_expressions', 'dataset_produces_2', 'dataset_consumes_1_never_scheduled', 'dataset_consumes_unknown_never_scheduled', 'conditional_dataset_and_time_based_timetable' retrieved from /home/airflow/.local/lib/python3.11/site-packages/airflow/example_dags/example_datasets.py
[2026-06-01T12:47:31.214+0000] {logging_mixin.py:188} INFO - [2026-06-01T12:47:31.214+0000] {dag.py:3096} INFO - Sync 10 DAGs
[2026-06-01T12:47:31.368+0000] {logging_mixin.py:188} INFO - [2026-06-01T12:47:31.368+0000] {dag.py:3954} INFO - Setting next_dagrun for conditional_dataset_and_time_based_timetable to 2026-05-27 01:00:00+00:00, run_after=2026-05-27 01:00:00+00:00
[2026-06-01T12:47:31.424+0000] {logging_mixin.py:188} INFO - [2026-06-01T12:47:31.424+0000] {dag.py:3954} INFO - Setting next_dagrun for consume_1_and_2_with_dataset_expressions to None, run_after=None
[2026-06-01T12:47:31.437+0000] {logging_mixin.py:188} INFO - [2026-06-01T12:47:31.436+0000] {dag.py:3954} INFO - Setting next_dagrun for consume_1_or_2_with_dataset_expressions to None, run_after=None
[2026-06-01T12:47:31.447+0000] {logging_mixin.py:188} INFO - [2026-06-01T12:47:31.447+0000] {dag.py:3954} INFO - Setting next_dagrun for consume_1_or_both_2_and_3_with_dataset_expressions to None, run_after=None
[2026-06-01T12:47:31.467+0000] {logging_mixin.py:188} INFO - [2026-06-01T12:47:31.460+0000] {dag.py:3954} INFO - Setting next_dagrun for dataset_consumes_1 to None, run_after=None
[2026-06-01T12:47:31.486+0000] {logging_mixin.py:188} INFO - [2026-06-01T12:47:31.486+0000] {dag.py:3954} INFO - Setting next_dagrun for dataset_consumes_1_and_2 to None, run_after=None
[2026-06-01T12:47:31.504+0000] {logging_mixin.py:188} INFO - [2026-06-01T12:47:31.504+0000] {dag.py:3954} INFO - Setting next_dagrun for dataset_consumes_1_never_scheduled to None, run_after=None
[2026-06-01T12:47:31.511+0000] {logging_mixin.py:188} INFO - [2026-06-01T12:47:31.511+0000] {dag.py:3954} INFO - Setting next_dagrun for dataset_consumes_unknown_never_scheduled to None, run_after=None
[2026-06-01T12:47:31.532+0000] {logging_mixin.py:188} INFO - [2026-06-01T12:47:31.531+0000] {dag.py:3954} INFO - Setting next_dagrun for dataset_produces_1 to 2026-05-31 00:00:00+00:00, run_after=2026-06-01 00:00:00+00:00
[2026-06-01T12:47:31.548+0000] {logging_mixin.py:188} INFO - [2026-06-01T12:47:31.547+0000] {dag.py:3954} INFO - Setting next_dagrun for dataset_produces_2 to None, run_after=None
[2026-06-01T12:47:32.143+0000] {processor.py:183} INFO - Processing /home/airflow/.local/lib/python3.11/site-packages/airflow/example_dags/example_datasets.py took 1.408 seconds
[2026-06-01T12:48:03.038+0000] {processor.py:161} INFO - Started process (PID=7926) to work on /home/airflow/.local/lib/python3.11/site-packages/airflow/example_dags/example_datasets.py
[2026-06-01T12:48:03.046+0000] {processor.py:830} INFO - Processing file /home/airflow/.local/lib/python3.11/site-packages/airflow/example_dags/example_datasets.py for tasks to queue
[2026-06-01T12:48:03.054+0000] {logging_mixin.py:188} INFO - [2026-06-01T12:48:03.054+0000] {dagbag.py:545} INFO - Filling up the DagBag from /home/airflow/.local/lib/python3.11/site-packages/airflow/example_dags/example_datasets.py
[2026-06-01T12:48:03.116+0000] {processor.py:840} INFO - DAG(s) 'conditional_dataset_and_time_based_timetable', 'consume_1_or_both_2_and_3_with_dataset_expressions', 'dataset_consumes_1_and_2', 'dataset_consumes_1', 'consume_1_or_2_with_dataset_expressions', 'dataset_consumes_unknown_never_scheduled', 'dataset_produces_2', 'dataset_consumes_1_never_scheduled', 'dataset_produces_1', 'consume_1_and_2_with_dataset_expressions' retrieved from /home/airflow/.local/lib/python3.11/site-packages/airflow/example_dags/example_datasets.py
[2026-06-01T12:48:03.354+0000] {logging_mixin.py:188} INFO - [2026-06-01T12:48:03.354+0000] {dag.py:3096} INFO - Sync 10 DAGs
[2026-06-01T12:48:03.488+0000] {logging_mixin.py:188} INFO - [2026-06-01T12:48:03.488+0000] {dag.py:3954} INFO - Setting next_dagrun for conditional_dataset_and_time_based_timetable to 2026-05-27 01:00:00+00:00, run_after=2026-05-27 01:00:00+00:00
[2026-06-01T12:48:03.515+0000] {logging_mixin.py:188} INFO - [2026-06-01T12:48:03.514+0000] {dag.py:3954} INFO - Setting next_dagrun for consume_1_and_2_with_dataset_expressions to None, run_after=None
[2026-06-01T12:48:03.531+0000] {logging_mixin.py:188} INFO - [2026-06-01T12:48:03.531+0000] {dag.py:3954} INFO - Setting next_dagrun for consume_1_or_2_with_dataset_expressions to None, run_after=None
[2026-06-01T12:48:03.539+0000] {logging_mixin.py:188} INFO - [2026-06-01T12:48:03.539+0000] {dag.py:3954} INFO - Setting next_dagrun for consume_1_or_both_2_and_3_with_dataset_expressions to None, run_after=None
[2026-06-01T12:48:03.547+0000] {logging_mixin.py:188} INFO - [2026-06-01T12:48:03.547+0000] {dag.py:3954} INFO - Setting next_dagrun for dataset_consumes_1 to None, run_after=None
[2026-06-01T12:48:03.555+0000] {logging_mixin.py:188} INFO - [2026-06-01T12:48:03.555+0000] {dag.py:3954} INFO - Setting next_dagrun for dataset_consumes_1_and_2 to None, run_after=None
[2026-06-01T12:48:03.563+0000] {logging_mixin.py:188} INFO - [2026-06-01T12:48:03.563+0000] {dag.py:3954} INFO - Setting next_dagrun for dataset_consumes_1_never_scheduled to None, run_after=None
[2026-06-01T12:48:03.571+0000] {logging_mixin.py:188} INFO - [2026-06-01T12:48:03.571+0000] {dag.py:3954} INFO - Setting next_dagrun for dataset_consumes_unknown_never_scheduled to None, run_after=None
[2026-06-01T12:48:03.579+0000] {logging_mixin.py:188} INFO - [2026-06-01T12:48:03.579+0000] {dag.py:3954} INFO - Setting next_dagrun for dataset_produces_1 to 2026-05-31 00:00:00+00:00, run_after=2026-06-01 00:00:00+00:00
[2026-06-01T12:48:03.587+0000] {logging_mixin.py:188} INFO - [2026-06-01T12:48:03.587+0000] {dag.py:3954} INFO - Setting next_dagrun for dataset_produces_2 to None, run_after=None
[2026-06-01T12:48:03.710+0000] {processor.py:183} INFO - Processing /home/airflow/.local/lib/python3.11/site-packages/airflow/example_dags/example_datasets.py took 0.712 seconds
[2026-06-01T12:48:34.218+0000] {processor.py:161} INFO - Started process (PID=8202) to work on /home/airflow/.local/lib/python3.11/site-packages/airflow/example_dags/example_datasets.py
[2026-06-01T12:48:34.230+0000] {processor.py:830} INFO - Processing file /home/airflow/.local/lib/python3.11/site-packages/airflow/example_dags/example_datasets.py for tasks to queue
[2026-06-01T12:48:34.261+0000] {logging_mixin.py:188} INFO - [2026-06-01T12:48:34.257+0000] {dagbag.py:545} INFO - Filling up the DagBag from /home/airflow/.local/lib/python3.11/site-packages/airflow/example_dags/example_datasets.py
[2026-06-01T12:48:34.349+0000] {processor.py:840} INFO - DAG(s) 'consume_1_or_2_with_dataset_expressions', 'dataset_consumes_1_never_scheduled', 'dataset_consumes_unknown_never_scheduled', 'dataset_consumes_1_and_2', 'consume_1_and_2_with_dataset_expressions', 'conditional_dataset_and_time_based_timetable', 'consume_1_or_both_2_and_3_with_dataset_expressions', 'dataset_consumes_1', 'dataset_produces_2', 'dataset_produces_1' retrieved from /home/airflow/.local/lib/python3.11/site-packages/airflow/example_dags/example_datasets.py
[2026-06-01T12:48:34.518+0000] {logging_mixin.py:188} INFO - [2026-06-01T12:48:34.518+0000] {dag.py:3096} INFO - Sync 10 DAGs
[2026-06-01T12:48:34.600+0000] {logging_mixin.py:188} INFO - [2026-06-01T12:48:34.600+0000] {dag.py:3954} INFO - Setting next_dagrun for conditional_dataset_and_time_based_timetable to 2026-05-27 01:00:00+00:00, run_after=2026-05-27 01:00:00+00:00
[2026-06-01T12:48:34.618+0000] {logging_mixin.py:188} INFO - [2026-06-01T12:48:34.618+0000] {dag.py:3954} INFO - Setting next_dagrun for consume_1_and_2_with_dataset_expressions to None, run_after=None
[2026-06-01T12:48:34.627+0000] {logging_mixin.py:188} INFO - [2026-06-01T12:48:34.627+0000] {dag.py:3954} INFO - Setting next_dagrun for consume_1_or_2_with_dataset_expressions to None, run_after=None
[2026-06-01T12:48:34.635+0000] {logging_mixin.py:188} INFO - [2026-06-01T12:48:34.635+0000] {dag.py:3954} INFO - Setting next_dagrun for consume_1_or_both_2_and_3_with_dataset_expressions to None, run_after=None
[2026-06-01T12:48:34.643+0000] {logging_mixin.py:188} INFO - [2026-06-01T12:48:34.643+0000] {dag.py:3954} INFO - Setting next_dagrun for dataset_consumes_1 to None, run_after=None
[2026-06-01T12:48:34.651+0000] {logging_mixin.py:188} INFO - [2026-06-01T12:48:34.651+0000] {dag.py:3954} INFO - Setting next_dagrun for dataset_consumes_1_and_2 to None, run_after=None
[2026-06-01T12:48:34.659+0000] {logging_mixin.py:188} INFO - [2026-06-01T12:48:34.659+0000] {dag.py:3954} INFO - Setting next_dagrun for dataset_consumes_1_never_scheduled to None, run_after=None
[2026-06-01T12:48:34.667+0000] {logging_mixin.py:188} INFO - [2026-06-01T12:48:34.667+0000] {dag.py:3954} INFO - Setting next_dagrun for dataset_consumes_unknown_never_scheduled to None, run_after=None
[2026-06-01T12:48:34.676+0000] {logging_mixin.py:188} INFO - [2026-06-01T12:48:34.676+0000] {dag.py:3954} INFO - Setting next_dagrun for dataset_produces_1 to 2026-05-31 00:00:00+00:00, run_after=2026-06-01 00:00:00+00:00
[2026-06-01T12:48:34.683+0000] {logging_mixin.py:188} INFO - [2026-06-01T12:48:34.682+0000] {dag.py:3954} INFO - Setting next_dagrun for dataset_produces_2 to None, run_after=None
[2026-06-01T12:48:34.771+0000] {processor.py:183} INFO - Processing /home/airflow/.local/lib/python3.11/site-packages/airflow/example_dags/example_datasets.py took 0.582 seconds
[2026-06-01T12:49:06.154+0000] {processor.py:161} INFO - Started process (PID=8476) to work on /home/airflow/.local/lib/python3.11/site-packages/airflow/example_dags/example_datasets.py
[2026-06-01T12:49:06.156+0000] {processor.py:830} INFO - Processing file /home/airflow/.local/lib/python3.11/site-packages/airflow/example_dags/example_datasets.py for tasks to queue
[2026-06-01T12:49:06.158+0000] {logging_mixin.py:188} INFO - [2026-06-01T12:49:06.157+0000] {dagbag.py:545} INFO - Filling up the DagBag from /home/airflow/.local/lib/python3.11/site-packages/airflow/example_dags/example_datasets.py
[2026-06-01T12:49:06.232+0000] {processor.py:840} INFO - DAG(s) 'dataset_produces_1', 'dataset_consumes_1', 'conditional_dataset_and_time_based_timetable', 'dataset_produces_2', 'consume_1_or_both_2_and_3_with_dataset_expressions', 'consume_1_or_2_with_dataset_expressions', 'dataset_consumes_1_never_scheduled', 'dataset_consumes_1_and_2', 'consume_1_and_2_with_dataset_expressions', 'dataset_consumes_unknown_never_scheduled' retrieved from /home/airflow/.local/lib/python3.11/site-packages/airflow/example_dags/example_datasets.py
[2026-06-01T12:49:06.353+0000] {logging_mixin.py:188} INFO - [2026-06-01T12:49:06.353+0000] {dag.py:3096} INFO - Sync 10 DAGs
[2026-06-01T12:49:06.489+0000] {logging_mixin.py:188} INFO - [2026-06-01T12:49:06.488+0000] {dag.py:3954} INFO - Setting next_dagrun for conditional_dataset_and_time_based_timetable to 2026-05-27 01:00:00+00:00, run_after=2026-05-27 01:00:00+00:00
[2026-06-01T12:49:06.503+0000] {logging_mixin.py:188} INFO - [2026-06-01T12:49:06.503+0000] {dag.py:3954} INFO - Setting next_dagrun for consume_1_and_2_with_dataset_expressions to None, run_after=None
[2026-06-01T12:49:06.516+0000] {logging_mixin.py:188} INFO - [2026-06-01T12:49:06.516+0000] {dag.py:3954} INFO - Setting next_dagrun for consume_1_or_2_with_dataset_expressions to None, run_after=None
[2026-06-01T12:49:06.517+0000] {logging_mixin.py:188} INFO - [2026-06-01T12:49:06.517+0000] {dag.py:3954} INFO - Setting next_dagrun for consume_1_or_both_2_and_3_with_dataset_expressions to None, run_after=None
[2026-06-01T12:49:06.535+0000] {logging_mixin.py:188} INFO - [2026-06-01T12:49:06.535+0000] {dag.py:3954} INFO - Setting next_dagrun for dataset_consumes_1 to None, run_after=None
[2026-06-01T12:49:06.551+0000] {logging_mixin.py:188} INFO - [2026-06-01T12:49:06.550+0000] {dag.py:3954} INFO - Setting next_dagrun for dataset_consumes_1_and_2 to None, run_after=None
[2026-06-01T12:49:06.558+0000] {logging_mixin.py:188} INFO - [2026-06-01T12:49:06.558+0000] {dag.py:3954} INFO - Setting next_dagrun for dataset_consumes_1_never_scheduled to None, run_after=None
[2026-06-01T12:49:06.562+0000] {logging_mixin.py:188} INFO - [2026-06-01T12:49:06.562+0000] {dag.py:3954} INFO - Setting next_dagrun for dataset_consumes_unknown_never_scheduled to None, run_after=None
[2026-06-01T12:49:06.568+0000] {logging_mixin.py:188} INFO - [2026-06-01T12:49:06.567+0000] {dag.py:3954} INFO - Setting next_dagrun for dataset_produces_1 to 2026-05-31 00:00:00+00:00, run_after=2026-06-01 00:00:00+00:00
[2026-06-01T12:49:06.582+0000] {logging_mixin.py:188} INFO - [2026-06-01T12:49:06.582+0000] {dag.py:3954} INFO - Setting next_dagrun for dataset_produces_2 to None, run_after=None
[2026-06-01T12:49:06.736+0000] {processor.py:183} INFO - Processing /home/airflow/.local/lib/python3.11/site-packages/airflow/example_dags/example_datasets.py took 0.603 seconds
