[2026-06-01T12:04:45.250+0000] {processor.py:161} INFO - Started process (PID=111) to work on /home/airflow/.local/lib/python3.11/site-packages/airflow/example_dags/example_python_decorator.py
[2026-06-01T12:04:45.252+0000] {processor.py:830} INFO - Processing file /home/airflow/.local/lib/python3.11/site-packages/airflow/example_dags/example_python_decorator.py for tasks to queue
[2026-06-01T12:04:45.255+0000] {logging_mixin.py:188} INFO - [2026-06-01T12:04:45.254+0000] {dagbag.py:545} INFO - Filling up the DagBag from /home/airflow/.local/lib/python3.11/site-packages/airflow/example_dags/example_python_decorator.py
[2026-06-01T12:04:45.276+0000] {processor.py:840} INFO - DAG(s) 'example_python_decorator' retrieved from /home/airflow/.local/lib/python3.11/site-packages/airflow/example_dags/example_python_decorator.py
[2026-06-01T12:04:45.422+0000] {logging_mixin.py:188} INFO - [2026-06-01T12:04:45.422+0000] {override.py:1829} INFO - Created Permission View: can read on DAG:example_python_decorator
[2026-06-01T12:04:45.436+0000] {logging_mixin.py:188} INFO - [2026-06-01T12:04:45.435+0000] {override.py:1829} INFO - Created Permission View: can delete on DAG:example_python_decorator
[2026-06-01T12:04:45.445+0000] {logging_mixin.py:188} INFO - [2026-06-01T12:04:45.445+0000] {override.py:1829} INFO - Created Permission View: can edit on DAG:example_python_decorator
[2026-06-01T12:04:45.446+0000] {logging_mixin.py:188} INFO - [2026-06-01T12:04:45.446+0000] {dag.py:3096} INFO - Sync 1 DAGs
[2026-06-01T12:04:45.462+0000] {logging_mixin.py:188} INFO - [2026-06-01T12:04:45.462+0000] {dag.py:3118} INFO - Creating ORM DAG for example_python_decorator
[2026-06-01T12:04:45.464+0000] {logging_mixin.py:188} INFO - [2026-06-01T12:04:45.464+0000] {dag.py:3954} INFO - Setting next_dagrun for example_python_decorator to None, run_after=None
[2026-06-01T12:04:45.488+0000] {processor.py:183} INFO - Processing /home/airflow/.local/lib/python3.11/site-packages/airflow/example_dags/example_python_decorator.py took 0.247 seconds
[2026-06-01T12:05:16.178+0000] {processor.py:161} INFO - Started process (PID=170) to work on /home/airflow/.local/lib/python3.11/site-packages/airflow/example_dags/example_python_decorator.py
[2026-06-01T12:05:16.179+0000] {processor.py:830} INFO - Processing file /home/airflow/.local/lib/python3.11/site-packages/airflow/example_dags/example_python_decorator.py for tasks to queue
[2026-06-01T12:05:16.182+0000] {logging_mixin.py:188} INFO - [2026-06-01T12:05:16.181+0000] {dagbag.py:545} INFO - Filling up the DagBag from /home/airflow/.local/lib/python3.11/site-packages/airflow/example_dags/example_python_decorator.py
[2026-06-01T12:05:16.198+0000] {processor.py:840} INFO - DAG(s) 'example_python_decorator' retrieved from /home/airflow/.local/lib/python3.11/site-packages/airflow/example_dags/example_python_decorator.py
[2026-06-01T12:05:16.228+0000] {logging_mixin.py:188} INFO - [2026-06-01T12:05:16.227+0000] {dag.py:3096} INFO - Sync 1 DAGs
[2026-06-01T12:05:16.243+0000] {logging_mixin.py:188} INFO - [2026-06-01T12:05:16.243+0000] {dag.py:3954} INFO - Setting next_dagrun for example_python_decorator to None, run_after=None
[2026-06-01T12:05:16.273+0000] {processor.py:183} INFO - Processing /home/airflow/.local/lib/python3.11/site-packages/airflow/example_dags/example_python_decorator.py took 0.103 seconds
[2026-06-01T12:05:47.444+0000] {processor.py:161} INFO - Started process (PID=229) to work on /home/airflow/.local/lib/python3.11/site-packages/airflow/example_dags/example_python_decorator.py
[2026-06-01T12:05:47.446+0000] {processor.py:830} INFO - Processing file /home/airflow/.local/lib/python3.11/site-packages/airflow/example_dags/example_python_decorator.py for tasks to queue
[2026-06-01T12:05:47.452+0000] {logging_mixin.py:188} INFO - [2026-06-01T12:05:47.451+0000] {dagbag.py:545} INFO - Filling up the DagBag from /home/airflow/.local/lib/python3.11/site-packages/airflow/example_dags/example_python_decorator.py
[2026-06-01T12:05:47.492+0000] {processor.py:840} INFO - DAG(s) 'example_python_decorator' retrieved from /home/airflow/.local/lib/python3.11/site-packages/airflow/example_dags/example_python_decorator.py
[2026-06-01T12:05:47.548+0000] {logging_mixin.py:188} INFO - [2026-06-01T12:05:47.548+0000] {dag.py:3096} INFO - Sync 1 DAGs
[2026-06-01T12:05:47.579+0000] {logging_mixin.py:188} INFO - [2026-06-01T12:05:47.579+0000] {dag.py:3954} INFO - Setting next_dagrun for example_python_decorator to None, run_after=None
[2026-06-01T12:05:47.632+0000] {processor.py:183} INFO - Processing /home/airflow/.local/lib/python3.11/site-packages/airflow/example_dags/example_python_decorator.py took 0.202 seconds
[2026-06-01T12:06:18.348+0000] {processor.py:161} INFO - Started process (PID=288) to work on /home/airflow/.local/lib/python3.11/site-packages/airflow/example_dags/example_python_decorator.py
[2026-06-01T12:06:18.349+0000] {processor.py:830} INFO - Processing file /home/airflow/.local/lib/python3.11/site-packages/airflow/example_dags/example_python_decorator.py for tasks to queue
[2026-06-01T12:06:18.353+0000] {logging_mixin.py:188} INFO - [2026-06-01T12:06:18.352+0000] {dagbag.py:545} INFO - Filling up the DagBag from /home/airflow/.local/lib/python3.11/site-packages/airflow/example_dags/example_python_decorator.py
[2026-06-01T12:06:18.385+0000] {processor.py:840} INFO - DAG(s) 'example_python_decorator' retrieved from /home/airflow/.local/lib/python3.11/site-packages/airflow/example_dags/example_python_decorator.py
[2026-06-01T12:06:18.464+0000] {logging_mixin.py:188} INFO - [2026-06-01T12:06:18.464+0000] {dag.py:3096} INFO - Sync 1 DAGs
[2026-06-01T12:06:18.565+0000] {logging_mixin.py:188} INFO - [2026-06-01T12:06:18.565+0000] {dag.py:3954} INFO - Setting next_dagrun for example_python_decorator to None, run_after=None
[2026-06-01T12:06:18.616+0000] {processor.py:183} INFO - Processing /home/airflow/.local/lib/python3.11/site-packages/airflow/example_dags/example_python_decorator.py took 0.281 seconds
[2026-06-01T12:06:48.941+0000] {processor.py:161} INFO - Started process (PID=347) to work on /home/airflow/.local/lib/python3.11/site-packages/airflow/example_dags/example_python_decorator.py
[2026-06-01T12:06:48.944+0000] {processor.py:830} INFO - Processing file /home/airflow/.local/lib/python3.11/site-packages/airflow/example_dags/example_python_decorator.py for tasks to queue
[2026-06-01T12:06:48.958+0000] {logging_mixin.py:188} INFO - [2026-06-01T12:06:48.957+0000] {dagbag.py:545} INFO - Filling up the DagBag from /home/airflow/.local/lib/python3.11/site-packages/airflow/example_dags/example_python_decorator.py
[2026-06-01T12:06:48.996+0000] {processor.py:840} INFO - DAG(s) 'example_python_decorator' retrieved from /home/airflow/.local/lib/python3.11/site-packages/airflow/example_dags/example_python_decorator.py
[2026-06-01T12:06:49.028+0000] {logging_mixin.py:188} INFO - [2026-06-01T12:06:49.027+0000] {dag.py:3096} INFO - Sync 1 DAGs
[2026-06-01T12:06:49.056+0000] {logging_mixin.py:188} INFO - [2026-06-01T12:06:49.056+0000] {dag.py:3954} INFO - Setting next_dagrun for example_python_decorator to None, run_after=None
[2026-06-01T12:06:49.098+0000] {processor.py:183} INFO - Processing /home/airflow/.local/lib/python3.11/site-packages/airflow/example_dags/example_python_decorator.py took 0.173 seconds
[2026-06-01T12:07:19.832+0000] {processor.py:161} INFO - Started process (PID=406) to work on /home/airflow/.local/lib/python3.11/site-packages/airflow/example_dags/example_python_decorator.py
[2026-06-01T12:07:19.834+0000] {processor.py:830} INFO - Processing file /home/airflow/.local/lib/python3.11/site-packages/airflow/example_dags/example_python_decorator.py for tasks to queue
[2026-06-01T12:07:19.837+0000] {logging_mixin.py:188} INFO - [2026-06-01T12:07:19.836+0000] {dagbag.py:545} INFO - Filling up the DagBag from /home/airflow/.local/lib/python3.11/site-packages/airflow/example_dags/example_python_decorator.py
[2026-06-01T12:07:19.869+0000] {processor.py:840} INFO - DAG(s) 'example_python_decorator' retrieved from /home/airflow/.local/lib/python3.11/site-packages/airflow/example_dags/example_python_decorator.py
[2026-06-01T12:07:20.165+0000] {logging_mixin.py:188} INFO - [2026-06-01T12:07:20.164+0000] {dag.py:3096} INFO - Sync 1 DAGs
[2026-06-01T12:07:20.203+0000] {logging_mixin.py:188} INFO - [2026-06-01T12:07:20.203+0000] {dag.py:3954} INFO - Setting next_dagrun for example_python_decorator to None, run_after=None
[2026-06-01T12:07:20.286+0000] {processor.py:183} INFO - Processing /home/airflow/.local/lib/python3.11/site-packages/airflow/example_dags/example_python_decorator.py took 0.464 seconds
[2026-06-01T12:07:51.069+0000] {processor.py:161} INFO - Started process (PID=466) to work on /home/airflow/.local/lib/python3.11/site-packages/airflow/example_dags/example_python_decorator.py
[2026-06-01T12:07:51.071+0000] {processor.py:830} INFO - Processing file /home/airflow/.local/lib/python3.11/site-packages/airflow/example_dags/example_python_decorator.py for tasks to queue
[2026-06-01T12:07:51.074+0000] {logging_mixin.py:188} INFO - [2026-06-01T12:07:51.073+0000] {dagbag.py:545} INFO - Filling up the DagBag from /home/airflow/.local/lib/python3.11/site-packages/airflow/example_dags/example_python_decorator.py
[2026-06-01T12:07:51.086+0000] {processor.py:840} INFO - DAG(s) 'example_python_decorator' retrieved from /home/airflow/.local/lib/python3.11/site-packages/airflow/example_dags/example_python_decorator.py
[2026-06-01T12:07:51.110+0000] {logging_mixin.py:188} INFO - [2026-06-01T12:07:51.110+0000] {dag.py:3096} INFO - Sync 1 DAGs
[2026-06-01T12:07:51.122+0000] {logging_mixin.py:188} INFO - [2026-06-01T12:07:51.122+0000] {dag.py:3954} INFO - Setting next_dagrun for example_python_decorator to None, run_after=None
[2026-06-01T12:07:51.153+0000] {processor.py:183} INFO - Processing /home/airflow/.local/lib/python3.11/site-packages/airflow/example_dags/example_python_decorator.py took 0.089 seconds
[2026-06-01T12:08:21.540+0000] {processor.py:161} INFO - Started process (PID=525) to work on /home/airflow/.local/lib/python3.11/site-packages/airflow/example_dags/example_python_decorator.py
[2026-06-01T12:08:21.541+0000] {processor.py:830} INFO - Processing file /home/airflow/.local/lib/python3.11/site-packages/airflow/example_dags/example_python_decorator.py for tasks to queue
[2026-06-01T12:08:21.543+0000] {logging_mixin.py:188} INFO - [2026-06-01T12:08:21.543+0000] {dagbag.py:545} INFO - Filling up the DagBag from /home/airflow/.local/lib/python3.11/site-packages/airflow/example_dags/example_python_decorator.py
[2026-06-01T12:08:21.560+0000] {processor.py:840} INFO - DAG(s) 'example_python_decorator' retrieved from /home/airflow/.local/lib/python3.11/site-packages/airflow/example_dags/example_python_decorator.py
[2026-06-01T12:08:21.588+0000] {logging_mixin.py:188} INFO - [2026-06-01T12:08:21.588+0000] {dag.py:3096} INFO - Sync 1 DAGs
[2026-06-01T12:08:21.602+0000] {logging_mixin.py:188} INFO - [2026-06-01T12:08:21.602+0000] {dag.py:3954} INFO - Setting next_dagrun for example_python_decorator to None, run_after=None
[2026-06-01T12:08:21.625+0000] {processor.py:183} INFO - Processing /home/airflow/.local/lib/python3.11/site-packages/airflow/example_dags/example_python_decorator.py took 0.093 seconds
[2026-06-01T12:08:51.997+0000] {processor.py:161} INFO - Started process (PID=584) to work on /home/airflow/.local/lib/python3.11/site-packages/airflow/example_dags/example_python_decorator.py
[2026-06-01T12:08:52.007+0000] {processor.py:830} INFO - Processing file /home/airflow/.local/lib/python3.11/site-packages/airflow/example_dags/example_python_decorator.py for tasks to queue
[2026-06-01T12:08:52.010+0000] {logging_mixin.py:188} INFO - [2026-06-01T12:08:52.009+0000] {dagbag.py:545} INFO - Filling up the DagBag from /home/airflow/.local/lib/python3.11/site-packages/airflow/example_dags/example_python_decorator.py
[2026-06-01T12:08:52.032+0000] {processor.py:840} INFO - DAG(s) 'example_python_decorator' retrieved from /home/airflow/.local/lib/python3.11/site-packages/airflow/example_dags/example_python_decorator.py
[2026-06-01T12:08:52.065+0000] {logging_mixin.py:188} INFO - [2026-06-01T12:08:52.065+0000] {dag.py:3096} INFO - Sync 1 DAGs
[2026-06-01T12:08:52.081+0000] {logging_mixin.py:188} INFO - [2026-06-01T12:08:52.080+0000] {dag.py:3954} INFO - Setting next_dagrun for example_python_decorator to None, run_after=None
[2026-06-01T12:08:52.112+0000] {processor.py:183} INFO - Processing /home/airflow/.local/lib/python3.11/site-packages/airflow/example_dags/example_python_decorator.py took 0.133 seconds
[2026-06-01T12:09:22.236+0000] {processor.py:161} INFO - Started process (PID=643) to work on /home/airflow/.local/lib/python3.11/site-packages/airflow/example_dags/example_python_decorator.py
[2026-06-01T12:09:22.238+0000] {processor.py:830} INFO - Processing file /home/airflow/.local/lib/python3.11/site-packages/airflow/example_dags/example_python_decorator.py for tasks to queue
[2026-06-01T12:09:22.241+0000] {logging_mixin.py:188} INFO - [2026-06-01T12:09:22.240+0000] {dagbag.py:545} INFO - Filling up the DagBag from /home/airflow/.local/lib/python3.11/site-packages/airflow/example_dags/example_python_decorator.py
[2026-06-01T12:09:22.255+0000] {processor.py:840} INFO - DAG(s) 'example_python_decorator' retrieved from /home/airflow/.local/lib/python3.11/site-packages/airflow/example_dags/example_python_decorator.py
[2026-06-01T12:09:22.279+0000] {logging_mixin.py:188} INFO - [2026-06-01T12:09:22.279+0000] {dag.py:3096} INFO - Sync 1 DAGs
[2026-06-01T12:09:22.293+0000] {logging_mixin.py:188} INFO - [2026-06-01T12:09:22.293+0000] {dag.py:3954} INFO - Setting next_dagrun for example_python_decorator to None, run_after=None
[2026-06-01T12:09:22.314+0000] {processor.py:183} INFO - Processing /home/airflow/.local/lib/python3.11/site-packages/airflow/example_dags/example_python_decorator.py took 0.085 seconds
[2026-06-01T12:11:07.232+0000] {processor.py:161} INFO - Started process (PID=116) to work on /home/airflow/.local/lib/python3.11/site-packages/airflow/example_dags/example_python_decorator.py
[2026-06-01T12:11:07.234+0000] {processor.py:830} INFO - Processing file /home/airflow/.local/lib/python3.11/site-packages/airflow/example_dags/example_python_decorator.py for tasks to queue
[2026-06-01T12:11:07.240+0000] {logging_mixin.py:188} INFO - [2026-06-01T12:11:07.239+0000] {dagbag.py:545} INFO - Filling up the DagBag from /home/airflow/.local/lib/python3.11/site-packages/airflow/example_dags/example_python_decorator.py
[2026-06-01T12:11:07.264+0000] {processor.py:840} INFO - DAG(s) 'example_python_decorator' retrieved from /home/airflow/.local/lib/python3.11/site-packages/airflow/example_dags/example_python_decorator.py
[2026-06-01T12:11:07.448+0000] {logging_mixin.py:188} INFO - [2026-06-01T12:11:07.447+0000] {dag.py:3096} INFO - Sync 1 DAGs
[2026-06-01T12:11:07.471+0000] {logging_mixin.py:188} INFO - [2026-06-01T12:11:07.471+0000] {dag.py:3954} INFO - Setting next_dagrun for example_python_decorator to None, run_after=None
[2026-06-01T12:11:07.509+0000] {processor.py:183} INFO - Processing /home/airflow/.local/lib/python3.11/site-packages/airflow/example_dags/example_python_decorator.py took 0.290 seconds
[2026-06-01T12:11:37.666+0000] {processor.py:161} INFO - Started process (PID=185) to work on /home/airflow/.local/lib/python3.11/site-packages/airflow/example_dags/example_python_decorator.py
[2026-06-01T12:11:37.669+0000] {processor.py:830} INFO - Processing file /home/airflow/.local/lib/python3.11/site-packages/airflow/example_dags/example_python_decorator.py for tasks to queue
[2026-06-01T12:11:37.675+0000] {logging_mixin.py:188} INFO - [2026-06-01T12:11:37.674+0000] {dagbag.py:545} INFO - Filling up the DagBag from /home/airflow/.local/lib/python3.11/site-packages/airflow/example_dags/example_python_decorator.py
[2026-06-01T12:11:37.697+0000] {processor.py:840} INFO - DAG(s) 'example_python_decorator' retrieved from /home/airflow/.local/lib/python3.11/site-packages/airflow/example_dags/example_python_decorator.py
[2026-06-01T12:11:37.729+0000] {logging_mixin.py:188} INFO - [2026-06-01T12:11:37.729+0000] {dag.py:3096} INFO - Sync 1 DAGs
[2026-06-01T12:11:37.752+0000] {logging_mixin.py:188} INFO - [2026-06-01T12:11:37.751+0000] {dag.py:3954} INFO - Setting next_dagrun for example_python_decorator to None, run_after=None
[2026-06-01T12:11:37.779+0000] {processor.py:183} INFO - Processing /home/airflow/.local/lib/python3.11/site-packages/airflow/example_dags/example_python_decorator.py took 0.126 seconds
[2026-06-01T12:12:08.195+0000] {processor.py:161} INFO - Started process (PID=275) to work on /home/airflow/.local/lib/python3.11/site-packages/airflow/example_dags/example_python_decorator.py
[2026-06-01T12:12:08.197+0000] {processor.py:830} INFO - Processing file /home/airflow/.local/lib/python3.11/site-packages/airflow/example_dags/example_python_decorator.py for tasks to queue
[2026-06-01T12:12:08.202+0000] {logging_mixin.py:188} INFO - [2026-06-01T12:12:08.202+0000] {dagbag.py:545} INFO - Filling up the DagBag from /home/airflow/.local/lib/python3.11/site-packages/airflow/example_dags/example_python_decorator.py
[2026-06-01T12:12:08.236+0000] {processor.py:840} INFO - DAG(s) 'example_python_decorator' retrieved from /home/airflow/.local/lib/python3.11/site-packages/airflow/example_dags/example_python_decorator.py
[2026-06-01T12:12:08.270+0000] {logging_mixin.py:188} INFO - [2026-06-01T12:12:08.269+0000] {dag.py:3096} INFO - Sync 1 DAGs
[2026-06-01T12:12:08.291+0000] {logging_mixin.py:188} INFO - [2026-06-01T12:12:08.291+0000] {dag.py:3954} INFO - Setting next_dagrun for example_python_decorator to None, run_after=None
[2026-06-01T12:12:08.332+0000] {processor.py:183} INFO - Processing /home/airflow/.local/lib/python3.11/site-packages/airflow/example_dags/example_python_decorator.py took 0.154 seconds
[2026-06-01T12:12:38.521+0000] {processor.py:161} INFO - Started process (PID=343) to work on /home/airflow/.local/lib/python3.11/site-packages/airflow/example_dags/example_python_decorator.py
[2026-06-01T12:12:38.522+0000] {processor.py:830} INFO - Processing file /home/airflow/.local/lib/python3.11/site-packages/airflow/example_dags/example_python_decorator.py for tasks to queue
[2026-06-01T12:12:38.524+0000] {logging_mixin.py:188} INFO - [2026-06-01T12:12:38.524+0000] {dagbag.py:545} INFO - Filling up the DagBag from /home/airflow/.local/lib/python3.11/site-packages/airflow/example_dags/example_python_decorator.py
[2026-06-01T12:12:38.540+0000] {processor.py:840} INFO - DAG(s) 'example_python_decorator' retrieved from /home/airflow/.local/lib/python3.11/site-packages/airflow/example_dags/example_python_decorator.py
[2026-06-01T12:12:38.568+0000] {logging_mixin.py:188} INFO - [2026-06-01T12:12:38.568+0000] {dag.py:3096} INFO - Sync 1 DAGs
[2026-06-01T12:12:38.582+0000] {logging_mixin.py:188} INFO - [2026-06-01T12:12:38.582+0000] {dag.py:3954} INFO - Setting next_dagrun for example_python_decorator to None, run_after=None
[2026-06-01T12:12:38.613+0000] {processor.py:183} INFO - Processing /home/airflow/.local/lib/python3.11/site-packages/airflow/example_dags/example_python_decorator.py took 0.099 seconds
[2026-06-01T12:13:11.008+0000] {processor.py:161} INFO - Started process (PID=411) to work on /home/airflow/.local/lib/python3.11/site-packages/airflow/example_dags/example_python_decorator.py
[2026-06-01T12:13:11.010+0000] {processor.py:830} INFO - Processing file /home/airflow/.local/lib/python3.11/site-packages/airflow/example_dags/example_python_decorator.py for tasks to queue
[2026-06-01T12:13:11.013+0000] {logging_mixin.py:188} INFO - [2026-06-01T12:13:11.012+0000] {dagbag.py:545} INFO - Filling up the DagBag from /home/airflow/.local/lib/python3.11/site-packages/airflow/example_dags/example_python_decorator.py
[2026-06-01T12:13:11.032+0000] {processor.py:840} INFO - DAG(s) 'example_python_decorator' retrieved from /home/airflow/.local/lib/python3.11/site-packages/airflow/example_dags/example_python_decorator.py
[2026-06-01T12:13:11.062+0000] {logging_mixin.py:188} INFO - [2026-06-01T12:13:11.062+0000] {dag.py:3096} INFO - Sync 1 DAGs
[2026-06-01T12:13:11.079+0000] {logging_mixin.py:188} INFO - [2026-06-01T12:13:11.079+0000] {dag.py:3954} INFO - Setting next_dagrun for example_python_decorator to None, run_after=None
[2026-06-01T12:13:11.108+0000] {processor.py:183} INFO - Processing /home/airflow/.local/lib/python3.11/site-packages/airflow/example_dags/example_python_decorator.py took 0.108 seconds
[2026-06-01T12:13:42.003+0000] {processor.py:161} INFO - Started process (PID=479) to work on /home/airflow/.local/lib/python3.11/site-packages/airflow/example_dags/example_python_decorator.py
[2026-06-01T12:13:42.005+0000] {processor.py:830} INFO - Processing file /home/airflow/.local/lib/python3.11/site-packages/airflow/example_dags/example_python_decorator.py for tasks to queue
[2026-06-01T12:13:42.008+0000] {logging_mixin.py:188} INFO - [2026-06-01T12:13:42.007+0000] {dagbag.py:545} INFO - Filling up the DagBag from /home/airflow/.local/lib/python3.11/site-packages/airflow/example_dags/example_python_decorator.py
[2026-06-01T12:13:42.032+0000] {processor.py:840} INFO - DAG(s) 'example_python_decorator' retrieved from /home/airflow/.local/lib/python3.11/site-packages/airflow/example_dags/example_python_decorator.py
[2026-06-01T12:13:42.072+0000] {logging_mixin.py:188} INFO - [2026-06-01T12:13:42.072+0000] {dag.py:3096} INFO - Sync 1 DAGs
[2026-06-01T12:13:42.091+0000] {logging_mixin.py:188} INFO - [2026-06-01T12:13:42.091+0000] {dag.py:3954} INFO - Setting next_dagrun for example_python_decorator to None, run_after=None
[2026-06-01T12:13:42.127+0000] {processor.py:183} INFO - Processing /home/airflow/.local/lib/python3.11/site-packages/airflow/example_dags/example_python_decorator.py took 0.138 seconds
[2026-06-01T12:14:12.180+0000] {processor.py:161} INFO - Started process (PID=559) to work on /home/airflow/.local/lib/python3.11/site-packages/airflow/example_dags/example_python_decorator.py
[2026-06-01T12:14:12.182+0000] {processor.py:830} INFO - Processing file /home/airflow/.local/lib/python3.11/site-packages/airflow/example_dags/example_python_decorator.py for tasks to queue
[2026-06-01T12:14:12.185+0000] {logging_mixin.py:188} INFO - [2026-06-01T12:14:12.185+0000] {dagbag.py:545} INFO - Filling up the DagBag from /home/airflow/.local/lib/python3.11/site-packages/airflow/example_dags/example_python_decorator.py
[2026-06-01T12:14:12.208+0000] {processor.py:840} INFO - DAG(s) 'example_python_decorator' retrieved from /home/airflow/.local/lib/python3.11/site-packages/airflow/example_dags/example_python_decorator.py
[2026-06-01T12:14:12.250+0000] {logging_mixin.py:188} INFO - [2026-06-01T12:14:12.250+0000] {dag.py:3096} INFO - Sync 1 DAGs
[2026-06-01T12:14:12.272+0000] {logging_mixin.py:188} INFO - [2026-06-01T12:14:12.272+0000] {dag.py:3954} INFO - Setting next_dagrun for example_python_decorator to None, run_after=None
[2026-06-01T12:14:12.304+0000] {processor.py:183} INFO - Processing /home/airflow/.local/lib/python3.11/site-packages/airflow/example_dags/example_python_decorator.py took 0.133 seconds
[2026-06-01T12:14:42.445+0000] {processor.py:161} INFO - Started process (PID=627) to work on /home/airflow/.local/lib/python3.11/site-packages/airflow/example_dags/example_python_decorator.py
[2026-06-01T12:14:42.447+0000] {processor.py:830} INFO - Processing file /home/airflow/.local/lib/python3.11/site-packages/airflow/example_dags/example_python_decorator.py for tasks to queue
[2026-06-01T12:14:42.451+0000] {logging_mixin.py:188} INFO - [2026-06-01T12:14:42.450+0000] {dagbag.py:545} INFO - Filling up the DagBag from /home/airflow/.local/lib/python3.11/site-packages/airflow/example_dags/example_python_decorator.py
[2026-06-01T12:14:42.469+0000] {processor.py:840} INFO - DAG(s) 'example_python_decorator' retrieved from /home/airflow/.local/lib/python3.11/site-packages/airflow/example_dags/example_python_decorator.py
[2026-06-01T12:14:42.501+0000] {logging_mixin.py:188} INFO - [2026-06-01T12:14:42.500+0000] {dag.py:3096} INFO - Sync 1 DAGs
[2026-06-01T12:14:42.515+0000] {logging_mixin.py:188} INFO - [2026-06-01T12:14:42.515+0000] {dag.py:3954} INFO - Setting next_dagrun for example_python_decorator to None, run_after=None
[2026-06-01T12:14:42.549+0000] {processor.py:183} INFO - Processing /home/airflow/.local/lib/python3.11/site-packages/airflow/example_dags/example_python_decorator.py took 0.113 seconds
[2026-06-01T12:15:13.429+0000] {processor.py:161} INFO - Started process (PID=695) to work on /home/airflow/.local/lib/python3.11/site-packages/airflow/example_dags/example_python_decorator.py
[2026-06-01T12:15:13.430+0000] {processor.py:830} INFO - Processing file /home/airflow/.local/lib/python3.11/site-packages/airflow/example_dags/example_python_decorator.py for tasks to queue
[2026-06-01T12:15:13.432+0000] {logging_mixin.py:188} INFO - [2026-06-01T12:15:13.432+0000] {dagbag.py:545} INFO - Filling up the DagBag from /home/airflow/.local/lib/python3.11/site-packages/airflow/example_dags/example_python_decorator.py
[2026-06-01T12:15:13.451+0000] {processor.py:840} INFO - DAG(s) 'example_python_decorator' retrieved from /home/airflow/.local/lib/python3.11/site-packages/airflow/example_dags/example_python_decorator.py
[2026-06-01T12:15:13.481+0000] {logging_mixin.py:188} INFO - [2026-06-01T12:15:13.481+0000] {dag.py:3096} INFO - Sync 1 DAGs
[2026-06-01T12:15:13.499+0000] {logging_mixin.py:188} INFO - [2026-06-01T12:15:13.499+0000] {dag.py:3954} INFO - Setting next_dagrun for example_python_decorator to None, run_after=None
[2026-06-01T12:15:13.521+0000] {processor.py:183} INFO - Processing /home/airflow/.local/lib/python3.11/site-packages/airflow/example_dags/example_python_decorator.py took 0.100 seconds
[2026-06-01T12:15:43.881+0000] {processor.py:161} INFO - Started process (PID=763) to work on /home/airflow/.local/lib/python3.11/site-packages/airflow/example_dags/example_python_decorator.py
[2026-06-01T12:15:43.883+0000] {processor.py:830} INFO - Processing file /home/airflow/.local/lib/python3.11/site-packages/airflow/example_dags/example_python_decorator.py for tasks to queue
[2026-06-01T12:15:43.886+0000] {logging_mixin.py:188} INFO - [2026-06-01T12:15:43.886+0000] {dagbag.py:545} INFO - Filling up the DagBag from /home/airflow/.local/lib/python3.11/site-packages/airflow/example_dags/example_python_decorator.py
[2026-06-01T12:15:43.910+0000] {processor.py:840} INFO - DAG(s) 'example_python_decorator' retrieved from /home/airflow/.local/lib/python3.11/site-packages/airflow/example_dags/example_python_decorator.py
[2026-06-01T12:15:43.952+0000] {logging_mixin.py:188} INFO - [2026-06-01T12:15:43.952+0000] {dag.py:3096} INFO - Sync 1 DAGs
[2026-06-01T12:15:43.977+0000] {logging_mixin.py:188} INFO - [2026-06-01T12:15:43.977+0000] {dag.py:3954} INFO - Setting next_dagrun for example_python_decorator to None, run_after=None
[2026-06-01T12:15:44.005+0000] {processor.py:183} INFO - Processing /home/airflow/.local/lib/python3.11/site-packages/airflow/example_dags/example_python_decorator.py took 0.133 seconds
[2026-06-01T12:16:14.784+0000] {processor.py:161} INFO - Started process (PID=830) to work on /home/airflow/.local/lib/python3.11/site-packages/airflow/example_dags/example_python_decorator.py
[2026-06-01T12:16:14.786+0000] {processor.py:830} INFO - Processing file /home/airflow/.local/lib/python3.11/site-packages/airflow/example_dags/example_python_decorator.py for tasks to queue
[2026-06-01T12:16:14.789+0000] {logging_mixin.py:188} INFO - [2026-06-01T12:16:14.789+0000] {dagbag.py:545} INFO - Filling up the DagBag from /home/airflow/.local/lib/python3.11/site-packages/airflow/example_dags/example_python_decorator.py
[2026-06-01T12:16:14.814+0000] {processor.py:840} INFO - DAG(s) 'example_python_decorator' retrieved from /home/airflow/.local/lib/python3.11/site-packages/airflow/example_dags/example_python_decorator.py
[2026-06-01T12:16:14.854+0000] {logging_mixin.py:188} INFO - [2026-06-01T12:16:14.853+0000] {dag.py:3096} INFO - Sync 1 DAGs
[2026-06-01T12:16:14.873+0000] {logging_mixin.py:188} INFO - [2026-06-01T12:16:14.873+0000] {dag.py:3954} INFO - Setting next_dagrun for example_python_decorator to None, run_after=None
[2026-06-01T12:16:14.905+0000] {processor.py:183} INFO - Processing /home/airflow/.local/lib/python3.11/site-packages/airflow/example_dags/example_python_decorator.py took 0.133 seconds
[2026-06-01T12:16:46.192+0000] {processor.py:161} INFO - Started process (PID=898) to work on /home/airflow/.local/lib/python3.11/site-packages/airflow/example_dags/example_python_decorator.py
[2026-06-01T12:16:46.194+0000] {processor.py:830} INFO - Processing file /home/airflow/.local/lib/python3.11/site-packages/airflow/example_dags/example_python_decorator.py for tasks to queue
[2026-06-01T12:16:46.197+0000] {logging_mixin.py:188} INFO - [2026-06-01T12:16:46.197+0000] {dagbag.py:545} INFO - Filling up the DagBag from /home/airflow/.local/lib/python3.11/site-packages/airflow/example_dags/example_python_decorator.py
[2026-06-01T12:16:46.219+0000] {processor.py:840} INFO - DAG(s) 'example_python_decorator' retrieved from /home/airflow/.local/lib/python3.11/site-packages/airflow/example_dags/example_python_decorator.py
[2026-06-01T12:16:46.262+0000] {logging_mixin.py:188} INFO - [2026-06-01T12:16:46.261+0000] {dag.py:3096} INFO - Sync 1 DAGs
[2026-06-01T12:16:46.285+0000] {logging_mixin.py:188} INFO - [2026-06-01T12:16:46.284+0000] {dag.py:3954} INFO - Setting next_dagrun for example_python_decorator to None, run_after=None
[2026-06-01T12:16:46.329+0000] {processor.py:183} INFO - Processing /home/airflow/.local/lib/python3.11/site-packages/airflow/example_dags/example_python_decorator.py took 0.148 seconds
[2026-06-01T12:17:16.834+0000] {processor.py:161} INFO - Started process (PID=965) to work on /home/airflow/.local/lib/python3.11/site-packages/airflow/example_dags/example_python_decorator.py
[2026-06-01T12:17:16.836+0000] {processor.py:830} INFO - Processing file /home/airflow/.local/lib/python3.11/site-packages/airflow/example_dags/example_python_decorator.py for tasks to queue
[2026-06-01T12:17:16.839+0000] {logging_mixin.py:188} INFO - [2026-06-01T12:17:16.839+0000] {dagbag.py:545} INFO - Filling up the DagBag from /home/airflow/.local/lib/python3.11/site-packages/airflow/example_dags/example_python_decorator.py
[2026-06-01T12:17:16.863+0000] {processor.py:840} INFO - DAG(s) 'example_python_decorator' retrieved from /home/airflow/.local/lib/python3.11/site-packages/airflow/example_dags/example_python_decorator.py
[2026-06-01T12:17:16.904+0000] {logging_mixin.py:188} INFO - [2026-06-01T12:17:16.903+0000] {dag.py:3096} INFO - Sync 1 DAGs
[2026-06-01T12:17:16.925+0000] {logging_mixin.py:188} INFO - [2026-06-01T12:17:16.925+0000] {dag.py:3954} INFO - Setting next_dagrun for example_python_decorator to None, run_after=None
[2026-06-01T12:17:16.956+0000] {processor.py:183} INFO - Processing /home/airflow/.local/lib/python3.11/site-packages/airflow/example_dags/example_python_decorator.py took 0.132 seconds
[2026-06-01T12:17:47.795+0000] {processor.py:161} INFO - Started process (PID=1033) to work on /home/airflow/.local/lib/python3.11/site-packages/airflow/example_dags/example_python_decorator.py
[2026-06-01T12:17:47.797+0000] {processor.py:830} INFO - Processing file /home/airflow/.local/lib/python3.11/site-packages/airflow/example_dags/example_python_decorator.py for tasks to queue
[2026-06-01T12:17:47.799+0000] {logging_mixin.py:188} INFO - [2026-06-01T12:17:47.799+0000] {dagbag.py:545} INFO - Filling up the DagBag from /home/airflow/.local/lib/python3.11/site-packages/airflow/example_dags/example_python_decorator.py
[2026-06-01T12:17:47.845+0000] {processor.py:840} INFO - DAG(s) 'example_python_decorator' retrieved from /home/airflow/.local/lib/python3.11/site-packages/airflow/example_dags/example_python_decorator.py
[2026-06-01T12:17:47.906+0000] {logging_mixin.py:188} INFO - [2026-06-01T12:17:47.905+0000] {dag.py:3096} INFO - Sync 1 DAGs
[2026-06-01T12:17:47.934+0000] {logging_mixin.py:188} INFO - [2026-06-01T12:17:47.933+0000] {dag.py:3954} INFO - Setting next_dagrun for example_python_decorator to None, run_after=None
[2026-06-01T12:17:47.981+0000] {processor.py:183} INFO - Processing /home/airflow/.local/lib/python3.11/site-packages/airflow/example_dags/example_python_decorator.py took 0.198 seconds
[2026-06-01T12:18:19.536+0000] {processor.py:161} INFO - Started process (PID=1101) to work on /home/airflow/.local/lib/python3.11/site-packages/airflow/example_dags/example_python_decorator.py
[2026-06-01T12:18:19.541+0000] {processor.py:830} INFO - Processing file /home/airflow/.local/lib/python3.11/site-packages/airflow/example_dags/example_python_decorator.py for tasks to queue
[2026-06-01T12:18:19.550+0000] {logging_mixin.py:188} INFO - [2026-06-01T12:18:19.549+0000] {dagbag.py:545} INFO - Filling up the DagBag from /home/airflow/.local/lib/python3.11/site-packages/airflow/example_dags/example_python_decorator.py
[2026-06-01T12:18:19.612+0000] {processor.py:840} INFO - DAG(s) 'example_python_decorator' retrieved from /home/airflow/.local/lib/python3.11/site-packages/airflow/example_dags/example_python_decorator.py
[2026-06-01T12:18:19.689+0000] {logging_mixin.py:188} INFO - [2026-06-01T12:18:19.689+0000] {dag.py:3096} INFO - Sync 1 DAGs
[2026-06-01T12:18:19.743+0000] {logging_mixin.py:188} INFO - [2026-06-01T12:18:19.742+0000] {dag.py:3954} INFO - Setting next_dagrun for example_python_decorator to None, run_after=None
[2026-06-01T12:18:19.784+0000] {processor.py:183} INFO - Processing /home/airflow/.local/lib/python3.11/site-packages/airflow/example_dags/example_python_decorator.py took 0.275 seconds
[2026-06-01T12:18:50.229+0000] {processor.py:161} INFO - Started process (PID=1175) to work on /home/airflow/.local/lib/python3.11/site-packages/airflow/example_dags/example_python_decorator.py
[2026-06-01T12:18:50.232+0000] {processor.py:830} INFO - Processing file /home/airflow/.local/lib/python3.11/site-packages/airflow/example_dags/example_python_decorator.py for tasks to queue
[2026-06-01T12:18:50.236+0000] {logging_mixin.py:188} INFO - [2026-06-01T12:18:50.235+0000] {dagbag.py:545} INFO - Filling up the DagBag from /home/airflow/.local/lib/python3.11/site-packages/airflow/example_dags/example_python_decorator.py
[2026-06-01T12:18:50.269+0000] {processor.py:840} INFO - DAG(s) 'example_python_decorator' retrieved from /home/airflow/.local/lib/python3.11/site-packages/airflow/example_dags/example_python_decorator.py
[2026-06-01T12:18:50.328+0000] {logging_mixin.py:188} INFO - [2026-06-01T12:18:50.328+0000] {dag.py:3096} INFO - Sync 1 DAGs
[2026-06-01T12:18:50.361+0000] {logging_mixin.py:188} INFO - [2026-06-01T12:18:50.361+0000] {dag.py:3954} INFO - Setting next_dagrun for example_python_decorator to None, run_after=None
[2026-06-01T12:18:50.412+0000] {processor.py:183} INFO - Processing /home/airflow/.local/lib/python3.11/site-packages/airflow/example_dags/example_python_decorator.py took 0.197 seconds
[2026-06-01T12:19:20.854+0000] {processor.py:161} INFO - Started process (PID=1242) to work on /home/airflow/.local/lib/python3.11/site-packages/airflow/example_dags/example_python_decorator.py
[2026-06-01T12:19:20.859+0000] {processor.py:830} INFO - Processing file /home/airflow/.local/lib/python3.11/site-packages/airflow/example_dags/example_python_decorator.py for tasks to queue
[2026-06-01T12:19:20.864+0000] {logging_mixin.py:188} INFO - [2026-06-01T12:19:20.864+0000] {dagbag.py:545} INFO - Filling up the DagBag from /home/airflow/.local/lib/python3.11/site-packages/airflow/example_dags/example_python_decorator.py
[2026-06-01T12:19:20.899+0000] {processor.py:840} INFO - DAG(s) 'example_python_decorator' retrieved from /home/airflow/.local/lib/python3.11/site-packages/airflow/example_dags/example_python_decorator.py
[2026-06-01T12:19:20.963+0000] {logging_mixin.py:188} INFO - [2026-06-01T12:19:20.963+0000] {dag.py:3096} INFO - Sync 1 DAGs
[2026-06-01T12:19:21.003+0000] {logging_mixin.py:188} INFO - [2026-06-01T12:19:20.999+0000] {dag.py:3954} INFO - Setting next_dagrun for example_python_decorator to None, run_after=None
[2026-06-01T12:19:21.060+0000] {processor.py:183} INFO - Processing /home/airflow/.local/lib/python3.11/site-packages/airflow/example_dags/example_python_decorator.py took 0.221 seconds
[2026-06-01T12:19:54.322+0000] {processor.py:161} INFO - Started process (PID=1311) to work on /home/airflow/.local/lib/python3.11/site-packages/airflow/example_dags/example_python_decorator.py
[2026-06-01T12:19:54.326+0000] {processor.py:830} INFO - Processing file /home/airflow/.local/lib/python3.11/site-packages/airflow/example_dags/example_python_decorator.py for tasks to queue
[2026-06-01T12:19:54.333+0000] {logging_mixin.py:188} INFO - [2026-06-01T12:19:54.332+0000] {dagbag.py:545} INFO - Filling up the DagBag from /home/airflow/.local/lib/python3.11/site-packages/airflow/example_dags/example_python_decorator.py
[2026-06-01T12:19:54.369+0000] {processor.py:840} INFO - DAG(s) 'example_python_decorator' retrieved from /home/airflow/.local/lib/python3.11/site-packages/airflow/example_dags/example_python_decorator.py
[2026-06-01T12:19:54.423+0000] {logging_mixin.py:188} INFO - [2026-06-01T12:19:54.422+0000] {dag.py:3096} INFO - Sync 1 DAGs
[2026-06-01T12:19:54.452+0000] {logging_mixin.py:188} INFO - [2026-06-01T12:19:54.451+0000] {dag.py:3954} INFO - Setting next_dagrun for example_python_decorator to None, run_after=None
[2026-06-01T12:19:54.507+0000] {processor.py:183} INFO - Processing /home/airflow/.local/lib/python3.11/site-packages/airflow/example_dags/example_python_decorator.py took 0.203 seconds
[2026-06-01T12:20:26.482+0000] {processor.py:161} INFO - Started process (PID=1379) to work on /home/airflow/.local/lib/python3.11/site-packages/airflow/example_dags/example_python_decorator.py
[2026-06-01T12:20:26.485+0000] {processor.py:830} INFO - Processing file /home/airflow/.local/lib/python3.11/site-packages/airflow/example_dags/example_python_decorator.py for tasks to queue
[2026-06-01T12:20:26.490+0000] {logging_mixin.py:188} INFO - [2026-06-01T12:20:26.489+0000] {dagbag.py:545} INFO - Filling up the DagBag from /home/airflow/.local/lib/python3.11/site-packages/airflow/example_dags/example_python_decorator.py
[2026-06-01T12:20:26.528+0000] {processor.py:840} INFO - DAG(s) 'example_python_decorator' retrieved from /home/airflow/.local/lib/python3.11/site-packages/airflow/example_dags/example_python_decorator.py
[2026-06-01T12:20:26.589+0000] {logging_mixin.py:188} INFO - [2026-06-01T12:20:26.589+0000] {dag.py:3096} INFO - Sync 1 DAGs
[2026-06-01T12:20:26.620+0000] {logging_mixin.py:188} INFO - [2026-06-01T12:20:26.619+0000] {dag.py:3954} INFO - Setting next_dagrun for example_python_decorator to None, run_after=None
[2026-06-01T12:20:26.679+0000] {processor.py:183} INFO - Processing /home/airflow/.local/lib/python3.11/site-packages/airflow/example_dags/example_python_decorator.py took 0.212 seconds
[2026-06-01T12:20:57.066+0000] {processor.py:161} INFO - Started process (PID=1439) to work on /home/airflow/.local/lib/python3.11/site-packages/airflow/example_dags/example_python_decorator.py
[2026-06-01T12:20:57.075+0000] {processor.py:830} INFO - Processing file /home/airflow/.local/lib/python3.11/site-packages/airflow/example_dags/example_python_decorator.py for tasks to queue
[2026-06-01T12:20:57.081+0000] {logging_mixin.py:188} INFO - [2026-06-01T12:20:57.080+0000] {dagbag.py:545} INFO - Filling up the DagBag from /home/airflow/.local/lib/python3.11/site-packages/airflow/example_dags/example_python_decorator.py
[2026-06-01T12:20:57.142+0000] {processor.py:840} INFO - DAG(s) 'example_python_decorator' retrieved from /home/airflow/.local/lib/python3.11/site-packages/airflow/example_dags/example_python_decorator.py
[2026-06-01T12:20:57.216+0000] {logging_mixin.py:188} INFO - [2026-06-01T12:20:57.215+0000] {dag.py:3096} INFO - Sync 1 DAGs
[2026-06-01T12:20:57.255+0000] {logging_mixin.py:188} INFO - [2026-06-01T12:20:57.255+0000] {dag.py:3954} INFO - Setting next_dagrun for example_python_decorator to None, run_after=None
[2026-06-01T12:20:57.314+0000] {processor.py:183} INFO - Processing /home/airflow/.local/lib/python3.11/site-packages/airflow/example_dags/example_python_decorator.py took 0.268 seconds
[2026-06-01T12:21:27.800+0000] {processor.py:161} INFO - Started process (PID=1505) to work on /home/airflow/.local/lib/python3.11/site-packages/airflow/example_dags/example_python_decorator.py
[2026-06-01T12:21:27.802+0000] {processor.py:830} INFO - Processing file /home/airflow/.local/lib/python3.11/site-packages/airflow/example_dags/example_python_decorator.py for tasks to queue
[2026-06-01T12:21:27.807+0000] {logging_mixin.py:188} INFO - [2026-06-01T12:21:27.807+0000] {dagbag.py:545} INFO - Filling up the DagBag from /home/airflow/.local/lib/python3.11/site-packages/airflow/example_dags/example_python_decorator.py
[2026-06-01T12:21:27.838+0000] {processor.py:840} INFO - DAG(s) 'example_python_decorator' retrieved from /home/airflow/.local/lib/python3.11/site-packages/airflow/example_dags/example_python_decorator.py
[2026-06-01T12:21:27.883+0000] {logging_mixin.py:188} INFO - [2026-06-01T12:21:27.882+0000] {dag.py:3096} INFO - Sync 1 DAGs
[2026-06-01T12:21:27.912+0000] {logging_mixin.py:188} INFO - [2026-06-01T12:21:27.910+0000] {dag.py:3954} INFO - Setting next_dagrun for example_python_decorator to None, run_after=None
[2026-06-01T12:21:27.954+0000] {processor.py:183} INFO - Processing /home/airflow/.local/lib/python3.11/site-packages/airflow/example_dags/example_python_decorator.py took 0.166 seconds
[2026-06-01T12:21:58.313+0000] {processor.py:161} INFO - Started process (PID=1572) to work on /home/airflow/.local/lib/python3.11/site-packages/airflow/example_dags/example_python_decorator.py
[2026-06-01T12:21:58.317+0000] {processor.py:830} INFO - Processing file /home/airflow/.local/lib/python3.11/site-packages/airflow/example_dags/example_python_decorator.py for tasks to queue
[2026-06-01T12:21:58.321+0000] {logging_mixin.py:188} INFO - [2026-06-01T12:21:58.320+0000] {dagbag.py:545} INFO - Filling up the DagBag from /home/airflow/.local/lib/python3.11/site-packages/airflow/example_dags/example_python_decorator.py
[2026-06-01T12:21:58.348+0000] {processor.py:840} INFO - DAG(s) 'example_python_decorator' retrieved from /home/airflow/.local/lib/python3.11/site-packages/airflow/example_dags/example_python_decorator.py
[2026-06-01T12:21:58.394+0000] {logging_mixin.py:188} INFO - [2026-06-01T12:21:58.393+0000] {dag.py:3096} INFO - Sync 1 DAGs
[2026-06-01T12:21:58.418+0000] {logging_mixin.py:188} INFO - [2026-06-01T12:21:58.418+0000] {dag.py:3954} INFO - Setting next_dagrun for example_python_decorator to None, run_after=None
[2026-06-01T12:21:58.460+0000] {processor.py:183} INFO - Processing /home/airflow/.local/lib/python3.11/site-packages/airflow/example_dags/example_python_decorator.py took 0.159 seconds
[2026-06-01T12:22:28.751+0000] {processor.py:161} INFO - Started process (PID=1641) to work on /home/airflow/.local/lib/python3.11/site-packages/airflow/example_dags/example_python_decorator.py
[2026-06-01T12:22:28.753+0000] {processor.py:830} INFO - Processing file /home/airflow/.local/lib/python3.11/site-packages/airflow/example_dags/example_python_decorator.py for tasks to queue
[2026-06-01T12:22:28.762+0000] {logging_mixin.py:188} INFO - [2026-06-01T12:22:28.760+0000] {dagbag.py:545} INFO - Filling up the DagBag from /home/airflow/.local/lib/python3.11/site-packages/airflow/example_dags/example_python_decorator.py
[2026-06-01T12:22:28.806+0000] {processor.py:840} INFO - DAG(s) 'example_python_decorator' retrieved from /home/airflow/.local/lib/python3.11/site-packages/airflow/example_dags/example_python_decorator.py
[2026-06-01T12:22:28.898+0000] {logging_mixin.py:188} INFO - [2026-06-01T12:22:28.897+0000] {dag.py:3096} INFO - Sync 1 DAGs
[2026-06-01T12:22:28.949+0000] {logging_mixin.py:188} INFO - [2026-06-01T12:22:28.948+0000] {dag.py:3954} INFO - Setting next_dagrun for example_python_decorator to None, run_after=None
[2026-06-01T12:22:29.070+0000] {processor.py:183} INFO - Processing /home/airflow/.local/lib/python3.11/site-packages/airflow/example_dags/example_python_decorator.py took 0.355 seconds
[2026-06-01T12:22:59.775+0000] {processor.py:161} INFO - Started process (PID=1709) to work on /home/airflow/.local/lib/python3.11/site-packages/airflow/example_dags/example_python_decorator.py
[2026-06-01T12:22:59.781+0000] {processor.py:830} INFO - Processing file /home/airflow/.local/lib/python3.11/site-packages/airflow/example_dags/example_python_decorator.py for tasks to queue
[2026-06-01T12:22:59.791+0000] {logging_mixin.py:188} INFO - [2026-06-01T12:22:59.790+0000] {dagbag.py:545} INFO - Filling up the DagBag from /home/airflow/.local/lib/python3.11/site-packages/airflow/example_dags/example_python_decorator.py
[2026-06-01T12:22:59.822+0000] {processor.py:840} INFO - DAG(s) 'example_python_decorator' retrieved from /home/airflow/.local/lib/python3.11/site-packages/airflow/example_dags/example_python_decorator.py
[2026-06-01T12:22:59.882+0000] {logging_mixin.py:188} INFO - [2026-06-01T12:22:59.882+0000] {dag.py:3096} INFO - Sync 1 DAGs
[2026-06-01T12:22:59.921+0000] {logging_mixin.py:188} INFO - [2026-06-01T12:22:59.920+0000] {dag.py:3954} INFO - Setting next_dagrun for example_python_decorator to None, run_after=None
[2026-06-01T12:22:59.977+0000] {processor.py:183} INFO - Processing /home/airflow/.local/lib/python3.11/site-packages/airflow/example_dags/example_python_decorator.py took 0.221 seconds
[2026-06-01T12:23:30.812+0000] {processor.py:161} INFO - Started process (PID=1777) to work on /home/airflow/.local/lib/python3.11/site-packages/airflow/example_dags/example_python_decorator.py
[2026-06-01T12:23:30.819+0000] {processor.py:830} INFO - Processing file /home/airflow/.local/lib/python3.11/site-packages/airflow/example_dags/example_python_decorator.py for tasks to queue
[2026-06-01T12:23:30.824+0000] {logging_mixin.py:188} INFO - [2026-06-01T12:23:30.823+0000] {dagbag.py:545} INFO - Filling up the DagBag from /home/airflow/.local/lib/python3.11/site-packages/airflow/example_dags/example_python_decorator.py
[2026-06-01T12:23:30.872+0000] {processor.py:840} INFO - DAG(s) 'example_python_decorator' retrieved from /home/airflow/.local/lib/python3.11/site-packages/airflow/example_dags/example_python_decorator.py
[2026-06-01T12:23:30.938+0000] {logging_mixin.py:188} INFO - [2026-06-01T12:23:30.935+0000] {dag.py:3096} INFO - Sync 1 DAGs
[2026-06-01T12:23:30.958+0000] {logging_mixin.py:188} INFO - [2026-06-01T12:23:30.958+0000] {dag.py:3954} INFO - Setting next_dagrun for example_python_decorator to None, run_after=None
[2026-06-01T12:23:30.992+0000] {processor.py:183} INFO - Processing /home/airflow/.local/lib/python3.11/site-packages/airflow/example_dags/example_python_decorator.py took 0.197 seconds
[2026-06-01T12:24:01.945+0000] {processor.py:161} INFO - Started process (PID=1845) to work on /home/airflow/.local/lib/python3.11/site-packages/airflow/example_dags/example_python_decorator.py
[2026-06-01T12:24:01.947+0000] {processor.py:830} INFO - Processing file /home/airflow/.local/lib/python3.11/site-packages/airflow/example_dags/example_python_decorator.py for tasks to queue
[2026-06-01T12:24:01.951+0000] {logging_mixin.py:188} INFO - [2026-06-01T12:24:01.950+0000] {dagbag.py:545} INFO - Filling up the DagBag from /home/airflow/.local/lib/python3.11/site-packages/airflow/example_dags/example_python_decorator.py
[2026-06-01T12:24:01.987+0000] {processor.py:840} INFO - DAG(s) 'example_python_decorator' retrieved from /home/airflow/.local/lib/python3.11/site-packages/airflow/example_dags/example_python_decorator.py
[2026-06-01T12:24:02.036+0000] {logging_mixin.py:188} INFO - [2026-06-01T12:24:02.036+0000] {dag.py:3096} INFO - Sync 1 DAGs
[2026-06-01T12:24:02.056+0000] {logging_mixin.py:188} INFO - [2026-06-01T12:24:02.056+0000] {dag.py:3954} INFO - Setting next_dagrun for example_python_decorator to None, run_after=None
[2026-06-01T12:24:02.111+0000] {processor.py:183} INFO - Processing /home/airflow/.local/lib/python3.11/site-packages/airflow/example_dags/example_python_decorator.py took 0.181 seconds
[2026-06-01T12:24:32.612+0000] {processor.py:161} INFO - Started process (PID=1914) to work on /home/airflow/.local/lib/python3.11/site-packages/airflow/example_dags/example_python_decorator.py
[2026-06-01T12:24:32.626+0000] {processor.py:830} INFO - Processing file /home/airflow/.local/lib/python3.11/site-packages/airflow/example_dags/example_python_decorator.py for tasks to queue
[2026-06-01T12:24:32.637+0000] {logging_mixin.py:188} INFO - [2026-06-01T12:24:32.635+0000] {dagbag.py:545} INFO - Filling up the DagBag from /home/airflow/.local/lib/python3.11/site-packages/airflow/example_dags/example_python_decorator.py
[2026-06-01T12:24:32.681+0000] {processor.py:840} INFO - DAG(s) 'example_python_decorator' retrieved from /home/airflow/.local/lib/python3.11/site-packages/airflow/example_dags/example_python_decorator.py
[2026-06-01T12:24:32.754+0000] {logging_mixin.py:188} INFO - [2026-06-01T12:24:32.754+0000] {dag.py:3096} INFO - Sync 1 DAGs
[2026-06-01T12:24:32.804+0000] {logging_mixin.py:188} INFO - [2026-06-01T12:24:32.804+0000] {dag.py:3954} INFO - Setting next_dagrun for example_python_decorator to None, run_after=None
[2026-06-01T12:24:32.893+0000] {processor.py:183} INFO - Processing /home/airflow/.local/lib/python3.11/site-packages/airflow/example_dags/example_python_decorator.py took 0.301 seconds
[2026-06-01T12:25:03.822+0000] {processor.py:161} INFO - Started process (PID=1982) to work on /home/airflow/.local/lib/python3.11/site-packages/airflow/example_dags/example_python_decorator.py
[2026-06-01T12:25:03.826+0000] {processor.py:830} INFO - Processing file /home/airflow/.local/lib/python3.11/site-packages/airflow/example_dags/example_python_decorator.py for tasks to queue
[2026-06-01T12:25:03.833+0000] {logging_mixin.py:188} INFO - [2026-06-01T12:25:03.832+0000] {dagbag.py:545} INFO - Filling up the DagBag from /home/airflow/.local/lib/python3.11/site-packages/airflow/example_dags/example_python_decorator.py
[2026-06-01T12:25:03.863+0000] {processor.py:840} INFO - DAG(s) 'example_python_decorator' retrieved from /home/airflow/.local/lib/python3.11/site-packages/airflow/example_dags/example_python_decorator.py
[2026-06-01T12:25:03.895+0000] {logging_mixin.py:188} INFO - [2026-06-01T12:25:03.894+0000] {dag.py:3096} INFO - Sync 1 DAGs
[2026-06-01T12:25:03.917+0000] {logging_mixin.py:188} INFO - [2026-06-01T12:25:03.917+0000] {dag.py:3954} INFO - Setting next_dagrun for example_python_decorator to None, run_after=None
[2026-06-01T12:25:03.959+0000] {processor.py:183} INFO - Processing /home/airflow/.local/lib/python3.11/site-packages/airflow/example_dags/example_python_decorator.py took 0.147 seconds
[2026-06-01T12:25:36.009+0000] {processor.py:161} INFO - Started process (PID=2050) to work on /home/airflow/.local/lib/python3.11/site-packages/airflow/example_dags/example_python_decorator.py
[2026-06-01T12:25:36.017+0000] {processor.py:830} INFO - Processing file /home/airflow/.local/lib/python3.11/site-packages/airflow/example_dags/example_python_decorator.py for tasks to queue
[2026-06-01T12:25:36.045+0000] {logging_mixin.py:188} INFO - [2026-06-01T12:25:36.044+0000] {dagbag.py:545} INFO - Filling up the DagBag from /home/airflow/.local/lib/python3.11/site-packages/airflow/example_dags/example_python_decorator.py
[2026-06-01T12:25:36.126+0000] {processor.py:840} INFO - DAG(s) 'example_python_decorator' retrieved from /home/airflow/.local/lib/python3.11/site-packages/airflow/example_dags/example_python_decorator.py
[2026-06-01T12:25:36.220+0000] {logging_mixin.py:188} INFO - [2026-06-01T12:25:36.219+0000] {dag.py:3096} INFO - Sync 1 DAGs
[2026-06-01T12:25:36.266+0000] {logging_mixin.py:188} INFO - [2026-06-01T12:25:36.265+0000] {dag.py:3954} INFO - Setting next_dagrun for example_python_decorator to None, run_after=None
[2026-06-01T12:25:36.370+0000] {processor.py:183} INFO - Processing /home/airflow/.local/lib/python3.11/site-packages/airflow/example_dags/example_python_decorator.py took 0.408 seconds
[2026-06-01T12:26:06.685+0000] {processor.py:161} INFO - Started process (PID=2108) to work on /home/airflow/.local/lib/python3.11/site-packages/airflow/example_dags/example_python_decorator.py
[2026-06-01T12:26:06.687+0000] {processor.py:830} INFO - Processing file /home/airflow/.local/lib/python3.11/site-packages/airflow/example_dags/example_python_decorator.py for tasks to queue
[2026-06-01T12:26:06.690+0000] {logging_mixin.py:188} INFO - [2026-06-01T12:26:06.690+0000] {dagbag.py:545} INFO - Filling up the DagBag from /home/airflow/.local/lib/python3.11/site-packages/airflow/example_dags/example_python_decorator.py
[2026-06-01T12:26:06.713+0000] {processor.py:840} INFO - DAG(s) 'example_python_decorator' retrieved from /home/airflow/.local/lib/python3.11/site-packages/airflow/example_dags/example_python_decorator.py
[2026-06-01T12:26:06.766+0000] {logging_mixin.py:188} INFO - [2026-06-01T12:26:06.766+0000] {dag.py:3096} INFO - Sync 1 DAGs
[2026-06-01T12:26:06.787+0000] {logging_mixin.py:188} INFO - [2026-06-01T12:26:06.786+0000] {dag.py:3954} INFO - Setting next_dagrun for example_python_decorator to None, run_after=None
[2026-06-01T12:26:06.830+0000] {processor.py:183} INFO - Processing /home/airflow/.local/lib/python3.11/site-packages/airflow/example_dags/example_python_decorator.py took 0.161 seconds
[2026-06-01T12:26:37.808+0000] {processor.py:161} INFO - Started process (PID=2175) to work on /home/airflow/.local/lib/python3.11/site-packages/airflow/example_dags/example_python_decorator.py
[2026-06-01T12:26:37.811+0000] {processor.py:830} INFO - Processing file /home/airflow/.local/lib/python3.11/site-packages/airflow/example_dags/example_python_decorator.py for tasks to queue
[2026-06-01T12:26:37.814+0000] {logging_mixin.py:188} INFO - [2026-06-01T12:26:37.814+0000] {dagbag.py:545} INFO - Filling up the DagBag from /home/airflow/.local/lib/python3.11/site-packages/airflow/example_dags/example_python_decorator.py
[2026-06-01T12:26:37.840+0000] {processor.py:840} INFO - DAG(s) 'example_python_decorator' retrieved from /home/airflow/.local/lib/python3.11/site-packages/airflow/example_dags/example_python_decorator.py
[2026-06-01T12:26:37.887+0000] {logging_mixin.py:188} INFO - [2026-06-01T12:26:37.886+0000] {dag.py:3096} INFO - Sync 1 DAGs
[2026-06-01T12:26:37.921+0000] {logging_mixin.py:188} INFO - [2026-06-01T12:26:37.920+0000] {dag.py:3954} INFO - Setting next_dagrun for example_python_decorator to None, run_after=None
[2026-06-01T12:26:37.971+0000] {processor.py:183} INFO - Processing /home/airflow/.local/lib/python3.11/site-packages/airflow/example_dags/example_python_decorator.py took 0.177 seconds
[2026-06-01T12:27:08.598+0000] {processor.py:161} INFO - Started process (PID=2243) to work on /home/airflow/.local/lib/python3.11/site-packages/airflow/example_dags/example_python_decorator.py
[2026-06-01T12:27:08.600+0000] {processor.py:830} INFO - Processing file /home/airflow/.local/lib/python3.11/site-packages/airflow/example_dags/example_python_decorator.py for tasks to queue
[2026-06-01T12:27:08.603+0000] {logging_mixin.py:188} INFO - [2026-06-01T12:27:08.602+0000] {dagbag.py:545} INFO - Filling up the DagBag from /home/airflow/.local/lib/python3.11/site-packages/airflow/example_dags/example_python_decorator.py
[2026-06-01T12:27:08.629+0000] {processor.py:840} INFO - DAG(s) 'example_python_decorator' retrieved from /home/airflow/.local/lib/python3.11/site-packages/airflow/example_dags/example_python_decorator.py
[2026-06-01T12:27:08.700+0000] {logging_mixin.py:188} INFO - [2026-06-01T12:27:08.698+0000] {dag.py:3096} INFO - Sync 1 DAGs
[2026-06-01T12:27:08.744+0000] {logging_mixin.py:188} INFO - [2026-06-01T12:27:08.744+0000] {dag.py:3954} INFO - Setting next_dagrun for example_python_decorator to None, run_after=None
[2026-06-01T12:27:08.806+0000] {processor.py:183} INFO - Processing /home/airflow/.local/lib/python3.11/site-packages/airflow/example_dags/example_python_decorator.py took 0.223 seconds
[2026-06-01T12:27:40.696+0000] {processor.py:161} INFO - Started process (PID=2311) to work on /home/airflow/.local/lib/python3.11/site-packages/airflow/example_dags/example_python_decorator.py
[2026-06-01T12:27:40.704+0000] {processor.py:830} INFO - Processing file /home/airflow/.local/lib/python3.11/site-packages/airflow/example_dags/example_python_decorator.py for tasks to queue
[2026-06-01T12:27:40.714+0000] {logging_mixin.py:188} INFO - [2026-06-01T12:27:40.713+0000] {dagbag.py:545} INFO - Filling up the DagBag from /home/airflow/.local/lib/python3.11/site-packages/airflow/example_dags/example_python_decorator.py
[2026-06-01T12:27:40.785+0000] {processor.py:840} INFO - DAG(s) 'example_python_decorator' retrieved from /home/airflow/.local/lib/python3.11/site-packages/airflow/example_dags/example_python_decorator.py
[2026-06-01T12:27:40.944+0000] {logging_mixin.py:188} INFO - [2026-06-01T12:27:40.944+0000] {dag.py:3096} INFO - Sync 1 DAGs
[2026-06-01T12:27:41.039+0000] {logging_mixin.py:188} INFO - [2026-06-01T12:27:41.039+0000] {dag.py:3954} INFO - Setting next_dagrun for example_python_decorator to None, run_after=None
[2026-06-01T12:27:41.176+0000] {processor.py:183} INFO - Processing /home/airflow/.local/lib/python3.11/site-packages/airflow/example_dags/example_python_decorator.py took 0.507 seconds
[2026-06-01T12:28:11.692+0000] {processor.py:161} INFO - Started process (PID=2379) to work on /home/airflow/.local/lib/python3.11/site-packages/airflow/example_dags/example_python_decorator.py
[2026-06-01T12:28:11.697+0000] {processor.py:830} INFO - Processing file /home/airflow/.local/lib/python3.11/site-packages/airflow/example_dags/example_python_decorator.py for tasks to queue
[2026-06-01T12:28:11.703+0000] {logging_mixin.py:188} INFO - [2026-06-01T12:28:11.702+0000] {dagbag.py:545} INFO - Filling up the DagBag from /home/airflow/.local/lib/python3.11/site-packages/airflow/example_dags/example_python_decorator.py
[2026-06-01T12:28:11.728+0000] {processor.py:840} INFO - DAG(s) 'example_python_decorator' retrieved from /home/airflow/.local/lib/python3.11/site-packages/airflow/example_dags/example_python_decorator.py
[2026-06-01T12:28:11.783+0000] {logging_mixin.py:188} INFO - [2026-06-01T12:28:11.783+0000] {dag.py:3096} INFO - Sync 1 DAGs
[2026-06-01T12:28:11.835+0000] {logging_mixin.py:188} INFO - [2026-06-01T12:28:11.834+0000] {dag.py:3954} INFO - Setting next_dagrun for example_python_decorator to None, run_after=None
[2026-06-01T12:28:11.948+0000] {processor.py:183} INFO - Processing /home/airflow/.local/lib/python3.11/site-packages/airflow/example_dags/example_python_decorator.py took 0.267 seconds
[2026-06-01T12:28:42.227+0000] {processor.py:161} INFO - Started process (PID=2447) to work on /home/airflow/.local/lib/python3.11/site-packages/airflow/example_dags/example_python_decorator.py
[2026-06-01T12:28:42.229+0000] {processor.py:830} INFO - Processing file /home/airflow/.local/lib/python3.11/site-packages/airflow/example_dags/example_python_decorator.py for tasks to queue
[2026-06-01T12:28:42.232+0000] {logging_mixin.py:188} INFO - [2026-06-01T12:28:42.231+0000] {dagbag.py:545} INFO - Filling up the DagBag from /home/airflow/.local/lib/python3.11/site-packages/airflow/example_dags/example_python_decorator.py
[2026-06-01T12:28:42.259+0000] {processor.py:840} INFO - DAG(s) 'example_python_decorator' retrieved from /home/airflow/.local/lib/python3.11/site-packages/airflow/example_dags/example_python_decorator.py
[2026-06-01T12:28:42.333+0000] {logging_mixin.py:188} INFO - [2026-06-01T12:28:42.332+0000] {dag.py:3096} INFO - Sync 1 DAGs
[2026-06-01T12:28:42.370+0000] {logging_mixin.py:188} INFO - [2026-06-01T12:28:42.370+0000] {dag.py:3954} INFO - Setting next_dagrun for example_python_decorator to None, run_after=None
[2026-06-01T12:28:42.436+0000] {processor.py:183} INFO - Processing /home/airflow/.local/lib/python3.11/site-packages/airflow/example_dags/example_python_decorator.py took 0.220 seconds
[2026-06-01T12:29:13.156+0000] {processor.py:161} INFO - Started process (PID=2517) to work on /home/airflow/.local/lib/python3.11/site-packages/airflow/example_dags/example_python_decorator.py
[2026-06-01T12:29:13.169+0000] {processor.py:830} INFO - Processing file /home/airflow/.local/lib/python3.11/site-packages/airflow/example_dags/example_python_decorator.py for tasks to queue
[2026-06-01T12:29:13.179+0000] {logging_mixin.py:188} INFO - [2026-06-01T12:29:13.176+0000] {dagbag.py:545} INFO - Filling up the DagBag from /home/airflow/.local/lib/python3.11/site-packages/airflow/example_dags/example_python_decorator.py
[2026-06-01T12:29:13.209+0000] {processor.py:840} INFO - DAG(s) 'example_python_decorator' retrieved from /home/airflow/.local/lib/python3.11/site-packages/airflow/example_dags/example_python_decorator.py
[2026-06-01T12:29:13.265+0000] {logging_mixin.py:188} INFO - [2026-06-01T12:29:13.264+0000] {dag.py:3096} INFO - Sync 1 DAGs
[2026-06-01T12:29:13.282+0000] {logging_mixin.py:188} INFO - [2026-06-01T12:29:13.282+0000] {dag.py:3954} INFO - Setting next_dagrun for example_python_decorator to None, run_after=None
[2026-06-01T12:29:13.313+0000] {processor.py:183} INFO - Processing /home/airflow/.local/lib/python3.11/site-packages/airflow/example_dags/example_python_decorator.py took 0.169 seconds
[2026-06-01T12:29:45.267+0000] {processor.py:161} INFO - Started process (PID=2585) to work on /home/airflow/.local/lib/python3.11/site-packages/airflow/example_dags/example_python_decorator.py
[2026-06-01T12:29:45.269+0000] {processor.py:830} INFO - Processing file /home/airflow/.local/lib/python3.11/site-packages/airflow/example_dags/example_python_decorator.py for tasks to queue
[2026-06-01T12:29:45.279+0000] {logging_mixin.py:188} INFO - [2026-06-01T12:29:45.279+0000] {dagbag.py:545} INFO - Filling up the DagBag from /home/airflow/.local/lib/python3.11/site-packages/airflow/example_dags/example_python_decorator.py
[2026-06-01T12:29:45.310+0000] {processor.py:840} INFO - DAG(s) 'example_python_decorator' retrieved from /home/airflow/.local/lib/python3.11/site-packages/airflow/example_dags/example_python_decorator.py
[2026-06-01T12:29:45.378+0000] {logging_mixin.py:188} INFO - [2026-06-01T12:29:45.378+0000] {dag.py:3096} INFO - Sync 1 DAGs
[2026-06-01T12:29:45.418+0000] {logging_mixin.py:188} INFO - [2026-06-01T12:29:45.417+0000] {dag.py:3954} INFO - Setting next_dagrun for example_python_decorator to None, run_after=None
[2026-06-01T12:29:45.508+0000] {processor.py:183} INFO - Processing /home/airflow/.local/lib/python3.11/site-packages/airflow/example_dags/example_python_decorator.py took 0.260 seconds
[2026-06-01T12:30:17.913+0000] {processor.py:161} INFO - Started process (PID=2646) to work on /home/airflow/.local/lib/python3.11/site-packages/airflow/example_dags/example_python_decorator.py
[2026-06-01T12:30:17.920+0000] {processor.py:830} INFO - Processing file /home/airflow/.local/lib/python3.11/site-packages/airflow/example_dags/example_python_decorator.py for tasks to queue
[2026-06-01T12:30:17.924+0000] {logging_mixin.py:188} INFO - [2026-06-01T12:30:17.924+0000] {dagbag.py:545} INFO - Filling up the DagBag from /home/airflow/.local/lib/python3.11/site-packages/airflow/example_dags/example_python_decorator.py
[2026-06-01T12:30:17.951+0000] {processor.py:840} INFO - DAG(s) 'example_python_decorator' retrieved from /home/airflow/.local/lib/python3.11/site-packages/airflow/example_dags/example_python_decorator.py
[2026-06-01T12:30:17.994+0000] {logging_mixin.py:188} INFO - [2026-06-01T12:30:17.994+0000] {dag.py:3096} INFO - Sync 1 DAGs
[2026-06-01T12:30:18.017+0000] {logging_mixin.py:188} INFO - [2026-06-01T12:30:18.017+0000] {dag.py:3954} INFO - Setting next_dagrun for example_python_decorator to None, run_after=None
[2026-06-01T12:30:18.061+0000] {processor.py:183} INFO - Processing /home/airflow/.local/lib/python3.11/site-packages/airflow/example_dags/example_python_decorator.py took 0.158 seconds
[2026-06-01T12:30:48.225+0000] {processor.py:161} INFO - Started process (PID=2710) to work on /home/airflow/.local/lib/python3.11/site-packages/airflow/example_dags/example_python_decorator.py
[2026-06-01T12:30:48.227+0000] {processor.py:830} INFO - Processing file /home/airflow/.local/lib/python3.11/site-packages/airflow/example_dags/example_python_decorator.py for tasks to queue
[2026-06-01T12:30:48.235+0000] {logging_mixin.py:188} INFO - [2026-06-01T12:30:48.233+0000] {dagbag.py:545} INFO - Filling up the DagBag from /home/airflow/.local/lib/python3.11/site-packages/airflow/example_dags/example_python_decorator.py
[2026-06-01T12:30:48.270+0000] {processor.py:840} INFO - DAG(s) 'example_python_decorator' retrieved from /home/airflow/.local/lib/python3.11/site-packages/airflow/example_dags/example_python_decorator.py
[2026-06-01T12:30:48.324+0000] {logging_mixin.py:188} INFO - [2026-06-01T12:30:48.323+0000] {dag.py:3096} INFO - Sync 1 DAGs
[2026-06-01T12:30:48.344+0000] {logging_mixin.py:188} INFO - [2026-06-01T12:30:48.343+0000] {dag.py:3954} INFO - Setting next_dagrun for example_python_decorator to None, run_after=None
[2026-06-01T12:30:48.372+0000] {processor.py:183} INFO - Processing /home/airflow/.local/lib/python3.11/site-packages/airflow/example_dags/example_python_decorator.py took 0.159 seconds
[2026-06-01T12:31:18.927+0000] {processor.py:161} INFO - Started process (PID=2778) to work on /home/airflow/.local/lib/python3.11/site-packages/airflow/example_dags/example_python_decorator.py
[2026-06-01T12:31:18.929+0000] {processor.py:830} INFO - Processing file /home/airflow/.local/lib/python3.11/site-packages/airflow/example_dags/example_python_decorator.py for tasks to queue
[2026-06-01T12:31:18.933+0000] {logging_mixin.py:188} INFO - [2026-06-01T12:31:18.932+0000] {dagbag.py:545} INFO - Filling up the DagBag from /home/airflow/.local/lib/python3.11/site-packages/airflow/example_dags/example_python_decorator.py
[2026-06-01T12:31:18.955+0000] {processor.py:840} INFO - DAG(s) 'example_python_decorator' retrieved from /home/airflow/.local/lib/python3.11/site-packages/airflow/example_dags/example_python_decorator.py
[2026-06-01T12:31:18.991+0000] {logging_mixin.py:188} INFO - [2026-06-01T12:31:18.990+0000] {dag.py:3096} INFO - Sync 1 DAGs
[2026-06-01T12:31:19.011+0000] {logging_mixin.py:188} INFO - [2026-06-01T12:31:19.011+0000] {dag.py:3954} INFO - Setting next_dagrun for example_python_decorator to None, run_after=None
[2026-06-01T12:31:19.054+0000] {processor.py:183} INFO - Processing /home/airflow/.local/lib/python3.11/site-packages/airflow/example_dags/example_python_decorator.py took 0.136 seconds
[2026-06-01T12:33:10.942+0000] {processor.py:161} INFO - Started process (PID=455) to work on /home/airflow/.local/lib/python3.11/site-packages/airflow/example_dags/example_python_decorator.py
[2026-06-01T12:33:10.951+0000] {processor.py:830} INFO - Processing file /home/airflow/.local/lib/python3.11/site-packages/airflow/example_dags/example_python_decorator.py for tasks to queue
[2026-06-01T12:33:10.960+0000] {logging_mixin.py:188} INFO - [2026-06-01T12:33:10.959+0000] {dagbag.py:545} INFO - Filling up the DagBag from /home/airflow/.local/lib/python3.11/site-packages/airflow/example_dags/example_python_decorator.py
[2026-06-01T12:33:11.029+0000] {processor.py:840} INFO - DAG(s) 'example_python_decorator' retrieved from /home/airflow/.local/lib/python3.11/site-packages/airflow/example_dags/example_python_decorator.py
[2026-06-01T12:33:11.768+0000] {logging_mixin.py:188} INFO - [2026-06-01T12:33:11.767+0000] {dag.py:3096} INFO - Sync 1 DAGs
[2026-06-01T12:33:11.794+0000] {logging_mixin.py:188} INFO - [2026-06-01T12:33:11.794+0000] {dag.py:3954} INFO - Setting next_dagrun for example_python_decorator to None, run_after=None
[2026-06-01T12:33:11.862+0000] {processor.py:183} INFO - Processing /home/airflow/.local/lib/python3.11/site-packages/airflow/example_dags/example_python_decorator.py took 0.943 seconds
[2026-06-01T12:33:47.037+0000] {processor.py:161} INFO - Started process (PID=733) to work on /home/airflow/.local/lib/python3.11/site-packages/airflow/example_dags/example_python_decorator.py
[2026-06-01T12:33:47.048+0000] {processor.py:830} INFO - Processing file /home/airflow/.local/lib/python3.11/site-packages/airflow/example_dags/example_python_decorator.py for tasks to queue
[2026-06-01T12:33:47.052+0000] {logging_mixin.py:188} INFO - [2026-06-01T12:33:47.051+0000] {dagbag.py:545} INFO - Filling up the DagBag from /home/airflow/.local/lib/python3.11/site-packages/airflow/example_dags/example_python_decorator.py
[2026-06-01T12:33:47.103+0000] {processor.py:840} INFO - DAG(s) 'example_python_decorator' retrieved from /home/airflow/.local/lib/python3.11/site-packages/airflow/example_dags/example_python_decorator.py
[2026-06-01T12:33:47.165+0000] {logging_mixin.py:188} INFO - [2026-06-01T12:33:47.165+0000] {dag.py:3096} INFO - Sync 1 DAGs
[2026-06-01T12:33:47.197+0000] {logging_mixin.py:188} INFO - [2026-06-01T12:33:47.196+0000] {dag.py:3954} INFO - Setting next_dagrun for example_python_decorator to None, run_after=None
[2026-06-01T12:33:47.252+0000] {processor.py:183} INFO - Processing /home/airflow/.local/lib/python3.11/site-packages/airflow/example_dags/example_python_decorator.py took 0.233 seconds
[2026-06-01T12:34:17.586+0000] {processor.py:161} INFO - Started process (PID=1009) to work on /home/airflow/.local/lib/python3.11/site-packages/airflow/example_dags/example_python_decorator.py
[2026-06-01T12:34:17.589+0000] {processor.py:830} INFO - Processing file /home/airflow/.local/lib/python3.11/site-packages/airflow/example_dags/example_python_decorator.py for tasks to queue
[2026-06-01T12:34:17.593+0000] {logging_mixin.py:188} INFO - [2026-06-01T12:34:17.592+0000] {dagbag.py:545} INFO - Filling up the DagBag from /home/airflow/.local/lib/python3.11/site-packages/airflow/example_dags/example_python_decorator.py
[2026-06-01T12:34:17.625+0000] {processor.py:840} INFO - DAG(s) 'example_python_decorator' retrieved from /home/airflow/.local/lib/python3.11/site-packages/airflow/example_dags/example_python_decorator.py
[2026-06-01T12:34:17.672+0000] {logging_mixin.py:188} INFO - [2026-06-01T12:34:17.672+0000] {dag.py:3096} INFO - Sync 1 DAGs
[2026-06-01T12:34:17.699+0000] {logging_mixin.py:188} INFO - [2026-06-01T12:34:17.698+0000] {dag.py:3954} INFO - Setting next_dagrun for example_python_decorator to None, run_after=None
[2026-06-01T12:34:17.753+0000] {processor.py:183} INFO - Processing /home/airflow/.local/lib/python3.11/site-packages/airflow/example_dags/example_python_decorator.py took 0.180 seconds
[2026-06-01T12:34:50.177+0000] {processor.py:161} INFO - Started process (PID=1285) to work on /home/airflow/.local/lib/python3.11/site-packages/airflow/example_dags/example_python_decorator.py
[2026-06-01T12:34:50.179+0000] {processor.py:830} INFO - Processing file /home/airflow/.local/lib/python3.11/site-packages/airflow/example_dags/example_python_decorator.py for tasks to queue
[2026-06-01T12:34:50.184+0000] {logging_mixin.py:188} INFO - [2026-06-01T12:34:50.183+0000] {dagbag.py:545} INFO - Filling up the DagBag from /home/airflow/.local/lib/python3.11/site-packages/airflow/example_dags/example_python_decorator.py
[2026-06-01T12:34:50.218+0000] {processor.py:840} INFO - DAG(s) 'example_python_decorator' retrieved from /home/airflow/.local/lib/python3.11/site-packages/airflow/example_dags/example_python_decorator.py
[2026-06-01T12:34:50.321+0000] {logging_mixin.py:188} INFO - [2026-06-01T12:34:50.320+0000] {dag.py:3096} INFO - Sync 1 DAGs
[2026-06-01T12:34:50.373+0000] {logging_mixin.py:188} INFO - [2026-06-01T12:34:50.373+0000] {dag.py:3954} INFO - Setting next_dagrun for example_python_decorator to None, run_after=None
[2026-06-01T12:34:50.446+0000] {processor.py:183} INFO - Processing /home/airflow/.local/lib/python3.11/site-packages/airflow/example_dags/example_python_decorator.py took 0.286 seconds
[2026-06-01T12:35:22.358+0000] {processor.py:161} INFO - Started process (PID=1559) to work on /home/airflow/.local/lib/python3.11/site-packages/airflow/example_dags/example_python_decorator.py
[2026-06-01T12:35:22.361+0000] {processor.py:830} INFO - Processing file /home/airflow/.local/lib/python3.11/site-packages/airflow/example_dags/example_python_decorator.py for tasks to queue
[2026-06-01T12:35:22.368+0000] {logging_mixin.py:188} INFO - [2026-06-01T12:35:22.364+0000] {dagbag.py:545} INFO - Filling up the DagBag from /home/airflow/.local/lib/python3.11/site-packages/airflow/example_dags/example_python_decorator.py
[2026-06-01T12:35:22.419+0000] {processor.py:840} INFO - DAG(s) 'example_python_decorator' retrieved from /home/airflow/.local/lib/python3.11/site-packages/airflow/example_dags/example_python_decorator.py
[2026-06-01T12:35:22.647+0000] {logging_mixin.py:188} INFO - [2026-06-01T12:35:22.646+0000] {dag.py:3096} INFO - Sync 1 DAGs
[2026-06-01T12:35:22.686+0000] {logging_mixin.py:188} INFO - [2026-06-01T12:35:22.686+0000] {dag.py:3954} INFO - Setting next_dagrun for example_python_decorator to None, run_after=None
[2026-06-01T12:35:22.743+0000] {processor.py:183} INFO - Processing /home/airflow/.local/lib/python3.11/site-packages/airflow/example_dags/example_python_decorator.py took 0.401 seconds
[2026-06-01T12:35:53.531+0000] {processor.py:161} INFO - Started process (PID=1823) to work on /home/airflow/.local/lib/python3.11/site-packages/airflow/example_dags/example_python_decorator.py
[2026-06-01T12:35:53.543+0000] {processor.py:830} INFO - Processing file /home/airflow/.local/lib/python3.11/site-packages/airflow/example_dags/example_python_decorator.py for tasks to queue
[2026-06-01T12:35:53.551+0000] {logging_mixin.py:188} INFO - [2026-06-01T12:35:53.550+0000] {dagbag.py:545} INFO - Filling up the DagBag from /home/airflow/.local/lib/python3.11/site-packages/airflow/example_dags/example_python_decorator.py
[2026-06-01T12:35:53.680+0000] {processor.py:840} INFO - DAG(s) 'example_python_decorator' retrieved from /home/airflow/.local/lib/python3.11/site-packages/airflow/example_dags/example_python_decorator.py
[2026-06-01T12:35:53.922+0000] {logging_mixin.py:188} INFO - [2026-06-01T12:35:53.921+0000] {dag.py:3096} INFO - Sync 1 DAGs
[2026-06-01T12:35:54.013+0000] {logging_mixin.py:188} INFO - [2026-06-01T12:35:54.012+0000] {dag.py:3954} INFO - Setting next_dagrun for example_python_decorator to None, run_after=None
[2026-06-01T12:35:54.142+0000] {processor.py:183} INFO - Processing /home/airflow/.local/lib/python3.11/site-packages/airflow/example_dags/example_python_decorator.py took 0.629 seconds
[2026-06-01T12:36:24.738+0000] {processor.py:161} INFO - Started process (PID=2127) to work on /home/airflow/.local/lib/python3.11/site-packages/airflow/example_dags/example_python_decorator.py
[2026-06-01T12:36:24.740+0000] {processor.py:830} INFO - Processing file /home/airflow/.local/lib/python3.11/site-packages/airflow/example_dags/example_python_decorator.py for tasks to queue
[2026-06-01T12:36:24.744+0000] {logging_mixin.py:188} INFO - [2026-06-01T12:36:24.743+0000] {dagbag.py:545} INFO - Filling up the DagBag from /home/airflow/.local/lib/python3.11/site-packages/airflow/example_dags/example_python_decorator.py
[2026-06-01T12:36:24.771+0000] {processor.py:840} INFO - DAG(s) 'example_python_decorator' retrieved from /home/airflow/.local/lib/python3.11/site-packages/airflow/example_dags/example_python_decorator.py
[2026-06-01T12:36:24.817+0000] {logging_mixin.py:188} INFO - [2026-06-01T12:36:24.817+0000] {dag.py:3096} INFO - Sync 1 DAGs
[2026-06-01T12:36:24.841+0000] {logging_mixin.py:188} INFO - [2026-06-01T12:36:24.841+0000] {dag.py:3954} INFO - Setting next_dagrun for example_python_decorator to None, run_after=None
[2026-06-01T12:36:24.888+0000] {processor.py:183} INFO - Processing /home/airflow/.local/lib/python3.11/site-packages/airflow/example_dags/example_python_decorator.py took 0.161 seconds
[2026-06-01T12:36:55.438+0000] {processor.py:161} INFO - Started process (PID=2403) to work on /home/airflow/.local/lib/python3.11/site-packages/airflow/example_dags/example_python_decorator.py
[2026-06-01T12:36:55.440+0000] {processor.py:830} INFO - Processing file /home/airflow/.local/lib/python3.11/site-packages/airflow/example_dags/example_python_decorator.py for tasks to queue
[2026-06-01T12:36:55.444+0000] {logging_mixin.py:188} INFO - [2026-06-01T12:36:55.443+0000] {dagbag.py:545} INFO - Filling up the DagBag from /home/airflow/.local/lib/python3.11/site-packages/airflow/example_dags/example_python_decorator.py
[2026-06-01T12:36:55.469+0000] {processor.py:840} INFO - DAG(s) 'example_python_decorator' retrieved from /home/airflow/.local/lib/python3.11/site-packages/airflow/example_dags/example_python_decorator.py
[2026-06-01T12:36:55.510+0000] {logging_mixin.py:188} INFO - [2026-06-01T12:36:55.510+0000] {dag.py:3096} INFO - Sync 1 DAGs
[2026-06-01T12:36:55.532+0000] {logging_mixin.py:188} INFO - [2026-06-01T12:36:55.531+0000] {dag.py:3954} INFO - Setting next_dagrun for example_python_decorator to None, run_after=None
[2026-06-01T12:36:55.564+0000] {processor.py:183} INFO - Processing /home/airflow/.local/lib/python3.11/site-packages/airflow/example_dags/example_python_decorator.py took 0.138 seconds
[2026-06-01T12:37:25.834+0000] {processor.py:161} INFO - Started process (PID=2680) to work on /home/airflow/.local/lib/python3.11/site-packages/airflow/example_dags/example_python_decorator.py
[2026-06-01T12:37:25.839+0000] {processor.py:830} INFO - Processing file /home/airflow/.local/lib/python3.11/site-packages/airflow/example_dags/example_python_decorator.py for tasks to queue
[2026-06-01T12:37:25.847+0000] {logging_mixin.py:188} INFO - [2026-06-01T12:37:25.845+0000] {dagbag.py:545} INFO - Filling up the DagBag from /home/airflow/.local/lib/python3.11/site-packages/airflow/example_dags/example_python_decorator.py
[2026-06-01T12:37:25.888+0000] {processor.py:840} INFO - DAG(s) 'example_python_decorator' retrieved from /home/airflow/.local/lib/python3.11/site-packages/airflow/example_dags/example_python_decorator.py
[2026-06-01T12:37:25.949+0000] {logging_mixin.py:188} INFO - [2026-06-01T12:37:25.948+0000] {dag.py:3096} INFO - Sync 1 DAGs
[2026-06-01T12:37:25.994+0000] {logging_mixin.py:188} INFO - [2026-06-01T12:37:25.994+0000] {dag.py:3954} INFO - Setting next_dagrun for example_python_decorator to None, run_after=None
[2026-06-01T12:37:26.058+0000] {processor.py:183} INFO - Processing /home/airflow/.local/lib/python3.11/site-packages/airflow/example_dags/example_python_decorator.py took 0.236 seconds
[2026-06-01T12:37:56.514+0000] {processor.py:161} INFO - Started process (PID=2956) to work on /home/airflow/.local/lib/python3.11/site-packages/airflow/example_dags/example_python_decorator.py
[2026-06-01T12:37:56.516+0000] {processor.py:830} INFO - Processing file /home/airflow/.local/lib/python3.11/site-packages/airflow/example_dags/example_python_decorator.py for tasks to queue
[2026-06-01T12:37:56.520+0000] {logging_mixin.py:188} INFO - [2026-06-01T12:37:56.520+0000] {dagbag.py:545} INFO - Filling up the DagBag from /home/airflow/.local/lib/python3.11/site-packages/airflow/example_dags/example_python_decorator.py
[2026-06-01T12:37:56.547+0000] {processor.py:840} INFO - DAG(s) 'example_python_decorator' retrieved from /home/airflow/.local/lib/python3.11/site-packages/airflow/example_dags/example_python_decorator.py
[2026-06-01T12:37:56.593+0000] {logging_mixin.py:188} INFO - [2026-06-01T12:37:56.592+0000] {dag.py:3096} INFO - Sync 1 DAGs
[2026-06-01T12:37:56.617+0000] {logging_mixin.py:188} INFO - [2026-06-01T12:37:56.616+0000] {dag.py:3954} INFO - Setting next_dagrun for example_python_decorator to None, run_after=None
[2026-06-01T12:37:56.662+0000] {processor.py:183} INFO - Processing /home/airflow/.local/lib/python3.11/site-packages/airflow/example_dags/example_python_decorator.py took 0.161 seconds
[2026-06-01T12:38:27.043+0000] {processor.py:161} INFO - Started process (PID=3232) to work on /home/airflow/.local/lib/python3.11/site-packages/airflow/example_dags/example_python_decorator.py
[2026-06-01T12:38:27.045+0000] {processor.py:830} INFO - Processing file /home/airflow/.local/lib/python3.11/site-packages/airflow/example_dags/example_python_decorator.py for tasks to queue
[2026-06-01T12:38:27.049+0000] {logging_mixin.py:188} INFO - [2026-06-01T12:38:27.049+0000] {dagbag.py:545} INFO - Filling up the DagBag from /home/airflow/.local/lib/python3.11/site-packages/airflow/example_dags/example_python_decorator.py
[2026-06-01T12:38:27.082+0000] {processor.py:840} INFO - DAG(s) 'example_python_decorator' retrieved from /home/airflow/.local/lib/python3.11/site-packages/airflow/example_dags/example_python_decorator.py
[2026-06-01T12:38:27.131+0000] {logging_mixin.py:188} INFO - [2026-06-01T12:38:27.130+0000] {dag.py:3096} INFO - Sync 1 DAGs
[2026-06-01T12:38:27.156+0000] {logging_mixin.py:188} INFO - [2026-06-01T12:38:27.156+0000] {dag.py:3954} INFO - Setting next_dagrun for example_python_decorator to None, run_after=None
[2026-06-01T12:38:27.190+0000] {processor.py:183} INFO - Processing /home/airflow/.local/lib/python3.11/site-packages/airflow/example_dags/example_python_decorator.py took 0.160 seconds
[2026-06-01T12:38:57.279+0000] {processor.py:161} INFO - Started process (PID=3508) to work on /home/airflow/.local/lib/python3.11/site-packages/airflow/example_dags/example_python_decorator.py
[2026-06-01T12:38:57.281+0000] {processor.py:830} INFO - Processing file /home/airflow/.local/lib/python3.11/site-packages/airflow/example_dags/example_python_decorator.py for tasks to queue
[2026-06-01T12:38:57.285+0000] {logging_mixin.py:188} INFO - [2026-06-01T12:38:57.284+0000] {dagbag.py:545} INFO - Filling up the DagBag from /home/airflow/.local/lib/python3.11/site-packages/airflow/example_dags/example_python_decorator.py
[2026-06-01T12:38:57.308+0000] {processor.py:840} INFO - DAG(s) 'example_python_decorator' retrieved from /home/airflow/.local/lib/python3.11/site-packages/airflow/example_dags/example_python_decorator.py
[2026-06-01T12:38:57.350+0000] {logging_mixin.py:188} INFO - [2026-06-01T12:38:57.350+0000] {dag.py:3096} INFO - Sync 1 DAGs
[2026-06-01T12:38:57.374+0000] {logging_mixin.py:188} INFO - [2026-06-01T12:38:57.374+0000] {dag.py:3954} INFO - Setting next_dagrun for example_python_decorator to None, run_after=None
[2026-06-01T12:38:57.417+0000] {processor.py:183} INFO - Processing /home/airflow/.local/lib/python3.11/site-packages/airflow/example_dags/example_python_decorator.py took 0.152 seconds
[2026-06-01T12:39:27.660+0000] {processor.py:161} INFO - Started process (PID=3784) to work on /home/airflow/.local/lib/python3.11/site-packages/airflow/example_dags/example_python_decorator.py
[2026-06-01T12:39:27.662+0000] {processor.py:830} INFO - Processing file /home/airflow/.local/lib/python3.11/site-packages/airflow/example_dags/example_python_decorator.py for tasks to queue
[2026-06-01T12:39:27.666+0000] {logging_mixin.py:188} INFO - [2026-06-01T12:39:27.665+0000] {dagbag.py:545} INFO - Filling up the DagBag from /home/airflow/.local/lib/python3.11/site-packages/airflow/example_dags/example_python_decorator.py
[2026-06-01T12:39:27.693+0000] {processor.py:840} INFO - DAG(s) 'example_python_decorator' retrieved from /home/airflow/.local/lib/python3.11/site-packages/airflow/example_dags/example_python_decorator.py
[2026-06-01T12:39:27.737+0000] {logging_mixin.py:188} INFO - [2026-06-01T12:39:27.737+0000] {dag.py:3096} INFO - Sync 1 DAGs
[2026-06-01T12:39:27.761+0000] {logging_mixin.py:188} INFO - [2026-06-01T12:39:27.761+0000] {dag.py:3954} INFO - Setting next_dagrun for example_python_decorator to None, run_after=None
[2026-06-01T12:39:27.812+0000] {processor.py:183} INFO - Processing /home/airflow/.local/lib/python3.11/site-packages/airflow/example_dags/example_python_decorator.py took 0.165 seconds
[2026-06-01T12:40:05.859+0000] {processor.py:161} INFO - Started process (PID=4123) to work on /home/airflow/.local/lib/python3.11/site-packages/airflow/example_dags/example_python_decorator.py
[2026-06-01T12:40:05.869+0000] {processor.py:830} INFO - Processing file /home/airflow/.local/lib/python3.11/site-packages/airflow/example_dags/example_python_decorator.py for tasks to queue
[2026-06-01T12:40:05.877+0000] {logging_mixin.py:188} INFO - [2026-06-01T12:40:05.877+0000] {dagbag.py:545} INFO - Filling up the DagBag from /home/airflow/.local/lib/python3.11/site-packages/airflow/example_dags/example_python_decorator.py
[2026-06-01T12:40:05.977+0000] {processor.py:840} INFO - DAG(s) 'example_python_decorator' retrieved from /home/airflow/.local/lib/python3.11/site-packages/airflow/example_dags/example_python_decorator.py
[2026-06-01T12:40:06.055+0000] {logging_mixin.py:188} INFO - [2026-06-01T12:40:06.054+0000] {dag.py:3096} INFO - Sync 1 DAGs
[2026-06-01T12:40:06.136+0000] {logging_mixin.py:188} INFO - [2026-06-01T12:40:06.135+0000] {dag.py:3954} INFO - Setting next_dagrun for example_python_decorator to None, run_after=None
[2026-06-01T12:40:06.264+0000] {processor.py:183} INFO - Processing /home/airflow/.local/lib/python3.11/site-packages/airflow/example_dags/example_python_decorator.py took 0.455 seconds
[2026-06-01T12:40:37.957+0000] {processor.py:161} INFO - Started process (PID=4389) to work on /home/airflow/.local/lib/python3.11/site-packages/airflow/example_dags/example_python_decorator.py
[2026-06-01T12:40:37.983+0000] {processor.py:830} INFO - Processing file /home/airflow/.local/lib/python3.11/site-packages/airflow/example_dags/example_python_decorator.py for tasks to queue
[2026-06-01T12:40:37.993+0000] {logging_mixin.py:188} INFO - [2026-06-01T12:40:37.992+0000] {dagbag.py:545} INFO - Filling up the DagBag from /home/airflow/.local/lib/python3.11/site-packages/airflow/example_dags/example_python_decorator.py
[2026-06-01T12:40:38.062+0000] {processor.py:840} INFO - DAG(s) 'example_python_decorator' retrieved from /home/airflow/.local/lib/python3.11/site-packages/airflow/example_dags/example_python_decorator.py
[2026-06-01T12:40:38.201+0000] {logging_mixin.py:188} INFO - [2026-06-01T12:40:38.201+0000] {dag.py:3096} INFO - Sync 1 DAGs
[2026-06-01T12:40:38.242+0000] {logging_mixin.py:188} INFO - [2026-06-01T12:40:38.242+0000] {dag.py:3954} INFO - Setting next_dagrun for example_python_decorator to None, run_after=None
[2026-06-01T12:40:38.294+0000] {processor.py:183} INFO - Processing /home/airflow/.local/lib/python3.11/site-packages/airflow/example_dags/example_python_decorator.py took 0.445 seconds
[2026-06-01T12:41:10.056+0000] {processor.py:161} INFO - Started process (PID=4660) to work on /home/airflow/.local/lib/python3.11/site-packages/airflow/example_dags/example_python_decorator.py
[2026-06-01T12:41:10.069+0000] {processor.py:830} INFO - Processing file /home/airflow/.local/lib/python3.11/site-packages/airflow/example_dags/example_python_decorator.py for tasks to queue
[2026-06-01T12:41:10.073+0000] {logging_mixin.py:188} INFO - [2026-06-01T12:41:10.073+0000] {dagbag.py:545} INFO - Filling up the DagBag from /home/airflow/.local/lib/python3.11/site-packages/airflow/example_dags/example_python_decorator.py
[2026-06-01T12:41:10.135+0000] {processor.py:840} INFO - DAG(s) 'example_python_decorator' retrieved from /home/airflow/.local/lib/python3.11/site-packages/airflow/example_dags/example_python_decorator.py
[2026-06-01T12:41:10.217+0000] {logging_mixin.py:188} INFO - [2026-06-01T12:41:10.217+0000] {dag.py:3096} INFO - Sync 1 DAGs
[2026-06-01T12:41:10.264+0000] {logging_mixin.py:188} INFO - [2026-06-01T12:41:10.264+0000] {dag.py:3954} INFO - Setting next_dagrun for example_python_decorator to None, run_after=None
[2026-06-01T12:41:10.334+0000] {processor.py:183} INFO - Processing /home/airflow/.local/lib/python3.11/site-packages/airflow/example_dags/example_python_decorator.py took 0.313 seconds
[2026-06-01T12:41:50.715+0000] {processor.py:161} INFO - Started process (PID=4946) to work on /home/airflow/.local/lib/python3.11/site-packages/airflow/example_dags/example_python_decorator.py
[2026-06-01T12:41:50.729+0000] {processor.py:830} INFO - Processing file /home/airflow/.local/lib/python3.11/site-packages/airflow/example_dags/example_python_decorator.py for tasks to queue
[2026-06-01T12:41:50.744+0000] {logging_mixin.py:188} INFO - [2026-06-01T12:41:50.744+0000] {dagbag.py:545} INFO - Filling up the DagBag from /home/airflow/.local/lib/python3.11/site-packages/airflow/example_dags/example_python_decorator.py
[2026-06-01T12:41:50.811+0000] {processor.py:840} INFO - DAG(s) 'example_python_decorator' retrieved from /home/airflow/.local/lib/python3.11/site-packages/airflow/example_dags/example_python_decorator.py
[2026-06-01T12:41:50.991+0000] {logging_mixin.py:188} INFO - [2026-06-01T12:41:50.990+0000] {dag.py:3096} INFO - Sync 1 DAGs
[2026-06-01T12:41:51.086+0000] {logging_mixin.py:188} INFO - [2026-06-01T12:41:51.086+0000] {dag.py:3954} INFO - Setting next_dagrun for example_python_decorator to None, run_after=None
[2026-06-01T12:41:51.401+0000] {processor.py:183} INFO - Processing /home/airflow/.local/lib/python3.11/site-packages/airflow/example_dags/example_python_decorator.py took 0.703 seconds
[2026-06-01T12:42:24.401+0000] {processor.py:161} INFO - Started process (PID=5220) to work on /home/airflow/.local/lib/python3.11/site-packages/airflow/example_dags/example_python_decorator.py
[2026-06-01T12:42:24.414+0000] {processor.py:830} INFO - Processing file /home/airflow/.local/lib/python3.11/site-packages/airflow/example_dags/example_python_decorator.py for tasks to queue
[2026-06-01T12:42:24.424+0000] {logging_mixin.py:188} INFO - [2026-06-01T12:42:24.424+0000] {dagbag.py:545} INFO - Filling up the DagBag from /home/airflow/.local/lib/python3.11/site-packages/airflow/example_dags/example_python_decorator.py
[2026-06-01T12:42:24.539+0000] {processor.py:840} INFO - DAG(s) 'example_python_decorator' retrieved from /home/airflow/.local/lib/python3.11/site-packages/airflow/example_dags/example_python_decorator.py
[2026-06-01T12:42:24.618+0000] {logging_mixin.py:188} INFO - [2026-06-01T12:42:24.618+0000] {dag.py:3096} INFO - Sync 1 DAGs
[2026-06-01T12:42:24.673+0000] {logging_mixin.py:188} INFO - [2026-06-01T12:42:24.672+0000] {dag.py:3954} INFO - Setting next_dagrun for example_python_decorator to None, run_after=None
[2026-06-01T12:42:24.823+0000] {processor.py:183} INFO - Processing /home/airflow/.local/lib/python3.11/site-packages/airflow/example_dags/example_python_decorator.py took 0.458 seconds
[2026-06-01T12:42:57.026+0000] {processor.py:161} INFO - Started process (PID=5496) to work on /home/airflow/.local/lib/python3.11/site-packages/airflow/example_dags/example_python_decorator.py
[2026-06-01T12:42:57.043+0000] {processor.py:830} INFO - Processing file /home/airflow/.local/lib/python3.11/site-packages/airflow/example_dags/example_python_decorator.py for tasks to queue
[2026-06-01T12:42:57.047+0000] {logging_mixin.py:188} INFO - [2026-06-01T12:42:57.046+0000] {dagbag.py:545} INFO - Filling up the DagBag from /home/airflow/.local/lib/python3.11/site-packages/airflow/example_dags/example_python_decorator.py
[2026-06-01T12:42:57.122+0000] {processor.py:840} INFO - DAG(s) 'example_python_decorator' retrieved from /home/airflow/.local/lib/python3.11/site-packages/airflow/example_dags/example_python_decorator.py
[2026-06-01T12:42:57.234+0000] {logging_mixin.py:188} INFO - [2026-06-01T12:42:57.233+0000] {dag.py:3096} INFO - Sync 1 DAGs
[2026-06-01T12:42:57.316+0000] {logging_mixin.py:188} INFO - [2026-06-01T12:42:57.316+0000] {dag.py:3954} INFO - Setting next_dagrun for example_python_decorator to None, run_after=None
[2026-06-01T12:42:57.415+0000] {processor.py:183} INFO - Processing /home/airflow/.local/lib/python3.11/site-packages/airflow/example_dags/example_python_decorator.py took 0.424 seconds
[2026-06-01T12:43:44.077+0000] {processor.py:161} INFO - Started process (PID=5818) to work on /home/airflow/.local/lib/python3.11/site-packages/airflow/example_dags/example_python_decorator.py
[2026-06-01T12:43:44.082+0000] {processor.py:830} INFO - Processing file /home/airflow/.local/lib/python3.11/site-packages/airflow/example_dags/example_python_decorator.py for tasks to queue
[2026-06-01T12:43:44.094+0000] {logging_mixin.py:188} INFO - [2026-06-01T12:43:44.090+0000] {dagbag.py:545} INFO - Filling up the DagBag from /home/airflow/.local/lib/python3.11/site-packages/airflow/example_dags/example_python_decorator.py
[2026-06-01T12:43:44.258+0000] {processor.py:840} INFO - DAG(s) 'example_python_decorator' retrieved from /home/airflow/.local/lib/python3.11/site-packages/airflow/example_dags/example_python_decorator.py
[2026-06-01T12:43:44.424+0000] {logging_mixin.py:188} INFO - [2026-06-01T12:43:44.424+0000] {dag.py:3096} INFO - Sync 1 DAGs
[2026-06-01T12:43:44.589+0000] {logging_mixin.py:188} INFO - [2026-06-01T12:43:44.589+0000] {dag.py:3954} INFO - Setting next_dagrun for example_python_decorator to None, run_after=None
[2026-06-01T12:43:44.665+0000] {processor.py:183} INFO - Processing /home/airflow/.local/lib/python3.11/site-packages/airflow/example_dags/example_python_decorator.py took 0.633 seconds
[2026-06-01T12:44:17.224+0000] {processor.py:161} INFO - Started process (PID=6093) to work on /home/airflow/.local/lib/python3.11/site-packages/airflow/example_dags/example_python_decorator.py
[2026-06-01T12:44:17.234+0000] {processor.py:830} INFO - Processing file /home/airflow/.local/lib/python3.11/site-packages/airflow/example_dags/example_python_decorator.py for tasks to queue
[2026-06-01T12:44:17.261+0000] {logging_mixin.py:188} INFO - [2026-06-01T12:44:17.260+0000] {dagbag.py:545} INFO - Filling up the DagBag from /home/airflow/.local/lib/python3.11/site-packages/airflow/example_dags/example_python_decorator.py
[2026-06-01T12:44:17.416+0000] {processor.py:840} INFO - DAG(s) 'example_python_decorator' retrieved from /home/airflow/.local/lib/python3.11/site-packages/airflow/example_dags/example_python_decorator.py
[2026-06-01T12:44:17.510+0000] {logging_mixin.py:188} INFO - [2026-06-01T12:44:17.510+0000] {dag.py:3096} INFO - Sync 1 DAGs
[2026-06-01T12:44:17.687+0000] {logging_mixin.py:188} INFO - [2026-06-01T12:44:17.686+0000] {dag.py:3954} INFO - Setting next_dagrun for example_python_decorator to None, run_after=None
[2026-06-01T12:44:17.852+0000] {processor.py:183} INFO - Processing /home/airflow/.local/lib/python3.11/site-packages/airflow/example_dags/example_python_decorator.py took 0.682 seconds
[2026-06-01T12:44:51.992+0000] {processor.py:161} INFO - Started process (PID=6365) to work on /home/airflow/.local/lib/python3.11/site-packages/airflow/example_dags/example_python_decorator.py
[2026-06-01T12:44:52.002+0000] {processor.py:830} INFO - Processing file /home/airflow/.local/lib/python3.11/site-packages/airflow/example_dags/example_python_decorator.py for tasks to queue
[2026-06-01T12:44:52.026+0000] {logging_mixin.py:188} INFO - [2026-06-01T12:44:52.025+0000] {dagbag.py:545} INFO - Filling up the DagBag from /home/airflow/.local/lib/python3.11/site-packages/airflow/example_dags/example_python_decorator.py
[2026-06-01T12:44:52.171+0000] {processor.py:840} INFO - DAG(s) 'example_python_decorator' retrieved from /home/airflow/.local/lib/python3.11/site-packages/airflow/example_dags/example_python_decorator.py
[2026-06-01T12:44:52.293+0000] {logging_mixin.py:188} INFO - [2026-06-01T12:44:52.285+0000] {dag.py:3096} INFO - Sync 1 DAGs
[2026-06-01T12:44:52.368+0000] {logging_mixin.py:188} INFO - [2026-06-01T12:44:52.367+0000] {dag.py:3954} INFO - Setting next_dagrun for example_python_decorator to None, run_after=None
[2026-06-01T12:44:52.553+0000] {processor.py:183} INFO - Processing /home/airflow/.local/lib/python3.11/site-packages/airflow/example_dags/example_python_decorator.py took 0.707 seconds
[2026-06-01T12:45:23.209+0000] {processor.py:161} INFO - Started process (PID=6641) to work on /home/airflow/.local/lib/python3.11/site-packages/airflow/example_dags/example_python_decorator.py
[2026-06-01T12:45:23.232+0000] {processor.py:830} INFO - Processing file /home/airflow/.local/lib/python3.11/site-packages/airflow/example_dags/example_python_decorator.py for tasks to queue
[2026-06-01T12:45:23.246+0000] {logging_mixin.py:188} INFO - [2026-06-01T12:45:23.245+0000] {dagbag.py:545} INFO - Filling up the DagBag from /home/airflow/.local/lib/python3.11/site-packages/airflow/example_dags/example_python_decorator.py
[2026-06-01T12:45:23.322+0000] {processor.py:840} INFO - DAG(s) 'example_python_decorator' retrieved from /home/airflow/.local/lib/python3.11/site-packages/airflow/example_dags/example_python_decorator.py
[2026-06-01T12:45:23.391+0000] {logging_mixin.py:188} INFO - [2026-06-01T12:45:23.391+0000] {dag.py:3096} INFO - Sync 1 DAGs
[2026-06-01T12:45:23.466+0000] {logging_mixin.py:188} INFO - [2026-06-01T12:45:23.466+0000] {dag.py:3954} INFO - Setting next_dagrun for example_python_decorator to None, run_after=None
[2026-06-01T12:45:23.551+0000] {processor.py:183} INFO - Processing /home/airflow/.local/lib/python3.11/site-packages/airflow/example_dags/example_python_decorator.py took 0.411 seconds
[2026-06-01T12:46:00.897+0000] {processor.py:161} INFO - Started process (PID=6917) to work on /home/airflow/.local/lib/python3.11/site-packages/airflow/example_dags/example_python_decorator.py
[2026-06-01T12:46:00.924+0000] {processor.py:830} INFO - Processing file /home/airflow/.local/lib/python3.11/site-packages/airflow/example_dags/example_python_decorator.py for tasks to queue
[2026-06-01T12:46:00.938+0000] {logging_mixin.py:188} INFO - [2026-06-01T12:46:00.937+0000] {dagbag.py:545} INFO - Filling up the DagBag from /home/airflow/.local/lib/python3.11/site-packages/airflow/example_dags/example_python_decorator.py
[2026-06-01T12:46:00.999+0000] {processor.py:840} INFO - DAG(s) 'example_python_decorator' retrieved from /home/airflow/.local/lib/python3.11/site-packages/airflow/example_dags/example_python_decorator.py
[2026-06-01T12:46:01.231+0000] {logging_mixin.py:188} INFO - [2026-06-01T12:46:01.231+0000] {dag.py:3096} INFO - Sync 1 DAGs
[2026-06-01T12:46:01.288+0000] {logging_mixin.py:188} INFO - [2026-06-01T12:46:01.288+0000] {dag.py:3954} INFO - Setting next_dagrun for example_python_decorator to None, run_after=None
[2026-06-01T12:46:01.394+0000] {processor.py:183} INFO - Processing /home/airflow/.local/lib/python3.11/site-packages/airflow/example_dags/example_python_decorator.py took 0.523 seconds
[2026-06-01T12:46:39.482+0000] {processor.py:161} INFO - Started process (PID=7217) to work on /home/airflow/.local/lib/python3.11/site-packages/airflow/example_dags/example_python_decorator.py
[2026-06-01T12:46:39.521+0000] {processor.py:830} INFO - Processing file /home/airflow/.local/lib/python3.11/site-packages/airflow/example_dags/example_python_decorator.py for tasks to queue
[2026-06-01T12:46:39.539+0000] {logging_mixin.py:188} INFO - [2026-06-01T12:46:39.539+0000] {dagbag.py:545} INFO - Filling up the DagBag from /home/airflow/.local/lib/python3.11/site-packages/airflow/example_dags/example_python_decorator.py
[2026-06-01T12:46:39.686+0000] {processor.py:840} INFO - DAG(s) 'example_python_decorator' retrieved from /home/airflow/.local/lib/python3.11/site-packages/airflow/example_dags/example_python_decorator.py
[2026-06-01T12:46:39.803+0000] {logging_mixin.py:188} INFO - [2026-06-01T12:46:39.802+0000] {dag.py:3096} INFO - Sync 1 DAGs
[2026-06-01T12:46:40.060+0000] {logging_mixin.py:188} INFO - [2026-06-01T12:46:40.060+0000] {dag.py:3954} INFO - Setting next_dagrun for example_python_decorator to None, run_after=None
[2026-06-01T12:46:40.347+0000] {processor.py:183} INFO - Processing /home/airflow/.local/lib/python3.11/site-packages/airflow/example_dags/example_python_decorator.py took 0.973 seconds
[2026-06-01T12:47:17.359+0000] {processor.py:161} INFO - Started process (PID=7505) to work on /home/airflow/.local/lib/python3.11/site-packages/airflow/example_dags/example_python_decorator.py
[2026-06-01T12:47:17.374+0000] {processor.py:830} INFO - Processing file /home/airflow/.local/lib/python3.11/site-packages/airflow/example_dags/example_python_decorator.py for tasks to queue
[2026-06-01T12:47:17.378+0000] {logging_mixin.py:188} INFO - [2026-06-01T12:47:17.377+0000] {dagbag.py:545} INFO - Filling up the DagBag from /home/airflow/.local/lib/python3.11/site-packages/airflow/example_dags/example_python_decorator.py
[2026-06-01T12:47:17.464+0000] {processor.py:840} INFO - DAG(s) 'example_python_decorator' retrieved from /home/airflow/.local/lib/python3.11/site-packages/airflow/example_dags/example_python_decorator.py
[2026-06-01T12:47:17.574+0000] {logging_mixin.py:188} INFO - [2026-06-01T12:47:17.573+0000] {dag.py:3096} INFO - Sync 1 DAGs
[2026-06-01T12:47:17.863+0000] {logging_mixin.py:188} INFO - [2026-06-01T12:47:17.863+0000] {dag.py:3954} INFO - Setting next_dagrun for example_python_decorator to None, run_after=None
[2026-06-01T12:47:18.164+0000] {processor.py:183} INFO - Processing /home/airflow/.local/lib/python3.11/site-packages/airflow/example_dags/example_python_decorator.py took 0.838 seconds
[2026-06-01T12:47:49.652+0000] {processor.py:161} INFO - Started process (PID=7784) to work on /home/airflow/.local/lib/python3.11/site-packages/airflow/example_dags/example_python_decorator.py
[2026-06-01T12:47:49.662+0000] {processor.py:830} INFO - Processing file /home/airflow/.local/lib/python3.11/site-packages/airflow/example_dags/example_python_decorator.py for tasks to queue
[2026-06-01T12:47:49.666+0000] {logging_mixin.py:188} INFO - [2026-06-01T12:47:49.665+0000] {dagbag.py:545} INFO - Filling up the DagBag from /home/airflow/.local/lib/python3.11/site-packages/airflow/example_dags/example_python_decorator.py
[2026-06-01T12:47:49.736+0000] {processor.py:840} INFO - DAG(s) 'example_python_decorator' retrieved from /home/airflow/.local/lib/python3.11/site-packages/airflow/example_dags/example_python_decorator.py
[2026-06-01T12:47:49.805+0000] {logging_mixin.py:188} INFO - [2026-06-01T12:47:49.805+0000] {dag.py:3096} INFO - Sync 1 DAGs
[2026-06-01T12:47:49.872+0000] {logging_mixin.py:188} INFO - [2026-06-01T12:47:49.872+0000] {dag.py:3954} INFO - Setting next_dagrun for example_python_decorator to None, run_after=None
[2026-06-01T12:47:49.950+0000] {processor.py:183} INFO - Processing /home/airflow/.local/lib/python3.11/site-packages/airflow/example_dags/example_python_decorator.py took 0.314 seconds
[2026-06-01T12:48:20.864+0000] {processor.py:161} INFO - Started process (PID=8050) to work on /home/airflow/.local/lib/python3.11/site-packages/airflow/example_dags/example_python_decorator.py
[2026-06-01T12:48:20.882+0000] {processor.py:830} INFO - Processing file /home/airflow/.local/lib/python3.11/site-packages/airflow/example_dags/example_python_decorator.py for tasks to queue
[2026-06-01T12:48:20.891+0000] {logging_mixin.py:188} INFO - [2026-06-01T12:48:20.890+0000] {dagbag.py:545} INFO - Filling up the DagBag from /home/airflow/.local/lib/python3.11/site-packages/airflow/example_dags/example_python_decorator.py
[2026-06-01T12:48:20.949+0000] {processor.py:840} INFO - DAG(s) 'example_python_decorator' retrieved from /home/airflow/.local/lib/python3.11/site-packages/airflow/example_dags/example_python_decorator.py
[2026-06-01T12:48:21.048+0000] {logging_mixin.py:188} INFO - [2026-06-01T12:48:21.048+0000] {dag.py:3096} INFO - Sync 1 DAGs
[2026-06-01T12:48:21.108+0000] {logging_mixin.py:188} INFO - [2026-06-01T12:48:21.108+0000] {dag.py:3954} INFO - Setting next_dagrun for example_python_decorator to None, run_after=None
[2026-06-01T12:48:21.218+0000] {processor.py:183} INFO - Processing /home/airflow/.local/lib/python3.11/site-packages/airflow/example_dags/example_python_decorator.py took 0.362 seconds
[2026-06-01T12:48:52.233+0000] {processor.py:161} INFO - Started process (PID=8327) to work on /home/airflow/.local/lib/python3.11/site-packages/airflow/example_dags/example_python_decorator.py
[2026-06-01T12:48:52.247+0000] {processor.py:830} INFO - Processing file /home/airflow/.local/lib/python3.11/site-packages/airflow/example_dags/example_python_decorator.py for tasks to queue
[2026-06-01T12:48:52.268+0000] {logging_mixin.py:188} INFO - [2026-06-01T12:48:52.267+0000] {dagbag.py:545} INFO - Filling up the DagBag from /home/airflow/.local/lib/python3.11/site-packages/airflow/example_dags/example_python_decorator.py
[2026-06-01T12:48:52.393+0000] {processor.py:840} INFO - DAG(s) 'example_python_decorator' retrieved from /home/airflow/.local/lib/python3.11/site-packages/airflow/example_dags/example_python_decorator.py
[2026-06-01T12:48:52.543+0000] {logging_mixin.py:188} INFO - [2026-06-01T12:48:52.542+0000] {dag.py:3096} INFO - Sync 1 DAGs
[2026-06-01T12:48:52.600+0000] {logging_mixin.py:188} INFO - [2026-06-01T12:48:52.600+0000] {dag.py:3954} INFO - Setting next_dagrun for example_python_decorator to None, run_after=None
[2026-06-01T12:48:52.695+0000] {processor.py:183} INFO - Processing /home/airflow/.local/lib/python3.11/site-packages/airflow/example_dags/example_python_decorator.py took 0.624 seconds
