[2026-06-01T12:04:44.573+0000] {processor.py:161} INFO - Started process (PID=107) to work on /home/airflow/.local/lib/python3.11/site-packages/airflow/example_dags/example_kubernetes_executor.py
[2026-06-01T12:04:44.575+0000] {processor.py:830} INFO - Processing file /home/airflow/.local/lib/python3.11/site-packages/airflow/example_dags/example_kubernetes_executor.py for tasks to queue
[2026-06-01T12:04:44.578+0000] {logging_mixin.py:188} INFO - [2026-06-01T12:04:44.578+0000] {dagbag.py:545} INFO - Filling up the DagBag from /home/airflow/.local/lib/python3.11/site-packages/airflow/example_dags/example_kubernetes_executor.py
[2026-06-01T12:04:44.598+0000] {processor.py:840} INFO - DAG(s) 'example_kubernetes_executor' retrieved from /home/airflow/.local/lib/python3.11/site-packages/airflow/example_dags/example_kubernetes_executor.py
[2026-06-01T12:04:44.785+0000] {logging_mixin.py:188} INFO - [2026-06-01T12:04:44.784+0000] {override.py:1829} INFO - Created Permission View: can read on DAG:example_kubernetes_executor
[2026-06-01T12:04:44.800+0000] {logging_mixin.py:188} INFO - [2026-06-01T12:04:44.799+0000] {override.py:1829} INFO - Created Permission View: can delete on DAG:example_kubernetes_executor
[2026-06-01T12:04:44.810+0000] {logging_mixin.py:188} INFO - [2026-06-01T12:04:44.809+0000] {override.py:1829} INFO - Created Permission View: can edit on DAG:example_kubernetes_executor
[2026-06-01T12:04:44.811+0000] {logging_mixin.py:188} INFO - [2026-06-01T12:04:44.811+0000] {dag.py:3096} INFO - Sync 1 DAGs
[2026-06-01T12:04:44.827+0000] {logging_mixin.py:188} INFO - [2026-06-01T12:04:44.827+0000] {dag.py:3118} INFO - Creating ORM DAG for example_kubernetes_executor
[2026-06-01T12:04:44.828+0000] {logging_mixin.py:188} INFO - [2026-06-01T12:04:44.828+0000] {dag.py:3954} INFO - Setting next_dagrun for example_kubernetes_executor to None, run_after=None
[2026-06-01T12:04:44.853+0000] {processor.py:183} INFO - Processing /home/airflow/.local/lib/python3.11/site-packages/airflow/example_dags/example_kubernetes_executor.py took 0.291 seconds
[2026-06-01T12:05:15.798+0000] {processor.py:161} INFO - Started process (PID=166) to work on /home/airflow/.local/lib/python3.11/site-packages/airflow/example_dags/example_kubernetes_executor.py
[2026-06-01T12:05:15.800+0000] {processor.py:830} INFO - Processing file /home/airflow/.local/lib/python3.11/site-packages/airflow/example_dags/example_kubernetes_executor.py for tasks to queue
[2026-06-01T12:05:15.803+0000] {logging_mixin.py:188} INFO - [2026-06-01T12:05:15.803+0000] {dagbag.py:545} INFO - Filling up the DagBag from /home/airflow/.local/lib/python3.11/site-packages/airflow/example_dags/example_kubernetes_executor.py
[2026-06-01T12:05:15.825+0000] {processor.py:840} INFO - DAG(s) 'example_kubernetes_executor' retrieved from /home/airflow/.local/lib/python3.11/site-packages/airflow/example_dags/example_kubernetes_executor.py
[2026-06-01T12:05:15.875+0000] {logging_mixin.py:188} INFO - [2026-06-01T12:05:15.874+0000] {dag.py:3096} INFO - Sync 1 DAGs
[2026-06-01T12:05:15.890+0000] {logging_mixin.py:188} INFO - [2026-06-01T12:05:15.889+0000] {dag.py:3954} INFO - Setting next_dagrun for example_kubernetes_executor to None, run_after=None
[2026-06-01T12:05:15.930+0000] {processor.py:183} INFO - Processing /home/airflow/.local/lib/python3.11/site-packages/airflow/example_dags/example_kubernetes_executor.py took 0.154 seconds
[2026-06-01T12:05:46.816+0000] {processor.py:161} INFO - Started process (PID=225) to work on /home/airflow/.local/lib/python3.11/site-packages/airflow/example_dags/example_kubernetes_executor.py
[2026-06-01T12:05:46.818+0000] {processor.py:830} INFO - Processing file /home/airflow/.local/lib/python3.11/site-packages/airflow/example_dags/example_kubernetes_executor.py for tasks to queue
[2026-06-01T12:05:46.823+0000] {logging_mixin.py:188} INFO - [2026-06-01T12:05:46.822+0000] {dagbag.py:545} INFO - Filling up the DagBag from /home/airflow/.local/lib/python3.11/site-packages/airflow/example_dags/example_kubernetes_executor.py
[2026-06-01T12:05:46.850+0000] {processor.py:840} INFO - DAG(s) 'example_kubernetes_executor' retrieved from /home/airflow/.local/lib/python3.11/site-packages/airflow/example_dags/example_kubernetes_executor.py
[2026-06-01T12:05:46.931+0000] {logging_mixin.py:188} INFO - [2026-06-01T12:05:46.931+0000] {dag.py:3096} INFO - Sync 1 DAGs
[2026-06-01T12:05:46.963+0000] {logging_mixin.py:188} INFO - [2026-06-01T12:05:46.962+0000] {dag.py:3954} INFO - Setting next_dagrun for example_kubernetes_executor to None, run_after=None
[2026-06-01T12:05:47.015+0000] {processor.py:183} INFO - Processing /home/airflow/.local/lib/python3.11/site-packages/airflow/example_dags/example_kubernetes_executor.py took 0.211 seconds
[2026-06-01T12:06:17.723+0000] {processor.py:161} INFO - Started process (PID=284) to work on /home/airflow/.local/lib/python3.11/site-packages/airflow/example_dags/example_kubernetes_executor.py
[2026-06-01T12:06:17.724+0000] {processor.py:830} INFO - Processing file /home/airflow/.local/lib/python3.11/site-packages/airflow/example_dags/example_kubernetes_executor.py for tasks to queue
[2026-06-01T12:06:17.727+0000] {logging_mixin.py:188} INFO - [2026-06-01T12:06:17.726+0000] {dagbag.py:545} INFO - Filling up the DagBag from /home/airflow/.local/lib/python3.11/site-packages/airflow/example_dags/example_kubernetes_executor.py
[2026-06-01T12:06:17.746+0000] {processor.py:840} INFO - DAG(s) 'example_kubernetes_executor' retrieved from /home/airflow/.local/lib/python3.11/site-packages/airflow/example_dags/example_kubernetes_executor.py
[2026-06-01T12:06:17.829+0000] {logging_mixin.py:188} INFO - [2026-06-01T12:06:17.828+0000] {dag.py:3096} INFO - Sync 1 DAGs
[2026-06-01T12:06:17.866+0000] {logging_mixin.py:188} INFO - [2026-06-01T12:06:17.866+0000] {dag.py:3954} INFO - Setting next_dagrun for example_kubernetes_executor to None, run_after=None
[2026-06-01T12:06:17.902+0000] {processor.py:183} INFO - Processing /home/airflow/.local/lib/python3.11/site-packages/airflow/example_dags/example_kubernetes_executor.py took 0.186 seconds
[2026-06-01T12:06:48.420+0000] {processor.py:161} INFO - Started process (PID=343) to work on /home/airflow/.local/lib/python3.11/site-packages/airflow/example_dags/example_kubernetes_executor.py
[2026-06-01T12:06:48.422+0000] {processor.py:830} INFO - Processing file /home/airflow/.local/lib/python3.11/site-packages/airflow/example_dags/example_kubernetes_executor.py for tasks to queue
[2026-06-01T12:06:48.425+0000] {logging_mixin.py:188} INFO - [2026-06-01T12:06:48.425+0000] {dagbag.py:545} INFO - Filling up the DagBag from /home/airflow/.local/lib/python3.11/site-packages/airflow/example_dags/example_kubernetes_executor.py
[2026-06-01T12:06:48.446+0000] {processor.py:840} INFO - DAG(s) 'example_kubernetes_executor' retrieved from /home/airflow/.local/lib/python3.11/site-packages/airflow/example_dags/example_kubernetes_executor.py
[2026-06-01T12:06:48.468+0000] {logging_mixin.py:188} INFO - [2026-06-01T12:06:48.468+0000] {dag.py:3096} INFO - Sync 1 DAGs
[2026-06-01T12:06:48.493+0000] {logging_mixin.py:188} INFO - [2026-06-01T12:06:48.493+0000] {dag.py:3954} INFO - Setting next_dagrun for example_kubernetes_executor to None, run_after=None
[2026-06-01T12:06:48.532+0000] {processor.py:183} INFO - Processing /home/airflow/.local/lib/python3.11/site-packages/airflow/example_dags/example_kubernetes_executor.py took 0.125 seconds
[2026-06-01T12:07:19.059+0000] {processor.py:161} INFO - Started process (PID=402) to work on /home/airflow/.local/lib/python3.11/site-packages/airflow/example_dags/example_kubernetes_executor.py
[2026-06-01T12:07:19.061+0000] {processor.py:830} INFO - Processing file /home/airflow/.local/lib/python3.11/site-packages/airflow/example_dags/example_kubernetes_executor.py for tasks to queue
[2026-06-01T12:07:19.063+0000] {logging_mixin.py:188} INFO - [2026-06-01T12:07:19.063+0000] {dagbag.py:545} INFO - Filling up the DagBag from /home/airflow/.local/lib/python3.11/site-packages/airflow/example_dags/example_kubernetes_executor.py
[2026-06-01T12:07:19.079+0000] {processor.py:840} INFO - DAG(s) 'example_kubernetes_executor' retrieved from /home/airflow/.local/lib/python3.11/site-packages/airflow/example_dags/example_kubernetes_executor.py
[2026-06-01T12:07:19.242+0000] {logging_mixin.py:188} INFO - [2026-06-01T12:07:19.241+0000] {dag.py:3096} INFO - Sync 1 DAGs
[2026-06-01T12:07:19.255+0000] {logging_mixin.py:188} INFO - [2026-06-01T12:07:19.255+0000] {dag.py:3954} INFO - Setting next_dagrun for example_kubernetes_executor to None, run_after=None
[2026-06-01T12:07:19.291+0000] {processor.py:183} INFO - Processing /home/airflow/.local/lib/python3.11/site-packages/airflow/example_dags/example_kubernetes_executor.py took 0.240 seconds
[2026-06-01T12:07:49.716+0000] {processor.py:161} INFO - Started process (PID=462) to work on /home/airflow/.local/lib/python3.11/site-packages/airflow/example_dags/example_kubernetes_executor.py
[2026-06-01T12:07:49.718+0000] {processor.py:830} INFO - Processing file /home/airflow/.local/lib/python3.11/site-packages/airflow/example_dags/example_kubernetes_executor.py for tasks to queue
[2026-06-01T12:07:49.721+0000] {logging_mixin.py:188} INFO - [2026-06-01T12:07:49.720+0000] {dagbag.py:545} INFO - Filling up the DagBag from /home/airflow/.local/lib/python3.11/site-packages/airflow/example_dags/example_kubernetes_executor.py
[2026-06-01T12:07:49.735+0000] {processor.py:840} INFO - DAG(s) 'example_kubernetes_executor' retrieved from /home/airflow/.local/lib/python3.11/site-packages/airflow/example_dags/example_kubernetes_executor.py
[2026-06-01T12:07:49.776+0000] {logging_mixin.py:188} INFO - [2026-06-01T12:07:49.776+0000] {dag.py:3096} INFO - Sync 1 DAGs
[2026-06-01T12:07:49.789+0000] {logging_mixin.py:188} INFO - [2026-06-01T12:07:49.789+0000] {dag.py:3954} INFO - Setting next_dagrun for example_kubernetes_executor to None, run_after=None
[2026-06-01T12:07:49.814+0000] {processor.py:183} INFO - Processing /home/airflow/.local/lib/python3.11/site-packages/airflow/example_dags/example_kubernetes_executor.py took 0.103 seconds
[2026-06-01T12:08:20.197+0000] {processor.py:161} INFO - Started process (PID=521) to work on /home/airflow/.local/lib/python3.11/site-packages/airflow/example_dags/example_kubernetes_executor.py
[2026-06-01T12:08:20.198+0000] {processor.py:830} INFO - Processing file /home/airflow/.local/lib/python3.11/site-packages/airflow/example_dags/example_kubernetes_executor.py for tasks to queue
[2026-06-01T12:08:20.200+0000] {logging_mixin.py:188} INFO - [2026-06-01T12:08:20.200+0000] {dagbag.py:545} INFO - Filling up the DagBag from /home/airflow/.local/lib/python3.11/site-packages/airflow/example_dags/example_kubernetes_executor.py
[2026-06-01T12:08:20.213+0000] {processor.py:840} INFO - DAG(s) 'example_kubernetes_executor' retrieved from /home/airflow/.local/lib/python3.11/site-packages/airflow/example_dags/example_kubernetes_executor.py
[2026-06-01T12:08:20.254+0000] {logging_mixin.py:188} INFO - [2026-06-01T12:08:20.254+0000] {dag.py:3096} INFO - Sync 1 DAGs
[2026-06-01T12:08:20.267+0000] {logging_mixin.py:188} INFO - [2026-06-01T12:08:20.267+0000] {dag.py:3954} INFO - Setting next_dagrun for example_kubernetes_executor to None, run_after=None
[2026-06-01T12:08:20.290+0000] {processor.py:183} INFO - Processing /home/airflow/.local/lib/python3.11/site-packages/airflow/example_dags/example_kubernetes_executor.py took 0.101 seconds
[2026-06-01T12:08:50.425+0000] {processor.py:161} INFO - Started process (PID=580) to work on /home/airflow/.local/lib/python3.11/site-packages/airflow/example_dags/example_kubernetes_executor.py
[2026-06-01T12:08:50.428+0000] {processor.py:830} INFO - Processing file /home/airflow/.local/lib/python3.11/site-packages/airflow/example_dags/example_kubernetes_executor.py for tasks to queue
[2026-06-01T12:08:50.431+0000] {logging_mixin.py:188} INFO - [2026-06-01T12:08:50.431+0000] {dagbag.py:545} INFO - Filling up the DagBag from /home/airflow/.local/lib/python3.11/site-packages/airflow/example_dags/example_kubernetes_executor.py
[2026-06-01T12:08:50.449+0000] {processor.py:840} INFO - DAG(s) 'example_kubernetes_executor' retrieved from /home/airflow/.local/lib/python3.11/site-packages/airflow/example_dags/example_kubernetes_executor.py
[2026-06-01T12:08:50.510+0000] {logging_mixin.py:188} INFO - [2026-06-01T12:08:50.510+0000] {dag.py:3096} INFO - Sync 1 DAGs
[2026-06-01T12:08:50.533+0000] {logging_mixin.py:188} INFO - [2026-06-01T12:08:50.532+0000] {dag.py:3954} INFO - Setting next_dagrun for example_kubernetes_executor to None, run_after=None
[2026-06-01T12:08:50.573+0000] {processor.py:183} INFO - Processing /home/airflow/.local/lib/python3.11/site-packages/airflow/example_dags/example_kubernetes_executor.py took 0.157 seconds
[2026-06-01T12:09:20.752+0000] {processor.py:161} INFO - Started process (PID=639) to work on /home/airflow/.local/lib/python3.11/site-packages/airflow/example_dags/example_kubernetes_executor.py
[2026-06-01T12:09:20.753+0000] {processor.py:830} INFO - Processing file /home/airflow/.local/lib/python3.11/site-packages/airflow/example_dags/example_kubernetes_executor.py for tasks to queue
[2026-06-01T12:09:20.755+0000] {logging_mixin.py:188} INFO - [2026-06-01T12:09:20.755+0000] {dagbag.py:545} INFO - Filling up the DagBag from /home/airflow/.local/lib/python3.11/site-packages/airflow/example_dags/example_kubernetes_executor.py
[2026-06-01T12:09:20.766+0000] {processor.py:840} INFO - DAG(s) 'example_kubernetes_executor' retrieved from /home/airflow/.local/lib/python3.11/site-packages/airflow/example_dags/example_kubernetes_executor.py
[2026-06-01T12:09:20.806+0000] {logging_mixin.py:188} INFO - [2026-06-01T12:09:20.805+0000] {dag.py:3096} INFO - Sync 1 DAGs
[2026-06-01T12:09:20.820+0000] {logging_mixin.py:188} INFO - [2026-06-01T12:09:20.820+0000] {dag.py:3954} INFO - Setting next_dagrun for example_kubernetes_executor to None, run_after=None
[2026-06-01T12:09:20.854+0000] {processor.py:183} INFO - Processing /home/airflow/.local/lib/python3.11/site-packages/airflow/example_dags/example_kubernetes_executor.py took 0.108 seconds
[2026-06-01T12:09:51.658+0000] {processor.py:161} INFO - Started process (PID=698) to work on /home/airflow/.local/lib/python3.11/site-packages/airflow/example_dags/example_kubernetes_executor.py
[2026-06-01T12:09:51.682+0000] {processor.py:830} INFO - Processing file /home/airflow/.local/lib/python3.11/site-packages/airflow/example_dags/example_kubernetes_executor.py for tasks to queue
[2026-06-01T12:09:51.713+0000] {logging_mixin.py:188} INFO - [2026-06-01T12:09:51.708+0000] {dagbag.py:545} INFO - Filling up the DagBag from /home/airflow/.local/lib/python3.11/site-packages/airflow/example_dags/example_kubernetes_executor.py
[2026-06-01T12:11:06.443+0000] {processor.py:161} INFO - Started process (PID=112) to work on /home/airflow/.local/lib/python3.11/site-packages/airflow/example_dags/example_kubernetes_executor.py
[2026-06-01T12:11:06.445+0000] {processor.py:830} INFO - Processing file /home/airflow/.local/lib/python3.11/site-packages/airflow/example_dags/example_kubernetes_executor.py for tasks to queue
[2026-06-01T12:11:06.449+0000] {logging_mixin.py:188} INFO - [2026-06-01T12:11:06.449+0000] {dagbag.py:545} INFO - Filling up the DagBag from /home/airflow/.local/lib/python3.11/site-packages/airflow/example_dags/example_kubernetes_executor.py
[2026-06-01T12:11:06.485+0000] {processor.py:840} INFO - DAG(s) 'example_kubernetes_executor' retrieved from /home/airflow/.local/lib/python3.11/site-packages/airflow/example_dags/example_kubernetes_executor.py
[2026-06-01T12:11:06.695+0000] {logging_mixin.py:188} INFO - [2026-06-01T12:11:06.694+0000] {dag.py:3096} INFO - Sync 1 DAGs
[2026-06-01T12:11:06.712+0000] {logging_mixin.py:188} INFO - [2026-06-01T12:11:06.712+0000] {dag.py:3954} INFO - Setting next_dagrun for example_kubernetes_executor to None, run_after=None
[2026-06-01T12:11:06.753+0000] {processor.py:183} INFO - Processing /home/airflow/.local/lib/python3.11/site-packages/airflow/example_dags/example_kubernetes_executor.py took 0.329 seconds
[2026-06-01T12:11:37.052+0000] {processor.py:161} INFO - Started process (PID=181) to work on /home/airflow/.local/lib/python3.11/site-packages/airflow/example_dags/example_kubernetes_executor.py
[2026-06-01T12:11:37.054+0000] {processor.py:830} INFO - Processing file /home/airflow/.local/lib/python3.11/site-packages/airflow/example_dags/example_kubernetes_executor.py for tasks to queue
[2026-06-01T12:11:37.058+0000] {logging_mixin.py:188} INFO - [2026-06-01T12:11:37.057+0000] {dagbag.py:545} INFO - Filling up the DagBag from /home/airflow/.local/lib/python3.11/site-packages/airflow/example_dags/example_kubernetes_executor.py
[2026-06-01T12:11:37.078+0000] {processor.py:840} INFO - DAG(s) 'example_kubernetes_executor' retrieved from /home/airflow/.local/lib/python3.11/site-packages/airflow/example_dags/example_kubernetes_executor.py
[2026-06-01T12:11:37.127+0000] {logging_mixin.py:188} INFO - [2026-06-01T12:11:37.127+0000] {dag.py:3096} INFO - Sync 1 DAGs
[2026-06-01T12:11:37.142+0000] {logging_mixin.py:188} INFO - [2026-06-01T12:11:37.142+0000] {dag.py:3954} INFO - Setting next_dagrun for example_kubernetes_executor to None, run_after=None
[2026-06-01T12:11:37.170+0000] {processor.py:183} INFO - Processing /home/airflow/.local/lib/python3.11/site-packages/airflow/example_dags/example_kubernetes_executor.py took 0.127 seconds
[2026-06-01T12:12:07.378+0000] {processor.py:161} INFO - Started process (PID=263) to work on /home/airflow/.local/lib/python3.11/site-packages/airflow/example_dags/example_kubernetes_executor.py
[2026-06-01T12:12:07.380+0000] {processor.py:830} INFO - Processing file /home/airflow/.local/lib/python3.11/site-packages/airflow/example_dags/example_kubernetes_executor.py for tasks to queue
[2026-06-01T12:12:07.384+0000] {logging_mixin.py:188} INFO - [2026-06-01T12:12:07.383+0000] {dagbag.py:545} INFO - Filling up the DagBag from /home/airflow/.local/lib/python3.11/site-packages/airflow/example_dags/example_kubernetes_executor.py
[2026-06-01T12:12:07.412+0000] {processor.py:840} INFO - DAG(s) 'example_kubernetes_executor' retrieved from /home/airflow/.local/lib/python3.11/site-packages/airflow/example_dags/example_kubernetes_executor.py
[2026-06-01T12:12:07.488+0000] {logging_mixin.py:188} INFO - [2026-06-01T12:12:07.488+0000] {dag.py:3096} INFO - Sync 1 DAGs
[2026-06-01T12:12:07.519+0000] {logging_mixin.py:188} INFO - [2026-06-01T12:12:07.518+0000] {dag.py:3954} INFO - Setting next_dagrun for example_kubernetes_executor to None, run_after=None
[2026-06-01T12:12:07.554+0000] {processor.py:183} INFO - Processing /home/airflow/.local/lib/python3.11/site-packages/airflow/example_dags/example_kubernetes_executor.py took 0.189 seconds
[2026-06-01T12:12:37.832+0000] {processor.py:161} INFO - Started process (PID=339) to work on /home/airflow/.local/lib/python3.11/site-packages/airflow/example_dags/example_kubernetes_executor.py
[2026-06-01T12:12:37.833+0000] {processor.py:830} INFO - Processing file /home/airflow/.local/lib/python3.11/site-packages/airflow/example_dags/example_kubernetes_executor.py for tasks to queue
[2026-06-01T12:12:37.836+0000] {logging_mixin.py:188} INFO - [2026-06-01T12:12:37.836+0000] {dagbag.py:545} INFO - Filling up the DagBag from /home/airflow/.local/lib/python3.11/site-packages/airflow/example_dags/example_kubernetes_executor.py
[2026-06-01T12:12:37.853+0000] {processor.py:840} INFO - DAG(s) 'example_kubernetes_executor' retrieved from /home/airflow/.local/lib/python3.11/site-packages/airflow/example_dags/example_kubernetes_executor.py
[2026-06-01T12:12:37.910+0000] {logging_mixin.py:188} INFO - [2026-06-01T12:12:37.909+0000] {dag.py:3096} INFO - Sync 1 DAGs
[2026-06-01T12:12:37.928+0000] {logging_mixin.py:188} INFO - [2026-06-01T12:12:37.927+0000] {dag.py:3954} INFO - Setting next_dagrun for example_kubernetes_executor to None, run_after=None
[2026-06-01T12:12:37.957+0000] {processor.py:183} INFO - Processing /home/airflow/.local/lib/python3.11/site-packages/airflow/example_dags/example_kubernetes_executor.py took 0.133 seconds
[2026-06-01T12:13:10.286+0000] {processor.py:161} INFO - Started process (PID=407) to work on /home/airflow/.local/lib/python3.11/site-packages/airflow/example_dags/example_kubernetes_executor.py
[2026-06-01T12:13:10.288+0000] {processor.py:830} INFO - Processing file /home/airflow/.local/lib/python3.11/site-packages/airflow/example_dags/example_kubernetes_executor.py for tasks to queue
[2026-06-01T12:13:10.291+0000] {logging_mixin.py:188} INFO - [2026-06-01T12:13:10.291+0000] {dagbag.py:545} INFO - Filling up the DagBag from /home/airflow/.local/lib/python3.11/site-packages/airflow/example_dags/example_kubernetes_executor.py
[2026-06-01T12:13:10.320+0000] {processor.py:840} INFO - DAG(s) 'example_kubernetes_executor' retrieved from /home/airflow/.local/lib/python3.11/site-packages/airflow/example_dags/example_kubernetes_executor.py
[2026-06-01T12:13:10.415+0000] {logging_mixin.py:188} INFO - [2026-06-01T12:13:10.414+0000] {dag.py:3096} INFO - Sync 1 DAGs
[2026-06-01T12:13:10.446+0000] {logging_mixin.py:188} INFO - [2026-06-01T12:13:10.446+0000] {dag.py:3954} INFO - Setting next_dagrun for example_kubernetes_executor to None, run_after=None
[2026-06-01T12:13:10.495+0000] {processor.py:183} INFO - Processing /home/airflow/.local/lib/python3.11/site-packages/airflow/example_dags/example_kubernetes_executor.py took 0.227 seconds
[2026-06-01T12:13:41.070+0000] {processor.py:161} INFO - Started process (PID=467) to work on /home/airflow/.local/lib/python3.11/site-packages/airflow/example_dags/example_kubernetes_executor.py
[2026-06-01T12:13:41.071+0000] {processor.py:830} INFO - Processing file /home/airflow/.local/lib/python3.11/site-packages/airflow/example_dags/example_kubernetes_executor.py for tasks to queue
[2026-06-01T12:13:41.073+0000] {logging_mixin.py:188} INFO - [2026-06-01T12:13:41.073+0000] {dagbag.py:545} INFO - Filling up the DagBag from /home/airflow/.local/lib/python3.11/site-packages/airflow/example_dags/example_kubernetes_executor.py
[2026-06-01T12:13:41.103+0000] {processor.py:840} INFO - DAG(s) 'example_kubernetes_executor' retrieved from /home/airflow/.local/lib/python3.11/site-packages/airflow/example_dags/example_kubernetes_executor.py
[2026-06-01T12:13:41.198+0000] {logging_mixin.py:188} INFO - [2026-06-01T12:13:41.198+0000] {dag.py:3096} INFO - Sync 1 DAGs
[2026-06-01T12:13:41.216+0000] {logging_mixin.py:188} INFO - [2026-06-01T12:13:41.216+0000] {dag.py:3954} INFO - Setting next_dagrun for example_kubernetes_executor to None, run_after=None
[2026-06-01T12:13:41.244+0000] {processor.py:183} INFO - Processing /home/airflow/.local/lib/python3.11/site-packages/airflow/example_dags/example_kubernetes_executor.py took 0.183 seconds
[2026-06-01T12:14:11.804+0000] {processor.py:161} INFO - Started process (PID=555) to work on /home/airflow/.local/lib/python3.11/site-packages/airflow/example_dags/example_kubernetes_executor.py
[2026-06-01T12:14:11.806+0000] {processor.py:830} INFO - Processing file /home/airflow/.local/lib/python3.11/site-packages/airflow/example_dags/example_kubernetes_executor.py for tasks to queue
[2026-06-01T12:14:11.810+0000] {logging_mixin.py:188} INFO - [2026-06-01T12:14:11.809+0000] {dagbag.py:545} INFO - Filling up the DagBag from /home/airflow/.local/lib/python3.11/site-packages/airflow/example_dags/example_kubernetes_executor.py
[2026-06-01T12:14:11.827+0000] {processor.py:840} INFO - DAG(s) 'example_kubernetes_executor' retrieved from /home/airflow/.local/lib/python3.11/site-packages/airflow/example_dags/example_kubernetes_executor.py
[2026-06-01T12:14:11.895+0000] {logging_mixin.py:188} INFO - [2026-06-01T12:14:11.895+0000] {dag.py:3096} INFO - Sync 1 DAGs
[2026-06-01T12:14:11.914+0000] {logging_mixin.py:188} INFO - [2026-06-01T12:14:11.913+0000] {dag.py:3954} INFO - Setting next_dagrun for example_kubernetes_executor to None, run_after=None
[2026-06-01T12:14:11.939+0000] {processor.py:183} INFO - Processing /home/airflow/.local/lib/python3.11/site-packages/airflow/example_dags/example_kubernetes_executor.py took 0.147 seconds
[2026-06-01T12:14:42.138+0000] {processor.py:161} INFO - Started process (PID=623) to work on /home/airflow/.local/lib/python3.11/site-packages/airflow/example_dags/example_kubernetes_executor.py
[2026-06-01T12:14:42.139+0000] {processor.py:830} INFO - Processing file /home/airflow/.local/lib/python3.11/site-packages/airflow/example_dags/example_kubernetes_executor.py for tasks to queue
[2026-06-01T12:14:42.142+0000] {logging_mixin.py:188} INFO - [2026-06-01T12:14:42.141+0000] {dagbag.py:545} INFO - Filling up the DagBag from /home/airflow/.local/lib/python3.11/site-packages/airflow/example_dags/example_kubernetes_executor.py
[2026-06-01T12:14:42.155+0000] {processor.py:840} INFO - DAG(s) 'example_kubernetes_executor' retrieved from /home/airflow/.local/lib/python3.11/site-packages/airflow/example_dags/example_kubernetes_executor.py
[2026-06-01T12:14:42.199+0000] {logging_mixin.py:188} INFO - [2026-06-01T12:14:42.198+0000] {dag.py:3096} INFO - Sync 1 DAGs
[2026-06-01T12:14:42.214+0000] {logging_mixin.py:188} INFO - [2026-06-01T12:14:42.213+0000] {dag.py:3954} INFO - Setting next_dagrun for example_kubernetes_executor to None, run_after=None
[2026-06-01T12:14:42.238+0000] {processor.py:183} INFO - Processing /home/airflow/.local/lib/python3.11/site-packages/airflow/example_dags/example_kubernetes_executor.py took 0.108 seconds
[2026-06-01T12:15:13.160+0000] {processor.py:161} INFO - Started process (PID=691) to work on /home/airflow/.local/lib/python3.11/site-packages/airflow/example_dags/example_kubernetes_executor.py
[2026-06-01T12:15:13.162+0000] {processor.py:830} INFO - Processing file /home/airflow/.local/lib/python3.11/site-packages/airflow/example_dags/example_kubernetes_executor.py for tasks to queue
[2026-06-01T12:15:13.164+0000] {logging_mixin.py:188} INFO - [2026-06-01T12:15:13.164+0000] {dagbag.py:545} INFO - Filling up the DagBag from /home/airflow/.local/lib/python3.11/site-packages/airflow/example_dags/example_kubernetes_executor.py
[2026-06-01T12:15:13.178+0000] {processor.py:840} INFO - DAG(s) 'example_kubernetes_executor' retrieved from /home/airflow/.local/lib/python3.11/site-packages/airflow/example_dags/example_kubernetes_executor.py
[2026-06-01T12:15:13.222+0000] {logging_mixin.py:188} INFO - [2026-06-01T12:15:13.222+0000] {dag.py:3096} INFO - Sync 1 DAGs
[2026-06-01T12:15:13.235+0000] {logging_mixin.py:188} INFO - [2026-06-01T12:15:13.235+0000] {dag.py:3954} INFO - Setting next_dagrun for example_kubernetes_executor to None, run_after=None
[2026-06-01T12:15:13.256+0000] {processor.py:183} INFO - Processing /home/airflow/.local/lib/python3.11/site-packages/airflow/example_dags/example_kubernetes_executor.py took 0.103 seconds
[2026-06-01T12:15:43.520+0000] {processor.py:161} INFO - Started process (PID=759) to work on /home/airflow/.local/lib/python3.11/site-packages/airflow/example_dags/example_kubernetes_executor.py
[2026-06-01T12:15:43.522+0000] {processor.py:830} INFO - Processing file /home/airflow/.local/lib/python3.11/site-packages/airflow/example_dags/example_kubernetes_executor.py for tasks to queue
[2026-06-01T12:15:43.525+0000] {logging_mixin.py:188} INFO - [2026-06-01T12:15:43.524+0000] {dagbag.py:545} INFO - Filling up the DagBag from /home/airflow/.local/lib/python3.11/site-packages/airflow/example_dags/example_kubernetes_executor.py
[2026-06-01T12:15:43.545+0000] {processor.py:840} INFO - DAG(s) 'example_kubernetes_executor' retrieved from /home/airflow/.local/lib/python3.11/site-packages/airflow/example_dags/example_kubernetes_executor.py
[2026-06-01T12:15:43.610+0000] {logging_mixin.py:188} INFO - [2026-06-01T12:15:43.609+0000] {dag.py:3096} INFO - Sync 1 DAGs
[2026-06-01T12:15:43.629+0000] {logging_mixin.py:188} INFO - [2026-06-01T12:15:43.628+0000] {dag.py:3954} INFO - Setting next_dagrun for example_kubernetes_executor to None, run_after=None
[2026-06-01T12:15:43.656+0000] {processor.py:183} INFO - Processing /home/airflow/.local/lib/python3.11/site-packages/airflow/example_dags/example_kubernetes_executor.py took 0.143 seconds
[2026-06-01T12:16:14.447+0000] {processor.py:161} INFO - Started process (PID=826) to work on /home/airflow/.local/lib/python3.11/site-packages/airflow/example_dags/example_kubernetes_executor.py
[2026-06-01T12:16:14.448+0000] {processor.py:830} INFO - Processing file /home/airflow/.local/lib/python3.11/site-packages/airflow/example_dags/example_kubernetes_executor.py for tasks to queue
[2026-06-01T12:16:14.451+0000] {logging_mixin.py:188} INFO - [2026-06-01T12:16:14.451+0000] {dagbag.py:545} INFO - Filling up the DagBag from /home/airflow/.local/lib/python3.11/site-packages/airflow/example_dags/example_kubernetes_executor.py
[2026-06-01T12:16:14.470+0000] {processor.py:840} INFO - DAG(s) 'example_kubernetes_executor' retrieved from /home/airflow/.local/lib/python3.11/site-packages/airflow/example_dags/example_kubernetes_executor.py
[2026-06-01T12:16:14.530+0000] {logging_mixin.py:188} INFO - [2026-06-01T12:16:14.530+0000] {dag.py:3096} INFO - Sync 1 DAGs
[2026-06-01T12:16:14.547+0000] {logging_mixin.py:188} INFO - [2026-06-01T12:16:14.547+0000] {dag.py:3954} INFO - Setting next_dagrun for example_kubernetes_executor to None, run_after=None
[2026-06-01T12:16:14.579+0000] {processor.py:183} INFO - Processing /home/airflow/.local/lib/python3.11/site-packages/airflow/example_dags/example_kubernetes_executor.py took 0.140 seconds
[2026-06-01T12:16:45.639+0000] {processor.py:161} INFO - Started process (PID=894) to work on /home/airflow/.local/lib/python3.11/site-packages/airflow/example_dags/example_kubernetes_executor.py
[2026-06-01T12:16:45.642+0000] {processor.py:830} INFO - Processing file /home/airflow/.local/lib/python3.11/site-packages/airflow/example_dags/example_kubernetes_executor.py for tasks to queue
[2026-06-01T12:16:45.646+0000] {logging_mixin.py:188} INFO - [2026-06-01T12:16:45.646+0000] {dagbag.py:545} INFO - Filling up the DagBag from /home/airflow/.local/lib/python3.11/site-packages/airflow/example_dags/example_kubernetes_executor.py
[2026-06-01T12:16:45.693+0000] {processor.py:840} INFO - DAG(s) 'example_kubernetes_executor' retrieved from /home/airflow/.local/lib/python3.11/site-packages/airflow/example_dags/example_kubernetes_executor.py
[2026-06-01T12:16:45.816+0000] {logging_mixin.py:188} INFO - [2026-06-01T12:16:45.815+0000] {dag.py:3096} INFO - Sync 1 DAGs
[2026-06-01T12:16:45.854+0000] {logging_mixin.py:188} INFO - [2026-06-01T12:16:45.853+0000] {dag.py:3954} INFO - Setting next_dagrun for example_kubernetes_executor to None, run_after=None
[2026-06-01T12:16:45.903+0000] {processor.py:183} INFO - Processing /home/airflow/.local/lib/python3.11/site-packages/airflow/example_dags/example_kubernetes_executor.py took 0.280 seconds
[2026-06-01T12:17:16.458+0000] {processor.py:161} INFO - Started process (PID=961) to work on /home/airflow/.local/lib/python3.11/site-packages/airflow/example_dags/example_kubernetes_executor.py
[2026-06-01T12:17:16.460+0000] {processor.py:830} INFO - Processing file /home/airflow/.local/lib/python3.11/site-packages/airflow/example_dags/example_kubernetes_executor.py for tasks to queue
[2026-06-01T12:17:16.462+0000] {logging_mixin.py:188} INFO - [2026-06-01T12:17:16.462+0000] {dagbag.py:545} INFO - Filling up the DagBag from /home/airflow/.local/lib/python3.11/site-packages/airflow/example_dags/example_kubernetes_executor.py
[2026-06-01T12:17:16.480+0000] {processor.py:840} INFO - DAG(s) 'example_kubernetes_executor' retrieved from /home/airflow/.local/lib/python3.11/site-packages/airflow/example_dags/example_kubernetes_executor.py
[2026-06-01T12:17:16.533+0000] {logging_mixin.py:188} INFO - [2026-06-01T12:17:16.533+0000] {dag.py:3096} INFO - Sync 1 DAGs
[2026-06-01T12:17:16.557+0000] {logging_mixin.py:188} INFO - [2026-06-01T12:17:16.556+0000] {dag.py:3954} INFO - Setting next_dagrun for example_kubernetes_executor to None, run_after=None
[2026-06-01T12:17:16.589+0000] {processor.py:183} INFO - Processing /home/airflow/.local/lib/python3.11/site-packages/airflow/example_dags/example_kubernetes_executor.py took 0.140 seconds
[2026-06-01T12:17:47.378+0000] {processor.py:161} INFO - Started process (PID=1029) to work on /home/airflow/.local/lib/python3.11/site-packages/airflow/example_dags/example_kubernetes_executor.py
[2026-06-01T12:17:47.380+0000] {processor.py:830} INFO - Processing file /home/airflow/.local/lib/python3.11/site-packages/airflow/example_dags/example_kubernetes_executor.py for tasks to queue
[2026-06-01T12:17:47.382+0000] {logging_mixin.py:188} INFO - [2026-06-01T12:17:47.382+0000] {dagbag.py:545} INFO - Filling up the DagBag from /home/airflow/.local/lib/python3.11/site-packages/airflow/example_dags/example_kubernetes_executor.py
[2026-06-01T12:17:47.401+0000] {processor.py:840} INFO - DAG(s) 'example_kubernetes_executor' retrieved from /home/airflow/.local/lib/python3.11/site-packages/airflow/example_dags/example_kubernetes_executor.py
[2026-06-01T12:17:47.465+0000] {logging_mixin.py:188} INFO - [2026-06-01T12:17:47.464+0000] {dag.py:3096} INFO - Sync 1 DAGs
[2026-06-01T12:17:47.483+0000] {logging_mixin.py:188} INFO - [2026-06-01T12:17:47.483+0000] {dag.py:3954} INFO - Setting next_dagrun for example_kubernetes_executor to None, run_after=None
[2026-06-01T12:17:47.530+0000] {processor.py:183} INFO - Processing /home/airflow/.local/lib/python3.11/site-packages/airflow/example_dags/example_kubernetes_executor.py took 0.162 seconds
[2026-06-01T12:18:18.278+0000] {processor.py:161} INFO - Started process (PID=1097) to work on /home/airflow/.local/lib/python3.11/site-packages/airflow/example_dags/example_kubernetes_executor.py
[2026-06-01T12:18:18.281+0000] {processor.py:830} INFO - Processing file /home/airflow/.local/lib/python3.11/site-packages/airflow/example_dags/example_kubernetes_executor.py for tasks to queue
[2026-06-01T12:18:18.285+0000] {logging_mixin.py:188} INFO - [2026-06-01T12:18:18.285+0000] {dagbag.py:545} INFO - Filling up the DagBag from /home/airflow/.local/lib/python3.11/site-packages/airflow/example_dags/example_kubernetes_executor.py
[2026-06-01T12:18:18.310+0000] {processor.py:840} INFO - DAG(s) 'example_kubernetes_executor' retrieved from /home/airflow/.local/lib/python3.11/site-packages/airflow/example_dags/example_kubernetes_executor.py
[2026-06-01T12:18:18.551+0000] {logging_mixin.py:188} INFO - [2026-06-01T12:18:18.551+0000] {dag.py:3096} INFO - Sync 1 DAGs
[2026-06-01T12:18:18.659+0000] {logging_mixin.py:188} INFO - [2026-06-01T12:18:18.659+0000] {dag.py:3954} INFO - Setting next_dagrun for example_kubernetes_executor to None, run_after=None
[2026-06-01T12:18:18.774+0000] {processor.py:183} INFO - Processing /home/airflow/.local/lib/python3.11/site-packages/airflow/example_dags/example_kubernetes_executor.py took 0.508 seconds
[2026-06-01T12:18:49.129+0000] {processor.py:161} INFO - Started process (PID=1165) to work on /home/airflow/.local/lib/python3.11/site-packages/airflow/example_dags/example_kubernetes_executor.py
[2026-06-01T12:18:49.132+0000] {processor.py:830} INFO - Processing file /home/airflow/.local/lib/python3.11/site-packages/airflow/example_dags/example_kubernetes_executor.py for tasks to queue
[2026-06-01T12:18:49.137+0000] {logging_mixin.py:188} INFO - [2026-06-01T12:18:49.137+0000] {dagbag.py:545} INFO - Filling up the DagBag from /home/airflow/.local/lib/python3.11/site-packages/airflow/example_dags/example_kubernetes_executor.py
[2026-06-01T12:18:49.210+0000] {processor.py:840} INFO - DAG(s) 'example_kubernetes_executor' retrieved from /home/airflow/.local/lib/python3.11/site-packages/airflow/example_dags/example_kubernetes_executor.py
[2026-06-01T12:18:49.413+0000] {logging_mixin.py:188} INFO - [2026-06-01T12:18:49.412+0000] {dag.py:3096} INFO - Sync 1 DAGs
[2026-06-01T12:18:49.516+0000] {logging_mixin.py:188} INFO - [2026-06-01T12:18:49.516+0000] {dag.py:3954} INFO - Setting next_dagrun for example_kubernetes_executor to None, run_after=None
[2026-06-01T12:18:49.617+0000] {processor.py:183} INFO - Processing /home/airflow/.local/lib/python3.11/site-packages/airflow/example_dags/example_kubernetes_executor.py took 0.507 seconds
[2026-06-01T12:19:19.766+0000] {processor.py:161} INFO - Started process (PID=1233) to work on /home/airflow/.local/lib/python3.11/site-packages/airflow/example_dags/example_kubernetes_executor.py
[2026-06-01T12:19:19.768+0000] {processor.py:830} INFO - Processing file /home/airflow/.local/lib/python3.11/site-packages/airflow/example_dags/example_kubernetes_executor.py for tasks to queue
[2026-06-01T12:19:19.774+0000] {logging_mixin.py:188} INFO - [2026-06-01T12:19:19.773+0000] {dagbag.py:545} INFO - Filling up the DagBag from /home/airflow/.local/lib/python3.11/site-packages/airflow/example_dags/example_kubernetes_executor.py
[2026-06-01T12:19:19.807+0000] {processor.py:840} INFO - DAG(s) 'example_kubernetes_executor' retrieved from /home/airflow/.local/lib/python3.11/site-packages/airflow/example_dags/example_kubernetes_executor.py
[2026-06-01T12:19:19.914+0000] {logging_mixin.py:188} INFO - [2026-06-01T12:19:19.914+0000] {dag.py:3096} INFO - Sync 1 DAGs
[2026-06-01T12:19:19.945+0000] {logging_mixin.py:188} INFO - [2026-06-01T12:19:19.945+0000] {dag.py:3954} INFO - Setting next_dagrun for example_kubernetes_executor to None, run_after=None
[2026-06-01T12:19:19.995+0000] {processor.py:183} INFO - Processing /home/airflow/.local/lib/python3.11/site-packages/airflow/example_dags/example_kubernetes_executor.py took 0.248 seconds
[2026-06-01T12:19:53.700+0000] {processor.py:161} INFO - Started process (PID=1307) to work on /home/airflow/.local/lib/python3.11/site-packages/airflow/example_dags/example_kubernetes_executor.py
[2026-06-01T12:19:53.702+0000] {processor.py:830} INFO - Processing file /home/airflow/.local/lib/python3.11/site-packages/airflow/example_dags/example_kubernetes_executor.py for tasks to queue
[2026-06-01T12:19:53.709+0000] {logging_mixin.py:188} INFO - [2026-06-01T12:19:53.709+0000] {dagbag.py:545} INFO - Filling up the DagBag from /home/airflow/.local/lib/python3.11/site-packages/airflow/example_dags/example_kubernetes_executor.py
[2026-06-01T12:19:53.742+0000] {processor.py:840} INFO - DAG(s) 'example_kubernetes_executor' retrieved from /home/airflow/.local/lib/python3.11/site-packages/airflow/example_dags/example_kubernetes_executor.py
[2026-06-01T12:19:53.837+0000] {logging_mixin.py:188} INFO - [2026-06-01T12:19:53.837+0000] {dag.py:3096} INFO - Sync 1 DAGs
[2026-06-01T12:19:53.866+0000] {logging_mixin.py:188} INFO - [2026-06-01T12:19:53.866+0000] {dag.py:3954} INFO - Setting next_dagrun for example_kubernetes_executor to None, run_after=None
[2026-06-01T12:19:53.913+0000] {processor.py:183} INFO - Processing /home/airflow/.local/lib/python3.11/site-packages/airflow/example_dags/example_kubernetes_executor.py took 0.228 seconds
[2026-06-01T12:20:24.897+0000] {processor.py:161} INFO - Started process (PID=1375) to work on /home/airflow/.local/lib/python3.11/site-packages/airflow/example_dags/example_kubernetes_executor.py
[2026-06-01T12:20:24.899+0000] {processor.py:830} INFO - Processing file /home/airflow/.local/lib/python3.11/site-packages/airflow/example_dags/example_kubernetes_executor.py for tasks to queue
[2026-06-01T12:20:24.907+0000] {logging_mixin.py:188} INFO - [2026-06-01T12:20:24.906+0000] {dagbag.py:545} INFO - Filling up the DagBag from /home/airflow/.local/lib/python3.11/site-packages/airflow/example_dags/example_kubernetes_executor.py
[2026-06-01T12:20:24.942+0000] {processor.py:840} INFO - DAG(s) 'example_kubernetes_executor' retrieved from /home/airflow/.local/lib/python3.11/site-packages/airflow/example_dags/example_kubernetes_executor.py
[2026-06-01T12:20:25.039+0000] {logging_mixin.py:188} INFO - [2026-06-01T12:20:25.039+0000] {dag.py:3096} INFO - Sync 1 DAGs
[2026-06-01T12:20:25.075+0000] {logging_mixin.py:188} INFO - [2026-06-01T12:20:25.075+0000] {dag.py:3954} INFO - Setting next_dagrun for example_kubernetes_executor to None, run_after=None
[2026-06-01T12:20:25.156+0000] {processor.py:183} INFO - Processing /home/airflow/.local/lib/python3.11/site-packages/airflow/example_dags/example_kubernetes_executor.py took 0.276 seconds
[2026-06-01T12:20:55.484+0000] {processor.py:161} INFO - Started process (PID=1433) to work on /home/airflow/.local/lib/python3.11/site-packages/airflow/example_dags/example_kubernetes_executor.py
[2026-06-01T12:20:55.486+0000] {processor.py:830} INFO - Processing file /home/airflow/.local/lib/python3.11/site-packages/airflow/example_dags/example_kubernetes_executor.py for tasks to queue
[2026-06-01T12:20:55.490+0000] {logging_mixin.py:188} INFO - [2026-06-01T12:20:55.490+0000] {dagbag.py:545} INFO - Filling up the DagBag from /home/airflow/.local/lib/python3.11/site-packages/airflow/example_dags/example_kubernetes_executor.py
[2026-06-01T12:20:55.529+0000] {processor.py:840} INFO - DAG(s) 'example_kubernetes_executor' retrieved from /home/airflow/.local/lib/python3.11/site-packages/airflow/example_dags/example_kubernetes_executor.py
[2026-06-01T12:20:55.639+0000] {logging_mixin.py:188} INFO - [2026-06-01T12:20:55.638+0000] {dag.py:3096} INFO - Sync 1 DAGs
[2026-06-01T12:20:55.679+0000] {logging_mixin.py:188} INFO - [2026-06-01T12:20:55.679+0000] {dag.py:3954} INFO - Setting next_dagrun for example_kubernetes_executor to None, run_after=None
[2026-06-01T12:20:55.738+0000] {processor.py:183} INFO - Processing /home/airflow/.local/lib/python3.11/site-packages/airflow/example_dags/example_kubernetes_executor.py took 0.272 seconds
[2026-06-01T12:21:26.352+0000] {processor.py:161} INFO - Started process (PID=1501) to work on /home/airflow/.local/lib/python3.11/site-packages/airflow/example_dags/example_kubernetes_executor.py
[2026-06-01T12:21:26.353+0000] {processor.py:830} INFO - Processing file /home/airflow/.local/lib/python3.11/site-packages/airflow/example_dags/example_kubernetes_executor.py for tasks to queue
[2026-06-01T12:21:26.357+0000] {logging_mixin.py:188} INFO - [2026-06-01T12:21:26.357+0000] {dagbag.py:545} INFO - Filling up the DagBag from /home/airflow/.local/lib/python3.11/site-packages/airflow/example_dags/example_kubernetes_executor.py
[2026-06-01T12:21:26.385+0000] {processor.py:840} INFO - DAG(s) 'example_kubernetes_executor' retrieved from /home/airflow/.local/lib/python3.11/site-packages/airflow/example_dags/example_kubernetes_executor.py
[2026-06-01T12:21:26.471+0000] {logging_mixin.py:188} INFO - [2026-06-01T12:21:26.470+0000] {dag.py:3096} INFO - Sync 1 DAGs
[2026-06-01T12:21:26.498+0000] {logging_mixin.py:188} INFO - [2026-06-01T12:21:26.498+0000] {dag.py:3954} INFO - Setting next_dagrun for example_kubernetes_executor to None, run_after=None
[2026-06-01T12:21:26.541+0000] {processor.py:183} INFO - Processing /home/airflow/.local/lib/python3.11/site-packages/airflow/example_dags/example_kubernetes_executor.py took 0.203 seconds
[2026-06-01T12:21:56.959+0000] {processor.py:161} INFO - Started process (PID=1568) to work on /home/airflow/.local/lib/python3.11/site-packages/airflow/example_dags/example_kubernetes_executor.py
[2026-06-01T12:21:56.960+0000] {processor.py:830} INFO - Processing file /home/airflow/.local/lib/python3.11/site-packages/airflow/example_dags/example_kubernetes_executor.py for tasks to queue
[2026-06-01T12:21:56.966+0000] {logging_mixin.py:188} INFO - [2026-06-01T12:21:56.964+0000] {dagbag.py:545} INFO - Filling up the DagBag from /home/airflow/.local/lib/python3.11/site-packages/airflow/example_dags/example_kubernetes_executor.py
[2026-06-01T12:21:56.994+0000] {processor.py:840} INFO - DAG(s) 'example_kubernetes_executor' retrieved from /home/airflow/.local/lib/python3.11/site-packages/airflow/example_dags/example_kubernetes_executor.py
[2026-06-01T12:21:57.074+0000] {logging_mixin.py:188} INFO - [2026-06-01T12:21:57.074+0000] {dag.py:3096} INFO - Sync 1 DAGs
[2026-06-01T12:21:57.100+0000] {logging_mixin.py:188} INFO - [2026-06-01T12:21:57.100+0000] {dag.py:3954} INFO - Setting next_dagrun for example_kubernetes_executor to None, run_after=None
[2026-06-01T12:21:57.150+0000] {processor.py:183} INFO - Processing /home/airflow/.local/lib/python3.11/site-packages/airflow/example_dags/example_kubernetes_executor.py took 0.204 seconds
[2026-06-01T12:22:27.759+0000] {processor.py:161} INFO - Started process (PID=1637) to work on /home/airflow/.local/lib/python3.11/site-packages/airflow/example_dags/example_kubernetes_executor.py
[2026-06-01T12:22:27.761+0000] {processor.py:830} INFO - Processing file /home/airflow/.local/lib/python3.11/site-packages/airflow/example_dags/example_kubernetes_executor.py for tasks to queue
[2026-06-01T12:22:27.763+0000] {logging_mixin.py:188} INFO - [2026-06-01T12:22:27.763+0000] {dagbag.py:545} INFO - Filling up the DagBag from /home/airflow/.local/lib/python3.11/site-packages/airflow/example_dags/example_kubernetes_executor.py
[2026-06-01T12:22:27.801+0000] {processor.py:840} INFO - DAG(s) 'example_kubernetes_executor' retrieved from /home/airflow/.local/lib/python3.11/site-packages/airflow/example_dags/example_kubernetes_executor.py
[2026-06-01T12:22:27.899+0000] {logging_mixin.py:188} INFO - [2026-06-01T12:22:27.898+0000] {dag.py:3096} INFO - Sync 1 DAGs
[2026-06-01T12:22:27.935+0000] {logging_mixin.py:188} INFO - [2026-06-01T12:22:27.934+0000] {dag.py:3954} INFO - Setting next_dagrun for example_kubernetes_executor to None, run_after=None
[2026-06-01T12:22:27.989+0000] {processor.py:183} INFO - Processing /home/airflow/.local/lib/python3.11/site-packages/airflow/example_dags/example_kubernetes_executor.py took 0.246 seconds
[2026-06-01T12:22:58.120+0000] {processor.py:161} INFO - Started process (PID=1705) to work on /home/airflow/.local/lib/python3.11/site-packages/airflow/example_dags/example_kubernetes_executor.py
[2026-06-01T12:22:58.128+0000] {processor.py:830} INFO - Processing file /home/airflow/.local/lib/python3.11/site-packages/airflow/example_dags/example_kubernetes_executor.py for tasks to queue
[2026-06-01T12:22:58.137+0000] {logging_mixin.py:188} INFO - [2026-06-01T12:22:58.136+0000] {dagbag.py:545} INFO - Filling up the DagBag from /home/airflow/.local/lib/python3.11/site-packages/airflow/example_dags/example_kubernetes_executor.py
[2026-06-01T12:22:58.156+0000] {processor.py:840} INFO - DAG(s) 'example_kubernetes_executor' retrieved from /home/airflow/.local/lib/python3.11/site-packages/airflow/example_dags/example_kubernetes_executor.py
[2026-06-01T12:22:58.236+0000] {logging_mixin.py:188} INFO - [2026-06-01T12:22:58.236+0000] {dag.py:3096} INFO - Sync 1 DAGs
[2026-06-01T12:22:58.258+0000] {logging_mixin.py:188} INFO - [2026-06-01T12:22:58.257+0000] {dag.py:3954} INFO - Setting next_dagrun for example_kubernetes_executor to None, run_after=None
[2026-06-01T12:22:58.296+0000] {processor.py:183} INFO - Processing /home/airflow/.local/lib/python3.11/site-packages/airflow/example_dags/example_kubernetes_executor.py took 0.188 seconds
[2026-06-01T12:23:30.141+0000] {processor.py:161} INFO - Started process (PID=1773) to work on /home/airflow/.local/lib/python3.11/site-packages/airflow/example_dags/example_kubernetes_executor.py
[2026-06-01T12:23:30.143+0000] {processor.py:830} INFO - Processing file /home/airflow/.local/lib/python3.11/site-packages/airflow/example_dags/example_kubernetes_executor.py for tasks to queue
[2026-06-01T12:23:30.151+0000] {logging_mixin.py:188} INFO - [2026-06-01T12:23:30.150+0000] {dagbag.py:545} INFO - Filling up the DagBag from /home/airflow/.local/lib/python3.11/site-packages/airflow/example_dags/example_kubernetes_executor.py
[2026-06-01T12:23:30.171+0000] {processor.py:840} INFO - DAG(s) 'example_kubernetes_executor' retrieved from /home/airflow/.local/lib/python3.11/site-packages/airflow/example_dags/example_kubernetes_executor.py
[2026-06-01T12:23:30.258+0000] {logging_mixin.py:188} INFO - [2026-06-01T12:23:30.257+0000] {dag.py:3096} INFO - Sync 1 DAGs
[2026-06-01T12:23:30.289+0000] {logging_mixin.py:188} INFO - [2026-06-01T12:23:30.289+0000] {dag.py:3954} INFO - Setting next_dagrun for example_kubernetes_executor to None, run_after=None
[2026-06-01T12:23:30.347+0000] {processor.py:183} INFO - Processing /home/airflow/.local/lib/python3.11/site-packages/airflow/example_dags/example_kubernetes_executor.py took 0.215 seconds
[2026-06-01T12:24:01.147+0000] {processor.py:161} INFO - Started process (PID=1841) to work on /home/airflow/.local/lib/python3.11/site-packages/airflow/example_dags/example_kubernetes_executor.py
[2026-06-01T12:24:01.152+0000] {processor.py:830} INFO - Processing file /home/airflow/.local/lib/python3.11/site-packages/airflow/example_dags/example_kubernetes_executor.py for tasks to queue
[2026-06-01T12:24:01.155+0000] {logging_mixin.py:188} INFO - [2026-06-01T12:24:01.155+0000] {dagbag.py:545} INFO - Filling up the DagBag from /home/airflow/.local/lib/python3.11/site-packages/airflow/example_dags/example_kubernetes_executor.py
[2026-06-01T12:24:01.189+0000] {processor.py:840} INFO - DAG(s) 'example_kubernetes_executor' retrieved from /home/airflow/.local/lib/python3.11/site-packages/airflow/example_dags/example_kubernetes_executor.py
[2026-06-01T12:24:01.307+0000] {logging_mixin.py:188} INFO - [2026-06-01T12:24:01.306+0000] {dag.py:3096} INFO - Sync 1 DAGs
[2026-06-01T12:24:01.340+0000] {logging_mixin.py:188} INFO - [2026-06-01T12:24:01.339+0000] {dag.py:3954} INFO - Setting next_dagrun for example_kubernetes_executor to None, run_after=None
[2026-06-01T12:24:01.390+0000] {processor.py:183} INFO - Processing /home/airflow/.local/lib/python3.11/site-packages/airflow/example_dags/example_kubernetes_executor.py took 0.253 seconds
[2026-06-01T12:24:31.592+0000] {processor.py:161} INFO - Started process (PID=1910) to work on /home/airflow/.local/lib/python3.11/site-packages/airflow/example_dags/example_kubernetes_executor.py
[2026-06-01T12:24:31.595+0000] {processor.py:830} INFO - Processing file /home/airflow/.local/lib/python3.11/site-packages/airflow/example_dags/example_kubernetes_executor.py for tasks to queue
[2026-06-01T12:24:31.602+0000] {logging_mixin.py:188} INFO - [2026-06-01T12:24:31.602+0000] {dagbag.py:545} INFO - Filling up the DagBag from /home/airflow/.local/lib/python3.11/site-packages/airflow/example_dags/example_kubernetes_executor.py
[2026-06-01T12:24:31.640+0000] {processor.py:840} INFO - DAG(s) 'example_kubernetes_executor' retrieved from /home/airflow/.local/lib/python3.11/site-packages/airflow/example_dags/example_kubernetes_executor.py
[2026-06-01T12:24:31.738+0000] {logging_mixin.py:188} INFO - [2026-06-01T12:24:31.738+0000] {dag.py:3096} INFO - Sync 1 DAGs
[2026-06-01T12:24:31.792+0000] {logging_mixin.py:188} INFO - [2026-06-01T12:24:31.791+0000] {dag.py:3954} INFO - Setting next_dagrun for example_kubernetes_executor to None, run_after=None
[2026-06-01T12:24:31.845+0000] {processor.py:183} INFO - Processing /home/airflow/.local/lib/python3.11/site-packages/airflow/example_dags/example_kubernetes_executor.py took 0.268 seconds
[2026-06-01T12:25:02.786+0000] {processor.py:161} INFO - Started process (PID=1978) to work on /home/airflow/.local/lib/python3.11/site-packages/airflow/example_dags/example_kubernetes_executor.py
[2026-06-01T12:25:02.796+0000] {processor.py:830} INFO - Processing file /home/airflow/.local/lib/python3.11/site-packages/airflow/example_dags/example_kubernetes_executor.py for tasks to queue
[2026-06-01T12:25:02.799+0000] {logging_mixin.py:188} INFO - [2026-06-01T12:25:02.798+0000] {dagbag.py:545} INFO - Filling up the DagBag from /home/airflow/.local/lib/python3.11/site-packages/airflow/example_dags/example_kubernetes_executor.py
[2026-06-01T12:25:02.836+0000] {processor.py:840} INFO - DAG(s) 'example_kubernetes_executor' retrieved from /home/airflow/.local/lib/python3.11/site-packages/airflow/example_dags/example_kubernetes_executor.py
[2026-06-01T12:25:02.949+0000] {logging_mixin.py:188} INFO - [2026-06-01T12:25:02.949+0000] {dag.py:3096} INFO - Sync 1 DAGs
[2026-06-01T12:25:02.982+0000] {logging_mixin.py:188} INFO - [2026-06-01T12:25:02.976+0000] {dag.py:3954} INFO - Setting next_dagrun for example_kubernetes_executor to None, run_after=None
[2026-06-01T12:25:03.051+0000] {processor.py:183} INFO - Processing /home/airflow/.local/lib/python3.11/site-packages/airflow/example_dags/example_kubernetes_executor.py took 0.285 seconds
[2026-06-01T12:25:34.167+0000] {processor.py:161} INFO - Started process (PID=2038) to work on /home/airflow/.local/lib/python3.11/site-packages/airflow/example_dags/example_kubernetes_executor.py
[2026-06-01T12:25:34.173+0000] {processor.py:830} INFO - Processing file /home/airflow/.local/lib/python3.11/site-packages/airflow/example_dags/example_kubernetes_executor.py for tasks to queue
[2026-06-01T12:25:34.183+0000] {logging_mixin.py:188} INFO - [2026-06-01T12:25:34.182+0000] {dagbag.py:545} INFO - Filling up the DagBag from /home/airflow/.local/lib/python3.11/site-packages/airflow/example_dags/example_kubernetes_executor.py
[2026-06-01T12:25:34.256+0000] {processor.py:840} INFO - DAG(s) 'example_kubernetes_executor' retrieved from /home/airflow/.local/lib/python3.11/site-packages/airflow/example_dags/example_kubernetes_executor.py
[2026-06-01T12:25:34.371+0000] {logging_mixin.py:188} INFO - [2026-06-01T12:25:34.371+0000] {dag.py:3096} INFO - Sync 1 DAGs
[2026-06-01T12:25:34.420+0000] {logging_mixin.py:188} INFO - [2026-06-01T12:25:34.419+0000] {dag.py:3954} INFO - Setting next_dagrun for example_kubernetes_executor to None, run_after=None
[2026-06-01T12:25:34.480+0000] {processor.py:183} INFO - Processing /home/airflow/.local/lib/python3.11/site-packages/airflow/example_dags/example_kubernetes_executor.py took 0.354 seconds
[2026-06-01T12:26:04.952+0000] {processor.py:161} INFO - Started process (PID=2104) to work on /home/airflow/.local/lib/python3.11/site-packages/airflow/example_dags/example_kubernetes_executor.py
[2026-06-01T12:26:04.958+0000] {processor.py:830} INFO - Processing file /home/airflow/.local/lib/python3.11/site-packages/airflow/example_dags/example_kubernetes_executor.py for tasks to queue
[2026-06-01T12:26:04.975+0000] {logging_mixin.py:188} INFO - [2026-06-01T12:26:04.974+0000] {dagbag.py:545} INFO - Filling up the DagBag from /home/airflow/.local/lib/python3.11/site-packages/airflow/example_dags/example_kubernetes_executor.py
[2026-06-01T12:26:05.005+0000] {processor.py:840} INFO - DAG(s) 'example_kubernetes_executor' retrieved from /home/airflow/.local/lib/python3.11/site-packages/airflow/example_dags/example_kubernetes_executor.py
[2026-06-01T12:26:05.124+0000] {logging_mixin.py:188} INFO - [2026-06-01T12:26:05.124+0000] {dag.py:3096} INFO - Sync 1 DAGs
[2026-06-01T12:26:05.160+0000] {logging_mixin.py:188} INFO - [2026-06-01T12:26:05.159+0000] {dag.py:3954} INFO - Setting next_dagrun for example_kubernetes_executor to None, run_after=None
[2026-06-01T12:26:05.202+0000] {processor.py:183} INFO - Processing /home/airflow/.local/lib/python3.11/site-packages/airflow/example_dags/example_kubernetes_executor.py took 0.268 seconds
[2026-06-01T12:26:35.936+0000] {processor.py:161} INFO - Started process (PID=2171) to work on /home/airflow/.local/lib/python3.11/site-packages/airflow/example_dags/example_kubernetes_executor.py
[2026-06-01T12:26:35.957+0000] {processor.py:830} INFO - Processing file /home/airflow/.local/lib/python3.11/site-packages/airflow/example_dags/example_kubernetes_executor.py for tasks to queue
[2026-06-01T12:26:35.983+0000] {logging_mixin.py:188} INFO - [2026-06-01T12:26:35.982+0000] {dagbag.py:545} INFO - Filling up the DagBag from /home/airflow/.local/lib/python3.11/site-packages/airflow/example_dags/example_kubernetes_executor.py
[2026-06-01T12:26:36.226+0000] {processor.py:840} INFO - DAG(s) 'example_kubernetes_executor' retrieved from /home/airflow/.local/lib/python3.11/site-packages/airflow/example_dags/example_kubernetes_executor.py
[2026-06-01T12:26:36.570+0000] {logging_mixin.py:188} INFO - [2026-06-01T12:26:36.570+0000] {dag.py:3096} INFO - Sync 1 DAGs
[2026-06-01T12:26:36.778+0000] {logging_mixin.py:188} INFO - [2026-06-01T12:26:36.778+0000] {dag.py:3954} INFO - Setting next_dagrun for example_kubernetes_executor to None, run_after=None
[2026-06-01T12:26:37.056+0000] {processor.py:183} INFO - Processing /home/airflow/.local/lib/python3.11/site-packages/airflow/example_dags/example_kubernetes_executor.py took 1.151 seconds
[2026-06-01T12:27:07.999+0000] {processor.py:161} INFO - Started process (PID=2239) to work on /home/airflow/.local/lib/python3.11/site-packages/airflow/example_dags/example_kubernetes_executor.py
[2026-06-01T12:27:08.005+0000] {processor.py:830} INFO - Processing file /home/airflow/.local/lib/python3.11/site-packages/airflow/example_dags/example_kubernetes_executor.py for tasks to queue
[2026-06-01T12:27:08.009+0000] {logging_mixin.py:188} INFO - [2026-06-01T12:27:08.008+0000] {dagbag.py:545} INFO - Filling up the DagBag from /home/airflow/.local/lib/python3.11/site-packages/airflow/example_dags/example_kubernetes_executor.py
[2026-06-01T12:27:08.028+0000] {processor.py:840} INFO - DAG(s) 'example_kubernetes_executor' retrieved from /home/airflow/.local/lib/python3.11/site-packages/airflow/example_dags/example_kubernetes_executor.py
[2026-06-01T12:27:08.110+0000] {logging_mixin.py:188} INFO - [2026-06-01T12:27:08.109+0000] {dag.py:3096} INFO - Sync 1 DAGs
[2026-06-01T12:27:08.139+0000] {logging_mixin.py:188} INFO - [2026-06-01T12:27:08.138+0000] {dag.py:3954} INFO - Setting next_dagrun for example_kubernetes_executor to None, run_after=None
[2026-06-01T12:27:08.182+0000] {processor.py:183} INFO - Processing /home/airflow/.local/lib/python3.11/site-packages/airflow/example_dags/example_kubernetes_executor.py took 0.192 seconds
[2026-06-01T12:27:39.116+0000] {processor.py:161} INFO - Started process (PID=2307) to work on /home/airflow/.local/lib/python3.11/site-packages/airflow/example_dags/example_kubernetes_executor.py
[2026-06-01T12:27:39.118+0000] {processor.py:830} INFO - Processing file /home/airflow/.local/lib/python3.11/site-packages/airflow/example_dags/example_kubernetes_executor.py for tasks to queue
[2026-06-01T12:27:39.125+0000] {logging_mixin.py:188} INFO - [2026-06-01T12:27:39.124+0000] {dagbag.py:545} INFO - Filling up the DagBag from /home/airflow/.local/lib/python3.11/site-packages/airflow/example_dags/example_kubernetes_executor.py
[2026-06-01T12:27:39.193+0000] {processor.py:840} INFO - DAG(s) 'example_kubernetes_executor' retrieved from /home/airflow/.local/lib/python3.11/site-packages/airflow/example_dags/example_kubernetes_executor.py
[2026-06-01T12:27:39.395+0000] {logging_mixin.py:188} INFO - [2026-06-01T12:27:39.393+0000] {dag.py:3096} INFO - Sync 1 DAGs
[2026-06-01T12:27:39.462+0000] {logging_mixin.py:188} INFO - [2026-06-01T12:27:39.461+0000] {dag.py:3954} INFO - Setting next_dagrun for example_kubernetes_executor to None, run_after=None
[2026-06-01T12:27:39.539+0000] {processor.py:183} INFO - Processing /home/airflow/.local/lib/python3.11/site-packages/airflow/example_dags/example_kubernetes_executor.py took 0.438 seconds
[2026-06-01T12:28:10.010+0000] {processor.py:161} INFO - Started process (PID=2375) to work on /home/airflow/.local/lib/python3.11/site-packages/airflow/example_dags/example_kubernetes_executor.py
[2026-06-01T12:28:10.012+0000] {processor.py:830} INFO - Processing file /home/airflow/.local/lib/python3.11/site-packages/airflow/example_dags/example_kubernetes_executor.py for tasks to queue
[2026-06-01T12:28:10.022+0000] {logging_mixin.py:188} INFO - [2026-06-01T12:28:10.022+0000] {dagbag.py:545} INFO - Filling up the DagBag from /home/airflow/.local/lib/python3.11/site-packages/airflow/example_dags/example_kubernetes_executor.py
[2026-06-01T12:28:10.061+0000] {processor.py:840} INFO - DAG(s) 'example_kubernetes_executor' retrieved from /home/airflow/.local/lib/python3.11/site-packages/airflow/example_dags/example_kubernetes_executor.py
[2026-06-01T12:28:10.165+0000] {logging_mixin.py:188} INFO - [2026-06-01T12:28:10.165+0000] {dag.py:3096} INFO - Sync 1 DAGs
[2026-06-01T12:28:10.203+0000] {logging_mixin.py:188} INFO - [2026-06-01T12:28:10.203+0000] {dag.py:3954} INFO - Setting next_dagrun for example_kubernetes_executor to None, run_after=None
[2026-06-01T12:28:10.291+0000] {processor.py:183} INFO - Processing /home/airflow/.local/lib/python3.11/site-packages/airflow/example_dags/example_kubernetes_executor.py took 0.293 seconds
[2026-06-01T12:28:41.122+0000] {processor.py:161} INFO - Started process (PID=2443) to work on /home/airflow/.local/lib/python3.11/site-packages/airflow/example_dags/example_kubernetes_executor.py
[2026-06-01T12:28:41.137+0000] {processor.py:830} INFO - Processing file /home/airflow/.local/lib/python3.11/site-packages/airflow/example_dags/example_kubernetes_executor.py for tasks to queue
[2026-06-01T12:28:41.143+0000] {logging_mixin.py:188} INFO - [2026-06-01T12:28:41.142+0000] {dagbag.py:545} INFO - Filling up the DagBag from /home/airflow/.local/lib/python3.11/site-packages/airflow/example_dags/example_kubernetes_executor.py
[2026-06-01T12:28:41.212+0000] {processor.py:840} INFO - DAG(s) 'example_kubernetes_executor' retrieved from /home/airflow/.local/lib/python3.11/site-packages/airflow/example_dags/example_kubernetes_executor.py
[2026-06-01T12:28:41.439+0000] {logging_mixin.py:188} INFO - [2026-06-01T12:28:41.439+0000] {dag.py:3096} INFO - Sync 1 DAGs
[2026-06-01T12:28:41.496+0000] {logging_mixin.py:188} INFO - [2026-06-01T12:28:41.496+0000] {dag.py:3954} INFO - Setting next_dagrun for example_kubernetes_executor to None, run_after=None
[2026-06-01T12:28:41.689+0000] {processor.py:183} INFO - Processing /home/airflow/.local/lib/python3.11/site-packages/airflow/example_dags/example_kubernetes_executor.py took 0.590 seconds
[2026-06-01T12:29:12.006+0000] {processor.py:161} INFO - Started process (PID=2513) to work on /home/airflow/.local/lib/python3.11/site-packages/airflow/example_dags/example_kubernetes_executor.py
[2026-06-01T12:29:12.014+0000] {processor.py:830} INFO - Processing file /home/airflow/.local/lib/python3.11/site-packages/airflow/example_dags/example_kubernetes_executor.py for tasks to queue
[2026-06-01T12:29:12.021+0000] {logging_mixin.py:188} INFO - [2026-06-01T12:29:12.020+0000] {dagbag.py:545} INFO - Filling up the DagBag from /home/airflow/.local/lib/python3.11/site-packages/airflow/example_dags/example_kubernetes_executor.py
[2026-06-01T12:29:12.062+0000] {processor.py:840} INFO - DAG(s) 'example_kubernetes_executor' retrieved from /home/airflow/.local/lib/python3.11/site-packages/airflow/example_dags/example_kubernetes_executor.py
[2026-06-01T12:29:12.208+0000] {logging_mixin.py:188} INFO - [2026-06-01T12:29:12.208+0000] {dag.py:3096} INFO - Sync 1 DAGs
[2026-06-01T12:29:12.249+0000] {logging_mixin.py:188} INFO - [2026-06-01T12:29:12.249+0000] {dag.py:3954} INFO - Setting next_dagrun for example_kubernetes_executor to None, run_after=None
[2026-06-01T12:29:12.296+0000] {processor.py:183} INFO - Processing /home/airflow/.local/lib/python3.11/site-packages/airflow/example_dags/example_kubernetes_executor.py took 0.306 seconds
[2026-06-01T12:29:44.417+0000] {processor.py:161} INFO - Started process (PID=2581) to work on /home/airflow/.local/lib/python3.11/site-packages/airflow/example_dags/example_kubernetes_executor.py
[2026-06-01T12:29:44.420+0000] {processor.py:830} INFO - Processing file /home/airflow/.local/lib/python3.11/site-packages/airflow/example_dags/example_kubernetes_executor.py for tasks to queue
[2026-06-01T12:29:44.435+0000] {logging_mixin.py:188} INFO - [2026-06-01T12:29:44.434+0000] {dagbag.py:545} INFO - Filling up the DagBag from /home/airflow/.local/lib/python3.11/site-packages/airflow/example_dags/example_kubernetes_executor.py
[2026-06-01T12:29:44.516+0000] {processor.py:840} INFO - DAG(s) 'example_kubernetes_executor' retrieved from /home/airflow/.local/lib/python3.11/site-packages/airflow/example_dags/example_kubernetes_executor.py
[2026-06-01T12:29:44.668+0000] {logging_mixin.py:188} INFO - [2026-06-01T12:29:44.668+0000] {dag.py:3096} INFO - Sync 1 DAGs
[2026-06-01T12:29:44.720+0000] {logging_mixin.py:188} INFO - [2026-06-01T12:29:44.719+0000] {dag.py:3954} INFO - Setting next_dagrun for example_kubernetes_executor to None, run_after=None
[2026-06-01T12:29:44.792+0000] {processor.py:183} INFO - Processing /home/airflow/.local/lib/python3.11/site-packages/airflow/example_dags/example_kubernetes_executor.py took 0.399 seconds
[2026-06-01T12:30:15.242+0000] {processor.py:161} INFO - Started process (PID=2640) to work on /home/airflow/.local/lib/python3.11/site-packages/airflow/example_dags/example_kubernetes_executor.py
[2026-06-01T12:30:15.245+0000] {processor.py:830} INFO - Processing file /home/airflow/.local/lib/python3.11/site-packages/airflow/example_dags/example_kubernetes_executor.py for tasks to queue
[2026-06-01T12:30:15.248+0000] {logging_mixin.py:188} INFO - [2026-06-01T12:30:15.247+0000] {dagbag.py:545} INFO - Filling up the DagBag from /home/airflow/.local/lib/python3.11/site-packages/airflow/example_dags/example_kubernetes_executor.py
[2026-06-01T12:30:15.270+0000] {processor.py:840} INFO - DAG(s) 'example_kubernetes_executor' retrieved from /home/airflow/.local/lib/python3.11/site-packages/airflow/example_dags/example_kubernetes_executor.py
[2026-06-01T12:30:15.394+0000] {logging_mixin.py:188} INFO - [2026-06-01T12:30:15.394+0000] {dag.py:3096} INFO - Sync 1 DAGs
[2026-06-01T12:30:15.422+0000] {logging_mixin.py:188} INFO - [2026-06-01T12:30:15.421+0000] {dag.py:3954} INFO - Setting next_dagrun for example_kubernetes_executor to None, run_after=None
[2026-06-01T12:30:15.470+0000] {processor.py:183} INFO - Processing /home/airflow/.local/lib/python3.11/site-packages/airflow/example_dags/example_kubernetes_executor.py took 0.238 seconds
[2026-06-01T12:30:45.632+0000] {processor.py:161} INFO - Started process (PID=2706) to work on /home/airflow/.local/lib/python3.11/site-packages/airflow/example_dags/example_kubernetes_executor.py
[2026-06-01T12:30:45.637+0000] {processor.py:830} INFO - Processing file /home/airflow/.local/lib/python3.11/site-packages/airflow/example_dags/example_kubernetes_executor.py for tasks to queue
[2026-06-01T12:30:45.641+0000] {logging_mixin.py:188} INFO - [2026-06-01T12:30:45.641+0000] {dagbag.py:545} INFO - Filling up the DagBag from /home/airflow/.local/lib/python3.11/site-packages/airflow/example_dags/example_kubernetes_executor.py
[2026-06-01T12:30:45.661+0000] {processor.py:840} INFO - DAG(s) 'example_kubernetes_executor' retrieved from /home/airflow/.local/lib/python3.11/site-packages/airflow/example_dags/example_kubernetes_executor.py
[2026-06-01T12:30:45.711+0000] {logging_mixin.py:188} INFO - [2026-06-01T12:30:45.711+0000] {dag.py:3096} INFO - Sync 1 DAGs
[2026-06-01T12:30:45.730+0000] {logging_mixin.py:188} INFO - [2026-06-01T12:30:45.729+0000] {dag.py:3954} INFO - Setting next_dagrun for example_kubernetes_executor to None, run_after=None
[2026-06-01T12:30:45.764+0000] {processor.py:183} INFO - Processing /home/airflow/.local/lib/python3.11/site-packages/airflow/example_dags/example_kubernetes_executor.py took 0.140 seconds
[2026-06-01T12:31:16.067+0000] {processor.py:161} INFO - Started process (PID=2774) to work on /home/airflow/.local/lib/python3.11/site-packages/airflow/example_dags/example_kubernetes_executor.py
[2026-06-01T12:31:16.076+0000] {processor.py:830} INFO - Processing file /home/airflow/.local/lib/python3.11/site-packages/airflow/example_dags/example_kubernetes_executor.py for tasks to queue
[2026-06-01T12:31:16.087+0000] {logging_mixin.py:188} INFO - [2026-06-01T12:31:16.086+0000] {dagbag.py:545} INFO - Filling up the DagBag from /home/airflow/.local/lib/python3.11/site-packages/airflow/example_dags/example_kubernetes_executor.py
[2026-06-01T12:31:16.122+0000] {processor.py:840} INFO - DAG(s) 'example_kubernetes_executor' retrieved from /home/airflow/.local/lib/python3.11/site-packages/airflow/example_dags/example_kubernetes_executor.py
[2026-06-01T12:31:16.234+0000] {logging_mixin.py:188} INFO - [2026-06-01T12:31:16.234+0000] {dag.py:3096} INFO - Sync 1 DAGs
[2026-06-01T12:31:16.267+0000] {logging_mixin.py:188} INFO - [2026-06-01T12:31:16.265+0000] {dag.py:3954} INFO - Setting next_dagrun for example_kubernetes_executor to None, run_after=None
[2026-06-01T12:31:16.317+0000] {processor.py:183} INFO - Processing /home/airflow/.local/lib/python3.11/site-packages/airflow/example_dags/example_kubernetes_executor.py took 0.265 seconds
[2026-06-01T12:33:09.268+0000] {processor.py:161} INFO - Started process (PID=434) to work on /home/airflow/.local/lib/python3.11/site-packages/airflow/example_dags/example_kubernetes_executor.py
[2026-06-01T12:33:09.271+0000] {processor.py:830} INFO - Processing file /home/airflow/.local/lib/python3.11/site-packages/airflow/example_dags/example_kubernetes_executor.py for tasks to queue
[2026-06-01T12:33:09.275+0000] {logging_mixin.py:188} INFO - [2026-06-01T12:33:09.274+0000] {dagbag.py:545} INFO - Filling up the DagBag from /home/airflow/.local/lib/python3.11/site-packages/airflow/example_dags/example_kubernetes_executor.py
[2026-06-01T12:33:09.312+0000] {processor.py:840} INFO - DAG(s) 'example_kubernetes_executor' retrieved from /home/airflow/.local/lib/python3.11/site-packages/airflow/example_dags/example_kubernetes_executor.py
[2026-06-01T12:33:09.890+0000] {logging_mixin.py:188} INFO - [2026-06-01T12:33:09.889+0000] {dag.py:3096} INFO - Sync 1 DAGs
[2026-06-01T12:33:09.924+0000] {logging_mixin.py:188} INFO - [2026-06-01T12:33:09.923+0000] {dag.py:3954} INFO - Setting next_dagrun for example_kubernetes_executor to None, run_after=None
[2026-06-01T12:33:10.007+0000] {processor.py:183} INFO - Processing /home/airflow/.local/lib/python3.11/site-packages/airflow/example_dags/example_kubernetes_executor.py took 0.757 seconds
[2026-06-01T12:33:45.727+0000] {processor.py:161} INFO - Started process (PID=711) to work on /home/airflow/.local/lib/python3.11/site-packages/airflow/example_dags/example_kubernetes_executor.py
[2026-06-01T12:33:45.738+0000] {processor.py:830} INFO - Processing file /home/airflow/.local/lib/python3.11/site-packages/airflow/example_dags/example_kubernetes_executor.py for tasks to queue
[2026-06-01T12:33:45.745+0000] {logging_mixin.py:188} INFO - [2026-06-01T12:33:45.743+0000] {dagbag.py:545} INFO - Filling up the DagBag from /home/airflow/.local/lib/python3.11/site-packages/airflow/example_dags/example_kubernetes_executor.py
[2026-06-01T12:33:45.780+0000] {processor.py:840} INFO - DAG(s) 'example_kubernetes_executor' retrieved from /home/airflow/.local/lib/python3.11/site-packages/airflow/example_dags/example_kubernetes_executor.py
[2026-06-01T12:33:45.935+0000] {logging_mixin.py:188} INFO - [2026-06-01T12:33:45.934+0000] {dag.py:3096} INFO - Sync 1 DAGs
[2026-06-01T12:33:46.018+0000] {logging_mixin.py:188} INFO - [2026-06-01T12:33:46.017+0000] {dag.py:3954} INFO - Setting next_dagrun for example_kubernetes_executor to None, run_after=None
[2026-06-01T12:33:46.135+0000] {processor.py:183} INFO - Processing /home/airflow/.local/lib/python3.11/site-packages/airflow/example_dags/example_kubernetes_executor.py took 0.429 seconds
[2026-06-01T12:34:16.599+0000] {processor.py:161} INFO - Started process (PID=989) to work on /home/airflow/.local/lib/python3.11/site-packages/airflow/example_dags/example_kubernetes_executor.py
[2026-06-01T12:34:16.602+0000] {processor.py:830} INFO - Processing file /home/airflow/.local/lib/python3.11/site-packages/airflow/example_dags/example_kubernetes_executor.py for tasks to queue
[2026-06-01T12:34:16.608+0000] {logging_mixin.py:188} INFO - [2026-06-01T12:34:16.607+0000] {dagbag.py:545} INFO - Filling up the DagBag from /home/airflow/.local/lib/python3.11/site-packages/airflow/example_dags/example_kubernetes_executor.py
[2026-06-01T12:34:16.633+0000] {processor.py:840} INFO - DAG(s) 'example_kubernetes_executor' retrieved from /home/airflow/.local/lib/python3.11/site-packages/airflow/example_dags/example_kubernetes_executor.py
[2026-06-01T12:34:16.730+0000] {logging_mixin.py:188} INFO - [2026-06-01T12:34:16.729+0000] {dag.py:3096} INFO - Sync 1 DAGs
[2026-06-01T12:34:16.762+0000] {logging_mixin.py:188} INFO - [2026-06-01T12:34:16.761+0000] {dag.py:3954} INFO - Setting next_dagrun for example_kubernetes_executor to None, run_after=None
[2026-06-01T12:34:16.819+0000] {processor.py:183} INFO - Processing /home/airflow/.local/lib/python3.11/site-packages/airflow/example_dags/example_kubernetes_executor.py took 0.241 seconds
[2026-06-01T12:34:49.320+0000] {processor.py:161} INFO - Started process (PID=1265) to work on /home/airflow/.local/lib/python3.11/site-packages/airflow/example_dags/example_kubernetes_executor.py
[2026-06-01T12:34:49.323+0000] {processor.py:830} INFO - Processing file /home/airflow/.local/lib/python3.11/site-packages/airflow/example_dags/example_kubernetes_executor.py for tasks to queue
[2026-06-01T12:34:49.329+0000] {logging_mixin.py:188} INFO - [2026-06-01T12:34:49.328+0000] {dagbag.py:545} INFO - Filling up the DagBag from /home/airflow/.local/lib/python3.11/site-packages/airflow/example_dags/example_kubernetes_executor.py
[2026-06-01T12:34:49.361+0000] {processor.py:840} INFO - DAG(s) 'example_kubernetes_executor' retrieved from /home/airflow/.local/lib/python3.11/site-packages/airflow/example_dags/example_kubernetes_executor.py
[2026-06-01T12:34:49.474+0000] {logging_mixin.py:188} INFO - [2026-06-01T12:34:49.473+0000] {dag.py:3096} INFO - Sync 1 DAGs
[2026-06-01T12:34:49.551+0000] {logging_mixin.py:188} INFO - [2026-06-01T12:34:49.541+0000] {dag.py:3954} INFO - Setting next_dagrun for example_kubernetes_executor to None, run_after=None
[2026-06-01T12:34:49.632+0000] {processor.py:183} INFO - Processing /home/airflow/.local/lib/python3.11/site-packages/airflow/example_dags/example_kubernetes_executor.py took 0.335 seconds
[2026-06-01T12:35:20.542+0000] {processor.py:161} INFO - Started process (PID=1531) to work on /home/airflow/.local/lib/python3.11/site-packages/airflow/example_dags/example_kubernetes_executor.py
[2026-06-01T12:35:20.544+0000] {processor.py:830} INFO - Processing file /home/airflow/.local/lib/python3.11/site-packages/airflow/example_dags/example_kubernetes_executor.py for tasks to queue
[2026-06-01T12:35:20.549+0000] {logging_mixin.py:188} INFO - [2026-06-01T12:35:20.548+0000] {dagbag.py:545} INFO - Filling up the DagBag from /home/airflow/.local/lib/python3.11/site-packages/airflow/example_dags/example_kubernetes_executor.py
[2026-06-01T12:35:20.580+0000] {processor.py:840} INFO - DAG(s) 'example_kubernetes_executor' retrieved from /home/airflow/.local/lib/python3.11/site-packages/airflow/example_dags/example_kubernetes_executor.py
[2026-06-01T12:35:20.699+0000] {logging_mixin.py:188} INFO - [2026-06-01T12:35:20.699+0000] {dag.py:3096} INFO - Sync 1 DAGs
[2026-06-01T12:35:20.740+0000] {logging_mixin.py:188} INFO - [2026-06-01T12:35:20.739+0000] {dag.py:3954} INFO - Setting next_dagrun for example_kubernetes_executor to None, run_after=None
[2026-06-01T12:35:20.811+0000] {processor.py:183} INFO - Processing /home/airflow/.local/lib/python3.11/site-packages/airflow/example_dags/example_kubernetes_executor.py took 0.289 seconds
[2026-06-01T12:35:51.833+0000] {processor.py:161} INFO - Started process (PID=1803) to work on /home/airflow/.local/lib/python3.11/site-packages/airflow/example_dags/example_kubernetes_executor.py
[2026-06-01T12:35:51.838+0000] {processor.py:830} INFO - Processing file /home/airflow/.local/lib/python3.11/site-packages/airflow/example_dags/example_kubernetes_executor.py for tasks to queue
[2026-06-01T12:35:51.843+0000] {logging_mixin.py:188} INFO - [2026-06-01T12:35:51.842+0000] {dagbag.py:545} INFO - Filling up the DagBag from /home/airflow/.local/lib/python3.11/site-packages/airflow/example_dags/example_kubernetes_executor.py
[2026-06-01T12:35:51.887+0000] {processor.py:840} INFO - DAG(s) 'example_kubernetes_executor' retrieved from /home/airflow/.local/lib/python3.11/site-packages/airflow/example_dags/example_kubernetes_executor.py
[2026-06-01T12:35:51.974+0000] {logging_mixin.py:188} INFO - [2026-06-01T12:35:51.973+0000] {dag.py:3096} INFO - Sync 1 DAGs
[2026-06-01T12:35:52.013+0000] {logging_mixin.py:188} INFO - [2026-06-01T12:35:52.011+0000] {dag.py:3954} INFO - Setting next_dagrun for example_kubernetes_executor to None, run_after=None
[2026-06-01T12:35:52.072+0000] {processor.py:183} INFO - Processing /home/airflow/.local/lib/python3.11/site-packages/airflow/example_dags/example_kubernetes_executor.py took 0.253 seconds
[2026-06-01T12:36:22.174+0000] {processor.py:161} INFO - Started process (PID=2107) to work on /home/airflow/.local/lib/python3.11/site-packages/airflow/example_dags/example_kubernetes_executor.py
[2026-06-01T12:36:22.176+0000] {processor.py:830} INFO - Processing file /home/airflow/.local/lib/python3.11/site-packages/airflow/example_dags/example_kubernetes_executor.py for tasks to queue
[2026-06-01T12:36:22.180+0000] {logging_mixin.py:188} INFO - [2026-06-01T12:36:22.180+0000] {dagbag.py:545} INFO - Filling up the DagBag from /home/airflow/.local/lib/python3.11/site-packages/airflow/example_dags/example_kubernetes_executor.py
[2026-06-01T12:36:22.204+0000] {processor.py:840} INFO - DAG(s) 'example_kubernetes_executor' retrieved from /home/airflow/.local/lib/python3.11/site-packages/airflow/example_dags/example_kubernetes_executor.py
[2026-06-01T12:36:22.287+0000] {logging_mixin.py:188} INFO - [2026-06-01T12:36:22.287+0000] {dag.py:3096} INFO - Sync 1 DAGs
[2026-06-01T12:36:22.310+0000] {logging_mixin.py:188} INFO - [2026-06-01T12:36:22.310+0000] {dag.py:3954} INFO - Setting next_dagrun for example_kubernetes_executor to None, run_after=None
[2026-06-01T12:36:22.360+0000] {processor.py:183} INFO - Processing /home/airflow/.local/lib/python3.11/site-packages/airflow/example_dags/example_kubernetes_executor.py took 0.198 seconds
[2026-06-01T12:36:52.849+0000] {processor.py:161} INFO - Started process (PID=2383) to work on /home/airflow/.local/lib/python3.11/site-packages/airflow/example_dags/example_kubernetes_executor.py
[2026-06-01T12:36:52.855+0000] {processor.py:830} INFO - Processing file /home/airflow/.local/lib/python3.11/site-packages/airflow/example_dags/example_kubernetes_executor.py for tasks to queue
[2026-06-01T12:36:52.860+0000] {logging_mixin.py:188} INFO - [2026-06-01T12:36:52.859+0000] {dagbag.py:545} INFO - Filling up the DagBag from /home/airflow/.local/lib/python3.11/site-packages/airflow/example_dags/example_kubernetes_executor.py
[2026-06-01T12:36:52.891+0000] {processor.py:840} INFO - DAG(s) 'example_kubernetes_executor' retrieved from /home/airflow/.local/lib/python3.11/site-packages/airflow/example_dags/example_kubernetes_executor.py
[2026-06-01T12:36:52.982+0000] {logging_mixin.py:188} INFO - [2026-06-01T12:36:52.982+0000] {dag.py:3096} INFO - Sync 1 DAGs
[2026-06-01T12:36:53.019+0000] {logging_mixin.py:188} INFO - [2026-06-01T12:36:53.019+0000] {dag.py:3954} INFO - Setting next_dagrun for example_kubernetes_executor to None, run_after=None
[2026-06-01T12:36:53.084+0000] {processor.py:183} INFO - Processing /home/airflow/.local/lib/python3.11/site-packages/airflow/example_dags/example_kubernetes_executor.py took 0.248 seconds
[2026-06-01T12:37:23.293+0000] {processor.py:161} INFO - Started process (PID=2663) to work on /home/airflow/.local/lib/python3.11/site-packages/airflow/example_dags/example_kubernetes_executor.py
[2026-06-01T12:37:23.295+0000] {processor.py:830} INFO - Processing file /home/airflow/.local/lib/python3.11/site-packages/airflow/example_dags/example_kubernetes_executor.py for tasks to queue
[2026-06-01T12:37:23.299+0000] {logging_mixin.py:188} INFO - [2026-06-01T12:37:23.299+0000] {dagbag.py:545} INFO - Filling up the DagBag from /home/airflow/.local/lib/python3.11/site-packages/airflow/example_dags/example_kubernetes_executor.py
[2026-06-01T12:37:23.322+0000] {processor.py:840} INFO - DAG(s) 'example_kubernetes_executor' retrieved from /home/airflow/.local/lib/python3.11/site-packages/airflow/example_dags/example_kubernetes_executor.py
[2026-06-01T12:37:23.403+0000] {logging_mixin.py:188} INFO - [2026-06-01T12:37:23.403+0000] {dag.py:3096} INFO - Sync 1 DAGs
[2026-06-01T12:37:23.426+0000] {logging_mixin.py:188} INFO - [2026-06-01T12:37:23.425+0000] {dag.py:3954} INFO - Setting next_dagrun for example_kubernetes_executor to None, run_after=None
[2026-06-01T12:37:23.491+0000] {processor.py:183} INFO - Processing /home/airflow/.local/lib/python3.11/site-packages/airflow/example_dags/example_kubernetes_executor.py took 0.211 seconds
[2026-06-01T12:37:53.851+0000] {processor.py:161} INFO - Started process (PID=2936) to work on /home/airflow/.local/lib/python3.11/site-packages/airflow/example_dags/example_kubernetes_executor.py
[2026-06-01T12:37:53.859+0000] {processor.py:830} INFO - Processing file /home/airflow/.local/lib/python3.11/site-packages/airflow/example_dags/example_kubernetes_executor.py for tasks to queue
[2026-06-01T12:37:53.872+0000] {logging_mixin.py:188} INFO - [2026-06-01T12:37:53.868+0000] {dagbag.py:545} INFO - Filling up the DagBag from /home/airflow/.local/lib/python3.11/site-packages/airflow/example_dags/example_kubernetes_executor.py
[2026-06-01T12:37:53.910+0000] {processor.py:840} INFO - DAG(s) 'example_kubernetes_executor' retrieved from /home/airflow/.local/lib/python3.11/site-packages/airflow/example_dags/example_kubernetes_executor.py
[2026-06-01T12:37:53.991+0000] {logging_mixin.py:188} INFO - [2026-06-01T12:37:53.990+0000] {dag.py:3096} INFO - Sync 1 DAGs
[2026-06-01T12:37:54.015+0000] {logging_mixin.py:188} INFO - [2026-06-01T12:37:54.015+0000] {dag.py:3954} INFO - Setting next_dagrun for example_kubernetes_executor to None, run_after=None
[2026-06-01T12:37:54.062+0000] {processor.py:183} INFO - Processing /home/airflow/.local/lib/python3.11/site-packages/airflow/example_dags/example_kubernetes_executor.py took 0.251 seconds
[2026-06-01T12:38:24.582+0000] {processor.py:161} INFO - Started process (PID=3217) to work on /home/airflow/.local/lib/python3.11/site-packages/airflow/example_dags/example_kubernetes_executor.py
[2026-06-01T12:38:24.585+0000] {processor.py:830} INFO - Processing file /home/airflow/.local/lib/python3.11/site-packages/airflow/example_dags/example_kubernetes_executor.py for tasks to queue
[2026-06-01T12:38:24.589+0000] {logging_mixin.py:188} INFO - [2026-06-01T12:38:24.588+0000] {dagbag.py:545} INFO - Filling up the DagBag from /home/airflow/.local/lib/python3.11/site-packages/airflow/example_dags/example_kubernetes_executor.py
[2026-06-01T12:38:24.618+0000] {processor.py:840} INFO - DAG(s) 'example_kubernetes_executor' retrieved from /home/airflow/.local/lib/python3.11/site-packages/airflow/example_dags/example_kubernetes_executor.py
[2026-06-01T12:38:24.772+0000] {logging_mixin.py:188} INFO - [2026-06-01T12:38:24.772+0000] {dag.py:3096} INFO - Sync 1 DAGs
[2026-06-01T12:38:24.810+0000] {logging_mixin.py:188} INFO - [2026-06-01T12:38:24.809+0000] {dag.py:3954} INFO - Setting next_dagrun for example_kubernetes_executor to None, run_after=None
[2026-06-01T12:38:24.908+0000] {processor.py:183} INFO - Processing /home/airflow/.local/lib/python3.11/site-packages/airflow/example_dags/example_kubernetes_executor.py took 0.341 seconds
[2026-06-01T12:38:55.690+0000] {processor.py:161} INFO - Started process (PID=3493) to work on /home/airflow/.local/lib/python3.11/site-packages/airflow/example_dags/example_kubernetes_executor.py
[2026-06-01T12:38:55.693+0000] {processor.py:830} INFO - Processing file /home/airflow/.local/lib/python3.11/site-packages/airflow/example_dags/example_kubernetes_executor.py for tasks to queue
[2026-06-01T12:38:55.696+0000] {logging_mixin.py:188} INFO - [2026-06-01T12:38:55.696+0000] {dagbag.py:545} INFO - Filling up the DagBag from /home/airflow/.local/lib/python3.11/site-packages/airflow/example_dags/example_kubernetes_executor.py
[2026-06-01T12:38:55.725+0000] {processor.py:840} INFO - DAG(s) 'example_kubernetes_executor' retrieved from /home/airflow/.local/lib/python3.11/site-packages/airflow/example_dags/example_kubernetes_executor.py
[2026-06-01T12:38:55.819+0000] {logging_mixin.py:188} INFO - [2026-06-01T12:38:55.819+0000] {dag.py:3096} INFO - Sync 1 DAGs
[2026-06-01T12:38:55.846+0000] {logging_mixin.py:188} INFO - [2026-06-01T12:38:55.846+0000] {dag.py:3954} INFO - Setting next_dagrun for example_kubernetes_executor to None, run_after=None
[2026-06-01T12:38:55.891+0000] {processor.py:183} INFO - Processing /home/airflow/.local/lib/python3.11/site-packages/airflow/example_dags/example_kubernetes_executor.py took 0.220 seconds
[2026-06-01T12:39:26.266+0000] {processor.py:161} INFO - Started process (PID=3769) to work on /home/airflow/.local/lib/python3.11/site-packages/airflow/example_dags/example_kubernetes_executor.py
[2026-06-01T12:39:26.269+0000] {processor.py:830} INFO - Processing file /home/airflow/.local/lib/python3.11/site-packages/airflow/example_dags/example_kubernetes_executor.py for tasks to queue
[2026-06-01T12:39:26.273+0000] {logging_mixin.py:188} INFO - [2026-06-01T12:39:26.272+0000] {dagbag.py:545} INFO - Filling up the DagBag from /home/airflow/.local/lib/python3.11/site-packages/airflow/example_dags/example_kubernetes_executor.py
[2026-06-01T12:39:26.308+0000] {processor.py:840} INFO - DAG(s) 'example_kubernetes_executor' retrieved from /home/airflow/.local/lib/python3.11/site-packages/airflow/example_dags/example_kubernetes_executor.py
[2026-06-01T12:39:26.422+0000] {logging_mixin.py:188} INFO - [2026-06-01T12:39:26.422+0000] {dag.py:3096} INFO - Sync 1 DAGs
[2026-06-01T12:39:26.457+0000] {logging_mixin.py:188} INFO - [2026-06-01T12:39:26.457+0000] {dag.py:3954} INFO - Setting next_dagrun for example_kubernetes_executor to None, run_after=None
[2026-06-01T12:39:26.498+0000] {processor.py:183} INFO - Processing /home/airflow/.local/lib/python3.11/site-packages/airflow/example_dags/example_kubernetes_executor.py took 0.249 seconds
[2026-06-01T12:40:02.138+0000] {processor.py:161} INFO - Started process (PID=4094) to work on /home/airflow/.local/lib/python3.11/site-packages/airflow/example_dags/example_kubernetes_executor.py
[2026-06-01T12:40:02.152+0000] {processor.py:830} INFO - Processing file /home/airflow/.local/lib/python3.11/site-packages/airflow/example_dags/example_kubernetes_executor.py for tasks to queue
[2026-06-01T12:40:02.155+0000] {logging_mixin.py:188} INFO - [2026-06-01T12:40:02.155+0000] {dagbag.py:545} INFO - Filling up the DagBag from /home/airflow/.local/lib/python3.11/site-packages/airflow/example_dags/example_kubernetes_executor.py
[2026-06-01T12:40:02.185+0000] {processor.py:840} INFO - DAG(s) 'example_kubernetes_executor' retrieved from /home/airflow/.local/lib/python3.11/site-packages/airflow/example_dags/example_kubernetes_executor.py
[2026-06-01T12:40:02.470+0000] {logging_mixin.py:188} INFO - [2026-06-01T12:40:02.469+0000] {dag.py:3096} INFO - Sync 1 DAGs
[2026-06-01T12:40:02.532+0000] {logging_mixin.py:188} INFO - [2026-06-01T12:40:02.532+0000] {dag.py:3954} INFO - Setting next_dagrun for example_kubernetes_executor to None, run_after=None
[2026-06-01T12:40:02.805+0000] {processor.py:183} INFO - Processing /home/airflow/.local/lib/python3.11/site-packages/airflow/example_dags/example_kubernetes_executor.py took 0.686 seconds
[2026-06-01T12:40:33.389+0000] {processor.py:161} INFO - Started process (PID=4359) to work on /home/airflow/.local/lib/python3.11/site-packages/airflow/example_dags/example_kubernetes_executor.py
[2026-06-01T12:40:33.405+0000] {processor.py:830} INFO - Processing file /home/airflow/.local/lib/python3.11/site-packages/airflow/example_dags/example_kubernetes_executor.py for tasks to queue
[2026-06-01T12:40:33.438+0000] {logging_mixin.py:188} INFO - [2026-06-01T12:40:33.426+0000] {dagbag.py:545} INFO - Filling up the DagBag from /home/airflow/.local/lib/python3.11/site-packages/airflow/example_dags/example_kubernetes_executor.py
[2026-06-01T12:40:33.640+0000] {processor.py:840} INFO - DAG(s) 'example_kubernetes_executor' retrieved from /home/airflow/.local/lib/python3.11/site-packages/airflow/example_dags/example_kubernetes_executor.py
[2026-06-01T12:40:34.137+0000] {logging_mixin.py:188} INFO - [2026-06-01T12:40:34.137+0000] {dag.py:3096} INFO - Sync 1 DAGs
[2026-06-01T12:40:34.388+0000] {logging_mixin.py:188} INFO - [2026-06-01T12:40:34.379+0000] {dag.py:3954} INFO - Setting next_dagrun for example_kubernetes_executor to None, run_after=None
[2026-06-01T12:40:34.974+0000] {processor.py:183} INFO - Processing /home/airflow/.local/lib/python3.11/site-packages/airflow/example_dags/example_kubernetes_executor.py took 1.617 seconds
[2026-06-01T12:41:05.847+0000] {processor.py:161} INFO - Started process (PID=4641) to work on /home/airflow/.local/lib/python3.11/site-packages/airflow/example_dags/example_kubernetes_executor.py
[2026-06-01T12:41:05.858+0000] {processor.py:830} INFO - Processing file /home/airflow/.local/lib/python3.11/site-packages/airflow/example_dags/example_kubernetes_executor.py for tasks to queue
[2026-06-01T12:41:05.862+0000] {logging_mixin.py:188} INFO - [2026-06-01T12:41:05.860+0000] {dagbag.py:545} INFO - Filling up the DagBag from /home/airflow/.local/lib/python3.11/site-packages/airflow/example_dags/example_kubernetes_executor.py
[2026-06-01T12:41:05.928+0000] {processor.py:840} INFO - DAG(s) 'example_kubernetes_executor' retrieved from /home/airflow/.local/lib/python3.11/site-packages/airflow/example_dags/example_kubernetes_executor.py
[2026-06-01T12:41:06.046+0000] {logging_mixin.py:188} INFO - [2026-06-01T12:41:06.046+0000] {dag.py:3096} INFO - Sync 1 DAGs
[2026-06-01T12:41:06.111+0000] {logging_mixin.py:188} INFO - [2026-06-01T12:41:06.111+0000] {dag.py:3954} INFO - Setting next_dagrun for example_kubernetes_executor to None, run_after=None
[2026-06-01T12:41:06.416+0000] {processor.py:183} INFO - Processing /home/airflow/.local/lib/python3.11/site-packages/airflow/example_dags/example_kubernetes_executor.py took 0.592 seconds
[2026-06-01T12:41:48.323+0000] {processor.py:161} INFO - Started process (PID=4926) to work on /home/airflow/.local/lib/python3.11/site-packages/airflow/example_dags/example_kubernetes_executor.py
[2026-06-01T12:41:48.358+0000] {processor.py:830} INFO - Processing file /home/airflow/.local/lib/python3.11/site-packages/airflow/example_dags/example_kubernetes_executor.py for tasks to queue
[2026-06-01T12:41:48.374+0000] {logging_mixin.py:188} INFO - [2026-06-01T12:41:48.373+0000] {dagbag.py:545} INFO - Filling up the DagBag from /home/airflow/.local/lib/python3.11/site-packages/airflow/example_dags/example_kubernetes_executor.py
[2026-06-01T12:41:48.520+0000] {processor.py:840} INFO - DAG(s) 'example_kubernetes_executor' retrieved from /home/airflow/.local/lib/python3.11/site-packages/airflow/example_dags/example_kubernetes_executor.py
[2026-06-01T12:41:48.786+0000] {logging_mixin.py:188} INFO - [2026-06-01T12:41:48.785+0000] {dag.py:3096} INFO - Sync 1 DAGs
[2026-06-01T12:41:48.889+0000] {logging_mixin.py:188} INFO - [2026-06-01T12:41:48.889+0000] {dag.py:3954} INFO - Setting next_dagrun for example_kubernetes_executor to None, run_after=None
[2026-06-01T12:41:49.020+0000] {processor.py:183} INFO - Processing /home/airflow/.local/lib/python3.11/site-packages/airflow/example_dags/example_kubernetes_executor.py took 0.866 seconds
[2026-06-01T12:42:22.413+0000] {processor.py:161} INFO - Started process (PID=5202) to work on /home/airflow/.local/lib/python3.11/site-packages/airflow/example_dags/example_kubernetes_executor.py
[2026-06-01T12:42:22.435+0000] {processor.py:830} INFO - Processing file /home/airflow/.local/lib/python3.11/site-packages/airflow/example_dags/example_kubernetes_executor.py for tasks to queue
[2026-06-01T12:42:22.456+0000] {logging_mixin.py:188} INFO - [2026-06-01T12:42:22.456+0000] {dagbag.py:545} INFO - Filling up the DagBag from /home/airflow/.local/lib/python3.11/site-packages/airflow/example_dags/example_kubernetes_executor.py
[2026-06-01T12:42:22.501+0000] {processor.py:840} INFO - DAG(s) 'example_kubernetes_executor' retrieved from /home/airflow/.local/lib/python3.11/site-packages/airflow/example_dags/example_kubernetes_executor.py
[2026-06-01T12:42:22.826+0000] {logging_mixin.py:188} INFO - [2026-06-01T12:42:22.826+0000] {dag.py:3096} INFO - Sync 1 DAGs
[2026-06-01T12:42:22.910+0000] {logging_mixin.py:188} INFO - [2026-06-01T12:42:22.910+0000] {dag.py:3954} INFO - Setting next_dagrun for example_kubernetes_executor to None, run_after=None
[2026-06-01T12:42:23.067+0000] {processor.py:183} INFO - Processing /home/airflow/.local/lib/python3.11/site-packages/airflow/example_dags/example_kubernetes_executor.py took 0.691 seconds
[2026-06-01T12:42:55.615+0000] {processor.py:161} INFO - Started process (PID=5476) to work on /home/airflow/.local/lib/python3.11/site-packages/airflow/example_dags/example_kubernetes_executor.py
[2026-06-01T12:42:55.619+0000] {processor.py:830} INFO - Processing file /home/airflow/.local/lib/python3.11/site-packages/airflow/example_dags/example_kubernetes_executor.py for tasks to queue
[2026-06-01T12:42:55.628+0000] {logging_mixin.py:188} INFO - [2026-06-01T12:42:55.626+0000] {dagbag.py:545} INFO - Filling up the DagBag from /home/airflow/.local/lib/python3.11/site-packages/airflow/example_dags/example_kubernetes_executor.py
[2026-06-01T12:42:55.675+0000] {processor.py:840} INFO - DAG(s) 'example_kubernetes_executor' retrieved from /home/airflow/.local/lib/python3.11/site-packages/airflow/example_dags/example_kubernetes_executor.py
[2026-06-01T12:42:55.786+0000] {logging_mixin.py:188} INFO - [2026-06-01T12:42:55.786+0000] {dag.py:3096} INFO - Sync 1 DAGs
[2026-06-01T12:42:55.840+0000] {logging_mixin.py:188} INFO - [2026-06-01T12:42:55.839+0000] {dag.py:3954} INFO - Setting next_dagrun for example_kubernetes_executor to None, run_after=None
[2026-06-01T12:42:55.898+0000] {processor.py:183} INFO - Processing /home/airflow/.local/lib/python3.11/site-packages/airflow/example_dags/example_kubernetes_executor.py took 0.301 seconds
[2026-06-01T12:43:30.454+0000] {processor.py:161} INFO - Started process (PID=5752) to work on /home/airflow/.local/lib/python3.11/site-packages/airflow/example_dags/example_kubernetes_executor.py
[2026-06-01T12:43:30.456+0000] {processor.py:830} INFO - Processing file /home/airflow/.local/lib/python3.11/site-packages/airflow/example_dags/example_kubernetes_executor.py for tasks to queue
[2026-06-01T12:43:30.460+0000] {logging_mixin.py:188} INFO - [2026-06-01T12:43:30.459+0000] {dagbag.py:545} INFO - Filling up the DagBag from /home/airflow/.local/lib/python3.11/site-packages/airflow/example_dags/example_kubernetes_executor.py
[2026-06-01T12:43:30.590+0000] {processor.py:840} INFO - DAG(s) 'example_kubernetes_executor' retrieved from /home/airflow/.local/lib/python3.11/site-packages/airflow/example_dags/example_kubernetes_executor.py
[2026-06-01T12:43:30.847+0000] {logging_mixin.py:188} INFO - [2026-06-01T12:43:30.847+0000] {dag.py:3096} INFO - Sync 1 DAGs
[2026-06-01T12:43:31.077+0000] {logging_mixin.py:188} INFO - [2026-06-01T12:43:31.077+0000] {dag.py:3954} INFO - Setting next_dagrun for example_kubernetes_executor to None, run_after=None
[2026-06-01T12:43:31.242+0000] {processor.py:183} INFO - Processing /home/airflow/.local/lib/python3.11/site-packages/airflow/example_dags/example_kubernetes_executor.py took 0.946 seconds
[2026-06-01T12:44:01.825+0000] {processor.py:161} INFO - Started process (PID=6016) to work on /home/airflow/.local/lib/python3.11/site-packages/airflow/example_dags/example_kubernetes_executor.py
[2026-06-01T12:44:01.853+0000] {processor.py:830} INFO - Processing file /home/airflow/.local/lib/python3.11/site-packages/airflow/example_dags/example_kubernetes_executor.py for tasks to queue
[2026-06-01T12:44:01.894+0000] {logging_mixin.py:188} INFO - [2026-06-01T12:44:01.876+0000] {dagbag.py:545} INFO - Filling up the DagBag from /home/airflow/.local/lib/python3.11/site-packages/airflow/example_dags/example_kubernetes_executor.py
[2026-06-01T12:44:01.959+0000] {processor.py:840} INFO - DAG(s) 'example_kubernetes_executor' retrieved from /home/airflow/.local/lib/python3.11/site-packages/airflow/example_dags/example_kubernetes_executor.py
[2026-06-01T12:44:02.149+0000] {logging_mixin.py:188} INFO - [2026-06-01T12:44:02.149+0000] {dag.py:3096} INFO - Sync 1 DAGs
[2026-06-01T12:44:02.274+0000] {logging_mixin.py:188} INFO - [2026-06-01T12:44:02.274+0000] {dag.py:3954} INFO - Setting next_dagrun for example_kubernetes_executor to None, run_after=None
[2026-06-01T12:44:02.370+0000] {processor.py:183} INFO - Processing /home/airflow/.local/lib/python3.11/site-packages/airflow/example_dags/example_kubernetes_executor.py took 0.584 seconds
[2026-06-01T12:44:45.251+0000] {processor.py:161} INFO - Started process (PID=6300) to work on /home/airflow/.local/lib/python3.11/site-packages/airflow/example_dags/example_kubernetes_executor.py
[2026-06-01T12:44:45.263+0000] {processor.py:830} INFO - Processing file /home/airflow/.local/lib/python3.11/site-packages/airflow/example_dags/example_kubernetes_executor.py for tasks to queue
[2026-06-01T12:44:45.283+0000] {logging_mixin.py:188} INFO - [2026-06-01T12:44:45.281+0000] {dagbag.py:545} INFO - Filling up the DagBag from /home/airflow/.local/lib/python3.11/site-packages/airflow/example_dags/example_kubernetes_executor.py
[2026-06-01T12:44:45.431+0000] {processor.py:840} INFO - DAG(s) 'example_kubernetes_executor' retrieved from /home/airflow/.local/lib/python3.11/site-packages/airflow/example_dags/example_kubernetes_executor.py
[2026-06-01T12:44:45.826+0000] {logging_mixin.py:188} INFO - [2026-06-01T12:44:45.826+0000] {dag.py:3096} INFO - Sync 1 DAGs
[2026-06-01T12:44:45.940+0000] {logging_mixin.py:188} INFO - [2026-06-01T12:44:45.939+0000] {dag.py:3954} INFO - Setting next_dagrun for example_kubernetes_executor to None, run_after=None
[2026-06-01T12:44:46.130+0000] {processor.py:183} INFO - Processing /home/airflow/.local/lib/python3.11/site-packages/airflow/example_dags/example_kubernetes_executor.py took 0.962 seconds
[2026-06-01T12:45:16.696+0000] {processor.py:161} INFO - Started process (PID=6576) to work on /home/airflow/.local/lib/python3.11/site-packages/airflow/example_dags/example_kubernetes_executor.py
[2026-06-01T12:45:16.704+0000] {processor.py:830} INFO - Processing file /home/airflow/.local/lib/python3.11/site-packages/airflow/example_dags/example_kubernetes_executor.py for tasks to queue
[2026-06-01T12:45:16.714+0000] {logging_mixin.py:188} INFO - [2026-06-01T12:45:16.714+0000] {dagbag.py:545} INFO - Filling up the DagBag from /home/airflow/.local/lib/python3.11/site-packages/airflow/example_dags/example_kubernetes_executor.py
[2026-06-01T12:45:16.806+0000] {processor.py:840} INFO - DAG(s) 'example_kubernetes_executor' retrieved from /home/airflow/.local/lib/python3.11/site-packages/airflow/example_dags/example_kubernetes_executor.py
[2026-06-01T12:45:17.053+0000] {logging_mixin.py:188} INFO - [2026-06-01T12:45:17.053+0000] {dag.py:3096} INFO - Sync 1 DAGs
[2026-06-01T12:45:17.126+0000] {logging_mixin.py:188} INFO - [2026-06-01T12:45:17.125+0000] {dag.py:3954} INFO - Setting next_dagrun for example_kubernetes_executor to None, run_after=None
[2026-06-01T12:45:17.245+0000] {processor.py:183} INFO - Processing /home/airflow/.local/lib/python3.11/site-packages/airflow/example_dags/example_kubernetes_executor.py took 0.586 seconds
[2026-06-01T12:45:52.793+0000] {processor.py:161} INFO - Started process (PID=6846) to work on /home/airflow/.local/lib/python3.11/site-packages/airflow/example_dags/example_kubernetes_executor.py
[2026-06-01T12:45:52.802+0000] {processor.py:830} INFO - Processing file /home/airflow/.local/lib/python3.11/site-packages/airflow/example_dags/example_kubernetes_executor.py for tasks to queue
[2026-06-01T12:45:52.808+0000] {logging_mixin.py:188} INFO - [2026-06-01T12:45:52.807+0000] {dagbag.py:545} INFO - Filling up the DagBag from /home/airflow/.local/lib/python3.11/site-packages/airflow/example_dags/example_kubernetes_executor.py
[2026-06-01T12:45:52.900+0000] {processor.py:840} INFO - DAG(s) 'example_kubernetes_executor' retrieved from /home/airflow/.local/lib/python3.11/site-packages/airflow/example_dags/example_kubernetes_executor.py
[2026-06-01T12:45:53.155+0000] {logging_mixin.py:188} INFO - [2026-06-01T12:45:53.155+0000] {dag.py:3096} INFO - Sync 1 DAGs
[2026-06-01T12:45:53.199+0000] {logging_mixin.py:188} INFO - [2026-06-01T12:45:53.198+0000] {dag.py:3954} INFO - Setting next_dagrun for example_kubernetes_executor to None, run_after=None
[2026-06-01T12:45:53.340+0000] {processor.py:183} INFO - Processing /home/airflow/.local/lib/python3.11/site-packages/airflow/example_dags/example_kubernetes_executor.py took 0.572 seconds
[2026-06-01T12:46:25.623+0000] {processor.py:161} INFO - Started process (PID=7113) to work on /home/airflow/.local/lib/python3.11/site-packages/airflow/example_dags/example_kubernetes_executor.py
[2026-06-01T12:46:25.624+0000] {processor.py:830} INFO - Processing file /home/airflow/.local/lib/python3.11/site-packages/airflow/example_dags/example_kubernetes_executor.py for tasks to queue
[2026-06-01T12:46:25.636+0000] {logging_mixin.py:188} INFO - [2026-06-01T12:46:25.635+0000] {dagbag.py:545} INFO - Filling up the DagBag from /home/airflow/.local/lib/python3.11/site-packages/airflow/example_dags/example_kubernetes_executor.py
[2026-06-01T12:46:25.682+0000] {processor.py:840} INFO - DAG(s) 'example_kubernetes_executor' retrieved from /home/airflow/.local/lib/python3.11/site-packages/airflow/example_dags/example_kubernetes_executor.py
[2026-06-01T12:46:26.172+0000] {logging_mixin.py:188} INFO - [2026-06-01T12:46:26.172+0000] {dag.py:3096} INFO - Sync 1 DAGs
[2026-06-01T12:46:26.236+0000] {logging_mixin.py:188} INFO - [2026-06-01T12:46:26.236+0000] {dag.py:3954} INFO - Setting next_dagrun for example_kubernetes_executor to None, run_after=None
[2026-06-01T12:46:26.375+0000] {processor.py:183} INFO - Processing /home/airflow/.local/lib/python3.11/site-packages/airflow/example_dags/example_kubernetes_executor.py took 0.777 seconds
[2026-06-01T12:46:56.755+0000] {processor.py:161} INFO - Started process (PID=7385) to work on /home/airflow/.local/lib/python3.11/site-packages/airflow/example_dags/example_kubernetes_executor.py
[2026-06-01T12:46:56.776+0000] {processor.py:830} INFO - Processing file /home/airflow/.local/lib/python3.11/site-packages/airflow/example_dags/example_kubernetes_executor.py for tasks to queue
[2026-06-01T12:46:56.787+0000] {logging_mixin.py:188} INFO - [2026-06-01T12:46:56.787+0000] {dagbag.py:545} INFO - Filling up the DagBag from /home/airflow/.local/lib/python3.11/site-packages/airflow/example_dags/example_kubernetes_executor.py
[2026-06-01T12:46:56.897+0000] {processor.py:840} INFO - DAG(s) 'example_kubernetes_executor' retrieved from /home/airflow/.local/lib/python3.11/site-packages/airflow/example_dags/example_kubernetes_executor.py
[2026-06-01T12:46:57.198+0000] {logging_mixin.py:188} INFO - [2026-06-01T12:46:57.187+0000] {dag.py:3096} INFO - Sync 1 DAGs
[2026-06-01T12:46:57.287+0000] {logging_mixin.py:188} INFO - [2026-06-01T12:46:57.286+0000] {dag.py:3954} INFO - Setting next_dagrun for example_kubernetes_executor to None, run_after=None
[2026-06-01T12:46:57.442+0000] {processor.py:183} INFO - Processing /home/airflow/.local/lib/python3.11/site-packages/airflow/example_dags/example_kubernetes_executor.py took 0.720 seconds
[2026-06-01T12:47:32.680+0000] {processor.py:161} INFO - Started process (PID=7658) to work on /home/airflow/.local/lib/python3.11/site-packages/airflow/example_dags/example_kubernetes_executor.py
[2026-06-01T12:47:32.694+0000] {processor.py:830} INFO - Processing file /home/airflow/.local/lib/python3.11/site-packages/airflow/example_dags/example_kubernetes_executor.py for tasks to queue
[2026-06-01T12:47:32.699+0000] {logging_mixin.py:188} INFO - [2026-06-01T12:47:32.699+0000] {dagbag.py:545} INFO - Filling up the DagBag from /home/airflow/.local/lib/python3.11/site-packages/airflow/example_dags/example_kubernetes_executor.py
[2026-06-01T12:47:32.769+0000] {processor.py:840} INFO - DAG(s) 'example_kubernetes_executor' retrieved from /home/airflow/.local/lib/python3.11/site-packages/airflow/example_dags/example_kubernetes_executor.py
[2026-06-01T12:47:33.007+0000] {logging_mixin.py:188} INFO - [2026-06-01T12:47:33.007+0000] {dag.py:3096} INFO - Sync 1 DAGs
[2026-06-01T12:47:33.092+0000] {logging_mixin.py:188} INFO - [2026-06-01T12:47:33.092+0000] {dag.py:3954} INFO - Setting next_dagrun for example_kubernetes_executor to None, run_after=None
[2026-06-01T12:47:33.205+0000] {processor.py:183} INFO - Processing /home/airflow/.local/lib/python3.11/site-packages/airflow/example_dags/example_kubernetes_executor.py took 0.622 seconds
[2026-06-01T12:48:03.740+0000] {processor.py:161} INFO - Started process (PID=7934) to work on /home/airflow/.local/lib/python3.11/site-packages/airflow/example_dags/example_kubernetes_executor.py
[2026-06-01T12:48:03.750+0000] {processor.py:830} INFO - Processing file /home/airflow/.local/lib/python3.11/site-packages/airflow/example_dags/example_kubernetes_executor.py for tasks to queue
[2026-06-01T12:48:03.770+0000] {logging_mixin.py:188} INFO - [2026-06-01T12:48:03.770+0000] {dagbag.py:545} INFO - Filling up the DagBag from /home/airflow/.local/lib/python3.11/site-packages/airflow/example_dags/example_kubernetes_executor.py
[2026-06-01T12:48:03.825+0000] {processor.py:840} INFO - DAG(s) 'example_kubernetes_executor' retrieved from /home/airflow/.local/lib/python3.11/site-packages/airflow/example_dags/example_kubernetes_executor.py
[2026-06-01T12:48:03.950+0000] {logging_mixin.py:188} INFO - [2026-06-01T12:48:03.950+0000] {dag.py:3096} INFO - Sync 1 DAGs
[2026-06-01T12:48:03.999+0000] {logging_mixin.py:188} INFO - [2026-06-01T12:48:03.998+0000] {dag.py:3954} INFO - Setting next_dagrun for example_kubernetes_executor to None, run_after=None
[2026-06-01T12:48:04.081+0000] {processor.py:183} INFO - Processing /home/airflow/.local/lib/python3.11/site-packages/airflow/example_dags/example_kubernetes_executor.py took 0.360 seconds
[2026-06-01T12:48:34.843+0000] {processor.py:161} INFO - Started process (PID=8210) to work on /home/airflow/.local/lib/python3.11/site-packages/airflow/example_dags/example_kubernetes_executor.py
[2026-06-01T12:48:34.850+0000] {processor.py:830} INFO - Processing file /home/airflow/.local/lib/python3.11/site-packages/airflow/example_dags/example_kubernetes_executor.py for tasks to queue
[2026-06-01T12:48:34.863+0000] {logging_mixin.py:188} INFO - [2026-06-01T12:48:34.862+0000] {dagbag.py:545} INFO - Filling up the DagBag from /home/airflow/.local/lib/python3.11/site-packages/airflow/example_dags/example_kubernetes_executor.py
[2026-06-01T12:48:34.913+0000] {processor.py:840} INFO - DAG(s) 'example_kubernetes_executor' retrieved from /home/airflow/.local/lib/python3.11/site-packages/airflow/example_dags/example_kubernetes_executor.py
[2026-06-01T12:48:35.155+0000] {logging_mixin.py:188} INFO - [2026-06-01T12:48:35.155+0000] {dag.py:3096} INFO - Sync 1 DAGs
[2026-06-01T12:48:35.222+0000] {logging_mixin.py:188} INFO - [2026-06-01T12:48:35.222+0000] {dag.py:3954} INFO - Setting next_dagrun for example_kubernetes_executor to None, run_after=None
[2026-06-01T12:48:35.298+0000] {processor.py:183} INFO - Processing /home/airflow/.local/lib/python3.11/site-packages/airflow/example_dags/example_kubernetes_executor.py took 0.483 seconds
[2026-06-01T12:49:07.557+0000] {processor.py:161} INFO - Started process (PID=8486) to work on /home/airflow/.local/lib/python3.11/site-packages/airflow/example_dags/example_kubernetes_executor.py
[2026-06-01T12:49:07.570+0000] {processor.py:830} INFO - Processing file /home/airflow/.local/lib/python3.11/site-packages/airflow/example_dags/example_kubernetes_executor.py for tasks to queue
[2026-06-01T12:49:07.591+0000] {logging_mixin.py:188} INFO - [2026-06-01T12:49:07.590+0000] {dagbag.py:545} INFO - Filling up the DagBag from /home/airflow/.local/lib/python3.11/site-packages/airflow/example_dags/example_kubernetes_executor.py
[2026-06-01T12:49:07.655+0000] {processor.py:840} INFO - DAG(s) 'example_kubernetes_executor' retrieved from /home/airflow/.local/lib/python3.11/site-packages/airflow/example_dags/example_kubernetes_executor.py
[2026-06-01T12:49:08.190+0000] {logging_mixin.py:188} INFO - [2026-06-01T12:49:08.174+0000] {dag.py:3096} INFO - Sync 1 DAGs
[2026-06-01T12:49:08.302+0000] {logging_mixin.py:188} INFO - [2026-06-01T12:49:08.301+0000] {dag.py:3954} INFO - Setting next_dagrun for example_kubernetes_executor to None, run_after=None
[2026-06-01T12:49:08.390+0000] {processor.py:183} INFO - Processing /home/airflow/.local/lib/python3.11/site-packages/airflow/example_dags/example_kubernetes_executor.py took 0.853 seconds
