[2026-06-01T12:04:45.797+0000] {processor.py:161} INFO - Started process (PID=114) to work on /home/airflow/.local/lib/python3.11/site-packages/airflow/example_dags/example_params_trigger_ui.py
[2026-06-01T12:04:45.799+0000] {processor.py:830} INFO - Processing file /home/airflow/.local/lib/python3.11/site-packages/airflow/example_dags/example_params_trigger_ui.py for tasks to queue
[2026-06-01T12:04:45.802+0000] {logging_mixin.py:188} INFO - [2026-06-01T12:04:45.801+0000] {dagbag.py:545} INFO - Filling up the DagBag from /home/airflow/.local/lib/python3.11/site-packages/airflow/example_dags/example_params_trigger_ui.py
[2026-06-01T12:04:45.823+0000] {processor.py:840} INFO - DAG(s) 'example_params_trigger_ui' retrieved from /home/airflow/.local/lib/python3.11/site-packages/airflow/example_dags/example_params_trigger_ui.py
[2026-06-01T12:04:46.006+0000] {logging_mixin.py:188} INFO - [2026-06-01T12:04:46.005+0000] {override.py:1829} INFO - Created Permission View: can read on DAG:example_params_trigger_ui
[2026-06-01T12:04:46.020+0000] {logging_mixin.py:188} INFO - [2026-06-01T12:04:46.019+0000] {override.py:1829} INFO - Created Permission View: can delete on DAG:example_params_trigger_ui
[2026-06-01T12:04:46.030+0000] {logging_mixin.py:188} INFO - [2026-06-01T12:04:46.029+0000] {override.py:1829} INFO - Created Permission View: can edit on DAG:example_params_trigger_ui
[2026-06-01T12:04:46.031+0000] {logging_mixin.py:188} INFO - [2026-06-01T12:04:46.030+0000] {dag.py:3096} INFO - Sync 1 DAGs
[2026-06-01T12:04:46.050+0000] {logging_mixin.py:188} INFO - [2026-06-01T12:04:46.049+0000] {dag.py:3118} INFO - Creating ORM DAG for example_params_trigger_ui
[2026-06-01T12:04:46.051+0000] {logging_mixin.py:188} INFO - [2026-06-01T12:04:46.051+0000] {dag.py:3954} INFO - Setting next_dagrun for example_params_trigger_ui to None, run_after=None
[2026-06-01T12:04:46.079+0000] {processor.py:183} INFO - Processing /home/airflow/.local/lib/python3.11/site-packages/airflow/example_dags/example_params_trigger_ui.py took 0.293 seconds
[2026-06-01T12:05:16.421+0000] {processor.py:161} INFO - Started process (PID=173) to work on /home/airflow/.local/lib/python3.11/site-packages/airflow/example_dags/example_params_trigger_ui.py
[2026-06-01T12:05:16.423+0000] {processor.py:830} INFO - Processing file /home/airflow/.local/lib/python3.11/site-packages/airflow/example_dags/example_params_trigger_ui.py for tasks to queue
[2026-06-01T12:05:16.426+0000] {logging_mixin.py:188} INFO - [2026-06-01T12:05:16.425+0000] {dagbag.py:545} INFO - Filling up the DagBag from /home/airflow/.local/lib/python3.11/site-packages/airflow/example_dags/example_params_trigger_ui.py
[2026-06-01T12:05:16.448+0000] {processor.py:840} INFO - DAG(s) 'example_params_trigger_ui' retrieved from /home/airflow/.local/lib/python3.11/site-packages/airflow/example_dags/example_params_trigger_ui.py
[2026-06-01T12:05:16.505+0000] {logging_mixin.py:188} INFO - [2026-06-01T12:05:16.505+0000] {dag.py:3096} INFO - Sync 1 DAGs
[2026-06-01T12:05:16.521+0000] {logging_mixin.py:188} INFO - [2026-06-01T12:05:16.521+0000] {dag.py:3954} INFO - Setting next_dagrun for example_params_trigger_ui to None, run_after=None
[2026-06-01T12:05:16.543+0000] {processor.py:183} INFO - Processing /home/airflow/.local/lib/python3.11/site-packages/airflow/example_dags/example_params_trigger_ui.py took 0.132 seconds
[2026-06-01T12:05:47.952+0000] {processor.py:161} INFO - Started process (PID=232) to work on /home/airflow/.local/lib/python3.11/site-packages/airflow/example_dags/example_params_trigger_ui.py
[2026-06-01T12:05:47.955+0000] {processor.py:830} INFO - Processing file /home/airflow/.local/lib/python3.11/site-packages/airflow/example_dags/example_params_trigger_ui.py for tasks to queue
[2026-06-01T12:05:47.960+0000] {logging_mixin.py:188} INFO - [2026-06-01T12:05:47.959+0000] {dagbag.py:545} INFO - Filling up the DagBag from /home/airflow/.local/lib/python3.11/site-packages/airflow/example_dags/example_params_trigger_ui.py
[2026-06-01T12:05:47.994+0000] {processor.py:840} INFO - DAG(s) 'example_params_trigger_ui' retrieved from /home/airflow/.local/lib/python3.11/site-packages/airflow/example_dags/example_params_trigger_ui.py
[2026-06-01T12:05:48.088+0000] {logging_mixin.py:188} INFO - [2026-06-01T12:05:48.088+0000] {dag.py:3096} INFO - Sync 1 DAGs
[2026-06-01T12:05:48.108+0000] {logging_mixin.py:188} INFO - [2026-06-01T12:05:48.108+0000] {dag.py:3954} INFO - Setting next_dagrun for example_params_trigger_ui to None, run_after=None
[2026-06-01T12:05:48.140+0000] {processor.py:183} INFO - Processing /home/airflow/.local/lib/python3.11/site-packages/airflow/example_dags/example_params_trigger_ui.py took 0.206 seconds
[2026-06-01T12:06:18.866+0000] {processor.py:161} INFO - Started process (PID=291) to work on /home/airflow/.local/lib/python3.11/site-packages/airflow/example_dags/example_params_trigger_ui.py
[2026-06-01T12:06:18.868+0000] {processor.py:830} INFO - Processing file /home/airflow/.local/lib/python3.11/site-packages/airflow/example_dags/example_params_trigger_ui.py for tasks to queue
[2026-06-01T12:06:18.872+0000] {logging_mixin.py:188} INFO - [2026-06-01T12:06:18.871+0000] {dagbag.py:545} INFO - Filling up the DagBag from /home/airflow/.local/lib/python3.11/site-packages/airflow/example_dags/example_params_trigger_ui.py
[2026-06-01T12:06:18.901+0000] {processor.py:840} INFO - DAG(s) 'example_params_trigger_ui' retrieved from /home/airflow/.local/lib/python3.11/site-packages/airflow/example_dags/example_params_trigger_ui.py
[2026-06-01T12:06:18.984+0000] {logging_mixin.py:188} INFO - [2026-06-01T12:06:18.983+0000] {dag.py:3096} INFO - Sync 1 DAGs
[2026-06-01T12:06:19.005+0000] {logging_mixin.py:188} INFO - [2026-06-01T12:06:19.005+0000] {dag.py:3954} INFO - Setting next_dagrun for example_params_trigger_ui to None, run_after=None
[2026-06-01T12:06:19.038+0000] {processor.py:183} INFO - Processing /home/airflow/.local/lib/python3.11/site-packages/airflow/example_dags/example_params_trigger_ui.py took 0.188 seconds
[2026-06-01T12:06:49.332+0000] {processor.py:161} INFO - Started process (PID=351) to work on /home/airflow/.local/lib/python3.11/site-packages/airflow/example_dags/example_params_trigger_ui.py
[2026-06-01T12:06:49.334+0000] {processor.py:830} INFO - Processing file /home/airflow/.local/lib/python3.11/site-packages/airflow/example_dags/example_params_trigger_ui.py for tasks to queue
[2026-06-01T12:06:49.338+0000] {logging_mixin.py:188} INFO - [2026-06-01T12:06:49.337+0000] {dagbag.py:545} INFO - Filling up the DagBag from /home/airflow/.local/lib/python3.11/site-packages/airflow/example_dags/example_params_trigger_ui.py
[2026-06-01T12:06:49.365+0000] {processor.py:840} INFO - DAG(s) 'example_params_trigger_ui' retrieved from /home/airflow/.local/lib/python3.11/site-packages/airflow/example_dags/example_params_trigger_ui.py
[2026-06-01T12:06:49.408+0000] {logging_mixin.py:188} INFO - [2026-06-01T12:06:49.407+0000] {dag.py:3096} INFO - Sync 1 DAGs
[2026-06-01T12:06:49.464+0000] {logging_mixin.py:188} INFO - [2026-06-01T12:06:49.463+0000] {dag.py:3954} INFO - Setting next_dagrun for example_params_trigger_ui to None, run_after=None
[2026-06-01T12:06:49.538+0000] {processor.py:183} INFO - Processing /home/airflow/.local/lib/python3.11/site-packages/airflow/example_dags/example_params_trigger_ui.py took 0.216 seconds
[2026-06-01T12:07:20.699+0000] {processor.py:161} INFO - Started process (PID=409) to work on /home/airflow/.local/lib/python3.11/site-packages/airflow/example_dags/example_params_trigger_ui.py
[2026-06-01T12:07:20.703+0000] {processor.py:830} INFO - Processing file /home/airflow/.local/lib/python3.11/site-packages/airflow/example_dags/example_params_trigger_ui.py for tasks to queue
[2026-06-01T12:07:20.707+0000] {logging_mixin.py:188} INFO - [2026-06-01T12:07:20.706+0000] {dagbag.py:545} INFO - Filling up the DagBag from /home/airflow/.local/lib/python3.11/site-packages/airflow/example_dags/example_params_trigger_ui.py
[2026-06-01T12:07:20.735+0000] {processor.py:840} INFO - DAG(s) 'example_params_trigger_ui' retrieved from /home/airflow/.local/lib/python3.11/site-packages/airflow/example_dags/example_params_trigger_ui.py
[2026-06-01T12:07:21.037+0000] {logging_mixin.py:188} INFO - [2026-06-01T12:07:21.037+0000] {dag.py:3096} INFO - Sync 1 DAGs
[2026-06-01T12:07:21.059+0000] {logging_mixin.py:188} INFO - [2026-06-01T12:07:21.058+0000] {dag.py:3954} INFO - Setting next_dagrun for example_params_trigger_ui to None, run_after=None
[2026-06-01T12:07:21.107+0000] {processor.py:183} INFO - Processing /home/airflow/.local/lib/python3.11/site-packages/airflow/example_dags/example_params_trigger_ui.py took 0.423 seconds
[2026-06-01T12:07:51.273+0000] {processor.py:161} INFO - Started process (PID=470) to work on /home/airflow/.local/lib/python3.11/site-packages/airflow/example_dags/example_params_trigger_ui.py
[2026-06-01T12:07:51.277+0000] {processor.py:830} INFO - Processing file /home/airflow/.local/lib/python3.11/site-packages/airflow/example_dags/example_params_trigger_ui.py for tasks to queue
[2026-06-01T12:07:51.283+0000] {logging_mixin.py:188} INFO - [2026-06-01T12:07:51.282+0000] {dagbag.py:545} INFO - Filling up the DagBag from /home/airflow/.local/lib/python3.11/site-packages/airflow/example_dags/example_params_trigger_ui.py
[2026-06-01T12:07:51.307+0000] {processor.py:840} INFO - DAG(s) 'example_params_trigger_ui' retrieved from /home/airflow/.local/lib/python3.11/site-packages/airflow/example_dags/example_params_trigger_ui.py
[2026-06-01T12:07:51.396+0000] {logging_mixin.py:188} INFO - [2026-06-01T12:07:51.396+0000] {dag.py:3096} INFO - Sync 1 DAGs
[2026-06-01T12:07:51.416+0000] {logging_mixin.py:188} INFO - [2026-06-01T12:07:51.416+0000] {dag.py:3954} INFO - Setting next_dagrun for example_params_trigger_ui to None, run_after=None
[2026-06-01T12:07:51.469+0000] {processor.py:183} INFO - Processing /home/airflow/.local/lib/python3.11/site-packages/airflow/example_dags/example_params_trigger_ui.py took 0.206 seconds
[2026-06-01T12:08:21.815+0000] {processor.py:161} INFO - Started process (PID=528) to work on /home/airflow/.local/lib/python3.11/site-packages/airflow/example_dags/example_params_trigger_ui.py
[2026-06-01T12:08:21.817+0000] {processor.py:830} INFO - Processing file /home/airflow/.local/lib/python3.11/site-packages/airflow/example_dags/example_params_trigger_ui.py for tasks to queue
[2026-06-01T12:08:21.820+0000] {logging_mixin.py:188} INFO - [2026-06-01T12:08:21.819+0000] {dagbag.py:545} INFO - Filling up the DagBag from /home/airflow/.local/lib/python3.11/site-packages/airflow/example_dags/example_params_trigger_ui.py
[2026-06-01T12:08:21.840+0000] {processor.py:840} INFO - DAG(s) 'example_params_trigger_ui' retrieved from /home/airflow/.local/lib/python3.11/site-packages/airflow/example_dags/example_params_trigger_ui.py
[2026-06-01T12:08:21.897+0000] {logging_mixin.py:188} INFO - [2026-06-01T12:08:21.896+0000] {dag.py:3096} INFO - Sync 1 DAGs
[2026-06-01T12:08:21.910+0000] {logging_mixin.py:188} INFO - [2026-06-01T12:08:21.910+0000] {dag.py:3954} INFO - Setting next_dagrun for example_params_trigger_ui to None, run_after=None
[2026-06-01T12:08:21.945+0000] {processor.py:183} INFO - Processing /home/airflow/.local/lib/python3.11/site-packages/airflow/example_dags/example_params_trigger_ui.py took 0.143 seconds
[2026-06-01T12:08:52.342+0000] {processor.py:161} INFO - Started process (PID=587) to work on /home/airflow/.local/lib/python3.11/site-packages/airflow/example_dags/example_params_trigger_ui.py
[2026-06-01T12:08:52.344+0000] {processor.py:830} INFO - Processing file /home/airflow/.local/lib/python3.11/site-packages/airflow/example_dags/example_params_trigger_ui.py for tasks to queue
[2026-06-01T12:08:52.346+0000] {logging_mixin.py:188} INFO - [2026-06-01T12:08:52.346+0000] {dagbag.py:545} INFO - Filling up the DagBag from /home/airflow/.local/lib/python3.11/site-packages/airflow/example_dags/example_params_trigger_ui.py
[2026-06-01T12:08:52.367+0000] {processor.py:840} INFO - DAG(s) 'example_params_trigger_ui' retrieved from /home/airflow/.local/lib/python3.11/site-packages/airflow/example_dags/example_params_trigger_ui.py
[2026-06-01T12:08:52.429+0000] {logging_mixin.py:188} INFO - [2026-06-01T12:08:52.429+0000] {dag.py:3096} INFO - Sync 1 DAGs
[2026-06-01T12:08:52.448+0000] {logging_mixin.py:188} INFO - [2026-06-01T12:08:52.448+0000] {dag.py:3954} INFO - Setting next_dagrun for example_params_trigger_ui to None, run_after=None
[2026-06-01T12:08:52.486+0000] {processor.py:183} INFO - Processing /home/airflow/.local/lib/python3.11/site-packages/airflow/example_dags/example_params_trigger_ui.py took 0.153 seconds
[2026-06-01T12:09:22.565+0000] {processor.py:161} INFO - Started process (PID=647) to work on /home/airflow/.local/lib/python3.11/site-packages/airflow/example_dags/example_params_trigger_ui.py
[2026-06-01T12:09:22.567+0000] {processor.py:830} INFO - Processing file /home/airflow/.local/lib/python3.11/site-packages/airflow/example_dags/example_params_trigger_ui.py for tasks to queue
[2026-06-01T12:09:22.570+0000] {logging_mixin.py:188} INFO - [2026-06-01T12:09:22.569+0000] {dagbag.py:545} INFO - Filling up the DagBag from /home/airflow/.local/lib/python3.11/site-packages/airflow/example_dags/example_params_trigger_ui.py
[2026-06-01T12:09:22.588+0000] {processor.py:840} INFO - DAG(s) 'example_params_trigger_ui' retrieved from /home/airflow/.local/lib/python3.11/site-packages/airflow/example_dags/example_params_trigger_ui.py
[2026-06-01T12:09:22.640+0000] {logging_mixin.py:188} INFO - [2026-06-01T12:09:22.640+0000] {dag.py:3096} INFO - Sync 1 DAGs
[2026-06-01T12:09:22.655+0000] {logging_mixin.py:188} INFO - [2026-06-01T12:09:22.655+0000] {dag.py:3954} INFO - Setting next_dagrun for example_params_trigger_ui to None, run_after=None
[2026-06-01T12:09:22.692+0000] {processor.py:183} INFO - Processing /home/airflow/.local/lib/python3.11/site-packages/airflow/example_dags/example_params_trigger_ui.py took 0.134 seconds
[2026-06-01T12:11:07.781+0000] {processor.py:161} INFO - Started process (PID=119) to work on /home/airflow/.local/lib/python3.11/site-packages/airflow/example_dags/example_params_trigger_ui.py
[2026-06-01T12:11:07.782+0000] {processor.py:830} INFO - Processing file /home/airflow/.local/lib/python3.11/site-packages/airflow/example_dags/example_params_trigger_ui.py for tasks to queue
[2026-06-01T12:11:07.786+0000] {logging_mixin.py:188} INFO - [2026-06-01T12:11:07.785+0000] {dagbag.py:545} INFO - Filling up the DagBag from /home/airflow/.local/lib/python3.11/site-packages/airflow/example_dags/example_params_trigger_ui.py
[2026-06-01T12:11:07.819+0000] {processor.py:840} INFO - DAG(s) 'example_params_trigger_ui' retrieved from /home/airflow/.local/lib/python3.11/site-packages/airflow/example_dags/example_params_trigger_ui.py
[2026-06-01T12:11:08.024+0000] {logging_mixin.py:188} INFO - [2026-06-01T12:11:08.024+0000] {dag.py:3096} INFO - Sync 1 DAGs
[2026-06-01T12:11:08.043+0000] {logging_mixin.py:188} INFO - [2026-06-01T12:11:08.043+0000] {dag.py:3954} INFO - Setting next_dagrun for example_params_trigger_ui to None, run_after=None
[2026-06-01T12:11:08.085+0000] {processor.py:183} INFO - Processing /home/airflow/.local/lib/python3.11/site-packages/airflow/example_dags/example_params_trigger_ui.py took 0.317 seconds
[2026-06-01T12:11:38.213+0000] {processor.py:161} INFO - Started process (PID=188) to work on /home/airflow/.local/lib/python3.11/site-packages/airflow/example_dags/example_params_trigger_ui.py
[2026-06-01T12:11:38.218+0000] {processor.py:830} INFO - Processing file /home/airflow/.local/lib/python3.11/site-packages/airflow/example_dags/example_params_trigger_ui.py for tasks to queue
[2026-06-01T12:11:38.221+0000] {logging_mixin.py:188} INFO - [2026-06-01T12:11:38.221+0000] {dagbag.py:545} INFO - Filling up the DagBag from /home/airflow/.local/lib/python3.11/site-packages/airflow/example_dags/example_params_trigger_ui.py
[2026-06-01T12:11:38.246+0000] {processor.py:840} INFO - DAG(s) 'example_params_trigger_ui' retrieved from /home/airflow/.local/lib/python3.11/site-packages/airflow/example_dags/example_params_trigger_ui.py
[2026-06-01T12:11:38.318+0000] {logging_mixin.py:188} INFO - [2026-06-01T12:11:38.317+0000] {dag.py:3096} INFO - Sync 1 DAGs
[2026-06-01T12:11:38.343+0000] {logging_mixin.py:188} INFO - [2026-06-01T12:11:38.343+0000] {dag.py:3954} INFO - Setting next_dagrun for example_params_trigger_ui to None, run_after=None
[2026-06-01T12:11:38.372+0000] {processor.py:183} INFO - Processing /home/airflow/.local/lib/python3.11/site-packages/airflow/example_dags/example_params_trigger_ui.py took 0.169 seconds
[2026-06-01T12:12:08.546+0000] {processor.py:161} INFO - Started process (PID=278) to work on /home/airflow/.local/lib/python3.11/site-packages/airflow/example_dags/example_params_trigger_ui.py
[2026-06-01T12:12:08.548+0000] {processor.py:830} INFO - Processing file /home/airflow/.local/lib/python3.11/site-packages/airflow/example_dags/example_params_trigger_ui.py for tasks to queue
[2026-06-01T12:12:08.552+0000] {logging_mixin.py:188} INFO - [2026-06-01T12:12:08.551+0000] {dagbag.py:545} INFO - Filling up the DagBag from /home/airflow/.local/lib/python3.11/site-packages/airflow/example_dags/example_params_trigger_ui.py
[2026-06-01T12:12:08.574+0000] {processor.py:840} INFO - DAG(s) 'example_params_trigger_ui' retrieved from /home/airflow/.local/lib/python3.11/site-packages/airflow/example_dags/example_params_trigger_ui.py
[2026-06-01T12:12:08.644+0000] {logging_mixin.py:188} INFO - [2026-06-01T12:12:08.644+0000] {dag.py:3096} INFO - Sync 1 DAGs
[2026-06-01T12:12:08.667+0000] {logging_mixin.py:188} INFO - [2026-06-01T12:12:08.667+0000] {dag.py:3954} INFO - Setting next_dagrun for example_params_trigger_ui to None, run_after=None
[2026-06-01T12:12:08.712+0000] {processor.py:183} INFO - Processing /home/airflow/.local/lib/python3.11/site-packages/airflow/example_dags/example_params_trigger_ui.py took 0.180 seconds
[2026-06-01T12:12:38.931+0000] {processor.py:161} INFO - Started process (PID=347) to work on /home/airflow/.local/lib/python3.11/site-packages/airflow/example_dags/example_params_trigger_ui.py
[2026-06-01T12:12:38.933+0000] {processor.py:830} INFO - Processing file /home/airflow/.local/lib/python3.11/site-packages/airflow/example_dags/example_params_trigger_ui.py for tasks to queue
[2026-06-01T12:12:38.936+0000] {logging_mixin.py:188} INFO - [2026-06-01T12:12:38.936+0000] {dagbag.py:545} INFO - Filling up the DagBag from /home/airflow/.local/lib/python3.11/site-packages/airflow/example_dags/example_params_trigger_ui.py
[2026-06-01T12:12:38.964+0000] {processor.py:840} INFO - DAG(s) 'example_params_trigger_ui' retrieved from /home/airflow/.local/lib/python3.11/site-packages/airflow/example_dags/example_params_trigger_ui.py
[2026-06-01T12:12:39.055+0000] {logging_mixin.py:188} INFO - [2026-06-01T12:12:39.055+0000] {dag.py:3096} INFO - Sync 1 DAGs
[2026-06-01T12:12:39.081+0000] {logging_mixin.py:188} INFO - [2026-06-01T12:12:39.079+0000] {dag.py:3954} INFO - Setting next_dagrun for example_params_trigger_ui to None, run_after=None
[2026-06-01T12:12:39.126+0000] {processor.py:183} INFO - Processing /home/airflow/.local/lib/python3.11/site-packages/airflow/example_dags/example_params_trigger_ui.py took 0.205 seconds
[2026-06-01T12:13:11.366+0000] {processor.py:161} INFO - Started process (PID=414) to work on /home/airflow/.local/lib/python3.11/site-packages/airflow/example_dags/example_params_trigger_ui.py
[2026-06-01T12:13:11.369+0000] {processor.py:830} INFO - Processing file /home/airflow/.local/lib/python3.11/site-packages/airflow/example_dags/example_params_trigger_ui.py for tasks to queue
[2026-06-01T12:13:11.374+0000] {logging_mixin.py:188} INFO - [2026-06-01T12:13:11.373+0000] {dagbag.py:545} INFO - Filling up the DagBag from /home/airflow/.local/lib/python3.11/site-packages/airflow/example_dags/example_params_trigger_ui.py
[2026-06-01T12:13:11.397+0000] {processor.py:840} INFO - DAG(s) 'example_params_trigger_ui' retrieved from /home/airflow/.local/lib/python3.11/site-packages/airflow/example_dags/example_params_trigger_ui.py
[2026-06-01T12:13:11.464+0000] {logging_mixin.py:188} INFO - [2026-06-01T12:13:11.464+0000] {dag.py:3096} INFO - Sync 1 DAGs
[2026-06-01T12:13:11.481+0000] {logging_mixin.py:188} INFO - [2026-06-01T12:13:11.481+0000] {dag.py:3954} INFO - Setting next_dagrun for example_params_trigger_ui to None, run_after=None
[2026-06-01T12:13:11.525+0000] {processor.py:183} INFO - Processing /home/airflow/.local/lib/python3.11/site-packages/airflow/example_dags/example_params_trigger_ui.py took 0.173 seconds
[2026-06-01T12:13:42.493+0000] {processor.py:161} INFO - Started process (PID=482) to work on /home/airflow/.local/lib/python3.11/site-packages/airflow/example_dags/example_params_trigger_ui.py
[2026-06-01T12:13:42.495+0000] {processor.py:830} INFO - Processing file /home/airflow/.local/lib/python3.11/site-packages/airflow/example_dags/example_params_trigger_ui.py for tasks to queue
[2026-06-01T12:13:42.498+0000] {logging_mixin.py:188} INFO - [2026-06-01T12:13:42.498+0000] {dagbag.py:545} INFO - Filling up the DagBag from /home/airflow/.local/lib/python3.11/site-packages/airflow/example_dags/example_params_trigger_ui.py
[2026-06-01T12:13:42.518+0000] {processor.py:840} INFO - DAG(s) 'example_params_trigger_ui' retrieved from /home/airflow/.local/lib/python3.11/site-packages/airflow/example_dags/example_params_trigger_ui.py
[2026-06-01T12:13:42.573+0000] {logging_mixin.py:188} INFO - [2026-06-01T12:13:42.573+0000] {dag.py:3096} INFO - Sync 1 DAGs
[2026-06-01T12:13:42.592+0000] {logging_mixin.py:188} INFO - [2026-06-01T12:13:42.592+0000] {dag.py:3954} INFO - Setting next_dagrun for example_params_trigger_ui to None, run_after=None
[2026-06-01T12:13:42.630+0000] {processor.py:183} INFO - Processing /home/airflow/.local/lib/python3.11/site-packages/airflow/example_dags/example_params_trigger_ui.py took 0.144 seconds
[2026-06-01T12:14:13.528+0000] {processor.py:161} INFO - Started process (PID=563) to work on /home/airflow/.local/lib/python3.11/site-packages/airflow/example_dags/example_params_trigger_ui.py
[2026-06-01T12:14:13.530+0000] {processor.py:830} INFO - Processing file /home/airflow/.local/lib/python3.11/site-packages/airflow/example_dags/example_params_trigger_ui.py for tasks to queue
[2026-06-01T12:14:13.533+0000] {logging_mixin.py:188} INFO - [2026-06-01T12:14:13.532+0000] {dagbag.py:545} INFO - Filling up the DagBag from /home/airflow/.local/lib/python3.11/site-packages/airflow/example_dags/example_params_trigger_ui.py
[2026-06-01T12:14:13.555+0000] {processor.py:840} INFO - DAG(s) 'example_params_trigger_ui' retrieved from /home/airflow/.local/lib/python3.11/site-packages/airflow/example_dags/example_params_trigger_ui.py
[2026-06-01T12:14:13.602+0000] {logging_mixin.py:188} INFO - [2026-06-01T12:14:13.602+0000] {dag.py:3096} INFO - Sync 1 DAGs
[2026-06-01T12:14:13.616+0000] {logging_mixin.py:188} INFO - [2026-06-01T12:14:13.616+0000] {dag.py:3954} INFO - Setting next_dagrun for example_params_trigger_ui to None, run_after=None
[2026-06-01T12:14:13.651+0000] {processor.py:183} INFO - Processing /home/airflow/.local/lib/python3.11/site-packages/airflow/example_dags/example_params_trigger_ui.py took 0.131 seconds
[2026-06-01T12:14:43.748+0000] {processor.py:161} INFO - Started process (PID=630) to work on /home/airflow/.local/lib/python3.11/site-packages/airflow/example_dags/example_params_trigger_ui.py
[2026-06-01T12:14:43.750+0000] {processor.py:830} INFO - Processing file /home/airflow/.local/lib/python3.11/site-packages/airflow/example_dags/example_params_trigger_ui.py for tasks to queue
[2026-06-01T12:14:43.753+0000] {logging_mixin.py:188} INFO - [2026-06-01T12:14:43.752+0000] {dagbag.py:545} INFO - Filling up the DagBag from /home/airflow/.local/lib/python3.11/site-packages/airflow/example_dags/example_params_trigger_ui.py
[2026-06-01T12:14:43.771+0000] {processor.py:840} INFO - DAG(s) 'example_params_trigger_ui' retrieved from /home/airflow/.local/lib/python3.11/site-packages/airflow/example_dags/example_params_trigger_ui.py
[2026-06-01T12:14:43.826+0000] {logging_mixin.py:188} INFO - [2026-06-01T12:14:43.826+0000] {dag.py:3096} INFO - Sync 1 DAGs
[2026-06-01T12:14:43.841+0000] {logging_mixin.py:188} INFO - [2026-06-01T12:14:43.841+0000] {dag.py:3954} INFO - Setting next_dagrun for example_params_trigger_ui to None, run_after=None
[2026-06-01T12:14:43.865+0000] {processor.py:183} INFO - Processing /home/airflow/.local/lib/python3.11/site-packages/airflow/example_dags/example_params_trigger_ui.py took 0.127 seconds
[2026-06-01T12:15:14.652+0000] {processor.py:161} INFO - Started process (PID=698) to work on /home/airflow/.local/lib/python3.11/site-packages/airflow/example_dags/example_params_trigger_ui.py
[2026-06-01T12:15:14.654+0000] {processor.py:830} INFO - Processing file /home/airflow/.local/lib/python3.11/site-packages/airflow/example_dags/example_params_trigger_ui.py for tasks to queue
[2026-06-01T12:15:14.656+0000] {logging_mixin.py:188} INFO - [2026-06-01T12:15:14.656+0000] {dagbag.py:545} INFO - Filling up the DagBag from /home/airflow/.local/lib/python3.11/site-packages/airflow/example_dags/example_params_trigger_ui.py
[2026-06-01T12:15:14.672+0000] {processor.py:840} INFO - DAG(s) 'example_params_trigger_ui' retrieved from /home/airflow/.local/lib/python3.11/site-packages/airflow/example_dags/example_params_trigger_ui.py
[2026-06-01T12:15:14.712+0000] {logging_mixin.py:188} INFO - [2026-06-01T12:15:14.711+0000] {dag.py:3096} INFO - Sync 1 DAGs
[2026-06-01T12:15:14.725+0000] {logging_mixin.py:188} INFO - [2026-06-01T12:15:14.724+0000] {dag.py:3954} INFO - Setting next_dagrun for example_params_trigger_ui to None, run_after=None
[2026-06-01T12:15:14.755+0000] {processor.py:183} INFO - Processing /home/airflow/.local/lib/python3.11/site-packages/airflow/example_dags/example_params_trigger_ui.py took 0.109 seconds
[2026-06-01T12:15:45.181+0000] {processor.py:161} INFO - Started process (PID=766) to work on /home/airflow/.local/lib/python3.11/site-packages/airflow/example_dags/example_params_trigger_ui.py
[2026-06-01T12:15:45.182+0000] {processor.py:830} INFO - Processing file /home/airflow/.local/lib/python3.11/site-packages/airflow/example_dags/example_params_trigger_ui.py for tasks to queue
[2026-06-01T12:15:45.185+0000] {logging_mixin.py:188} INFO - [2026-06-01T12:15:45.184+0000] {dagbag.py:545} INFO - Filling up the DagBag from /home/airflow/.local/lib/python3.11/site-packages/airflow/example_dags/example_params_trigger_ui.py
[2026-06-01T12:15:45.204+0000] {processor.py:840} INFO - DAG(s) 'example_params_trigger_ui' retrieved from /home/airflow/.local/lib/python3.11/site-packages/airflow/example_dags/example_params_trigger_ui.py
[2026-06-01T12:15:45.279+0000] {logging_mixin.py:188} INFO - [2026-06-01T12:15:45.278+0000] {dag.py:3096} INFO - Sync 1 DAGs
[2026-06-01T12:15:45.302+0000] {logging_mixin.py:188} INFO - [2026-06-01T12:15:45.301+0000] {dag.py:3954} INFO - Setting next_dagrun for example_params_trigger_ui to None, run_after=None
[2026-06-01T12:15:45.342+0000] {processor.py:183} INFO - Processing /home/airflow/.local/lib/python3.11/site-packages/airflow/example_dags/example_params_trigger_ui.py took 0.169 seconds
[2026-06-01T12:16:16.082+0000] {processor.py:161} INFO - Started process (PID=833) to work on /home/airflow/.local/lib/python3.11/site-packages/airflow/example_dags/example_params_trigger_ui.py
[2026-06-01T12:16:16.083+0000] {processor.py:830} INFO - Processing file /home/airflow/.local/lib/python3.11/site-packages/airflow/example_dags/example_params_trigger_ui.py for tasks to queue
[2026-06-01T12:16:16.086+0000] {logging_mixin.py:188} INFO - [2026-06-01T12:16:16.085+0000] {dagbag.py:545} INFO - Filling up the DagBag from /home/airflow/.local/lib/python3.11/site-packages/airflow/example_dags/example_params_trigger_ui.py
[2026-06-01T12:16:16.103+0000] {processor.py:840} INFO - DAG(s) 'example_params_trigger_ui' retrieved from /home/airflow/.local/lib/python3.11/site-packages/airflow/example_dags/example_params_trigger_ui.py
[2026-06-01T12:16:16.153+0000] {logging_mixin.py:188} INFO - [2026-06-01T12:16:16.153+0000] {dag.py:3096} INFO - Sync 1 DAGs
[2026-06-01T12:16:16.168+0000] {logging_mixin.py:188} INFO - [2026-06-01T12:16:16.168+0000] {dag.py:3954} INFO - Setting next_dagrun for example_params_trigger_ui to None, run_after=None
[2026-06-01T12:16:16.202+0000] {processor.py:183} INFO - Processing /home/airflow/.local/lib/python3.11/site-packages/airflow/example_dags/example_params_trigger_ui.py took 0.131 seconds
[2026-06-01T12:16:46.505+0000] {processor.py:161} INFO - Started process (PID=901) to work on /home/airflow/.local/lib/python3.11/site-packages/airflow/example_dags/example_params_trigger_ui.py
[2026-06-01T12:16:46.510+0000] {processor.py:830} INFO - Processing file /home/airflow/.local/lib/python3.11/site-packages/airflow/example_dags/example_params_trigger_ui.py for tasks to queue
[2026-06-01T12:16:46.517+0000] {logging_mixin.py:188} INFO - [2026-06-01T12:16:46.516+0000] {dagbag.py:545} INFO - Filling up the DagBag from /home/airflow/.local/lib/python3.11/site-packages/airflow/example_dags/example_params_trigger_ui.py
[2026-06-01T12:16:46.563+0000] {processor.py:840} INFO - DAG(s) 'example_params_trigger_ui' retrieved from /home/airflow/.local/lib/python3.11/site-packages/airflow/example_dags/example_params_trigger_ui.py
[2026-06-01T12:16:46.661+0000] {logging_mixin.py:188} INFO - [2026-06-01T12:16:46.660+0000] {dag.py:3096} INFO - Sync 1 DAGs
[2026-06-01T12:16:46.686+0000] {logging_mixin.py:188} INFO - [2026-06-01T12:16:46.686+0000] {dag.py:3954} INFO - Setting next_dagrun for example_params_trigger_ui to None, run_after=None
[2026-06-01T12:16:46.725+0000] {processor.py:183} INFO - Processing /home/airflow/.local/lib/python3.11/site-packages/airflow/example_dags/example_params_trigger_ui.py took 0.241 seconds
[2026-06-01T12:17:17.160+0000] {processor.py:161} INFO - Started process (PID=968) to work on /home/airflow/.local/lib/python3.11/site-packages/airflow/example_dags/example_params_trigger_ui.py
[2026-06-01T12:17:17.162+0000] {processor.py:830} INFO - Processing file /home/airflow/.local/lib/python3.11/site-packages/airflow/example_dags/example_params_trigger_ui.py for tasks to queue
[2026-06-01T12:17:17.167+0000] {logging_mixin.py:188} INFO - [2026-06-01T12:17:17.166+0000] {dagbag.py:545} INFO - Filling up the DagBag from /home/airflow/.local/lib/python3.11/site-packages/airflow/example_dags/example_params_trigger_ui.py
[2026-06-01T12:17:17.188+0000] {processor.py:840} INFO - DAG(s) 'example_params_trigger_ui' retrieved from /home/airflow/.local/lib/python3.11/site-packages/airflow/example_dags/example_params_trigger_ui.py
[2026-06-01T12:17:17.241+0000] {logging_mixin.py:188} INFO - [2026-06-01T12:17:17.241+0000] {dag.py:3096} INFO - Sync 1 DAGs
[2026-06-01T12:17:17.257+0000] {logging_mixin.py:188} INFO - [2026-06-01T12:17:17.256+0000] {dag.py:3954} INFO - Setting next_dagrun for example_params_trigger_ui to None, run_after=None
[2026-06-01T12:17:17.292+0000] {processor.py:183} INFO - Processing /home/airflow/.local/lib/python3.11/site-packages/airflow/example_dags/example_params_trigger_ui.py took 0.143 seconds
[2026-06-01T12:17:48.153+0000] {processor.py:161} INFO - Started process (PID=1036) to work on /home/airflow/.local/lib/python3.11/site-packages/airflow/example_dags/example_params_trigger_ui.py
[2026-06-01T12:17:48.156+0000] {processor.py:830} INFO - Processing file /home/airflow/.local/lib/python3.11/site-packages/airflow/example_dags/example_params_trigger_ui.py for tasks to queue
[2026-06-01T12:17:48.161+0000] {logging_mixin.py:188} INFO - [2026-06-01T12:17:48.160+0000] {dagbag.py:545} INFO - Filling up the DagBag from /home/airflow/.local/lib/python3.11/site-packages/airflow/example_dags/example_params_trigger_ui.py
[2026-06-01T12:17:48.198+0000] {processor.py:840} INFO - DAG(s) 'example_params_trigger_ui' retrieved from /home/airflow/.local/lib/python3.11/site-packages/airflow/example_dags/example_params_trigger_ui.py
[2026-06-01T12:17:48.274+0000] {logging_mixin.py:188} INFO - [2026-06-01T12:17:48.273+0000] {dag.py:3096} INFO - Sync 1 DAGs
[2026-06-01T12:17:48.297+0000] {logging_mixin.py:188} INFO - [2026-06-01T12:17:48.297+0000] {dag.py:3954} INFO - Setting next_dagrun for example_params_trigger_ui to None, run_after=None
[2026-06-01T12:17:48.341+0000] {processor.py:183} INFO - Processing /home/airflow/.local/lib/python3.11/site-packages/airflow/example_dags/example_params_trigger_ui.py took 0.201 seconds
[2026-06-01T12:18:19.912+0000] {processor.py:161} INFO - Started process (PID=1110) to work on /home/airflow/.local/lib/python3.11/site-packages/airflow/example_dags/example_params_trigger_ui.py
[2026-06-01T12:18:19.913+0000] {processor.py:830} INFO - Processing file /home/airflow/.local/lib/python3.11/site-packages/airflow/example_dags/example_params_trigger_ui.py for tasks to queue
[2026-06-01T12:18:19.917+0000] {logging_mixin.py:188} INFO - [2026-06-01T12:18:19.916+0000] {dagbag.py:545} INFO - Filling up the DagBag from /home/airflow/.local/lib/python3.11/site-packages/airflow/example_dags/example_params_trigger_ui.py
[2026-06-01T12:18:19.945+0000] {processor.py:840} INFO - DAG(s) 'example_params_trigger_ui' retrieved from /home/airflow/.local/lib/python3.11/site-packages/airflow/example_dags/example_params_trigger_ui.py
[2026-06-01T12:18:20.017+0000] {logging_mixin.py:188} INFO - [2026-06-01T12:18:20.016+0000] {dag.py:3096} INFO - Sync 1 DAGs
[2026-06-01T12:18:20.037+0000] {logging_mixin.py:188} INFO - [2026-06-01T12:18:20.037+0000] {dag.py:3954} INFO - Setting next_dagrun for example_params_trigger_ui to None, run_after=None
[2026-06-01T12:18:20.071+0000] {processor.py:183} INFO - Processing /home/airflow/.local/lib/python3.11/site-packages/airflow/example_dags/example_params_trigger_ui.py took 0.169 seconds
[2026-06-01T12:18:50.726+0000] {processor.py:161} INFO - Started process (PID=1178) to work on /home/airflow/.local/lib/python3.11/site-packages/airflow/example_dags/example_params_trigger_ui.py
[2026-06-01T12:18:50.733+0000] {processor.py:830} INFO - Processing file /home/airflow/.local/lib/python3.11/site-packages/airflow/example_dags/example_params_trigger_ui.py for tasks to queue
[2026-06-01T12:18:50.739+0000] {logging_mixin.py:188} INFO - [2026-06-01T12:18:50.737+0000] {dagbag.py:545} INFO - Filling up the DagBag from /home/airflow/.local/lib/python3.11/site-packages/airflow/example_dags/example_params_trigger_ui.py
[2026-06-01T12:18:50.771+0000] {processor.py:840} INFO - DAG(s) 'example_params_trigger_ui' retrieved from /home/airflow/.local/lib/python3.11/site-packages/airflow/example_dags/example_params_trigger_ui.py
[2026-06-01T12:18:50.862+0000] {logging_mixin.py:188} INFO - [2026-06-01T12:18:50.862+0000] {dag.py:3096} INFO - Sync 1 DAGs
[2026-06-01T12:18:50.891+0000] {logging_mixin.py:188} INFO - [2026-06-01T12:18:50.890+0000] {dag.py:3954} INFO - Setting next_dagrun for example_params_trigger_ui to None, run_after=None
[2026-06-01T12:18:50.932+0000] {processor.py:183} INFO - Processing /home/airflow/.local/lib/python3.11/site-packages/airflow/example_dags/example_params_trigger_ui.py took 0.218 seconds
[2026-06-01T12:19:21.180+0000] {processor.py:161} INFO - Started process (PID=1245) to work on /home/airflow/.local/lib/python3.11/site-packages/airflow/example_dags/example_params_trigger_ui.py
[2026-06-01T12:19:21.182+0000] {processor.py:830} INFO - Processing file /home/airflow/.local/lib/python3.11/site-packages/airflow/example_dags/example_params_trigger_ui.py for tasks to queue
[2026-06-01T12:19:21.186+0000] {logging_mixin.py:188} INFO - [2026-06-01T12:19:21.185+0000] {dagbag.py:545} INFO - Filling up the DagBag from /home/airflow/.local/lib/python3.11/site-packages/airflow/example_dags/example_params_trigger_ui.py
[2026-06-01T12:19:21.230+0000] {processor.py:840} INFO - DAG(s) 'example_params_trigger_ui' retrieved from /home/airflow/.local/lib/python3.11/site-packages/airflow/example_dags/example_params_trigger_ui.py
[2026-06-01T12:19:21.356+0000] {logging_mixin.py:188} INFO - [2026-06-01T12:19:21.355+0000] {dag.py:3096} INFO - Sync 1 DAGs
[2026-06-01T12:19:21.393+0000] {logging_mixin.py:188} INFO - [2026-06-01T12:19:21.392+0000] {dag.py:3954} INFO - Setting next_dagrun for example_params_trigger_ui to None, run_after=None
[2026-06-01T12:19:21.436+0000] {processor.py:183} INFO - Processing /home/airflow/.local/lib/python3.11/site-packages/airflow/example_dags/example_params_trigger_ui.py took 0.270 seconds
[2026-06-01T12:19:54.656+0000] {processor.py:161} INFO - Started process (PID=1314) to work on /home/airflow/.local/lib/python3.11/site-packages/airflow/example_dags/example_params_trigger_ui.py
[2026-06-01T12:19:54.659+0000] {processor.py:830} INFO - Processing file /home/airflow/.local/lib/python3.11/site-packages/airflow/example_dags/example_params_trigger_ui.py for tasks to queue
[2026-06-01T12:19:54.665+0000] {logging_mixin.py:188} INFO - [2026-06-01T12:19:54.664+0000] {dagbag.py:545} INFO - Filling up the DagBag from /home/airflow/.local/lib/python3.11/site-packages/airflow/example_dags/example_params_trigger_ui.py
[2026-06-01T12:19:54.711+0000] {processor.py:840} INFO - DAG(s) 'example_params_trigger_ui' retrieved from /home/airflow/.local/lib/python3.11/site-packages/airflow/example_dags/example_params_trigger_ui.py
[2026-06-01T12:19:54.825+0000] {logging_mixin.py:188} INFO - [2026-06-01T12:19:54.824+0000] {dag.py:3096} INFO - Sync 1 DAGs
[2026-06-01T12:19:54.866+0000] {logging_mixin.py:188} INFO - [2026-06-01T12:19:54.865+0000] {dag.py:3954} INFO - Setting next_dagrun for example_params_trigger_ui to None, run_after=None
[2026-06-01T12:19:54.925+0000] {processor.py:183} INFO - Processing /home/airflow/.local/lib/python3.11/site-packages/airflow/example_dags/example_params_trigger_ui.py took 0.289 seconds
[2026-06-01T12:20:27.172+0000] {processor.py:161} INFO - Started process (PID=1382) to work on /home/airflow/.local/lib/python3.11/site-packages/airflow/example_dags/example_params_trigger_ui.py
[2026-06-01T12:20:27.179+0000] {processor.py:830} INFO - Processing file /home/airflow/.local/lib/python3.11/site-packages/airflow/example_dags/example_params_trigger_ui.py for tasks to queue
[2026-06-01T12:20:27.183+0000] {logging_mixin.py:188} INFO - [2026-06-01T12:20:27.183+0000] {dagbag.py:545} INFO - Filling up the DagBag from /home/airflow/.local/lib/python3.11/site-packages/airflow/example_dags/example_params_trigger_ui.py
[2026-06-01T12:20:27.229+0000] {processor.py:840} INFO - DAG(s) 'example_params_trigger_ui' retrieved from /home/airflow/.local/lib/python3.11/site-packages/airflow/example_dags/example_params_trigger_ui.py
[2026-06-01T12:20:27.341+0000] {logging_mixin.py:188} INFO - [2026-06-01T12:20:27.340+0000] {dag.py:3096} INFO - Sync 1 DAGs
[2026-06-01T12:20:27.372+0000] {logging_mixin.py:188} INFO - [2026-06-01T12:20:27.372+0000] {dag.py:3954} INFO - Setting next_dagrun for example_params_trigger_ui to None, run_after=None
[2026-06-01T12:20:27.428+0000] {processor.py:183} INFO - Processing /home/airflow/.local/lib/python3.11/site-packages/airflow/example_dags/example_params_trigger_ui.py took 0.274 seconds
[2026-06-01T12:20:58.256+0000] {processor.py:161} INFO - Started process (PID=1442) to work on /home/airflow/.local/lib/python3.11/site-packages/airflow/example_dags/example_params_trigger_ui.py
[2026-06-01T12:20:58.258+0000] {processor.py:830} INFO - Processing file /home/airflow/.local/lib/python3.11/site-packages/airflow/example_dags/example_params_trigger_ui.py for tasks to queue
[2026-06-01T12:20:58.261+0000] {logging_mixin.py:188} INFO - [2026-06-01T12:20:58.261+0000] {dagbag.py:545} INFO - Filling up the DagBag from /home/airflow/.local/lib/python3.11/site-packages/airflow/example_dags/example_params_trigger_ui.py
[2026-06-01T12:20:58.291+0000] {processor.py:840} INFO - DAG(s) 'example_params_trigger_ui' retrieved from /home/airflow/.local/lib/python3.11/site-packages/airflow/example_dags/example_params_trigger_ui.py
[2026-06-01T12:20:58.462+0000] {logging_mixin.py:188} INFO - [2026-06-01T12:20:58.462+0000] {dag.py:3096} INFO - Sync 1 DAGs
[2026-06-01T12:20:58.541+0000] {logging_mixin.py:188} INFO - [2026-06-01T12:20:58.540+0000] {dag.py:3954} INFO - Setting next_dagrun for example_params_trigger_ui to None, run_after=None
[2026-06-01T12:20:58.609+0000] {processor.py:183} INFO - Processing /home/airflow/.local/lib/python3.11/site-packages/airflow/example_dags/example_params_trigger_ui.py took 0.366 seconds
[2026-06-01T12:21:29.336+0000] {processor.py:161} INFO - Started process (PID=1508) to work on /home/airflow/.local/lib/python3.11/site-packages/airflow/example_dags/example_params_trigger_ui.py
[2026-06-01T12:21:29.383+0000] {processor.py:830} INFO - Processing file /home/airflow/.local/lib/python3.11/site-packages/airflow/example_dags/example_params_trigger_ui.py for tasks to queue
[2026-06-01T12:21:29.445+0000] {logging_mixin.py:188} INFO - [2026-06-01T12:21:29.444+0000] {dagbag.py:545} INFO - Filling up the DagBag from /home/airflow/.local/lib/python3.11/site-packages/airflow/example_dags/example_params_trigger_ui.py
[2026-06-01T12:21:29.490+0000] {processor.py:840} INFO - DAG(s) 'example_params_trigger_ui' retrieved from /home/airflow/.local/lib/python3.11/site-packages/airflow/example_dags/example_params_trigger_ui.py
[2026-06-01T12:21:29.634+0000] {logging_mixin.py:188} INFO - [2026-06-01T12:21:29.633+0000] {dag.py:3096} INFO - Sync 1 DAGs
[2026-06-01T12:21:29.666+0000] {logging_mixin.py:188} INFO - [2026-06-01T12:21:29.665+0000] {dag.py:3954} INFO - Setting next_dagrun for example_params_trigger_ui to None, run_after=None
[2026-06-01T12:21:29.746+0000] {processor.py:183} INFO - Processing /home/airflow/.local/lib/python3.11/site-packages/airflow/example_dags/example_params_trigger_ui.py took 0.445 seconds
[2026-06-01T12:21:59.832+0000] {processor.py:161} INFO - Started process (PID=1575) to work on /home/airflow/.local/lib/python3.11/site-packages/airflow/example_dags/example_params_trigger_ui.py
[2026-06-01T12:21:59.835+0000] {processor.py:830} INFO - Processing file /home/airflow/.local/lib/python3.11/site-packages/airflow/example_dags/example_params_trigger_ui.py for tasks to queue
[2026-06-01T12:21:59.839+0000] {logging_mixin.py:188} INFO - [2026-06-01T12:21:59.839+0000] {dagbag.py:545} INFO - Filling up the DagBag from /home/airflow/.local/lib/python3.11/site-packages/airflow/example_dags/example_params_trigger_ui.py
[2026-06-01T12:21:59.869+0000] {processor.py:840} INFO - DAG(s) 'example_params_trigger_ui' retrieved from /home/airflow/.local/lib/python3.11/site-packages/airflow/example_dags/example_params_trigger_ui.py
[2026-06-01T12:21:59.961+0000] {logging_mixin.py:188} INFO - [2026-06-01T12:21:59.961+0000] {dag.py:3096} INFO - Sync 1 DAGs
[2026-06-01T12:21:59.991+0000] {logging_mixin.py:188} INFO - [2026-06-01T12:21:59.991+0000] {dag.py:3954} INFO - Setting next_dagrun for example_params_trigger_ui to None, run_after=None
[2026-06-01T12:22:00.044+0000] {processor.py:183} INFO - Processing /home/airflow/.local/lib/python3.11/site-packages/airflow/example_dags/example_params_trigger_ui.py took 0.225 seconds
[2026-06-01T12:22:30.226+0000] {processor.py:161} INFO - Started process (PID=1645) to work on /home/airflow/.local/lib/python3.11/site-packages/airflow/example_dags/example_params_trigger_ui.py
[2026-06-01T12:22:30.230+0000] {processor.py:830} INFO - Processing file /home/airflow/.local/lib/python3.11/site-packages/airflow/example_dags/example_params_trigger_ui.py for tasks to queue
[2026-06-01T12:22:30.234+0000] {logging_mixin.py:188} INFO - [2026-06-01T12:22:30.234+0000] {dagbag.py:545} INFO - Filling up the DagBag from /home/airflow/.local/lib/python3.11/site-packages/airflow/example_dags/example_params_trigger_ui.py
[2026-06-01T12:22:30.274+0000] {processor.py:840} INFO - DAG(s) 'example_params_trigger_ui' retrieved from /home/airflow/.local/lib/python3.11/site-packages/airflow/example_dags/example_params_trigger_ui.py
[2026-06-01T12:22:30.391+0000] {logging_mixin.py:188} INFO - [2026-06-01T12:22:30.390+0000] {dag.py:3096} INFO - Sync 1 DAGs
[2026-06-01T12:22:30.415+0000] {logging_mixin.py:188} INFO - [2026-06-01T12:22:30.414+0000] {dag.py:3954} INFO - Setting next_dagrun for example_params_trigger_ui to None, run_after=None
[2026-06-01T12:22:30.455+0000] {processor.py:183} INFO - Processing /home/airflow/.local/lib/python3.11/site-packages/airflow/example_dags/example_params_trigger_ui.py took 0.241 seconds
[2026-06-01T12:23:01.019+0000] {processor.py:161} INFO - Started process (PID=1712) to work on /home/airflow/.local/lib/python3.11/site-packages/airflow/example_dags/example_params_trigger_ui.py
[2026-06-01T12:23:01.028+0000] {processor.py:830} INFO - Processing file /home/airflow/.local/lib/python3.11/site-packages/airflow/example_dags/example_params_trigger_ui.py for tasks to queue
[2026-06-01T12:23:01.039+0000] {logging_mixin.py:188} INFO - [2026-06-01T12:23:01.032+0000] {dagbag.py:545} INFO - Filling up the DagBag from /home/airflow/.local/lib/python3.11/site-packages/airflow/example_dags/example_params_trigger_ui.py
[2026-06-01T12:23:01.109+0000] {processor.py:840} INFO - DAG(s) 'example_params_trigger_ui' retrieved from /home/airflow/.local/lib/python3.11/site-packages/airflow/example_dags/example_params_trigger_ui.py
[2026-06-01T12:23:01.302+0000] {logging_mixin.py:188} INFO - [2026-06-01T12:23:01.302+0000] {dag.py:3096} INFO - Sync 1 DAGs
[2026-06-01T12:23:01.372+0000] {logging_mixin.py:188} INFO - [2026-06-01T12:23:01.371+0000] {dag.py:3954} INFO - Setting next_dagrun for example_params_trigger_ui to None, run_after=None
[2026-06-01T12:23:01.460+0000] {processor.py:183} INFO - Processing /home/airflow/.local/lib/python3.11/site-packages/airflow/example_dags/example_params_trigger_ui.py took 0.481 seconds
[2026-06-01T12:23:31.753+0000] {processor.py:161} INFO - Started process (PID=1781) to work on /home/airflow/.local/lib/python3.11/site-packages/airflow/example_dags/example_params_trigger_ui.py
[2026-06-01T12:23:31.759+0000] {processor.py:830} INFO - Processing file /home/airflow/.local/lib/python3.11/site-packages/airflow/example_dags/example_params_trigger_ui.py for tasks to queue
[2026-06-01T12:23:31.764+0000] {logging_mixin.py:188} INFO - [2026-06-01T12:23:31.763+0000] {dagbag.py:545} INFO - Filling up the DagBag from /home/airflow/.local/lib/python3.11/site-packages/airflow/example_dags/example_params_trigger_ui.py
[2026-06-01T12:23:31.813+0000] {processor.py:840} INFO - DAG(s) 'example_params_trigger_ui' retrieved from /home/airflow/.local/lib/python3.11/site-packages/airflow/example_dags/example_params_trigger_ui.py
[2026-06-01T12:23:31.961+0000] {logging_mixin.py:188} INFO - [2026-06-01T12:23:31.957+0000] {dag.py:3096} INFO - Sync 1 DAGs
[2026-06-01T12:23:32.007+0000] {logging_mixin.py:188} INFO - [2026-06-01T12:23:32.006+0000] {dag.py:3954} INFO - Setting next_dagrun for example_params_trigger_ui to None, run_after=None
[2026-06-01T12:23:32.089+0000] {processor.py:183} INFO - Processing /home/airflow/.local/lib/python3.11/site-packages/airflow/example_dags/example_params_trigger_ui.py took 0.351 seconds
[2026-06-01T12:24:02.505+0000] {processor.py:161} INFO - Started process (PID=1848) to work on /home/airflow/.local/lib/python3.11/site-packages/airflow/example_dags/example_params_trigger_ui.py
[2026-06-01T12:24:02.518+0000] {processor.py:830} INFO - Processing file /home/airflow/.local/lib/python3.11/site-packages/airflow/example_dags/example_params_trigger_ui.py for tasks to queue
[2026-06-01T12:24:02.540+0000] {logging_mixin.py:188} INFO - [2026-06-01T12:24:02.535+0000] {dagbag.py:545} INFO - Filling up the DagBag from /home/airflow/.local/lib/python3.11/site-packages/airflow/example_dags/example_params_trigger_ui.py
[2026-06-01T12:24:02.633+0000] {processor.py:840} INFO - DAG(s) 'example_params_trigger_ui' retrieved from /home/airflow/.local/lib/python3.11/site-packages/airflow/example_dags/example_params_trigger_ui.py
[2026-06-01T12:24:02.778+0000] {logging_mixin.py:188} INFO - [2026-06-01T12:24:02.778+0000] {dag.py:3096} INFO - Sync 1 DAGs
[2026-06-01T12:24:02.822+0000] {logging_mixin.py:188} INFO - [2026-06-01T12:24:02.822+0000] {dag.py:3954} INFO - Setting next_dagrun for example_params_trigger_ui to None, run_after=None
[2026-06-01T12:24:02.874+0000] {processor.py:183} INFO - Processing /home/airflow/.local/lib/python3.11/site-packages/airflow/example_dags/example_params_trigger_ui.py took 0.401 seconds
[2026-06-01T12:24:33.390+0000] {processor.py:161} INFO - Started process (PID=1917) to work on /home/airflow/.local/lib/python3.11/site-packages/airflow/example_dags/example_params_trigger_ui.py
[2026-06-01T12:24:33.393+0000] {processor.py:830} INFO - Processing file /home/airflow/.local/lib/python3.11/site-packages/airflow/example_dags/example_params_trigger_ui.py for tasks to queue
[2026-06-01T12:24:33.398+0000] {logging_mixin.py:188} INFO - [2026-06-01T12:24:33.398+0000] {dagbag.py:545} INFO - Filling up the DagBag from /home/airflow/.local/lib/python3.11/site-packages/airflow/example_dags/example_params_trigger_ui.py
[2026-06-01T12:24:33.430+0000] {processor.py:840} INFO - DAG(s) 'example_params_trigger_ui' retrieved from /home/airflow/.local/lib/python3.11/site-packages/airflow/example_dags/example_params_trigger_ui.py
[2026-06-01T12:24:33.539+0000] {logging_mixin.py:188} INFO - [2026-06-01T12:24:33.538+0000] {dag.py:3096} INFO - Sync 1 DAGs
[2026-06-01T12:24:33.563+0000] {logging_mixin.py:188} INFO - [2026-06-01T12:24:33.563+0000] {dag.py:3954} INFO - Setting next_dagrun for example_params_trigger_ui to None, run_after=None
[2026-06-01T12:24:33.596+0000] {processor.py:183} INFO - Processing /home/airflow/.local/lib/python3.11/site-packages/airflow/example_dags/example_params_trigger_ui.py took 0.216 seconds
[2026-06-01T12:25:04.360+0000] {processor.py:161} INFO - Started process (PID=1985) to work on /home/airflow/.local/lib/python3.11/site-packages/airflow/example_dags/example_params_trigger_ui.py
[2026-06-01T12:25:04.362+0000] {processor.py:830} INFO - Processing file /home/airflow/.local/lib/python3.11/site-packages/airflow/example_dags/example_params_trigger_ui.py for tasks to queue
[2026-06-01T12:25:04.373+0000] {logging_mixin.py:188} INFO - [2026-06-01T12:25:04.372+0000] {dagbag.py:545} INFO - Filling up the DagBag from /home/airflow/.local/lib/python3.11/site-packages/airflow/example_dags/example_params_trigger_ui.py
[2026-06-01T12:25:04.412+0000] {processor.py:840} INFO - DAG(s) 'example_params_trigger_ui' retrieved from /home/airflow/.local/lib/python3.11/site-packages/airflow/example_dags/example_params_trigger_ui.py
[2026-06-01T12:25:04.503+0000] {logging_mixin.py:188} INFO - [2026-06-01T12:25:04.503+0000] {dag.py:3096} INFO - Sync 1 DAGs
[2026-06-01T12:25:04.532+0000] {logging_mixin.py:188} INFO - [2026-06-01T12:25:04.532+0000] {dag.py:3954} INFO - Setting next_dagrun for example_params_trigger_ui to None, run_after=None
[2026-06-01T12:25:04.587+0000] {processor.py:183} INFO - Processing /home/airflow/.local/lib/python3.11/site-packages/airflow/example_dags/example_params_trigger_ui.py took 0.239 seconds
[2026-06-01T12:25:37.369+0000] {processor.py:161} INFO - Started process (PID=2053) to work on /home/airflow/.local/lib/python3.11/site-packages/airflow/example_dags/example_params_trigger_ui.py
[2026-06-01T12:25:37.381+0000] {processor.py:830} INFO - Processing file /home/airflow/.local/lib/python3.11/site-packages/airflow/example_dags/example_params_trigger_ui.py for tasks to queue
[2026-06-01T12:25:37.384+0000] {logging_mixin.py:188} INFO - [2026-06-01T12:25:37.384+0000] {dagbag.py:545} INFO - Filling up the DagBag from /home/airflow/.local/lib/python3.11/site-packages/airflow/example_dags/example_params_trigger_ui.py
[2026-06-01T12:25:37.436+0000] {processor.py:840} INFO - DAG(s) 'example_params_trigger_ui' retrieved from /home/airflow/.local/lib/python3.11/site-packages/airflow/example_dags/example_params_trigger_ui.py
[2026-06-01T12:25:37.613+0000] {logging_mixin.py:188} INFO - [2026-06-01T12:25:37.610+0000] {dag.py:3096} INFO - Sync 1 DAGs
[2026-06-01T12:25:37.656+0000] {logging_mixin.py:188} INFO - [2026-06-01T12:25:37.655+0000] {dag.py:3954} INFO - Setting next_dagrun for example_params_trigger_ui to None, run_after=None
[2026-06-01T12:25:37.714+0000] {processor.py:183} INFO - Processing /home/airflow/.local/lib/python3.11/site-packages/airflow/example_dags/example_params_trigger_ui.py took 0.364 seconds
[2026-06-01T12:26:08.543+0000] {processor.py:161} INFO - Started process (PID=2113) to work on /home/airflow/.local/lib/python3.11/site-packages/airflow/example_dags/example_params_trigger_ui.py
[2026-06-01T12:26:08.554+0000] {processor.py:830} INFO - Processing file /home/airflow/.local/lib/python3.11/site-packages/airflow/example_dags/example_params_trigger_ui.py for tasks to queue
[2026-06-01T12:26:08.563+0000] {logging_mixin.py:188} INFO - [2026-06-01T12:26:08.562+0000] {dagbag.py:545} INFO - Filling up the DagBag from /home/airflow/.local/lib/python3.11/site-packages/airflow/example_dags/example_params_trigger_ui.py
[2026-06-01T12:26:08.611+0000] {processor.py:840} INFO - DAG(s) 'example_params_trigger_ui' retrieved from /home/airflow/.local/lib/python3.11/site-packages/airflow/example_dags/example_params_trigger_ui.py
[2026-06-01T12:26:08.796+0000] {logging_mixin.py:188} INFO - [2026-06-01T12:26:08.796+0000] {dag.py:3096} INFO - Sync 1 DAGs
[2026-06-01T12:26:08.862+0000] {logging_mixin.py:188} INFO - [2026-06-01T12:26:08.854+0000] {dag.py:3954} INFO - Setting next_dagrun for example_params_trigger_ui to None, run_after=None
[2026-06-01T12:26:08.977+0000] {processor.py:183} INFO - Processing /home/airflow/.local/lib/python3.11/site-packages/airflow/example_dags/example_params_trigger_ui.py took 0.454 seconds
[2026-06-01T12:26:39.146+0000] {processor.py:161} INFO - Started process (PID=2178) to work on /home/airflow/.local/lib/python3.11/site-packages/airflow/example_dags/example_params_trigger_ui.py
[2026-06-01T12:26:39.152+0000] {processor.py:830} INFO - Processing file /home/airflow/.local/lib/python3.11/site-packages/airflow/example_dags/example_params_trigger_ui.py for tasks to queue
[2026-06-01T12:26:39.158+0000] {logging_mixin.py:188} INFO - [2026-06-01T12:26:39.157+0000] {dagbag.py:545} INFO - Filling up the DagBag from /home/airflow/.local/lib/python3.11/site-packages/airflow/example_dags/example_params_trigger_ui.py
[2026-06-01T12:26:39.213+0000] {processor.py:840} INFO - DAG(s) 'example_params_trigger_ui' retrieved from /home/airflow/.local/lib/python3.11/site-packages/airflow/example_dags/example_params_trigger_ui.py
[2026-06-01T12:26:39.314+0000] {logging_mixin.py:188} INFO - [2026-06-01T12:26:39.314+0000] {dag.py:3096} INFO - Sync 1 DAGs
[2026-06-01T12:26:39.339+0000] {logging_mixin.py:188} INFO - [2026-06-01T12:26:39.339+0000] {dag.py:3954} INFO - Setting next_dagrun for example_params_trigger_ui to None, run_after=None
[2026-06-01T12:26:39.379+0000] {processor.py:183} INFO - Processing /home/airflow/.local/lib/python3.11/site-packages/airflow/example_dags/example_params_trigger_ui.py took 0.251 seconds
[2026-06-01T12:27:09.975+0000] {processor.py:161} INFO - Started process (PID=2246) to work on /home/airflow/.local/lib/python3.11/site-packages/airflow/example_dags/example_params_trigger_ui.py
[2026-06-01T12:27:09.984+0000] {processor.py:830} INFO - Processing file /home/airflow/.local/lib/python3.11/site-packages/airflow/example_dags/example_params_trigger_ui.py for tasks to queue
[2026-06-01T12:27:09.988+0000] {logging_mixin.py:188} INFO - [2026-06-01T12:27:09.987+0000] {dagbag.py:545} INFO - Filling up the DagBag from /home/airflow/.local/lib/python3.11/site-packages/airflow/example_dags/example_params_trigger_ui.py
[2026-06-01T12:27:10.028+0000] {processor.py:840} INFO - DAG(s) 'example_params_trigger_ui' retrieved from /home/airflow/.local/lib/python3.11/site-packages/airflow/example_dags/example_params_trigger_ui.py
[2026-06-01T12:27:10.184+0000] {logging_mixin.py:188} INFO - [2026-06-01T12:27:10.184+0000] {dag.py:3096} INFO - Sync 1 DAGs
[2026-06-01T12:27:10.243+0000] {logging_mixin.py:188} INFO - [2026-06-01T12:27:10.243+0000] {dag.py:3954} INFO - Setting next_dagrun for example_params_trigger_ui to None, run_after=None
[2026-06-01T12:27:10.324+0000] {processor.py:183} INFO - Processing /home/airflow/.local/lib/python3.11/site-packages/airflow/example_dags/example_params_trigger_ui.py took 0.366 seconds
[2026-06-01T12:27:41.721+0000] {processor.py:161} INFO - Started process (PID=2314) to work on /home/airflow/.local/lib/python3.11/site-packages/airflow/example_dags/example_params_trigger_ui.py
[2026-06-01T12:27:41.729+0000] {processor.py:830} INFO - Processing file /home/airflow/.local/lib/python3.11/site-packages/airflow/example_dags/example_params_trigger_ui.py for tasks to queue
[2026-06-01T12:27:41.739+0000] {logging_mixin.py:188} INFO - [2026-06-01T12:27:41.738+0000] {dagbag.py:545} INFO - Filling up the DagBag from /home/airflow/.local/lib/python3.11/site-packages/airflow/example_dags/example_params_trigger_ui.py
[2026-06-01T12:27:41.822+0000] {processor.py:840} INFO - DAG(s) 'example_params_trigger_ui' retrieved from /home/airflow/.local/lib/python3.11/site-packages/airflow/example_dags/example_params_trigger_ui.py
[2026-06-01T12:27:41.971+0000] {logging_mixin.py:188} INFO - [2026-06-01T12:27:41.970+0000] {dag.py:3096} INFO - Sync 1 DAGs
[2026-06-01T12:27:42.015+0000] {logging_mixin.py:188} INFO - [2026-06-01T12:27:42.015+0000] {dag.py:3954} INFO - Setting next_dagrun for example_params_trigger_ui to None, run_after=None
[2026-06-01T12:27:42.095+0000] {processor.py:183} INFO - Processing /home/airflow/.local/lib/python3.11/site-packages/airflow/example_dags/example_params_trigger_ui.py took 0.399 seconds
[2026-06-01T12:28:12.359+0000] {processor.py:161} INFO - Started process (PID=2382) to work on /home/airflow/.local/lib/python3.11/site-packages/airflow/example_dags/example_params_trigger_ui.py
[2026-06-01T12:28:12.369+0000] {processor.py:830} INFO - Processing file /home/airflow/.local/lib/python3.11/site-packages/airflow/example_dags/example_params_trigger_ui.py for tasks to queue
[2026-06-01T12:28:12.385+0000] {logging_mixin.py:188} INFO - [2026-06-01T12:28:12.384+0000] {dagbag.py:545} INFO - Filling up the DagBag from /home/airflow/.local/lib/python3.11/site-packages/airflow/example_dags/example_params_trigger_ui.py
[2026-06-01T12:28:12.408+0000] {processor.py:840} INFO - DAG(s) 'example_params_trigger_ui' retrieved from /home/airflow/.local/lib/python3.11/site-packages/airflow/example_dags/example_params_trigger_ui.py
[2026-06-01T12:28:12.502+0000] {logging_mixin.py:188} INFO - [2026-06-01T12:28:12.502+0000] {dag.py:3096} INFO - Sync 1 DAGs
[2026-06-01T12:28:12.548+0000] {logging_mixin.py:188} INFO - [2026-06-01T12:28:12.547+0000] {dag.py:3954} INFO - Setting next_dagrun for example_params_trigger_ui to None, run_after=None
[2026-06-01T12:28:12.603+0000] {processor.py:183} INFO - Processing /home/airflow/.local/lib/python3.11/site-packages/airflow/example_dags/example_params_trigger_ui.py took 0.255 seconds
[2026-06-01T12:28:42.733+0000] {processor.py:161} INFO - Started process (PID=2450) to work on /home/airflow/.local/lib/python3.11/site-packages/airflow/example_dags/example_params_trigger_ui.py
[2026-06-01T12:28:42.738+0000] {processor.py:830} INFO - Processing file /home/airflow/.local/lib/python3.11/site-packages/airflow/example_dags/example_params_trigger_ui.py for tasks to queue
[2026-06-01T12:28:42.744+0000] {logging_mixin.py:188} INFO - [2026-06-01T12:28:42.743+0000] {dagbag.py:545} INFO - Filling up the DagBag from /home/airflow/.local/lib/python3.11/site-packages/airflow/example_dags/example_params_trigger_ui.py
[2026-06-01T12:28:42.784+0000] {processor.py:840} INFO - DAG(s) 'example_params_trigger_ui' retrieved from /home/airflow/.local/lib/python3.11/site-packages/airflow/example_dags/example_params_trigger_ui.py
[2026-06-01T12:28:42.888+0000] {logging_mixin.py:188} INFO - [2026-06-01T12:28:42.888+0000] {dag.py:3096} INFO - Sync 1 DAGs
[2026-06-01T12:28:42.936+0000] {logging_mixin.py:188} INFO - [2026-06-01T12:28:42.936+0000] {dag.py:3954} INFO - Setting next_dagrun for example_params_trigger_ui to None, run_after=None
[2026-06-01T12:28:43.010+0000] {processor.py:183} INFO - Processing /home/airflow/.local/lib/python3.11/site-packages/airflow/example_dags/example_params_trigger_ui.py took 0.294 seconds
[2026-06-01T12:29:13.623+0000] {processor.py:161} INFO - Started process (PID=2520) to work on /home/airflow/.local/lib/python3.11/site-packages/airflow/example_dags/example_params_trigger_ui.py
[2026-06-01T12:29:13.625+0000] {processor.py:830} INFO - Processing file /home/airflow/.local/lib/python3.11/site-packages/airflow/example_dags/example_params_trigger_ui.py for tasks to queue
[2026-06-01T12:29:13.630+0000] {logging_mixin.py:188} INFO - [2026-06-01T12:29:13.629+0000] {dagbag.py:545} INFO - Filling up the DagBag from /home/airflow/.local/lib/python3.11/site-packages/airflow/example_dags/example_params_trigger_ui.py
[2026-06-01T12:29:13.649+0000] {processor.py:840} INFO - DAG(s) 'example_params_trigger_ui' retrieved from /home/airflow/.local/lib/python3.11/site-packages/airflow/example_dags/example_params_trigger_ui.py
[2026-06-01T12:29:13.708+0000] {logging_mixin.py:188} INFO - [2026-06-01T12:29:13.708+0000] {dag.py:3096} INFO - Sync 1 DAGs
[2026-06-01T12:29:13.732+0000] {logging_mixin.py:188} INFO - [2026-06-01T12:29:13.732+0000] {dag.py:3954} INFO - Setting next_dagrun for example_params_trigger_ui to None, run_after=None
[2026-06-01T12:29:13.768+0000] {processor.py:183} INFO - Processing /home/airflow/.local/lib/python3.11/site-packages/airflow/example_dags/example_params_trigger_ui.py took 0.156 seconds
[2026-06-01T12:29:45.885+0000] {processor.py:161} INFO - Started process (PID=2588) to work on /home/airflow/.local/lib/python3.11/site-packages/airflow/example_dags/example_params_trigger_ui.py
[2026-06-01T12:29:45.889+0000] {processor.py:830} INFO - Processing file /home/airflow/.local/lib/python3.11/site-packages/airflow/example_dags/example_params_trigger_ui.py for tasks to queue
[2026-06-01T12:29:45.896+0000] {logging_mixin.py:188} INFO - [2026-06-01T12:29:45.896+0000] {dagbag.py:545} INFO - Filling up the DagBag from /home/airflow/.local/lib/python3.11/site-packages/airflow/example_dags/example_params_trigger_ui.py
[2026-06-01T12:29:45.934+0000] {processor.py:840} INFO - DAG(s) 'example_params_trigger_ui' retrieved from /home/airflow/.local/lib/python3.11/site-packages/airflow/example_dags/example_params_trigger_ui.py
[2026-06-01T12:29:46.021+0000] {logging_mixin.py:188} INFO - [2026-06-01T12:29:46.020+0000] {dag.py:3096} INFO - Sync 1 DAGs
[2026-06-01T12:29:46.066+0000] {logging_mixin.py:188} INFO - [2026-06-01T12:29:46.065+0000] {dag.py:3954} INFO - Setting next_dagrun for example_params_trigger_ui to None, run_after=None
[2026-06-01T12:29:46.102+0000] {processor.py:183} INFO - Processing /home/airflow/.local/lib/python3.11/site-packages/airflow/example_dags/example_params_trigger_ui.py took 0.235 seconds
[2026-06-01T12:30:18.932+0000] {processor.py:161} INFO - Started process (PID=2656) to work on /home/airflow/.local/lib/python3.11/site-packages/airflow/example_dags/example_params_trigger_ui.py
[2026-06-01T12:30:18.935+0000] {processor.py:830} INFO - Processing file /home/airflow/.local/lib/python3.11/site-packages/airflow/example_dags/example_params_trigger_ui.py for tasks to queue
[2026-06-01T12:30:18.941+0000] {logging_mixin.py:188} INFO - [2026-06-01T12:30:18.940+0000] {dagbag.py:545} INFO - Filling up the DagBag from /home/airflow/.local/lib/python3.11/site-packages/airflow/example_dags/example_params_trigger_ui.py
[2026-06-01T12:30:18.981+0000] {processor.py:840} INFO - DAG(s) 'example_params_trigger_ui' retrieved from /home/airflow/.local/lib/python3.11/site-packages/airflow/example_dags/example_params_trigger_ui.py
[2026-06-01T12:30:19.143+0000] {logging_mixin.py:188} INFO - [2026-06-01T12:30:19.143+0000] {dag.py:3096} INFO - Sync 1 DAGs
[2026-06-01T12:30:19.203+0000] {logging_mixin.py:188} INFO - [2026-06-01T12:30:19.203+0000] {dag.py:3954} INFO - Setting next_dagrun for example_params_trigger_ui to None, run_after=None
[2026-06-01T12:30:19.262+0000] {processor.py:183} INFO - Processing /home/airflow/.local/lib/python3.11/site-packages/airflow/example_dags/example_params_trigger_ui.py took 0.347 seconds
[2026-06-01T12:30:49.630+0000] {processor.py:161} INFO - Started process (PID=2713) to work on /home/airflow/.local/lib/python3.11/site-packages/airflow/example_dags/example_params_trigger_ui.py
[2026-06-01T12:30:49.632+0000] {processor.py:830} INFO - Processing file /home/airflow/.local/lib/python3.11/site-packages/airflow/example_dags/example_params_trigger_ui.py for tasks to queue
[2026-06-01T12:30:49.635+0000] {logging_mixin.py:188} INFO - [2026-06-01T12:30:49.635+0000] {dagbag.py:545} INFO - Filling up the DagBag from /home/airflow/.local/lib/python3.11/site-packages/airflow/example_dags/example_params_trigger_ui.py
[2026-06-01T12:30:49.655+0000] {processor.py:840} INFO - DAG(s) 'example_params_trigger_ui' retrieved from /home/airflow/.local/lib/python3.11/site-packages/airflow/example_dags/example_params_trigger_ui.py
[2026-06-01T12:30:49.722+0000] {logging_mixin.py:188} INFO - [2026-06-01T12:30:49.722+0000] {dag.py:3096} INFO - Sync 1 DAGs
[2026-06-01T12:30:49.745+0000] {logging_mixin.py:188} INFO - [2026-06-01T12:30:49.744+0000] {dag.py:3954} INFO - Setting next_dagrun for example_params_trigger_ui to None, run_after=None
[2026-06-01T12:30:49.779+0000] {processor.py:183} INFO - Processing /home/airflow/.local/lib/python3.11/site-packages/airflow/example_dags/example_params_trigger_ui.py took 0.157 seconds
[2026-06-01T12:31:20.252+0000] {processor.py:161} INFO - Started process (PID=2781) to work on /home/airflow/.local/lib/python3.11/site-packages/airflow/example_dags/example_params_trigger_ui.py
[2026-06-01T12:31:20.257+0000] {processor.py:830} INFO - Processing file /home/airflow/.local/lib/python3.11/site-packages/airflow/example_dags/example_params_trigger_ui.py for tasks to queue
[2026-06-01T12:31:20.262+0000] {logging_mixin.py:188} INFO - [2026-06-01T12:31:20.261+0000] {dagbag.py:545} INFO - Filling up the DagBag from /home/airflow/.local/lib/python3.11/site-packages/airflow/example_dags/example_params_trigger_ui.py
[2026-06-01T12:31:20.299+0000] {processor.py:840} INFO - DAG(s) 'example_params_trigger_ui' retrieved from /home/airflow/.local/lib/python3.11/site-packages/airflow/example_dags/example_params_trigger_ui.py
[2026-06-01T12:31:20.409+0000] {logging_mixin.py:188} INFO - [2026-06-01T12:31:20.409+0000] {dag.py:3096} INFO - Sync 1 DAGs
[2026-06-01T12:31:20.454+0000] {logging_mixin.py:188} INFO - [2026-06-01T12:31:20.453+0000] {dag.py:3954} INFO - Setting next_dagrun for example_params_trigger_ui to None, run_after=None
[2026-06-01T12:31:20.543+0000] {processor.py:183} INFO - Processing /home/airflow/.local/lib/python3.11/site-packages/airflow/example_dags/example_params_trigger_ui.py took 0.313 seconds
[2026-06-01T12:33:12.449+0000] {processor.py:161} INFO - Started process (PID=470) to work on /home/airflow/.local/lib/python3.11/site-packages/airflow/example_dags/example_params_trigger_ui.py
[2026-06-01T12:33:12.453+0000] {processor.py:830} INFO - Processing file /home/airflow/.local/lib/python3.11/site-packages/airflow/example_dags/example_params_trigger_ui.py for tasks to queue
[2026-06-01T12:33:12.465+0000] {logging_mixin.py:188} INFO - [2026-06-01T12:33:12.459+0000] {dagbag.py:545} INFO - Filling up the DagBag from /home/airflow/.local/lib/python3.11/site-packages/airflow/example_dags/example_params_trigger_ui.py
[2026-06-01T12:33:12.527+0000] {processor.py:840} INFO - DAG(s) 'example_params_trigger_ui' retrieved from /home/airflow/.local/lib/python3.11/site-packages/airflow/example_dags/example_params_trigger_ui.py
[2026-06-01T12:33:13.162+0000] {logging_mixin.py:188} INFO - [2026-06-01T12:33:13.161+0000] {dag.py:3096} INFO - Sync 1 DAGs
[2026-06-01T12:33:13.185+0000] {logging_mixin.py:188} INFO - [2026-06-01T12:33:13.185+0000] {dag.py:3954} INFO - Setting next_dagrun for example_params_trigger_ui to None, run_after=None
[2026-06-01T12:33:13.242+0000] {processor.py:183} INFO - Processing /home/airflow/.local/lib/python3.11/site-packages/airflow/example_dags/example_params_trigger_ui.py took 0.807 seconds
[2026-06-01T12:33:47.610+0000] {processor.py:161} INFO - Started process (PID=748) to work on /home/airflow/.local/lib/python3.11/site-packages/airflow/example_dags/example_params_trigger_ui.py
[2026-06-01T12:33:47.612+0000] {processor.py:830} INFO - Processing file /home/airflow/.local/lib/python3.11/site-packages/airflow/example_dags/example_params_trigger_ui.py for tasks to queue
[2026-06-01T12:33:47.617+0000] {logging_mixin.py:188} INFO - [2026-06-01T12:33:47.616+0000] {dagbag.py:545} INFO - Filling up the DagBag from /home/airflow/.local/lib/python3.11/site-packages/airflow/example_dags/example_params_trigger_ui.py
[2026-06-01T12:33:47.648+0000] {processor.py:840} INFO - DAG(s) 'example_params_trigger_ui' retrieved from /home/airflow/.local/lib/python3.11/site-packages/airflow/example_dags/example_params_trigger_ui.py
[2026-06-01T12:33:47.743+0000] {logging_mixin.py:188} INFO - [2026-06-01T12:33:47.742+0000] {dag.py:3096} INFO - Sync 1 DAGs
[2026-06-01T12:33:47.771+0000] {logging_mixin.py:188} INFO - [2026-06-01T12:33:47.770+0000] {dag.py:3954} INFO - Setting next_dagrun for example_params_trigger_ui to None, run_after=None
[2026-06-01T12:33:47.818+0000] {processor.py:183} INFO - Processing /home/airflow/.local/lib/python3.11/site-packages/airflow/example_dags/example_params_trigger_ui.py took 0.226 seconds
[2026-06-01T12:34:18.087+0000] {processor.py:161} INFO - Started process (PID=1024) to work on /home/airflow/.local/lib/python3.11/site-packages/airflow/example_dags/example_params_trigger_ui.py
[2026-06-01T12:34:18.089+0000] {processor.py:830} INFO - Processing file /home/airflow/.local/lib/python3.11/site-packages/airflow/example_dags/example_params_trigger_ui.py for tasks to queue
[2026-06-01T12:34:18.093+0000] {logging_mixin.py:188} INFO - [2026-06-01T12:34:18.092+0000] {dagbag.py:545} INFO - Filling up the DagBag from /home/airflow/.local/lib/python3.11/site-packages/airflow/example_dags/example_params_trigger_ui.py
[2026-06-01T12:34:18.125+0000] {processor.py:840} INFO - DAG(s) 'example_params_trigger_ui' retrieved from /home/airflow/.local/lib/python3.11/site-packages/airflow/example_dags/example_params_trigger_ui.py
[2026-06-01T12:34:18.243+0000] {logging_mixin.py:188} INFO - [2026-06-01T12:34:18.243+0000] {dag.py:3096} INFO - Sync 1 DAGs
[2026-06-01T12:34:18.264+0000] {logging_mixin.py:188} INFO - [2026-06-01T12:34:18.264+0000] {dag.py:3954} INFO - Setting next_dagrun for example_params_trigger_ui to None, run_after=None
[2026-06-01T12:34:18.308+0000] {processor.py:183} INFO - Processing /home/airflow/.local/lib/python3.11/site-packages/airflow/example_dags/example_params_trigger_ui.py took 0.237 seconds
[2026-06-01T12:34:50.681+0000] {processor.py:161} INFO - Started process (PID=1298) to work on /home/airflow/.local/lib/python3.11/site-packages/airflow/example_dags/example_params_trigger_ui.py
[2026-06-01T12:34:50.683+0000] {processor.py:830} INFO - Processing file /home/airflow/.local/lib/python3.11/site-packages/airflow/example_dags/example_params_trigger_ui.py for tasks to queue
[2026-06-01T12:34:50.704+0000] {logging_mixin.py:188} INFO - [2026-06-01T12:34:50.703+0000] {dagbag.py:545} INFO - Filling up the DagBag from /home/airflow/.local/lib/python3.11/site-packages/airflow/example_dags/example_params_trigger_ui.py
[2026-06-01T12:34:50.773+0000] {processor.py:840} INFO - DAG(s) 'example_params_trigger_ui' retrieved from /home/airflow/.local/lib/python3.11/site-packages/airflow/example_dags/example_params_trigger_ui.py
[2026-06-01T12:34:50.897+0000] {logging_mixin.py:188} INFO - [2026-06-01T12:34:50.897+0000] {dag.py:3096} INFO - Sync 1 DAGs
[2026-06-01T12:34:50.937+0000] {logging_mixin.py:188} INFO - [2026-06-01T12:34:50.936+0000] {dag.py:3954} INFO - Setting next_dagrun for example_params_trigger_ui to None, run_after=None
[2026-06-01T12:34:50.989+0000] {processor.py:183} INFO - Processing /home/airflow/.local/lib/python3.11/site-packages/airflow/example_dags/example_params_trigger_ui.py took 0.344 seconds
[2026-06-01T12:35:23.376+0000] {processor.py:161} INFO - Started process (PID=1574) to work on /home/airflow/.local/lib/python3.11/site-packages/airflow/example_dags/example_params_trigger_ui.py
[2026-06-01T12:35:23.378+0000] {processor.py:830} INFO - Processing file /home/airflow/.local/lib/python3.11/site-packages/airflow/example_dags/example_params_trigger_ui.py for tasks to queue
[2026-06-01T12:35:23.384+0000] {logging_mixin.py:188} INFO - [2026-06-01T12:35:23.384+0000] {dagbag.py:545} INFO - Filling up the DagBag from /home/airflow/.local/lib/python3.11/site-packages/airflow/example_dags/example_params_trigger_ui.py
[2026-06-01T12:35:23.433+0000] {processor.py:840} INFO - DAG(s) 'example_params_trigger_ui' retrieved from /home/airflow/.local/lib/python3.11/site-packages/airflow/example_dags/example_params_trigger_ui.py
[2026-06-01T12:35:23.567+0000] {logging_mixin.py:188} INFO - [2026-06-01T12:35:23.567+0000] {dag.py:3096} INFO - Sync 1 DAGs
[2026-06-01T12:35:23.610+0000] {logging_mixin.py:188} INFO - [2026-06-01T12:35:23.609+0000] {dag.py:3954} INFO - Setting next_dagrun for example_params_trigger_ui to None, run_after=None
[2026-06-01T12:35:23.686+0000] {processor.py:183} INFO - Processing /home/airflow/.local/lib/python3.11/site-packages/airflow/example_dags/example_params_trigger_ui.py took 0.325 seconds
[2026-06-01T12:35:55.046+0000] {processor.py:161} INFO - Started process (PID=1848) to work on /home/airflow/.local/lib/python3.11/site-packages/airflow/example_dags/example_params_trigger_ui.py
[2026-06-01T12:35:55.048+0000] {processor.py:830} INFO - Processing file /home/airflow/.local/lib/python3.11/site-packages/airflow/example_dags/example_params_trigger_ui.py for tasks to queue
[2026-06-01T12:35:55.054+0000] {logging_mixin.py:188} INFO - [2026-06-01T12:35:55.053+0000] {dagbag.py:545} INFO - Filling up the DagBag from /home/airflow/.local/lib/python3.11/site-packages/airflow/example_dags/example_params_trigger_ui.py
[2026-06-01T12:35:55.096+0000] {processor.py:840} INFO - DAG(s) 'example_params_trigger_ui' retrieved from /home/airflow/.local/lib/python3.11/site-packages/airflow/example_dags/example_params_trigger_ui.py
[2026-06-01T12:35:55.211+0000] {logging_mixin.py:188} INFO - [2026-06-01T12:35:55.210+0000] {dag.py:3096} INFO - Sync 1 DAGs
[2026-06-01T12:35:55.238+0000] {logging_mixin.py:188} INFO - [2026-06-01T12:35:55.237+0000] {dag.py:3954} INFO - Setting next_dagrun for example_params_trigger_ui to None, run_after=None
[2026-06-01T12:35:55.283+0000] {processor.py:183} INFO - Processing /home/airflow/.local/lib/python3.11/site-packages/airflow/example_dags/example_params_trigger_ui.py took 0.250 seconds
[2026-06-01T12:36:25.981+0000] {processor.py:161} INFO - Started process (PID=2140) to work on /home/airflow/.local/lib/python3.11/site-packages/airflow/example_dags/example_params_trigger_ui.py
[2026-06-01T12:36:25.984+0000] {processor.py:830} INFO - Processing file /home/airflow/.local/lib/python3.11/site-packages/airflow/example_dags/example_params_trigger_ui.py for tasks to queue
[2026-06-01T12:36:25.988+0000] {logging_mixin.py:188} INFO - [2026-06-01T12:36:25.987+0000] {dagbag.py:545} INFO - Filling up the DagBag from /home/airflow/.local/lib/python3.11/site-packages/airflow/example_dags/example_params_trigger_ui.py
[2026-06-01T12:36:26.023+0000] {processor.py:840} INFO - DAG(s) 'example_params_trigger_ui' retrieved from /home/airflow/.local/lib/python3.11/site-packages/airflow/example_dags/example_params_trigger_ui.py
[2026-06-01T12:36:26.136+0000] {logging_mixin.py:188} INFO - [2026-06-01T12:36:26.136+0000] {dag.py:3096} INFO - Sync 1 DAGs
[2026-06-01T12:36:26.166+0000] {logging_mixin.py:188} INFO - [2026-06-01T12:36:26.165+0000] {dag.py:3954} INFO - Setting next_dagrun for example_params_trigger_ui to None, run_after=None
[2026-06-01T12:36:26.218+0000] {processor.py:183} INFO - Processing /home/airflow/.local/lib/python3.11/site-packages/airflow/example_dags/example_params_trigger_ui.py took 0.253 seconds
[2026-06-01T12:36:56.654+0000] {processor.py:161} INFO - Started process (PID=2416) to work on /home/airflow/.local/lib/python3.11/site-packages/airflow/example_dags/example_params_trigger_ui.py
[2026-06-01T12:36:56.656+0000] {processor.py:830} INFO - Processing file /home/airflow/.local/lib/python3.11/site-packages/airflow/example_dags/example_params_trigger_ui.py for tasks to queue
[2026-06-01T12:36:56.659+0000] {logging_mixin.py:188} INFO - [2026-06-01T12:36:56.659+0000] {dagbag.py:545} INFO - Filling up the DagBag from /home/airflow/.local/lib/python3.11/site-packages/airflow/example_dags/example_params_trigger_ui.py
[2026-06-01T12:36:56.690+0000] {processor.py:840} INFO - DAG(s) 'example_params_trigger_ui' retrieved from /home/airflow/.local/lib/python3.11/site-packages/airflow/example_dags/example_params_trigger_ui.py
[2026-06-01T12:36:56.800+0000] {logging_mixin.py:188} INFO - [2026-06-01T12:36:56.799+0000] {dag.py:3096} INFO - Sync 1 DAGs
[2026-06-01T12:36:56.824+0000] {logging_mixin.py:188} INFO - [2026-06-01T12:36:56.824+0000] {dag.py:3954} INFO - Setting next_dagrun for example_params_trigger_ui to None, run_after=None
[2026-06-01T12:36:56.862+0000] {processor.py:183} INFO - Processing /home/airflow/.local/lib/python3.11/site-packages/airflow/example_dags/example_params_trigger_ui.py took 0.219 seconds
[2026-06-01T12:37:27.125+0000] {processor.py:161} INFO - Started process (PID=2693) to work on /home/airflow/.local/lib/python3.11/site-packages/airflow/example_dags/example_params_trigger_ui.py
[2026-06-01T12:37:27.127+0000] {processor.py:830} INFO - Processing file /home/airflow/.local/lib/python3.11/site-packages/airflow/example_dags/example_params_trigger_ui.py for tasks to queue
[2026-06-01T12:37:27.131+0000] {logging_mixin.py:188} INFO - [2026-06-01T12:37:27.130+0000] {dagbag.py:545} INFO - Filling up the DagBag from /home/airflow/.local/lib/python3.11/site-packages/airflow/example_dags/example_params_trigger_ui.py
[2026-06-01T12:37:27.161+0000] {processor.py:840} INFO - DAG(s) 'example_params_trigger_ui' retrieved from /home/airflow/.local/lib/python3.11/site-packages/airflow/example_dags/example_params_trigger_ui.py
[2026-06-01T12:37:27.251+0000] {logging_mixin.py:188} INFO - [2026-06-01T12:37:27.251+0000] {dag.py:3096} INFO - Sync 1 DAGs
[2026-06-01T12:37:27.277+0000] {logging_mixin.py:188} INFO - [2026-06-01T12:37:27.277+0000] {dag.py:3954} INFO - Setting next_dagrun for example_params_trigger_ui to None, run_after=None
[2026-06-01T12:37:27.313+0000] {processor.py:183} INFO - Processing /home/airflow/.local/lib/python3.11/site-packages/airflow/example_dags/example_params_trigger_ui.py took 0.199 seconds
[2026-06-01T12:37:57.558+0000] {processor.py:161} INFO - Started process (PID=2969) to work on /home/airflow/.local/lib/python3.11/site-packages/airflow/example_dags/example_params_trigger_ui.py
[2026-06-01T12:37:57.562+0000] {processor.py:830} INFO - Processing file /home/airflow/.local/lib/python3.11/site-packages/airflow/example_dags/example_params_trigger_ui.py for tasks to queue
[2026-06-01T12:37:57.566+0000] {logging_mixin.py:188} INFO - [2026-06-01T12:37:57.565+0000] {dagbag.py:545} INFO - Filling up the DagBag from /home/airflow/.local/lib/python3.11/site-packages/airflow/example_dags/example_params_trigger_ui.py
[2026-06-01T12:37:57.600+0000] {processor.py:840} INFO - DAG(s) 'example_params_trigger_ui' retrieved from /home/airflow/.local/lib/python3.11/site-packages/airflow/example_dags/example_params_trigger_ui.py
[2026-06-01T12:37:57.688+0000] {logging_mixin.py:188} INFO - [2026-06-01T12:37:57.688+0000] {dag.py:3096} INFO - Sync 1 DAGs
[2026-06-01T12:37:57.712+0000] {logging_mixin.py:188} INFO - [2026-06-01T12:37:57.712+0000] {dag.py:3954} INFO - Setting next_dagrun for example_params_trigger_ui to None, run_after=None
[2026-06-01T12:37:57.756+0000] {processor.py:183} INFO - Processing /home/airflow/.local/lib/python3.11/site-packages/airflow/example_dags/example_params_trigger_ui.py took 0.211 seconds
[2026-06-01T12:38:28.084+0000] {processor.py:161} INFO - Started process (PID=3245) to work on /home/airflow/.local/lib/python3.11/site-packages/airflow/example_dags/example_params_trigger_ui.py
[2026-06-01T12:38:28.086+0000] {processor.py:830} INFO - Processing file /home/airflow/.local/lib/python3.11/site-packages/airflow/example_dags/example_params_trigger_ui.py for tasks to queue
[2026-06-01T12:38:28.090+0000] {logging_mixin.py:188} INFO - [2026-06-01T12:38:28.089+0000] {dagbag.py:545} INFO - Filling up the DagBag from /home/airflow/.local/lib/python3.11/site-packages/airflow/example_dags/example_params_trigger_ui.py
[2026-06-01T12:38:28.119+0000] {processor.py:840} INFO - DAG(s) 'example_params_trigger_ui' retrieved from /home/airflow/.local/lib/python3.11/site-packages/airflow/example_dags/example_params_trigger_ui.py
[2026-06-01T12:38:28.205+0000] {logging_mixin.py:188} INFO - [2026-06-01T12:38:28.204+0000] {dag.py:3096} INFO - Sync 1 DAGs
[2026-06-01T12:38:28.236+0000] {logging_mixin.py:188} INFO - [2026-06-01T12:38:28.235+0000] {dag.py:3954} INFO - Setting next_dagrun for example_params_trigger_ui to None, run_after=None
[2026-06-01T12:38:28.280+0000] {processor.py:183} INFO - Processing /home/airflow/.local/lib/python3.11/site-packages/airflow/example_dags/example_params_trigger_ui.py took 0.210 seconds
[2026-06-01T12:38:58.506+0000] {processor.py:161} INFO - Started process (PID=3523) to work on /home/airflow/.local/lib/python3.11/site-packages/airflow/example_dags/example_params_trigger_ui.py
[2026-06-01T12:38:58.508+0000] {processor.py:830} INFO - Processing file /home/airflow/.local/lib/python3.11/site-packages/airflow/example_dags/example_params_trigger_ui.py for tasks to queue
[2026-06-01T12:38:58.511+0000] {logging_mixin.py:188} INFO - [2026-06-01T12:38:58.511+0000] {dagbag.py:545} INFO - Filling up the DagBag from /home/airflow/.local/lib/python3.11/site-packages/airflow/example_dags/example_params_trigger_ui.py
[2026-06-01T12:38:58.535+0000] {processor.py:840} INFO - DAG(s) 'example_params_trigger_ui' retrieved from /home/airflow/.local/lib/python3.11/site-packages/airflow/example_dags/example_params_trigger_ui.py
[2026-06-01T12:38:58.606+0000] {logging_mixin.py:188} INFO - [2026-06-01T12:38:58.606+0000] {dag.py:3096} INFO - Sync 1 DAGs
[2026-06-01T12:38:58.626+0000] {logging_mixin.py:188} INFO - [2026-06-01T12:38:58.626+0000] {dag.py:3954} INFO - Setting next_dagrun for example_params_trigger_ui to None, run_after=None
[2026-06-01T12:38:58.668+0000] {processor.py:183} INFO - Processing /home/airflow/.local/lib/python3.11/site-packages/airflow/example_dags/example_params_trigger_ui.py took 0.173 seconds
[2026-06-01T12:39:28.905+0000] {processor.py:161} INFO - Started process (PID=3799) to work on /home/airflow/.local/lib/python3.11/site-packages/airflow/example_dags/example_params_trigger_ui.py
[2026-06-01T12:39:28.907+0000] {processor.py:830} INFO - Processing file /home/airflow/.local/lib/python3.11/site-packages/airflow/example_dags/example_params_trigger_ui.py for tasks to queue
[2026-06-01T12:39:28.911+0000] {logging_mixin.py:188} INFO - [2026-06-01T12:39:28.910+0000] {dagbag.py:545} INFO - Filling up the DagBag from /home/airflow/.local/lib/python3.11/site-packages/airflow/example_dags/example_params_trigger_ui.py
[2026-06-01T12:39:28.938+0000] {processor.py:840} INFO - DAG(s) 'example_params_trigger_ui' retrieved from /home/airflow/.local/lib/python3.11/site-packages/airflow/example_dags/example_params_trigger_ui.py
[2026-06-01T12:39:29.026+0000] {logging_mixin.py:188} INFO - [2026-06-01T12:39:29.026+0000] {dag.py:3096} INFO - Sync 1 DAGs
[2026-06-01T12:39:29.049+0000] {logging_mixin.py:188} INFO - [2026-06-01T12:39:29.049+0000] {dag.py:3954} INFO - Setting next_dagrun for example_params_trigger_ui to None, run_after=None
[2026-06-01T12:39:29.098+0000] {processor.py:183} INFO - Processing /home/airflow/.local/lib/python3.11/site-packages/airflow/example_dags/example_params_trigger_ui.py took 0.205 seconds
[2026-06-01T12:40:07.050+0000] {processor.py:161} INFO - Started process (PID=4143) to work on /home/airflow/.local/lib/python3.11/site-packages/airflow/example_dags/example_params_trigger_ui.py
[2026-06-01T12:40:07.051+0000] {processor.py:830} INFO - Processing file /home/airflow/.local/lib/python3.11/site-packages/airflow/example_dags/example_params_trigger_ui.py for tasks to queue
[2026-06-01T12:40:07.070+0000] {logging_mixin.py:188} INFO - [2026-06-01T12:40:07.070+0000] {dagbag.py:545} INFO - Filling up the DagBag from /home/airflow/.local/lib/python3.11/site-packages/airflow/example_dags/example_params_trigger_ui.py
[2026-06-01T12:40:07.165+0000] {processor.py:840} INFO - DAG(s) 'example_params_trigger_ui' retrieved from /home/airflow/.local/lib/python3.11/site-packages/airflow/example_dags/example_params_trigger_ui.py
[2026-06-01T12:40:07.335+0000] {logging_mixin.py:188} INFO - [2026-06-01T12:40:07.334+0000] {dag.py:3096} INFO - Sync 1 DAGs
[2026-06-01T12:40:07.365+0000] {logging_mixin.py:188} INFO - [2026-06-01T12:40:07.365+0000] {dag.py:3954} INFO - Setting next_dagrun for example_params_trigger_ui to None, run_after=None
[2026-06-01T12:40:07.523+0000] {processor.py:183} INFO - Processing /home/airflow/.local/lib/python3.11/site-packages/airflow/example_dags/example_params_trigger_ui.py took 0.501 seconds
[2026-06-01T12:40:43.268+0000] {processor.py:161} INFO - Started process (PID=4432) to work on /home/airflow/.local/lib/python3.11/site-packages/airflow/example_dags/example_params_trigger_ui.py
[2026-06-01T12:40:43.277+0000] {processor.py:830} INFO - Processing file /home/airflow/.local/lib/python3.11/site-packages/airflow/example_dags/example_params_trigger_ui.py for tasks to queue
[2026-06-01T12:40:43.299+0000] {logging_mixin.py:188} INFO - [2026-06-01T12:40:43.298+0000] {dagbag.py:545} INFO - Filling up the DagBag from /home/airflow/.local/lib/python3.11/site-packages/airflow/example_dags/example_params_trigger_ui.py
[2026-06-01T12:40:43.474+0000] {processor.py:840} INFO - DAG(s) 'example_params_trigger_ui' retrieved from /home/airflow/.local/lib/python3.11/site-packages/airflow/example_dags/example_params_trigger_ui.py
[2026-06-01T12:40:43.917+0000] {logging_mixin.py:188} INFO - [2026-06-01T12:40:43.909+0000] {dag.py:3096} INFO - Sync 1 DAGs
[2026-06-01T12:40:43.999+0000] {logging_mixin.py:188} INFO - [2026-06-01T12:40:43.999+0000] {dag.py:3954} INFO - Setting next_dagrun for example_params_trigger_ui to None, run_after=None
[2026-06-01T12:40:44.082+0000] {processor.py:183} INFO - Processing /home/airflow/.local/lib/python3.11/site-packages/airflow/example_dags/example_params_trigger_ui.py took 0.904 seconds
[2026-06-01T12:41:14.604+0000] {processor.py:161} INFO - Started process (PID=4696) to work on /home/airflow/.local/lib/python3.11/site-packages/airflow/example_dags/example_params_trigger_ui.py
[2026-06-01T12:41:14.606+0000] {processor.py:830} INFO - Processing file /home/airflow/.local/lib/python3.11/site-packages/airflow/example_dags/example_params_trigger_ui.py for tasks to queue
[2026-06-01T12:41:14.620+0000] {logging_mixin.py:188} INFO - [2026-06-01T12:41:14.620+0000] {dagbag.py:545} INFO - Filling up the DagBag from /home/airflow/.local/lib/python3.11/site-packages/airflow/example_dags/example_params_trigger_ui.py
[2026-06-01T12:41:14.722+0000] {processor.py:840} INFO - DAG(s) 'example_params_trigger_ui' retrieved from /home/airflow/.local/lib/python3.11/site-packages/airflow/example_dags/example_params_trigger_ui.py
[2026-06-01T12:41:14.800+0000] {logging_mixin.py:188} INFO - [2026-06-01T12:41:14.799+0000] {dag.py:3096} INFO - Sync 1 DAGs
[2026-06-01T12:41:14.892+0000] {logging_mixin.py:188} INFO - [2026-06-01T12:41:14.891+0000] {dag.py:3954} INFO - Setting next_dagrun for example_params_trigger_ui to None, run_after=None
[2026-06-01T12:41:15.060+0000] {processor.py:183} INFO - Processing /home/airflow/.local/lib/python3.11/site-packages/airflow/example_dags/example_params_trigger_ui.py took 0.504 seconds
[2026-06-01T12:41:56.999+0000] {processor.py:161} INFO - Started process (PID=5004) to work on /home/airflow/.local/lib/python3.11/site-packages/airflow/example_dags/example_params_trigger_ui.py
[2026-06-01T12:41:57.012+0000] {processor.py:830} INFO - Processing file /home/airflow/.local/lib/python3.11/site-packages/airflow/example_dags/example_params_trigger_ui.py for tasks to queue
[2026-06-01T12:41:57.027+0000] {logging_mixin.py:188} INFO - [2026-06-01T12:41:57.027+0000] {dagbag.py:545} INFO - Filling up the DagBag from /home/airflow/.local/lib/python3.11/site-packages/airflow/example_dags/example_params_trigger_ui.py
[2026-06-01T12:41:57.143+0000] {processor.py:840} INFO - DAG(s) 'example_params_trigger_ui' retrieved from /home/airflow/.local/lib/python3.11/site-packages/airflow/example_dags/example_params_trigger_ui.py
[2026-06-01T12:41:57.278+0000] {logging_mixin.py:188} INFO - [2026-06-01T12:41:57.277+0000] {dag.py:3096} INFO - Sync 1 DAGs
[2026-06-01T12:41:57.349+0000] {logging_mixin.py:188} INFO - [2026-06-01T12:41:57.349+0000] {dag.py:3954} INFO - Setting next_dagrun for example_params_trigger_ui to None, run_after=None
[2026-06-01T12:41:57.444+0000] {processor.py:183} INFO - Processing /home/airflow/.local/lib/python3.11/site-packages/airflow/example_dags/example_params_trigger_ui.py took 0.509 seconds
[2026-06-01T12:42:28.880+0000] {processor.py:161} INFO - Started process (PID=5280) to work on /home/airflow/.local/lib/python3.11/site-packages/airflow/example_dags/example_params_trigger_ui.py
[2026-06-01T12:42:28.892+0000] {processor.py:830} INFO - Processing file /home/airflow/.local/lib/python3.11/site-packages/airflow/example_dags/example_params_trigger_ui.py for tasks to queue
[2026-06-01T12:42:28.910+0000] {logging_mixin.py:188} INFO - [2026-06-01T12:42:28.909+0000] {dagbag.py:545} INFO - Filling up the DagBag from /home/airflow/.local/lib/python3.11/site-packages/airflow/example_dags/example_params_trigger_ui.py
[2026-06-01T12:42:29.031+0000] {processor.py:840} INFO - DAG(s) 'example_params_trigger_ui' retrieved from /home/airflow/.local/lib/python3.11/site-packages/airflow/example_dags/example_params_trigger_ui.py
[2026-06-01T12:42:29.115+0000] {logging_mixin.py:188} INFO - [2026-06-01T12:42:29.115+0000] {dag.py:3096} INFO - Sync 1 DAGs
[2026-06-01T12:42:29.157+0000] {logging_mixin.py:188} INFO - [2026-06-01T12:42:29.157+0000] {dag.py:3954} INFO - Setting next_dagrun for example_params_trigger_ui to None, run_after=None
[2026-06-01T12:42:29.215+0000] {processor.py:183} INFO - Processing /home/airflow/.local/lib/python3.11/site-packages/airflow/example_dags/example_params_trigger_ui.py took 0.370 seconds
[2026-06-01T12:43:02.326+0000] {processor.py:161} INFO - Started process (PID=5558) to work on /home/airflow/.local/lib/python3.11/site-packages/airflow/example_dags/example_params_trigger_ui.py
[2026-06-01T12:43:02.339+0000] {processor.py:830} INFO - Processing file /home/airflow/.local/lib/python3.11/site-packages/airflow/example_dags/example_params_trigger_ui.py for tasks to queue
[2026-06-01T12:43:02.357+0000] {logging_mixin.py:188} INFO - [2026-06-01T12:43:02.356+0000] {dagbag.py:545} INFO - Filling up the DagBag from /home/airflow/.local/lib/python3.11/site-packages/airflow/example_dags/example_params_trigger_ui.py
[2026-06-01T12:43:02.467+0000] {processor.py:840} INFO - DAG(s) 'example_params_trigger_ui' retrieved from /home/airflow/.local/lib/python3.11/site-packages/airflow/example_dags/example_params_trigger_ui.py
[2026-06-01T12:43:02.939+0000] {logging_mixin.py:188} INFO - [2026-06-01T12:43:02.939+0000] {dag.py:3096} INFO - Sync 1 DAGs
[2026-06-01T12:43:03.082+0000] {logging_mixin.py:188} INFO - [2026-06-01T12:43:03.073+0000] {dag.py:3954} INFO - Setting next_dagrun for example_params_trigger_ui to None, run_after=None
[2026-06-01T12:43:03.260+0000] {processor.py:183} INFO - Processing /home/airflow/.local/lib/python3.11/site-packages/airflow/example_dags/example_params_trigger_ui.py took 0.980 seconds
[2026-06-01T12:43:45.819+0000] {processor.py:161} INFO - Started process (PID=5835) to work on /home/airflow/.local/lib/python3.11/site-packages/airflow/example_dags/example_params_trigger_ui.py
[2026-06-01T12:43:45.826+0000] {processor.py:830} INFO - Processing file /home/airflow/.local/lib/python3.11/site-packages/airflow/example_dags/example_params_trigger_ui.py for tasks to queue
[2026-06-01T12:43:45.853+0000] {logging_mixin.py:188} INFO - [2026-06-01T12:43:45.853+0000] {dagbag.py:545} INFO - Filling up the DagBag from /home/airflow/.local/lib/python3.11/site-packages/airflow/example_dags/example_params_trigger_ui.py
[2026-06-01T12:43:45.933+0000] {processor.py:840} INFO - DAG(s) 'example_params_trigger_ui' retrieved from /home/airflow/.local/lib/python3.11/site-packages/airflow/example_dags/example_params_trigger_ui.py
[2026-06-01T12:43:46.315+0000] {logging_mixin.py:188} INFO - [2026-06-01T12:43:46.314+0000] {dag.py:3096} INFO - Sync 1 DAGs
[2026-06-01T12:43:46.414+0000] {logging_mixin.py:188} INFO - [2026-06-01T12:43:46.414+0000] {dag.py:3954} INFO - Setting next_dagrun for example_params_trigger_ui to None, run_after=None
[2026-06-01T12:43:46.672+0000] {processor.py:183} INFO - Processing /home/airflow/.local/lib/python3.11/site-packages/airflow/example_dags/example_params_trigger_ui.py took 0.881 seconds
[2026-06-01T12:44:20.842+0000] {processor.py:161} INFO - Started process (PID=6118) to work on /home/airflow/.local/lib/python3.11/site-packages/airflow/example_dags/example_params_trigger_ui.py
[2026-06-01T12:44:20.861+0000] {processor.py:830} INFO - Processing file /home/airflow/.local/lib/python3.11/site-packages/airflow/example_dags/example_params_trigger_ui.py for tasks to queue
[2026-06-01T12:44:20.869+0000] {logging_mixin.py:188} INFO - [2026-06-01T12:44:20.868+0000] {dagbag.py:545} INFO - Filling up the DagBag from /home/airflow/.local/lib/python3.11/site-packages/airflow/example_dags/example_params_trigger_ui.py
[2026-06-01T12:44:20.978+0000] {processor.py:840} INFO - DAG(s) 'example_params_trigger_ui' retrieved from /home/airflow/.local/lib/python3.11/site-packages/airflow/example_dags/example_params_trigger_ui.py
[2026-06-01T12:44:21.160+0000] {logging_mixin.py:188} INFO - [2026-06-01T12:44:21.160+0000] {dag.py:3096} INFO - Sync 1 DAGs
[2026-06-01T12:44:21.210+0000] {logging_mixin.py:188} INFO - [2026-06-01T12:44:21.210+0000] {dag.py:3954} INFO - Setting next_dagrun for example_params_trigger_ui to None, run_after=None
[2026-06-01T12:44:21.352+0000] {processor.py:183} INFO - Processing /home/airflow/.local/lib/python3.11/site-packages/airflow/example_dags/example_params_trigger_ui.py took 0.561 seconds
[2026-06-01T12:44:53.292+0000] {processor.py:161} INFO - Started process (PID=6380) to work on /home/airflow/.local/lib/python3.11/site-packages/airflow/example_dags/example_params_trigger_ui.py
[2026-06-01T12:44:53.313+0000] {processor.py:830} INFO - Processing file /home/airflow/.local/lib/python3.11/site-packages/airflow/example_dags/example_params_trigger_ui.py for tasks to queue
[2026-06-01T12:44:53.330+0000] {logging_mixin.py:188} INFO - [2026-06-01T12:44:53.329+0000] {dagbag.py:545} INFO - Filling up the DagBag from /home/airflow/.local/lib/python3.11/site-packages/airflow/example_dags/example_params_trigger_ui.py
[2026-06-01T12:44:53.437+0000] {processor.py:840} INFO - DAG(s) 'example_params_trigger_ui' retrieved from /home/airflow/.local/lib/python3.11/site-packages/airflow/example_dags/example_params_trigger_ui.py
[2026-06-01T12:44:53.660+0000] {logging_mixin.py:188} INFO - [2026-06-01T12:44:53.659+0000] {dag.py:3096} INFO - Sync 1 DAGs
[2026-06-01T12:44:53.859+0000] {logging_mixin.py:188} INFO - [2026-06-01T12:44:53.858+0000] {dag.py:3954} INFO - Setting next_dagrun for example_params_trigger_ui to None, run_after=None
[2026-06-01T12:44:54.072+0000] {processor.py:183} INFO - Processing /home/airflow/.local/lib/python3.11/site-packages/airflow/example_dags/example_params_trigger_ui.py took 0.809 seconds
[2026-06-01T12:45:24.466+0000] {processor.py:161} INFO - Started process (PID=6658) to work on /home/airflow/.local/lib/python3.11/site-packages/airflow/example_dags/example_params_trigger_ui.py
[2026-06-01T12:45:24.476+0000] {processor.py:830} INFO - Processing file /home/airflow/.local/lib/python3.11/site-packages/airflow/example_dags/example_params_trigger_ui.py for tasks to queue
[2026-06-01T12:45:24.479+0000] {logging_mixin.py:188} INFO - [2026-06-01T12:45:24.479+0000] {dagbag.py:545} INFO - Filling up the DagBag from /home/airflow/.local/lib/python3.11/site-packages/airflow/example_dags/example_params_trigger_ui.py
[2026-06-01T12:45:24.545+0000] {processor.py:840} INFO - DAG(s) 'example_params_trigger_ui' retrieved from /home/airflow/.local/lib/python3.11/site-packages/airflow/example_dags/example_params_trigger_ui.py
[2026-06-01T12:45:24.727+0000] {logging_mixin.py:188} INFO - [2026-06-01T12:45:24.726+0000] {dag.py:3096} INFO - Sync 1 DAGs
[2026-06-01T12:45:24.776+0000] {logging_mixin.py:188} INFO - [2026-06-01T12:45:24.776+0000] {dag.py:3954} INFO - Setting next_dagrun for example_params_trigger_ui to None, run_after=None
[2026-06-01T12:45:24.877+0000] {processor.py:183} INFO - Processing /home/airflow/.local/lib/python3.11/site-packages/airflow/example_dags/example_params_trigger_ui.py took 0.437 seconds
[2026-06-01T12:46:05.582+0000] {processor.py:161} INFO - Started process (PID=6972) to work on /home/airflow/.local/lib/python3.11/site-packages/airflow/example_dags/example_params_trigger_ui.py
[2026-06-01T12:46:05.611+0000] {processor.py:830} INFO - Processing file /home/airflow/.local/lib/python3.11/site-packages/airflow/example_dags/example_params_trigger_ui.py for tasks to queue
[2026-06-01T12:46:05.628+0000] {logging_mixin.py:188} INFO - [2026-06-01T12:46:05.627+0000] {dagbag.py:545} INFO - Filling up the DagBag from /home/airflow/.local/lib/python3.11/site-packages/airflow/example_dags/example_params_trigger_ui.py
[2026-06-01T12:46:05.774+0000] {processor.py:840} INFO - DAG(s) 'example_params_trigger_ui' retrieved from /home/airflow/.local/lib/python3.11/site-packages/airflow/example_dags/example_params_trigger_ui.py
[2026-06-01T12:46:06.083+0000] {logging_mixin.py:188} INFO - [2026-06-01T12:46:06.083+0000] {dag.py:3096} INFO - Sync 1 DAGs
[2026-06-01T12:46:06.217+0000] {logging_mixin.py:188} INFO - [2026-06-01T12:46:06.217+0000] {dag.py:3954} INFO - Setting next_dagrun for example_params_trigger_ui to None, run_after=None
[2026-06-01T12:46:06.476+0000] {processor.py:183} INFO - Processing /home/airflow/.local/lib/python3.11/site-packages/airflow/example_dags/example_params_trigger_ui.py took 0.998 seconds
[2026-06-01T12:46:46.827+0000] {processor.py:161} INFO - Started process (PID=7295) to work on /home/airflow/.local/lib/python3.11/site-packages/airflow/example_dags/example_params_trigger_ui.py
[2026-06-01T12:46:46.850+0000] {processor.py:830} INFO - Processing file /home/airflow/.local/lib/python3.11/site-packages/airflow/example_dags/example_params_trigger_ui.py for tasks to queue
[2026-06-01T12:46:46.865+0000] {logging_mixin.py:188} INFO - [2026-06-01T12:46:46.863+0000] {dagbag.py:545} INFO - Filling up the DagBag from /home/airflow/.local/lib/python3.11/site-packages/airflow/example_dags/example_params_trigger_ui.py
[2026-06-01T12:46:47.093+0000] {processor.py:840} INFO - DAG(s) 'example_params_trigger_ui' retrieved from /home/airflow/.local/lib/python3.11/site-packages/airflow/example_dags/example_params_trigger_ui.py
[2026-06-01T12:46:47.202+0000] {logging_mixin.py:188} INFO - [2026-06-01T12:46:47.202+0000] {dag.py:3096} INFO - Sync 1 DAGs
[2026-06-01T12:46:47.257+0000] {logging_mixin.py:188} INFO - [2026-06-01T12:46:47.257+0000] {dag.py:3954} INFO - Setting next_dagrun for example_params_trigger_ui to None, run_after=None
[2026-06-01T12:46:47.327+0000] {processor.py:183} INFO - Processing /home/airflow/.local/lib/python3.11/site-packages/airflow/example_dags/example_params_trigger_ui.py took 0.591 seconds
[2026-06-01T12:47:23.242+0000] {processor.py:161} INFO - Started process (PID=7568) to work on /home/airflow/.local/lib/python3.11/site-packages/airflow/example_dags/example_params_trigger_ui.py
[2026-06-01T12:47:23.251+0000] {processor.py:830} INFO - Processing file /home/airflow/.local/lib/python3.11/site-packages/airflow/example_dags/example_params_trigger_ui.py for tasks to queue
[2026-06-01T12:47:23.258+0000] {logging_mixin.py:188} INFO - [2026-06-01T12:47:23.257+0000] {dagbag.py:545} INFO - Filling up the DagBag from /home/airflow/.local/lib/python3.11/site-packages/airflow/example_dags/example_params_trigger_ui.py
[2026-06-01T12:47:23.375+0000] {processor.py:840} INFO - DAG(s) 'example_params_trigger_ui' retrieved from /home/airflow/.local/lib/python3.11/site-packages/airflow/example_dags/example_params_trigger_ui.py
[2026-06-01T12:47:23.583+0000] {logging_mixin.py:188} INFO - [2026-06-01T12:47:23.583+0000] {dag.py:3096} INFO - Sync 1 DAGs
[2026-06-01T12:47:23.774+0000] {logging_mixin.py:188} INFO - [2026-06-01T12:47:23.774+0000] {dag.py:3954} INFO - Setting next_dagrun for example_params_trigger_ui to None, run_after=None
[2026-06-01T12:47:24.009+0000] {processor.py:183} INFO - Processing /home/airflow/.local/lib/python3.11/site-packages/airflow/example_dags/example_params_trigger_ui.py took 0.821 seconds
[2026-06-01T12:47:54.659+0000] {processor.py:161} INFO - Started process (PID=7846) to work on /home/airflow/.local/lib/python3.11/site-packages/airflow/example_dags/example_params_trigger_ui.py
[2026-06-01T12:47:54.670+0000] {processor.py:830} INFO - Processing file /home/airflow/.local/lib/python3.11/site-packages/airflow/example_dags/example_params_trigger_ui.py for tasks to queue
[2026-06-01T12:47:54.672+0000] {logging_mixin.py:188} INFO - [2026-06-01T12:47:54.672+0000] {dagbag.py:545} INFO - Filling up the DagBag from /home/airflow/.local/lib/python3.11/site-packages/airflow/example_dags/example_params_trigger_ui.py
[2026-06-01T12:47:54.722+0000] {processor.py:840} INFO - DAG(s) 'example_params_trigger_ui' retrieved from /home/airflow/.local/lib/python3.11/site-packages/airflow/example_dags/example_params_trigger_ui.py
[2026-06-01T12:47:54.856+0000] {logging_mixin.py:188} INFO - [2026-06-01T12:47:54.856+0000] {dag.py:3096} INFO - Sync 1 DAGs
[2026-06-01T12:47:54.884+0000] {logging_mixin.py:188} INFO - [2026-06-01T12:47:54.883+0000] {dag.py:3954} INFO - Setting next_dagrun for example_params_trigger_ui to None, run_after=None
[2026-06-01T12:47:54.951+0000] {processor.py:183} INFO - Processing /home/airflow/.local/lib/python3.11/site-packages/airflow/example_dags/example_params_trigger_ui.py took 0.307 seconds
[2026-06-01T12:48:25.869+0000] {processor.py:161} INFO - Started process (PID=8120) to work on /home/airflow/.local/lib/python3.11/site-packages/airflow/example_dags/example_params_trigger_ui.py
[2026-06-01T12:48:25.874+0000] {processor.py:830} INFO - Processing file /home/airflow/.local/lib/python3.11/site-packages/airflow/example_dags/example_params_trigger_ui.py for tasks to queue
[2026-06-01T12:48:25.878+0000] {logging_mixin.py:188} INFO - [2026-06-01T12:48:25.878+0000] {dagbag.py:545} INFO - Filling up the DagBag from /home/airflow/.local/lib/python3.11/site-packages/airflow/example_dags/example_params_trigger_ui.py
[2026-06-01T12:48:25.908+0000] {processor.py:840} INFO - DAG(s) 'example_params_trigger_ui' retrieved from /home/airflow/.local/lib/python3.11/site-packages/airflow/example_dags/example_params_trigger_ui.py
[2026-06-01T12:48:25.968+0000] {logging_mixin.py:188} INFO - [2026-06-01T12:48:25.967+0000] {dag.py:3096} INFO - Sync 1 DAGs
[2026-06-01T12:48:26.009+0000] {logging_mixin.py:188} INFO - [2026-06-01T12:48:26.008+0000] {dag.py:3954} INFO - Setting next_dagrun for example_params_trigger_ui to None, run_after=None
[2026-06-01T12:48:26.096+0000] {processor.py:183} INFO - Processing /home/airflow/.local/lib/python3.11/site-packages/airflow/example_dags/example_params_trigger_ui.py took 0.238 seconds
[2026-06-01T12:48:57.080+0000] {processor.py:161} INFO - Started process (PID=8382) to work on /home/airflow/.local/lib/python3.11/site-packages/airflow/example_dags/example_params_trigger_ui.py
[2026-06-01T12:48:57.090+0000] {processor.py:830} INFO - Processing file /home/airflow/.local/lib/python3.11/site-packages/airflow/example_dags/example_params_trigger_ui.py for tasks to queue
[2026-06-01T12:48:57.107+0000] {logging_mixin.py:188} INFO - [2026-06-01T12:48:57.106+0000] {dagbag.py:545} INFO - Filling up the DagBag from /home/airflow/.local/lib/python3.11/site-packages/airflow/example_dags/example_params_trigger_ui.py
[2026-06-01T12:48:57.190+0000] {processor.py:840} INFO - DAG(s) 'example_params_trigger_ui' retrieved from /home/airflow/.local/lib/python3.11/site-packages/airflow/example_dags/example_params_trigger_ui.py
[2026-06-01T12:48:57.309+0000] {logging_mixin.py:188} INFO - [2026-06-01T12:48:57.309+0000] {dag.py:3096} INFO - Sync 1 DAGs
[2026-06-01T12:48:57.351+0000] {logging_mixin.py:188} INFO - [2026-06-01T12:48:57.350+0000] {dag.py:3954} INFO - Setting next_dagrun for example_params_trigger_ui to None, run_after=None
[2026-06-01T12:48:57.430+0000] {processor.py:183} INFO - Processing /home/airflow/.local/lib/python3.11/site-packages/airflow/example_dags/example_params_trigger_ui.py took 0.366 seconds
