[2026-06-01T12:04:36.885+0000] {processor.py:161} INFO - Started process (PID=76) to work on /home/airflow/.local/lib/python3.11/site-packages/airflow/example_dags/example_dynamic_task_mapping.py
[2026-06-01T12:04:36.887+0000] {processor.py:830} INFO - Processing file /home/airflow/.local/lib/python3.11/site-packages/airflow/example_dags/example_dynamic_task_mapping.py for tasks to queue
[2026-06-01T12:04:36.892+0000] {logging_mixin.py:188} INFO - [2026-06-01T12:04:36.892+0000] {dagbag.py:545} INFO - Filling up the DagBag from /home/airflow/.local/lib/python3.11/site-packages/airflow/example_dags/example_dynamic_task_mapping.py
[2026-06-01T12:04:36.914+0000] {processor.py:840} INFO - DAG(s) 'example_dynamic_task_mapping' retrieved from /home/airflow/.local/lib/python3.11/site-packages/airflow/example_dags/example_dynamic_task_mapping.py
[2026-06-01T12:04:37.415+0000] {logging_mixin.py:188} INFO - [2026-06-01T12:04:37.414+0000] {override.py:1829} INFO - Created Permission View: can read on DAG:example_dynamic_task_mapping
[2026-06-01T12:04:37.431+0000] {logging_mixin.py:188} INFO - [2026-06-01T12:04:37.430+0000] {override.py:1829} INFO - Created Permission View: can delete on DAG:example_dynamic_task_mapping
[2026-06-01T12:04:37.443+0000] {logging_mixin.py:188} INFO - [2026-06-01T12:04:37.443+0000] {override.py:1829} INFO - Created Permission View: can edit on DAG:example_dynamic_task_mapping
[2026-06-01T12:04:37.445+0000] {logging_mixin.py:188} INFO - [2026-06-01T12:04:37.444+0000] {dag.py:3096} INFO - Sync 1 DAGs
[2026-06-01T12:04:37.460+0000] {logging_mixin.py:188} INFO - [2026-06-01T12:04:37.460+0000] {dag.py:3118} INFO - Creating ORM DAG for example_dynamic_task_mapping
[2026-06-01T12:04:37.474+0000] {logging_mixin.py:188} INFO - [2026-06-01T12:04:37.473+0000] {dag.py:3954} INFO - Setting next_dagrun for example_dynamic_task_mapping to 2022-03-04 00:00:00+00:00, run_after=2022-03-05 00:00:00+00:00
[2026-06-01T12:04:37.497+0000] {processor.py:183} INFO - Processing /home/airflow/.local/lib/python3.11/site-packages/airflow/example_dags/example_dynamic_task_mapping.py took 0.626 seconds
[2026-06-01T12:05:08.419+0000] {processor.py:161} INFO - Started process (PID=135) to work on /home/airflow/.local/lib/python3.11/site-packages/airflow/example_dags/example_dynamic_task_mapping.py
[2026-06-01T12:05:08.420+0000] {processor.py:830} INFO - Processing file /home/airflow/.local/lib/python3.11/site-packages/airflow/example_dags/example_dynamic_task_mapping.py for tasks to queue
[2026-06-01T12:05:08.423+0000] {logging_mixin.py:188} INFO - [2026-06-01T12:05:08.423+0000] {dagbag.py:545} INFO - Filling up the DagBag from /home/airflow/.local/lib/python3.11/site-packages/airflow/example_dags/example_dynamic_task_mapping.py
[2026-06-01T12:05:08.435+0000] {processor.py:840} INFO - DAG(s) 'example_dynamic_task_mapping' retrieved from /home/airflow/.local/lib/python3.11/site-packages/airflow/example_dags/example_dynamic_task_mapping.py
[2026-06-01T12:05:08.462+0000] {logging_mixin.py:188} INFO - [2026-06-01T12:05:08.462+0000] {dag.py:3096} INFO - Sync 1 DAGs
[2026-06-01T12:05:08.492+0000] {logging_mixin.py:188} INFO - [2026-06-01T12:05:08.492+0000] {dag.py:3954} INFO - Setting next_dagrun for example_dynamic_task_mapping to 2022-03-04 00:00:00+00:00, run_after=2022-03-05 00:00:00+00:00
[2026-06-01T12:05:08.529+0000] {processor.py:183} INFO - Processing /home/airflow/.local/lib/python3.11/site-packages/airflow/example_dags/example_dynamic_task_mapping.py took 0.119 seconds
[2026-06-01T12:05:38.683+0000] {processor.py:161} INFO - Started process (PID=194) to work on /home/airflow/.local/lib/python3.11/site-packages/airflow/example_dags/example_dynamic_task_mapping.py
[2026-06-01T12:05:38.685+0000] {processor.py:830} INFO - Processing file /home/airflow/.local/lib/python3.11/site-packages/airflow/example_dags/example_dynamic_task_mapping.py for tasks to queue
[2026-06-01T12:05:38.687+0000] {logging_mixin.py:188} INFO - [2026-06-01T12:05:38.687+0000] {dagbag.py:545} INFO - Filling up the DagBag from /home/airflow/.local/lib/python3.11/site-packages/airflow/example_dags/example_dynamic_task_mapping.py
[2026-06-01T12:05:38.700+0000] {processor.py:840} INFO - DAG(s) 'example_dynamic_task_mapping' retrieved from /home/airflow/.local/lib/python3.11/site-packages/airflow/example_dags/example_dynamic_task_mapping.py
[2026-06-01T12:05:38.731+0000] {logging_mixin.py:188} INFO - [2026-06-01T12:05:38.731+0000] {dag.py:3096} INFO - Sync 1 DAGs
[2026-06-01T12:05:38.760+0000] {logging_mixin.py:188} INFO - [2026-06-01T12:05:38.760+0000] {dag.py:3954} INFO - Setting next_dagrun for example_dynamic_task_mapping to 2022-03-04 00:00:00+00:00, run_after=2022-03-05 00:00:00+00:00
[2026-06-01T12:05:38.794+0000] {processor.py:183} INFO - Processing /home/airflow/.local/lib/python3.11/site-packages/airflow/example_dags/example_dynamic_task_mapping.py took 0.121 seconds
[2026-06-01T12:06:09.423+0000] {processor.py:161} INFO - Started process (PID=253) to work on /home/airflow/.local/lib/python3.11/site-packages/airflow/example_dags/example_dynamic_task_mapping.py
[2026-06-01T12:06:09.427+0000] {processor.py:830} INFO - Processing file /home/airflow/.local/lib/python3.11/site-packages/airflow/example_dags/example_dynamic_task_mapping.py for tasks to queue
[2026-06-01T12:06:09.432+0000] {logging_mixin.py:188} INFO - [2026-06-01T12:06:09.431+0000] {dagbag.py:545} INFO - Filling up the DagBag from /home/airflow/.local/lib/python3.11/site-packages/airflow/example_dags/example_dynamic_task_mapping.py
[2026-06-01T12:06:09.458+0000] {processor.py:840} INFO - DAG(s) 'example_dynamic_task_mapping' retrieved from /home/airflow/.local/lib/python3.11/site-packages/airflow/example_dags/example_dynamic_task_mapping.py
[2026-06-01T12:06:09.634+0000] {logging_mixin.py:188} INFO - [2026-06-01T12:06:09.634+0000] {dag.py:3096} INFO - Sync 1 DAGs
[2026-06-01T12:06:09.704+0000] {logging_mixin.py:188} INFO - [2026-06-01T12:06:09.703+0000] {dag.py:3954} INFO - Setting next_dagrun for example_dynamic_task_mapping to 2022-03-04 00:00:00+00:00, run_after=2022-03-05 00:00:00+00:00
[2026-06-01T12:06:09.747+0000] {processor.py:183} INFO - Processing /home/airflow/.local/lib/python3.11/site-packages/airflow/example_dags/example_dynamic_task_mapping.py took 0.347 seconds
[2026-06-01T12:06:40.501+0000] {processor.py:161} INFO - Started process (PID=312) to work on /home/airflow/.local/lib/python3.11/site-packages/airflow/example_dags/example_dynamic_task_mapping.py
[2026-06-01T12:06:40.502+0000] {processor.py:830} INFO - Processing file /home/airflow/.local/lib/python3.11/site-packages/airflow/example_dags/example_dynamic_task_mapping.py for tasks to queue
[2026-06-01T12:06:40.505+0000] {logging_mixin.py:188} INFO - [2026-06-01T12:06:40.504+0000] {dagbag.py:545} INFO - Filling up the DagBag from /home/airflow/.local/lib/python3.11/site-packages/airflow/example_dags/example_dynamic_task_mapping.py
[2026-06-01T12:06:40.514+0000] {processor.py:840} INFO - DAG(s) 'example_dynamic_task_mapping' retrieved from /home/airflow/.local/lib/python3.11/site-packages/airflow/example_dags/example_dynamic_task_mapping.py
[2026-06-01T12:06:40.529+0000] {logging_mixin.py:188} INFO - [2026-06-01T12:06:40.529+0000] {dag.py:3096} INFO - Sync 1 DAGs
[2026-06-01T12:06:40.555+0000] {logging_mixin.py:188} INFO - [2026-06-01T12:06:40.555+0000] {dag.py:3954} INFO - Setting next_dagrun for example_dynamic_task_mapping to 2022-03-04 00:00:00+00:00, run_after=2022-03-05 00:00:00+00:00
[2026-06-01T12:06:40.580+0000] {processor.py:183} INFO - Processing /home/airflow/.local/lib/python3.11/site-packages/airflow/example_dags/example_dynamic_task_mapping.py took 0.086 seconds
[2026-06-01T12:07:11.244+0000] {processor.py:161} INFO - Started process (PID=371) to work on /home/airflow/.local/lib/python3.11/site-packages/airflow/example_dags/example_dynamic_task_mapping.py
[2026-06-01T12:07:11.246+0000] {processor.py:830} INFO - Processing file /home/airflow/.local/lib/python3.11/site-packages/airflow/example_dags/example_dynamic_task_mapping.py for tasks to queue
[2026-06-01T12:07:11.250+0000] {logging_mixin.py:188} INFO - [2026-06-01T12:07:11.249+0000] {dagbag.py:545} INFO - Filling up the DagBag from /home/airflow/.local/lib/python3.11/site-packages/airflow/example_dags/example_dynamic_task_mapping.py
[2026-06-01T12:07:11.264+0000] {processor.py:840} INFO - DAG(s) 'example_dynamic_task_mapping' retrieved from /home/airflow/.local/lib/python3.11/site-packages/airflow/example_dags/example_dynamic_task_mapping.py
[2026-06-01T12:07:11.477+0000] {logging_mixin.py:188} INFO - [2026-06-01T12:07:11.477+0000] {dag.py:3096} INFO - Sync 1 DAGs
[2026-06-01T12:07:11.516+0000] {logging_mixin.py:188} INFO - [2026-06-01T12:07:11.515+0000] {dag.py:3954} INFO - Setting next_dagrun for example_dynamic_task_mapping to 2022-03-04 00:00:00+00:00, run_after=2022-03-05 00:00:00+00:00
[2026-06-01T12:07:11.554+0000] {processor.py:183} INFO - Processing /home/airflow/.local/lib/python3.11/site-packages/airflow/example_dags/example_dynamic_task_mapping.py took 0.323 seconds
[2026-06-01T12:07:42.021+0000] {processor.py:161} INFO - Started process (PID=431) to work on /home/airflow/.local/lib/python3.11/site-packages/airflow/example_dags/example_dynamic_task_mapping.py
[2026-06-01T12:07:42.023+0000] {processor.py:830} INFO - Processing file /home/airflow/.local/lib/python3.11/site-packages/airflow/example_dags/example_dynamic_task_mapping.py for tasks to queue
[2026-06-01T12:07:42.026+0000] {logging_mixin.py:188} INFO - [2026-06-01T12:07:42.025+0000] {dagbag.py:545} INFO - Filling up the DagBag from /home/airflow/.local/lib/python3.11/site-packages/airflow/example_dags/example_dynamic_task_mapping.py
[2026-06-01T12:07:42.032+0000] {processor.py:840} INFO - DAG(s) 'example_dynamic_task_mapping' retrieved from /home/airflow/.local/lib/python3.11/site-packages/airflow/example_dags/example_dynamic_task_mapping.py
[2026-06-01T12:07:42.056+0000] {logging_mixin.py:188} INFO - [2026-06-01T12:07:42.056+0000] {dag.py:3096} INFO - Sync 1 DAGs
[2026-06-01T12:07:42.078+0000] {logging_mixin.py:188} INFO - [2026-06-01T12:07:42.078+0000] {dag.py:3954} INFO - Setting next_dagrun for example_dynamic_task_mapping to 2022-03-04 00:00:00+00:00, run_after=2022-03-05 00:00:00+00:00
[2026-06-01T12:07:42.100+0000] {processor.py:183} INFO - Processing /home/airflow/.local/lib/python3.11/site-packages/airflow/example_dags/example_dynamic_task_mapping.py took 0.086 seconds
[2026-06-01T12:08:12.598+0000] {processor.py:161} INFO - Started process (PID=490) to work on /home/airflow/.local/lib/python3.11/site-packages/airflow/example_dags/example_dynamic_task_mapping.py
[2026-06-01T12:08:12.600+0000] {processor.py:830} INFO - Processing file /home/airflow/.local/lib/python3.11/site-packages/airflow/example_dags/example_dynamic_task_mapping.py for tasks to queue
[2026-06-01T12:08:12.604+0000] {logging_mixin.py:188} INFO - [2026-06-01T12:08:12.604+0000] {dagbag.py:545} INFO - Filling up the DagBag from /home/airflow/.local/lib/python3.11/site-packages/airflow/example_dags/example_dynamic_task_mapping.py
[2026-06-01T12:08:12.616+0000] {processor.py:840} INFO - DAG(s) 'example_dynamic_task_mapping' retrieved from /home/airflow/.local/lib/python3.11/site-packages/airflow/example_dags/example_dynamic_task_mapping.py
[2026-06-01T12:08:12.656+0000] {logging_mixin.py:188} INFO - [2026-06-01T12:08:12.655+0000] {dag.py:3096} INFO - Sync 1 DAGs
[2026-06-01T12:08:12.696+0000] {logging_mixin.py:188} INFO - [2026-06-01T12:08:12.696+0000] {dag.py:3954} INFO - Setting next_dagrun for example_dynamic_task_mapping to 2022-03-04 00:00:00+00:00, run_after=2022-03-05 00:00:00+00:00
[2026-06-01T12:08:12.729+0000] {processor.py:183} INFO - Processing /home/airflow/.local/lib/python3.11/site-packages/airflow/example_dags/example_dynamic_task_mapping.py took 0.141 seconds
[2026-06-01T12:08:42.946+0000] {processor.py:161} INFO - Started process (PID=549) to work on /home/airflow/.local/lib/python3.11/site-packages/airflow/example_dags/example_dynamic_task_mapping.py
[2026-06-01T12:08:42.948+0000] {processor.py:830} INFO - Processing file /home/airflow/.local/lib/python3.11/site-packages/airflow/example_dags/example_dynamic_task_mapping.py for tasks to queue
[2026-06-01T12:08:42.951+0000] {logging_mixin.py:188} INFO - [2026-06-01T12:08:42.950+0000] {dagbag.py:545} INFO - Filling up the DagBag from /home/airflow/.local/lib/python3.11/site-packages/airflow/example_dags/example_dynamic_task_mapping.py
[2026-06-01T12:08:42.963+0000] {processor.py:840} INFO - DAG(s) 'example_dynamic_task_mapping' retrieved from /home/airflow/.local/lib/python3.11/site-packages/airflow/example_dags/example_dynamic_task_mapping.py
[2026-06-01T12:08:42.997+0000] {logging_mixin.py:188} INFO - [2026-06-01T12:08:42.996+0000] {dag.py:3096} INFO - Sync 1 DAGs
[2026-06-01T12:08:43.026+0000] {logging_mixin.py:188} INFO - [2026-06-01T12:08:43.026+0000] {dag.py:3954} INFO - Setting next_dagrun for example_dynamic_task_mapping to 2022-03-04 00:00:00+00:00, run_after=2022-03-05 00:00:00+00:00
[2026-06-01T12:08:43.048+0000] {processor.py:183} INFO - Processing /home/airflow/.local/lib/python3.11/site-packages/airflow/example_dags/example_dynamic_task_mapping.py took 0.112 seconds
[2026-06-01T12:09:13.151+0000] {processor.py:161} INFO - Started process (PID=608) to work on /home/airflow/.local/lib/python3.11/site-packages/airflow/example_dags/example_dynamic_task_mapping.py
[2026-06-01T12:09:13.153+0000] {processor.py:830} INFO - Processing file /home/airflow/.local/lib/python3.11/site-packages/airflow/example_dags/example_dynamic_task_mapping.py for tasks to queue
[2026-06-01T12:09:13.156+0000] {logging_mixin.py:188} INFO - [2026-06-01T12:09:13.155+0000] {dagbag.py:545} INFO - Filling up the DagBag from /home/airflow/.local/lib/python3.11/site-packages/airflow/example_dags/example_dynamic_task_mapping.py
[2026-06-01T12:09:13.165+0000] {processor.py:840} INFO - DAG(s) 'example_dynamic_task_mapping' retrieved from /home/airflow/.local/lib/python3.11/site-packages/airflow/example_dags/example_dynamic_task_mapping.py
[2026-06-01T12:09:13.192+0000] {logging_mixin.py:188} INFO - [2026-06-01T12:09:13.192+0000] {dag.py:3096} INFO - Sync 1 DAGs
[2026-06-01T12:09:13.218+0000] {logging_mixin.py:188} INFO - [2026-06-01T12:09:13.218+0000] {dag.py:3954} INFO - Setting next_dagrun for example_dynamic_task_mapping to 2022-03-04 00:00:00+00:00, run_after=2022-03-05 00:00:00+00:00
[2026-06-01T12:09:13.240+0000] {processor.py:183} INFO - Processing /home/airflow/.local/lib/python3.11/site-packages/airflow/example_dags/example_dynamic_task_mapping.py took 0.096 seconds
[2026-06-01T12:09:43.745+0000] {processor.py:161} INFO - Started process (PID=667) to work on /home/airflow/.local/lib/python3.11/site-packages/airflow/example_dags/example_dynamic_task_mapping.py
[2026-06-01T12:09:43.747+0000] {processor.py:830} INFO - Processing file /home/airflow/.local/lib/python3.11/site-packages/airflow/example_dags/example_dynamic_task_mapping.py for tasks to queue
[2026-06-01T12:09:43.750+0000] {logging_mixin.py:188} INFO - [2026-06-01T12:09:43.750+0000] {dagbag.py:545} INFO - Filling up the DagBag from /home/airflow/.local/lib/python3.11/site-packages/airflow/example_dags/example_dynamic_task_mapping.py
[2026-06-01T12:09:43.759+0000] {processor.py:840} INFO - DAG(s) 'example_dynamic_task_mapping' retrieved from /home/airflow/.local/lib/python3.11/site-packages/airflow/example_dags/example_dynamic_task_mapping.py
[2026-06-01T12:09:43.787+0000] {logging_mixin.py:188} INFO - [2026-06-01T12:09:43.787+0000] {dag.py:3096} INFO - Sync 1 DAGs
[2026-06-01T12:09:43.816+0000] {logging_mixin.py:188} INFO - [2026-06-01T12:09:43.816+0000] {dag.py:3954} INFO - Setting next_dagrun for example_dynamic_task_mapping to 2022-03-04 00:00:00+00:00, run_after=2022-03-05 00:00:00+00:00
[2026-06-01T12:09:43.849+0000] {processor.py:183} INFO - Processing /home/airflow/.local/lib/python3.11/site-packages/airflow/example_dags/example_dynamic_task_mapping.py took 0.111 seconds
[2026-06-01T12:10:58.532+0000] {processor.py:161} INFO - Started process (PID=81) to work on /home/airflow/.local/lib/python3.11/site-packages/airflow/example_dags/example_dynamic_task_mapping.py
[2026-06-01T12:10:58.534+0000] {processor.py:830} INFO - Processing file /home/airflow/.local/lib/python3.11/site-packages/airflow/example_dags/example_dynamic_task_mapping.py for tasks to queue
[2026-06-01T12:10:58.542+0000] {logging_mixin.py:188} INFO - [2026-06-01T12:10:58.541+0000] {dagbag.py:545} INFO - Filling up the DagBag from /home/airflow/.local/lib/python3.11/site-packages/airflow/example_dags/example_dynamic_task_mapping.py
[2026-06-01T12:10:58.747+0000] {processor.py:840} INFO - DAG(s) 'example_dynamic_task_mapping' retrieved from /home/airflow/.local/lib/python3.11/site-packages/airflow/example_dags/example_dynamic_task_mapping.py
[2026-06-01T12:10:58.919+0000] {logging_mixin.py:188} INFO - [2026-06-01T12:10:58.918+0000] {dag.py:3096} INFO - Sync 1 DAGs
[2026-06-01T12:10:58.959+0000] {logging_mixin.py:188} INFO - [2026-06-01T12:10:58.959+0000] {dag.py:3954} INFO - Setting next_dagrun for example_dynamic_task_mapping to 2022-03-04 00:00:00+00:00, run_after=2022-03-05 00:00:00+00:00
[2026-06-01T12:10:58.995+0000] {processor.py:183} INFO - Processing /home/airflow/.local/lib/python3.11/site-packages/airflow/example_dags/example_dynamic_task_mapping.py took 0.473 seconds
[2026-06-01T12:11:29.283+0000] {processor.py:161} INFO - Started process (PID=142) to work on /home/airflow/.local/lib/python3.11/site-packages/airflow/example_dags/example_dynamic_task_mapping.py
[2026-06-01T12:11:29.284+0000] {processor.py:830} INFO - Processing file /home/airflow/.local/lib/python3.11/site-packages/airflow/example_dags/example_dynamic_task_mapping.py for tasks to queue
[2026-06-01T12:11:29.286+0000] {logging_mixin.py:188} INFO - [2026-06-01T12:11:29.286+0000] {dagbag.py:545} INFO - Filling up the DagBag from /home/airflow/.local/lib/python3.11/site-packages/airflow/example_dags/example_dynamic_task_mapping.py
[2026-06-01T12:11:29.297+0000] {processor.py:840} INFO - DAG(s) 'example_dynamic_task_mapping' retrieved from /home/airflow/.local/lib/python3.11/site-packages/airflow/example_dags/example_dynamic_task_mapping.py
[2026-06-01T12:11:29.322+0000] {logging_mixin.py:188} INFO - [2026-06-01T12:11:29.322+0000] {dag.py:3096} INFO - Sync 1 DAGs
[2026-06-01T12:11:29.345+0000] {logging_mixin.py:188} INFO - [2026-06-01T12:11:29.345+0000] {dag.py:3954} INFO - Setting next_dagrun for example_dynamic_task_mapping to 2022-03-04 00:00:00+00:00, run_after=2022-03-05 00:00:00+00:00
[2026-06-01T12:11:29.375+0000] {processor.py:183} INFO - Processing /home/airflow/.local/lib/python3.11/site-packages/airflow/example_dags/example_dynamic_task_mapping.py took 0.101 seconds
[2026-06-01T12:11:59.466+0000] {processor.py:161} INFO - Started process (PID=208) to work on /home/airflow/.local/lib/python3.11/site-packages/airflow/example_dags/example_dynamic_task_mapping.py
[2026-06-01T12:11:59.467+0000] {processor.py:830} INFO - Processing file /home/airflow/.local/lib/python3.11/site-packages/airflow/example_dags/example_dynamic_task_mapping.py for tasks to queue
[2026-06-01T12:11:59.469+0000] {logging_mixin.py:188} INFO - [2026-06-01T12:11:59.469+0000] {dagbag.py:545} INFO - Filling up the DagBag from /home/airflow/.local/lib/python3.11/site-packages/airflow/example_dags/example_dynamic_task_mapping.py
[2026-06-01T12:11:59.479+0000] {processor.py:840} INFO - DAG(s) 'example_dynamic_task_mapping' retrieved from /home/airflow/.local/lib/python3.11/site-packages/airflow/example_dags/example_dynamic_task_mapping.py
[2026-06-01T12:11:59.505+0000] {logging_mixin.py:188} INFO - [2026-06-01T12:11:59.504+0000] {dag.py:3096} INFO - Sync 1 DAGs
[2026-06-01T12:11:59.531+0000] {logging_mixin.py:188} INFO - [2026-06-01T12:11:59.531+0000] {dag.py:3954} INFO - Setting next_dagrun for example_dynamic_task_mapping to 2022-03-04 00:00:00+00:00, run_after=2022-03-05 00:00:00+00:00
[2026-06-01T12:11:59.565+0000] {processor.py:183} INFO - Processing /home/airflow/.local/lib/python3.11/site-packages/airflow/example_dags/example_dynamic_task_mapping.py took 0.108 seconds
[2026-06-01T12:12:29.634+0000] {processor.py:161} INFO - Started process (PID=298) to work on /home/airflow/.local/lib/python3.11/site-packages/airflow/example_dags/example_dynamic_task_mapping.py
[2026-06-01T12:12:29.636+0000] {processor.py:830} INFO - Processing file /home/airflow/.local/lib/python3.11/site-packages/airflow/example_dags/example_dynamic_task_mapping.py for tasks to queue
[2026-06-01T12:12:29.638+0000] {logging_mixin.py:188} INFO - [2026-06-01T12:12:29.637+0000] {dagbag.py:545} INFO - Filling up the DagBag from /home/airflow/.local/lib/python3.11/site-packages/airflow/example_dags/example_dynamic_task_mapping.py
[2026-06-01T12:12:29.645+0000] {processor.py:840} INFO - DAG(s) 'example_dynamic_task_mapping' retrieved from /home/airflow/.local/lib/python3.11/site-packages/airflow/example_dags/example_dynamic_task_mapping.py
[2026-06-01T12:12:29.669+0000] {logging_mixin.py:188} INFO - [2026-06-01T12:12:29.669+0000] {dag.py:3096} INFO - Sync 1 DAGs
[2026-06-01T12:12:29.694+0000] {logging_mixin.py:188} INFO - [2026-06-01T12:12:29.694+0000] {dag.py:3954} INFO - Setting next_dagrun for example_dynamic_task_mapping to 2022-03-04 00:00:00+00:00, run_after=2022-03-05 00:00:00+00:00
[2026-06-01T12:12:29.718+0000] {processor.py:183} INFO - Processing /home/airflow/.local/lib/python3.11/site-packages/airflow/example_dags/example_dynamic_task_mapping.py took 0.091 seconds
[2026-06-01T12:12:59.771+0000] {processor.py:161} INFO - Started process (PID=366) to work on /home/airflow/.local/lib/python3.11/site-packages/airflow/example_dags/example_dynamic_task_mapping.py
[2026-06-01T12:12:59.773+0000] {processor.py:830} INFO - Processing file /home/airflow/.local/lib/python3.11/site-packages/airflow/example_dags/example_dynamic_task_mapping.py for tasks to queue
[2026-06-01T12:12:59.776+0000] {logging_mixin.py:188} INFO - [2026-06-01T12:12:59.775+0000] {dagbag.py:545} INFO - Filling up the DagBag from /home/airflow/.local/lib/python3.11/site-packages/airflow/example_dags/example_dynamic_task_mapping.py
[2026-06-01T12:12:59.786+0000] {processor.py:840} INFO - DAG(s) 'example_dynamic_task_mapping' retrieved from /home/airflow/.local/lib/python3.11/site-packages/airflow/example_dags/example_dynamic_task_mapping.py
[2026-06-01T12:12:59.809+0000] {logging_mixin.py:188} INFO - [2026-06-01T12:12:59.809+0000] {dag.py:3096} INFO - Sync 1 DAGs
[2026-06-01T12:12:59.832+0000] {logging_mixin.py:188} INFO - [2026-06-01T12:12:59.831+0000] {dag.py:3954} INFO - Setting next_dagrun for example_dynamic_task_mapping to 2022-03-04 00:00:00+00:00, run_after=2022-03-05 00:00:00+00:00
[2026-06-01T12:12:59.852+0000] {processor.py:183} INFO - Processing /home/airflow/.local/lib/python3.11/site-packages/airflow/example_dags/example_dynamic_task_mapping.py took 0.088 seconds
[2026-06-01T12:13:30.334+0000] {processor.py:161} INFO - Started process (PID=434) to work on /home/airflow/.local/lib/python3.11/site-packages/airflow/example_dags/example_dynamic_task_mapping.py
[2026-06-01T12:13:30.335+0000] {processor.py:830} INFO - Processing file /home/airflow/.local/lib/python3.11/site-packages/airflow/example_dags/example_dynamic_task_mapping.py for tasks to queue
[2026-06-01T12:13:30.338+0000] {logging_mixin.py:188} INFO - [2026-06-01T12:13:30.337+0000] {dagbag.py:545} INFO - Filling up the DagBag from /home/airflow/.local/lib/python3.11/site-packages/airflow/example_dags/example_dynamic_task_mapping.py
[2026-06-01T12:13:30.348+0000] {processor.py:840} INFO - DAG(s) 'example_dynamic_task_mapping' retrieved from /home/airflow/.local/lib/python3.11/site-packages/airflow/example_dags/example_dynamic_task_mapping.py
[2026-06-01T12:13:30.373+0000] {logging_mixin.py:188} INFO - [2026-06-01T12:13:30.372+0000] {dag.py:3096} INFO - Sync 1 DAGs
[2026-06-01T12:13:30.405+0000] {logging_mixin.py:188} INFO - [2026-06-01T12:13:30.405+0000] {dag.py:3954} INFO - Setting next_dagrun for example_dynamic_task_mapping to 2022-03-04 00:00:00+00:00, run_after=2022-03-05 00:00:00+00:00
[2026-06-01T12:13:30.437+0000] {processor.py:183} INFO - Processing /home/airflow/.local/lib/python3.11/site-packages/airflow/example_dags/example_dynamic_task_mapping.py took 0.113 seconds
[2026-06-01T12:14:00.575+0000] {processor.py:161} INFO - Started process (PID=502) to work on /home/airflow/.local/lib/python3.11/site-packages/airflow/example_dags/example_dynamic_task_mapping.py
[2026-06-01T12:14:00.576+0000] {processor.py:830} INFO - Processing file /home/airflow/.local/lib/python3.11/site-packages/airflow/example_dags/example_dynamic_task_mapping.py for tasks to queue
[2026-06-01T12:14:00.580+0000] {logging_mixin.py:188} INFO - [2026-06-01T12:14:00.579+0000] {dagbag.py:545} INFO - Filling up the DagBag from /home/airflow/.local/lib/python3.11/site-packages/airflow/example_dags/example_dynamic_task_mapping.py
[2026-06-01T12:14:00.590+0000] {processor.py:840} INFO - DAG(s) 'example_dynamic_task_mapping' retrieved from /home/airflow/.local/lib/python3.11/site-packages/airflow/example_dags/example_dynamic_task_mapping.py
[2026-06-01T12:14:00.618+0000] {logging_mixin.py:188} INFO - [2026-06-01T12:14:00.618+0000] {dag.py:3096} INFO - Sync 1 DAGs
[2026-06-01T12:14:00.644+0000] {logging_mixin.py:188} INFO - [2026-06-01T12:14:00.644+0000] {dag.py:3954} INFO - Setting next_dagrun for example_dynamic_task_mapping to 2022-03-04 00:00:00+00:00, run_after=2022-03-05 00:00:00+00:00
[2026-06-01T12:14:00.679+0000] {processor.py:183} INFO - Processing /home/airflow/.local/lib/python3.11/site-packages/airflow/example_dags/example_dynamic_task_mapping.py took 0.112 seconds
[2026-06-01T12:14:30.826+0000] {processor.py:161} INFO - Started process (PID=592) to work on /home/airflow/.local/lib/python3.11/site-packages/airflow/example_dags/example_dynamic_task_mapping.py
[2026-06-01T12:14:30.827+0000] {processor.py:830} INFO - Processing file /home/airflow/.local/lib/python3.11/site-packages/airflow/example_dags/example_dynamic_task_mapping.py for tasks to queue
[2026-06-01T12:14:30.831+0000] {logging_mixin.py:188} INFO - [2026-06-01T12:14:30.830+0000] {dagbag.py:545} INFO - Filling up the DagBag from /home/airflow/.local/lib/python3.11/site-packages/airflow/example_dags/example_dynamic_task_mapping.py
[2026-06-01T12:14:30.838+0000] {processor.py:840} INFO - DAG(s) 'example_dynamic_task_mapping' retrieved from /home/airflow/.local/lib/python3.11/site-packages/airflow/example_dags/example_dynamic_task_mapping.py
[2026-06-01T12:14:30.860+0000] {logging_mixin.py:188} INFO - [2026-06-01T12:14:30.860+0000] {dag.py:3096} INFO - Sync 1 DAGs
[2026-06-01T12:14:30.884+0000] {logging_mixin.py:188} INFO - [2026-06-01T12:14:30.884+0000] {dag.py:3954} INFO - Setting next_dagrun for example_dynamic_task_mapping to 2022-03-04 00:00:00+00:00, run_after=2022-03-05 00:00:00+00:00
[2026-06-01T12:14:30.905+0000] {processor.py:183} INFO - Processing /home/airflow/.local/lib/python3.11/site-packages/airflow/example_dags/example_dynamic_task_mapping.py took 0.086 seconds
[2026-06-01T12:15:01.746+0000] {processor.py:161} INFO - Started process (PID=660) to work on /home/airflow/.local/lib/python3.11/site-packages/airflow/example_dags/example_dynamic_task_mapping.py
[2026-06-01T12:15:01.747+0000] {processor.py:830} INFO - Processing file /home/airflow/.local/lib/python3.11/site-packages/airflow/example_dags/example_dynamic_task_mapping.py for tasks to queue
[2026-06-01T12:15:01.750+0000] {logging_mixin.py:188} INFO - [2026-06-01T12:15:01.749+0000] {dagbag.py:545} INFO - Filling up the DagBag from /home/airflow/.local/lib/python3.11/site-packages/airflow/example_dags/example_dynamic_task_mapping.py
[2026-06-01T12:15:01.758+0000] {processor.py:840} INFO - DAG(s) 'example_dynamic_task_mapping' retrieved from /home/airflow/.local/lib/python3.11/site-packages/airflow/example_dags/example_dynamic_task_mapping.py
[2026-06-01T12:15:01.781+0000] {logging_mixin.py:188} INFO - [2026-06-01T12:15:01.781+0000] {dag.py:3096} INFO - Sync 1 DAGs
[2026-06-01T12:15:01.804+0000] {logging_mixin.py:188} INFO - [2026-06-01T12:15:01.804+0000] {dag.py:3954} INFO - Setting next_dagrun for example_dynamic_task_mapping to 2022-03-04 00:00:00+00:00, run_after=2022-03-05 00:00:00+00:00
[2026-06-01T12:15:01.824+0000] {processor.py:183} INFO - Processing /home/airflow/.local/lib/python3.11/site-packages/airflow/example_dags/example_dynamic_task_mapping.py took 0.086 seconds
[2026-06-01T12:15:32.129+0000] {processor.py:161} INFO - Started process (PID=728) to work on /home/airflow/.local/lib/python3.11/site-packages/airflow/example_dags/example_dynamic_task_mapping.py
[2026-06-01T12:15:32.130+0000] {processor.py:830} INFO - Processing file /home/airflow/.local/lib/python3.11/site-packages/airflow/example_dags/example_dynamic_task_mapping.py for tasks to queue
[2026-06-01T12:15:32.133+0000] {logging_mixin.py:188} INFO - [2026-06-01T12:15:32.133+0000] {dagbag.py:545} INFO - Filling up the DagBag from /home/airflow/.local/lib/python3.11/site-packages/airflow/example_dags/example_dynamic_task_mapping.py
[2026-06-01T12:15:32.142+0000] {processor.py:840} INFO - DAG(s) 'example_dynamic_task_mapping' retrieved from /home/airflow/.local/lib/python3.11/site-packages/airflow/example_dags/example_dynamic_task_mapping.py
[2026-06-01T12:15:32.167+0000] {logging_mixin.py:188} INFO - [2026-06-01T12:15:32.166+0000] {dag.py:3096} INFO - Sync 1 DAGs
[2026-06-01T12:15:32.191+0000] {logging_mixin.py:188} INFO - [2026-06-01T12:15:32.191+0000] {dag.py:3954} INFO - Setting next_dagrun for example_dynamic_task_mapping to 2022-03-04 00:00:00+00:00, run_after=2022-03-05 00:00:00+00:00
[2026-06-01T12:15:32.222+0000] {processor.py:183} INFO - Processing /home/airflow/.local/lib/python3.11/site-packages/airflow/example_dags/example_dynamic_task_mapping.py took 0.102 seconds
[2026-06-01T12:16:02.477+0000] {processor.py:161} INFO - Started process (PID=795) to work on /home/airflow/.local/lib/python3.11/site-packages/airflow/example_dags/example_dynamic_task_mapping.py
[2026-06-01T12:16:02.478+0000] {processor.py:830} INFO - Processing file /home/airflow/.local/lib/python3.11/site-packages/airflow/example_dags/example_dynamic_task_mapping.py for tasks to queue
[2026-06-01T12:16:02.481+0000] {logging_mixin.py:188} INFO - [2026-06-01T12:16:02.481+0000] {dagbag.py:545} INFO - Filling up the DagBag from /home/airflow/.local/lib/python3.11/site-packages/airflow/example_dags/example_dynamic_task_mapping.py
[2026-06-01T12:16:02.490+0000] {processor.py:840} INFO - DAG(s) 'example_dynamic_task_mapping' retrieved from /home/airflow/.local/lib/python3.11/site-packages/airflow/example_dags/example_dynamic_task_mapping.py
[2026-06-01T12:16:02.514+0000] {logging_mixin.py:188} INFO - [2026-06-01T12:16:02.514+0000] {dag.py:3096} INFO - Sync 1 DAGs
[2026-06-01T12:16:02.539+0000] {logging_mixin.py:188} INFO - [2026-06-01T12:16:02.538+0000] {dag.py:3954} INFO - Setting next_dagrun for example_dynamic_task_mapping to 2022-03-04 00:00:00+00:00, run_after=2022-03-05 00:00:00+00:00
[2026-06-01T12:16:02.568+0000] {processor.py:183} INFO - Processing /home/airflow/.local/lib/python3.11/site-packages/airflow/example_dags/example_dynamic_task_mapping.py took 0.098 seconds
[2026-06-01T12:16:32.715+0000] {processor.py:161} INFO - Started process (PID=863) to work on /home/airflow/.local/lib/python3.11/site-packages/airflow/example_dags/example_dynamic_task_mapping.py
[2026-06-01T12:16:32.717+0000] {processor.py:830} INFO - Processing file /home/airflow/.local/lib/python3.11/site-packages/airflow/example_dags/example_dynamic_task_mapping.py for tasks to queue
[2026-06-01T12:16:32.720+0000] {logging_mixin.py:188} INFO - [2026-06-01T12:16:32.720+0000] {dagbag.py:545} INFO - Filling up the DagBag from /home/airflow/.local/lib/python3.11/site-packages/airflow/example_dags/example_dynamic_task_mapping.py
[2026-06-01T12:16:32.730+0000] {processor.py:840} INFO - DAG(s) 'example_dynamic_task_mapping' retrieved from /home/airflow/.local/lib/python3.11/site-packages/airflow/example_dags/example_dynamic_task_mapping.py
[2026-06-01T12:16:32.762+0000] {logging_mixin.py:188} INFO - [2026-06-01T12:16:32.758+0000] {dag.py:3096} INFO - Sync 1 DAGs
[2026-06-01T12:16:32.797+0000] {logging_mixin.py:188} INFO - [2026-06-01T12:16:32.797+0000] {dag.py:3954} INFO - Setting next_dagrun for example_dynamic_task_mapping to 2022-03-04 00:00:00+00:00, run_after=2022-03-05 00:00:00+00:00
[2026-06-01T12:16:32.826+0000] {processor.py:183} INFO - Processing /home/airflow/.local/lib/python3.11/site-packages/airflow/example_dags/example_dynamic_task_mapping.py took 0.120 seconds
[2026-06-01T12:17:03.329+0000] {processor.py:161} INFO - Started process (PID=930) to work on /home/airflow/.local/lib/python3.11/site-packages/airflow/example_dags/example_dynamic_task_mapping.py
[2026-06-01T12:17:03.331+0000] {processor.py:830} INFO - Processing file /home/airflow/.local/lib/python3.11/site-packages/airflow/example_dags/example_dynamic_task_mapping.py for tasks to queue
[2026-06-01T12:17:03.334+0000] {logging_mixin.py:188} INFO - [2026-06-01T12:17:03.333+0000] {dagbag.py:545} INFO - Filling up the DagBag from /home/airflow/.local/lib/python3.11/site-packages/airflow/example_dags/example_dynamic_task_mapping.py
[2026-06-01T12:17:03.344+0000] {processor.py:840} INFO - DAG(s) 'example_dynamic_task_mapping' retrieved from /home/airflow/.local/lib/python3.11/site-packages/airflow/example_dags/example_dynamic_task_mapping.py
[2026-06-01T12:17:03.384+0000] {logging_mixin.py:188} INFO - [2026-06-01T12:17:03.383+0000] {dag.py:3096} INFO - Sync 1 DAGs
[2026-06-01T12:17:03.422+0000] {logging_mixin.py:188} INFO - [2026-06-01T12:17:03.421+0000] {dag.py:3954} INFO - Setting next_dagrun for example_dynamic_task_mapping to 2022-03-04 00:00:00+00:00, run_after=2022-03-05 00:00:00+00:00
[2026-06-01T12:17:03.460+0000] {processor.py:183} INFO - Processing /home/airflow/.local/lib/python3.11/site-packages/airflow/example_dags/example_dynamic_task_mapping.py took 0.139 seconds
[2026-06-01T12:17:33.759+0000] {processor.py:161} INFO - Started process (PID=998) to work on /home/airflow/.local/lib/python3.11/site-packages/airflow/example_dags/example_dynamic_task_mapping.py
[2026-06-01T12:17:33.761+0000] {processor.py:830} INFO - Processing file /home/airflow/.local/lib/python3.11/site-packages/airflow/example_dags/example_dynamic_task_mapping.py for tasks to queue
[2026-06-01T12:17:33.764+0000] {logging_mixin.py:188} INFO - [2026-06-01T12:17:33.763+0000] {dagbag.py:545} INFO - Filling up the DagBag from /home/airflow/.local/lib/python3.11/site-packages/airflow/example_dags/example_dynamic_task_mapping.py
[2026-06-01T12:17:33.773+0000] {processor.py:840} INFO - DAG(s) 'example_dynamic_task_mapping' retrieved from /home/airflow/.local/lib/python3.11/site-packages/airflow/example_dags/example_dynamic_task_mapping.py
[2026-06-01T12:17:33.797+0000] {logging_mixin.py:188} INFO - [2026-06-01T12:17:33.797+0000] {dag.py:3096} INFO - Sync 1 DAGs
[2026-06-01T12:17:33.823+0000] {logging_mixin.py:188} INFO - [2026-06-01T12:17:33.823+0000] {dag.py:3954} INFO - Setting next_dagrun for example_dynamic_task_mapping to 2022-03-04 00:00:00+00:00, run_after=2022-03-05 00:00:00+00:00
[2026-06-01T12:17:33.854+0000] {processor.py:183} INFO - Processing /home/airflow/.local/lib/python3.11/site-packages/airflow/example_dags/example_dynamic_task_mapping.py took 0.105 seconds
[2026-06-01T12:18:04.165+0000] {processor.py:161} INFO - Started process (PID=1066) to work on /home/airflow/.local/lib/python3.11/site-packages/airflow/example_dags/example_dynamic_task_mapping.py
[2026-06-01T12:18:04.167+0000] {processor.py:830} INFO - Processing file /home/airflow/.local/lib/python3.11/site-packages/airflow/example_dags/example_dynamic_task_mapping.py for tasks to queue
[2026-06-01T12:18:04.170+0000] {logging_mixin.py:188} INFO - [2026-06-01T12:18:04.170+0000] {dagbag.py:545} INFO - Filling up the DagBag from /home/airflow/.local/lib/python3.11/site-packages/airflow/example_dags/example_dynamic_task_mapping.py
[2026-06-01T12:18:04.184+0000] {processor.py:840} INFO - DAG(s) 'example_dynamic_task_mapping' retrieved from /home/airflow/.local/lib/python3.11/site-packages/airflow/example_dags/example_dynamic_task_mapping.py
[2026-06-01T12:18:04.213+0000] {logging_mixin.py:188} INFO - [2026-06-01T12:18:04.212+0000] {dag.py:3096} INFO - Sync 1 DAGs
[2026-06-01T12:18:04.241+0000] {logging_mixin.py:188} INFO - [2026-06-01T12:18:04.241+0000] {dag.py:3954} INFO - Setting next_dagrun for example_dynamic_task_mapping to 2022-03-04 00:00:00+00:00, run_after=2022-03-05 00:00:00+00:00
[2026-06-01T12:18:04.276+0000] {processor.py:183} INFO - Processing /home/airflow/.local/lib/python3.11/site-packages/airflow/example_dags/example_dynamic_task_mapping.py took 0.122 seconds
[2026-06-01T12:18:35.512+0000] {processor.py:161} INFO - Started process (PID=1127) to work on /home/airflow/.local/lib/python3.11/site-packages/airflow/example_dags/example_dynamic_task_mapping.py
[2026-06-01T12:18:35.521+0000] {processor.py:830} INFO - Processing file /home/airflow/.local/lib/python3.11/site-packages/airflow/example_dags/example_dynamic_task_mapping.py for tasks to queue
[2026-06-01T12:18:35.530+0000] {logging_mixin.py:188} INFO - [2026-06-01T12:18:35.530+0000] {dagbag.py:545} INFO - Filling up the DagBag from /home/airflow/.local/lib/python3.11/site-packages/airflow/example_dags/example_dynamic_task_mapping.py
[2026-06-01T12:18:35.577+0000] {processor.py:840} INFO - DAG(s) 'example_dynamic_task_mapping' retrieved from /home/airflow/.local/lib/python3.11/site-packages/airflow/example_dags/example_dynamic_task_mapping.py
[2026-06-01T12:18:35.692+0000] {logging_mixin.py:188} INFO - [2026-06-01T12:18:35.692+0000] {dag.py:3096} INFO - Sync 1 DAGs
[2026-06-01T12:18:35.750+0000] {logging_mixin.py:188} INFO - [2026-06-01T12:18:35.750+0000] {dag.py:3954} INFO - Setting next_dagrun for example_dynamic_task_mapping to 2022-03-04 00:00:00+00:00, run_after=2022-03-05 00:00:00+00:00
[2026-06-01T12:18:35.821+0000] {processor.py:183} INFO - Processing /home/airflow/.local/lib/python3.11/site-packages/airflow/example_dags/example_dynamic_task_mapping.py took 0.340 seconds
[2026-06-01T12:19:06.389+0000] {processor.py:161} INFO - Started process (PID=1192) to work on /home/airflow/.local/lib/python3.11/site-packages/airflow/example_dags/example_dynamic_task_mapping.py
[2026-06-01T12:19:06.393+0000] {processor.py:830} INFO - Processing file /home/airflow/.local/lib/python3.11/site-packages/airflow/example_dags/example_dynamic_task_mapping.py for tasks to queue
[2026-06-01T12:19:06.397+0000] {logging_mixin.py:188} INFO - [2026-06-01T12:19:06.396+0000] {dagbag.py:545} INFO - Filling up the DagBag from /home/airflow/.local/lib/python3.11/site-packages/airflow/example_dags/example_dynamic_task_mapping.py
[2026-06-01T12:19:06.416+0000] {processor.py:840} INFO - DAG(s) 'example_dynamic_task_mapping' retrieved from /home/airflow/.local/lib/python3.11/site-packages/airflow/example_dags/example_dynamic_task_mapping.py
[2026-06-01T12:19:06.479+0000] {logging_mixin.py:188} INFO - [2026-06-01T12:19:06.479+0000] {dag.py:3096} INFO - Sync 1 DAGs
[2026-06-01T12:19:06.546+0000] {logging_mixin.py:188} INFO - [2026-06-01T12:19:06.545+0000] {dag.py:3954} INFO - Setting next_dagrun for example_dynamic_task_mapping to 2022-03-04 00:00:00+00:00, run_after=2022-03-05 00:00:00+00:00
[2026-06-01T12:19:06.677+0000] {processor.py:183} INFO - Processing /home/airflow/.local/lib/python3.11/site-packages/airflow/example_dags/example_dynamic_task_mapping.py took 0.302 seconds
[2026-06-01T12:19:37.042+0000] {processor.py:161} INFO - Started process (PID=1259) to work on /home/airflow/.local/lib/python3.11/site-packages/airflow/example_dags/example_dynamic_task_mapping.py
[2026-06-01T12:19:37.046+0000] {processor.py:830} INFO - Processing file /home/airflow/.local/lib/python3.11/site-packages/airflow/example_dags/example_dynamic_task_mapping.py for tasks to queue
[2026-06-01T12:19:37.053+0000] {logging_mixin.py:188} INFO - [2026-06-01T12:19:37.052+0000] {dagbag.py:545} INFO - Filling up the DagBag from /home/airflow/.local/lib/python3.11/site-packages/airflow/example_dags/example_dynamic_task_mapping.py
[2026-06-01T12:19:37.083+0000] {processor.py:840} INFO - DAG(s) 'example_dynamic_task_mapping' retrieved from /home/airflow/.local/lib/python3.11/site-packages/airflow/example_dags/example_dynamic_task_mapping.py
[2026-06-01T12:19:37.146+0000] {logging_mixin.py:188} INFO - [2026-06-01T12:19:37.145+0000] {dag.py:3096} INFO - Sync 1 DAGs
[2026-06-01T12:19:37.221+0000] {logging_mixin.py:188} INFO - [2026-06-01T12:19:37.221+0000] {dag.py:3954} INFO - Setting next_dagrun for example_dynamic_task_mapping to 2022-03-04 00:00:00+00:00, run_after=2022-03-05 00:00:00+00:00
[2026-06-01T12:19:37.277+0000] {processor.py:183} INFO - Processing /home/airflow/.local/lib/python3.11/site-packages/airflow/example_dags/example_dynamic_task_mapping.py took 0.258 seconds
[2026-06-01T12:20:08.388+0000] {processor.py:161} INFO - Started process (PID=1328) to work on /home/airflow/.local/lib/python3.11/site-packages/airflow/example_dags/example_dynamic_task_mapping.py
[2026-06-01T12:20:08.392+0000] {processor.py:830} INFO - Processing file /home/airflow/.local/lib/python3.11/site-packages/airflow/example_dags/example_dynamic_task_mapping.py for tasks to queue
[2026-06-01T12:20:08.399+0000] {logging_mixin.py:188} INFO - [2026-06-01T12:20:08.399+0000] {dagbag.py:545} INFO - Filling up the DagBag from /home/airflow/.local/lib/python3.11/site-packages/airflow/example_dags/example_dynamic_task_mapping.py
[2026-06-01T12:20:08.419+0000] {processor.py:840} INFO - DAG(s) 'example_dynamic_task_mapping' retrieved from /home/airflow/.local/lib/python3.11/site-packages/airflow/example_dags/example_dynamic_task_mapping.py
[2026-06-01T12:20:08.517+0000] {logging_mixin.py:188} INFO - [2026-06-01T12:20:08.517+0000] {dag.py:3096} INFO - Sync 1 DAGs
[2026-06-01T12:20:08.605+0000] {logging_mixin.py:188} INFO - [2026-06-01T12:20:08.605+0000] {dag.py:3954} INFO - Setting next_dagrun for example_dynamic_task_mapping to 2022-03-04 00:00:00+00:00, run_after=2022-03-05 00:00:00+00:00
[2026-06-01T12:20:08.665+0000] {processor.py:183} INFO - Processing /home/airflow/.local/lib/python3.11/site-packages/airflow/example_dags/example_dynamic_task_mapping.py took 0.296 seconds
[2026-06-01T12:20:38.981+0000] {processor.py:161} INFO - Started process (PID=1396) to work on /home/airflow/.local/lib/python3.11/site-packages/airflow/example_dags/example_dynamic_task_mapping.py
[2026-06-01T12:20:38.984+0000] {processor.py:830} INFO - Processing file /home/airflow/.local/lib/python3.11/site-packages/airflow/example_dags/example_dynamic_task_mapping.py for tasks to queue
[2026-06-01T12:20:38.989+0000] {logging_mixin.py:188} INFO - [2026-06-01T12:20:38.988+0000] {dagbag.py:545} INFO - Filling up the DagBag from /home/airflow/.local/lib/python3.11/site-packages/airflow/example_dags/example_dynamic_task_mapping.py
[2026-06-01T12:20:39.005+0000] {processor.py:840} INFO - DAG(s) 'example_dynamic_task_mapping' retrieved from /home/airflow/.local/lib/python3.11/site-packages/airflow/example_dags/example_dynamic_task_mapping.py
[2026-06-01T12:20:39.050+0000] {logging_mixin.py:188} INFO - [2026-06-01T12:20:39.049+0000] {dag.py:3096} INFO - Sync 1 DAGs
[2026-06-01T12:20:39.093+0000] {logging_mixin.py:188} INFO - [2026-06-01T12:20:39.092+0000] {dag.py:3954} INFO - Setting next_dagrun for example_dynamic_task_mapping to 2022-03-04 00:00:00+00:00, run_after=2022-03-05 00:00:00+00:00
[2026-06-01T12:20:39.128+0000] {processor.py:183} INFO - Processing /home/airflow/.local/lib/python3.11/site-packages/airflow/example_dags/example_dynamic_task_mapping.py took 0.163 seconds
[2026-06-01T12:21:09.266+0000] {processor.py:161} INFO - Started process (PID=1464) to work on /home/airflow/.local/lib/python3.11/site-packages/airflow/example_dags/example_dynamic_task_mapping.py
[2026-06-01T12:21:09.269+0000] {processor.py:830} INFO - Processing file /home/airflow/.local/lib/python3.11/site-packages/airflow/example_dags/example_dynamic_task_mapping.py for tasks to queue
[2026-06-01T12:21:09.274+0000] {logging_mixin.py:188} INFO - [2026-06-01T12:21:09.273+0000] {dagbag.py:545} INFO - Filling up the DagBag from /home/airflow/.local/lib/python3.11/site-packages/airflow/example_dags/example_dynamic_task_mapping.py
[2026-06-01T12:21:09.292+0000] {processor.py:840} INFO - DAG(s) 'example_dynamic_task_mapping' retrieved from /home/airflow/.local/lib/python3.11/site-packages/airflow/example_dags/example_dynamic_task_mapping.py
[2026-06-01T12:21:09.346+0000] {logging_mixin.py:188} INFO - [2026-06-01T12:21:09.346+0000] {dag.py:3096} INFO - Sync 1 DAGs
[2026-06-01T12:21:09.416+0000] {logging_mixin.py:188} INFO - [2026-06-01T12:21:09.415+0000] {dag.py:3954} INFO - Setting next_dagrun for example_dynamic_task_mapping to 2022-03-04 00:00:00+00:00, run_after=2022-03-05 00:00:00+00:00
[2026-06-01T12:21:09.477+0000] {processor.py:183} INFO - Processing /home/airflow/.local/lib/python3.11/site-packages/airflow/example_dags/example_dynamic_task_mapping.py took 0.225 seconds
[2026-06-01T12:21:39.988+0000] {processor.py:161} INFO - Started process (PID=1532) to work on /home/airflow/.local/lib/python3.11/site-packages/airflow/example_dags/example_dynamic_task_mapping.py
[2026-06-01T12:21:39.990+0000] {processor.py:830} INFO - Processing file /home/airflow/.local/lib/python3.11/site-packages/airflow/example_dags/example_dynamic_task_mapping.py for tasks to queue
[2026-06-01T12:21:39.995+0000] {logging_mixin.py:188} INFO - [2026-06-01T12:21:39.994+0000] {dagbag.py:545} INFO - Filling up the DagBag from /home/airflow/.local/lib/python3.11/site-packages/airflow/example_dags/example_dynamic_task_mapping.py
[2026-06-01T12:21:40.013+0000] {processor.py:840} INFO - DAG(s) 'example_dynamic_task_mapping' retrieved from /home/airflow/.local/lib/python3.11/site-packages/airflow/example_dags/example_dynamic_task_mapping.py
[2026-06-01T12:21:40.109+0000] {logging_mixin.py:188} INFO - [2026-06-01T12:21:40.108+0000] {dag.py:3096} INFO - Sync 1 DAGs
[2026-06-01T12:21:40.281+0000] {logging_mixin.py:188} INFO - [2026-06-01T12:21:40.281+0000] {dag.py:3954} INFO - Setting next_dagrun for example_dynamic_task_mapping to 2022-03-04 00:00:00+00:00, run_after=2022-03-05 00:00:00+00:00
[2026-06-01T12:21:40.388+0000] {processor.py:183} INFO - Processing /home/airflow/.local/lib/python3.11/site-packages/airflow/example_dags/example_dynamic_task_mapping.py took 0.416 seconds
[2026-06-01T12:22:11.015+0000] {processor.py:161} INFO - Started process (PID=1599) to work on /home/airflow/.local/lib/python3.11/site-packages/airflow/example_dags/example_dynamic_task_mapping.py
[2026-06-01T12:22:11.017+0000] {processor.py:830} INFO - Processing file /home/airflow/.local/lib/python3.11/site-packages/airflow/example_dags/example_dynamic_task_mapping.py for tasks to queue
[2026-06-01T12:22:11.022+0000] {logging_mixin.py:188} INFO - [2026-06-01T12:22:11.021+0000] {dagbag.py:545} INFO - Filling up the DagBag from /home/airflow/.local/lib/python3.11/site-packages/airflow/example_dags/example_dynamic_task_mapping.py
[2026-06-01T12:22:11.044+0000] {processor.py:840} INFO - DAG(s) 'example_dynamic_task_mapping' retrieved from /home/airflow/.local/lib/python3.11/site-packages/airflow/example_dags/example_dynamic_task_mapping.py
[2026-06-01T12:22:11.088+0000] {logging_mixin.py:188} INFO - [2026-06-01T12:22:11.088+0000] {dag.py:3096} INFO - Sync 1 DAGs
[2026-06-01T12:22:11.132+0000] {logging_mixin.py:188} INFO - [2026-06-01T12:22:11.132+0000] {dag.py:3954} INFO - Setting next_dagrun for example_dynamic_task_mapping to 2022-03-04 00:00:00+00:00, run_after=2022-03-05 00:00:00+00:00
[2026-06-01T12:22:11.178+0000] {processor.py:183} INFO - Processing /home/airflow/.local/lib/python3.11/site-packages/airflow/example_dags/example_dynamic_task_mapping.py took 0.175 seconds
[2026-06-01T12:22:41.940+0000] {processor.py:161} INFO - Started process (PID=1668) to work on /home/airflow/.local/lib/python3.11/site-packages/airflow/example_dags/example_dynamic_task_mapping.py
[2026-06-01T12:22:41.942+0000] {processor.py:830} INFO - Processing file /home/airflow/.local/lib/python3.11/site-packages/airflow/example_dags/example_dynamic_task_mapping.py for tasks to queue
[2026-06-01T12:22:41.949+0000] {logging_mixin.py:188} INFO - [2026-06-01T12:22:41.948+0000] {dagbag.py:545} INFO - Filling up the DagBag from /home/airflow/.local/lib/python3.11/site-packages/airflow/example_dags/example_dynamic_task_mapping.py
[2026-06-01T12:22:41.971+0000] {processor.py:840} INFO - DAG(s) 'example_dynamic_task_mapping' retrieved from /home/airflow/.local/lib/python3.11/site-packages/airflow/example_dags/example_dynamic_task_mapping.py
[2026-06-01T12:22:42.012+0000] {logging_mixin.py:188} INFO - [2026-06-01T12:22:42.011+0000] {dag.py:3096} INFO - Sync 1 DAGs
[2026-06-01T12:22:42.050+0000] {logging_mixin.py:188} INFO - [2026-06-01T12:22:42.050+0000] {dag.py:3954} INFO - Setting next_dagrun for example_dynamic_task_mapping to 2022-03-04 00:00:00+00:00, run_after=2022-03-05 00:00:00+00:00
[2026-06-01T12:22:42.110+0000] {processor.py:183} INFO - Processing /home/airflow/.local/lib/python3.11/site-packages/airflow/example_dags/example_dynamic_task_mapping.py took 0.188 seconds
[2026-06-01T12:23:12.406+0000] {processor.py:161} INFO - Started process (PID=1727) to work on /home/airflow/.local/lib/python3.11/site-packages/airflow/example_dags/example_dynamic_task_mapping.py
[2026-06-01T12:23:12.408+0000] {processor.py:830} INFO - Processing file /home/airflow/.local/lib/python3.11/site-packages/airflow/example_dags/example_dynamic_task_mapping.py for tasks to queue
[2026-06-01T12:23:12.412+0000] {logging_mixin.py:188} INFO - [2026-06-01T12:23:12.411+0000] {dagbag.py:545} INFO - Filling up the DagBag from /home/airflow/.local/lib/python3.11/site-packages/airflow/example_dags/example_dynamic_task_mapping.py
[2026-06-01T12:23:12.429+0000] {processor.py:840} INFO - DAG(s) 'example_dynamic_task_mapping' retrieved from /home/airflow/.local/lib/python3.11/site-packages/airflow/example_dags/example_dynamic_task_mapping.py
[2026-06-01T12:23:12.458+0000] {logging_mixin.py:188} INFO - [2026-06-01T12:23:12.457+0000] {dag.py:3096} INFO - Sync 1 DAGs
[2026-06-01T12:23:12.511+0000] {logging_mixin.py:188} INFO - [2026-06-01T12:23:12.511+0000] {dag.py:3954} INFO - Setting next_dagrun for example_dynamic_task_mapping to 2022-03-04 00:00:00+00:00, run_after=2022-03-05 00:00:00+00:00
[2026-06-01T12:23:12.589+0000] {processor.py:183} INFO - Processing /home/airflow/.local/lib/python3.11/site-packages/airflow/example_dags/example_dynamic_task_mapping.py took 0.201 seconds
[2026-06-01T12:23:42.778+0000] {processor.py:161} INFO - Started process (PID=1794) to work on /home/airflow/.local/lib/python3.11/site-packages/airflow/example_dags/example_dynamic_task_mapping.py
[2026-06-01T12:23:42.790+0000] {processor.py:830} INFO - Processing file /home/airflow/.local/lib/python3.11/site-packages/airflow/example_dags/example_dynamic_task_mapping.py for tasks to queue
[2026-06-01T12:23:42.799+0000] {logging_mixin.py:188} INFO - [2026-06-01T12:23:42.798+0000] {dagbag.py:545} INFO - Filling up the DagBag from /home/airflow/.local/lib/python3.11/site-packages/airflow/example_dags/example_dynamic_task_mapping.py
[2026-06-01T12:23:42.829+0000] {processor.py:840} INFO - DAG(s) 'example_dynamic_task_mapping' retrieved from /home/airflow/.local/lib/python3.11/site-packages/airflow/example_dags/example_dynamic_task_mapping.py
[2026-06-01T12:23:42.899+0000] {logging_mixin.py:188} INFO - [2026-06-01T12:23:42.898+0000] {dag.py:3096} INFO - Sync 1 DAGs
[2026-06-01T12:23:42.950+0000] {logging_mixin.py:188} INFO - [2026-06-01T12:23:42.950+0000] {dag.py:3954} INFO - Setting next_dagrun for example_dynamic_task_mapping to 2022-03-04 00:00:00+00:00, run_after=2022-03-05 00:00:00+00:00
[2026-06-01T12:23:43.001+0000] {processor.py:183} INFO - Processing /home/airflow/.local/lib/python3.11/site-packages/airflow/example_dags/example_dynamic_task_mapping.py took 0.238 seconds
[2026-06-01T12:24:13.195+0000] {processor.py:161} INFO - Started process (PID=1862) to work on /home/airflow/.local/lib/python3.11/site-packages/airflow/example_dags/example_dynamic_task_mapping.py
[2026-06-01T12:24:13.199+0000] {processor.py:830} INFO - Processing file /home/airflow/.local/lib/python3.11/site-packages/airflow/example_dags/example_dynamic_task_mapping.py for tasks to queue
[2026-06-01T12:24:13.203+0000] {logging_mixin.py:188} INFO - [2026-06-01T12:24:13.202+0000] {dagbag.py:545} INFO - Filling up the DagBag from /home/airflow/.local/lib/python3.11/site-packages/airflow/example_dags/example_dynamic_task_mapping.py
[2026-06-01T12:24:13.219+0000] {processor.py:840} INFO - DAG(s) 'example_dynamic_task_mapping' retrieved from /home/airflow/.local/lib/python3.11/site-packages/airflow/example_dags/example_dynamic_task_mapping.py
[2026-06-01T12:24:13.262+0000] {logging_mixin.py:188} INFO - [2026-06-01T12:24:13.262+0000] {dag.py:3096} INFO - Sync 1 DAGs
[2026-06-01T12:24:13.319+0000] {logging_mixin.py:188} INFO - [2026-06-01T12:24:13.318+0000] {dag.py:3954} INFO - Setting next_dagrun for example_dynamic_task_mapping to 2022-03-04 00:00:00+00:00, run_after=2022-03-05 00:00:00+00:00
[2026-06-01T12:24:13.381+0000] {processor.py:183} INFO - Processing /home/airflow/.local/lib/python3.11/site-packages/airflow/example_dags/example_dynamic_task_mapping.py took 0.199 seconds
[2026-06-01T12:24:44.251+0000] {processor.py:161} INFO - Started process (PID=1931) to work on /home/airflow/.local/lib/python3.11/site-packages/airflow/example_dags/example_dynamic_task_mapping.py
[2026-06-01T12:24:44.259+0000] {processor.py:830} INFO - Processing file /home/airflow/.local/lib/python3.11/site-packages/airflow/example_dags/example_dynamic_task_mapping.py for tasks to queue
[2026-06-01T12:24:44.304+0000] {logging_mixin.py:188} INFO - [2026-06-01T12:24:44.304+0000] {dagbag.py:545} INFO - Filling up the DagBag from /home/airflow/.local/lib/python3.11/site-packages/airflow/example_dags/example_dynamic_task_mapping.py
[2026-06-01T12:24:44.354+0000] {processor.py:840} INFO - DAG(s) 'example_dynamic_task_mapping' retrieved from /home/airflow/.local/lib/python3.11/site-packages/airflow/example_dags/example_dynamic_task_mapping.py
[2026-06-01T12:24:44.438+0000] {logging_mixin.py:188} INFO - [2026-06-01T12:24:44.437+0000] {dag.py:3096} INFO - Sync 1 DAGs
[2026-06-01T12:24:44.504+0000] {logging_mixin.py:188} INFO - [2026-06-01T12:24:44.504+0000] {dag.py:3954} INFO - Setting next_dagrun for example_dynamic_task_mapping to 2022-03-04 00:00:00+00:00, run_after=2022-03-05 00:00:00+00:00
[2026-06-01T12:24:44.572+0000] {processor.py:183} INFO - Processing /home/airflow/.local/lib/python3.11/site-packages/airflow/example_dags/example_dynamic_task_mapping.py took 0.338 seconds
[2026-06-01T12:25:15.123+0000] {processor.py:161} INFO - Started process (PID=1999) to work on /home/airflow/.local/lib/python3.11/site-packages/airflow/example_dags/example_dynamic_task_mapping.py
[2026-06-01T12:25:15.127+0000] {processor.py:830} INFO - Processing file /home/airflow/.local/lib/python3.11/site-packages/airflow/example_dags/example_dynamic_task_mapping.py for tasks to queue
[2026-06-01T12:25:15.136+0000] {logging_mixin.py:188} INFO - [2026-06-01T12:25:15.135+0000] {dagbag.py:545} INFO - Filling up the DagBag from /home/airflow/.local/lib/python3.11/site-packages/airflow/example_dags/example_dynamic_task_mapping.py
[2026-06-01T12:25:15.154+0000] {processor.py:840} INFO - DAG(s) 'example_dynamic_task_mapping' retrieved from /home/airflow/.local/lib/python3.11/site-packages/airflow/example_dags/example_dynamic_task_mapping.py
[2026-06-01T12:25:15.221+0000] {logging_mixin.py:188} INFO - [2026-06-01T12:25:15.220+0000] {dag.py:3096} INFO - Sync 1 DAGs
[2026-06-01T12:25:15.269+0000] {logging_mixin.py:188} INFO - [2026-06-01T12:25:15.267+0000] {dag.py:3954} INFO - Setting next_dagrun for example_dynamic_task_mapping to 2022-03-04 00:00:00+00:00, run_after=2022-03-05 00:00:00+00:00
[2026-06-01T12:25:15.321+0000] {processor.py:183} INFO - Processing /home/airflow/.local/lib/python3.11/site-packages/airflow/example_dags/example_dynamic_task_mapping.py took 0.215 seconds
[2026-06-01T12:25:46.230+0000] {processor.py:161} INFO - Started process (PID=2067) to work on /home/airflow/.local/lib/python3.11/site-packages/airflow/example_dags/example_dynamic_task_mapping.py
[2026-06-01T12:25:46.238+0000] {processor.py:830} INFO - Processing file /home/airflow/.local/lib/python3.11/site-packages/airflow/example_dags/example_dynamic_task_mapping.py for tasks to queue
[2026-06-01T12:25:46.247+0000] {logging_mixin.py:188} INFO - [2026-06-01T12:25:46.246+0000] {dagbag.py:545} INFO - Filling up the DagBag from /home/airflow/.local/lib/python3.11/site-packages/airflow/example_dags/example_dynamic_task_mapping.py
[2026-06-01T12:25:46.267+0000] {processor.py:840} INFO - DAG(s) 'example_dynamic_task_mapping' retrieved from /home/airflow/.local/lib/python3.11/site-packages/airflow/example_dags/example_dynamic_task_mapping.py
[2026-06-01T12:25:46.339+0000] {logging_mixin.py:188} INFO - [2026-06-01T12:25:46.338+0000] {dag.py:3096} INFO - Sync 1 DAGs
[2026-06-01T12:25:46.404+0000] {logging_mixin.py:188} INFO - [2026-06-01T12:25:46.403+0000] {dag.py:3954} INFO - Setting next_dagrun for example_dynamic_task_mapping to 2022-03-04 00:00:00+00:00, run_after=2022-03-05 00:00:00+00:00
[2026-06-01T12:25:46.457+0000] {processor.py:183} INFO - Processing /home/airflow/.local/lib/python3.11/site-packages/airflow/example_dags/example_dynamic_task_mapping.py took 0.256 seconds
[2026-06-01T12:26:16.635+0000] {processor.py:161} INFO - Started process (PID=2135) to work on /home/airflow/.local/lib/python3.11/site-packages/airflow/example_dags/example_dynamic_task_mapping.py
[2026-06-01T12:26:16.638+0000] {processor.py:830} INFO - Processing file /home/airflow/.local/lib/python3.11/site-packages/airflow/example_dags/example_dynamic_task_mapping.py for tasks to queue
[2026-06-01T12:26:16.642+0000] {logging_mixin.py:188} INFO - [2026-06-01T12:26:16.641+0000] {dagbag.py:545} INFO - Filling up the DagBag from /home/airflow/.local/lib/python3.11/site-packages/airflow/example_dags/example_dynamic_task_mapping.py
[2026-06-01T12:26:16.658+0000] {processor.py:840} INFO - DAG(s) 'example_dynamic_task_mapping' retrieved from /home/airflow/.local/lib/python3.11/site-packages/airflow/example_dags/example_dynamic_task_mapping.py
[2026-06-01T12:26:16.731+0000] {logging_mixin.py:188} INFO - [2026-06-01T12:26:16.731+0000] {dag.py:3096} INFO - Sync 1 DAGs
[2026-06-01T12:26:16.789+0000] {logging_mixin.py:188} INFO - [2026-06-01T12:26:16.789+0000] {dag.py:3954} INFO - Setting next_dagrun for example_dynamic_task_mapping to 2022-03-04 00:00:00+00:00, run_after=2022-03-05 00:00:00+00:00
[2026-06-01T12:26:16.836+0000] {processor.py:183} INFO - Processing /home/airflow/.local/lib/python3.11/site-packages/airflow/example_dags/example_dynamic_task_mapping.py took 0.211 seconds
[2026-06-01T12:26:47.332+0000] {processor.py:161} INFO - Started process (PID=2202) to work on /home/airflow/.local/lib/python3.11/site-packages/airflow/example_dags/example_dynamic_task_mapping.py
[2026-06-01T12:26:47.338+0000] {processor.py:830} INFO - Processing file /home/airflow/.local/lib/python3.11/site-packages/airflow/example_dags/example_dynamic_task_mapping.py for tasks to queue
[2026-06-01T12:26:47.354+0000] {logging_mixin.py:188} INFO - [2026-06-01T12:26:47.354+0000] {dagbag.py:545} INFO - Filling up the DagBag from /home/airflow/.local/lib/python3.11/site-packages/airflow/example_dags/example_dynamic_task_mapping.py
[2026-06-01T12:26:47.382+0000] {processor.py:840} INFO - DAG(s) 'example_dynamic_task_mapping' retrieved from /home/airflow/.local/lib/python3.11/site-packages/airflow/example_dags/example_dynamic_task_mapping.py
[2026-06-01T12:26:47.491+0000] {logging_mixin.py:188} INFO - [2026-06-01T12:26:47.490+0000] {dag.py:3096} INFO - Sync 1 DAGs
[2026-06-01T12:26:47.593+0000] {logging_mixin.py:188} INFO - [2026-06-01T12:26:47.593+0000] {dag.py:3954} INFO - Setting next_dagrun for example_dynamic_task_mapping to 2022-03-04 00:00:00+00:00, run_after=2022-03-05 00:00:00+00:00
[2026-06-01T12:26:47.679+0000] {processor.py:183} INFO - Processing /home/airflow/.local/lib/python3.11/site-packages/airflow/example_dags/example_dynamic_task_mapping.py took 0.369 seconds
[2026-06-01T12:27:19.720+0000] {processor.py:161} INFO - Started process (PID=2270) to work on /home/airflow/.local/lib/python3.11/site-packages/airflow/example_dags/example_dynamic_task_mapping.py
[2026-06-01T12:27:19.745+0000] {processor.py:830} INFO - Processing file /home/airflow/.local/lib/python3.11/site-packages/airflow/example_dags/example_dynamic_task_mapping.py for tasks to queue
[2026-06-01T12:27:19.770+0000] {logging_mixin.py:188} INFO - [2026-06-01T12:27:19.770+0000] {dagbag.py:545} INFO - Filling up the DagBag from /home/airflow/.local/lib/python3.11/site-packages/airflow/example_dags/example_dynamic_task_mapping.py
[2026-06-01T12:27:19.854+0000] {processor.py:840} INFO - DAG(s) 'example_dynamic_task_mapping' retrieved from /home/airflow/.local/lib/python3.11/site-packages/airflow/example_dags/example_dynamic_task_mapping.py
[2026-06-01T12:27:19.979+0000] {logging_mixin.py:188} INFO - [2026-06-01T12:27:19.979+0000] {dag.py:3096} INFO - Sync 1 DAGs
[2026-06-01T12:27:20.098+0000] {logging_mixin.py:188} INFO - [2026-06-01T12:27:20.097+0000] {dag.py:3954} INFO - Setting next_dagrun for example_dynamic_task_mapping to 2022-03-04 00:00:00+00:00, run_after=2022-03-05 00:00:00+00:00
[2026-06-01T12:27:20.201+0000] {processor.py:183} INFO - Processing /home/airflow/.local/lib/python3.11/site-packages/airflow/example_dags/example_dynamic_task_mapping.py took 0.530 seconds
[2026-06-01T12:27:50.606+0000] {processor.py:161} INFO - Started process (PID=2328) to work on /home/airflow/.local/lib/python3.11/site-packages/airflow/example_dags/example_dynamic_task_mapping.py
[2026-06-01T12:27:50.613+0000] {processor.py:830} INFO - Processing file /home/airflow/.local/lib/python3.11/site-packages/airflow/example_dags/example_dynamic_task_mapping.py for tasks to queue
[2026-06-01T12:27:50.616+0000] {logging_mixin.py:188} INFO - [2026-06-01T12:27:50.616+0000] {dagbag.py:545} INFO - Filling up the DagBag from /home/airflow/.local/lib/python3.11/site-packages/airflow/example_dags/example_dynamic_task_mapping.py
[2026-06-01T12:27:50.665+0000] {processor.py:840} INFO - DAG(s) 'example_dynamic_task_mapping' retrieved from /home/airflow/.local/lib/python3.11/site-packages/airflow/example_dags/example_dynamic_task_mapping.py
[2026-06-01T12:27:50.718+0000] {logging_mixin.py:188} INFO - [2026-06-01T12:27:50.717+0000] {dag.py:3096} INFO - Sync 1 DAGs
[2026-06-01T12:27:50.825+0000] {logging_mixin.py:188} INFO - [2026-06-01T12:27:50.825+0000] {dag.py:3954} INFO - Setting next_dagrun for example_dynamic_task_mapping to 2022-03-04 00:00:00+00:00, run_after=2022-03-05 00:00:00+00:00
[2026-06-01T12:27:50.858+0000] {processor.py:183} INFO - Processing /home/airflow/.local/lib/python3.11/site-packages/airflow/example_dags/example_dynamic_task_mapping.py took 0.267 seconds
[2026-06-01T12:28:21.442+0000] {processor.py:161} INFO - Started process (PID=2394) to work on /home/airflow/.local/lib/python3.11/site-packages/airflow/example_dags/example_dynamic_task_mapping.py
[2026-06-01T12:28:21.457+0000] {processor.py:830} INFO - Processing file /home/airflow/.local/lib/python3.11/site-packages/airflow/example_dags/example_dynamic_task_mapping.py for tasks to queue
[2026-06-01T12:28:21.489+0000] {logging_mixin.py:188} INFO - [2026-06-01T12:28:21.488+0000] {dagbag.py:545} INFO - Filling up the DagBag from /home/airflow/.local/lib/python3.11/site-packages/airflow/example_dags/example_dynamic_task_mapping.py
[2026-06-01T12:28:21.556+0000] {processor.py:840} INFO - DAG(s) 'example_dynamic_task_mapping' retrieved from /home/airflow/.local/lib/python3.11/site-packages/airflow/example_dags/example_dynamic_task_mapping.py
[2026-06-01T12:28:21.667+0000] {logging_mixin.py:188} INFO - [2026-06-01T12:28:21.666+0000] {dag.py:3096} INFO - Sync 1 DAGs
[2026-06-01T12:28:21.850+0000] {logging_mixin.py:188} INFO - [2026-06-01T12:28:21.849+0000] {dag.py:3954} INFO - Setting next_dagrun for example_dynamic_task_mapping to 2022-03-04 00:00:00+00:00, run_after=2022-03-05 00:00:00+00:00
[2026-06-01T12:28:22.027+0000] {processor.py:183} INFO - Processing /home/airflow/.local/lib/python3.11/site-packages/airflow/example_dags/example_dynamic_task_mapping.py took 0.607 seconds
[2026-06-01T12:28:52.212+0000] {processor.py:161} INFO - Started process (PID=2461) to work on /home/airflow/.local/lib/python3.11/site-packages/airflow/example_dags/example_dynamic_task_mapping.py
[2026-06-01T12:28:52.219+0000] {processor.py:830} INFO - Processing file /home/airflow/.local/lib/python3.11/site-packages/airflow/example_dags/example_dynamic_task_mapping.py for tasks to queue
[2026-06-01T12:28:52.222+0000] {logging_mixin.py:188} INFO - [2026-06-01T12:28:52.222+0000] {dagbag.py:545} INFO - Filling up the DagBag from /home/airflow/.local/lib/python3.11/site-packages/airflow/example_dags/example_dynamic_task_mapping.py
[2026-06-01T12:28:52.249+0000] {processor.py:840} INFO - DAG(s) 'example_dynamic_task_mapping' retrieved from /home/airflow/.local/lib/python3.11/site-packages/airflow/example_dags/example_dynamic_task_mapping.py
[2026-06-01T12:28:52.297+0000] {logging_mixin.py:188} INFO - [2026-06-01T12:28:52.297+0000] {dag.py:3096} INFO - Sync 1 DAGs
[2026-06-01T12:28:52.337+0000] {logging_mixin.py:188} INFO - [2026-06-01T12:28:52.337+0000] {dag.py:3954} INFO - Setting next_dagrun for example_dynamic_task_mapping to 2022-03-04 00:00:00+00:00, run_after=2022-03-05 00:00:00+00:00
[2026-06-01T12:28:52.399+0000] {processor.py:183} INFO - Processing /home/airflow/.local/lib/python3.11/site-packages/airflow/example_dags/example_dynamic_task_mapping.py took 0.205 seconds
[2026-06-01T12:29:22.904+0000] {processor.py:161} INFO - Started process (PID=2532) to work on /home/airflow/.local/lib/python3.11/site-packages/airflow/example_dags/example_dynamic_task_mapping.py
[2026-06-01T12:29:22.906+0000] {processor.py:830} INFO - Processing file /home/airflow/.local/lib/python3.11/site-packages/airflow/example_dags/example_dynamic_task_mapping.py for tasks to queue
[2026-06-01T12:29:22.913+0000] {logging_mixin.py:188} INFO - [2026-06-01T12:29:22.912+0000] {dagbag.py:545} INFO - Filling up the DagBag from /home/airflow/.local/lib/python3.11/site-packages/airflow/example_dags/example_dynamic_task_mapping.py
[2026-06-01T12:29:22.926+0000] {processor.py:840} INFO - DAG(s) 'example_dynamic_task_mapping' retrieved from /home/airflow/.local/lib/python3.11/site-packages/airflow/example_dags/example_dynamic_task_mapping.py
[2026-06-01T12:29:22.959+0000] {logging_mixin.py:188} INFO - [2026-06-01T12:29:22.959+0000] {dag.py:3096} INFO - Sync 1 DAGs
[2026-06-01T12:29:23.009+0000] {logging_mixin.py:188} INFO - [2026-06-01T12:29:23.007+0000] {dag.py:3954} INFO - Setting next_dagrun for example_dynamic_task_mapping to 2022-03-04 00:00:00+00:00, run_after=2022-03-05 00:00:00+00:00
[2026-06-01T12:29:23.065+0000] {processor.py:183} INFO - Processing /home/airflow/.local/lib/python3.11/site-packages/airflow/example_dags/example_dynamic_task_mapping.py took 0.169 seconds
[2026-06-01T12:29:53.281+0000] {processor.py:161} INFO - Started process (PID=2600) to work on /home/airflow/.local/lib/python3.11/site-packages/airflow/example_dags/example_dynamic_task_mapping.py
[2026-06-01T12:29:53.283+0000] {processor.py:830} INFO - Processing file /home/airflow/.local/lib/python3.11/site-packages/airflow/example_dags/example_dynamic_task_mapping.py for tasks to queue
[2026-06-01T12:29:53.285+0000] {logging_mixin.py:188} INFO - [2026-06-01T12:29:53.285+0000] {dagbag.py:545} INFO - Filling up the DagBag from /home/airflow/.local/lib/python3.11/site-packages/airflow/example_dags/example_dynamic_task_mapping.py
[2026-06-01T12:29:53.307+0000] {processor.py:840} INFO - DAG(s) 'example_dynamic_task_mapping' retrieved from /home/airflow/.local/lib/python3.11/site-packages/airflow/example_dags/example_dynamic_task_mapping.py
[2026-06-01T12:29:53.367+0000] {logging_mixin.py:188} INFO - [2026-06-01T12:29:53.367+0000] {dag.py:3096} INFO - Sync 1 DAGs
[2026-06-01T12:29:53.416+0000] {logging_mixin.py:188} INFO - [2026-06-01T12:29:53.416+0000] {dag.py:3954} INFO - Setting next_dagrun for example_dynamic_task_mapping to 2022-03-04 00:00:00+00:00, run_after=2022-03-05 00:00:00+00:00
[2026-06-01T12:29:53.490+0000] {processor.py:183} INFO - Processing /home/airflow/.local/lib/python3.11/site-packages/airflow/example_dags/example_dynamic_task_mapping.py took 0.245 seconds
[2026-06-01T12:30:24.049+0000] {processor.py:161} INFO - Started process (PID=2668) to work on /home/airflow/.local/lib/python3.11/site-packages/airflow/example_dags/example_dynamic_task_mapping.py
[2026-06-01T12:30:24.052+0000] {processor.py:830} INFO - Processing file /home/airflow/.local/lib/python3.11/site-packages/airflow/example_dags/example_dynamic_task_mapping.py for tasks to queue
[2026-06-01T12:30:24.054+0000] {logging_mixin.py:188} INFO - [2026-06-01T12:30:24.054+0000] {dagbag.py:545} INFO - Filling up the DagBag from /home/airflow/.local/lib/python3.11/site-packages/airflow/example_dags/example_dynamic_task_mapping.py
[2026-06-01T12:30:24.068+0000] {processor.py:840} INFO - DAG(s) 'example_dynamic_task_mapping' retrieved from /home/airflow/.local/lib/python3.11/site-packages/airflow/example_dags/example_dynamic_task_mapping.py
[2026-06-01T12:30:24.095+0000] {logging_mixin.py:188} INFO - [2026-06-01T12:30:24.095+0000] {dag.py:3096} INFO - Sync 1 DAGs
[2026-06-01T12:30:24.129+0000] {logging_mixin.py:188} INFO - [2026-06-01T12:30:24.129+0000] {dag.py:3954} INFO - Setting next_dagrun for example_dynamic_task_mapping to 2022-03-04 00:00:00+00:00, run_after=2022-03-05 00:00:00+00:00
[2026-06-01T12:30:24.168+0000] {processor.py:183} INFO - Processing /home/airflow/.local/lib/python3.11/site-packages/airflow/example_dags/example_dynamic_task_mapping.py took 0.126 seconds
[2026-06-01T12:30:54.607+0000] {processor.py:161} INFO - Started process (PID=2735) to work on /home/airflow/.local/lib/python3.11/site-packages/airflow/example_dags/example_dynamic_task_mapping.py
[2026-06-01T12:30:54.614+0000] {processor.py:830} INFO - Processing file /home/airflow/.local/lib/python3.11/site-packages/airflow/example_dags/example_dynamic_task_mapping.py for tasks to queue
[2026-06-01T12:30:54.622+0000] {logging_mixin.py:188} INFO - [2026-06-01T12:30:54.621+0000] {dagbag.py:545} INFO - Filling up the DagBag from /home/airflow/.local/lib/python3.11/site-packages/airflow/example_dags/example_dynamic_task_mapping.py
[2026-06-01T12:30:54.641+0000] {processor.py:840} INFO - DAG(s) 'example_dynamic_task_mapping' retrieved from /home/airflow/.local/lib/python3.11/site-packages/airflow/example_dags/example_dynamic_task_mapping.py
[2026-06-01T12:30:54.692+0000] {logging_mixin.py:188} INFO - [2026-06-01T12:30:54.692+0000] {dag.py:3096} INFO - Sync 1 DAGs
[2026-06-01T12:30:54.762+0000] {logging_mixin.py:188} INFO - [2026-06-01T12:30:54.762+0000] {dag.py:3954} INFO - Setting next_dagrun for example_dynamic_task_mapping to 2022-03-04 00:00:00+00:00, run_after=2022-03-05 00:00:00+00:00
[2026-06-01T12:30:54.819+0000] {processor.py:183} INFO - Processing /home/airflow/.local/lib/python3.11/site-packages/airflow/example_dags/example_dynamic_task_mapping.py took 0.229 seconds
[2026-06-01T12:33:00.157+0000] {processor.py:161} INFO - Started process (PID=222) to work on /home/airflow/.local/lib/python3.11/site-packages/airflow/example_dags/example_dynamic_task_mapping.py
[2026-06-01T12:33:00.158+0000] {processor.py:830} INFO - Processing file /home/airflow/.local/lib/python3.11/site-packages/airflow/example_dags/example_dynamic_task_mapping.py for tasks to queue
[2026-06-01T12:33:00.161+0000] {logging_mixin.py:188} INFO - [2026-06-01T12:33:00.161+0000] {dagbag.py:545} INFO - Filling up the DagBag from /home/airflow/.local/lib/python3.11/site-packages/airflow/example_dags/example_dynamic_task_mapping.py
[2026-06-01T12:33:00.172+0000] {processor.py:840} INFO - DAG(s) 'example_dynamic_task_mapping' retrieved from /home/airflow/.local/lib/python3.11/site-packages/airflow/example_dags/example_dynamic_task_mapping.py
[2026-06-01T12:33:00.189+0000] {logging_mixin.py:188} INFO - [2026-06-01T12:33:00.189+0000] {dag.py:3096} INFO - Sync 1 DAGs
[2026-06-01T12:33:00.219+0000] {logging_mixin.py:188} INFO - [2026-06-01T12:33:00.218+0000] {dag.py:3954} INFO - Setting next_dagrun for example_dynamic_task_mapping to 2022-03-04 00:00:00+00:00, run_after=2022-03-05 00:00:00+00:00
[2026-06-01T12:33:00.266+0000] {processor.py:183} INFO - Processing /home/airflow/.local/lib/python3.11/site-packages/airflow/example_dags/example_dynamic_task_mapping.py took 0.118 seconds
[2026-06-01T12:33:32.337+0000] {processor.py:161} INFO - Started process (PID=542) to work on /home/airflow/.local/lib/python3.11/site-packages/airflow/example_dags/example_dynamic_task_mapping.py
[2026-06-01T12:33:32.350+0000] {processor.py:830} INFO - Processing file /home/airflow/.local/lib/python3.11/site-packages/airflow/example_dags/example_dynamic_task_mapping.py for tasks to queue
[2026-06-01T12:33:32.355+0000] {logging_mixin.py:188} INFO - [2026-06-01T12:33:32.354+0000] {dagbag.py:545} INFO - Filling up the DagBag from /home/airflow/.local/lib/python3.11/site-packages/airflow/example_dags/example_dynamic_task_mapping.py
[2026-06-01T12:33:32.373+0000] {processor.py:840} INFO - DAG(s) 'example_dynamic_task_mapping' retrieved from /home/airflow/.local/lib/python3.11/site-packages/airflow/example_dags/example_dynamic_task_mapping.py
[2026-06-01T12:33:32.752+0000] {logging_mixin.py:188} INFO - [2026-06-01T12:33:32.752+0000] {dag.py:3096} INFO - Sync 1 DAGs
[2026-06-01T12:33:32.815+0000] {logging_mixin.py:188} INFO - [2026-06-01T12:33:32.815+0000] {dag.py:3954} INFO - Setting next_dagrun for example_dynamic_task_mapping to 2022-03-04 00:00:00+00:00, run_after=2022-03-05 00:00:00+00:00
[2026-06-01T12:33:32.858+0000] {processor.py:183} INFO - Processing /home/airflow/.local/lib/python3.11/site-packages/airflow/example_dags/example_dynamic_task_mapping.py took 0.543 seconds
[2026-06-01T12:34:03.550+0000] {processor.py:161} INFO - Started process (PID=818) to work on /home/airflow/.local/lib/python3.11/site-packages/airflow/example_dags/example_dynamic_task_mapping.py
[2026-06-01T12:34:03.558+0000] {processor.py:830} INFO - Processing file /home/airflow/.local/lib/python3.11/site-packages/airflow/example_dags/example_dynamic_task_mapping.py for tasks to queue
[2026-06-01T12:34:03.564+0000] {logging_mixin.py:188} INFO - [2026-06-01T12:34:03.564+0000] {dagbag.py:545} INFO - Filling up the DagBag from /home/airflow/.local/lib/python3.11/site-packages/airflow/example_dags/example_dynamic_task_mapping.py
[2026-06-01T12:34:03.587+0000] {processor.py:840} INFO - DAG(s) 'example_dynamic_task_mapping' retrieved from /home/airflow/.local/lib/python3.11/site-packages/airflow/example_dags/example_dynamic_task_mapping.py
[2026-06-01T12:34:03.651+0000] {logging_mixin.py:188} INFO - [2026-06-01T12:34:03.650+0000] {dag.py:3096} INFO - Sync 1 DAGs
[2026-06-01T12:34:03.704+0000] {logging_mixin.py:188} INFO - [2026-06-01T12:34:03.703+0000] {dag.py:3954} INFO - Setting next_dagrun for example_dynamic_task_mapping to 2022-03-04 00:00:00+00:00, run_after=2022-03-05 00:00:00+00:00
[2026-06-01T12:34:03.782+0000] {processor.py:183} INFO - Processing /home/airflow/.local/lib/python3.11/site-packages/airflow/example_dags/example_dynamic_task_mapping.py took 0.253 seconds
[2026-06-01T12:34:34.315+0000] {processor.py:161} INFO - Started process (PID=1094) to work on /home/airflow/.local/lib/python3.11/site-packages/airflow/example_dags/example_dynamic_task_mapping.py
[2026-06-01T12:34:34.319+0000] {processor.py:830} INFO - Processing file /home/airflow/.local/lib/python3.11/site-packages/airflow/example_dags/example_dynamic_task_mapping.py for tasks to queue
[2026-06-01T12:34:34.324+0000] {logging_mixin.py:188} INFO - [2026-06-01T12:34:34.324+0000] {dagbag.py:545} INFO - Filling up the DagBag from /home/airflow/.local/lib/python3.11/site-packages/airflow/example_dags/example_dynamic_task_mapping.py
[2026-06-01T12:34:34.356+0000] {processor.py:840} INFO - DAG(s) 'example_dynamic_task_mapping' retrieved from /home/airflow/.local/lib/python3.11/site-packages/airflow/example_dags/example_dynamic_task_mapping.py
[2026-06-01T12:34:34.430+0000] {logging_mixin.py:188} INFO - [2026-06-01T12:34:34.430+0000] {dag.py:3096} INFO - Sync 1 DAGs
[2026-06-01T12:34:34.503+0000] {logging_mixin.py:188} INFO - [2026-06-01T12:34:34.502+0000] {dag.py:3954} INFO - Setting next_dagrun for example_dynamic_task_mapping to 2022-03-04 00:00:00+00:00, run_after=2022-03-05 00:00:00+00:00
[2026-06-01T12:34:34.584+0000] {processor.py:183} INFO - Processing /home/airflow/.local/lib/python3.11/site-packages/airflow/example_dags/example_dynamic_task_mapping.py took 0.293 seconds
[2026-06-01T12:35:05.179+0000] {processor.py:161} INFO - Started process (PID=1370) to work on /home/airflow/.local/lib/python3.11/site-packages/airflow/example_dags/example_dynamic_task_mapping.py
[2026-06-01T12:35:05.190+0000] {processor.py:830} INFO - Processing file /home/airflow/.local/lib/python3.11/site-packages/airflow/example_dags/example_dynamic_task_mapping.py for tasks to queue
[2026-06-01T12:35:05.198+0000] {logging_mixin.py:188} INFO - [2026-06-01T12:35:05.197+0000] {dagbag.py:545} INFO - Filling up the DagBag from /home/airflow/.local/lib/python3.11/site-packages/airflow/example_dags/example_dynamic_task_mapping.py
[2026-06-01T12:35:05.218+0000] {processor.py:840} INFO - DAG(s) 'example_dynamic_task_mapping' retrieved from /home/airflow/.local/lib/python3.11/site-packages/airflow/example_dags/example_dynamic_task_mapping.py
[2026-06-01T12:35:05.275+0000] {logging_mixin.py:188} INFO - [2026-06-01T12:35:05.274+0000] {dag.py:3096} INFO - Sync 1 DAGs
[2026-06-01T12:35:05.341+0000] {logging_mixin.py:188} INFO - [2026-06-01T12:35:05.340+0000] {dag.py:3954} INFO - Setting next_dagrun for example_dynamic_task_mapping to 2022-03-04 00:00:00+00:00, run_after=2022-03-05 00:00:00+00:00
[2026-06-01T12:35:05.408+0000] {processor.py:183} INFO - Processing /home/airflow/.local/lib/python3.11/site-packages/airflow/example_dags/example_dynamic_task_mapping.py took 0.244 seconds
[2026-06-01T12:35:35.691+0000] {processor.py:161} INFO - Started process (PID=1646) to work on /home/airflow/.local/lib/python3.11/site-packages/airflow/example_dags/example_dynamic_task_mapping.py
[2026-06-01T12:35:35.694+0000] {processor.py:830} INFO - Processing file /home/airflow/.local/lib/python3.11/site-packages/airflow/example_dags/example_dynamic_task_mapping.py for tasks to queue
[2026-06-01T12:35:35.698+0000] {logging_mixin.py:188} INFO - [2026-06-01T12:35:35.697+0000] {dagbag.py:545} INFO - Filling up the DagBag from /home/airflow/.local/lib/python3.11/site-packages/airflow/example_dags/example_dynamic_task_mapping.py
[2026-06-01T12:35:35.717+0000] {processor.py:840} INFO - DAG(s) 'example_dynamic_task_mapping' retrieved from /home/airflow/.local/lib/python3.11/site-packages/airflow/example_dags/example_dynamic_task_mapping.py
[2026-06-01T12:35:35.766+0000] {logging_mixin.py:188} INFO - [2026-06-01T12:35:35.765+0000] {dag.py:3096} INFO - Sync 1 DAGs
[2026-06-01T12:35:35.824+0000] {logging_mixin.py:188} INFO - [2026-06-01T12:35:35.824+0000] {dag.py:3954} INFO - Setting next_dagrun for example_dynamic_task_mapping to 2022-03-04 00:00:00+00:00, run_after=2022-03-05 00:00:00+00:00
[2026-06-01T12:35:35.913+0000] {processor.py:183} INFO - Processing /home/airflow/.local/lib/python3.11/site-packages/airflow/example_dags/example_dynamic_task_mapping.py took 0.246 seconds
[2026-06-01T12:36:06.060+0000] {processor.py:161} INFO - Started process (PID=1945) to work on /home/airflow/.local/lib/python3.11/site-packages/airflow/example_dags/example_dynamic_task_mapping.py
[2026-06-01T12:36:06.064+0000] {processor.py:830} INFO - Processing file /home/airflow/.local/lib/python3.11/site-packages/airflow/example_dags/example_dynamic_task_mapping.py for tasks to queue
[2026-06-01T12:36:06.069+0000] {logging_mixin.py:188} INFO - [2026-06-01T12:36:06.068+0000] {dagbag.py:545} INFO - Filling up the DagBag from /home/airflow/.local/lib/python3.11/site-packages/airflow/example_dags/example_dynamic_task_mapping.py
[2026-06-01T12:36:06.087+0000] {processor.py:840} INFO - DAG(s) 'example_dynamic_task_mapping' retrieved from /home/airflow/.local/lib/python3.11/site-packages/airflow/example_dags/example_dynamic_task_mapping.py
[2026-06-01T12:36:06.158+0000] {logging_mixin.py:188} INFO - [2026-06-01T12:36:06.158+0000] {dag.py:3096} INFO - Sync 1 DAGs
[2026-06-01T12:36:06.229+0000] {logging_mixin.py:188} INFO - [2026-06-01T12:36:06.227+0000] {dag.py:3954} INFO - Setting next_dagrun for example_dynamic_task_mapping to 2022-03-04 00:00:00+00:00, run_after=2022-03-05 00:00:00+00:00
[2026-06-01T12:36:06.295+0000] {processor.py:183} INFO - Processing /home/airflow/.local/lib/python3.11/site-packages/airflow/example_dags/example_dynamic_task_mapping.py took 0.249 seconds
[2026-06-01T12:36:36.504+0000] {processor.py:161} INFO - Started process (PID=2221) to work on /home/airflow/.local/lib/python3.11/site-packages/airflow/example_dags/example_dynamic_task_mapping.py
[2026-06-01T12:36:36.506+0000] {processor.py:830} INFO - Processing file /home/airflow/.local/lib/python3.11/site-packages/airflow/example_dags/example_dynamic_task_mapping.py for tasks to queue
[2026-06-01T12:36:36.520+0000] {logging_mixin.py:188} INFO - [2026-06-01T12:36:36.519+0000] {dagbag.py:545} INFO - Filling up the DagBag from /home/airflow/.local/lib/python3.11/site-packages/airflow/example_dags/example_dynamic_task_mapping.py
[2026-06-01T12:36:36.540+0000] {processor.py:840} INFO - DAG(s) 'example_dynamic_task_mapping' retrieved from /home/airflow/.local/lib/python3.11/site-packages/airflow/example_dags/example_dynamic_task_mapping.py
[2026-06-01T12:36:36.606+0000] {logging_mixin.py:188} INFO - [2026-06-01T12:36:36.606+0000] {dag.py:3096} INFO - Sync 1 DAGs
[2026-06-01T12:36:36.776+0000] {logging_mixin.py:188} INFO - [2026-06-01T12:36:36.763+0000] {dag.py:3954} INFO - Setting next_dagrun for example_dynamic_task_mapping to 2022-03-04 00:00:00+00:00, run_after=2022-03-05 00:00:00+00:00
[2026-06-01T12:36:37.003+0000] {processor.py:183} INFO - Processing /home/airflow/.local/lib/python3.11/site-packages/airflow/example_dags/example_dynamic_task_mapping.py took 0.521 seconds
[2026-06-01T12:37:07.496+0000] {processor.py:161} INFO - Started process (PID=2498) to work on /home/airflow/.local/lib/python3.11/site-packages/airflow/example_dags/example_dynamic_task_mapping.py
[2026-06-01T12:37:07.498+0000] {processor.py:830} INFO - Processing file /home/airflow/.local/lib/python3.11/site-packages/airflow/example_dags/example_dynamic_task_mapping.py for tasks to queue
[2026-06-01T12:37:07.513+0000] {logging_mixin.py:188} INFO - [2026-06-01T12:37:07.512+0000] {dagbag.py:545} INFO - Filling up the DagBag from /home/airflow/.local/lib/python3.11/site-packages/airflow/example_dags/example_dynamic_task_mapping.py
[2026-06-01T12:37:07.531+0000] {processor.py:840} INFO - DAG(s) 'example_dynamic_task_mapping' retrieved from /home/airflow/.local/lib/python3.11/site-packages/airflow/example_dags/example_dynamic_task_mapping.py
[2026-06-01T12:37:07.581+0000] {logging_mixin.py:188} INFO - [2026-06-01T12:37:07.581+0000] {dag.py:3096} INFO - Sync 1 DAGs
[2026-06-01T12:37:07.627+0000] {logging_mixin.py:188} INFO - [2026-06-01T12:37:07.626+0000] {dag.py:3954} INFO - Setting next_dagrun for example_dynamic_task_mapping to 2022-03-04 00:00:00+00:00, run_after=2022-03-05 00:00:00+00:00
[2026-06-01T12:37:07.688+0000] {processor.py:183} INFO - Processing /home/airflow/.local/lib/python3.11/site-packages/airflow/example_dags/example_dynamic_task_mapping.py took 0.212 seconds
[2026-06-01T12:37:37.803+0000] {processor.py:161} INFO - Started process (PID=2762) to work on /home/airflow/.local/lib/python3.11/site-packages/airflow/example_dags/example_dynamic_task_mapping.py
[2026-06-01T12:37:37.806+0000] {processor.py:830} INFO - Processing file /home/airflow/.local/lib/python3.11/site-packages/airflow/example_dags/example_dynamic_task_mapping.py for tasks to queue
[2026-06-01T12:37:37.811+0000] {logging_mixin.py:188} INFO - [2026-06-01T12:37:37.810+0000] {dagbag.py:545} INFO - Filling up the DagBag from /home/airflow/.local/lib/python3.11/site-packages/airflow/example_dags/example_dynamic_task_mapping.py
[2026-06-01T12:37:37.831+0000] {processor.py:840} INFO - DAG(s) 'example_dynamic_task_mapping' retrieved from /home/airflow/.local/lib/python3.11/site-packages/airflow/example_dags/example_dynamic_task_mapping.py
[2026-06-01T12:37:37.873+0000] {logging_mixin.py:188} INFO - [2026-06-01T12:37:37.873+0000] {dag.py:3096} INFO - Sync 1 DAGs
[2026-06-01T12:37:37.921+0000] {logging_mixin.py:188} INFO - [2026-06-01T12:37:37.921+0000] {dag.py:3954} INFO - Setting next_dagrun for example_dynamic_task_mapping to 2022-03-04 00:00:00+00:00, run_after=2022-03-05 00:00:00+00:00
[2026-06-01T12:37:37.957+0000] {processor.py:183} INFO - Processing /home/airflow/.local/lib/python3.11/site-packages/airflow/example_dags/example_dynamic_task_mapping.py took 0.170 seconds
[2026-06-01T12:38:08.117+0000] {processor.py:161} INFO - Started process (PID=3038) to work on /home/airflow/.local/lib/python3.11/site-packages/airflow/example_dags/example_dynamic_task_mapping.py
[2026-06-01T12:38:08.119+0000] {processor.py:830} INFO - Processing file /home/airflow/.local/lib/python3.11/site-packages/airflow/example_dags/example_dynamic_task_mapping.py for tasks to queue
[2026-06-01T12:38:08.122+0000] {logging_mixin.py:188} INFO - [2026-06-01T12:38:08.122+0000] {dagbag.py:545} INFO - Filling up the DagBag from /home/airflow/.local/lib/python3.11/site-packages/airflow/example_dags/example_dynamic_task_mapping.py
[2026-06-01T12:38:08.137+0000] {processor.py:840} INFO - DAG(s) 'example_dynamic_task_mapping' retrieved from /home/airflow/.local/lib/python3.11/site-packages/airflow/example_dags/example_dynamic_task_mapping.py
[2026-06-01T12:38:08.174+0000] {logging_mixin.py:188} INFO - [2026-06-01T12:38:08.173+0000] {dag.py:3096} INFO - Sync 1 DAGs
[2026-06-01T12:38:08.224+0000] {logging_mixin.py:188} INFO - [2026-06-01T12:38:08.223+0000] {dag.py:3954} INFO - Setting next_dagrun for example_dynamic_task_mapping to 2022-03-04 00:00:00+00:00, run_after=2022-03-05 00:00:00+00:00
[2026-06-01T12:38:08.256+0000] {processor.py:183} INFO - Processing /home/airflow/.local/lib/python3.11/site-packages/airflow/example_dags/example_dynamic_task_mapping.py took 0.151 seconds
[2026-06-01T12:38:38.706+0000] {processor.py:161} INFO - Started process (PID=3314) to work on /home/airflow/.local/lib/python3.11/site-packages/airflow/example_dags/example_dynamic_task_mapping.py
[2026-06-01T12:38:38.708+0000] {processor.py:830} INFO - Processing file /home/airflow/.local/lib/python3.11/site-packages/airflow/example_dags/example_dynamic_task_mapping.py for tasks to queue
[2026-06-01T12:38:38.712+0000] {logging_mixin.py:188} INFO - [2026-06-01T12:38:38.711+0000] {dagbag.py:545} INFO - Filling up the DagBag from /home/airflow/.local/lib/python3.11/site-packages/airflow/example_dags/example_dynamic_task_mapping.py
[2026-06-01T12:38:38.727+0000] {processor.py:840} INFO - DAG(s) 'example_dynamic_task_mapping' retrieved from /home/airflow/.local/lib/python3.11/site-packages/airflow/example_dags/example_dynamic_task_mapping.py
[2026-06-01T12:38:38.769+0000] {logging_mixin.py:188} INFO - [2026-06-01T12:38:38.768+0000] {dag.py:3096} INFO - Sync 1 DAGs
[2026-06-01T12:38:38.809+0000] {logging_mixin.py:188} INFO - [2026-06-01T12:38:38.808+0000] {dag.py:3954} INFO - Setting next_dagrun for example_dynamic_task_mapping to 2022-03-04 00:00:00+00:00, run_after=2022-03-05 00:00:00+00:00
[2026-06-01T12:38:38.856+0000] {processor.py:183} INFO - Processing /home/airflow/.local/lib/python3.11/site-packages/airflow/example_dags/example_dynamic_task_mapping.py took 0.162 seconds
[2026-06-01T12:39:08.953+0000] {processor.py:161} INFO - Started process (PID=3590) to work on /home/airflow/.local/lib/python3.11/site-packages/airflow/example_dags/example_dynamic_task_mapping.py
[2026-06-01T12:39:08.955+0000] {processor.py:830} INFO - Processing file /home/airflow/.local/lib/python3.11/site-packages/airflow/example_dags/example_dynamic_task_mapping.py for tasks to queue
[2026-06-01T12:39:08.959+0000] {logging_mixin.py:188} INFO - [2026-06-01T12:39:08.958+0000] {dagbag.py:545} INFO - Filling up the DagBag from /home/airflow/.local/lib/python3.11/site-packages/airflow/example_dags/example_dynamic_task_mapping.py
[2026-06-01T12:39:08.975+0000] {processor.py:840} INFO - DAG(s) 'example_dynamic_task_mapping' retrieved from /home/airflow/.local/lib/python3.11/site-packages/airflow/example_dags/example_dynamic_task_mapping.py
[2026-06-01T12:39:09.017+0000] {logging_mixin.py:188} INFO - [2026-06-01T12:39:09.016+0000] {dag.py:3096} INFO - Sync 1 DAGs
[2026-06-01T12:39:09.061+0000] {logging_mixin.py:188} INFO - [2026-06-01T12:39:09.060+0000] {dag.py:3954} INFO - Setting next_dagrun for example_dynamic_task_mapping to 2022-03-04 00:00:00+00:00, run_after=2022-03-05 00:00:00+00:00
[2026-06-01T12:39:09.095+0000] {processor.py:183} INFO - Processing /home/airflow/.local/lib/python3.11/site-packages/airflow/example_dags/example_dynamic_task_mapping.py took 0.156 seconds
[2026-06-01T12:39:42.504+0000] {processor.py:161} INFO - Started process (PID=3908) to work on /home/airflow/.local/lib/python3.11/site-packages/airflow/example_dags/example_dynamic_task_mapping.py
[2026-06-01T12:39:42.525+0000] {processor.py:830} INFO - Processing file /home/airflow/.local/lib/python3.11/site-packages/airflow/example_dags/example_dynamic_task_mapping.py for tasks to queue
[2026-06-01T12:39:42.534+0000] {logging_mixin.py:188} INFO - [2026-06-01T12:39:42.533+0000] {dagbag.py:545} INFO - Filling up the DagBag from /home/airflow/.local/lib/python3.11/site-packages/airflow/example_dags/example_dynamic_task_mapping.py
[2026-06-01T12:39:42.583+0000] {processor.py:840} INFO - DAG(s) 'example_dynamic_task_mapping' retrieved from /home/airflow/.local/lib/python3.11/site-packages/airflow/example_dags/example_dynamic_task_mapping.py
[2026-06-01T12:39:42.702+0000] {logging_mixin.py:188} INFO - [2026-06-01T12:39:42.702+0000] {dag.py:3096} INFO - Sync 1 DAGs
[2026-06-01T12:39:43.010+0000] {logging_mixin.py:188} INFO - [2026-06-01T12:39:43.010+0000] {dag.py:3954} INFO - Setting next_dagrun for example_dynamic_task_mapping to 2022-03-04 00:00:00+00:00, run_after=2022-03-05 00:00:00+00:00
[2026-06-01T12:39:43.179+0000] {processor.py:183} INFO - Processing /home/airflow/.local/lib/python3.11/site-packages/airflow/example_dags/example_dynamic_task_mapping.py took 0.714 seconds
[2026-06-01T12:40:14.341+0000] {processor.py:161} INFO - Started process (PID=4197) to work on /home/airflow/.local/lib/python3.11/site-packages/airflow/example_dags/example_dynamic_task_mapping.py
[2026-06-01T12:40:14.363+0000] {processor.py:830} INFO - Processing file /home/airflow/.local/lib/python3.11/site-packages/airflow/example_dags/example_dynamic_task_mapping.py for tasks to queue
[2026-06-01T12:40:14.368+0000] {logging_mixin.py:188} INFO - [2026-06-01T12:40:14.367+0000] {dagbag.py:545} INFO - Filling up the DagBag from /home/airflow/.local/lib/python3.11/site-packages/airflow/example_dags/example_dynamic_task_mapping.py
[2026-06-01T12:40:14.421+0000] {processor.py:840} INFO - DAG(s) 'example_dynamic_task_mapping' retrieved from /home/airflow/.local/lib/python3.11/site-packages/airflow/example_dags/example_dynamic_task_mapping.py
[2026-06-01T12:40:14.615+0000] {logging_mixin.py:188} INFO - [2026-06-01T12:40:14.614+0000] {dag.py:3096} INFO - Sync 1 DAGs
[2026-06-01T12:40:14.693+0000] {logging_mixin.py:188} INFO - [2026-06-01T12:40:14.693+0000] {dag.py:3954} INFO - Setting next_dagrun for example_dynamic_task_mapping to 2022-03-04 00:00:00+00:00, run_after=2022-03-05 00:00:00+00:00
[2026-06-01T12:40:14.725+0000] {processor.py:183} INFO - Processing /home/airflow/.local/lib/python3.11/site-packages/airflow/example_dags/example_dynamic_task_mapping.py took 0.405 seconds
[2026-06-01T12:40:48.598+0000] {processor.py:161} INFO - Started process (PID=4467) to work on /home/airflow/.local/lib/python3.11/site-packages/airflow/example_dags/example_dynamic_task_mapping.py
[2026-06-01T12:40:48.605+0000] {processor.py:830} INFO - Processing file /home/airflow/.local/lib/python3.11/site-packages/airflow/example_dags/example_dynamic_task_mapping.py for tasks to queue
[2026-06-01T12:40:48.616+0000] {logging_mixin.py:188} INFO - [2026-06-01T12:40:48.615+0000] {dagbag.py:545} INFO - Filling up the DagBag from /home/airflow/.local/lib/python3.11/site-packages/airflow/example_dags/example_dynamic_task_mapping.py
[2026-06-01T12:40:48.668+0000] {processor.py:840} INFO - DAG(s) 'example_dynamic_task_mapping' retrieved from /home/airflow/.local/lib/python3.11/site-packages/airflow/example_dags/example_dynamic_task_mapping.py
[2026-06-01T12:40:48.732+0000] {logging_mixin.py:188} INFO - [2026-06-01T12:40:48.732+0000] {dag.py:3096} INFO - Sync 1 DAGs
[2026-06-01T12:40:48.865+0000] {logging_mixin.py:188} INFO - [2026-06-01T12:40:48.865+0000] {dag.py:3954} INFO - Setting next_dagrun for example_dynamic_task_mapping to 2022-03-04 00:00:00+00:00, run_after=2022-03-05 00:00:00+00:00
[2026-06-01T12:40:49.058+0000] {processor.py:183} INFO - Processing /home/airflow/.local/lib/python3.11/site-packages/airflow/example_dags/example_dynamic_task_mapping.py took 0.496 seconds
[2026-06-01T12:41:19.465+0000] {processor.py:161} INFO - Started process (PID=4731) to work on /home/airflow/.local/lib/python3.11/site-packages/airflow/example_dags/example_dynamic_task_mapping.py
[2026-06-01T12:41:19.476+0000] {processor.py:830} INFO - Processing file /home/airflow/.local/lib/python3.11/site-packages/airflow/example_dags/example_dynamic_task_mapping.py for tasks to queue
[2026-06-01T12:41:19.496+0000] {logging_mixin.py:188} INFO - [2026-06-01T12:41:19.495+0000] {dagbag.py:545} INFO - Filling up the DagBag from /home/airflow/.local/lib/python3.11/site-packages/airflow/example_dags/example_dynamic_task_mapping.py
[2026-06-01T12:41:19.548+0000] {processor.py:840} INFO - DAG(s) 'example_dynamic_task_mapping' retrieved from /home/airflow/.local/lib/python3.11/site-packages/airflow/example_dags/example_dynamic_task_mapping.py
[2026-06-01T12:41:19.684+0000] {logging_mixin.py:188} INFO - [2026-06-01T12:41:19.684+0000] {dag.py:3096} INFO - Sync 1 DAGs
[2026-06-01T12:41:19.826+0000] {logging_mixin.py:188} INFO - [2026-06-01T12:41:19.826+0000] {dag.py:3954} INFO - Setting next_dagrun for example_dynamic_task_mapping to 2022-03-04 00:00:00+00:00, run_after=2022-03-05 00:00:00+00:00
[2026-06-01T12:41:19.944+0000] {processor.py:183} INFO - Processing /home/airflow/.local/lib/python3.11/site-packages/airflow/example_dags/example_dynamic_task_mapping.py took 0.512 seconds
[2026-06-01T12:41:56.175+0000] {processor.py:161} INFO - Started process (PID=4994) to work on /home/airflow/.local/lib/python3.11/site-packages/airflow/example_dags/example_dynamic_task_mapping.py
[2026-06-01T12:41:56.193+0000] {processor.py:830} INFO - Processing file /home/airflow/.local/lib/python3.11/site-packages/airflow/example_dags/example_dynamic_task_mapping.py for tasks to queue
[2026-06-01T12:41:56.207+0000] {logging_mixin.py:188} INFO - [2026-06-01T12:41:56.206+0000] {dagbag.py:545} INFO - Filling up the DagBag from /home/airflow/.local/lib/python3.11/site-packages/airflow/example_dags/example_dynamic_task_mapping.py
[2026-06-01T12:41:56.267+0000] {processor.py:840} INFO - DAG(s) 'example_dynamic_task_mapping' retrieved from /home/airflow/.local/lib/python3.11/site-packages/airflow/example_dags/example_dynamic_task_mapping.py
[2026-06-01T12:41:56.356+0000] {logging_mixin.py:188} INFO - [2026-06-01T12:41:56.356+0000] {dag.py:3096} INFO - Sync 1 DAGs
[2026-06-01T12:41:56.495+0000] {logging_mixin.py:188} INFO - [2026-06-01T12:41:56.495+0000] {dag.py:3954} INFO - Setting next_dagrun for example_dynamic_task_mapping to 2022-03-04 00:00:00+00:00, run_after=2022-03-05 00:00:00+00:00
[2026-06-01T12:41:56.565+0000] {processor.py:183} INFO - Processing /home/airflow/.local/lib/python3.11/site-packages/airflow/example_dags/example_dynamic_task_mapping.py took 0.448 seconds
[2026-06-01T12:42:28.248+0000] {processor.py:161} INFO - Started process (PID=5270) to work on /home/airflow/.local/lib/python3.11/site-packages/airflow/example_dags/example_dynamic_task_mapping.py
[2026-06-01T12:42:28.254+0000] {processor.py:830} INFO - Processing file /home/airflow/.local/lib/python3.11/site-packages/airflow/example_dags/example_dynamic_task_mapping.py for tasks to queue
[2026-06-01T12:42:28.264+0000] {logging_mixin.py:188} INFO - [2026-06-01T12:42:28.263+0000] {dagbag.py:545} INFO - Filling up the DagBag from /home/airflow/.local/lib/python3.11/site-packages/airflow/example_dags/example_dynamic_task_mapping.py
[2026-06-01T12:42:28.281+0000] {processor.py:840} INFO - DAG(s) 'example_dynamic_task_mapping' retrieved from /home/airflow/.local/lib/python3.11/site-packages/airflow/example_dags/example_dynamic_task_mapping.py
[2026-06-01T12:42:28.370+0000] {logging_mixin.py:188} INFO - [2026-06-01T12:42:28.370+0000] {dag.py:3096} INFO - Sync 1 DAGs
[2026-06-01T12:42:28.512+0000] {logging_mixin.py:188} INFO - [2026-06-01T12:42:28.511+0000] {dag.py:3954} INFO - Setting next_dagrun for example_dynamic_task_mapping to 2022-03-04 00:00:00+00:00, run_after=2022-03-05 00:00:00+00:00
[2026-06-01T12:42:28.666+0000] {processor.py:183} INFO - Processing /home/airflow/.local/lib/python3.11/site-packages/airflow/example_dags/example_dynamic_task_mapping.py took 0.446 seconds
[2026-06-01T12:43:01.450+0000] {processor.py:161} INFO - Started process (PID=5546) to work on /home/airflow/.local/lib/python3.11/site-packages/airflow/example_dags/example_dynamic_task_mapping.py
[2026-06-01T12:43:01.478+0000] {processor.py:830} INFO - Processing file /home/airflow/.local/lib/python3.11/site-packages/airflow/example_dags/example_dynamic_task_mapping.py for tasks to queue
[2026-06-01T12:43:01.499+0000] {logging_mixin.py:188} INFO - [2026-06-01T12:43:01.498+0000] {dagbag.py:545} INFO - Filling up the DagBag from /home/airflow/.local/lib/python3.11/site-packages/airflow/example_dags/example_dynamic_task_mapping.py
[2026-06-01T12:43:01.544+0000] {processor.py:840} INFO - DAG(s) 'example_dynamic_task_mapping' retrieved from /home/airflow/.local/lib/python3.11/site-packages/airflow/example_dags/example_dynamic_task_mapping.py
[2026-06-01T12:43:01.612+0000] {logging_mixin.py:188} INFO - [2026-06-01T12:43:01.612+0000] {dag.py:3096} INFO - Sync 1 DAGs
[2026-06-01T12:43:01.769+0000] {logging_mixin.py:188} INFO - [2026-06-01T12:43:01.769+0000] {dag.py:3954} INFO - Setting next_dagrun for example_dynamic_task_mapping to 2022-03-04 00:00:00+00:00, run_after=2022-03-05 00:00:00+00:00
[2026-06-01T12:43:01.921+0000] {processor.py:183} INFO - Processing /home/airflow/.local/lib/python3.11/site-packages/airflow/example_dags/example_dynamic_task_mapping.py took 0.506 seconds
[2026-06-01T12:43:42.296+0000] {processor.py:161} INFO - Started process (PID=5798) to work on /home/airflow/.local/lib/python3.11/site-packages/airflow/example_dags/example_dynamic_task_mapping.py
[2026-06-01T12:43:42.317+0000] {processor.py:830} INFO - Processing file /home/airflow/.local/lib/python3.11/site-packages/airflow/example_dags/example_dynamic_task_mapping.py for tasks to queue
[2026-06-01T12:43:42.327+0000] {logging_mixin.py:188} INFO - [2026-06-01T12:43:42.327+0000] {dagbag.py:545} INFO - Filling up the DagBag from /home/airflow/.local/lib/python3.11/site-packages/airflow/example_dags/example_dynamic_task_mapping.py
[2026-06-01T12:43:42.382+0000] {processor.py:840} INFO - DAG(s) 'example_dynamic_task_mapping' retrieved from /home/airflow/.local/lib/python3.11/site-packages/airflow/example_dags/example_dynamic_task_mapping.py
[2026-06-01T12:43:42.461+0000] {logging_mixin.py:188} INFO - [2026-06-01T12:43:42.461+0000] {dag.py:3096} INFO - Sync 1 DAGs
[2026-06-01T12:43:42.546+0000] {logging_mixin.py:188} INFO - [2026-06-01T12:43:42.545+0000] {dag.py:3954} INFO - Setting next_dagrun for example_dynamic_task_mapping to 2022-03-04 00:00:00+00:00, run_after=2022-03-05 00:00:00+00:00
[2026-06-01T12:43:42.683+0000] {processor.py:183} INFO - Processing /home/airflow/.local/lib/python3.11/site-packages/airflow/example_dags/example_dynamic_task_mapping.py took 0.423 seconds
[2026-06-01T12:44:13.720+0000] {processor.py:161} INFO - Started process (PID=6065) to work on /home/airflow/.local/lib/python3.11/site-packages/airflow/example_dags/example_dynamic_task_mapping.py
[2026-06-01T12:44:13.722+0000] {processor.py:830} INFO - Processing file /home/airflow/.local/lib/python3.11/site-packages/airflow/example_dags/example_dynamic_task_mapping.py for tasks to queue
[2026-06-01T12:44:13.733+0000] {logging_mixin.py:188} INFO - [2026-06-01T12:44:13.732+0000] {dagbag.py:545} INFO - Filling up the DagBag from /home/airflow/.local/lib/python3.11/site-packages/airflow/example_dags/example_dynamic_task_mapping.py
[2026-06-01T12:44:13.789+0000] {processor.py:840} INFO - DAG(s) 'example_dynamic_task_mapping' retrieved from /home/airflow/.local/lib/python3.11/site-packages/airflow/example_dags/example_dynamic_task_mapping.py
[2026-06-01T12:44:13.897+0000] {logging_mixin.py:188} INFO - [2026-06-01T12:44:13.896+0000] {dag.py:3096} INFO - Sync 1 DAGs
[2026-06-01T12:44:14.127+0000] {logging_mixin.py:188} INFO - [2026-06-01T12:44:14.127+0000] {dag.py:3954} INFO - Setting next_dagrun for example_dynamic_task_mapping to 2022-03-04 00:00:00+00:00, run_after=2022-03-05 00:00:00+00:00
[2026-06-01T12:44:14.183+0000] {processor.py:183} INFO - Processing /home/airflow/.local/lib/python3.11/site-packages/airflow/example_dags/example_dynamic_task_mapping.py took 0.505 seconds
[2026-06-01T12:44:49.428+0000] {processor.py:161} INFO - Started process (PID=6335) to work on /home/airflow/.local/lib/python3.11/site-packages/airflow/example_dags/example_dynamic_task_mapping.py
[2026-06-01T12:44:49.435+0000] {processor.py:830} INFO - Processing file /home/airflow/.local/lib/python3.11/site-packages/airflow/example_dags/example_dynamic_task_mapping.py for tasks to queue
[2026-06-01T12:44:49.449+0000] {logging_mixin.py:188} INFO - [2026-06-01T12:44:49.449+0000] {dagbag.py:545} INFO - Filling up the DagBag from /home/airflow/.local/lib/python3.11/site-packages/airflow/example_dags/example_dynamic_task_mapping.py
[2026-06-01T12:44:49.476+0000] {processor.py:840} INFO - DAG(s) 'example_dynamic_task_mapping' retrieved from /home/airflow/.local/lib/python3.11/site-packages/airflow/example_dags/example_dynamic_task_mapping.py
[2026-06-01T12:44:49.610+0000] {logging_mixin.py:188} INFO - [2026-06-01T12:44:49.610+0000] {dag.py:3096} INFO - Sync 1 DAGs
[2026-06-01T12:44:49.855+0000] {logging_mixin.py:188} INFO - [2026-06-01T12:44:49.855+0000] {dag.py:3954} INFO - Setting next_dagrun for example_dynamic_task_mapping to 2022-03-04 00:00:00+00:00, run_after=2022-03-05 00:00:00+00:00
[2026-06-01T12:44:50.002+0000] {processor.py:183} INFO - Processing /home/airflow/.local/lib/python3.11/site-packages/airflow/example_dags/example_dynamic_task_mapping.py took 0.606 seconds
[2026-06-01T12:45:20.632+0000] {processor.py:161} INFO - Started process (PID=6611) to work on /home/airflow/.local/lib/python3.11/site-packages/airflow/example_dags/example_dynamic_task_mapping.py
[2026-06-01T12:45:20.636+0000] {processor.py:830} INFO - Processing file /home/airflow/.local/lib/python3.11/site-packages/airflow/example_dags/example_dynamic_task_mapping.py for tasks to queue
[2026-06-01T12:45:20.653+0000] {logging_mixin.py:188} INFO - [2026-06-01T12:45:20.652+0000] {dagbag.py:545} INFO - Filling up the DagBag from /home/airflow/.local/lib/python3.11/site-packages/airflow/example_dags/example_dynamic_task_mapping.py
[2026-06-01T12:45:20.732+0000] {processor.py:840} INFO - DAG(s) 'example_dynamic_task_mapping' retrieved from /home/airflow/.local/lib/python3.11/site-packages/airflow/example_dags/example_dynamic_task_mapping.py
[2026-06-01T12:45:20.881+0000] {logging_mixin.py:188} INFO - [2026-06-01T12:45:20.881+0000] {dag.py:3096} INFO - Sync 1 DAGs
[2026-06-01T12:45:21.094+0000] {logging_mixin.py:188} INFO - [2026-06-01T12:45:21.094+0000] {dag.py:3954} INFO - Setting next_dagrun for example_dynamic_task_mapping to 2022-03-04 00:00:00+00:00, run_after=2022-03-05 00:00:00+00:00
[2026-06-01T12:45:21.220+0000] {processor.py:183} INFO - Processing /home/airflow/.local/lib/python3.11/site-packages/airflow/example_dags/example_dynamic_task_mapping.py took 0.639 seconds
[2026-06-01T12:45:58.134+0000] {processor.py:161} INFO - Started process (PID=6887) to work on /home/airflow/.local/lib/python3.11/site-packages/airflow/example_dags/example_dynamic_task_mapping.py
[2026-06-01T12:45:58.151+0000] {processor.py:830} INFO - Processing file /home/airflow/.local/lib/python3.11/site-packages/airflow/example_dags/example_dynamic_task_mapping.py for tasks to queue
[2026-06-01T12:45:58.166+0000] {logging_mixin.py:188} INFO - [2026-06-01T12:45:58.166+0000] {dagbag.py:545} INFO - Filling up the DagBag from /home/airflow/.local/lib/python3.11/site-packages/airflow/example_dags/example_dynamic_task_mapping.py
[2026-06-01T12:45:58.207+0000] {processor.py:840} INFO - DAG(s) 'example_dynamic_task_mapping' retrieved from /home/airflow/.local/lib/python3.11/site-packages/airflow/example_dags/example_dynamic_task_mapping.py
[2026-06-01T12:45:58.402+0000] {logging_mixin.py:188} INFO - [2026-06-01T12:45:58.392+0000] {dag.py:3096} INFO - Sync 1 DAGs
[2026-06-01T12:45:58.561+0000] {logging_mixin.py:188} INFO - [2026-06-01T12:45:58.560+0000] {dag.py:3954} INFO - Setting next_dagrun for example_dynamic_task_mapping to 2022-03-04 00:00:00+00:00, run_after=2022-03-05 00:00:00+00:00
[2026-06-01T12:45:58.756+0000] {processor.py:183} INFO - Processing /home/airflow/.local/lib/python3.11/site-packages/airflow/example_dags/example_dynamic_task_mapping.py took 0.700 seconds
[2026-06-01T12:46:31.876+0000] {processor.py:161} INFO - Started process (PID=7158) to work on /home/airflow/.local/lib/python3.11/site-packages/airflow/example_dags/example_dynamic_task_mapping.py
[2026-06-01T12:46:31.895+0000] {processor.py:830} INFO - Processing file /home/airflow/.local/lib/python3.11/site-packages/airflow/example_dags/example_dynamic_task_mapping.py for tasks to queue
[2026-06-01T12:46:31.903+0000] {logging_mixin.py:188} INFO - [2026-06-01T12:46:31.903+0000] {dagbag.py:545} INFO - Filling up the DagBag from /home/airflow/.local/lib/python3.11/site-packages/airflow/example_dags/example_dynamic_task_mapping.py
[2026-06-01T12:46:31.970+0000] {processor.py:840} INFO - DAG(s) 'example_dynamic_task_mapping' retrieved from /home/airflow/.local/lib/python3.11/site-packages/airflow/example_dags/example_dynamic_task_mapping.py
[2026-06-01T12:46:32.054+0000] {logging_mixin.py:188} INFO - [2026-06-01T12:46:32.054+0000] {dag.py:3096} INFO - Sync 1 DAGs
[2026-06-01T12:46:32.162+0000] {logging_mixin.py:188} INFO - [2026-06-01T12:46:32.161+0000] {dag.py:3954} INFO - Setting next_dagrun for example_dynamic_task_mapping to 2022-03-04 00:00:00+00:00, run_after=2022-03-05 00:00:00+00:00
[2026-06-01T12:46:32.370+0000] {processor.py:183} INFO - Processing /home/airflow/.local/lib/python3.11/site-packages/airflow/example_dags/example_dynamic_task_mapping.py took 0.533 seconds
[2026-06-01T12:47:04.847+0000] {processor.py:161} INFO - Started process (PID=7424) to work on /home/airflow/.local/lib/python3.11/site-packages/airflow/example_dags/example_dynamic_task_mapping.py
[2026-06-01T12:47:04.862+0000] {processor.py:830} INFO - Processing file /home/airflow/.local/lib/python3.11/site-packages/airflow/example_dags/example_dynamic_task_mapping.py for tasks to queue
[2026-06-01T12:47:04.879+0000] {logging_mixin.py:188} INFO - [2026-06-01T12:47:04.878+0000] {dagbag.py:545} INFO - Filling up the DagBag from /home/airflow/.local/lib/python3.11/site-packages/airflow/example_dags/example_dynamic_task_mapping.py
[2026-06-01T12:47:04.974+0000] {processor.py:840} INFO - DAG(s) 'example_dynamic_task_mapping' retrieved from /home/airflow/.local/lib/python3.11/site-packages/airflow/example_dags/example_dynamic_task_mapping.py
[2026-06-01T12:47:05.129+0000] {logging_mixin.py:188} INFO - [2026-06-01T12:47:05.128+0000] {dag.py:3096} INFO - Sync 1 DAGs
[2026-06-01T12:47:05.378+0000] {logging_mixin.py:188} INFO - [2026-06-01T12:47:05.378+0000] {dag.py:3954} INFO - Setting next_dagrun for example_dynamic_task_mapping to 2022-03-04 00:00:00+00:00, run_after=2022-03-05 00:00:00+00:00
[2026-06-01T12:47:05.575+0000] {processor.py:183} INFO - Processing /home/airflow/.local/lib/python3.11/site-packages/airflow/example_dags/example_dynamic_task_mapping.py took 0.790 seconds
[2026-06-01T12:47:35.986+0000] {processor.py:161} INFO - Started process (PID=7693) to work on /home/airflow/.local/lib/python3.11/site-packages/airflow/example_dags/example_dynamic_task_mapping.py
[2026-06-01T12:47:35.998+0000] {processor.py:830} INFO - Processing file /home/airflow/.local/lib/python3.11/site-packages/airflow/example_dags/example_dynamic_task_mapping.py for tasks to queue
[2026-06-01T12:47:36.008+0000] {logging_mixin.py:188} INFO - [2026-06-01T12:47:36.008+0000] {dagbag.py:545} INFO - Filling up the DagBag from /home/airflow/.local/lib/python3.11/site-packages/airflow/example_dags/example_dynamic_task_mapping.py
[2026-06-01T12:47:36.071+0000] {processor.py:840} INFO - DAG(s) 'example_dynamic_task_mapping' retrieved from /home/airflow/.local/lib/python3.11/site-packages/airflow/example_dags/example_dynamic_task_mapping.py
[2026-06-01T12:47:36.163+0000] {logging_mixin.py:188} INFO - [2026-06-01T12:47:36.162+0000] {dag.py:3096} INFO - Sync 1 DAGs
[2026-06-01T12:47:36.263+0000] {logging_mixin.py:188} INFO - [2026-06-01T12:47:36.263+0000] {dag.py:3954} INFO - Setting next_dagrun for example_dynamic_task_mapping to 2022-03-04 00:00:00+00:00, run_after=2022-03-05 00:00:00+00:00
[2026-06-01T12:47:36.415+0000] {processor.py:183} INFO - Processing /home/airflow/.local/lib/python3.11/site-packages/airflow/example_dags/example_dynamic_task_mapping.py took 0.501 seconds
[2026-06-01T12:48:06.815+0000] {processor.py:161} INFO - Started process (PID=7971) to work on /home/airflow/.local/lib/python3.11/site-packages/airflow/example_dags/example_dynamic_task_mapping.py
[2026-06-01T12:48:06.830+0000] {processor.py:830} INFO - Processing file /home/airflow/.local/lib/python3.11/site-packages/airflow/example_dags/example_dynamic_task_mapping.py for tasks to queue
[2026-06-01T12:48:06.832+0000] {logging_mixin.py:188} INFO - [2026-06-01T12:48:06.831+0000] {dagbag.py:545} INFO - Filling up the DagBag from /home/airflow/.local/lib/python3.11/site-packages/airflow/example_dags/example_dynamic_task_mapping.py
[2026-06-01T12:48:06.859+0000] {processor.py:840} INFO - DAG(s) 'example_dynamic_task_mapping' retrieved from /home/airflow/.local/lib/python3.11/site-packages/airflow/example_dags/example_dynamic_task_mapping.py
[2026-06-01T12:48:06.922+0000] {logging_mixin.py:188} INFO - [2026-06-01T12:48:06.922+0000] {dag.py:3096} INFO - Sync 1 DAGs
[2026-06-01T12:48:07.031+0000] {logging_mixin.py:188} INFO - [2026-06-01T12:48:07.031+0000] {dag.py:3954} INFO - Setting next_dagrun for example_dynamic_task_mapping to 2022-03-04 00:00:00+00:00, run_after=2022-03-05 00:00:00+00:00
[2026-06-01T12:48:07.146+0000] {processor.py:183} INFO - Processing /home/airflow/.local/lib/python3.11/site-packages/airflow/example_dags/example_dynamic_task_mapping.py took 0.350 seconds
[2026-06-01T12:48:37.820+0000] {processor.py:161} INFO - Started process (PID=8245) to work on /home/airflow/.local/lib/python3.11/site-packages/airflow/example_dags/example_dynamic_task_mapping.py
[2026-06-01T12:48:37.826+0000] {processor.py:830} INFO - Processing file /home/airflow/.local/lib/python3.11/site-packages/airflow/example_dags/example_dynamic_task_mapping.py for tasks to queue
[2026-06-01T12:48:37.831+0000] {logging_mixin.py:188} INFO - [2026-06-01T12:48:37.830+0000] {dagbag.py:545} INFO - Filling up the DagBag from /home/airflow/.local/lib/python3.11/site-packages/airflow/example_dags/example_dynamic_task_mapping.py
[2026-06-01T12:48:37.867+0000] {processor.py:840} INFO - DAG(s) 'example_dynamic_task_mapping' retrieved from /home/airflow/.local/lib/python3.11/site-packages/airflow/example_dags/example_dynamic_task_mapping.py
[2026-06-01T12:48:37.944+0000] {logging_mixin.py:188} INFO - [2026-06-01T12:48:37.943+0000] {dag.py:3096} INFO - Sync 1 DAGs
[2026-06-01T12:48:37.999+0000] {logging_mixin.py:188} INFO - [2026-06-01T12:48:37.998+0000] {dag.py:3954} INFO - Setting next_dagrun for example_dynamic_task_mapping to 2022-03-04 00:00:00+00:00, run_after=2022-03-05 00:00:00+00:00
[2026-06-01T12:48:38.140+0000] {processor.py:183} INFO - Processing /home/airflow/.local/lib/python3.11/site-packages/airflow/example_dags/example_dynamic_task_mapping.py took 0.338 seconds
[2026-06-01T12:49:10.418+0000] {processor.py:161} INFO - Started process (PID=8516) to work on /home/airflow/.local/lib/python3.11/site-packages/airflow/example_dags/example_dynamic_task_mapping.py
[2026-06-01T12:49:10.431+0000] {processor.py:830} INFO - Processing file /home/airflow/.local/lib/python3.11/site-packages/airflow/example_dags/example_dynamic_task_mapping.py for tasks to queue
[2026-06-01T12:49:10.433+0000] {logging_mixin.py:188} INFO - [2026-06-01T12:49:10.433+0000] {dagbag.py:545} INFO - Filling up the DagBag from /home/airflow/.local/lib/python3.11/site-packages/airflow/example_dags/example_dynamic_task_mapping.py
[2026-06-01T12:49:10.457+0000] {processor.py:840} INFO - DAG(s) 'example_dynamic_task_mapping' retrieved from /home/airflow/.local/lib/python3.11/site-packages/airflow/example_dags/example_dynamic_task_mapping.py
[2026-06-01T12:49:10.579+0000] {logging_mixin.py:188} INFO - [2026-06-01T12:49:10.579+0000] {dag.py:3096} INFO - Sync 1 DAGs
[2026-06-01T12:49:10.776+0000] {logging_mixin.py:188} INFO - [2026-06-01T12:49:10.775+0000] {dag.py:3954} INFO - Setting next_dagrun for example_dynamic_task_mapping to 2022-03-04 00:00:00+00:00, run_after=2022-03-05 00:00:00+00:00
