id,homeTeam,awayTeam,homeTeamId,awayTeamId,startDate,homeTeamName,awayTeamName,outcome,home_goals,away_goals,home_win_rate,away_win_rate,home_weighted_form,away_weighted_form,home_attack_strength,away_attack_strength,home_defense_strength,away_defense_strength,home_goal_diff_strength,away_goal_diff_strength,home_scoring_consistency,away_scoring_consistency,home_clean_sheet_rate,away_clean_sheet_rate,home_high_scoring_rate,away_high_scoring_rate,home_elo,away_elo,diff_form,diff_attack,diff_defense,diff_goal_diff,diff_elo,h2h_matches,h2h_home_win_rate
41517,T4,T9,19,21,2021-04-23,Altona Knights FC,Campbellfield FC,0,2,5,0.0,0.0,0.0,0.0,0.0,0.0,2.0,2.0,0.0,0.0,0.0,0.0,0.0,0.0,0.0,0.0,1500.0,1500.0,0.0,0.0,0.0,0.0,0.0,0.0,0.5
41518,T2,T7,325,18,2021-04-23,Roxburgh Park Gorillas,Moreland Blues FC,0,2,6,0.0,0.0,0.0,0.0,0.0,0.0,2.0,2.0,0.0,0.0,0.0,0.0,0.0,0.0,0.0,0.0,1500.0,1500.0,0.0,0.0,0.0,0.0,0.0,0.0,0.5
41519,T5,T10,16,23,2021-04-23,Pascoe Vale FC,Yarra Allstars FC ,1,10,5,0.0,0.0,0.0,0.0,0.0,0.0,2.0,2.0,0.0,0.0,0.0,0.0,0.0,0.0,0.0,0.0,1500.0,1500.0,0.0,0.0,0.0,0.0,0.0,0.0,0.5
41520,T3,T8,20,22,2021-04-23,Western United FC,FC Carlton Heart,1,8,5,0.0,0.0,0.0,0.0,0.0,0.0,2.0,2.0,0.0,0.0,0.0,0.0,0.0,0.0,0.0,0.0,1500.0,1500.0,0.0,0.0,0.0,0.0,0.0,0.0,0.5
41521,T1,T6,17,207,2021-04-23,Fitzroy FC,Vic Friendship FC,0,3,4,0.0,0.0,0.0,0.0,0.0,0.0,2.0,2.0,0.0,0.0,0.0,0.0,0.0,0.0,0.0,0.0,1500.0,1500.0,0.0,0.0,0.0,0.0,0.0,0.0,0.5
41522,T3,T6,16,207,2021-04-30,Pascoe Vale FC,Vic Friendship FC,1,5,4,1.0,1.0,1.0,1.0,10.0,4.0,7.0,5.0,5.0,1.0,0.0,0.0,0.0,0.0,1.0,1.0,1516.0,1516.0,0.0,6.0,2.0,4.0,0.0,0.0,0.5
41523,T4,T7,19,18,2021-04-30,Altona Knights FC,Moreland Blues FC,0,2,8,0.0,1.0,0.0,1.0,2.0,6.0,7.0,4.0,-3.0,4.0,0.0,0.0,0.0,0.0,0.0,1.0,1484.0,1516.0,-1.0,-4.0,3.0,-7.0,-32.0,0.0,0.5
41524,T1,T2,17,325,2021-04-30,Fitzroy FC,Roxburgh Park Gorillas,0,4,5,0.0,0.0,0.0,0.0,3.0,2.0,6.0,8.0,-1.0,-4.0,0.0,0.0,0.0,0.0,0.0,0.0,1484.0,1484.0,0.0,1.0,-2.0,3.0,0.0,0.0,0.5
41525,T5,T8,23,22,2021-04-30,Yarra Allstars FC ,FC Carlton Heart,0,1,8,0.0,0.0,0.0,0.0,5.0,5.0,12.0,10.0,-5.0,-3.0,0.0,0.0,0.0,0.0,1.0,1.0,1484.0,1484.0,0.0,0.0,2.0,-2.0,0.0,0.0,0.5
41526,T10,T9,20,21,2021-04-30,Western United FC,Campbellfield FC,1,8,7,1.0,1.0,1.0,1.0,8.0,5.0,7.0,4.0,3.0,3.0,0.0,0.0,0.0,0.0,1.0,1.0,1516.0,1516.0,0.0,3.0,3.0,0.0,0.0,0.0,0.5
41531,T10,T7,17,16,2021-05-07,Fitzroy FC,Pascoe Vale FC,1,5,2,0.0,1.0,0.0,1.0,3.5,7.5,6.5,6.5,-1.0,3.0,3.5,7.5,0.0,0.0,0.5,1.0,1468.0,1532.0,-1.0,-4.0,0.0,-4.0,-64.0,0.0,0.5
41530,T9,T8,325,20,2021-05-07,Roxburgh Park Gorillas,Western United FC,0,0,4,0.5,1.0,0.7310585786300049,1.0,3.5,8.0,7.0,8.0,-1.5,2.0,3.5,8.0,0.0,0.0,0.5,1.0,1500.0,1532.0,-0.2689414213699951,-4.5,-1.0,-3.5,-32.0,0.0,0.5
41527,T4,T2,207,21,2021-05-07,Vic Friendship FC,Campbellfield FC,0,5,8,0.5,0.5,0.2689414213699951,0.2689414213699951,4.0,6.0,6.0,7.0,0.0,1.0,4.0,6.0,0.0,0.0,1.0,1.0,1500.0,1500.0,0.0,-2.0,-1.0,-1.0,0.0,0.0,0.5
41528,T5,T6,22,19,2021-05-07,FC Carlton Heart,Altona Knights FC,1,5,1,0.5,0.0,0.7310585786300049,0.0,6.5,2.0,6.5,8.5,2.0,-4.5,6.5,2.0,0.0,0.0,1.0,0.0,1500.0,1469.4695015289756,0.7310585786300049,4.5,-2.0,6.5,30.53049847102443,0.0,0.5
41532,T5,T3,17,19,2021-05-14,Fitzroy FC,Altona Knights FC,1,6,1,0.3333333333333333,0.0,0.506480391055654,0.0,4.0,1.6666666666666667,5.666666666666666,8.0,0.3333333333333333,-4.333333333333333,4.0,1.6666666666666667,0.0,0.0,0.6666666666666666,0.0,1486.9144190820782,1454.8718751773815,0.506480391055654,2.333333333333333,-2.333333333333334,4.666666666666666,32.042543904696686,0.0,0.5
41533,T9,T6,22,16,2021-05-14,FC Carlton Heart,Pascoe Vale FC,1,7,3,0.6666666666666666,0.6666666666666666,0.8136762767741524,0.49351960894434593,6.0,5.666666666666667,5.333333333333334,6.666666666666667,2.6666666666666665,1.0,6.0,5.666666666666667,0.0,0.0,1.0,0.6666666666666666,1514.597626351594,1513.0855809179218,0.3201566678298065,0.33333333333333304,-1.333333333333333,1.6666666666666665,1.512045433672256,0.0,0.5
41534,T10,T2,21,325,2021-05-14,Campbellfield FC,Roxburgh Park Gorillas,1,14,5,0.6666666666666666,0.3333333333333333,0.6928041142815016,0.3071958857184984,6.666666666666667,2.3333333333333335,7.0,6.666666666666667,1.6666666666666667,-2.3333333333333335,6.666666666666667,2.3333333333333335,0.0,0.0,1.0,0.3333333333333333,1516.0,1485.4695015289756,0.3856082285630032,4.333333333333334,0.33333333333333304,4.0,30.53049847102443,0.0,0.5
41535,T8,T7,18,20,2021-05-14,Moreland Blues FC,Western United FC,1,3,2,1.0,1.0,1.0,1.0,7.0,6.666666666666667,4.0,6.0,5.0,2.6666666666666665,7.0,6.666666666666667,0.0,0.3333333333333333,1.0,1.0,1530.5304984710244,1546.5304984710244,0.0,0.33333333333333304,-2.0,2.3333333333333335,-16.0,0.0,0.5
41536,T1,T11,207,146,2021-05-14,Vic Friendship FC,Ashburton FC,1,10,4,0.3333333333333333,0.0,0.18632372322584756,0.0,4.333333333333333,0.0,7.333333333333333,2.0,-1.0,0.0,4.333333333333333,0.0,0.0,0.0,1.0,0.0,1484.0,1500.0,0.18632372322584756,4.333333333333333,5.333333333333333,-1.0,-16.0,0.0,0.5
41540,T10,T4,21,16,2021-05-21,Campbellfield FC,Pascoe Vale FC,1,6,5,0.75,0.5,0.8023667677108769,0.3392436312341829,8.5,5.0,7.0,7.25,3.5,-0.25,8.5,5.0,0.0,0.0,1.0,0.5,1530.597626351594,1497.1552127438224,0.463123136476694,3.5,-0.25,3.75,33.44241360777164,0.0,0.5
41541,T1,T5,20,19,2021-05-21,Western United FC,Altona Knights FC,1,6,4,0.75,0.0,0.6150630258268086,0.0,5.5,1.5,5.75,8.0,1.75,-4.5,5.5,1.5,0.25,0.0,0.75,0.0,1529.7941916775023,1440.3433193771282,0.6150630258268086,4.0,-2.25,6.25,89.45087230037416,0.0,0.5
41539,T7,T11,17,146,2021-05-21,Fitzroy FC,Ashburton FC,1,12,1,0.5,0.0,0.6607563687658172,0.0,4.5,4.0,5.0,12.0,1.5,-6.0,4.5,0.0,0.0,0.0,0.75,1.0,1501.4429748823316,1483.263693206478,0.6607563687658172,0.5,-7.0,7.5,18.179281675853645,0.0,0.5
41538,T9,T3,22,325,2021-05-21,FC Carlton Heart,Roxburgh Park Gorillas,1,5,1,0.75,0.25,0.8583896010549404,0.19763323228912325,6.25,3.0,5.25,9.0,3.0,-4.0,6.25,3.0,0.0,0.0,1.0,0.5,1530.5279945256934,1470.8718751773815,0.6607563687658172,3.25,-3.75,7.0,59.656119348311904,0.0,0.5
41537,T8,T2,18,207,2021-05-21,Moreland Blues FC,Vic Friendship FC,1,15,2,1.0,0.5,1.0,0.5265473731182511,5.666666666666667,5.75,4.0,7.0,3.6666666666666665,0.75,5.666666666666667,5.75,0.0,0.0,0.6666666666666666,1.0,1547.2668052645465,1500.736306793522,0.47345262688174894,-0.08333333333333304,-3.0,2.9166666666666665,46.53049847102443,0.0,0.5
41589,T1,T7,17,18,2021-06-18,Fitzroy FC,Moreland Blues FC,1,8,1,0.6,1.0,0.7395052481601551,1.0,6.0,8.0,4.6,4.0,3.4,6.0,6.0,8.0,0.0,0.0,0.8,0.75,1516.6065512090127,1561.1367165458196,-0.26049475183984494,-2.0,0.5999999999999996,-2.6,-44.53016533680693,0.0,0.5
41590,T4,T5,16,20,2021-06-18,Pascoe Vale FC,Western United FC,0,6,7,0.4,0.8,0.26049475183984505,0.7585546159235846,5.0,5.6,7.4,5.8,-0.4,1.8,5.0,5.6,0.0,0.2,0.6,0.8,1482.690554071969,1541.7634950155643,-0.4980598640837396,-0.5999999999999996,1.6000000000000005,-2.2,-59.07294094359531,0.0,0.5
41591,T3,T10,207,325,2021-06-18,Vic Friendship FC,Roxburgh Park Gorillas,1,4,3,0.4,0.2,0.3554961078278221,0.1464440280884384,5.0,2.6,9.0,8.6,-2.0,-4.0,5.0,2.6,0.0,0.0,0.8,0.4,1486.866395512249,1457.5924570629502,0.2090520797393837,2.4,0.40000000000000036,2.0,29.27393844929884,0.0,0.5
41588,T6,T8,22,21,2021-06-18,FC Carlton Heart,Campbellfield FC,1,7,6,0.8,0.8,0.8859492762485933,0.8535559719115617,6.0,8.0,4.8,7.0,3.2,3.0,6.0,8.0,0.0,0.0,1.0,1.0,1543.8074126401248,1545.0622850234474,0.03239330433703158,-2.0,-2.2,0.20000000000000018,-1.2548723833226632,0.0,0.5
41587,T2,T11,19,146,2021-06-18,Altona Knights FC,Ashburton FC,1,10,3,0.0,0.0,0.0,0.0,2.0,2.5,8.0,13.0,-4.0,-8.5,2.0,2.5,0.0,0.0,0.2,0.5,1428.3740160390662,1468.1001168797968,0.0,-0.5,-5.0,4.5,-39.72610084073062,0.0,0.5
41596,T11,T10,146,16,2021-06-25,Ashburton FC,Pascoe Vale FC,0,2,10,0.0,0.3333333333333333,0.0,0.11405072375140665,2.6666666666666665,4.2,12.666666666666666,7.8,-8.0,-1.6,2.6666666666666665,4.2,0.0,0.0,0.3333333333333333,0.6,1450.2785935214831,1469.3850486593037,-0.11405072375140665,-1.5333333333333337,4.866666666666666,-6.4,-19.106455137820603,0.0,0.5
41595,T4,T9,22,20,2021-06-25,FC Carlton Heart,Western United FC,0,2,3,0.8333333333333334,0.8333333333333334,1.0,0.8119621458123116,6.4,5.4,4.4,6.0,4.0,1.4,6.4,5.4,0.0,0.16666666666666666,1.0,0.8,1559.8652013977055,1555.0690004282296,0.18803785418768837,1.0,-1.5999999999999996,2.6,4.796200969475876,1.0,0.0
41594,T3,T8,18,325,2021-06-25,Moreland Blues FC,Roxburgh Park Gorillas,1,13,5,0.8,0.16666666666666666,0.6899779901039489,0.11405072375140665,6.6,2.8,5.2,8.2,3.4,-3.4,6.6,2.8,0.0,0.0,0.6,0.4,1543.097182291749,1442.9373905717914,0.5759272663525422,3.8,-2.999999999999999,6.8,100.15979171995764,1.0,1.0
41593,T1,T6,207,17,2021-06-25,Vic Friendship FC,Fitzroy FC,0,4,5,0.5,0.6666666666666666,0.49805986408373965,0.8859492762485933,5.0,7.0,9.0,4.0,-2.0,5.0,5.0,7.0,0.0,0.0,0.8,1.0,1501.5214620034078,1534.6460854630832,-0.3878894121648537,-2.0,5.0,-7.0,-33.12462345967538,1.0,1.0
41592,T2,T7,21,19,2021-06-25,Campbellfield FC,Altona Knights FC,1,7,3,0.6666666666666666,0.16666666666666666,0.5759272663525423,0.3100220098960511,8.2,3.6,8.0,7.6,2.2,-2.0,8.2,3.6,0.0,0.0,1.0,0.4,1529.0044962658667,1446.19553939738,0.2659052564564912,4.6,0.40000000000000036,4.2,82.8089568684868,1.0,1.0
41600,T5,T8,21,20,2021-07-02,Campbellfield FC,Western United FC,0,2,3,0.7142857142857143,0.8571428571428571,0.7585546159235846,0.8535559719115617,8.2,4.4,7.0,5.0,3.2,1.4,8.2,4.4,0.0,0.14285714285714285,1.0,0.6,1541.2616106188261,1571.2898596160733,-0.0950013559879771,3.799999999999999,2.0,1.8000000000000003,-30.028248997247147,1.0,0.0
41599,T1,T2,325,17,2021-07-02,Roxburgh Park Gorillas,Fitzroy FC,0,1,7,0.14285714285714285,0.7142857142857143,0.0,1.0,2.8,7.2,10.0,3.8,-5.2,5.4,2.8,7.2,0.0,0.0,0.4,1.0,1431.4262509156974,1549.1252454223825,-1.0,-4.4,6.2,-10.600000000000001,-117.69899450668504,1.0,1.0
41598,T4,T11,22,146,2021-07-02,FC Carlton Heart,Ashburton FC,1,10,1,0.7142857142857143,0.0,0.6899779901039489,0.0,5.2,2.5,4.8,12.5,2.4,-8.0,5.2,2.5,0.0,0.0,0.8,0.25,1543.6443422098619,1435.1575923839227,0.6899779901039489,2.7,-7.7,10.4,108.48674982593911,0.0,0.5
41601,T10,T9,207,16,2021-07-02,Vic Friendship FC,Pascoe Vale FC,0,4,6,0.42857142857142855,0.42857142857142855,0.3878894121648539,0.3100220098960511,5.0,5.2,9.0,7.4,-2.0,-0.2,5.0,5.2,0.0,0.0,0.8,0.6,1487.0423020441085,1484.506049796864,0.07786740226880279,-0.20000000000000018,1.5999999999999996,-1.8,2.5362522472444198,1.0,0.0
41597,T3,T6,19,18,2021-07-02,Altona Knights FC,Moreland Blues FC,0,5,14,0.14285714285714285,0.8333333333333334,0.24144538407641547,0.7585546159235846,3.8,8.0,7.4,5.8,-1.6,4.2,3.8,8.0,0.0,0.0,0.4,0.6,1433.9384250444205,1554.608321947843,-0.5171092318471692,-4.2,1.6000000000000005,-5.800000000000001,-120.66989690342257,1.0,0.0
41603,T10,T7,16,17,2021-07-09,Pascoe Vale FC,Fitzroy FC,0,1,2,0.5,0.75,0.5514673939724666,1.0,6.0,7.6,7.2,3.6,0.8,6.0,6.0,7.6,0.0,0.0,0.8,1.0,1500.6228464545502,1559.9032560327125,-0.4485326060275334,-1.5999999999999996,3.6,-5.2,-59.280409578162335,1.0,0.0
41604,T11,T3,146,18,2021-07-09,Ashburton FC,Moreland Blues FC,0,2,20,0.0,0.8571428571428571,0.0,0.8119621458123116,2.2,9.2,12.4,6.4,-8.2,4.8,2.2,9.2,0.0,0.0,0.2,0.6,1423.9973138192963,1565.2644341868886,-0.8119621458123116,-6.999999999999999,6.0,-13.0,-141.26712036759227,0.0,0.5
41605,T4,T2,20,325,2021-07-09,Western United FC,Roxburgh Park Gorillas,1,9,2,0.875,0.125,0.8859492762485933,0.0,4.2,3.0,5.4,10.6,0.8,-5.6,4.2,3.0,0.125,0.0,0.4,0.4,1585.9104406173512,1420.6482403053674,0.8859492762485933,1.2000000000000002,-5.199999999999999,6.3999999999999995,165.26220031198386,1.0,1.0
41606,T5,T6,19,22,2021-07-09,Altona Knights FC,FC Carlton Heart,0,7,9,0.125,0.75,0.18803785418768845,0.7585546159235846,4.6,6.2,9.2,4.8,-2.6,3.4,4.6,6.2,0.0,0.0,0.6,0.8,1423.2823128053749,1554.8046207744883,-0.5705167617358962,-1.6000000000000005,4.3999999999999995,-6.0,-131.5223079691134,1.0,0.0
41602,T9,T8,21,207,2021-07-09,Campbellfield FC,Vic Friendship FC,1,8,4,0.625,0.375,0.5019401359162605,0.3020885779390951,7.0,4.8,6.6,8.6,2.4,-1.8,7.0,4.8,0.0,0.0,0.8,0.8,1526.6410296175482,1470.9255053864226,0.19985155797716542,2.2,-2.0,4.2,55.71552423112553,1.0,1.0
41569,T7,T3,20,17,2021-07-30,Western United FC,Fitzroy FC,0,3,6,0.8888888888888888,0.7777777777777778,1.0,1.0,5.6,6.8,5.2,3.6,2.4,5.2,5.6,6.8,0.1111111111111111,0.0,0.6,0.8,1594.8262259527696,1573.1994790609865,0.0,-1.2000000000000002,1.6,-2.8000000000000003,21.626746891783114,0.0,0.5
41567,T1,T10,207,22,2021-07-30,Vic Friendship FC,FC Carlton Heart,1,6,5,0.3333333333333333,0.7777777777777778,0.1464440280884384,0.8119621458123116,3.6,6.6,9.4,5.6,-3.8,3.0,3.6,6.6,0.0,0.0,0.8,0.8,1457.469529992149,1565.02143706258,-0.6655181177238733,-2.9999999999999996,3.8000000000000007,-6.8,-107.55190707043084,0.0,0.5
41568,T11,T4,146,21,2021-07-30,Ashburton FC,Campbellfield FC,0,1,18,0.0,0.6666666666666666,0.0,0.6121105878351463,1.8,5.8,14.4,6.4,-10.6,1.4,1.8,5.8,0.0,0.0,0.0,0.8,1414.1666179533045,1540.0970050118217,-0.6121105878351463,-4.0,8.0,-12.0,-125.93038705851723,0.0,0.5
41570,T9,T5,325,19,2021-07-30,Roxburgh Park Gorillas,Altona Knights FC,0,5,6,0.1111111111111111,0.1111111111111111,0.0,0.1464440280884384,2.4,5.8,9.6,9.8,-5.2,-2.0,2.4,5.8,0.0,0.0,0.2,0.8,1411.732454969949,1413.0654965172832,-0.1464440280884384,-3.4,-0.20000000000000107,-3.2,-1.3330415473342327,0.0,0.5
41571,T6,T2,16,18,2021-07-30,Pascoe Vale FC,Moreland Blues FC,0,3,6,0.4444444444444444,0.875,0.42948323826410395,0.8535559719115617,5.6,12.6,6.2,6.4,1.4,8.2,5.6,12.6,0.0,0.0,0.8,0.8,1487.3266234262762,1575.0951300528804,-0.4240727336474578,-7.0,-0.20000000000000018,-6.799999999999999,-87.76850662660422,0.0,0.5
41542,T1,T10,19,325,2021-10-29,Altona Knights FC,Roxburgh Park Gorillas,1,6,3,0.2,0.1,0.4240727336474578,0.0,6.2,3.2,9.6,9.8,-1.4,-4.6,6.2,3.2,0.0,0.0,0.8,0.4,1429.0041079866128,1395.7938435006195,0.4240727336474578,3.0,-0.20000000000000107,3.1999999999999997,33.21026448599332,1.0,1.0
41543,T7,T3,22,207,2021-10-29,FC Carlton Heart,Vic Friendship FC,0,1,5,0.7,0.4,0.5435339620155106,0.4240727336474578,6.6,4.4,6.6,7.4,2.0,-1.0,6.6,4.4,0.0,0.0,0.8,1.0,1544.22085950008,1478.270107554649,0.11946122836805284,2.1999999999999993,-0.8000000000000007,3.0,65.95075194543097,1.0,0.0
41544,T9,T5,18,16,2021-10-29,Moreland Blues FC,Pascoe Vale FC,1,3,0,0.8888888888888888,0.4,0.8859492762485933,0.33448188227612685,10.8,5.2,6.6,6.2,6.2,1.0,10.8,5.2,0.0,0.0,0.8,0.6,1587.1370804009039,1475.2846730782528,0.5514673939724665,5.6000000000000005,0.39999999999999947,5.2,111.85240732265106,1.0,1.0
41545,T8,T4,17,20,2021-10-29,Fitzroy FC,Western United FC,1,8,2,0.8,0.8,1.0,0.6899779901039489,5.6,5.0,4.0,5.6,3.6,1.4,5.6,5.0,0.0,0.1,0.8,0.4,1590.1941432303533,1577.8315617834028,0.3100220098960511,0.5999999999999996,-1.5999999999999996,2.2,12.362581446950571,1.0,1.0
41546,T6,T11,21,146,2021-10-29,Campbellfield FC,Ashburton FC,1,14,3,0.7,0.0,0.697911422060905,0.0,8.2,1.8,5.6,15.6,4.6,-11.8,8.2,1.8,0.0,0.0,0.8,0.0,1550.5389857536554,1403.7246372114707,0.697911422060905,6.3999999999999995,-10.0,16.4,146.8143485421847,1.0,1.0
41550,T2,T3,325,16,2021-11-05,Roxburgh Park Gorillas,Pascoe Vale FC,0,3,10,0.09090909090909091,0.36363636363636365,0.0,0.26049475183984505,3.2,4.0,10.2,5.4,-5.0,0.6,3.2,4.0,0.0,0.0,0.4,0.4,1381.318591731497,1464.264791676468,-0.26049475183984505,-0.7999999999999998,4.799999999999999,-5.6,-82.94619994497089,0.0,0.5
41549,T1,T9,17,21,2021-11-05,Fitzroy FC,Campbellfield FC,1,2,1,0.8181818181818182,0.7272727272727273,1.0,0.8535559719115617,5.6,9.8,4.2,4.8,3.4,7.0,5.6,9.8,0.0,0.0,0.8,0.8,1605.6250654658108,1560.153551170489,0.14644402808843826,-4.200000000000001,-0.5999999999999996,-3.6,45.47151429532187,0.0,0.5
41547,T6,T4,207,19,2021-11-05,Vic Friendship FC,Altona Knights FC,0,6,7,0.45454545454545453,0.2727272727272727,0.5514673939724666,0.5514673939724666,4.6,5.4,7.0,9.6,-0.4,-2.2,4.6,5.4,0.0,0.0,1.0,0.8,1497.2712917794865,1443.4793597557352,0.0,-0.8000000000000007,-2.5999999999999996,1.8000000000000003,53.791932023751315,0.0,0.5
41551,T7,T11,20,146,2021-11-05,Western United FC,Ashburton FC,1,7,1,0.7272727272727273,0.0,0.44853260602753353,0.0,4.0,1.8,6.0,16.4,0.0,-12.6,4.0,1.8,0.09090909090909091,0.0,0.2,0.0,1562.4006395479453,1394.1100717946372,0.44853260602753353,2.2,-10.399999999999999,12.6,168.2905677533081,0.0,0.5
41548,T8,T10,22,18,2021-11-05,FC Carlton Heart,Moreland Blues FC,0,1,13,0.6363636363636364,0.9,0.33448188227612685,1.0,5.4,11.2,6.4,5.0,1.0,8.2,5.4,11.2,0.0,0.1,0.6,0.8,1525.2196752752425,1598.1569618026888,-0.6655181177238731,-5.799999999999999,1.4000000000000004,-7.199999999999999,-72.9372865274463,0.0,0.5
41556,T1,T8,17,22,2021-11-12,Fitzroy FC,FC Carlton Heart,1,8,1,0.8333333333333334,0.5833333333333334,1.0,0.26049475183984505,5.0,5.2,3.6,8.4,3.4,-1.2,5.0,5.2,0.0,0.0,0.6,0.6,1619.5428997166277,1512.530073140085,0.739505248160155,-0.20000000000000018,-4.800000000000001,4.6,107.0128265765427,0.0,0.5
41555,T7,T9,18,21,2021-11-12,Moreland Blues FC,Campbellfield FC,1,4,3,0.9090909090909091,0.6666666666666666,1.0,0.5759272663525423,11.2,8.6,4.2,4.6,9.0,6.0,11.2,8.6,0.09090909090909091,0.0,0.8,0.6,1610.8465639378462,1546.235716919672,0.4240727336474577,2.5999999999999996,-0.39999999999999947,3.0,64.61084701817413,0.0,0.5
41554,T2,T11,325,146,2021-11-12,Roxburgh Park Gorillas,Ashburton FC,0,3,9,0.08333333333333333,0.0,0.0,0.0,2.8,1.6,9.6,15.8,-4.8,-12.2,2.8,1.6,0.0,0.0,0.2,0.0,1369.0674512363212,1385.3059741218215,0.0,1.1999999999999997,-6.200000000000001,7.3999999999999995,-16.238522885500288,0.0,0.5
41552,T6,T10,207,20,2021-11-12,Vic Friendship FC,Western United FC,0,3,8,0.4166666666666667,0.75,0.42948323826410395,0.5705167617358962,5.0,4.8,7.4,5.8,-0.4,1.0,5.0,4.8,0.0,0.08333333333333333,1.0,0.4,1478.813687510038,1571.204737220761,-0.1410335234717922,0.20000000000000018,1.6000000000000005,-1.4,-92.39104971072288,0.0,0.5
41553,T3,T4,16,19,2021-11-12,Pascoe Vale FC,Altona Knights FC,0,6,7,0.4166666666666667,0.3333333333333333,0.4240727336474578,0.7395052481601551,4.0,6.2,5.6,9.4,0.4,-1.2,4.0,6.2,0.0,0.0,0.4,1.0,1476.5159321716437,1461.9369640251837,-0.31543251451269727,-2.2,-3.8000000000000007,1.6,14.578968146460056,0.0,0.5
41558,T1,T4,19,17,2021-11-19,Altona Knights FC,Fitzroy FC,0,1,4,0.38461538461538464,0.8461538461538461,0.8859492762485933,1.0,6.6,5.2,7.8,3.6,0.8,3.6,6.6,5.2,0.0,0.0,1.0,0.6,1478.6079565426169,1630.7649233924571,-0.11405072375140668,1.3999999999999995,4.199999999999999,-2.8,-152.15696684984027,1.0,0.0
41557,T8,T7,325,21,2021-11-19,Roxburgh Park Gorillas,Campbellfield FC,0,6,7,0.07692307692307693,0.6153846153846154,0.0,0.44853260602753353,3.2,8.8,10.0,4.8,-4.8,6.0,3.2,8.8,0.0,0.0,0.2,0.6,1353.814718804305,1533.1773244664248,-0.44853260602753353,-5.6000000000000005,5.2,-10.8,-179.3626056621199,1.0,0.0
41559,T11,T6,146,207,2021-11-19,Ashburton FC,Vic Friendship FC,0,2,4,0.1,0.38461538461538464,0.3100220098960511,0.33448188227612685,3.2,4.8,14.4,7.8,-9.2,-1.0,3.2,4.8,0.0,0.0,0.2,0.8,1400.5587065538377,1466.9709186760363,-0.024459872380075742,-1.5999999999999996,6.6000000000000005,-8.2,-66.41221212219853,1.0,0.0
41561,T5,T3,20,18,2021-11-19,Western United FC,Moreland Blues FC,0,2,5,0.7692307692307693,0.9166666666666666,0.6655181177238731,1.0,5.8,9.2,6.0,3.8,1.8,7.4,5.8,9.2,0.07692307692307693,0.08333333333333333,0.6,0.8,1583.0475060547628,1623.9049563910935,-0.33448188227612685,-3.3999999999999995,2.2,-5.6000000000000005,-40.85745033633066,1.0,0.0
41563,T11,T2,146,17,2021-11-26,Ashburton FC,Fitzroy FC,0,0,21,0.09090909090909091,0.8571428571428571,0.24144538407641547,1.0,3.2,5.6,11.2,3.6,-6.0,4.0,3.2,5.6,0.0,0.0,0.2,0.8,1387.5803889899616,1640.1739168143731,-0.7585546159235845,-2.3999999999999995,7.6,-10.0,-252.59352782441147,1.0,0.0
41562,T7,T6,207,18,2021-11-26,Vic Friendship FC,Moreland Blues FC,1,5,4,0.42857142857142855,0.9230769230769231,0.5705167617358962,1.0,4.8,6.2,6.6,3.8,0.2,4.4,4.8,6.2,0.0,0.07692307692307693,0.8,0.8,1479.9492362399124,1638.0320269631866,-0.42948323826410384,-1.4000000000000004,2.8,-4.2,-158.08279072327423,1.0,0.0
41564,T9,T3,325,22,2021-11-26,Roxburgh Park Gorillas,FC Carlton Heart,0,1,5,0.07142857142857142,0.5384615384615384,0.0,0.11405072375140665,4.0,3.4,9.6,9.8,-3.6,-4.4,4.0,3.4,0.0,0.0,0.4,0.4,1345.411491732699,1501.3080494642556,-0.11405072375140665,0.6000000000000001,-0.20000000000000107,0.8000000000000003,-155.89655773155664,1.0,0.0
41565,T10,T4,16,21,2021-11-26,Pascoe Vale FC,Campbellfield FC,0,1,8,0.38461538461538464,0.6428571428571429,0.24144538407641547,0.5705167617358962,4.0,8.6,6.2,5.2,-0.2,5.4,4.0,8.6,0.0,0.0,0.4,0.6,1459.8449396542105,1541.5805515380307,-0.3290713776594807,-4.6,1.0,-5.6000000000000005,-81.73561188382018,1.0,0.0
41566,T1,T5,20,19,2021-11-26,Western United FC,Altona Knights FC,1,4,3,0.7142857142857143,0.35714285714285715,0.42948323826410395,0.6899779901039489,4.4,5.4,6.6,6.8,-0.2,0.6,4.4,5.4,0.07142857142857142,0.0,0.4,0.8,1568.9204354826697,1469.198963120701,-0.26049475183984494,-1.0,-0.20000000000000018,-0.8,99.72147236196884,1.0,1.0
41576,T1,T9,18,22,2021-12-03,Moreland Blues FC,FC Carlton Heart,1,4,1,0.8571428571428571,0.5714285714285714,0.6899779901039489,0.3100220098960511,5.8,2.6,4.2,8.6,3.6,-4.0,5.8,2.6,0.07142857142857142,0.0,0.8,0.4,1615.216036858876,1510.5746886095626,0.3799559802078978,3.1999999999999997,-4.3999999999999995,7.6,104.6413482493133,1.0,1.0
41575,T11,T4,146,20,2021-12-03,Ashburton FC,Western United FC,0,2,10,0.08333333333333333,0.7333333333333333,0.18803785418768845,0.644503892172178,3.0,4.6,11.8,6.0,-6.8,0.6,3.0,4.6,0.0,0.06666666666666667,0.2,0.6,1381.520235970465,1580.4501782681834,-0.4564660379844895,-1.5999999999999996,5.800000000000001,-7.3999999999999995,-198.92994229771853,1.0,0.0
41574,T8,T10,21,17,2021-12-03,Campbellfield FC,Fitzroy FC,0,3,4,0.6666666666666666,0.8666666666666667,0.6655181177238731,1.0,6.6,8.6,5.2,3.0,3.4,7.6,6.6,8.6,0.0,0.06666666666666667,0.6,0.8,1553.8844239537032,1646.2340698338699,-0.33448188227612685,-2.0,2.2,-4.199999999999999,-92.34964588016669,1.0,0.0
41573,T7,T5,16,325,2021-12-03,Pascoe Vale FC,Roxburgh Park Gorillas,1,8,2,0.35714285714285715,0.06666666666666667,0.18803785418768845,0.0,4.0,3.2,7.4,9.4,-1.4,-4.2,4.0,3.2,0.0,0.0,0.4,0.2,1447.541067238538,1336.144852587392,0.18803785418768845,0.7999999999999998,-2.0,2.8000000000000003,111.39621465114601,1.0,1.0
41572,T2,T3,19,207,2021-12-03,Altona Knights FC,Vic Friendship FC,0,4,8,0.3333333333333333,0.4666666666666667,0.44853260602753353,0.6655181177238731,4.8,4.6,6.6,6.4,0.2,0.2,4.8,4.6,0.0,0.0,0.6,0.8,1457.6692203351872,1502.765226344223,-0.21698551169633962,0.20000000000000018,0.1999999999999993,0.0,-45.09600600903582,1.0,1.0
41581,T2,T5,20,207,2021-12-10,Western United FC,Vic Friendship FC,0,2,4,0.75,0.5,0.8119621458123116,0.7395052481601551,6.2,5.2,4.8,7.0,3.4,0.2,6.2,5.2,0.0625,0.0,0.8,0.8,1588.1743132992033,1516.700062918291,0.07245689765215657,1.0,-2.2,3.1999999999999997,71.47425038091228,1.0,1.0
41580,T11,T10,146,325,2021-12-10,Ashburton FC,Roxburgh Park Gorillas,0,3,11,0.07692307692307693,0.0625,0.1464440280884384,0.0,2.8,3.0,11.0,9.8,-6.2,-4.8,2.8,3.0,0.0,0.0,0.2,0.2,1373.796100939445,1325.1059903135804,0.1464440280884384,-0.20000000000000018,1.1999999999999993,-1.4000000000000004,48.69011062586469,1.0,1.0
41579,T3,T4,21,18,2021-12-10,Campbellfield FC,Moreland Blues FC,1,5,2,0.625,0.8666666666666667,0.42948323826410395,0.7585546159235846,4.4,6.0,5.4,4.4,1.0,3.6,4.4,6.0,0.0,0.06666666666666667,0.4,1.0,1542.0398770703314,1626.5377337976952,-0.3290713776594807,-1.5999999999999996,1.0,-2.6,-84.4978567273638,1.0,0.0
41578,T1,T8,22,17,2021-12-10,FC Carlton Heart,Fitzroy FC,0,0,2,0.5333333333333333,0.875,0.24144538407641547,1.0,1.8,7.8,8.2,3.2,-4.4,6.6,1.8,7.8,0.0,0.0625,0.2,0.8,1499.2529916707433,1658.0786167172416,-0.7585546159235845,-6.0,4.999999999999999,-11.0,-158.82562504649832,1.0,0.0
41577,T7,T9,19,16,2021-12-10,Altona Knights FC,Pascoe Vale FC,0,4,6,0.3125,0.4,0.26049475183984505,0.45646603798448954,4.4,5.0,7.6,6.6,-1.2,0.4,4.4,5.0,0.0,0.0,0.6,0.6,1443.7343837611193,1458.5799295123497,-0.19597128614464449,-0.5999999999999996,1.0,-1.6,-14.845545751230475,1.0,1.0
41529,T1,T3,18,146,2021-12-12,Moreland Blues FC,Ashburton FC,1,14,2,0.8125,0.07142857142857142,0.5019401359162605,0.11405072375140665,3.8,3.2,5.2,11.8,0.6,-6.6,3.8,3.2,0.0625,0.0,0.8,0.2,1606.721411731174,1355.5684031300923,0.38788941216485384,0.5999999999999996,-6.6000000000000005,7.199999999999999,251.15300860108164,1.0,1.0
41560,T10,T2,16,22,2021-12-12,Pascoe Vale FC,FC Carlton Heart,0,1,2,0.4375,0.5,0.6655181177238731,0.18803785418768845,6.2,1.6,6.8,7.6,1.4,-4.0,6.2,1.6,0.0,0.0,0.8,0.2,1473.8966826298551,1490.0969569817796,0.47748026353618467,4.6,-0.7999999999999998,5.4,-16.200274351924463,1.0,0.0
41585,T6,T8,20,16,2021-12-17,Western United FC,Pascoe Vale FC,0,2,5,0.7058823529411765,0.4117647058823529,0.5435339620155106,0.42948323826410395,5.2,4.4,5.4,6.6,1.8,-0.2,5.2,4.4,0.058823529411764705,0.0,0.6,0.6,1568.9284624215638,1458.6421926208807,0.11405072375140668,0.7999999999999998,-1.1999999999999993,2.0,110.28626980068316,1.0,1.0
41582,T1,T7,18,17,2021-12-17,Moreland Blues FC,Fitzroy FC,0,2,4,0.8235294117647058,0.8823529411764706,0.6121105878351463,1.0,5.8,7.8,5.0,3.0,2.8,6.8,5.8,7.8,0.058823529411764705,0.11764705882352941,0.8,0.8,1612.8224054680045,1667.2346514062053,-0.38788941216485373,-2.0,2.0,-4.0,-54.41224593820084,1.0,0.0
41584,T11,T5,146,19,2021-12-17,Ashburton FC,Altona Knights FC,0,5,6,0.06666666666666667,0.29411764705882354,0.0,0.11405072375140665,1.8,3.8,14.0,7.6,-10.2,-1.8,1.8,3.8,0.0,0.0,0.0,0.6,1349.4674093932617,1428.4176306436138,-0.11405072375140665,-1.9999999999999998,6.4,-8.399999999999999,-78.95022125035212,1.0,0.0
41583,T3,T10,21,22,2021-12-17,Campbellfield FC,FC Carlton Heart,1,10,4,0.6470588235294118,0.5294117647058824,0.644503892172178,0.45646603798448954,5.2,1.8,5.4,5.2,1.8,-1.4,5.2,1.8,0.0,0.0,0.6,0.2,1561.8561991368526,1505.351446990754,0.18803785418768842,3.4000000000000004,0.20000000000000018,3.2,56.504752146098554,1.0,0.0
41586,T2,T9,325,207,2021-12-17,Roxburgh Park Gorillas,Vic Friendship FC,0,3,12,0.11764705882352941,0.5294117647058824,0.3100220098960511,0.8859492762485933,4.6,4.8,8.4,6.0,-1.8,0.8,4.6,4.8,0.0,0.0,0.4,0.8,1343.3336881229332,1535.9459137959304,-0.5759272663525422,-0.20000000000000018,2.4000000000000004,-2.6,-192.61222567299728,1.0,0.0
55762,T3,T7,21,322,2022-02-04,Campbellfield FC,Metropolitan FC,1,12,4,0.6666666666666666,0.0,0.8119621458123116,0.0,6.6,0.0,5.4,2.0,3.2,0.0,6.6,0.0,0.0,0.0,0.8,0.0,1575.2767609572595,1500.0,0.8119621458123116,6.6,3.4000000000000004,3.2,75.27676095725951,0.0,0.5
55763,T1,T5,18,16,2022-02-04,Moreland Blues FC,Pascoe Vale FC,1,3,2,0.7777777777777778,0.4444444444444444,0.3878894121648539,0.644503892172178,5.2,4.2,5.4,5.6,1.8,0.6,5.2,4.2,0.05555555555555555,0.0,0.6,0.6,1599.307894601251,1479.557084235486,-0.25661448000732406,1.0,-0.1999999999999993,1.2000000000000002,119.75081036576512,2.0,1.0
55764,T4,T8,17,207,2022-02-04,Fitzroy FC,Vic Friendship FC,1,4,2,0.8888888888888888,0.5555555555555556,1.0,1.0,7.0,6.6,3.2,5.0,5.8,3.6,7.0,6.6,0.1111111111111111,0.0,0.8,1.0,1680.7491622729588,1543.8851516829873,0.0,0.40000000000000036,-1.7999999999999998,2.1999999999999997,136.86401058997149,2.0,0.5
55765,T2,T6,20,323,2022-02-04,Western United FC,Balwyn FC,1,9,1,0.6666666666666666,0.0,0.33448188227612685,0.0,4.0,0.0,5.8,2.0,0.2,0.0,4.0,0.0,0.05555555555555555,0.0,0.4,0.0,1548.0135708069586,1500.0,0.33448188227612685,4.0,3.8,0.2,48.01357080695857,0.0,0.5
55769,T1,T2,17,323,2022-02-11,Fitzroy FC,Balwyn FC,1,9,4,0.8947368421052632,0.0,1.0,0.0,7.0,1.0,3.4,11.0,5.6,-8.0,7.0,0.0,0.10526315789473684,0.0,0.8,0.0,1690.753320634272,1486.1971377174207,1.0,6.0,-7.6,13.6,204.5561829168514,0.0,0.5
55768,T3,T5,21,20,2022-02-11,Campbellfield FC,Western United FC,1,3,1,0.6842105263157895,0.6842105263157895,0.8535559719115617,0.5705167617358962,7.6,5.4,5.0,5.0,4.6,2.4,7.6,5.4,0.0,0.05263157894736842,0.8,0.6,1587.8633832863295,1561.816433089538,0.2830392101756656,2.1999999999999993,0.0,2.1999999999999997,26.046950196791613,2.0,0.0
55766,T4,T6,16,322,2022-02-11,Pascoe Vale FC,Metropolitan FC,0,6,7,0.42105263157894735,0.0,0.5019401359162605,0.0,4.4,4.0,4.6,14.0,1.8,-8.0,4.4,0.0,0.0,0.0,0.6,1.0,1468.8633347966202,1487.41337767093,0.5019401359162605,0.40000000000000036,-9.4,9.8,-18.55004287430984,0.0,0.5
55767,T8,T7,18,207,2022-02-11,Moreland Blues FC,Vic Friendship FC,1,11,4,0.7894736842105263,0.5263157894736842,0.6121105878351463,0.6899779901039489,5.0,6.2,4.8,5.4,2.2,2.8,5.0,6.2,0.05263157894736842,0.0,0.4,0.8,1610.0016440401168,1533.880993321674,-0.07786740226880262,-1.2000000000000002,-0.6000000000000005,-0.5999999999999996,76.1206507184429,2.0,0.5
55770,T7,T6,323,16,2022-02-18,Balwyn FC,Pascoe Vale FC,1,6,3,0.0,0.4,0.0,0.3020885779390951,2.5,4.0,11.0,5.6,-6.5,0.4,2.5,4.0,0.0,0.0,0.5,0.6,1478.6611891755265,1453.7167850369538,-0.3020885779390951,-1.5,5.4,-6.9,24.944404138572736,0.0,0.5
55771,T8,T5,322,207,2022-02-18,Metropolitan FC,Vic Friendship FC,1,6,2,0.5,0.5,0.7310585786300049,0.44853260602753353,5.5,6.0,11.0,6.8,-3.5,1.2,5.5,6.0,0.0,0.0,1.0,0.8,1502.5599274305964,1521.3314455440836,0.28252597260247136,-0.5,4.2,-4.7,-18.771518113487218,0.0,0.5
55772,T1,T3,17,21,2022-02-18,Fitzroy FC,Campbellfield FC,0,1,3,0.9,0.7,1.0,0.8859492762485933,4.6,6.6,4.2,5.0,2.4,3.6,4.6,6.6,0.1,0.0,0.8,0.6,1698.2892691761663,1602.666119085435,0.11405072375140668,-2.0,-0.7999999999999998,-1.2000000000000002,95.62315009073131,2.0,1.0
55773,T4,T2,20,18,2022-02-18,Western United FC,Moreland Blues FC,1,4,3,0.65,0.8,0.3554961078278221,0.697911422060905,4.8,6.4,5.0,5.4,1.8,3.0,4.8,6.4,0.05,0.05,0.4,0.4,1547.0136972904324,1622.5511918177071,-0.34241531423308286,-1.6000000000000005,-0.40000000000000036,-1.2,-75.5374945272747,2.0,0.0
55774,T6,T5,323,207,2022-02-25,Balwyn FC,Vic Friendship FC,0,7,8,0.3333333333333333,0.47619047619047616,0.506480391055654,0.26049475183984505,3.6666666666666665,4.8,9.0,7.2,-3.3333333333333335,-0.4,3.6666666666666665,4.8,0.0,0.0,0.6666666666666666,0.6,1493.5144266159814,1504.467825358571,0.24598563921580896,-1.1333333333333333,1.7999999999999998,-2.9333333333333336,-10.95339874258957,0.0,0.5
55775,T1,T4,17,322,2022-02-25,Fitzroy FC,Metropolitan FC,1,13,4,0.8571428571428571,0.6666666666666666,0.6899779901039489,0.8136762767741524,4.0,5.666666666666667,4.2,8.666666666666668,1.8,-1.0,4.0,5.666666666666667,0.09523809523809523,0.0,0.6,1.0,1677.9935813908198,1519.423547616109,-0.12369828667020355,-1.666666666666667,-4.466666666666668,2.8,158.57003377471074,0.0,0.5
55776,T8,T3,21,18,2022-02-25,Campbellfield FC,Moreland Blues FC,0,0,1,0.7142857142857143,0.7619047619047619,1.0,0.5435339620155106,6.6,6.6,4.4,5.2,4.2,3.4,6.6,6.6,0.0,0.047619047619047616,0.6,0.4,1622.9618068707814,1603.1263552351816,0.45646603798448937,0.0,-0.7999999999999998,0.8000000000000003,19.83545163559984,2.0,0.5
55777,T7,T2,20,16,2022-02-25,Western United FC,Pascoe Vale FC,1,6,0,0.6666666666666666,0.38095238095238093,0.49805986408373965,0.1464440280884384,3.6,3.4,5.2,6.0,0.4,-0.6,3.6,3.4,0.047619047619047616,0.0,0.4,0.4,1566.438533872958,1438.8635475964988,0.3516158359953012,0.20000000000000018,-0.7999999999999998,1.0,127.57498627645919,2.0,0.5
55780,T1,T8,17,20,2022-03-04,Fitzroy FC,Western United FC,1,3,2,0.8636363636363636,0.6818181818181818,0.7585546159235846,0.697911422060905,6.2,4.4,5.0,4.4,3.2,2.0,6.2,4.4,0.09090909090909091,0.09090909090909091,0.8,0.6,1687.1592359068154,1576.8140269971466,0.06064319386267969,1.7999999999999998,0.5999999999999996,1.2000000000000002,110.34520890966883,2.0,1.0
55781,T6,T3,323,21,2022-03-04,Balwyn FC,Campbellfield FC,1,6,3,0.25,0.6818181818181818,0.2758193945926257,0.6899779901039489,4.5,5.6,9.25,4.2,-2.75,3.4,4.5,5.6,0.0,0.0,0.75,0.4,1478.0186822179116,1606.0493417087107,-0.41415859551132317,-1.0999999999999996,5.05,-6.15,-128.03065949079905,0.0,0.5
55779,T5,T2,16,207,2022-03-04,Pascoe Vale FC,Vic Friendship FC,1,7,4,0.36363636363636365,0.5,0.11405072375140665,0.4240727336474578,3.2,5.6,6.8,8.2,-1.6,-0.6,3.2,5.6,0.0,0.0,0.4,0.6,1428.4880544723103,1519.9635697566407,-0.3100220098960511,-2.3999999999999995,-1.3999999999999995,-1.0,-91.47551528433041,2.0,1.0
55778,T7,T4,322,18,2022-03-04,Metropolitan FC,Moreland Blues FC,0,5,10,0.5,0.7727272727272727,0.473452626881749,0.644503892172178,5.25,4.0,10.25,4.8,-3.0,1.2,5.25,4.0,0.0,0.09090909090909091,1.0,0.2,1510.2578931001135,1620.0388203972523,-0.17105126529042897,1.25,5.45,-4.2,-109.78092729713876,0.0,0.5
55782,T6,T8,16,17,2022-03-11,Pascoe Vale FC,Fitzroy FC,0,1,9,0.391304347826087,0.8695652173913043,0.3100220098960511,0.8119621458123116,3.6,6.0,7.2,5.0,-1.6,3.0,3.6,6.0,0.0,0.08695652173913043,0.4,0.6,1448.605943227073,1698.24188629032,-0.5019401359162605,-2.4,2.2,-4.6,-249.63594306324694,2.0,0.0
55783,T1,T7,18,323,2022-03-11,Moreland Blues FC,Balwyn FC,1,7,2,0.782608695652174,0.4,0.8119621458123116,0.49805986408373965,5.6,4.8,5.0,8.4,2.6,-1.6,5.6,4.8,0.08695652173913043,0.0,0.4,0.8,1631.145014136081,1499.6615719819574,0.313902281728572,0.7999999999999998,-3.4000000000000004,4.2,131.48344215412362,0.0,0.5
55784,T5,T4,21,207,2022-03-11,Campbellfield FC,Vic Friendship FC,1,12,2,0.6521739130434783,0.4782608695652174,0.44853260602753353,0.24144538407641547,4.2,4.0,4.6,9.0,1.6,-3.0,4.2,4.0,0.0,0.0,0.2,0.6,1584.406451944665,1499.845681001878,0.20708722195111806,0.20000000000000018,-4.4,4.6,84.56077094278703,2.0,1.0
55785,T2,T3,20,322,2022-03-11,Western United FC,Metropolitan FC,1,15,4,0.6521739130434783,0.4,0.5435339620155106,0.33448188227612685,4.4,5.2,4.0,10.6,2.4,-3.4,4.4,5.2,0.08695652173913043,0.0,0.6,1.0,1565.731376613642,1499.1516993612847,0.20905207973938378,-0.7999999999999998,-6.6,5.8,66.57967725235721,0.0,0.5
55786,T3,T4,16,21,2022-03-18,Pascoe Vale FC,Campbellfield FC,0,1,4,0.375,0.6666666666666666,0.24144538407641547,0.5705167617358962,3.4,4.2,8.4,4.2,-3.0,2.0,3.4,4.2,0.0,0.0,0.4,0.2,1442.4617114701116,1596.5873975226407,-0.3290713776594807,-0.8000000000000003,4.2,-5.0,-154.1256860525291,2.0,0.0
55787,T5,T7,322,323,2022-03-18,Metropolitan FC,Balwyn FC,1,7,6,0.3333333333333333,0.3333333333333333,0.26049475183984505,0.3878894121648539,5.2,5.0,11.2,8.0,-4.0,-1.0,5.2,5.0,0.0,0.0,1.0,0.8,1486.1808181139618,1489.443199627932,-0.12739466032500885,0.20000000000000018,3.1999999999999993,-3.0,-3.26238151397024,0.0,0.5
55788,T1,T6,17,18,2022-03-18,Fitzroy FC,Moreland Blues FC,0,3,5,0.875,0.7916666666666666,0.8535559719115617,0.8535559719115617,7.0,6.4,4.8,5.0,4.2,3.4,7.0,6.4,0.08333333333333333,0.08333333333333333,0.6,0.6,1704.3861180472816,1641.3633864901064,0.0,0.5999999999999996,-0.20000000000000018,0.8000000000000003,63.02273155717512,2.0,1.0
55789,T2,T8,20,207,2022-03-18,Western United FC,Vic Friendship FC,0,2,6,0.6666666666666666,0.4583333333333333,0.644503892172178,0.18803785418768845,5.6,4.0,4.6,10.6,3.0,-4.6,5.6,4.0,0.08333333333333333,0.0,0.6,0.6,1578.702257860965,1487.6647354239021,0.4564660379844895,1.5999999999999996,-6.0,7.6,91.03752243706276,2.0,0.5
55790,T3,T7,16,18,2022-03-25,Pascoe Vale FC,Moreland Blues FC,1,7,5,0.36,0.8,0.18803785418768845,0.8859492762485933,2.4,5.2,7.8,4.8,-3.4,2.4,2.4,5.2,0.0,0.08,0.2,0.6,1433.1278199698845,1660.2342717265255,-0.6979114220609048,-2.8000000000000003,3.0,-5.8,-227.10645175664104,3.0,0.0
55791,T2,T6,322,21,2022-03-25,Metropolitan FC,Campbellfield FC,0,4,8,0.42857142857142855,0.68,0.4240727336474578,0.6655181177238731,5.2,4.4,11.2,4.2,-4.0,2.2,5.2,4.4,0.0,0.0,1.0,0.4,1502.3310519194501,1605.9212890228678,-0.24144538407641536,0.7999999999999998,6.999999999999999,-6.2,-103.59023710341762,1.0,0.0
55792,T4,T8,323,20,2022-03-25,Balwyn FC,Western United FC,1,4,2,0.2857142857142857,0.64,0.3020885779390951,0.5019401359162605,5.4,5.8,7.6,5.2,-0.2,2.6,5.4,5.8,0.0,0.08,0.8,0.6,1473.2929658224436,1558.6032094773132,-0.19985155797716542,-0.39999999999999947,2.3999999999999995,-2.8000000000000003,-85.31024365486951,1.0,0.0
55793,T1,T5,207,17,2022-03-25,Vic Friendship FC,Fitzroy FC,0,4,10,0.48,0.84,0.45646603798448954,0.5759272663525423,4.4,5.8,8.8,5.0,-2.4,2.8,4.4,5.8,0.0,0.08,0.6,0.4,1507.7637838075539,1685.5152328108625,-0.11946122836805279,-1.3999999999999995,3.8000000000000007,-5.199999999999999,-177.7514490033086,3.0,0.3333333333333333
55797,T1,T2,207,18,2022-04-01,Vic Friendship FC,Moreland Blues FC,0,1,14,0.46153846153846156,0.7692307692307693,0.3554961078278221,0.6899779901039489,4.8,5.6,9.6,5.4,-2.8,2.2,4.8,5.6,0.0,0.07692307692307693,0.8,0.8,1499.3029602012928,1635.0481598514232,-0.3344818822761268,-0.7999999999999998,4.199999999999999,-5.0,-135.74519965013042,3.0,0.3333333333333333
55796,T4,T6,20,21,2022-04-01,Western United FC,Campbellfield FC,0,2,3,0.6153846153846154,0.6923076923076923,0.3020885779390951,0.7395052481601551,5.4,5.4,5.4,4.8,2.0,2.6,5.4,5.4,0.07692307692307693,0.0,0.4,0.6,1538.751623768223,1617.2872920897953,-0.43741667022105996,0.0,0.6000000000000005,-0.6000000000000001,-78.5356683215723,3.0,0.6666666666666666
55794,T3,T5,323,17,2022-04-01,Balwyn FC,Fitzroy FC,0,6,7,0.375,0.8461538461538461,0.45646603798448954,0.7585546159235846,5.0,7.6,7.4,5.2,-0.4,4.4,5.0,7.6,0.0,0.07692307692307693,0.8,0.6,1493.1445515315336,1693.9760564171236,-0.3020885779390951,-2.5999999999999996,2.2,-4.800000000000001,-200.83150488559,1.0,0.0
55795,T8,T7,322,16,2022-04-01,Metropolitan FC,Pascoe Vale FC,0,4,7,0.375,0.38461538461538464,0.24144538407641547,0.45646603798448954,4.8,3.2,12.4,7.6,-5.6,-2.4,4.8,3.2,0.0,0.0,1.0,0.4,1490.9650488525226,1458.3139318449869,-0.21502065390807407,1.5999999999999996,4.800000000000001,-3.1999999999999997,32.65111700753573,1.0,1.0
55798,T1,T3,207,322,2022-04-08,Vic Friendship FC,Metropolitan FC,1,18,3,0.4444444444444444,0.3333333333333333,0.18803785418768845,0.18803785418768845,3.4,4.8,11.0,11.2,-5.6,-4.4,3.4,4.8,0.0,0.0,0.6,1.0,1489.2544607404575,1473.4658203613076,0.0,-1.4,-0.1999999999999993,-1.1999999999999993,15.78864037914991,1.0,0.0
55799,T7,T6,16,323,2022-04-08,Pascoe Vale FC,Balwyn FC,0,1,3,0.4074074074074074,0.3333333333333333,0.6655181177238731,0.3554961078278221,4.6,4.8,7.2,7.2,-0.6,-0.4,4.6,4.8,0.0,0.0,0.6,0.8,1475.813160336202,1485.4843765612766,0.31002200989605105,-0.20000000000000018,0.0,-0.19999999999999996,-9.671216225074659,1.0,0.0
55800,T4,T2,18,20,2022-04-08,Moreland Blues FC,Western United FC,1,5,2,0.7777777777777778,0.5925925925925926,0.7585546159235846,0.1464440280884384,8.2,4.6,5.6,6.0,4.6,0.6,8.2,4.6,0.07407407407407407,0.07407407407407407,1.0,0.2,1645.0966593122585,1526.3079590045068,0.6121105878351463,3.5999999999999996,-0.40000000000000036,3.9999999999999996,118.7887003077517,3.0,0.6666666666666666
55801,T8,T5,21,17,2022-04-08,Campbellfield FC,Fitzroy FC,1,10,3,0.7037037037037037,0.8518518518518519,0.8859492762485933,0.8119621458123116,6.0,6.4,5.0,5.6,3.0,2.8,6.0,6.4,0.0,0.07407407407407407,0.6,0.6,1629.7309568535115,1701.6362313873806,0.07398713043628169,-0.40000000000000036,-0.5999999999999996,0.20000000000000018,-71.90527453386903,3.0,0.3333333333333333
55802,T6,T5,322,17,2022-04-22,Metropolitan FC,Fitzroy FC,0,1,7,0.3,0.8214285714285714,0.1464440280884384,0.5435339620155106,4.4,6.4,12.8,7.2,-6.4,1.2,4.4,6.4,0.0,0.07142857142857142,0.8,0.6,1458.1924140270573,1682.3713528041105,-0.39708993392707226,-2.0,5.6000000000000005,-7.6000000000000005,-224.1789387770532,1.0,0.0
55803,T1,T4,207,323,2022-04-22,Vic Friendship FC,Balwyn FC,0,5,8,0.4642857142857143,0.4,0.45646603798448954,0.49805986408373965,6.2,4.2,10.2,6.8,-2.0,-0.6,6.2,4.2,0.0,0.0,0.6,0.6,1504.5278670747077,1501.0391155915324,-0.04159382609925011,2.0,3.3999999999999995,-1.4,3.4887514831752924,1.0,1.0
55804,T8,T3,18,21,2022-04-22,Moreland Blues FC,Campbellfield FC,1,4,3,0.7857142857142857,0.7142857142857143,0.8119621458123116,1.0,7.2,7.4,5.0,4.4,4.2,5.0,7.2,7.4,0.07142857142857142,0.0,1.0,0.8,1655.8298785963736,1648.9958354367816,-0.18803785418768837,-0.20000000000000018,0.5999999999999996,-0.7999999999999998,6.834043159592056,3.0,0.6666666666666666
55805,T7,T2,16,20,2022-04-22,Pascoe Vale FC,Western United FC,1,5,3,0.39285714285714285,0.5714285714285714,0.42948323826410395,0.11405072375140665,3.4,4.6,7.0,6.4,-1.6,0.2,3.4,4.6,0.0,0.07142857142857142,0.4,0.2,1460.258421305946,1515.5747397203916,0.31543251451269727,-1.1999999999999997,0.5999999999999996,-1.8,-55.316318414445504,3.0,0.3333333333333333
55806,T6,T3,207,16,2022-04-29,Vic Friendship FC,Pascoe Vale FC,0,5,11,0.4482758620689655,0.41379310344827586,0.3554961078278221,0.644503892172178,6.8,4.2,9.4,5.8,-0.6,0.4,6.8,4.2,0.0,0.0,0.8,0.6,1488.3672095312263,1478.7845233155676,-0.28900778434435587,2.5999999999999996,3.6000000000000005,-1.0,9.582686215658669,3.0,0.0
55807,T7,T4,18,322,2022-04-29,Moreland Blues FC,Metropolitan FC,1,9,2,0.7931034482758621,0.2727272727272727,0.8535559719115617,0.11405072375140665,6.6,3.8,5.2,11.2,3.4,-5.4,6.6,3.8,0.06896551724137931,0.0,1.0,0.6,1671.515199861069,1451.2877111464047,0.7395052481601551,2.8,-5.999999999999999,8.8,220.22748871466433,1.0,1.0
55808,T1,T8,20,17,2022-04-29,Western United FC,Fitzroy FC,0,0,2,0.5517241379310345,0.8275862068965517,0.0,0.644503892172178,2.2,6.0,6.6,7.2,-2.4,0.8,2.2,6.0,0.06896551724137931,0.06896551724137931,0.0,0.6,1497.04863771077,1689.2760556847632,-0.644503892172178,-3.8,-0.6000000000000005,-3.2,-192.22741797399317,3.0,0.0
55809,T5,T2,21,323,2022-04-29,Campbellfield FC,Balwyn FC,1,7,1,0.6896551724137931,0.45454545454545453,0.6899779901039489,0.697911422060905,5.6,5.4,4.8,6.4,2.8,1.0,5.6,5.4,0.0,0.0,0.6,0.8,1633.3105141720862,1517.1997731350139,-0.00793343195695606,0.1999999999999993,-1.6000000000000005,1.7999999999999998,116.11074103707233,1.0,0.0
55812,T5,T4,207,21,2022-05-06,Vic Friendship FC,Campbellfield FC,0,4,7,0.43333333333333335,0.7,0.18803785418768845,0.7585546159235846,6.6,6.2,11.2,4.8,-2.6,3.4,6.6,6.2,0.0,0.0,0.8,0.6,1471.926022390511,1644.1539726712929,-0.5705167617358962,0.39999999999999947,6.3999999999999995,-6.0,-172.2279502807819,3.0,0.0
55813,T1,T7,322,20,2022-05-06,Metropolitan FC,Western United FC,0,1,12,0.25,0.5333333333333333,0.0,0.0,2.8,1.8,11.8,5.8,-7.0,-2.0,2.8,1.8,0.0,0.06666666666666667,0.4,0.0,1444.2590436880828,1489.0961692131166,0.0,0.9999999999999998,6.000000000000001,-5.0,-44.8371255250338,1.0,0.0
55811,T2,T3,17,16,2022-05-06,Fitzroy FC,Pascoe Vale FC,1,6,0,0.8333333333333334,0.43333333333333335,0.8119621458123116,0.8119621458123116,5.8,6.2,6.2,6.0,1.6,2.2,5.8,6.2,0.1,0.0,0.6,0.8,1697.2285241824165,1495.225710456283,0.0,-0.40000000000000036,0.20000000000000018,-0.6000000000000001,202.00281372613358,3.0,1.0
55810,T9,T8,22,18,2022-05-06,FC Carlton Heart,Moreland Blues FC,0,1,5,0.5,0.8,0.3554961078278221,0.8859492762485933,2.4,7.4,5.6,5.0,-1.2,4.4,2.4,7.4,0.0,0.06666666666666667,0.4,1.0,1491.9308851703472,1678.543867319391,-0.5304531684207712,-5.0,0.5999999999999996,-5.6000000000000005,-186.61298214904377,2.0,0.0
55814,T3,T4,22,322,2022-05-13,FC Carlton Heart,Metropolitan FC,1,4,1,0.47368421052631576,0.23076923076923078,0.18803785418768845,0.0,1.6,2.2,6.4,12.6,-2.8,-8.4,1.6,2.2,0.0,0.0,0.2,0.2,1483.7837056738358,1430.3124827175714,0.18803785418768845,-0.6000000000000001,-6.199999999999999,5.6000000000000005,53.471222956264455,0.0,0.5
55815,T9,T7,21,16,2022-05-13,Campbellfield FC,Pascoe Vale FC,1,6,0,0.7096774193548387,0.41935483870967744,0.8119621458123116,0.5435339620155106,6.0,4.8,4.8,6.2,3.2,0.6,6.0,4.8,0.0,0.0,0.6,0.6,1652.814162966417,1487.6047520143034,0.268428183796801,1.2000000000000002,-1.4000000000000004,2.6,165.20941095211356,3.0,1.0
55816,T1,T6,18,17,2022-05-13,Moreland Blues FC,Fitzroy FC,1,3,1,0.8064516129032258,0.8387096774193549,1.0,0.8535559719115617,7.4,5.0,3.8,5.4,5.6,1.6,7.4,5.0,0.06451612903225806,0.12903225806451613,1.0,0.6,1686.6910468159024,1704.8494826243962,0.14644402808843826,2.4000000000000004,-1.6000000000000005,3.9999999999999996,-18.158435808493778,3.0,0.3333333333333333
55817,T2,T8,207,20,2022-05-13,Vic Friendship FC,Western United FC,0,3,5,0.41935483870967744,0.5483870967741935,0.1464440280884384,0.3100220098960511,6.6,3.8,10.6,5.2,-2.0,0.6,6.6,3.8,0.0,0.06451612903225806,0.8,0.2,1463.265832095387,1503.042730183628,-0.1635779818076127,2.8,5.3999999999999995,-2.6,-39.77689808824107,3.0,0.6666666666666666
55818,T2,T6,18,16,2022-05-20,Moreland Blues FC,Pascoe Vale FC,1,5,3,0.8125,0.40625,1.0,0.33448188227612685,5.2,3.4,3.8,6.6,3.4,-1.2,5.2,3.4,0.0625,0.0,0.8,0.4,1703.5265131220342,1478.6870120872463,0.6655181177238731,1.8000000000000003,-2.8,4.6,224.83950103478787,4.0,0.75
55819,T3,T7,21,322,2022-05-20,Campbellfield FC,Metropolitan FC,1,17,9,0.71875,0.21428571428571427,0.8535559719115617,0.0,6.6,1.6,4.4,12.0,4.2,-8.4,6.6,1.6,0.03125,0.0,0.8,0.0,1661.731902893474,1416.7556641981448,0.8535559719115617,5.0,-7.6,12.600000000000001,244.97623869532913,2.0,1.0
55820,T1,T9,20,22,2022-05-20,Western United FC,FC Carlton Heart,0,1,3,0.5625,0.5,0.5514673939724666,0.45646603798448954,4.4,2.2,5.2,5.8,1.2,-1.6,4.4,2.2,0.0625,0.0,0.4,0.4,1517.2188978831014,1497.3405241932624,0.09500135598797704,2.2,-0.5999999999999996,2.8,19.87837368983901,2.0,1.0
55821,T4,T8,17,207,2022-05-20,Fitzroy FC,Vic Friendship FC,1,20,2,0.8125,0.40625,0.5759272663525423,0.11405072375140665,3.8,7.0,4.8,8.8,1.0,0.2,3.8,7.0,0.125,0.0,0.4,0.8,1688.0140163182643,1449.0896643959136,0.46187654260113564,-3.2,-4.000000000000001,0.8,238.92435192235075,4.0,0.75
55825,T3,T5,16,322,2022-05-27,Pascoe Vale FC,Metropolitan FC,1,12,4,0.3939393939393939,0.2,0.26049475183984505,0.0,3.8,2.8,7.0,11.8,-1.2,-7.0,3.8,2.8,0.0,0.0,0.4,0.2,1471.8028769746882,1410.4771665640028,0.26049475183984505,1.0,-4.800000000000001,5.8,61.32571041068536,2.0,0.5
55824,T1,T2,21,20,2022-05-27,Campbellfield FC,Western United FC,1,5,0,0.7272727272727273,0.5454545454545454,0.8859492762485933,0.42948323826410395,8.0,4.2,5.6,4.8,4.4,1.4,8.0,4.2,0.030303030303030304,0.06060606060606061,0.8,0.4,1668.010400527616,1500.304462529912,0.45646603798448937,3.8,0.7999999999999998,3.0000000000000004,167.70593799770404,4.0,0.5
55823,T8,T7,18,207,2022-05-27,Moreland Blues FC,Vic Friendship FC,1,12,2,0.8181818181818182,0.3939393939393939,1.0,0.0,5.2,3.8,4.0,12.2,3.2,-6.4,5.2,3.8,0.06060606060606061,0.0,0.8,0.6,1710.4106482345924,1442.6334922841324,1.0,1.4000000000000004,-8.2,9.600000000000001,267.7771559504599,4.0,0.75
55822,T4,T9,17,22,2022-05-27,Fitzroy FC,FC Carlton Heart,1,7,0,0.8181818181818182,0.5238095238095238,0.7585546159235846,0.6655181177238731,7.2,2.8,3.2,5.6,6.0,-0.8,7.2,2.8,0.12121212121212122,0.0,0.6,0.4,1694.4701884300455,1514.2549595464518,0.09303649819971149,4.4,-2.3999999999999995,6.8,180.21522888359368,2.0,1.0
55826,T1,T3,322,207,2022-06-03,Metropolitan FC,Vic Friendship FC,0,5,10,0.1875,0.38235294117647056,0.0,0.0,3.4,3.2,12.8,13.0,-7.4,-7.8,3.4,3.2,0.0,0.0,0.4,0.4,1397.2723514268596,1436.9911018919256,0.0,0.19999999999999973,-0.1999999999999993,0.39999999999999947,-39.71875046506602,2.0,0.5
55827,T9,T5,22,16,2022-06-03,FC Carlton Heart,Pascoe Vale FC,0,2,3,0.5,0.4117647058823529,0.42948323826410395,0.4240727336474578,2.4,5.2,6.8,7.2,-2.4,0.0,2.4,5.2,0.0,0.0,0.4,0.4,1505.8821101813546,1485.0076921118314,0.005410504616646161,-2.8000000000000003,-0.40000000000000036,-2.4,20.874418069523244,2.0,1.0
55828,T7,T6,20,18,2022-06-03,Western United FC,Moreland Blues FC,0,0,5,0.5294117647058824,0.8235294117647058,0.33448188227612685,1.0,3.6,6.8,4.8,3.8,0.8,5.0,3.6,6.8,0.058823529411764705,0.058823529411764705,0.4,0.8,1491.4788711592512,1716.0530386267992,-0.6655181177238731,-3.1999999999999997,1.0,-4.2,-224.57416746754802,4.0,0.25
55829,T4,T2,17,21,2022-06-03,Fitzroy FC,Campbellfield FC,1,3,0,0.8235294117647058,0.7352941176470589,0.8119621458123116,1.0,7.2,8.4,3.0,4.8,6.2,5.6,7.2,8.4,0.14705882352941177,0.058823529411764705,0.6,1.0,1702.8430377951427,1676.8359918982767,-0.18803785418768837,-1.2000000000000002,-1.7999999999999998,0.6000000000000005,26.007045896865975,4.0,0.5
55830,T9,T4,22,207,2022-06-10,FC Carlton Heart,Vic Friendship FC,1,5,3,0.4782608695652174,0.4,0.33448188227612685,0.3100220098960511,2.0,4.2,5.4,11.8,-1.4,-5.6,2.0,4.2,0.0,0.0,0.2,0.4,1488.9219627314744,1451.1699126445524,0.024459872380075742,-2.2,-6.4,4.199999999999999,37.752050086922054,2.0,0.0
55831,T7,T2,17,322,2022-06-10,Fitzroy FC,Metropolitan FC,1,14,4,0.8285714285714286,0.17647058823529413,0.8535559719115617,0.0,7.4,4.0,3.0,13.0,6.4,-7.0,7.4,4.0,0.17142857142857143,0.0,0.6,0.6,1717.6476009811045,1383.0935406742328,0.8535559719115617,3.4000000000000004,-10.0,13.4,334.55406030687163,2.0,1.0
55832,T8,T3,21,18,2022-06-10,Campbellfield FC,Moreland Blues FC,0,0,1,0.7142857142857143,0.8285714285714286,0.6899779901039489,1.0,7.0,6.0,5.2,3.4,3.8,4.6,7.0,6.0,0.05714285714285714,0.08571428571428572,0.8,0.8,1662.031428712315,1722.9454300183418,-0.3100220098960511,1.0,1.8000000000000003,-0.7999999999999998,-60.914001306026876,4.0,0.25
55833,T6,T5,20,16,2022-06-10,Western United FC,Pascoe Vale FC,1,11,3,0.5142857142857142,0.42857142857142855,0.26049475183984505,0.5514673939724666,3.6,3.6,5.4,6.6,0.2,-1.0,3.6,3.6,0.05714285714285714,0.0,0.4,0.2,1484.5864797677086,1501.9678395617116,-0.29097264213262153,0.0,-1.1999999999999993,1.2,-17.381359794002947,4.0,0.5
55836,T5,T2,17,20,2022-06-17,Fitzroy FC,Western United FC,1,5,4,0.8333333333333334,0.5277777777777778,0.8859492762485933,0.4240727336474578,9.0,3.4,3.8,5.8,7.2,-0.4,9.0,3.4,0.16666666666666666,0.05555555555555555,0.6,0.4,1721.7183484547397,1501.386253864419,0.46187654260113553,5.6,-2.0,7.6000000000000005,220.33209459032082,4.0,1.0
55837,T6,T3,322,18,2022-06-17,Metropolitan FC,Moreland Blues FC,0,2,8,0.16666666666666666,0.8333333333333334,0.0,1.0,4.6,5.2,13.4,3.2,-6.8,4.0,4.6,5.2,0.0,0.1111111111111111,0.8,0.6,1379.0227932005976,1736.1686302061066,-1.0,-0.6000000000000005,10.2,-10.8,-357.14583700550907,2.0,0.0
55834,T7,T4,16,207,2022-06-17,Pascoe Vale FC,Vic Friendship FC,1,7,3,0.4166666666666667,0.3888888888888889,0.42948323826410395,0.24144538407641547,4.2,4.0,7.6,11.4,-1.4,-5.4,4.2,4.0,0.0,0.0,0.2,0.2,1485.1680654650013,1436.9016487333786,0.18803785418768848,0.20000000000000018,-3.8000000000000007,4.0,48.26641673162271,4.0,1.0
55835,T9,T8,22,21,2022-06-17,FC Carlton Heart,Campbellfield FC,1,6,5,0.5,0.6944444444444444,0.5705167617358962,0.44853260602753353,2.8,5.6,5.0,4.6,-0.2,3.0,2.8,5.6,0.0,0.05555555555555555,0.4,0.6,1503.1902266426482,1648.80822852455,0.12198415570836263,-2.8,0.40000000000000036,-3.2,-145.61800188190182,2.0,0.5
55840,T2,T3,16,17,2022-06-19,Pascoe Vale FC,Fitzroy FC,0,1,3,0.43243243243243246,0.8378378378378378,0.644503892172178,1.0,5.6,9.8,7.0,4.0,0.6,7.8,5.6,9.8,0.0,0.16216216216216217,0.4,0.8,1498.9595044776813,1728.7437137144593,-0.35549610782782204,-4.200000000000001,3.0,-7.2,-229.784209236778,4.0,0.0
55841,T6,T8,20,322,2022-06-19,Western United FC,Metropolitan FC,0,2,8,0.5135135135135135,0.15789473684210525,0.24144538407641547,0.0,3.2,4.8,6.2,14.2,-1.0,-7.4,3.2,4.8,0.05405405405405406,0.0,0.4,0.8,1494.3608886046993,1375.3921401729358,0.24144538407641547,-1.5999999999999996,-7.999999999999999,6.4,118.96874843176352,2.0,1.0
55838,T1,T9,18,22,2022-06-19,Moreland Blues FC,FC Carlton Heart,1,6,0,0.8378378378378378,0.52,1.0,0.6655181177238731,6.2,3.2,3.4,5.8,4.8,-0.6,6.2,3.2,0.10810810810810811,0.0,0.8,0.4,1739.7992832337684,1525.529278800604,0.33448188227612685,3.0,-2.4,5.3999999999999995,214.27000443316433,3.0,1.0
55839,T5,T4,21,207,2022-06-19,Campbellfield FC,Vic Friendship FC,1,7,2,0.6756756756756757,0.3783783783783784,0.26049475183984505,0.18803785418768845,5.4,4.0,5.8,11.8,1.6,-5.8,5.4,4.0,0.05405405405405406,0.0,0.6,0.2,1626.4691763665942,1423.1102097206985,0.0724568976521566,1.4000000000000004,-6.000000000000001,7.4,203.35896664589563,4.0,1.0
55844,T5,T9,322,22,2022-06-24,Metropolitan FC,FC Carlton Heart,0,2,6,0.2,0.5,0.3100220098960511,0.42948323826410395,4.6,2.6,11.2,6.8,-4.6,-2.2,4.6,2.6,0.0,0.0,0.8,0.4,1396.6663127186214,1518.3107064817336,-0.11946122836805284,1.9999999999999996,4.3999999999999995,-2.3999999999999995,-121.64439376311225,1.0,0.0
55845,T3,T4,20,207,2022-06-24,Western United FC,Vic Friendship FC,1,6,1,0.5,0.3684210526315789,0.18803785418768845,0.1464440280884384,3.4,4.0,7.2,9.2,-1.8,-3.2,3.4,4.0,0.05263157894736842,0.0,0.4,0.2,1473.0867160590137,1415.5344838788865,0.04159382609925005,-0.6000000000000001,-1.9999999999999991,1.4000000000000001,57.55223218012725,4.0,0.5
55842,T2,T8,16,21,2022-06-24,Pascoe Vale FC,Campbellfield FC,0,3,5,0.42105263157894735,0.6842105263157895,0.5019401359162605,0.4240727336474578,5.2,3.4,6.6,4.4,0.6,1.0,5.2,3.4,0.0,0.05263157894736842,0.4,0.6,1492.227917716683,1634.0449022084063,0.07786740226880273,1.8000000000000003,2.1999999999999993,-0.4,-141.81698449172336,4.0,0.0
55843,T1,T6,17,18,2022-06-24,Fitzroy FC,Moreland Blues FC,0,2,3,0.8421052631578947,0.8421052631578947,1.0,1.0,6.4,6.4,3.8,2.8,4.6,5.6,6.4,6.4,0.15789473684210525,0.13157894736842105,0.6,0.8,1735.4753004754577,1747.0178555526388,0.0,0.0,1.0,-1.0,-11.542555077181078,4.0,0.5
72957,T3,T7,21,22,2022-07-15,Campbellfield FC,FC Carlton Heart,1,5,1,0.6923076923076923,0.5185185185185185,0.5514673939724666,0.644503892172178,3.4,3.8,5.0,5.8,0.4,0.0,3.4,3.8,0.05128205128205128,0.0,0.6,0.6,1643.854053787558,1528.9269850172786,-0.09303649819971138,-0.3999999999999999,-0.7999999999999998,0.4,114.92706877027945,3.0,0.3333333333333333
72958,T2,T6,329,17,2022-07-15,Melbourne AKU FC,Fitzroy FC,0,1,7,0.0,0.8205128205128205,0.0,0.6899779901039489,0.0,5.4,2.0,4.4,0.0,3.0,0.0,5.4,0.0,0.15384615384615385,0.0,0.4,1500.0,1720.0066593061192,-0.6899779901039489,-5.4,-2.4000000000000004,-3.0,-220.00665930611922,0.0,0.5
72959,T4,T8,18,19,2022-07-15,Moreland Blues FC,Altona Knights FC,1,4,1,0.8461538461538461,0.3333333333333333,1.0,0.3100220098960511,4.6,3.6,2.8,7.4,3.8,-1.8,4.6,3.6,0.1282051282051282,0.0,0.6,0.6,1762.4864967219773,1440.8431525321332,0.6899779901039489,0.9999999999999996,-4.6000000000000005,5.6,321.64334418984413,2.0,1.0
72960,T1,T5,16,20,2022-07-15,Pascoe Vale FC,Western United FC,0,1,4,0.41025641025641024,0.5128205128205128,0.3020885779390951,0.45646603798448954,3.4,4.6,6.8,6.4,-1.4,0.2,3.4,4.6,0.0,0.05128205128205128,0.2,0.6,1482.418766137531,1486.4603163322738,-0.15437746004539443,-1.1999999999999997,0.39999999999999947,-1.5999999999999999,-4.04155019474274,5.0,0.4
72961,T8,T7,22,18,2022-07-22,FC Carlton Heart,Moreland Blues FC,0,2,3,0.5,0.85,0.5019401359162605,1.0,3.6,4.4,6.2,3.0,-0.6,3.4,3.6,4.4,0.0,0.125,0.6,0.6,1518.0346246876659,1766.8286919546936,-0.4980598640837395,-0.8000000000000003,3.2,-4.0,-248.79406726702769,4.0,0.0
72962,T1,T2,16,19,2022-07-22,Pascoe Vale FC,Altona Knights FC,0,1,7,0.4,0.3157894736842105,0.1464440280884384,0.24144538407641547,3.0,3.6,7.2,7.4,-2.2,-1.8,3.0,3.6,0.0,0.0,0.2,0.6,1466.6048780076235,1436.500957299417,-0.09500135598797707,-0.6000000000000001,-0.20000000000000018,-0.40000000000000013,30.103920708206488,2.0,0.5
72963,T3,T5,17,21,2022-07-22,Fitzroy FC,Campbellfield FC,1,5,0,0.825,0.7,0.7585546159235846,0.7395052481601551,6.2,4.4,4.6,4.6,3.6,1.8,6.2,4.4,0.15,0.05,0.6,0.8,1727.0423015697277,1654.7464141171708,0.01904936776342958,1.7999999999999998,0.0,1.8,72.29588745255683,5.0,0.6
72964,T4,T6,329,20,2022-07-22,Melbourne AKU FC,Western United FC,1,3,2,0.0,0.525,0.0,0.6655181177238731,1.0,5.4,9.0,5.6,-6.0,1.8,0.0,5.4,0.0,0.05,0.0,0.8,1492.9643577363915,1502.2742044621814,-0.6655181177238731,-4.4,3.4000000000000004,-7.8,-9.30984672578984,0.0,0.5
72968,T4,T2,20,22,2022-07-29,Western United FC,FC Carlton Heart,1,2,1,0.5121951219512195,0.4827586206896552,0.42948323826410395,0.3020885779390951,3.6,3.0,5.6,6.2,0.0,-1.2,3.6,3.0,0.04878048780487805,0.0,0.6,0.4,1485.8455727601872,1511.8662979468295,0.12739466032500885,0.6000000000000001,-0.6000000000000005,1.2,-26.020725186642267,3.0,0.6666666666666666
72967,T7,T6,16,17,2022-07-29,Pascoe Vale FC,Fitzroy FC,0,0,10,0.3902439024390244,0.8292682926829268,0.11405072375140665,0.8119621458123116,2.6,4.4,6.4,3.8,-1.8,2.6,2.6,4.4,0.0,0.17073170731707318,0.2,0.6,1449.2220001647354,1739.7601875659757,-0.697911422060905,-1.8000000000000003,2.6000000000000005,-4.4,-290.5381874012403,5.0,0.0
72965,T8,T5,18,329,2022-07-29,Moreland Blues FC,Melbourne AKU FC,1,9,2,0.8536585365853658,0.5,1.0,0.7310585786300049,4.8,2.0,3.4,6.5,3.4,-2.5,4.8,2.0,0.12195121951219512,0.0,0.6,0.0,1772.99701869553,1509.3929894383857,0.2689414213699951,2.8,-3.1,5.9,263.60402925714425,0.0,0.5
72966,T1,T3,21,19,2022-07-29,Campbellfield FC,Altona Knights FC,1,5,4,0.6829268292682927,0.35,0.5759272663525423,0.49805986408373965,4.4,4.4,5.4,6.8,1.0,-0.4,4.4,4.4,0.04878048780487805,0.0,0.8,0.8,1642.0285281209228,1453.883835142305,0.07786740226880268,0.0,-1.3999999999999995,1.4,188.14469297861774,2.0,1.0
72969,T1,T4,22,19,2022-08-05,FC Carlton Heart,Altona Knights FC,1,3,0,0.4666666666666667,0.3333333333333333,0.1464440280884384,0.3878894121648539,2.0,4.4,5.6,6.2,-1.6,0.2,2.0,4.4,0.0,0.0,0.2,0.8,1494.6702346966563,1445.7900859968063,-0.2414453840764155,-2.4000000000000004,-0.6000000000000005,-1.8,48.88014869985,2.0,1.0
72970,T7,T2,21,18,2022-08-05,Campbellfield FC,Moreland Blues FC,0,5,6,0.6904761904761905,0.8571428571428571,0.7585546159235846,1.0,4.4,5.0,5.0,3.4,1.4,3.6,4.4,5.0,0.047619047619047616,0.11904761904761904,0.8,0.6,1650.1222772664216,1778.7519227951093,-0.24144538407641536,-0.5999999999999996,1.6,-2.2,-128.62964552868766,5.0,0.2
72971,T8,T3,17,20,2022-08-05,Fitzroy FC,Western United FC,1,7,2,0.8333333333333334,0.5238095238095238,0.8535559719115617,0.644503892172178,5.4,3.2,3.0,4.8,4.4,0.4,5.4,3.2,0.19047619047619047,0.047619047619047616,0.6,0.4,1744.8192225186726,1503.0416360103604,0.20905207973938378,2.2,-1.7999999999999998,4.0,241.7775865083122,5.0,1.0
72972,T6,T5,329,16,2022-08-05,Melbourne AKU FC,Pascoe Vale FC,1,5,4,0.3333333333333333,0.38095238095238093,0.3071958857184984,0.0,2.0,1.2,8.0,7.8,-4.0,-4.6,2.0,1.2,0.0,0.0,0.0,0.0,1503.6380853388064,1444.1629652120384,0.3071958857184984,0.8,0.20000000000000018,0.5999999999999996,59.47512012676793,0.0,0.5
72973,T6,T3,19,17,2022-08-12,Altona Knights FC,Fitzroy FC,0,2,8,0.3181818181818182,0.8372093023255814,0.3020885779390951,0.8859492762485933,3.6,6.2,5.6,3.2,0.0,5.0,3.6,6.2,0.0,0.18604651162790697,0.6,0.8,1432.0263650765503,1751.1911635539489,-0.5838606983094983,-2.6,2.3999999999999995,-5.0,-319.16479847739856,2.0,0.0
72974,T5,T2,329,22,2022-08-12,Melbourne AKU FC,FC Carlton Heart,0,3,4,0.5,0.4838709677419355,0.5825702064623146,0.4240727336474578,2.75,2.6,7.5,4.4,-2.75,0.2,2.75,2.6,0.0,0.03225806451612903,0.25,0.2,1516.925598497877,1508.4339556169123,0.15849747281485682,0.1499999999999999,3.0999999999999996,-2.95,8.491642880964719,0.0,0.5
72975,T1,T8,18,20,2022-08-12,Moreland Blues FC,Western United FC,0,2,3,0.8604651162790697,0.5116279069767442,1.0,0.5019401359162605,5.0,3.2,4.4,4.6,2.6,0.6,5.0,3.2,0.11627906976744186,0.046511627906976744,0.6,0.4,1789.0848944436743,1496.6696949750842,0.4980598640837395,1.7999999999999998,-0.1999999999999993,2.0,292.4151994685901,5.0,0.8
72976,T7,T4,16,21,2022-08-12,Pascoe Vale FC,Campbellfield FC,0,2,11,0.37209302325581395,0.6744186046511628,0.0,0.5019401359162605,1.8,4.0,8.2,5.8,-4.4,0.2,1.8,4.0,0.0,0.046511627906976744,0.2,0.8,1430.8754520529678,1639.7893056178566,-0.5019401359162605,-2.2,2.3999999999999995,-4.6000000000000005,-208.91385356488877,5.0,0.0
72980,T5,T4,20,19,2022-08-19,Western United FC,Altona Knights FC,1,8,7,0.5227272727272727,0.30434782608695654,0.6121105878351463,0.1464440280884384,2.6,2.8,4.8,6.2,-0.2,-1.4,2.6,2.8,0.045454545454545456,0.0,0.2,0.4,1523.6565109322837,1427.630344655066,0.4656665597467079,-0.19999999999999973,-1.4000000000000004,1.2,96.02616627721773,2.0,1.0
72979,T6,T8,17,22,2022-08-19,Fitzroy FC,FC Carlton Heart,1,3,1,0.8409090909090909,0.5,1.0,0.5514673939724666,7.4,2.2,3.0,4.6,6.4,-0.4,7.4,2.2,0.18181818181818182,0.03125,1.0,0.2,1755.5871839754332,1524.8249323752066,0.4485326060275334,5.2,-1.5999999999999996,6.800000000000001,230.7622516002266,3.0,1.0
72977,T2,T3,329,21,2022-08-19,Melbourne AKU FC,Campbellfield FC,0,1,8,0.4,0.6818181818181818,0.3878894121648539,0.6121105878351463,2.8,5.2,7.2,5.6,-2.4,1.6,2.8,5.2,0.0,0.045454545454545456,0.2,0.8,1500.5346217395827,1647.1816947063733,-0.22422117567029237,-2.4000000000000004,1.6000000000000005,-4.0,-146.64707296679057,0.0,0.5
72978,T1,T7,16,18,2022-08-19,Pascoe Vale FC,Moreland Blues FC,0,1,7,0.36363636363636365,0.8409090909090909,0.0,0.6899779901039489,1.6,4.8,9.4,4.6,-5.8,2.2,1.6,4.8,0.0,0.11363636363636363,0.2,0.6,1423.4830629644512,1762.0980784864748,-0.6899779901039489,-3.1999999999999997,4.800000000000001,-8.0,-338.61501552202367,5.0,0.2
72981,T5,T7,19,329,2022-08-26,Altona Knights FC,Melbourne AKU FC,1,2,1,0.2916666666666667,0.3333333333333333,0.11405072375140665,0.3020885779390951,4.0,2.8,7.0,7.4,-1.0,-2.6,4.0,2.8,0.0,0.0,0.6,0.2,1415.9432488447455,1490.9135786819431,-0.18803785418768845,1.2000000000000002,-0.40000000000000036,1.6,-74.9703298371976,0.0,0.5
72982,T3,T4,20,21,2022-08-26,Western United FC,Campbellfield FC,0,3,9,0.5333333333333333,0.6888888888888889,0.697911422060905,0.697911422060905,3.4,5.8,6.0,5.6,-0.6,2.2,3.4,5.8,0.044444444444444446,0.044444444444444446,0.2,0.8,1535.3436067426042,1656.8027377640128,0.0,-2.4,0.40000000000000036,-2.8000000000000003,-121.45913102140867,5.0,0.4
72983,T2,T8,18,17,2022-08-26,Moreland Blues FC,Fitzroy FC,1,4,3,0.8444444444444444,0.8444444444444444,0.7585546159235846,1.0,5.4,6.6,4.6,3.0,2.8,5.6,5.4,6.6,0.1111111111111111,0.17777777777777778,0.6,0.8,1766.0864919091719,1762.2888928384536,-0.24144538407641536,-1.1999999999999993,1.5999999999999996,-2.8,3.7975990707182063,5.0,0.6
72984,T1,T6,22,16,2022-08-26,FC Carlton Heart,Pascoe Vale FC,1,8,2,0.48484848484848486,0.35555555555555557,0.42948323826410395,0.0,2.2,1.6,4.2,10.0,0.0,-6.4,2.2,1.6,0.030303030303030304,0.0,0.2,0.2,1518.123223512186,1419.4946495417541,0.42948323826410395,0.6000000000000001,-5.8,6.4,98.62857397043194,3.0,0.6666666666666666
72988,T3,T7,17,329,2022-09-02,Fitzroy FC,Melbourne AKU FC,1,11,1,0.8260869565217391,0.2857142857142857,0.6899779901039489,0.1464440280884384,6.2,2.4,3.8,7.4,4.4,-3.0,6.2,2.4,0.17391304347826086,0.0,0.6,0.2,1746.4637717742623,1471.5136729622839,0.5435339620155105,3.8000000000000003,-3.6000000000000005,7.4,274.9500988119785,1.0,1.0
72985,T4,T8,19,18,2022-09-02,Altona Knights FC,Moreland Blues FC,0,3,5,0.32,0.8478260869565217,0.3100220098960511,0.8119621458123116,3.0,5.6,7.0,4.8,-2.0,2.8,3.0,5.6,0.0,0.10869565217391304,0.4,0.8,1435.3431545644048,1781.9116129733632,-0.5019401359162605,-2.5999999999999996,2.2,-4.8,-346.56845840895835,3.0,0.0
72986,T2,T6,22,21,2022-09-02,FC Carlton Heart,Campbellfield FC,0,4,8,0.5,0.6956521739130435,0.644503892172178,0.8535559719115617,3.4,7.6,4.0,5.2,1.4,4.4,3.4,7.6,0.029411764705882353,0.043478260869565216,0.4,1.0,1529.6994080760173,1667.4265833614675,-0.20905207973938378,-4.199999999999999,-1.2000000000000002,-3.0000000000000004,-137.72717528545013,4.0,0.5
72987,T1,T5,16,20,2022-09-02,Pascoe Vale FC,Western United FC,0,5,9,0.34782608695652173,0.5217391304347826,0.0,0.5435339620155106,1.8,3.6,10.2,7.2,-6.4,-1.6,1.8,3.6,0.0,0.043478260869565216,0.2,0.2,1407.918464977923,1524.7197611451495,-0.5435339620155106,-1.8,2.999999999999999,-4.800000000000001,-116.80129616722661,6.0,0.3333333333333333
72989,T3,T5,20,329,2022-09-09,Western United FC,Melbourne AKU FC,0,2,3,0.5319148936170213,0.25,0.644503892172178,0.11405072375140665,5.0,2.2,8.0,7.8,-1.0,-3.6,5.0,2.2,0.0425531914893617,0.0,0.4,0.2,1535.5347397814091,1466.0606239519627,0.5304531684207713,2.8,0.20000000000000018,2.6,69.47411582944642,1.0,0.0
72990,T4,T6,18,22,2022-09-09,Moreland Blues FC,FC Carlton Heart,1,4,3,0.851063829787234,0.4857142857142857,0.8535559719115617,0.5019401359162605,4.8,4.0,5.0,5.2,1.8,0.8,4.8,4.0,0.10638297872340426,0.02857142857142857,0.8,0.6,1785.7429090819555,1519.7293859400934,0.3516158359953012,0.7999999999999998,-0.20000000000000018,1.0,266.01352314186215,5.0,1.0
72991,T1,T2,21,17,2022-09-09,Campbellfield FC,Fitzroy FC,0,2,4,0.7021276595744681,0.8297872340425532,0.8859492762485933,0.7585546159235846,8.2,6.4,5.2,4.0,5.0,4.4,8.2,6.4,0.0425531914893617,0.1702127659574468,1.0,0.6,1677.3966054973914,1751.9168207845835,0.12739466032500868,1.799999999999999,1.2000000000000002,0.5999999999999996,-74.52021528719206,6.0,0.3333333333333333
72992,T8,T7,19,16,2022-09-09,Altona Knights FC,Pascoe Vale FC,1,8,2,0.3076923076923077,0.3404255319148936,0.24144538407641547,0.0,2.8,2.8,7.0,10.0,-2.2,-5.2,2.8,2.8,0.0,0.0,0.2,0.4,1431.5118584558124,1397.1034863416633,0.24144538407641547,0.0,-3.0,3.0,34.40837211414919,3.0,0.6666666666666666
72995,T7,T6,22,20,2022-09-16,FC Carlton Heart,Western United FC,1,4,1,0.4722222222222222,0.5208333333333334,0.3020885779390951,0.5019401359162605,4.0,5.0,6.0,7.2,0.0,-0.2,4.0,5.0,0.027777777777777776,0.041666666666666664,0.6,0.4,1514.0396576727987,1516.3773100681362,-0.19985155797716542,-1.0,-1.2000000000000002,0.2,-2.3376523953375,4.0,0.25
72996,T4,T2,17,16,2022-09-16,Fitzroy FC,Pascoe Vale FC,1,4,1,0.8333333333333334,0.3333333333333333,0.8119621458123116,0.0,5.8,2.4,4.0,10.6,3.8,-6.2,5.8,2.4,0.16666666666666666,0.0,0.6,0.2,1764.5367130738946,1382.682890220666,0.8119621458123116,3.4,-6.6,10.0,381.8538228532286,6.0,1.0
72993,T1,T3,329,18,2022-09-16,Melbourne AKU FC,Moreland Blues FC,0,0,6,0.3333333333333333,0.8541666666666666,0.3100220098960511,0.8859492762485933,1.8,4.4,7.4,4.6,-3.6,1.8,1.8,4.4,0.0,0.10416666666666667,0.0,0.8,1485.2180536652356,1791.4326373492502,-0.5759272663525422,-2.6000000000000005,2.8000000000000007,-5.4,-306.21458368401454,1.0,0.0
72994,T8,T5,19,21,2022-09-16,Altona Knights FC,Campbellfield FC,0,3,6,0.3333333333333333,0.6875,0.49805986408373965,0.6899779901039489,4.4,7.6,6.8,4.8,-0.4,4.8,4.4,7.6,0.0,0.041666666666666664,0.4,0.8,1445.9324545768097,1664.7767132080803,-0.19191812602020925,-3.1999999999999993,2.0,-5.2,-218.84425863127058,3.0,0.0
73000,T6,T5,16,329,2022-09-23,Pascoe Vale FC,Melbourne AKU FC,0,2,4,0.32653061224489793,0.3,0.0,0.24144538407641547,2.2,1.2,9.2,7.8,-5.0,-4.6,2.2,1.2,0.0,0.0,0.2,0.0,1379.485489124798,1480.5316248228787,-0.24144538407641547,1.0000000000000002,1.3999999999999995,-0.40000000000000036,-101.04613569808066,1.0,0.0
72999,T8,T3,18,21,2022-09-23,Moreland Blues FC,Campbellfield FC,0,4,5,0.8571428571428571,0.6938775510204082,1.0,0.7585546159235846,5.2,6.6,4.0,5.0,3.2,3.6,5.2,6.6,0.12244897959183673,0.04081632653061224,1.0,0.8,1796.119066191607,1671.8491513298077,0.24144538407641536,-1.3999999999999995,-1.0,-0.3999999999999999,124.2699148617994,6.0,0.8333333333333334
72998,T1,T4,20,17,2022-09-23,Western United FC,Fitzroy FC,0,2,5,0.5102040816326531,0.8367346938775511,0.3020885779390951,0.8535559719115617,4.6,5.0,7.6,3.8,-1.0,3.2,4.6,5.0,0.04081632653061224,0.16326530612244897,0.4,0.6,1500.2696588214294,1767.7341141697625,-0.5514673939724666,-0.40000000000000036,3.8,-4.2,-267.4644553483331,6.0,0.0
72997,T7,T2,19,22,2022-09-23,Altona Knights FC,FC Carlton Heart,1,3,1,0.32142857142857145,0.4864864864864865,0.3878894121648539,0.45646603798448954,4.6,4.0,6.4,5.6,0.2,0.4,4.6,4.0,0.0,0.02702702702702703,0.4,0.6,1438.8600164550824,1530.1473089195056,-0.06857662581963564,0.5999999999999996,0.8000000000000007,-0.2,-91.28729246442322,3.0,0.0
73001,T5,T2,22,329,2022-09-30,FC Carlton Heart,Melbourne AKU FC,1,10,3,0.47368421052631576,0.36363636363636365,0.3554961078278221,0.49805986408373965,4.0,1.8,5.6,6.6,0.4,-2.8,4.0,1.8,0.02631578947368421,0.0,0.6,0.2,1510.037515121367,1492.0051865813932,-0.14256375625591755,2.2,-1.0,3.1999999999999997,18.032328539973832,1.0,1.0
73002,T1,T8,17,19,2022-09-30,Fitzroy FC,Altona Knights FC,0,3,4,0.84,0.3448275862068966,0.8859492762485933,0.6121105878351463,5.4,3.8,4.0,5.0,3.4,0.8,5.4,3.8,0.16,0.0,0.8,0.2,1773.3848751617777,1458.9698102532209,0.27383868841344705,1.6000000000000005,-1.0,2.5999999999999996,314.4150649085568,3.0,1.0
73003,T7,T4,20,18,2022-09-30,Western United FC,Moreland Blues FC,0,1,5,0.5,0.84,0.1464440280884384,0.6899779901039489,3.4,4.6,7.2,4.8,-1.8,1.8,3.4,4.6,0.04,0.12,0.2,1.0,1494.6188978294142,1774.6283984483186,-0.5435339620155105,-1.1999999999999997,2.4000000000000004,-3.6,-280.00950061890444,6.0,0.3333333333333333
73004,T6,T3,21,16,2022-09-30,Campbellfield FC,Pascoe Vale FC,1,7,1,0.7,0.32,0.8119621458123116,0.0,6.0,2.4,5.6,8.6,2.4,-4.2,6.0,2.4,0.04,0.0,0.8,0.2,1693.3398190730961,1368.0119273662835,0.8119621458123116,3.6,-3.0,6.6,325.3278917068126,6.0,1.0
73007,T6,T8,18,16,2022-10-07,Moreland Blues FC,Pascoe Vale FC,1,7,5,0.8431372549019608,0.3137254901960784,0.7585546159235846,0.0,4.8,2.2,4.4,8.4,2.4,-4.2,4.8,2.2,0.11764705882352941,0.0,1.0,0.2,1779.9509567565929,1363.74871955123,0.7585546159235846,2.5999999999999996,-4.0,6.6,416.20223720536296,6.0,0.8333333333333334
73008,T1,T7,19,20,2022-10-07,Altona Knights FC,Western United FC,1,4,3,0.36666666666666664,0.49019607843137253,0.697911422060905,0.11405072375140665,4.2,3.0,5.4,6.4,0.8,-1.4,4.2,3.0,0.0,0.0392156862745098,0.4,0.2,1486.469075421109,1489.29633952114,0.5838606983094983,1.2000000000000002,-1.0,2.2,-2.827264100031016,3.0,0.0
73005,T5,T4,21,329,2022-10-07,Campbellfield FC,Melbourne AKU FC,1,10,3,0.7058823529411765,0.3333333333333333,0.8535559719115617,0.3878894121648539,5.6,2.2,5.2,8.2,2.4,-4.0,5.6,2.2,0.0392156862745098,0.0,0.8,0.2,1697.6030268881498,1476.8348611581541,0.46566655974670784,3.3999999999999995,-2.999999999999999,6.4,220.76816572999564,1.0,1.0
73006,T2,T3,22,17,2022-10-07,FC Carlton Heart,Fitzroy FC,0,4,5,0.48717948717948717,0.8235294117647058,0.49805986408373965,0.6899779901039489,4.4,5.4,5.8,4.0,0.6,3.4,4.4,5.4,0.02564102564102564,0.1568627450980392,0.6,0.8,1525.2078405446061,1745.8856099938896,-0.19191812602020925,-1.0,1.7999999999999998,-2.8,-220.67776944928346,4.0,0.0
73009,T5,T7,329,19,2022-10-14,Melbourne AKU FC,Altona Knights FC,1,9,2,0.3076923076923077,0.3870967741935484,0.3020885779390951,0.8535559719115617,2.6,4.4,8.0,5.0,-3.4,1.4,2.6,4.4,0.0,0.0,0.2,0.6,1469.823249779019,1502.599272870677,-0.5514673939724666,-1.8000000000000003,3.0,-4.8,-32.77602309165786,1.0,0.0
73010,T1,T6,17,18,2022-10-14,Fitzroy FC,Moreland Blues FC,1,4,2,0.8269230769230769,0.8461538461538461,0.7585546159235846,0.8119621458123116,4.2,5.2,4.6,4.8,1.6,2.4,4.2,5.2,0.15384615384615385,0.11538461538461539,0.8,1.0,1752.9000709201428,1782.6226207094478,-0.05340752988872699,-1.0,-0.20000000000000018,-0.7999999999999998,-29.72254978930505,6.0,0.3333333333333333
73011,T3,T4,21,20,2022-10-14,Campbellfield FC,Western United FC,1,8,2,0.7115384615384616,0.4807692307692308,0.8859492762485933,0.0,6.0,1.8,5.0,6.2,3.0,-2.4,6.0,1.8,0.038461538461538464,0.038461538461538464,0.8,0.0,1704.6146382672848,1473.166142071572,0.8859492762485933,4.2,-1.2000000000000002,5.4,231.44849619571278,6.0,0.6666666666666666
73012,T2,T8,16,22,2022-10-14,Pascoe Vale FC,FC Carlton Heart,1,3,2,0.3076923076923077,0.475,0.0,0.3878894121648539,2.2,4.4,8.0,5.2,-3.8,1.2,2.2,4.4,0.0,0.025,0.2,0.6,1361.077055598375,1518.193379618353,-0.3878894121648539,-2.2,2.8,-5.0,-157.11632401997804,4.0,0.25
73016,T4,T8,20,16,2022-10-21,Western United FC,Pascoe Vale FC,1,11,5,0.4716981132075472,0.32075471698113206,0.0,0.3100220098960511,1.8,2.4,7.2,6.8,-3.4,-2.4,1.8,2.4,0.03773584905660377,0.0,0.0,0.2,1466.485338807441,1383.8565721468901,-0.3100220098960511,-0.5999999999999999,0.40000000000000036,-1.0,82.62876666055081,7.0,0.7142857142857143
73013,T3,T7,18,19,2022-10-21,Moreland Blues FC,Altona Knights FC,1,5,2,0.8301886792452831,0.375,0.5435339620155106,0.5759272663525423,4.8,3.2,5.0,6.4,1.8,-1.2,4.8,3.2,0.11320754716981132,0.0,0.8,0.4,1765.257176097234,1485.094342937929,-0.03239330433703169,1.5999999999999996,-1.4000000000000004,3.0,280.1628331593049,4.0,1.0
73014,T1,T5,21,22,2022-10-21,Campbellfield FC,FC Carlton Heart,1,8,2,0.7169811320754716,0.4634146341463415,1.0,0.3020885779390951,7.2,4.2,4.6,5.0,4.6,1.2,7.2,4.2,0.03773584905660377,0.024390243902439025,1.0,0.6,1711.295441531416,1495.4138630698378,0.6979114220609048,3.0,-0.40000000000000036,3.3999999999999995,215.8815784615781,5.0,0.6
73015,T2,T6,329,17,2022-10-21,Melbourne AKU FC,Fitzroy FC,0,4,6,0.35714285714285715,0.8301886792452831,0.45646603798448954,0.8119621458123116,3.8,4.2,8.0,4.6,-2.2,1.6,3.8,4.2,0.0,0.1509433962264151,0.4,0.8,1487.328179711767,1770.2655155323566,-0.3554961078278221,-0.40000000000000036,3.4000000000000004,-3.8000000000000003,-282.9373358205896,2.0,0.0
73019,T4,T6,17,21,2022-10-28,Fitzroy FC,Campbellfield FC,1,6,0,0.8333333333333334,0.7222222222222222,0.8535559719115617,1.0,4.6,7.6,5.2,4.4,1.4,5.2,4.6,7.6,0.14814814814814814,0.037037037037037035,0.8,1.0,1775.5137083845095,1718.4622857781496,-0.14644402808843826,-3.0,0.7999999999999998,-3.8000000000000003,57.05142260635989,7.0,0.7142857142857143
73020,T8,T7,329,20,2022-10-28,Melbourne AKU FC,Western United FC,0,1,8,0.3333333333333333,0.48148148148148145,0.3554961078278221,0.3100220098960511,4.6,3.8,8.0,7.4,-1.4,-1.6,4.6,3.8,0.0,0.037037037037037035,0.6,0.2,1482.079986859614,1478.750298078747,0.045474097931770985,0.7999999999999998,0.5999999999999996,0.20000000000000018,3.3296887808671727,2.0,1.0
73017,T3,T5,16,19,2022-10-28,Pascoe Vale FC,Altona Knights FC,0,4,5,0.3148148148148148,0.36363636363636365,0.24144538407641547,0.44853260602753353,3.2,3.0,8.2,6.2,-3.0,-1.2,3.2,3.0,0.0,0.0,0.4,0.4,1371.5916128755841,1479.7757000351116,-0.20708722195111806,0.20000000000000018,1.9999999999999991,-1.8,-108.18408715952751,4.0,0.25
73018,T1,T2,22,18,2022-10-28,FC Carlton Heart,Moreland Blues FC,0,2,6,0.4523809523809524,0.8333333333333334,0.1464440280884384,0.644503892172178,3.8,4.6,6.4,5.4,-0.6,1.2,3.8,4.6,0.023809523809523808,0.1111111111111111,0.4,0.8,1488.247018823104,1770.5758190000513,-0.4980598640837396,-0.7999999999999998,1.0,-1.7999999999999998,-282.3288001769472,6.0,0.0
73021,T1,T3,18,329,2022-11-04,Moreland Blues FC,Melbourne AKU FC,1,6,3,0.8363636363636363,0.3125,0.8119621458123116,0.18803785418768845,5.0,4.0,4.8,9.2,2.2,-3.2,5.0,4.0,0.10909090909090909,0.0,0.8,0.4,1775.8393992672356,1465.926653718891,0.6239242916246232,1.0,-4.3999999999999995,5.4,309.9127455483447,2.0,1.0
73022,T7,T6,16,17,2022-11-04,Pascoe Vale FC,Fitzroy FC,0,1,17,0.3090909090909091,0.8363636363636363,0.18803785418768845,0.8859492762485933,3.6,4.8,8.4,4.8,-2.8,2.0,3.6,4.8,0.0,0.16363636363636364,0.6,0.8,1360.41866812499,1788.909755645533,-0.6979114220609048,-1.1999999999999997,3.6000000000000005,-4.8,-428.49108752054303,7.0,0.0
73023,T8,T5,21,19,2022-11-04,Campbellfield FC,Altona Knights FC,1,6,5,0.7090909090909091,0.38235294117647056,0.6899779901039489,0.5705167617358962,6.6,3.4,4.8,6.8,3.8,-1.4,6.6,3.4,0.03636363636363636,0.0,0.8,0.6,1705.066238517126,1490.9486447857057,0.11946122836805273,3.1999999999999997,-2.0,5.199999999999999,214.11759373142036,4.0,1.0
73024,T4,T2,20,22,2022-11-04,Western United FC,FC Carlton Heart,0,6,11,0.4909090909090909,0.4418604651162791,0.5514673939724666,0.11405072375140665,5.0,4.0,6.6,7.0,0.4,-1.0,5.0,4.0,0.03636363636363636,0.023255813953488372,0.4,0.4,1494.90363121947,1482.9834385559197,0.4374166702210599,1.0,-0.40000000000000036,1.4,11.920192663550324,5.0,0.6
73025,T8,T3,22,19,2022-11-11,FC Carlton Heart,Altona Knights FC,1,5,4,0.45454545454545453,0.37142857142857144,0.3100220098960511,0.3554961078278221,4.2,3.6,7.6,7.4,-1.4,-1.8,4.2,3.6,0.022727272727272728,0.0,0.4,0.6,1499.5321684258806,1483.7251667399937,-0.045474097931770985,0.6000000000000001,0.1999999999999993,0.40000000000000013,15.807001685886917,4.0,0.75
73026,T1,T4,17,20,2022-11-11,Fitzroy FC,Western United FC,1,7,5,0.8392857142857143,0.48214285714285715,1.0,0.42948323826410395,7.6,6.0,4.2,7.8,5.4,0.2,7.6,6.0,0.16071428571428573,0.03571428571428571,1.0,0.6,1791.4132299914722,1478.3549013495092,0.570516761735896,1.5999999999999996,-3.5999999999999996,5.2,313.05832864196304,7.0,1.0
73027,T7,T2,21,18,2022-11-11,Campbellfield FC,Moreland Blues FC,0,3,4,0.7142857142857143,0.8392857142857143,0.7585546159235846,0.8535559719115617,6.4,5.2,5.6,5.2,2.8,2.0,6.4,5.2,0.03571428571428571,0.10714285714285714,0.8,0.8,1712.289716562838,1780.44131201805,-0.0950013559879771,1.2000000000000002,0.39999999999999947,0.7999999999999998,-68.15159545521192,7.0,0.2857142857142857
73028,T6,T5,329,16,2022-11-11,Melbourne AKU FC,Pascoe Vale FC,0,2,8,0.29411764705882354,0.30357142857142855,0.1464440280884384,0.1464440280884384,4.0,3.6,8.4,10.4,-2.4,-4.8,4.0,3.6,0.0,0.0,0.4,0.6,1461.3247409680766,1357.915193779051,0.0,0.3999999999999999,-2.0,2.4,103.40954718902572,2.0,1.0
73032,T6,T3,16,21,2022-11-18,Pascoe Vale FC,Campbellfield FC,0,3,8,0.3157894736842105,0.7017543859649122,0.4240727336474578,0.5019401359162605,4.2,5.0,9.4,5.8,-3.2,1.2,4.2,5.0,0.0,0.03508771929824561,0.6,0.6,1378.5415664794257,1699.3885700298192,-0.07786740226880273,-0.7999999999999998,3.6000000000000005,-4.4,-320.84700355039354,7.0,0.0
73031,T7,T4,18,20,2022-11-18,Moreland Blues FC,Western United FC,1,7,4,0.8421052631578947,0.47368421052631576,0.8859492762485933,0.33448188227612685,4.6,6.4,4.8,8.4,1.8,0.0,4.6,6.4,0.10526315789473684,0.03508771929824561,0.8,0.8,1793.3424585510688,1473.823874790455,0.5514673939724665,-1.8000000000000007,-3.6000000000000005,1.8,319.51858376061386,7.0,0.7142857142857143
73030,T5,T2,329,22,2022-11-18,Melbourne AKU FC,FC Carlton Heart,0,2,5,0.2777777777777778,0.4666666666666667,0.11405072375140665,0.5514673939724666,3.8,4.4,8.0,7.4,-2.2,-1.0,3.8,4.4,0.0,0.022222222222222223,0.4,0.4,1440.6983682677019,1514.8047309365163,-0.4374166702210599,-0.6000000000000005,0.5999999999999996,-1.2000000000000002,-74.10636266881443,2.0,0.0
73029,T1,T8,19,17,2022-11-18,Altona Knights FC,Fitzroy FC,0,3,5,0.3611111111111111,0.8421052631578947,0.18803785418768845,1.0,3.6,8.0,7.8,4.4,-2.2,5.6,3.6,8.0,0.0,0.15789473684210525,0.6,1.0,1468.452604229358,1795.9442565505265,-0.8119621458123115,-4.4,3.3999999999999995,-7.8,-327.49165232116843,4.0,0.25
73033,T5,T4,329,21,2022-11-25,Melbourne AKU FC,Campbellfield FC,0,6,9,0.2631578947368421,0.7068965517241379,0.0,0.6121105878351463,2.4,5.0,8.6,6.0,-4.2,1.0,2.4,5.0,0.0,0.034482758620689655,0.2,0.6,1428.0602633613503,1703.747998099367,-0.6121105878351463,-2.6,2.5999999999999996,-5.2,-275.6877347380166,2.0,0.0
73034,T2,T3,17,22,2022-11-25,Fitzroy FC,FC Carlton Heart,1,7,1,0.8448275862068966,0.4782608695652174,1.0,0.7395052481601551,8.2,5.0,4.6,7.2,5.6,-0.2,8.2,5.0,0.15517241379310345,0.021739130434782608,1.0,0.6,1800.161647796609,1527.442835842868,0.26049475183984494,3.1999999999999993,-2.6000000000000005,5.8,272.7188119537411,5.0,1.0
73035,T6,T8,16,18,2022-11-25,Pascoe Vale FC,Moreland Blues FC,0,3,9,0.3103448275862069,0.8448275862068966,0.24144538407641547,1.0,4.2,5.6,10.6,4.8,-4.4,2.8,4.2,5.6,0.0,0.10344827586206896,0.6,1.0,1374.182138409878,1797.7307618371324,-0.7585546159235845,-1.3999999999999995,5.8,-7.2,-423.54862342725437,7.0,0.14285714285714285
73036,T1,T7,20,19,2022-11-25,Western United FC,Altona Knights FC,0,3,4,0.46551724137931033,0.35135135135135137,0.26049475183984505,0.1464440280884384,6.8,3.8,8.2,7.0,0.6,-1.2,6.8,3.8,0.034482758620689655,0.0,1.0,0.6,1469.4355715043914,1464.2352129832752,0.11405072375140665,3.0,1.1999999999999993,1.7999999999999998,5.200358521116186,4.0,0.75
73040,T3,T4,20,21,2022-12-02,Western United FC,Campbellfield FC,0,4,10,0.4576271186440678,0.711864406779661,0.11405072375140665,0.697911422060905,5.2,5.2,8.0,6.8,-0.8,0.4,5.2,5.2,0.03389830508474576,0.03389830508474576,0.8,0.6,1453.1961040270642,1709.181865113325,-0.5838606983094983,0.0,1.2000000000000002,-1.2000000000000002,-255.98576108626094,7.0,0.2857142857142857
73037,T2,T8,22,16,2022-12-02,FC Carlton Heart,Pascoe Vale FC,1,0,0,0.46808510638297873,0.3050847457627119,0.5759272663525423,0.18803785418768845,4.8,3.8,7.0,10.2,-0.2,-4.4,4.8,3.8,0.02127659574468085,0.0,0.6,0.4,1521.9314353870152,1371.612216886857,0.38788941216485384,1.0,-3.1999999999999993,4.2,150.31921850015829,5.0,0.6
73038,T5,T7,19,329,2022-12-02,Altona Knights FC,Melbourne AKU FC,0,1,5,0.3684210526315789,0.25,0.4240727336474578,0.0,4.2,2.8,6.6,9.2,-0.4,-4.4,4.2,2.8,0.0,0.0,0.8,0.2,1480.4746804606025,1422.626396347392,0.4240727336474578,1.4000000000000004,-2.5999999999999996,4.0,57.84828411321041,2.0,0.5
73039,T1,T6,18,17,2022-12-02,Moreland Blues FC,Fitzroy FC,0,2,3,0.847457627118644,0.847457627118644,1.0,1.0,6.4,8.4,5.0,4.0,3.4,6.4,6.4,8.4,0.1016949152542373,0.15254237288135594,1.0,1.0,1800.3006833601535,1805.6730482524617,0.0,-2.0,1.0,-3.0000000000000004,-5.372364892308269,7.0,0.5714285714285714
97883,T2,T6,325,18,2023-01-20,Roxburgh Park Gorillas,Moreland Blues FC,0,1,4,0.1111111111111111,0.8333333333333334,0.24144538407641547,0.6899779901039489,4.6,5.6,9.0,5.2,-2.4,2.4,4.6,5.6,0.0,0.1,0.4,0.8,1335.394450235876,1784.5480701899119,-0.4485326060275334,-1.0,3.8,-4.8,-449.1536199540358,2.0,0.0
97882,T3,T7,21,19,2023-01-20,Campbellfield FC,Altona Knights FC,1,6,5,0.7166666666666667,0.358974358974359,0.8535559719115617,0.24144538407641547,7.2,3.4,6.4,6.8,2.8,-1.4,7.2,3.4,0.03333333333333333,0.0,0.8,0.6,1715.1466721440217,1461.8350162599381,0.6121105878351463,3.8000000000000003,-0.39999999999999947,4.199999999999999,253.31165588408362,5.0,1.0
97881,T4,T8,331,17,2023-01-20,Hume FC,Fitzroy FC,0,1,5,0.0,0.85,0.0,1.0,0.0,7.8,2.0,4.4,0.0,5.4,0.0,7.8,0.0,0.15,0.0,0.8,1500.0,1821.4256614227033,-1.0,-7.8,-2.4000000000000004,-5.4,-321.42566142270334,0.0,0.5
97885,T4,T6,22,331,2023-01-27,FC Carlton Heart,Hume FC,0,2,4,0.4791666666666667,0.0,0.7585546159235846,0.0,4.4,1.0,5.8,7.0,0.6,-4.0,4.4,0.0,0.041666666666666664,0.0,0.6,0.0,1531.4108516883812,1495.6530998166838,0.7585546159235846,3.4000000000000004,-1.2000000000000002,4.6,35.75775187169734,0.0,0.5
97886,T8,T7,18,19,2023-01-27,Moreland Blues FC,Altona Knights FC,1,4,1,0.8360655737704918,0.35,0.7585546159235846,0.18803785418768845,5.2,3.4,4.8,6.8,2.4,-1.4,5.2,3.4,0.09836065573770492,0.0,0.8,0.6,1786.7904738730265,1455.795144769445,0.5705167617358962,1.8000000000000003,-2.0,3.8,330.9953291035815,5.0,1.0
97887,T3,T5,21,325,2023-01-27,Campbellfield FC,Roxburgh Park Gorillas,1,12,3,0.7213114754098361,0.10526315789473684,0.8859492762485933,0.18803785418768845,7.2,3.6,6.4,8.4,2.8,-2.8,7.2,3.6,0.03278688524590164,0.0,0.8,0.2,1721.1865436345151,1333.1520465527615,0.6979114220609048,3.6,-2.0,5.6,388.03449708175367,2.0,1.0
97890,T8,T5,17,22,2023-02-03,Fitzroy FC,FC Carlton Heart,1,7,1,0.8524590163934426,0.46938775510204084,1.0,0.5019401359162605,5.4,2.6,4.4,5.4,3.0,-0.8,5.4,2.6,0.14754098360655737,0.04081632653061224,0.8,0.4,1825.7725616060195,1513.7699359839319,0.4980598640837395,2.8000000000000003,-1.0,3.8,312.00262562208763,6.0,1.0
97889,T1,T3,325,19,2023-02-03,Roxburgh Park Gorillas,Altona Knights FC,1,3,1,0.1,0.34146341463414637,0.1464440280884384,0.1464440280884384,4.0,2.8,9.8,6.6,-3.8,-1.8,4.0,2.8,0.0,0.0,0.2,0.4,1330.0555909323346,1451.6510560225202,0.0,1.2000000000000002,3.200000000000001,-1.9999999999999998,-121.5954650901856,2.0,0.0
97891,T4,T2,18,21,2023-02-03,Moreland Blues FC,Campbellfield FC,1,5,3,0.8387096774193549,0.7258064516129032,0.8119621458123116,1.0,5.2,9.0,4.4,6.2,2.8,4.8,5.2,9.0,0.0967741935483871,0.03225806451612903,0.8,1.0,1790.9345626199513,1724.282999254942,-0.18803785418768837,-3.8,-1.7999999999999998,-2.0,66.65156336500922,8.0,0.75
97893,T7,T2,17,325,2023-02-10,Fitzroy FC,Roxburgh Park Gorillas,1,4,1,0.8548387096774194,0.14285714285714285,1.0,0.4240727336474578,5.4,4.2,3.6,8.4,3.8,-2.2,5.4,4.2,0.14516129032258066,0.0,0.8,0.2,1830.327276369187,1351.4373141674737,0.5759272663525422,1.2000000000000002,-4.800000000000001,6.0,478.8899622017134,2.0,0.5
97894,T1,T4,22,19,2023-02-10,FC Carlton Heart,Altona Knights FC,0,5,10,0.46,0.3333333333333333,0.3020885779390951,0.11405072375140665,1.8,2.4,6.0,6.2,-2.2,-1.8,1.8,2.4,0.04,0.0,0.2,0.4,1509.2152212207643,1430.269332787381,0.18803785418768845,-0.5999999999999999,-0.20000000000000018,-0.40000000000000013,78.94588843338329,5.0,0.8
97895,T6,T5,331,18,2023-02-10,Hume FC,Moreland Blues FC,1,3,2,0.5,0.8412698412698413,0.7310585786300049,0.8535559719115617,2.5,4.8,5.5,4.2,-1.0,2.6,2.5,4.8,0.0,0.09523809523809523,0.5,0.8,1513.2940155211331,1803.9022521687698,-0.12249739328155684,-2.3,1.2999999999999998,-3.6,-290.60823664763666,0.0,0.5
97896,T8,T3,21,20,2023-02-10,Campbellfield FC,Western United FC,1,5,1,0.7142857142857143,0.45,0.6899779901039489,0.0,8.0,4.4,6.6,9.8,3.4,-3.4,8.0,4.4,0.031746031746031744,0.03333333333333333,0.8,0.8,1711.3153097061236,1447.2312969963675,0.6899779901039489,3.5999999999999996,-3.200000000000001,6.8,264.08401270975605,8.0,0.75
97899,T6,T3,17,21,2023-02-17,Fitzroy FC,Campbellfield FC,1,2,1,0.8571428571428571,0.71875,1.0,0.7585546159235846,5.2,7.2,3.2,5.6,4.0,3.6,5.2,7.2,0.14285714285714285,0.03125,0.8,0.8,1832.237954341731,1717.0571841195406,0.24144538407641536,-2.0,-2.3999999999999995,0.3999999999999999,115.1807702221904,8.0,0.75
97897,T1,T8,22,325,2023-02-17,FC Carlton Heart,Roxburgh Park Gorillas,1,9,1,0.45098039215686275,0.13636363636363635,0.1464440280884384,0.24144538407641547,1.8,2.2,7.6,8.6,-3.8,-4.4,1.8,2.2,0.0392156862745098,0.0,0.2,0.0,1489.640932684737,1349.5266361949298,-0.09500135598797707,-0.40000000000000013,-1.0,0.6000000000000005,140.1142964898072,2.0,1.0
97898,T5,T2,331,19,2023-02-17,Hume FC,Altona Knights FC,0,0,3,0.6666666666666666,0.3488372093023256,0.8136762767741524,0.3100220098960511,2.6666666666666665,3.6,5.0,6.6,-0.3333333333333333,-1.0,2.6666666666666665,3.6,0.0,0.0,0.3333333333333333,0.4,1540.236697805042,1449.8436213234083,0.5036542668781013,-0.9333333333333336,-1.5999999999999996,0.6666666666666667,90.39307648163367,0.0,0.5
97900,T7,T4,20,18,2023-02-17,Western United FC,Moreland Blues FC,0,2,4,0.4426229508196721,0.828125,0.0,0.5759272663525423,3.4,3.4,8.6,4.2,-3.2,1.2,3.4,3.4,0.03278688524590164,0.09375,0.6,0.6,1441.4894225829505,1776.959569884861,-0.5759272663525423,0.0,4.3999999999999995,-4.4,-335.4701473019104,8.0,0.25
97884,T1,T5,22,20,2023-02-21,FC Carlton Heart,Western United FC,1,2,1,0.46153846153846156,0.43548387096774194,0.4240727336474578,0.0,3.4,2.8,6.4,8.0,-1.0,-3.2,3.4,2.8,0.038461538461538464,0.03225806451612903,0.4,0.4,1499.516882803513,1437.4373742641249,0.4240727336474578,0.6000000000000001,-1.5999999999999996,2.2,62.079508539388144,6.0,0.5
97902,T6,T8,22,18,2023-02-24,FC Carlton Heart,Moreland Blues FC,0,3,4,0.4716981132075472,0.8307692307692308,0.5514673939724666,0.7585546159235846,3.8,3.8,6.6,4.0,-0.8,1.8,3.8,3.8,0.03773584905660377,0.09230769230769231,0.4,0.8,1512.6880565111674,1781.0116182036866,-0.20708722195111806,0.0,2.5999999999999996,-2.6,-268.3235616925192,7.0,0.0
97903,T1,T7,20,325,2023-02-24,Western United FC,Roxburgh Park Gorillas,0,2,3,0.42857142857142855,0.13043478260869565,0.0,0.18803785418768845,2.2,1.8,7.0,8.0,-2.8,-4.2,2.2,1.8,0.031746031746031744,0.0,0.2,0.0,1424.2662005564705,1339.6506860761538,-0.18803785418768845,0.40000000000000013,-1.0,1.4000000000000004,84.61551448031673,2.0,1.0
97904,T2,T3,21,331,2023-02-24,Campbellfield FC,Hume FC,1,4,3,0.7076923076923077,0.5,0.5019401359162605,0.473452626881749,5.4,2.0,5.2,5.0,2.2,-1.0,5.4,2.0,0.03076923076923077,0.0,0.6,0.25,1706.1753141173187,1520.1653925435114,0.028487509034511527,3.4000000000000004,0.20000000000000018,3.2,186.00992157380733,0.0,0.5
97901,T5,T4,19,17,2023-02-24,Altona Knights FC,Fitzroy FC,0,0,7,0.36363636363636365,0.859375,0.5514673939724666,1.0,4.0,4.2,5.6,3.2,0.4,3.0,4.0,4.2,0.022727272727272728,0.140625,0.4,0.6,1469.914926584939,1843.1198243439528,-0.4485326060275334,-0.20000000000000018,2.3999999999999995,-2.6,-373.2048977590139,5.0,0.2
97888,T1,T2,20,17,2023-02-28,Western United FC,Fitzroy FC,0,2,6,0.421875,0.8615384615384616,0.0,1.0,2.0,5.0,6.8,2.8,-2.8,4.2,2.0,5.0,0.03125,0.15384615384615385,0.2,0.8,1404.444768822496,1846.4633903521346,-1.0,-3.0,4.0,-7.0,-442.0186215296387,8.0,0.0
97905,T5,T7,325,331,2023-03-03,Roxburgh Park Gorillas,Hume FC,0,1,3,0.16666666666666666,0.4,0.45646603798448954,0.33448188227612685,2.2,2.2,7.6,5.2,-3.4,-1.0,2.2,2.2,0.0,0.0,0.0,0.2,1359.4721178101283,1511.9971130020156,0.12198415570836268,0.0,2.3999999999999995,-2.4,-152.52499519188723,0.0,0.5
97906,T2,T8,20,19,2023-03-03,Western United FC,Altona Knights FC,1,10,5,0.4153846153846154,0.35555555555555557,0.0,0.42948323826410395,1.6,3.0,6.0,5.8,-2.4,-0.8,1.6,3.0,0.03076923076923077,0.022222222222222223,0.0,0.2,1402.1151912542157,1466.5713605767571,-0.42948323826410395,-1.4,0.20000000000000018,-1.5999999999999999,-64.45616932254143,5.0,0.6
97907,T1,T6,17,18,2023-03-03,Fitzroy FC,Moreland Blues FC,1,4,3,0.8636363636363636,0.8333333333333334,1.0,0.8119621458123116,5.2,3.8,3.0,4.4,4.2,1.4,5.2,3.8,0.15151515151515152,0.09090909090909091,0.8,0.8,1848.7929679204149,1786.63940540211,0.18803785418768837,1.4000000000000004,-1.4000000000000004,2.8000000000000003,62.15356251830485,8.0,0.5
97908,T3,T4,21,22,2023-03-03,Campbellfield FC,FC Carlton Heart,1,5,4,0.7121212121212122,0.46296296296296297,0.6121105878351463,0.42948323826410395,5.0,4.0,4.8,6.6,2.2,-0.6,5.0,4.0,0.030303030303030304,0.037037037037037035,0.6,0.4,1714.3435936588146,1507.060269312744,0.18262734957104232,1.0,-1.7999999999999998,2.8000000000000003,207.28332434607069,6.0,0.6666666666666666
97892,T7,T6,331,20,2023-03-07,Hume FC,Western United FC,1,5,3,0.5,0.42424242424242425,0.5705167617358962,0.3100220098960511,2.6,3.4,4.4,6.0,0.2,-0.6,2.6,3.4,0.0,0.030303030303030304,0.2,0.2,1521.3920402460856,1421.049915837208,0.26049475183984505,-0.7999999999999998,-1.5999999999999996,0.8,100.34212440887768,0.0,0.5
97909,T2,T6,331,17,2023-03-10,Hume FC,Fitzroy FC,1,2,1,0.5714285714285714,0.8656716417910447,0.6655181177238731,1.0,2.8,4.6,4.6,3.4,0.2,3.2,2.8,4.6,0.0,0.14925373134328357,0.2,0.8,1532.895445221247,1861.9608380431791,-0.33448188227612685,-1.7999999999999998,1.1999999999999997,-3.0,-329.06539282193216,1.0,0.0
97910,T3,T7,325,18,2023-03-10,Roxburgh Park Gorillas,Moreland Blues FC,0,4,6,0.16,0.8208955223880597,0.3554961078278221,0.5435339620155106,1.8,3.6,5.8,5.0,-2.0,0.6,1.8,3.6,0.0,0.08955223880597014,0.0,0.6,1350.0771905660583,1773.4715352793457,-0.18803785418768854,-1.8,0.7999999999999998,-2.6,-423.3943447132874,3.0,0.0
97911,T1,T5,22,20,2023-03-10,FC Carlton Heart,Western United FC,0,3,4,0.45454545454545453,0.417910447761194,0.33448188227612685,0.24144538407641547,4.6,3.6,6.2,6.2,0.4,-0.6,4.6,3.6,0.03636363636363636,0.029850746268656716,0.6,0.2,1499.6143889128946,1409.5465108620465,0.09303649819971138,0.9999999999999996,0.0,1.0,90.0678780508481,7.0,0.5714285714285714
97912,T4,T8,21,19,2023-03-10,Campbellfield FC,Altona Knights FC,0,4,5,0.7164179104477612,0.34782608695652173,0.697911422060905,0.33448188227612685,3.6,3.8,5.0,7.0,0.6,-1.2,3.6,3.8,0.029850746268656716,0.021739130434782608,0.6,0.4,1721.789474058664,1447.636635993765,0.3634295397847781,-0.19999999999999973,-2.0,1.7999999999999998,274.152838064899,6.0,1.0
97916,T8,T7,20,17,2023-03-17,Western United FC,Fitzroy FC,0,2,10,0.4264705882352941,0.8529411764705882,0.49805986408373965,0.6899779901039489,4.2,4.0,6.4,3.6,-0.2,2.4,4.2,4.0,0.029411764705882353,0.14705882352941177,0.4,0.6,1429.6038065143075,1834.14516900734,-0.19191812602020925,0.20000000000000018,2.8000000000000003,-2.6,-404.54136249303247,9.0,0.0
97915,T1,T2,21,325,2023-03-17,Campbellfield FC,Roxburgh Park Gorillas,1,5,2,0.7058823529411765,0.15384615384615385,0.5435339620155106,0.18803785418768845,3.8,2.0,5.0,6.8,0.8,-2.8,3.8,2.0,0.029411764705882353,0.0,0.8,0.2,1695.2633160526127,1347.5051692094137,0.35549610782782215,1.7999999999999998,-1.7999999999999998,3.5999999999999996,347.75814684319903,3.0,1.0
97914,T4,T6,22,331,2023-03-17,FC Carlton Heart,Hume FC,0,3,6,0.44642857142857145,0.625,0.26049475183984505,0.7395052481601551,4.2,2.6,5.0,4.4,1.2,0.2,4.2,2.6,0.03571428571428571,0.0,0.4,0.2,1479.5570932606336,1560.7111142570861,-0.47901049632031,1.6,0.5999999999999996,1.0,-81.15402099645257,1.0,0.0
97913,T3,T5,18,19,2023-03-17,Moreland Blues FC,Altona Knights FC,1,9,3,0.8235294117647058,0.3617021276595745,0.644503892172178,0.5705167617358962,3.8,4.6,5.2,7.2,0.6,-0.6,3.8,4.6,0.08823529411764706,0.02127659574468085,0.6,0.6,1776.0435566359904,1474.1627939998161,0.0739871304362818,-0.7999999999999998,-2.0,1.2,301.88076263617427,6.0,1.0
97917,T4,T2,325,19,2023-03-24,Roxburgh Park Gorillas,Altona Knights FC,1,6,1,0.14814814814814814,0.3541666666666667,0.1464440280884384,0.3554961078278221,2.2,3.2,7.0,8.0,-2.8,-2.8,2.2,3.2,0.0,0.020833333333333332,0.2,0.4,1343.6969098028992,1469.3756900684507,-0.2090520797393837,-1.0,-1.0,0.0,-125.6787802655515,3.0,0.3333333333333333
97918,T1,T3,17,22,2023-03-24,Fitzroy FC,FC Carlton Heart,1,7,1,0.855072463768116,0.43859649122807015,0.7585546159235846,0.11405072375140665,5.6,3.0,3.8,6.0,3.8,-1.0,5.6,3.0,0.14492753623188406,0.03508771929824561,0.8,0.2,1836.9858589735832,1467.227857090109,0.644503892172178,2.5999999999999996,-2.2,4.8,369.7580018834742,7.0,1.0
97919,T8,T5,18,21,2023-03-24,Moreland Blues FC,Campbellfield FC,1,5,2,0.8260869565217391,0.7101449275362319,0.8119621458123116,0.644503892172178,5.2,3.8,5.2,5.2,2.0,0.6,5.2,3.8,0.08695652173913043,0.028985507246376812,0.8,0.8,1780.8306605673558,1699.0715754591272,0.16745825364013367,1.4000000000000004,0.0,1.4,81.75908510822865,9.0,0.7777777777777778
97920,T7,T6,331,20,2023-03-24,Hume FC,Western United FC,1,3,1,0.6666666666666666,0.42028985507246375,0.8859492762485933,0.3878894121648539,3.8,4.2,4.4,7.8,1.4,-1.6,3.8,4.2,0.0,0.028985507246376812,0.4,0.4,1573.0403504276107,1426.7631165480643,0.4980598640837394,-0.40000000000000036,-3.3999999999999995,3.0,146.27723387954643,1.0,1.0
97921,T8,T3,325,17,2023-03-31,Roxburgh Park Gorillas,Fitzroy FC,0,0,10,0.17857142857142858,0.8571428571428571,0.4240727336474578,0.8119621458123116,3.2,5.6,5.4,4.0,-0.2,3.6,3.2,5.6,0.0,0.14285714285714285,0.4,0.8,1365.2447377744602,1840.3893038038846,-0.38788941216485384,-2.3999999999999995,1.4000000000000004,-3.8000000000000003,-475.14456602942437,3.0,0.3333333333333333
97922,T7,T2,19,22,2023-03-31,Altona Knights FC,FC Carlton Heart,0,3,4,0.3469387755102041,0.43103448275862066,0.18803785418768845,0.0,2.8,2.8,9.2,7.2,-4.4,-2.4,2.8,2.8,0.02040816326530612,0.034482758620689655,0.4,0.2,1447.8278620968897,1463.8244122598076,0.18803785418768845,0.0,1.9999999999999991,-2.0000000000000004,-15.996550162917856,6.0,0.3333333333333333
97923,T6,T5,18,331,2023-03-31,Moreland Blues FC,Hume FC,1,5,1,0.8285714285714286,0.7,0.8535559719115617,1.0,5.4,3.8,5.2,3.8,2.2,2.0,5.4,3.8,0.08571428571428572,0.0,0.8,0.4,1793.1335097033275,1582.6757240964414,-0.14644402808843826,1.6000000000000005,1.4000000000000004,0.20000000000000018,210.4577856068861,1.0,0.0
97924,T1,T4,20,21,2023-03-31,Western United FC,Campbellfield FC,0,1,4,0.4142857142857143,0.7,0.3020885779390951,0.5019401359162605,4.0,4.0,7.2,5.8,-1.2,0.2,4.0,4.0,0.02857142857142857,0.02857142857142857,0.4,0.8,1417.1277428792337,1686.7687263231555,-0.19985155797716542,0.0,1.4000000000000004,-1.4,-269.64098344392187,9.0,0.2222222222222222
97928,T6,T3,331,19,2023-04-14,Hume FC,Altona Knights FC,1,3,1,0.6363636363636364,0.34,0.6899779901039489,0.1464440280884384,3.4,3.4,4.6,8.6,0.8,-3.2,3.4,3.4,0.0,0.02,0.4,0.4,1575.333737070345,1432.5640103559215,0.5435339620155105,0.0,-4.0,4.0,142.76972671442354,1.0,0.0
97926,T1,T8,20,18,2023-04-14,Western United FC,Moreland Blues FC,0,1,6,0.4084507042253521,0.8309859154929577,0.1464440280884384,0.8859492762485933,2.2,5.6,7.0,4.8,-2.8,2.8,2.2,5.6,0.028169014084507043,0.08450704225352113,0.2,0.8,1411.5350427001122,1800.4754967294239,-0.739505248160155,-3.3999999999999995,2.2,-5.6,-388.9404540293117,9.0,0.2222222222222222
97925,T5,T2,22,325,2023-04-14,FC Carlton Heart,Roxburgh Park Gorillas,0,2,5,0.4406779661016949,0.1724137931034483,0.3100220098960511,0.24144538407641547,3.0,2.6,7.0,7.0,-2.0,-2.4,3.0,2.6,0.03389830508474576,0.0,0.4,0.4,1479.0882640007758,1363.2949551204613,0.06857662581963564,0.3999999999999999,0.0,0.3999999999999999,115.7933088803145,3.0,1.0
97927,T7,T4,17,21,2023-04-14,Fitzroy FC,Campbellfield FC,1,4,3,0.8591549295774648,0.704225352112676,0.8535559719115617,0.6121105878351463,6.4,4.0,3.6,5.4,4.8,0.6,6.4,4.0,0.15492957746478872,0.028169014084507043,0.8,0.8,1842.3390864578835,1692.361426502277,0.24144538407641547,2.4000000000000004,-1.8000000000000003,4.2,149.97765995560644,9.0,0.7777777777777778
97929,T5,T4,20,325,2023-04-21,Western United FC,Roxburgh Park Gorillas,0,1,4,0.4027777777777778,0.2,0.11405072375140665,0.49805986408373965,1.8,3.4,7.2,6.8,-3.4,-1.4,1.8,3.4,0.027777777777777776,0.0,0.2,0.6,1408.4531422044506,1384.438392831637,-0.384009140332333,-1.5999999999999999,0.40000000000000036,-2.0,24.01474937281364,3.0,0.6666666666666666
97930,T6,T8,22,18,2023-04-21,FC Carlton Heart,Moreland Blues FC,0,3,6,0.43333333333333335,0.8333333333333334,0.24144538407641547,1.0,2.6,6.2,7.0,4.2,-2.4,4.0,2.6,6.2,0.03333333333333333,0.08333333333333333,0.2,1.0,1457.9448262896,1803.5573972250854,-0.7585546159235845,-3.6,2.8,-6.4,-345.61257093548534,8.0,0.0
97931,T2,T3,17,19,2023-04-21,Fitzroy FC,Altona Knights FC,1,16,2,0.8611111111111112,0.3333333333333333,0.8859492762485933,0.11405072375140665,6.4,2.6,3.6,7.2,4.8,-2.6,6.4,2.6,0.1527777777777778,0.0196078431372549,0.8,0.2,1851.8316249396507,1422.79212581144,0.7718985524971866,3.8000000000000003,-3.6,7.4,429.03949912821076,6.0,0.8333333333333334
97932,T1,T7,21,331,2023-04-21,Campbellfield FC,Hume FC,1,5,2,0.6944444444444444,0.6666666666666666,0.3878894121648539,0.7585546159235846,3.6,3.0,5.4,4.2,0.2,0.8,3.6,3.0,0.027777777777777776,0.0,0.6,0.2,1682.8688880205098,1585.1056216148265,-0.37066520375873074,0.6000000000000001,1.2000000000000002,-0.6000000000000001,97.76326640568323,1.0,1.0
97933,T2,T8,19,20,2023-05-05,Altona Knights FC,Western United FC,1,4,3,0.3269230769230769,0.3972602739726027,0.0,0.0,2.0,1.2,9.6,7.4,-5.6,-4.2,2.0,1.2,0.019230769230769232,0.0273972602739726,0.0,0.0,1420.2959267191175,1391.3489799722747,0.0,0.8,2.1999999999999993,-1.3999999999999995,28.94694674684274,6.0,0.3333333333333333
97934,T5,T7,22,21,2023-05-05,FC Carlton Heart,Campbellfield FC,1,3,2,0.4262295081967213,0.6986301369863014,0.18803785418768845,0.6121105878351463,2.6,3.8,7.4,4.8,-2.8,1.0,2.6,3.8,0.03278688524590164,0.0273972602739726,0.2,0.6,1454.0949335758792,1694.4819004714254,-0.4240727336474578,-1.1999999999999997,2.6000000000000005,-3.8,-240.38696689554627,7.0,0.2857142857142857
97936,T3,T4,331,325,2023-05-05,Hume FC,Roxburgh Park Gorillas,1,6,3,0.6153846153846154,0.22580645161290322,0.5019401359162605,0.697911422060905,3.0,3.4,5.0,5.8,0.0,-0.4,3.0,3.4,0.0,0.0,0.2,0.6,1573.4926091639109,1401.5425550638129,-0.19597128614464443,-0.3999999999999999,-0.7999999999999998,0.4,171.950054100098,1.0,1.0
97937,T1,T5,20,22,2023-05-12,Western United FC,FC Carlton Heart,0,3,5,0.3918918918918919,0.43548387096774194,0.0,0.45646603798448954,1.4,2.6,6.2,6.6,-2.8,-2.0,1.4,2.6,0.02702702702702703,0.03225806451612903,0.0,0.2,1376.6789601787514,1479.6820432406096,-0.45646603798448954,-1.2000000000000002,-0.39999999999999947,-0.7999999999999998,-103.0030830618582,8.0,0.5
97938,T4,T8,17,331,2023-05-12,Fitzroy FC,Hume FC,1,15,1,0.863013698630137,0.6428571428571429,1.0,0.6121105878351463,9.4,3.0,3.6,5.0,7.8,0.0,9.4,3.0,0.1506849315068493,0.0,1.0,0.2,1854.3278240319733,1582.162907624246,0.38788941216485373,6.4,-1.4,7.8,272.16491640772733,2.0,0.5
97939,T2,T6,18,325,2023-05-12,Moreland Blues FC,Roxburgh Park Gorillas,1,6,0,0.8356164383561644,0.21875,1.0,0.5435339620155106,6.2,3.6,4.0,6.0,4.2,-0.4,6.2,3.6,0.0821917808219178,0.0,1.0,0.6,1807.4072899388063,1392.8722566034778,0.45646603798448937,2.6,-2.0,4.6000000000000005,414.53503333532854,4.0,1.0
97940,T3,T7,19,21,2023-05-12,Altona Knights FC,Campbellfield FC,0,2,5,0.33962264150943394,0.6891891891891891,0.3100220098960511,0.3878894121648539,2.2,3.2,8.4,5.0,-4.2,0.2,2.2,3.2,0.018867924528301886,0.02702702702702703,0.2,0.4,1434.9659465126408,1668.894790806695,-0.07786740226880279,-1.0,3.4000000000000004,-4.4,-233.92884429405422,7.0,0.14285714285714285
97948,T8,T5,21,18,2023-05-19,Campbellfield FC,Moreland Blues FC,1,7,1,0.6933333333333334,0.8378378378378378,0.6121105878351463,1.0,3.8,5.6,4.4,3.4,1.4,4.2,3.8,5.6,0.02666666666666667,0.0945945945945946,0.6,1.0,1675.5004339431337,1810.1025477971525,-0.38788941216485373,-1.7999999999999998,1.0000000000000004,-2.8000000000000003,-134.60211385401885,10.0,0.2
97947,T4,T2,19,325,2023-05-19,Altona Knights FC,Roxburgh Park Gorillas,1,5,2,0.3333333333333333,0.21212121212121213,0.24144538407641547,0.33448188227612685,2.4,2.4,8.2,7.0,-3.8,-2.6,2.4,2.4,0.018518518518518517,0.0,0.2,0.4,1428.3603033762022,1390.1769987451316,-0.09303649819971138,0.0,1.1999999999999993,-1.1999999999999997,38.18330463107054,4.0,0.5
97945,T7,T6,22,17,2023-05-19,FC Carlton Heart,Fitzroy FC,0,2,5,0.4444444444444444,0.8648648648648649,0.6655181177238731,1.0,3.4,10.4,5.8,3.4,-0.4,9.0,3.4,10.4,0.031746031746031744,0.14864864864864866,0.4,1.0,1491.072829720331,1859.853786061122,-0.33448188227612685,-7.0,2.4,-9.4,-368.78095634079114,8.0,0.0
97946,T1,T3,20,331,2023-05-19,Western United FC,Hume FC,1,4,3,0.38666666666666666,0.6,0.0,0.3878894121648539,1.8,2.6,6.6,7.8,-2.8,-3.2,1.8,2.6,0.02666666666666667,0.0,0.0,0.2,1365.28817369903,1576.6369455950971,-0.3878894121648539,-0.8,-1.2000000000000002,0.40000000000000036,-211.3487718960671,2.0,0.0
97935,T1,T6,18,17,2023-05-21,Moreland Blues FC,Fitzroy FC,0,1,4,0.8266666666666667,0.8666666666666667,0.6899779901039489,1.0,4.8,10.0,4.4,3.6,2.4,8.4,4.8,10.0,0.09333333333333334,0.14666666666666667,0.8,1.0,1788.1964602609037,1863.2743749797926,-0.3100220098960511,-5.2,0.8000000000000003,-6.0,-75.0779147188889,9.0,0.4444444444444444
97944,T4,T6,331,22,2023-05-23,Hume FC,FC Carlton Heart,0,0,2,0.5625,0.4375,0.3020885779390951,0.42948323826410395,3.0,3.0,7.6,6.2,-2.6,-1.2,3.0,3.0,0.0,0.03125,0.2,0.2,1551.9499561678942,1487.6522408016604,-0.12739466032500885,0.0,1.3999999999999995,-1.4000000000000001,64.29771536623389,2.0,1.0
97942,T1,T2,325,21,2023-05-23,Roxburgh Park Gorillas,Campbellfield FC,0,4,10,0.20588235294117646,0.6973684210526315,0.26049475183984505,0.697911422060905,2.8,4.4,6.0,4.4,-1.2,2.0,2.8,4.4,0.0,0.02631578947368421,0.4,0.6,1375.9283595432207,1697.4065214793825,-0.4374166702210599,-1.6000000000000005,1.5999999999999996,-3.2,-321.47816193616177,4.0,0.0
97941,T8,T7,19,18,2023-05-23,Altona Knights FC,Moreland Blues FC,1,7,4,0.34545454545454546,0.8157894736842105,0.49805986408373965,0.44853260602753353,2.8,4.0,7.8,5.0,-3.0,1.0,2.8,4.0,0.01818181818181818,0.09210526315789473,0.4,0.6,1442.608942578113,1775.601096423308,0.049527258056206114,-1.2000000000000002,2.8,-4.0,-332.99215384519493,7.0,0.0
97943,T3,T5,17,20,2023-05-23,Fitzroy FC,Western United FC,1,7,1,0.868421052631579,0.39473684210526316,1.0,0.3100220098960511,8.8,2.4,3.8,6.4,7.0,-2.0,8.8,2.4,0.14473684210526316,0.02631578947368421,1.0,0.2,1875.8697388173882,1389.975163126233,0.6899779901039489,6.4,-2.6000000000000005,9.0,485.8945756911553,10.0,1.0
97949,T1,T4,21,20,2023-05-26,Campbellfield FC,Western United FC,0,4,5,0.7012987012987013,0.38961038961038963,0.8535559719115617,0.24144538407641547,5.8,2.4,4.4,6.6,3.4,-2.2,5.8,2.4,0.025974025974025976,0.025974025974025976,0.8,0.2,1701.752286534371,1388.1356539220287,0.6121105878351463,3.4,-2.1999999999999993,5.6,313.6166326123423,10.0,0.8
97950,T8,T3,17,325,2023-05-26,Fitzroy FC,Roxburgh Park Gorillas,1,4,1,0.8701298701298701,0.2,1.0,0.11405072375140665,9.4,2.6,3.4,7.6,8.0,-3.0,9.4,2.6,0.14285714285714285,0.0,1.0,0.4,1877.7092480215924,1371.5825944882322,0.8859492762485933,6.800000000000001,-4.199999999999999,11.0,506.12665353336024,4.0,0.75
97951,T7,T2,22,19,2023-05-26,FC Carlton Heart,Altona Knights FC,0,3,4,0.4461538461538462,0.35714285714285715,0.644503892172178,0.697911422060905,3.0,4.0,5.2,8.0,-0.2,-2.0,3.0,4.0,0.046153846153846156,0.017857142857142856,0.2,0.6,1506.5799132163424,1470.5061435291861,-0.05340752988872699,-1.0,-2.8,1.8,36.0737696871563,7.0,0.7142857142857143
97952,T6,T5,331,18,2023-05-26,Hume FC,Moreland Blues FC,0,2,6,0.5294117647058824,0.8051948051948052,0.1464440280884384,0.26049475183984505,2.4,3.6,7.8,6.2,-3.4,-0.6,2.4,3.6,0.0,0.09090909090909091,0.2,0.6,1533.0222837532122,1747.703895472235,-0.11405072375140665,-1.2000000000000002,1.5999999999999996,-2.8,-214.68161171902284,2.0,0.5
97956,T1,T8,18,20,2023-06-02,Moreland Blues FC,Western United FC,1,3,2,0.8076923076923077,0.3974358974358974,0.4240727336474578,0.49805986408373965,3.6,3.2,6.0,6.6,-0.4,-1.4,3.6,3.2,0.08974358974358974,0.02564102564102564,0.6,0.4,1754.9092309634837,1415.6171131274757,-0.07398713043628186,0.3999999999999999,-0.5999999999999996,0.9999999999999999,339.29211783600795,10.0,0.8
97955,T7,T4,21,17,2023-06-02,Campbellfield FC,Fitzroy FC,0,2,3,0.6923076923076923,0.8717948717948718,0.5759272663525423,1.0,5.6,7.0,5.0,3.2,2.6,5.8,5.6,7.0,0.02564102564102564,0.14102564102564102,0.8,1.0,1674.270827328924,1879.3569366160539,-0.4240727336474577,-1.4000000000000004,1.7999999999999998,-3.1999999999999997,-205.08610928712983,10.0,0.2
97954,T6,T3,19,331,2023-06-02,Altona Knights FC,Hume FC,1,4,3,0.3684210526315789,0.5,0.8535559719115617,0.11405072375140665,4.4,2.4,5.4,8.0,1.0,-3.6,4.4,2.4,0.017543859649122806,0.0,0.8,0.2,1488.161457974813,1525.8169482619635,0.7395052481601551,2.0000000000000004,-2.5999999999999996,4.6,-37.65549028715054,2.0,0.5
97953,T5,T2,325,22,2023-06-02,Roxburgh Park Gorillas,FC Carlton Heart,1,5,3,0.19444444444444445,0.4393939393939394,0.0,0.5019401359162605,2.0,3.0,8.2,4.8,-4.2,0.2,2.0,3.0,0.0,0.045454545454545456,0.2,0.2,1369.9349058937707,1488.9245987707156,-0.5019401359162605,-1.0,3.3999999999999995,-4.4,-118.9896928769449,4.0,0.25
97957,T2,T3,325,20,2023-06-09,Roxburgh Park Gorillas,Western United FC,1,7,6,0.21621621621621623,0.3924050632911392,0.3100220098960511,0.3878894121648539,2.4,3.0,7.6,6.4,-3.2,-1.4,2.4,3.0,0.0,0.02531645569620253,0.4,0.4,1391.2099381444164,1411.6422879198822,-0.07786740226880279,-0.6000000000000001,1.1999999999999993,-1.8000000000000003,-20.43234977546581,4.0,0.5
97958,T5,T4,18,22,2023-06-09,Moreland Blues FC,FC Carlton Heart,1,9,2,0.810126582278481,0.43283582089552236,0.5514673939724666,0.3020885779390951,3.0,3.0,6.4,5.4,-1.4,-0.4,3.0,3.0,0.08860759493670886,0.04477611940298507,0.4,0.2,1758.8840561710772,1467.64956652007,0.24937881603337148,0.0,1.0,-0.9999999999999999,291.23448965100715,9.0,1.0
97959,T6,T8,19,17,2023-06-09,Altona Knights FC,Fitzroy FC,0,2,15,0.3793103448275862,0.8734177215189873,0.8859492762485933,1.0,4.4,4.6,5.4,3.4,1.0,3.2,4.4,4.6,0.017241379310344827,0.13924050632911392,0.8,0.8,1505.88879927978,1886.8753246552058,-0.11405072375140668,-0.1999999999999993,2.0000000000000004,-2.2,-380.9865253754258,7.0,0.14285714285714285
97960,T1,T7,331,21,2023-06-09,Hume FC,Campbellfield FC,0,2,9,0.47368421052631576,0.6835443037974683,0.0,0.44853260602753353,1.8,5.6,8.2,5.0,-4.4,2.6,1.8,5.6,0.0,0.02531645569620253,0.0,0.8,1508.0896069569965,1666.7524392897722,-0.44853260602753353,-3.8,3.1999999999999993,-7.0,-158.66283233277568,2.0,0.0
97964,T3,T4,325,331,2023-06-16,Roxburgh Park Gorillas,Hume FC,0,3,4,0.23684210526315788,0.45,0.5514673939724666,0.0,3.8,2.0,7.6,7.0,-1.8,-3.0,3.8,2.0,0.0,0.0,0.6,0.0,1408.1497993703308,1498.927445850061,0.5514673939724666,1.7999999999999998,0.5999999999999996,1.2,-90.77764647973027,2.0,0.0
97961,T1,T6,20,19,2023-06-16,Western United FC,Altona Knights FC,1,5,4,0.3875,0.3728813559322034,0.3020885779390951,0.6899779901039489,3.6,4.4,6.8,7.4,-1.2,-1.0,3.6,4.4,0.025,0.01694915254237288,0.6,0.8,1394.7024266939677,1502.677001249182,-0.3878894121648538,-0.8000000000000003,-0.6000000000000005,-0.19999999999999996,-107.9745745552143,7.0,0.5714285714285714
97962,T5,T7,21,22,2023-06-16,Campbellfield FC,FC Carlton Heart,1,11,5,0.6875,0.4264705882352941,0.5705167617358962,0.1464440280884384,6.4,2.4,5.0,6.6,3.4,-2.2,6.4,2.4,0.025,0.04411764705882353,0.8,0.0,1675.9146003967076,1462.6075801782858,0.4240727336474578,4.0,-1.5999999999999996,5.6,213.3070202184217,8.0,0.625
97963,T2,T8,17,18,2023-06-16,Fitzroy FC,Moreland Blues FC,1,4,3,0.875,0.8125,1.0,0.7395052481601551,6.6,4.6,3.4,5.4,5.2,1.2,6.6,4.6,0.1375,0.0875,0.8,0.6,1890.0871226858037,1763.9260425128614,0.26049475183984494,2.0,-2.0000000000000004,4.0,126.16108017294232,10.0,0.6
124000,T3,T7,22,19,2023-07-21,FC Carlton Heart,Altona Knights FC,0,1,6,0.42028985507246375,0.36666666666666664,0.11405072375140665,0.44853260602753353,3.0,4.2,7.8,8.0,-2.8,-1.8,3.0,4.2,0.043478260869565216,0.016666666666666666,0.2,0.8,1455.3579720865014,1481.8587178328653,-0.33448188227612685,-1.2000000000000002,-0.20000000000000018,-0.9999999999999998,-26.50074574636392,8.0,0.625
124001,T4,T8,21,331,2023-07-21,Campbellfield FC,Hume FC,1,7,3,0.691358024691358,0.47619047619047616,0.6655181177238731,0.3100220098960511,7.2,2.2,5.8,6.8,3.4,-2.6,7.2,2.2,0.024691358024691357,0.0,0.8,0.2,1683.164208488492,1510.8395818526265,0.35549610782782204,5.0,-1.0,6.0,172.32462663586557,3.0,1.0
123999,T1,T5,322,17,2023-07-21,Metropolitan FC,Fitzroy FC,0,2,9,0.19047619047619047,0.8765432098765432,0.24144538407641547,1.0,4.2,6.6,10.0,3.8,-3.8,4.8,4.2,6.6,0.0,0.13580246913580246,0.6,0.8,1386.0500341830764,1900.5197637503406,-0.7585546159235845,-2.3999999999999995,6.2,-8.6,-514.4697295672643,3.0,0.0
124002,T2,T6,18,325,2023-07-21,Moreland Blues FC,Roxburgh Park Gorillas,1,10,1,0.8024691358024691,0.23076923076923078,0.5759272663525423,0.42948323826410395,5.0,4.0,5.4,7.4,1.6,-1.4,5.0,4.0,0.08641975308641975,0.0,0.6,0.6,1753.4934014483244,1396.2376633677654,0.14644402808843837,1.0,-2.0,3.0,357.255738080559,5.0,1.0
124006,T3,T5,331,22,2023-07-28,Hume FC,FC Carlton Heart,1,7,4,0.45454545454545453,0.4142857142857143,0.24144538407641547,0.0,2.8,2.8,7.8,9.0,-3.0,-4.2,2.8,2.8,0.0,0.04285714285714286,0.2,0.2,1502.182906314377,1440.5760152858836,0.24144538407641547,0.0,-1.2000000000000002,1.2000000000000002,61.606891028493465,3.0,0.6666666666666666
124005,T4,T6,325,21,2023-07-28,Roxburgh Park Gorillas,Campbellfield FC,0,3,8,0.225,0.6951219512195121,0.33448188227612685,0.7395052481601551,3.4,6.6,7.4,5.6,-2.0,3.0,3.4,6.6,0.0,0.024390243902439025,0.4,0.8,1392.6090461421204,1691.8208840267414,-0.4050233658840282,-3.1999999999999997,1.8000000000000007,-5.0,-299.211837884621,5.0,0.0
124003,T1,T2,18,322,2023-07-28,Moreland Blues FC,Metropolitan FC,1,16,2,0.8048780487804879,0.18181818181818182,0.7585546159235846,0.18803785418768845,6.2,3.6,4.2,9.8,4.0,-4.2,6.2,3.6,0.08536585365853659,0.0,0.6,0.4,1757.1220186739695,1384.47580738979,0.5705167617358962,2.6,-5.6000000000000005,8.2,372.64621128417957,3.0,1.0
124004,T8,T7,17,19,2023-07-28,Fitzroy FC,Altona Knights FC,1,8,2,0.8780487804878049,0.3770491803278688,1.0,0.5705167617358962,7.0,4.0,4.0,7.4,5.0,-1.4,7.0,4.0,0.13414634146341464,0.01639344262295082,0.8,0.8,1902.0939905436271,1496.640674633483,0.42948323826410384,3.0,-3.4000000000000004,6.4,405.45331591014406,8.0,0.875
124007,T1,T3,18,19,2023-08-04,Moreland Blues FC,Altona Knights FC,1,8,0,0.8072289156626506,0.3709677419354839,0.8119621458123116,0.3554961078278221,8.2,3.6,4.2,8.4,6.0,-2.8,8.2,3.6,0.08433734939759036,0.016129032258064516,0.6,0.6,1760.4752264866431,1493.8135441123445,0.45646603798448954,4.6,-4.2,8.8,266.6616823742986,8.0,0.875
124008,T7,T6,22,322,2023-08-04,FC Carlton Heart,Metropolitan FC,0,3,6,0.4084507042253521,0.17391304347826086,0.0,0.1464440280884384,3.0,3.2,9.6,10.2,-4.6,-5.0,3.0,3.2,0.04225352112676056,0.0,0.4,0.2,1427.3837520216762,1381.1225995771163,-0.1464440280884384,-0.20000000000000018,-0.5999999999999996,0.40000000000000036,46.26115244455991,2.0,1.0
124009,T4,T2,21,17,2023-08-04,Campbellfield FC,Fitzroy FC,1,2,1,0.6987951807228916,0.8795180722891566,0.8859492762485933,1.0,7.4,7.8,5.2,4.2,4.2,5.6,7.4,7.8,0.024096385542168676,0.13253012048192772,0.8,0.8,1696.6708698201114,1904.9211210647657,-0.11405072375140668,-0.39999999999999947,1.0,-1.3999999999999995,-208.25025124465424,11.0,0.18181818181818182
124010,T8,T5,325,331,2023-08-04,Roxburgh Park Gorillas,Hume FC,0,1,5,0.21951219512195122,0.4782608695652174,0.26049475183984505,0.49805986408373965,3.8,3.8,8.2,7.4,-2.4,-1.6,3.8,3.8,0.0,0.0,0.4,0.4,1387.7590603487504,1515.3751695785845,-0.2375651122438946,0.0,0.7999999999999989,-0.7999999999999998,-127.61610922983414,3.0,0.0
124011,T6,T5,331,19,2023-08-11,Hume FC,Altona Knights FC,0,0,3,0.5,0.36507936507936506,0.697911422060905,0.18803785418768845,4.2,2.8,6.8,9.4,-0.6,-4.6,4.2,2.8,0.0,0.015873015873015872,0.6,0.4,1525.749003013052,1488.1412492418142,0.5098735678732165,1.4000000000000004,-2.6000000000000005,3.9999999999999996,37.60775377123787,3.0,0.3333333333333333
124012,T8,T3,325,17,2023-08-11,Roxburgh Park Gorillas,Fitzroy FC,0,0,15,0.21428571428571427,0.8690476190476191,0.11405072375140665,0.6899779901039489,3.0,7.4,8.6,4.2,-3.6,5.2,3.0,7.4,0.0,0.13095238095238096,0.2,0.8,1377.3852269142828,1880.3352478655852,-0.5759272663525422,-4.4,4.3999999999999995,-8.8,-502.95002095130235,5.0,0.2
124013,T1,T4,18,22,2023-08-11,Moreland Blues FC,FC Carlton Heart,1,4,2,0.8095238095238095,0.4027777777777778,0.8535559719115617,0.0,9.2,3.0,3.8,9.8,7.4,-4.8,9.2,3.0,0.09523809523809523,0.041666666666666664,0.8,0.4,1766.1475213571734,1409.2658485585223,0.8535559719115617,6.199999999999999,-6.000000000000001,12.2,356.88167279865115,10.0,1.0
124014,T7,T2,21,322,2023-08-11,Campbellfield FC,Metropolitan FC,1,10,3,0.7023809523809523,0.20833333333333334,1.0,0.4240727336474578,7.4,4.0,4.8,9.2,4.6,-3.2,7.4,4.0,0.023809523809523808,0.0,0.8,0.4,1721.256743019292,1399.2405030402701,0.5759272663525422,3.4000000000000004,-4.3999999999999995,7.8,322.01623997902175,3.0,1.0
124018,T5,T2,22,325,2023-08-18,FC Carlton Heart,Roxburgh Park Gorillas,1,5,4,0.3972602739726027,0.20930232558139536,0.0,0.0,3.0,1.6,8.8,10.4,-3.8,-6.8,3.0,1.6,0.0410958904109589,0.0,0.4,0.0,1405.6302980917578,1375.7087242919708,0.0,1.4,-1.5999999999999996,3.0,29.921573799786984,5.0,0.6
124017,T6,T3,21,18,2023-08-18,Campbellfield FC,Moreland Blues FC,0,3,9,0.7058823529411765,0.8117647058823529,1.0,0.8859492762485933,7.6,8.2,5.0,3.8,4.6,6.4,7.6,8.2,0.023529411764705882,0.09411764705882353,0.8,0.8,1725.5908885353028,1769.783071823938,0.11405072375140668,-0.5999999999999996,1.2000000000000002,-1.8000000000000007,-44.19218328863508,11.0,0.2727272727272727
124015,T7,T4,322,19,2023-08-18,Metropolitan FC,Altona Knights FC,0,4,7,0.2,0.375,0.24144538407641547,0.45646603798448954,3.0,3.0,10.8,6.4,-5.8,-1.4,3.0,3.0,0.0,0.03125,0.2,0.4,1394.9063575242592,1505.8664177887513,-0.21502065390807407,0.0,4.4,-4.4,-110.96006026449209,0.0,0.5
124016,T1,T8,331,17,2023-08-18,Hume FC,Fitzroy FC,0,3,4,0.48,0.8705882352941177,0.5435339620155106,0.7585546159235846,3.8,7.4,5.6,3.8,0.2,5.6,3.8,7.4,0.0,0.1411764705882353,0.6,0.8,1508.023834466115,1882.0117504878972,-0.215020653908074,-3.6000000000000005,1.7999999999999998,-5.3999999999999995,-373.9879160217822,3.0,0.3333333333333333
124019,T2,T3,325,322,2023-08-25,Roxburgh Park Gorillas,Metropolitan FC,0,7,8,0.20454545454545456,0.19230769230769232,0.0,0.18803785418768845,1.8,3.4,10.6,11.0,-6.8,-5.6,1.8,3.4,0.0,0.0,0.2,0.4,1361.083267101563,1383.8493336555819,-0.18803785418768845,-1.5999999999999999,-0.40000000000000036,-1.2000000000000002,-22.766066554018835,0.0,0.5
124020,T1,T7,17,22,2023-08-25,Fitzroy FC,FC Carlton Heart,1,8,0,0.872093023255814,0.40540540540540543,0.8119621458123116,0.3100220098960511,7.4,3.0,3.8,7.4,5.6,-2.4,7.4,3.0,0.13953488372093023,0.04054054054054054,0.8,0.4,1885.3418443936173,1420.2557552821656,0.5019401359162605,4.4,-3.6000000000000005,8.0,465.08608911145166,9.0,1.0
124021,T6,T8,331,18,2023-08-25,Hume FC,Moreland Blues FC,0,1,5,0.46153846153846156,0.813953488372093,0.33448188227612685,1.0,3.6,9.4,5.8,3.6,-0.2,7.8,3.6,9.4,0.0,0.09302325581395349,0.4,1.0,1504.6937405603949,1783.758851205185,-0.6655181177238731,-5.800000000000001,2.1999999999999997,-8.0,-279.06511064479014,3.0,0.3333333333333333
124022,T5,T4,19,21,2023-08-25,Altona Knights FC,Campbellfield FC,0,2,9,0.38461538461538464,0.6976744186046512,0.6655181177238731,0.6899779901039489,3.6,6.0,6.2,5.8,-0.6,2.2,3.6,6.0,0.03076923076923077,0.023255813953488372,0.4,0.6,1516.9234416574286,1711.6151091540557,-0.024459872380075742,-2.4,0.40000000000000036,-2.8000000000000003,-194.69166749662713,8.0,0.125
124023,T3,T4,19,325,2023-09-01,Altona Knights FC,Roxburgh Park Gorillas,0,2,3,0.3787878787878788,0.2,0.42948323826410395,0.0,2.8,3.0,7.8,10.2,-3.0,-5.2,2.8,3.0,0.030303030303030304,0.0,0.2,0.4,1509.0554444355791,1346.13018527038,0.42948323826410395,-0.20000000000000018,-2.3999999999999995,2.2,162.92525916519912,5.0,0.6
124024,T2,T8,22,21,2023-09-01,FC Carlton Heart,Campbellfield FC,0,1,7,0.4,0.7011494252873564,0.24144538407641547,0.7585546159235846,2.8,6.4,7.8,5.6,-3.0,2.8,2.8,6.4,0.04,0.022988505747126436,0.4,0.6,1418.1972221989001,1719.4831063759052,-0.5171092318471692,-3.6000000000000005,2.2,-5.8,-301.2858841770051,9.0,0.3333333333333333
124025,T5,T7,17,18,2023-09-01,Fitzroy FC,Moreland Blues FC,1,6,1,0.8735632183908046,0.8160919540229885,0.8535559719115617,1.0,7.2,8.4,3.4,3.6,5.8,6.8,7.2,8.4,0.14942528735632185,0.09195402298850575,0.8,1.0,1887.4003774768828,1789.1055757557008,-0.14644402808843826,-1.2000000000000002,-0.20000000000000018,-1.0,98.29480172118201,11.0,0.6363636363636364
124026,T1,T6,322,331,2023-09-01,Metropolitan FC,Hume FC,0,3,10,0.2222222222222222,0.4444444444444444,0.45646603798448954,0.26049475183984505,4.6,3.2,10.6,5.4,-4.0,-0.2,4.6,3.2,0.0,0.0,0.6,0.4,1398.8024154867649,1499.347016009879,0.19597128614464449,1.3999999999999995,5.199999999999999,-3.8,-100.54460052311424,0.0,0.5
124030,T3,T7,17,322,2023-09-08,Fitzroy FC,Metropolitan FC,1,10,5,0.875,0.21428571428571427,0.8859492762485933,0.3554961078278221,6.8,4.8,3.2,9.4,5.6,-2.6,6.8,4.8,0.14772727272727273,0.0,0.8,0.6,1898.9907615553889,1387.307597017526,0.5304531684207712,2.0,-6.2,8.2,511.6831645378629,4.0,1.0
124029,T1,T5,331,21,2023-09-08,Hume FC,Campbellfield FC,1,2,1,0.4642857142857143,0.7045454545454546,0.4240727336474578,0.8119621458123116,3.8,6.2,5.2,5.2,0.6,3.0,3.8,6.2,0.0,0.022727272727272728,0.4,0.6,1510.841834479118,1724.28416764501,-0.38788941216485384,-2.4000000000000004,0.0,-2.4,-213.44233316589202,4.0,0.0
124027,T4,T8,325,18,2023-09-08,Roxburgh Park Gorillas,Moreland Blues FC,0,1,12,0.21739130434782608,0.8068181818181818,0.3100220098960511,0.6899779901039489,3.0,5.4,9.0,4.4,-4.0,3.0,3.0,5.4,0.0,0.09090909090909091,0.4,0.8,1369.1276204730511,1777.5151916771947,-0.3799559802078978,-2.4000000000000004,4.6,-7.0,-408.38757120414357,6.0,0.0
124028,T2,T6,19,22,2023-09-08,Altona Knights FC,FC Carlton Heart,1,5,4,0.373134328358209,0.39473684210526316,0.33448188227612685,0.18803785418768845,2.8,2.2,6.8,7.8,-2.0,-3.6,2.8,2.2,0.029850746268656716,0.039473684210526314,0.2,0.2,1486.058009232908,1413.3961609297953,0.1464440280884384,0.5999999999999996,-1.0,1.6,72.66184830311272,9.0,0.4444444444444444
124031,T8,T7,322,18,2023-09-15,Metropolitan FC,Moreland Blues FC,0,2,10,0.20689655172413793,0.8089887640449438,0.18803785418768845,0.7585546159235846,4.6,6.2,10.8,4.6,-4.2,3.6,4.6,6.2,0.0,0.0898876404494382,0.6,0.8,1385.7091863235019,1780.299089823921,-0.5705167617358962,-1.6000000000000005,6.200000000000001,-7.800000000000001,-394.58990350041904,4.0,0.0
124032,T1,T2,19,17,2023-09-15,Altona Knights FC,Fitzroy FC,0,2,6,0.38235294117647056,0.8764044943820225,0.5705167617358962,1.0,3.8,8.6,6.0,3.8,-0.2,6.8,3.8,8.6,0.029411764705882353,0.14606741573033707,0.4,1.0,1498.7597547682262,1900.589172249413,-0.42948323826410384,-4.8,2.2,-7.0,-401.82941748118674,9.0,0.1111111111111111
124033,T3,T5,22,331,2023-09-15,FC Carlton Heart,Hume FC,0,0,3,0.38961038961038963,0.4827586206896552,0.1464440280884384,0.5514673939724666,2.4,3.2,7.6,5.2,-3.2,0.0,2.4,3.2,0.03896103896103896,0.0,0.4,0.2,1400.6944153944771,1535.5965930452196,-0.4050233658840282,-0.8000000000000003,2.3999999999999995,-3.2,-134.9021776507425,4.0,0.25
124034,T4,T6,21,325,2023-09-15,Campbellfield FC,Roxburgh Park Gorillas,1,5,4,0.6966292134831461,0.2127659574468085,0.5435339620155106,0.24144538407641547,6.0,3.0,5.4,10.4,2.6,-5.4,6.0,3.0,0.02247191011235955,0.0,0.6,0.4,1699.5294090789084,1366.343722326325,0.30208857793909516,3.0,-5.0,8.0,333.1856867525835,6.0,1.0
124038,T4,T2,322,22,2023-09-22,Metropolitan FC,FC Carlton Heart,1,11,3,0.2,0.38461538461538464,0.1464440280884384,0.11405072375140665,4.4,2.0,10.8,7.4,-4.4,-3.4,4.4,2.0,0.0,0.038461538461538464,0.6,0.4,1382.716677684569,1390.6124347078592,0.03239330433703175,2.4000000000000004,3.4000000000000004,-1.0000000000000004,-7.895757023290116,3.0,0.3333333333333333
124035,T7,T6,19,18,2023-09-22,Altona Knights FC,Moreland Blues FC,0,2,7,0.37681159420289856,0.8111111111111111,0.3554961078278221,0.8119621458123116,3.6,7.4,7.2,4.6,-1.6,4.8,3.6,7.4,0.028985507246376812,0.08888888888888889,0.4,0.8,1495.8783946437213,1783.2915984628537,-0.45646603798448954,-3.8000000000000003,2.6000000000000005,-6.4,-287.4132038191324,9.0,0.1111111111111111
124036,T8,T5,331,325,2023-09-22,Hume FC,Roxburgh Park Gorillas,0,5,6,0.5,0.20833333333333334,0.7395052481601551,0.18803785418768845,3.8,3.8,4.6,8.4,1.2,-2.6,3.8,3.8,0.03333333333333333,0.0,0.2,0.6,1545.6785737318376,1362.2449063803008,0.5514673939724666,0.0,-3.8000000000000007,3.8,183.43366735153677,4.0,1.0
124037,T1,T3,17,21,2023-09-22,Fitzroy FC,Campbellfield FC,1,4,1,0.8777777777777778,0.7,1.0,0.644503892172178,6.8,5.0,4.2,5.6,4.6,1.4,6.8,5.0,0.14444444444444443,0.022222222222222223,1.0,0.6,1903.4705323739179,1703.6282250249326,0.35549610782782204,1.7999999999999998,-1.3999999999999995,3.1999999999999997,199.8423073489853,12.0,0.75
124042,T1,T4,322,21,2023-09-29,Metropolitan FC,Campbellfield FC,0,4,8,0.22580645161290322,0.6923076923076923,0.4240727336474578,0.5019401359162605,5.8,4.6,10.0,4.6,-2.2,2.0,5.8,4.6,0.0,0.02197802197802198,0.6,0.6,1399.0802281483682,1695.9348232406387,-0.07786740226880273,1.2000000000000002,5.4,-4.2,-296.85459509227053,4.0,0.0
124041,T7,T2,325,17,2023-09-29,Roxburgh Park Gorillas,Fitzroy FC,0,2,5,0.22448979591836735,0.8791208791208791,0.45646603798448954,1.0,4.2,6.8,8.4,3.8,-2.2,5.0,4.2,6.8,0.0,0.14285714285714285,0.6,1.0,1385.9860845242868,1911.1639341582118,-0.5435339620155104,-2.5999999999999996,4.6000000000000005,-7.2,-525.177849633925,6.0,0.16666666666666666
124039,T8,T3,22,18,2023-09-29,FC Carlton Heart,Moreland Blues FC,0,2,6,0.379746835443038,0.8131868131868132,0.0,0.8535559719115617,1.6,7.0,8.8,4.4,-5.2,4.6,1.6,7.0,0.0379746835443038,0.08791208791208792,0.2,0.8,1374.24888424406,1788.427724094743,-0.8535559719115617,-5.4,4.4,-9.8,-414.17883985068306,11.0,0.0
124040,T6,T5,19,331,2023-09-29,Altona Knights FC,Hume FC,0,4,6,0.37142857142857144,0.4838709677419355,0.18803785418768845,0.5759272663525423,2.6,4.2,7.8,5.0,-3.2,1.2,2.6,4.2,0.02857142857142857,0.03225806451612903,0.2,0.4,1490.742269011832,1521.9373955878516,-0.38788941216485384,-1.6,2.8,-4.4,-31.195126576019675,4.0,0.75
124045,T6,T3,18,21,2023-10-06,Moreland Blues FC,Campbellfield FC,1,4,2,0.8152173913043478,0.6956521739130435,0.8859492762485933,0.6121105878351463,7.2,4.4,4.6,5.0,4.6,1.4,7.2,4.4,0.08695652173913043,0.021739130434782608,0.8,0.6,1791.1280471946359,1700.8409102299547,0.27383868841344705,2.8,-0.40000000000000036,3.1999999999999997,90.28713696468117,12.0,0.75
124043,T1,T8,19,322,2023-10-06,Altona Knights FC,Metropolitan FC,1,8,4,0.36619718309859156,0.21875,0.1464440280884384,0.24144538407641547,3.0,5.0,7.2,10.2,-2.2,-3.2,3.0,5.0,0.028169014084507043,0.0,0.4,0.6,1476.1750096548947,1394.1741411590522,-0.09500135598797707,-2.0,-2.999999999999999,1.0,82.0008684958425,1.0,1.0
124044,T7,T4,17,331,2023-10-06,Fitzroy FC,Hume FC,1,7,1,0.8804347826086957,0.5,1.0,0.7585546159235846,6.2,5.2,4.2,4.8,4.0,2.4,6.2,5.2,0.14130434782608695,0.03125,1.0,0.6,1912.648420025558,1536.5046549447889,0.24144538407641536,1.0,-0.5999999999999996,1.6,376.14376508076907,4.0,0.75
124046,T5,T2,325,22,2023-10-06,Roxburgh Park Gorillas,FC Carlton Heart,0,0,3,0.22,0.375,0.3554961078278221,0.0,3.2,2.0,7.8,8.4,-2.6,-4.4,3.2,2.0,0.0,0.0375,0.4,0.2,1384.5015986569406,1371.5485611441673,0.3554961078278221,1.2000000000000002,-0.6000000000000005,1.8000000000000003,12.953037512773335,6.0,0.3333333333333333
124050,T2,T3,21,19,2023-10-13,Campbellfield FC,Altona Knights FC,1,8,5,0.6881720430107527,0.375,0.3878894121648539,0.4240727336474578,3.4,4.2,5.6,7.4,-0.2,-1.2,3.4,4.2,0.021505376344086023,0.027777777777777776,0.4,0.6,1688.9076523290094,1488.467320470773,-0.03618332148260389,-0.8000000000000003,-1.8000000000000007,1.0,200.44033185823628,9.0,0.8888888888888888
124049,T1,T7,18,331,2023-10-13,Moreland Blues FC,Hume FC,1,6,2,0.8172043010752689,0.48484848484848486,1.0,0.5019401359162605,7.8,3.4,3.8,5.6,6.0,-0.2,7.8,3.4,0.08602150537634409,0.030303030303030304,1.0,0.4,1803.0613050955812,1533.2114055301058,0.4980598640837395,4.4,-1.7999999999999998,6.2,269.8498995654754,4.0,0.75
124047,T5,T4,322,325,2023-10-13,Metropolitan FC,Roxburgh Park Gorillas,1,8,4,0.21212121212121213,0.21568627450980393,0.18803785418768845,0.18803785418768845,5.2,2.6,9.8,8.0,-2.6,-3.4,5.2,2.6,0.0,0.0,0.8,0.4,1381.8818303431738,1367.9053654515299,0.0,2.6,1.8000000000000007,0.7999999999999998,13.9764648916439,1.0,1.0
124048,T6,T8,22,17,2023-10-13,FC Carlton Heart,Fitzroy FC,0,4,8,0.38271604938271603,0.8817204301075269,0.3100220098960511,1.0,2.4,6.4,7.0,4.2,-2.6,4.2,2.4,6.4,0.04938271604938271,0.13978494623655913,0.2,1.0,1388.144794349578,1915.941669440241,-0.6899779901039489,-4.0,2.8,-6.800000000000001,-527.796875090663,10.0,0.0
124051,T2,T8,21,22,2023-10-20,Campbellfield FC,FC Carlton Heart,0,4,5,0.6914893617021277,0.3780487804878049,0.6121105878351463,0.24144538407641547,4.8,2.4,6.2,7.6,0.6,-3.2,4.8,2.4,0.02127659574468085,0.04878048780487805,0.6,0.2,1696.580954904892,1386.6815054675012,0.3706652037587308,2.4,-1.3999999999999995,3.8000000000000003,309.8994494373908,10.0,0.7
124052,T3,T4,325,19,2023-10-20,Roxburgh Park Gorillas,Altona Knights FC,0,3,9,0.21153846153846154,0.3698630136986301,0.1464440280884384,0.24144538407641547,3.2,4.2,7.2,8.2,-2.0,-2.0,3.2,4.2,0.0,0.0273972602739726,0.6,0.6,1352.5486584798537,1480.7940178948904,-0.09500135598797707,-1.0,-0.9999999999999991,0.0,-128.24535941503677,6.0,0.5
124053,T5,T7,17,18,2023-10-20,Fitzroy FC,Moreland Blues FC,1,4,1,0.8829787234042553,0.8191489361702128,1.0,1.0,6.0,6.6,4.0,4.0,4.0,4.6,6.0,6.6,0.13829787234042554,0.0851063829787234,1.0,1.0,1917.4049583223177,1808.6484570591526,0.0,-0.5999999999999996,0.0,-0.5999999999999996,108.75650126316509,12.0,0.6666666666666666
124054,T1,T6,331,322,2023-10-20,Hume FC,Metropolitan FC,1,8,4,0.47058823529411764,0.23529411764705882,0.3020885779390951,0.45646603798448954,3.4,5.8,6.6,8.6,-1.2,-0.8,3.4,5.8,0.029411764705882353,0.0,0.4,0.8,1527.6242535665344,1397.23853731485,-0.15437746004539443,-2.4,-2.0,-0.3999999999999999,130.38571625168447,1.0,1.0
124057,T2,T6,22,19,2023-10-27,FC Carlton Heart,Altona Knights FC,1,6,1,0.3855421686746988,0.3783783783783784,0.49805986408373965,0.49805986408373965,3.4,5.6,7.8,7.6,-2.4,0.0,3.4,5.6,0.04819277108433735,0.02702702702702703,0.4,0.8,1414.079291137883,1491.142472539165,0.0,-2.1999999999999997,0.20000000000000018,-2.4,-77.06318140128201,10.0,0.5
124058,T4,T8,322,17,2023-10-27,Metropolitan FC,Fitzroy FC,0,5,17,0.22857142857142856,0.8842105263157894,0.3554961078278221,1.0,6.2,5.6,8.2,3.8,0.0,3.8,6.2,5.6,0.0,0.1368421052631579,1.0,1.0,1386.9761635751975,1928.553953633029,-0.644503892172178,0.6000000000000005,4.3999999999999995,-3.8,-541.5777900578316,5.0,0.0
124055,T3,T7,18,325,2023-10-27,Moreland Blues FC,Roxburgh Park Gorillas,1,12,0,0.8105263157894737,0.20754716981132076,0.6899779901039489,0.11405072375140665,4.8,3.0,4.4,8.0,2.4,-3.0,4.8,3.0,0.08421052631578947,0.0,0.8,0.4,1797.4994617484413,1342.200203835579,0.5759272663525422,1.7999999999999998,-3.5999999999999996,5.4,455.29925791286223,7.0,1.0
124056,T1,T5,21,331,2023-10-27,Campbellfield FC,Hume FC,1,4,3,0.6842105263157895,0.4857142857142857,0.3878894121648539,0.45646603798448954,4.6,4.4,6.4,7.4,0.2,-1.0,4.6,4.4,0.021052631578947368,0.02857142857142857,0.6,0.6,1669.1831692345102,1537.886627306187,-0.06857662581963564,0.1999999999999993,-1.0,1.2,131.29654192832322,5.0,0.8
124059,T3,T5,17,19,2023-11-03,Fitzroy FC,Altona Knights FC,1,6,2,0.8854166666666666,0.37333333333333335,1.0,0.3878894121648539,8.2,5.4,4.6,7.4,5.6,0.0,8.2,5.4,0.13541666666666666,0.02666666666666667,1.0,0.8,1929.9103761496897,1471.6506580881844,0.612110587835146,2.799999999999999,-2.8000000000000007,5.6,458.2597180615053,10.0,0.9
124060,T1,T2,331,22,2023-11-03,Hume FC,FC Carlton Heart,1,5,4,0.4722222222222222,0.39285714285714285,0.3554961078278221,0.697911422060905,4.0,4.0,7.0,5.8,-1.0,0.2,4.0,4.0,0.027777777777777776,0.047619047619047616,0.4,0.6,1527.6607702937245,1433.5711055888637,-0.34241531423308286,0.0,1.2000000000000002,-1.2,94.08966470486075,5.0,0.8
124061,T8,T7,325,21,2023-11-03,Roxburgh Park Gorillas,Campbellfield FC,0,3,9,0.2037037037037037,0.6875,0.0,0.6121105878351463,1.8,5.2,9.4,6.2,-5.6,1.0,1.8,5.2,0.0,0.020833333333333332,0.2,0.8,1340.0304582540716,1679.4090262469726,-0.6121105878351463,-3.4000000000000004,3.2,-6.6,-339.378567992901,7.0,0.0
124062,T4,T6,18,322,2023-11-03,Moreland Blues FC,Metropolitan FC,1,17,3,0.8125,0.2222222222222222,0.7585546159235846,0.18803785418768845,5.8,5.0,4.0,11.0,3.8,-4.0,5.8,5.0,0.09375,0.0,0.8,1.0,1799.6692073299487,1385.6197410585369,0.5705167617358962,0.7999999999999998,-7.0,7.8,414.0494662714118,5.0,1.0
124066,T4,T2,18,19,2023-11-10,Moreland Blues FC,Altona Knights FC,1,9,2,0.8144329896907216,0.3684210526315789,0.8119621458123116,0.3020885779390951,8.0,5.0,4.2,7.4,5.8,-0.4,8.0,5.0,0.09278350515463918,0.02631578947368421,0.8,0.6,1802.3713723224291,1469.5151288231132,0.5098735678732165,3.0,-3.2,6.2,332.85624349931595,10.0,0.9
124063,T1,T3,22,322,2023-11-10,FC Carlton Heart,Metropolitan FC,1,10,3,0.38823529411764707,0.21621621621621623,0.5435339620155106,0.1464440280884384,4.4,4.8,5.6,12.8,0.8,-6.0,4.4,4.8,0.047058823529411764,0.0,0.8,0.8,1421.80118683147,1382.9175760660564,0.39708993392707226,-0.39999999999999947,-7.200000000000001,6.8,38.88361076541355,4.0,0.5
124064,T7,T6,325,331,2023-11-10,Roxburgh Park Gorillas,Hume FC,0,3,4,0.2,0.4864864864864865,0.0,0.49805986408373965,2.0,3.8,10.2,7.0,-6.2,-1.2,2.0,3.8,0.0,0.02702702702702703,0.2,0.4,1336.0573650814301,1539.4306890511182,-0.49805986408373965,-1.7999999999999998,3.1999999999999993,-5.0,-203.37332396968804,5.0,0.2
124065,T8,T5,21,17,2023-11-10,Campbellfield FC,Fitzroy FC,0,2,4,0.6907216494845361,0.8865979381443299,0.697911422060905,1.0,5.4,8.4,6.0,4.6,1.4,5.8,5.4,8.4,0.020618556701030927,0.13402061855670103,0.8,1.0,1683.3821194196141,1932.045905414761,-0.30208857793909505,-3.0,1.4000000000000004,-4.4,-248.66378599514678,13.0,0.23076923076923078
124069,T8,T3,21,322,2023-11-17,Campbellfield FC,Metropolitan FC,1,10,7,0.6836734693877551,0.21052631578947367,0.5435339620155106,0.11405072375140665,5.4,4.6,6.0,13.2,1.4,-6.6,5.4,4.6,0.02040816326530612,0.0,0.8,0.6,1677.2100575319525,1368.700793674745,0.42948323826410395,0.8000000000000007,-7.199999999999999,8.0,308.50926385720754,5.0,1.0
124068,T7,T2,331,19,2023-11-17,Hume FC,Altona Knights FC,1,5,4,0.5,0.36363636363636365,0.697911422060905,0.1464440280884384,4.4,3.8,6.2,8.4,0.2,-2.6,4.4,3.8,0.02631578947368421,0.025974025974025976,0.6,0.4,1547.0059370164233,1465.40953062894,0.5514673939724666,0.6000000000000005,-2.2,2.8000000000000003,81.59640638748328,5.0,0.4
124067,T6,T5,325,17,2023-11-17,Roxburgh Park Gorillas,Fitzroy FC,0,2,18,0.19642857142857142,0.8877551020408163,0.0,1.0,2.6,7.8,10.4,4.8,-5.8,5.0,2.6,7.8,0.0,0.1326530612244898,0.2,1.0,1328.482117116125,1938.2179673024225,-1.0,-5.199999999999999,5.6000000000000005,-10.8,-609.7358501862975,7.0,0.14285714285714285
124071,T5,T2,322,19,2023-11-24,Metropolitan FC,Altona Knights FC,0,5,7,0.20512820512820512,0.358974358974359,0.0,0.11405072375140665,4.4,3.6,14.4,7.8,-8.0,-2.2,4.4,3.6,0.0,0.02564102564102564,0.6,0.4,1364.0669567039945,1453.0995891041523,-0.11405072375140665,0.8000000000000003,6.6000000000000005,-5.8,-89.03263240015781,2.0,0.0
124072,T6,T3,331,17,2023-11-24,Hume FC,Fitzroy FC,0,1,2,0.5128205128205128,0.8888888888888888,0.8535559719115617,1.0,5.0,9.8,5.8,4.4,1.2,7.4,5.0,9.8,0.02564102564102564,0.13131313131313133,0.8,1.0,1559.315878541211,1939.1469670770825,-0.14644402808843826,-4.800000000000001,1.3999999999999995,-6.2,-379.83108853587146,5.0,0.2
124073,T1,T8,21,18,2023-11-24,Campbellfield FC,Moreland Blues FC,0,2,7,0.6868686868686869,0.8163265306122449,0.644503892172178,0.8535559719115617,5.8,9.0,6.4,4.2,1.4,6.8,5.8,9.0,0.020202020202020204,0.09183673469387756,0.8,0.8,1681.843894502703,1806.4769705166023,-0.20905207973938378,-3.2,2.2,-5.4,-124.6330760138992,13.0,0.23076923076923078
124074,T7,T4,22,325,2023-11-24,FC Carlton Heart,Roxburgh Park Gorillas,1,7,6,0.3953488372093023,0.19298245614035087,0.644503892172178,0.0,5.8,2.2,6.2,12.4,1.6,-8.2,5.8,2.2,0.046511627906976744,0.0,1.0,0.0,1436.0179692227814,1327.553117341465,0.644503892172178,3.5999999999999996,-6.2,9.799999999999999,108.46485188131646,7.0,0.7142857142857143
124070,T1,T4,18,22,2023-11-28,Moreland Blues FC,FC Carlton Heart,0,4,5,0.8181818181818182,0.40229885057471265,0.8859492762485933,0.8119621458123116,9.2,6.4,4.2,5.8,7.0,2.6,9.2,6.4,0.09090909090909091,0.04597701149425287,0.8,1.0,1816.9715533776696,1447.1791639747678,0.07398713043628169,2.799999999999999,-1.5999999999999996,4.4,369.7923894029018,12.0,1.0
124078,T2,T3,19,21,2023-12-01,Altona Knights FC,Campbellfield FC,0,4,6,0.3670886075949367,0.68,0.3100220098960511,0.5019401359162605,3.2,5.4,8.2,6.8,-3.0,0.6,3.2,5.4,0.02531645569620253,0.02,0.4,0.6,1465.086936226319,1671.3493116416357,-0.1919181260202094,-2.2,1.3999999999999995,-3.6,-206.26237541531668,10.0,0.1
124077,T6,T8,331,18,2023-12-01,Hume FC,Moreland Blues FC,0,1,6,0.5,0.81,0.5759272663525423,0.6899779901039489,3.6,9.8,5.4,4.4,0.2,7.4,3.6,9.8,0.025,0.09,0.6,1.0,1556.084811074712,1788.3743961959522,-0.11405072375140657,-6.200000000000001,1.0,-7.2,-232.28958512124018,5.0,0.2
124075,T1,T7,17,22,2023-12-01,Fitzroy FC,FC Carlton Heart,1,8,2,0.89,0.4090909090909091,1.0,0.8535559719115617,9.4,6.4,4.4,5.8,7.0,2.6,9.4,6.4,0.13,0.045454545454545456,0.8,1.0,1942.3780345435816,1475.7763211564852,0.14644402808843826,3.0,-1.3999999999999995,4.4,466.6017133870964,11.0,1.0
124076,T5,T4,325,322,2023-12-01,Roxburgh Park Gorillas,Metropolitan FC,1,6,5,0.1896551724137931,0.2,0.0,0.0,2.8,4.6,12.0,14.2,-7.2,-7.6,2.8,4.6,0.0,0.0,0.2,0.6,1316.3919225894786,1352.0796095818278,0.0,-1.7999999999999998,-2.1999999999999993,0.39999999999999947,-35.6876869923492,2.0,0.0
124079,T3,T4,19,325,2023-12-08,Altona Knights FC,Roxburgh Park Gorillas,1,8,2,0.3625,0.2033898305084746,0.24144538407641547,0.3100220098960511,3.8,4.0,8.2,10.6,-2.4,-4.6,3.8,4.0,0.025,0.0,0.6,0.4,1457.6074254494786,1334.02964555841,-0.06857662581963564,-0.20000000000000018,-2.4000000000000004,2.1999999999999997,123.57777989106853,7.0,0.5714285714285714
124080,T2,T8,22,21,2023-12-08,FC Carlton Heart,Campbellfield FC,0,3,7,0.4044943820224719,0.6831683168316832,0.5759272663525423,0.6121105878351463,5.6,5.8,7.2,7.0,0.4,0.8,5.6,5.8,0.0449438202247191,0.019801980198019802,0.8,0.6,1473.734528934528,1678.8288224184762,-0.03618332148260395,-0.20000000000000018,0.20000000000000018,-0.4,-205.09429348394815,11.0,0.36363636363636365
124081,T5,T7,17,18,2023-12-08,Fitzroy FC,Moreland Blues FC,0,3,4,0.8910891089108911,0.8118811881188119,1.0,0.7585546159235846,7.6,8.6,3.8,4.6,5.8,6.0,7.6,8.6,0.12871287128712872,0.0891089108910891,0.8,1.0,1944.4198267655388,1795.0296422490526,0.24144538407641536,-1.0,-0.7999999999999998,-0.20000000000000018,149.39018451648622,13.0,0.6923076923076923
124082,T1,T6,322,331,2023-12-08,Metropolitan FC,Hume FC,0,5,6,0.1951219512195122,0.4878048780487805,0.0,0.44853260602753353,4.6,3.2,12.0,5.8,-5.4,-0.6,4.6,3.2,0.0,0.024390243902439025,0.6,0.6,1334.4418866128963,1549.4295650216116,-0.44853260602753353,1.3999999999999995,6.2,-4.800000000000001,-214.98767840871528,2.0,0.0
147816,T2,T6,19,355,2024-01-19,Altona Knights FC,Western City FC ,0,2,4,0.37037037037037035,0.0,0.49805986408373965,0.0,5.0,0.0,7.4,2.0,-0.4,0.0,5.0,0.0,0.024691358024691357,0.0,0.8,0.0,1468.144897309329,1500.0,0.49805986408373965,5.0,5.4,-0.4,-31.855102690670947,0.0,0.5
147814,T1,T5,17,20,2024-01-19,Fitzroy FC,Western United FC,1,4,2,0.8823529411764706,0.3950617283950617,0.6899779901039489,0.45646603798448954,7.0,3.8,4.2,7.0,4.8,-1.2,7.0,3.8,0.12745098039215685,0.024691358024691357,0.6,0.6,1921.9349597441606,1415.5207101102847,0.23351195211945935,3.2,-2.8,6.0,506.4142496338759,11.0,1.0
147815,T3,T7,22,331,2024-01-19,FC Carlton Heart,Hume FC,1,8,4,0.4,0.5,0.44853260602753353,0.5705167617358962,5.4,3.4,7.6,6.0,-0.2,-0.6,5.4,3.4,0.044444444444444446,0.023809523809523808,0.6,0.6,1466.2164118777903,1556.625068920258,-0.12198415570836263,2.0000000000000004,1.5999999999999996,0.39999999999999997,-90.40865704246767,6.0,0.16666666666666666
147818,T3,T5,18,355,2024-01-23,Moreland Blues FC,Western City FC ,1,2,0,0.8137254901960784,1.0,0.8119621458123116,1.0,6.0,4.0,4.6,4.0,3.4,2.0,6.0,0.0,0.08823529411764706,0.0,1.0,1.0,1817.5145092704308,1514.5371152050295,-0.18803785418768837,2.0,0.5999999999999996,1.4,302.9773940654013,0.0,0.5
147820,T4,T6,331,17,2024-01-26,Hume FC,Fitzroy FC,0,1,2,0.4883720930232558,0.883495145631068,0.3554961078278221,0.7585546159235846,3.4,7.0,7.0,4.2,-1.6,4.8,3.4,7.0,0.023255813953488372,0.1262135922330097,0.6,0.6,1536.553092612575,1923.5800629063622,-0.40305850809576255,-3.6,2.8,-6.4,-387.02697029378714,6.0,0.16666666666666666
147819,T1,T2,19,22,2024-01-26,Altona Knights FC,FC Carlton Heart,1,3,1,0.36585365853658536,0.4065934065934066,0.3878894121648539,0.5705167617358962,5.0,5.0,6.4,7.8,0.6,-0.8,5.0,5.0,0.024390243902439025,0.04395604395604396,0.8,0.6,1453.6077821042995,1486.2883881854732,-0.18262734957104226,0.0,-1.3999999999999995,1.4,-32.680606081173664,11.0,0.45454545454545453
147823,T4,T2,22,355,2024-02-02,FC Carlton Heart,Western City FC ,1,7,0,0.40217391304347827,0.5,0.3554961078278221,0.2689414213699951,3.8,2.0,7.2,4.0,-1.4,0.0,3.8,2.0,0.043478260869565216,0.0,0.4,0.5,1468.7878136064053,1509.775653338355,0.08655468645782699,1.7999999999999998,3.2,-1.4,-40.987839731949634,0.0,0.5
147824,T1,T3,18,19,2024-02-02,Moreland Blues FC,Altona Knights FC,1,2,1,0.8155339805825242,0.37349397590361444,0.8535559719115617,0.6121105878351463,4.6,4.8,4.2,5.6,2.4,1.2,4.6,4.8,0.0970873786407767,0.024096385542168676,0.8,0.6,1822.2759711371054,1471.1083566833674,0.24144538407641547,-0.20000000000000018,-1.3999999999999995,1.2,351.167614453738,11.0,0.9090909090909091
147822,T7,T6,20,331,2024-02-02,Western United FC,Hume FC,1,7,5,0.3902439024390244,0.4772727272727273,0.3554961078278221,0.18803785418768845,4.0,2.6,6.4,6.6,-0.4,-2.0,4.0,2.6,0.024390243902439025,0.022727272727272728,0.6,0.4,1413.875606948083,1533.4403779884483,0.16745825364013364,1.4,-0.1999999999999993,1.6,-119.56477104036526,3.0,0.3333333333333333
147826,T7,T2,355,331,2024-02-09,Western City FC ,Hume FC,1,3,2,0.3333333333333333,0.4666666666666667,0.18632372322584756,0.1464440280884384,1.3333333333333333,3.4,5.666666666666666,7.6,-2.3333333333333335,-2.2,1.3333333333333333,3.4,0.0,0.022222222222222223,0.3333333333333333,0.6,1491.8968017966602,1512.1417539154202,0.03987969513740916,-2.0666666666666664,-1.9333333333333336,-0.1333333333333333,-20.24495211876001,0.0,0.5
147827,T6,T5,18,20,2024-02-09,Moreland Blues FC,Western United FC,1,1,0,0.8173076923076923,0.39759036144578314,0.8859492762485933,0.49805986408373965,3.6,4.4,4.0,6.6,1.6,-0.2,3.6,4.4,0.09615384615384616,0.024096385542168676,0.6,0.6,1826.0188736356436,1435.1742310211112,0.3878894121648537,-0.8000000000000003,-2.5999999999999996,1.8,390.8446426145324,11.0,0.8181818181818182
147828,T1,T4,17,22,2024-02-09,Fitzroy FC,FC Carlton Heart,1,3,0,0.8846153846153846,0.40860215053763443,0.8119621458123116,0.49805986408373965,3.8,4.2,4.0,6.4,1.8,-0.2,3.8,4.2,0.125,0.053763440860215055,0.4,0.4,1926.692777530489,1486.6666651481,0.313902281728572,-0.40000000000000036,-2.4000000000000004,2.0,440.0261123823889,12.0,1.0
147830,T7,T4,19,20,2024-02-16,Altona Knights FC,Western United FC,1,5,4,0.36904761904761907,0.39285714285714285,0.3878894121648539,0.3878894121648539,3.6,4.0,5.0,6.2,0.6,-0.2,3.6,4.0,0.023809523809523808,0.023809523809523808,0.4,0.6,1467.3654541848293,1432.1227241286588,0.0,-0.3999999999999999,-1.2000000000000002,0.8,35.24273005617056,8.0,0.375
147831,T5,T2,18,331,2024-02-16,Moreland Blues FC,Hume FC,1,8,0,0.819047619047619,0.45652173913043476,1.0,0.11405072375140665,3.0,3.6,3.0,7.0,2.0,-1.4,3.0,3.6,0.10476190476190476,0.021739130434782608,0.4,0.6,1829.070380528096,1495.2104931640565,0.8859492762485933,-0.6000000000000001,-4.0,3.4,333.8598873640394,6.0,0.8333333333333334
147832,T6,T3,17,355,2024-02-16,Fitzroy FC,Western City FC ,1,2,1,0.8857142857142857,0.5,0.8535559719115617,0.5265473731182511,4.0,1.75,3.8,5.25,2.2,-1.5,4.0,1.75,0.13333333333333333,0.0,0.4,0.25,1929.0472514325334,1508.8280625480238,0.3270085987933107,2.25,-1.4500000000000002,3.7,420.21918888450955,0.0,0.5
147835,T1,T7,355,20,2024-02-23,Western City FC ,Western United FC,1,3,2,0.4,0.38823529411764707,0.3554961078278221,0.3020885779390951,1.6,3.6,5.0,5.8,-1.4,-0.2,1.6,3.6,0.0,0.023529411764705882,0.2,0.6,1506.21247622801,1417.740168112596,0.05340752988872699,-2.0,-0.7999999999999998,-1.2,88.47230811541408,0.0,0.5
147836,T2,T3,18,22,2024-02-23,Moreland Blues FC,FC Carlton Heart,1,5,2,0.8207547169811321,0.40425531914893614,1.0,0.3878894121648539,3.4,3.8,2.8,5.4,2.6,0.4,3.4,3.8,0.11320754716981132,0.05319148936170213,0.4,0.4,1833.1553465000086,1484.3121912460556,0.612110587835146,-0.3999999999999999,-2.6000000000000005,2.2,348.843155253953,13.0,0.9230769230769231
147834,T5,T4,17,19,2024-02-23,Fitzroy FC,Altona Knights FC,1,1,0,0.8867924528301887,0.3764705882352941,0.8859492762485933,0.6121105878351463,2.8,3.8,3.6,4.6,1.2,1.2,2.8,3.8,0.1320754716981132,0.023529411764705882,0.2,0.4,1931.6628377525471,1481.7480102008922,0.27383868841344705,-1.0,-0.9999999999999996,0.0,449.914827551655,11.0,0.9090909090909091
147838,T3,T4,22,20,2024-03-01,FC Carlton Heart,Western United FC,0,1,7,0.4,0.38372093023255816,0.3020885779390951,0.1464440280884384,3.6,3.0,5.0,5.6,0.6,-0.6,3.6,3.0,0.05263157894736842,0.023255813953488372,0.4,0.4,1480.5248370049667,1405.7286303022922,0.1556445498506567,0.6000000000000001,-0.5999999999999996,1.2,74.79620670267445,9.0,0.5555555555555556
147839,T1,T6,18,17,2024-03-01,Moreland Blues FC,Fitzroy FC,0,3,4,0.822429906542056,0.8878504672897196,1.0,1.0,3.6,2.4,2.6,2.8,3.0,1.6,3.6,2.4,0.11214953271028037,0.14018691588785046,0.4,0.2,1836.9427007410975,1933.8961212768622,0.0,1.2000000000000002,-0.19999999999999973,1.4,-96.95342053576474,14.0,0.35714285714285715
147840,T5,T7,331,19,2024-03-01,Hume FC,Altona Knights FC,1,4,3,0.44680851063829785,0.37209302325581395,0.0,0.3878894121648539,2.4,2.2,7.6,4.4,-3.2,-0.2,2.4,2.2,0.02127659574468085,0.023255813953488372,0.4,0.2,1491.1255271921439,1479.514726676577,-0.3878894121648539,0.19999999999999973,3.1999999999999993,-3.0,11.61080051556678,6.0,0.5
147842,T1,T5,331,22,2024-03-08,Hume FC,FC Carlton Heart,1,6,4,0.4583333333333333,0.3958333333333333,0.3100220098960511,0.1464440280884384,2.4,2.2,6.6,5.6,-2.2,-1.4,2.4,2.2,0.020833333333333332,0.052083333333333336,0.4,0.2,1506.591029029632,1461.1325886939835,0.1635779818076127,0.19999999999999973,1.0,-0.8000000000000003,45.45844033564845,7.0,0.7142857142857143
147843,T3,T7,355,19,2024-03-08,Western City FC ,Altona Knights FC,1,4,3,0.5,0.367816091954023,0.49805986408373965,0.3020885779390951,1.4,2.4,5.0,4.4,-1.6,0.0,1.4,2.4,0.0,0.022988505747126436,0.0,0.2,1518.2240140383137,1464.049224839089,0.19597128614464454,-1.0,0.5999999999999996,-1.6,54.17478919922473,1.0,1.0
147844,T2,T6,20,17,2024-03-08,Western United FC,Fitzroy FC,0,4,8,0.39080459770114945,0.8888888888888888,0.4240727336474578,1.0,4.0,2.4,5.0,3.0,1.0,1.4,4.0,2.4,0.022988505747126436,0.1388888888888889,0.6,0.2,1425.1208786132754,1945.543646743003,-0.5759272663525422,1.6,2.0,-0.3999999999999999,-520.4227681297275,12.0,0.0
147848,T1,T2,17,331,2024-03-15,Fitzroy FC,Hume FC,1,5,2,0.8899082568807339,0.46938775510204084,1.0,0.5514673939724666,3.6,3.4,3.6,7.0,2.0,-1.6,3.6,3.4,0.13761467889908258,0.02040816326530612,0.4,0.6,1947.06736629735,1520.50945516512,0.4485326060275334,0.20000000000000018,-3.4,3.6,426.55791113222995,7.0,0.8571428571428571
147846,T3,T5,22,19,2024-03-15,FC Carlton Heart,Altona Knights FC,1,3,2,0.3917525773195876,0.36363636363636365,0.11405072375140665,0.1464440280884384,2.8,2.4,6.2,5.0,-1.4,-0.6,2.8,2.4,0.05154639175257732,0.022727272727272728,0.4,0.2,1447.2141625584954,1450.524041438491,-0.03239330433703175,0.3999999999999999,1.2000000000000002,-0.7999999999999999,-3.3098788799954946,12.0,0.5
147847,T4,T6,355,18,2024-03-15,Western City FC ,Moreland Blues FC,0,3,6,0.5714285714285714,0.8148148148148148,0.697911422060905,0.6899779901039489,2.2,3.8,5.2,3.4,-1.0,2.4,2.2,3.8,0.0,0.1111111111111111,0.2,0.4,1531.7491974389118,1825.2951752749568,0.00793343195695606,-1.5999999999999996,1.8000000000000003,-3.4,-293.54597783604504,1.0,0.0
147852,T1,T3,331,20,2024-03-22,Hume FC,Western United FC,1,5,4,0.46,0.38636363636363635,0.42948323826410395,0.24144538407641547,2.8,3.4,6.6,5.6,-1.8,-0.2,2.8,3.4,0.02,0.022727272727272728,0.4,0.6,1517.9801802148543,1423.5971590589284,0.18803785418768848,-0.6000000000000001,1.0,-1.6,94.38302115592592,4.0,0.5
147851,T4,T2,19,18,2024-03-22,Altona Knights FC,Moreland Blues FC,0,1,5,0.3595505617977528,0.8165137614678899,0.11405072375140665,0.7585546159235846,2.6,4.6,5.2,3.8,-0.6,2.8,2.6,4.6,0.02247191011235955,0.11009174311926606,0.2,0.6,1434.3716204941304,1830.280900776499,-0.644503892172178,-1.9999999999999996,1.4000000000000004,-3.4,-395.9092802823686,12.0,0.08333333333333333
147850,T7,T6,355,22,2024-03-22,Western City FC ,FC Carlton Heart,0,4,5,0.5,0.3979591836734694,0.5435339620155106,0.3100220098960511,2.8,2.0,5.0,6.6,-0.2,-2.6,2.8,2.0,0.0,0.05102040816326531,0.2,0.2,1526.7634719373696,1463.366583502856,0.23351195211945952,0.7999999999999998,-1.5999999999999996,2.4,63.396888434513585,1.0,0.0
147854,T1,T4,18,20,2024-04-05,Moreland Blues FC,Western United FC,1,5,2,0.8181818181818182,0.38202247191011235,0.8119621458123116,0.18803785418768845,5.4,4.2,4.0,6.4,3.4,-0.2,5.4,4.2,0.10909090909090909,0.02247191011235955,0.8,0.8,1833.2528704123242,1411.8398027824412,0.6239242916246232,1.2000000000000002,-2.4000000000000004,3.6,421.413067629883,12.0,0.8333333333333334
147855,T6,T5,22,17,2024-04-05,FC Carlton Heart,Fitzroy FC,0,4,10,0.40404040404040403,0.8909090909090909,0.5514673939724666,1.0,3.0,4.0,6.8,4.0,-1.8,2.0,3.0,4.0,0.050505050505050504,0.13636363636363635,0.4,0.6,1482.2541413300576,1949.5966412476157,-0.4485326060275334,-1.0,2.8,-3.8,-467.34249991755814,13.0,0.0
147856,T7,T2,331,355,2024-04-05,Hume FC,Western City FC ,1,2,1,0.47058823529411764,0.4444444444444444,0.644503892172178,0.33448188227612685,3.4,3.0,6.8,5.6,-1.4,-0.6,3.4,3.0,0.0196078431372549,0.0,0.6,0.4,1529.7375364913414,1507.875914110168,0.3100220098960511,0.3999999999999999,1.2000000000000002,-0.7999999999999999,21.861622381173447,1.0,0.0
147858,T7,T4,19,20,2024-04-12,Altona Knights FC,Western United FC,1,7,4,0.35555555555555557,0.37777777777777777,0.0,0.1464440280884384,1.8,3.8,5.4,6.4,-1.6,-0.6,1.8,3.8,0.022222222222222223,0.022222222222222223,0.0,0.6,1431.3996508583052,1409.2406754730157,-0.1464440280884384,-1.9999999999999998,-1.0,-1.0,22.158975385289523,9.0,0.4444444444444444
147859,T5,T2,355,17,2024-04-12,Western City FC ,Fitzroy FC,0,2,6,0.4,0.8918918918918919,0.26049475183984505,1.0,3.0,5.6,5.6,4.6,-0.6,3.0,3.0,5.6,0.0,0.13513513513513514,0.4,0.8,1492.8813524391753,1951.630297328942,-0.739505248160155,-2.5999999999999996,1.0,-3.6,-458.7489448897668,1.0,0.0
147860,T6,T3,331,18,2024-04-12,Hume FC,Moreland Blues FC,0,2,4,0.4807692307692308,0.8198198198198198,0.8119621458123116,0.8535559719115617,3.8,4.8,5.4,4.4,0.4,2.4,3.8,4.8,0.019230769230769232,0.10810810810810811,0.6,0.8,1544.732098162334,1835.8519977217497,-0.04159382609925011,-1.0,1.0,-2.0,-291.11989955941567,7.0,0.14285714285714285
147863,T5,T4,20,355,2024-04-19,Western United FC,Western City FC ,1,5,4,0.37362637362637363,0.36363636363636365,0.11405072375140665,0.11405072375140665,4.2,2.8,7.2,6.4,-1.0,-1.6,4.2,2.8,0.02197802197802198,0.0,0.8,0.4,1394.2597526030163,1490.7514290884567,0.0,1.4000000000000004,0.7999999999999998,0.6000000000000001,-96.4916764854404,1.0,0.0
147864,T1,T7,19,17,2024-04-19,Altona Knights FC,Fitzroy FC,0,2,5,0.3626373626373626,0.8928571428571429,0.3100220098960511,1.0,3.2,6.6,6.0,5.0,-0.8,3.6,3.2,6.6,0.02197802197802198,0.13392857142857142,0.2,1.0,1446.3805737283046,1953.7602206796607,-0.6899779901039489,-3.3999999999999995,1.0,-4.4,-507.3796469513561,12.0,0.08333333333333333
147862,T2,T3,22,18,2024-04-19,FC Carlton Heart,Moreland Blues FC,0,4,7,0.4,0.8214285714285714,0.42948323826410395,0.8859492762485933,3.4,4.6,7.8,4.4,-2.4,2.2,3.4,4.6,0.05,0.10714285714285714,0.6,0.8,1480.2204852487312,1840.896786530066,-0.45646603798448937,-1.1999999999999997,3.3999999999999995,-4.6,-360.6763012813349,14.0,0.07142857142857142
147866,T5,T7,331,19,2024-04-26,Hume FC,Altona Knights FC,0,4,6,0.4716981132075472,0.358695652173913,0.5435339620155106,0.24144538407641547,3.4,3.0,5.6,6.2,-0.2,-1.2,3.4,3.0,0.018867924528301886,0.021739130434782608,0.4,0.2,1539.6873093540178,1444.7441212664226,0.30208857793909516,0.3999999999999999,-0.6000000000000005,1.0,94.94318808759522,7.0,0.5714285714285714
147867,T1,T6,18,17,2024-04-26,Moreland Blues FC,Fitzroy FC,0,1,2,0.8230088495575221,0.8938053097345132,1.0,1.0,5.4,6.8,4.4,4.8,3.0,4.0,5.4,6.8,0.10619469026548672,0.13274336283185842,1.0,1.0,1844.4625375034927,1955.3966731415428,0.0,-1.3999999999999995,-0.39999999999999947,-1.0,-110.93413563805007,15.0,0.3333333333333333
147868,T3,T4,22,20,2024-04-26,FC Carlton Heart,Western United FC,0,0,9,0.39603960396039606,0.3804347826086957,0.33448188227612685,0.3100220098960511,4.0,3.8,7.8,7.8,-1.8,-2.0,4.0,3.8,0.04950495049504951,0.021739130434782608,0.8,0.8,1476.6547342753045,1414.5925294740757,0.024459872380075742,0.20000000000000018,0.0,0.19999999999999996,62.062204801228745,10.0,0.5
147870,T2,T6,19,355,2024-05-03,Altona Knights FC,Western City FC ,0,2,3,0.3655913978494624,0.3333333333333333,0.49805986408373965,0.0,3.6,2.8,6.2,6.8,-0.6,-2.0,3.6,2.8,0.021505376344086023,0.0,0.4,0.4,1465.0107375319894,1470.4186522173973,0.49805986408373965,0.8000000000000003,-0.5999999999999996,1.4,-5.407914685407832,2.0,0.0
147871,T1,T5,17,20,2024-05-03,Fitzroy FC,Western United FC,1,8,1,0.8947368421052632,0.3870967741935484,1.0,0.5514673939724666,5.6,4.8,4.2,6.2,3.4,0.6,5.6,4.8,0.13157894736842105,0.03225806451612903,0.8,0.8,1966.454776963286,1433.4205838021437,0.4485326060275334,0.7999999999999998,-2.0,2.8,533.0341931611422,13.0,1.0
147872,T3,T7,22,331,2024-05-03,FC Carlton Heart,Hume FC,0,4,6,0.39215686274509803,0.46296296296296297,0.26049475183984505,0.33448188227612685,3.2,3.0,8.4,6.0,-3.2,-1.0,3.2,3.0,0.049019607843137254,0.018518518518518517,0.6,0.4,1457.8266799472365,1519.420693088451,-0.0739871304362818,0.20000000000000018,2.4000000000000004,-2.2,-61.59401314121442,8.0,0.25
147876,T1,T2,19,22,2024-05-10,Altona Knights FC,FC Carlton Heart,1,7,2,0.3617021276595745,0.3883495145631068,0.3878894121648539,0.11405072375140665,3.6,3.4,6.2,9.2,-0.6,-3.8,3.6,3.4,0.02127659574468085,0.04854368932038835,0.4,0.8,1449.2597610962482,1444.633841893286,0.2738386884134473,0.20000000000000018,-2.999999999999999,3.1999999999999997,4.625919202962223,13.0,0.46153846153846156
147874,T3,T5,18,355,2024-05-10,Moreland Blues FC,Western City FC ,1,7,0,0.8157894736842105,0.38461538461538464,0.6899779901039489,0.3100220098960511,4.4,2.8,4.2,6.0,2.2,-1.2,4.4,2.8,0.10526315789473684,0.0,0.8,0.4,1833.4044336817497,1486.1696286531385,0.3799559802078978,1.6000000000000005,-1.7999999999999998,3.4000000000000004,347.23480502861116,2.0,1.0
147875,T4,T6,331,17,2024-05-10,Hume FC,Fitzroy FC,0,3,8,0.4727272727272727,0.8956521739130435,0.5705167617358962,1.0,3.8,6.2,5.8,4.0,0.0,4.2,3.8,6.2,0.01818181818181818,0.13043478260869565,0.6,0.8,1532.6135311424014,1967.8765391860106,-0.42948323826410384,-2.4000000000000004,1.7999999999999998,-4.2,-435.26300804360926,8.0,0.125
147880,T7,T6,20,331,2024-05-17,Western United FC,Hume FC,0,4,6,0.3829787234042553,0.4642857142857143,0.42948323826410395,0.3554961078278221,4.2,3.4,6.8,6.6,-0.6,-1.2,4.2,3.4,0.031914893617021274,0.017857142857142856,0.6,0.4,1431.998821579419,1530.198546985023,0.07398713043628186,0.8000000000000003,0.20000000000000018,0.6,-98.19972540560411,5.0,0.4
147879,T1,T3,18,19,2024-05-17,Moreland Blues FC,Altona Knights FC,1,5,4,0.8173913043478261,0.3684210526315789,0.7585546159235846,0.6121105878351463,4.8,4.8,4.0,5.6,2.8,1.2,4.8,4.8,0.11304347826086956,0.021052631578947368,0.8,0.6,1837.2228120976547,1465.0467422317763,0.14644402808843837,0.0,-1.5999999999999996,1.5999999999999999,372.1760698658784,13.0,0.9230769230769231
147878,T4,T2,22,355,2024-05-17,FC Carlton Heart,Western City FC ,0,1,4,0.38461538461538464,0.35714285714285715,0.0,0.24144538407641547,2.8,2.0,9.8,6.4,-5.0,-2.4,2.8,2.0,0.04807692307692308,0.0,0.6,0.2,1428.846860757758,1482.3512502372334,-0.24144538407641547,0.7999999999999998,3.4000000000000004,-2.6,-53.50438947947555,2.0,1.0
147882,T1,T4,17,22,2024-05-24,Fitzroy FC,FC Carlton Heart,1,14,0,0.896551724137931,0.38095238095238093,1.0,0.0,5.8,2.2,3.8,8.6,4.0,-4.4,5.8,2.2,0.12931034482758622,0.047619047619047616,0.8,0.4,1970.291523343389,1415.2915339777185,1.0,3.5999999999999996,-4.8,8.4,554.9999893656704,14.0,1.0
147883,T6,T5,18,20,2024-05-24,Moreland Blues FC,Western United FC,0,5,6,0.8189655172413793,0.37894736842105264,0.8119621458123116,0.33448188227612685,4.8,4.6,4.4,7.0,2.4,-0.4,4.8,4.6,0.11206896551724138,0.031578947368421054,0.8,0.8,1840.5841526186464,1420.404391337054,0.4774802635361848,0.20000000000000018,-2.5999999999999996,2.8,420.1797612815924,13.0,0.8461538461538461
147884,T7,T2,355,331,2024-05-24,Western City FC ,Hume FC,1,4,3,0.4,0.47368421052631576,0.49805986408373965,0.49805986408373965,2.6,4.2,6.2,7.2,-1.6,-1.0,2.6,4.2,0.0,0.017543859649122806,0.4,0.6,1495.9065770172729,1541.792977227388,0.0,-1.6,-1.0,-0.6000000000000001,-45.8864002101152,2.0,0.5
147886,T7,T4,19,20,2024-05-31,Altona Knights FC,Western United FC,1,6,4,0.3645833333333333,0.3854166666666667,0.3878894121648539,0.5705167617358962,4.2,5.0,5.8,6.6,0.4,0.4,4.2,5.0,0.020833333333333332,0.03125,0.6,0.8,1461.6854017107846,1449.7882598452095,-0.18262734957104226,-0.7999999999999998,-0.7999999999999998,0.0,11.897141865575122,10.0,0.5
147887,T5,T2,17,355,2024-05-31,Fitzroy FC,Western City FC ,1,8,1,0.8974358974358975,0.4375,1.0,0.697911422060905,7.4,3.0,3.4,5.6,6.0,-0.6,7.4,3.0,0.13675213675213677,0.0,0.8,0.6,1971.5510589536004,1514.0075224740415,0.30208857793909505,4.4,-2.1999999999999997,6.6,457.54353647955895,2.0,1.0
147888,T6,T3,18,331,2024-05-31,Moreland Blues FC,Hume FC,1,9,2,0.811965811965812,0.46551724137931033,0.5435339620155106,0.3878894121648539,5.0,4.4,5.2,7.2,1.8,-0.8,5.0,4.4,0.1111111111111111,0.017241379310344827,0.8,0.6,1811.2002841104909,1523.6920317706195,0.15564454985065673,0.5999999999999996,-2.0,2.6,287.50825233987143,8.0,0.875
147891,T2,T3,355,20,2024-06-07,Western City FC ,Western United FC,1,8,1,0.4117647058823529,0.38144329896907214,0.5435339620155106,0.3554961078278221,2.4,4.8,6.2,7.0,-1.8,-0.2,2.4,4.8,0.0,0.030927835051546393,0.4,0.8,1511.8637619733263,1434.335929432842,0.18803785418768854,-2.4,-0.7999999999999998,-1.6,77.52783254048427,2.0,0.5
147892,T5,T4,17,19,2024-06-07,Fitzroy FC,Altona Knights FC,1,16,6,0.8983050847457628,0.3711340206185567,1.0,0.6121105878351463,8.0,5.0,3.2,5.6,6.8,1.4,8.0,5.0,0.13559322033898305,0.020618556701030927,0.8,0.8,1973.6948194543156,1477.137732123152,0.38788941216485373,3.0,-2.3999999999999995,5.4,496.55708733116353,13.0,0.9230769230769231
147890,T1,T7,18,22,2024-06-07,Moreland Blues FC,FC Carlton Heart,1,6,4,0.8135593220338984,0.37735849056603776,0.644503892172178,0.0,5.4,1.4,4.8,10.0,2.6,-6.6,5.4,1.4,0.11016949152542373,0.04716981132075472,0.8,0.2,1816.3340510315975,1414.031998367507,0.644503892172178,4.0,-5.2,9.2,402.3020526640905,15.0,0.9333333333333333
147894,T1,T6,18,17,2024-06-14,Moreland Blues FC,Fitzroy FC,0,0,1,0.8151260504201681,0.8991596638655462,0.8119621458123116,1.0,6.4,10.8,5.2,4.2,3.2,8.6,6.4,10.8,0.1092436974789916,0.13445378151260504,1.0,1.0,1819.208285645431,1975.4307585491763,-0.18803785418768837,-4.4,1.0,-5.3999999999999995,-156.22247290374526,16.0,0.3125
147895,T3,T4,22,20,2024-06-14,FC Carlton Heart,Western United FC,0,6,10,0.37383177570093457,0.37755102040816324,0.0,0.18803785418768845,2.2,3.2,9.4,8.6,-5.2,-3.4,2.2,3.2,0.04672897196261682,0.030612244897959183,0.4,0.6,1411.1577637536734,1421.8481167584519,-0.18803785418768845,-1.0,0.8000000000000007,-1.8000000000000003,-10.690353004778444,11.0,0.45454545454545453
147896,T5,T7,331,19,2024-06-14,Hume FC,Altona Knights FC,0,5,7,0.4576271186440678,0.3673469387755102,0.3020885779390951,0.3878894121648539,4.0,5.0,7.8,8.0,-1.8,-1.0,4.0,5.0,0.01694915254237288,0.02040816326530612,0.4,0.8,1518.5582648495129,1475.4017930282914,-0.08580083422575879,-1.0,-0.20000000000000018,-0.8,43.15647182122143,8.0,0.5
174671,T3,T7,20,17,2024-07-19,Western United FC,Fitzroy FC,0,1,4,0.3838383838383838,0.9,0.45646603798448954,1.0,5.0,9.4,8.2,4.0,-1.2,7.4,5.0,9.4,0.030303030303030304,0.14166666666666666,0.8,0.8,1437.3559631148494,1984.6850517404566,-0.5435339620155104,-4.4,4.199999999999999,-8.6,-547.3290886256073,14.0,0.0
174672,T1,T5,19,18,2024-07-19,Altona Knights FC,Moreland Blues FC,0,1,6,0.37373737373737376,0.8083333333333333,0.6121105878351463,0.5435339620155106,6.0,5.0,8.4,5.4,-0.4,1.6,6.0,5.0,0.020202020202020204,0.10833333333333334,1.0,0.8,1493.3790632176608,1809.9539924541507,0.06857662581963564,1.0,3.0,-2.0,-316.5749292364899,14.0,0.07142857142857142
174673,T2,T6,331,355,2024-07-19,Hume FC,Western City FC ,1,7,6,0.45,0.4444444444444444,0.1464440280884384,0.644503892172178,3.8,3.4,8.4,6.0,-2.6,-0.6,3.8,3.4,0.016666666666666666,0.0,0.4,0.6,1500.5809946601435,1524.3515746477165,-0.4980598640837396,0.3999999999999999,2.4000000000000004,-2.0,-23.770579987573,3.0,0.3333333333333333
174677,T3,T5,20,18,2024-07-26,Western United FC,Moreland Blues FC,0,1,8,0.38,0.8099173553719008,0.3554961078278221,0.644503892172178,4.4,5.2,7.8,4.8,-1.4,2.4,4.4,5.2,0.03,0.10743801652892562,0.6,0.8,1436.0418987208354,1814.4068537973267,-0.28900778434435587,-0.7999999999999998,3.0,-3.8,-378.36495507649124,14.0,0.21428571428571427
174675,T1,T2,19,331,2024-07-26,Altona Knights FC,Hume FC,1,4,3,0.37,0.45901639344262296,0.3878894121648539,0.4240727336474578,4.8,4.6,9.2,8.0,-2.4,-1.4,4.8,4.6,0.02,0.01639344262295082,0.8,0.6,1488.9262018744848,1517.6739654860594,-0.03618332148260389,0.20000000000000018,1.1999999999999993,-1.0,-28.747763611574555,9.0,0.5555555555555556
174676,T4,T6,16,355,2024-07-26,Pascoe Vale FC,Western City FC ,1,8,1,0.3,0.42105263157894735,0.1464440280884384,0.5019401359162605,3.0,4.6,9.2,6.0,-4.2,0.6,3.0,4.6,0.016666666666666666,0.0,0.2,0.8,1362.132800585491,1507.2586038218005,-0.35549610782782215,-1.5999999999999996,3.1999999999999993,-4.8,-145.1258032363096,0.0,0.5
174681,T4,T2,16,331,2024-08-02,Pascoe Vale FC,Hume FC,0,1,4,0.3114754098360656,0.45161290322580644,0.4240727336474578,0.24144538407641547,4.4,4.0,6.0,8.0,0.4,-2.0,4.4,4.0,0.01639344262295082,0.016129032258064516,0.4,0.4,1384.452733348417,1500.353095055592,0.18262734957104232,0.40000000000000036,-2.0,2.4,-115.90036170717485,0.0,0.5
174680,T7,T6,17,355,2024-08-02,Fitzroy FC,Western City FC ,1,5,3,0.9008264462809917,0.4,1.0,0.3020885779390951,8.6,4.0,3.6,7.4,7.0,-1.4,8.6,4.0,0.14049586776859505,0.0,0.8,0.6,1985.9991161344706,1484.9386710588744,0.6979114220609048,4.6,-3.8000000000000003,8.4,501.06044507559614,3.0,1.0
174679,T1,T3,19,20,2024-08-02,Altona Knights FC,Western United FC,0,3,5,0.37623762376237624,0.37623762376237624,0.6121105878351463,0.18803785418768845,4.8,3.4,8.8,8.4,-2.0,-3.0,4.8,3.4,0.019801980198019802,0.0297029702970297,0.8,0.4,1506.2470723049523,1432.7862325940384,0.4240727336474578,1.4,0.40000000000000036,1.0,73.46083971091389,11.0,0.5454545454545454
174683,T6,T5,355,18,2024-08-09,Western City FC ,Moreland Blues FC,0,2,3,0.38095238095238093,0.8114754098360656,0.1464440280884384,0.8119621458123116,3.8,5.8,7.8,3.8,-2.0,4.0,3.8,5.8,0.0,0.10655737704918032,0.4,0.8,1483.2448036711007,1817.6625199241237,-0.6655181177238733,-2.0,4.0,-6.0,-334.41771625302295,3.0,0.0
174684,T7,T2,17,331,2024-08-09,Fitzroy FC,Hume FC,1,6,1,0.9016393442622951,0.4603174603174603,1.0,0.49805986408373965,6.8,4.2,4.2,7.4,4.6,-1.2,6.8,4.2,0.13934426229508196,0.015873015873015872,0.8,0.6,1987.6929835222443,1511.2052372783653,0.5019401359162603,2.5999999999999996,-3.2,5.8,476.487746243879,9.0,0.8888888888888888
174685,T1,T4,19,16,2024-08-09,Altona Knights FC,Pascoe Vale FC,0,4,11,0.37254901960784315,0.3064516129032258,0.3878894121648539,0.24144538407641547,4.2,3.0,9.0,6.4,-2.8,-1.4,4.2,3.0,0.0196078431372549,0.016129032258064516,0.6,0.2,1486.9136032477675,1373.6005911256436,0.14644402808843843,1.2000000000000002,2.5999999999999996,-1.4,113.31301212212384,5.0,0.8
174687,T6,T3,355,20,2024-08-16,Western City FC ,Western United FC,0,3,9,0.36363636363636365,0.38235294117647056,0.11405072375140665,0.45646603798448954,4.0,3.6,6.8,7.8,-0.8,-2.2,4.0,3.6,0.0,0.029411764705882353,0.4,0.4,1479.171266850999,1452.1197016512233,-0.3424153142330829,0.3999999999999999,-1.0,1.4000000000000001,27.051565199775723,3.0,0.6666666666666666
174688,T5,T2,18,331,2024-08-16,Moreland Blues FC,Hume FC,1,4,2,0.8130081300813008,0.453125,0.8535559719115617,0.3878894121648539,4.6,4.0,3.8,6.8,2.8,-0.8,4.6,4.0,0.10569105691056911,0.015625,0.6,0.6,1821.7360567442254,1509.269563739992,0.46566655974670784,0.5999999999999996,-3.0,3.5999999999999996,312.46649300423337,9.0,0.8888888888888888
174689,T7,T4,17,16,2024-08-16,Fitzroy FC,Pascoe Vale FC,1,4,3,0.9024390243902439,0.31746031746031744,1.0,0.49805986408373965,6.4,4.6,4.2,5.6,4.2,1.0,6.4,4.6,0.13821138211382114,0.015873015873015872,0.8,0.4,1989.6286570606176,1394.641376768374,0.5019401359162603,1.8000000000000007,-1.3999999999999995,3.2,594.9872802922437,8.0,1.0
174692,T2,T3,331,20,2024-08-23,Hume FC,Western United FC,0,1,6,0.4461538461538462,0.3883495145631068,0.3020885779390951,0.6655181177238731,3.4,5.2,6.2,6.8,-0.8,0.4,3.4,5.2,0.015384615384615385,0.02912621359223301,0.4,0.6,1504.7252700790184,1469.3629609515524,-0.36342953978477804,-1.8000000000000003,-0.5999999999999996,-1.2000000000000002,35.362309127466006,6.0,0.6666666666666666
174693,T5,T4,18,16,2024-08-23,Moreland Blues FC,Pascoe Vale FC,1,4,3,0.8145161290322581,0.3125,0.8859492762485933,0.3878894121648539,4.2,4.6,3.4,4.6,2.8,2.0,4.2,4.6,0.10483870967741936,0.015625,0.6,0.4,1826.280350405199,1393.6326552356738,0.4980598640837394,-0.39999999999999947,-1.1999999999999997,0.7999999999999998,432.64769516952515,8.0,0.875
174691,T1,T7,19,17,2024-08-23,Altona Knights FC,Fitzroy FC,0,3,12,0.36893203883495146,0.9032258064516129,0.3020885779390951,1.0,3.8,4.0,8.0,3.6,-2.2,2.4,3.8,4.0,0.019417475728155338,0.13709677419354838,0.6,0.8,1465.8728176050372,1990.6373785933176,-0.6979114220609048,-0.20000000000000018,4.4,-4.6,-524.7645609882804,14.0,0.07142857142857142
174695,T1,T6,19,355,2024-08-30,Altona Knights FC,Western City FC ,0,4,6,0.36538461538461536,0.34782608695652173,0.1464440280884384,0.0,3.0,3.0,9.4,8.4,-4.4,-3.4,3.0,3.0,0.019230769230769232,0.0,0.4,0.2,1464.3849602259272,1461.92800755067,0.1464440280884384,0.0,1.0,-1.0000000000000004,2.4569526752572983,3.0,0.0
174696,T3,T4,20,16,2024-08-30,Western United FC,Pascoe Vale FC,1,3,2,0.3942307692307692,0.3076923076923077,0.7395052481601551,0.3020885779390951,4.4,5.2,5.8,5.4,0.6,1.8,4.4,5.2,0.028846153846153848,0.015384615384615385,0.6,0.4,1486.985855289877,1391.1838418707862,0.43741667022105996,-0.7999999999999998,0.39999999999999947,-1.2000000000000002,95.80201341909083,8.0,0.75
174697,T5,T7,18,17,2024-08-30,Moreland Blues FC,Fitzroy FC,0,1,5,0.816,0.904,1.0,1.0,5.0,6.2,3.8,4.2,3.2,4.0,5.0,6.2,0.104,0.136,0.8,1.0,1828.7291637700866,1992.1252359724276,0.0,-1.2000000000000002,-0.40000000000000036,-0.7999999999999998,-163.39607220234097,17.0,0.29411764705882354
174699,T3,T7,17,20,2024-09-06,Fitzroy FC,Western United FC,1,4,2,0.9047619047619048,0.4,1.0,0.8859492762485933,6.4,4.8,4.2,5.4,4.2,1.4,6.4,4.8,0.1349206349206349,0.02857142857142857,1.0,0.6,2001.1102764048371,1498.6825253355264,0.11405072375140668,1.6000000000000005,-1.2000000000000002,2.8000000000000003,502.4277510693107,15.0,1.0
174700,T1,T5,18,19,2024-09-06,Moreland Blues FC,Altona Knights FC,1,6,1,0.8095238095238095,0.3619047619047619,0.6899779901039489,0.11405072375140665,4.0,3.6,4.6,9.4,1.4,-3.8,4.0,3.6,0.10317460317460317,0.01904761904761905,0.6,0.6,1819.7441233376771,1448.2718152599111,0.5759272663525422,0.3999999999999999,-4.800000000000001,5.199999999999999,371.472308077766,15.0,0.9333333333333333
174701,T2,T6,355,331,2024-09-06,Western City FC ,Hume FC,0,2,6,0.375,0.4393939393939394,0.3100220098960511,0.1464440280884384,3.0,2.2,7.8,6.2,-2.8,-2.0,3.0,2.2,0.0,0.015151515151515152,0.2,0.2,1478.041152516686,1487.1023757406938,0.1635779818076127,0.7999999999999998,1.5999999999999996,-0.7999999999999998,-9.06122322400779,4.0,0.5
174705,T3,T5,18,20,2024-09-13,Moreland Blues FC,Western United FC,0,2,3,0.8110236220472441,0.39622641509433965,0.7585546159235846,0.6899779901039489,3.6,5.0,4.6,4.6,1.0,2.4,3.6,5.0,0.10236220472440945,0.02830188679245283,0.6,0.6,1823.1176703669669,1497.0012400618295,0.06857662581963575,-1.4,0.0,-1.4,326.1164303051373,15.0,0.8
174703,T4,T6,355,16,2024-09-13,Western City FC ,Pascoe Vale FC,0,1,8,0.36,0.30303030303030304,0.24144538407641547,0.1464440280884384,3.2,4.0,7.4,5.8,-2.2,0.2,3.2,4.0,0.0,0.015151515151515152,0.2,0.2,1462.4583426829747,1379.4871718251368,0.09500135598797707,-0.7999999999999998,1.6000000000000005,-2.4000000000000004,82.97117085783793,1.0,0.0
174704,T1,T2,331,19,2024-09-13,Hume FC,Altona Knights FC,0,4,6,0.44776119402985076,0.3584905660377358,0.4240727336474578,0.0,2.8,3.0,5.8,10.0,-1.0,-5.0,2.8,3.0,0.014925373134328358,0.018867924528301886,0.4,0.4,1502.685185574405,1444.8982682306214,0.4240727336474578,-0.20000000000000018,-4.2,4.0,57.78691734378367,10.0,0.4
174708,T4,T2,331,16,2024-09-20,Hume FC,Pascoe Vale FC,0,2,7,0.4411764705882353,0.31343283582089554,0.24144538407641547,0.4240727336474578,2.8,5.4,6.8,5.2,-2.0,2.2,2.8,5.4,0.014705882352941176,0.014925373134328358,0.4,0.4,1484.0482705785125,1399.2371181343024,-0.18262734957104232,-2.6000000000000005,1.5999999999999996,-4.2,84.81115244421017,1.0,1.0
174709,T7,T6,355,17,2024-09-20,Western City FC ,Fitzroy FC,0,1,4,0.34615384615384615,0.905511811023622,0.18803785418768845,1.0,2.8,6.2,8.0,4.0,-3.2,4.2,2.8,6.2,0.0,0.13385826771653545,0.2,1.0,1442.7083963738091,2002.791561678534,-0.8119621458123115,-3.4000000000000004,4.0,-7.4,-560.0831653047248,4.0,0.0
174707,T1,T3,20,19,2024-09-20,Western United FC,Altona Knights FC,0,3,4,0.40186915887850466,0.3644859813084112,0.7585546159235846,0.3100220098960511,4.6,3.6,4.4,9.8,2.2,-4.2,4.6,3.6,0.028037383177570093,0.018691588785046728,0.4,0.6,1524.7547777509649,1463.535183226514,0.44853260602753353,0.9999999999999996,-5.4,6.4,61.21959452445094,12.0,0.5
174713,T1,T4,16,19,2024-09-27,Pascoe Vale FC,Altona Knights FC,1,8,7,0.3235294117647059,0.37037037037037035,0.5514673939724666,0.5514673939724666,4.6,3.6,4.8,8.2,1.8,-2.6,4.6,3.6,0.014705882352941176,0.018518518518518517,0.4,0.6,1419.0670442477729,1482.325630164042,0.0,0.9999999999999996,-3.3999999999999995,4.4,-63.25858591626911,6.0,0.3333333333333333
174711,T7,T2,331,17,2024-09-27,Hume FC,Fitzroy FC,0,3,6,0.43478260869565216,0.90625,0.18803785418768845,1.0,3.0,5.8,7.0,4.0,-2.0,3.8,3.0,5.8,0.014492753623188406,0.1328125,0.4,1.0,1464.218344465042,2004.016165849279,-0.8119621458123115,-2.8,3.0,-5.8,-539.7978213842371,10.0,0.1
174712,T6,T5,18,355,2024-09-27,Moreland Blues FC,Western City FC ,1,8,4,0.8046875,0.3333333333333333,0.5019401359162605,0.1464440280884384,3.4,2.6,4.8,8.2,0.6,-3.6,3.4,2.6,0.1015625,0.0,0.6,0.2,1795.3641326778315,1441.483792203064,0.35549610782782215,0.7999999999999998,-3.3999999999999995,4.2,353.88034047476754,4.0,1.0
174715,T6,T3,20,355,2024-10-04,Western United FC,Western City FC ,1,4,2,0.39814814814814814,0.32142857142857145,0.5019401359162605,0.11405072375140665,3.4,2.8,4.6,8.0,0.8,-3.2,3.4,2.8,0.027777777777777776,0.0,0.2,0.4,1505.9643308134368,1437.7921934431147,0.38788941216485384,0.6000000000000001,-3.4000000000000004,4.0,68.17213737032216,4.0,0.5
174716,T5,T2,331,18,2024-10-04,Hume FC,Moreland Blues FC,0,2,5,0.42857142857142855,0.8062015503875969,0.1464440280884384,0.6121105878351463,3.2,4.2,7.4,5.2,-2.2,1.0,3.2,4.2,0.014285714285714285,0.10077519379844961,0.4,0.6,1462.8485501493033,1799.0557314377809,-0.4656665597467079,-1.0,2.2,-3.2,-336.2071812884776,10.0,0.1
174717,T7,T4,16,17,2024-10-04,Pascoe Vale FC,Fitzroy FC,0,3,10,0.3333333333333333,0.9069767441860465,0.7395052481601551,1.0,5.6,6.2,5.4,4.0,2.2,4.2,5.6,6.2,0.014492753623188406,0.13178294573643412,0.6,1.0,1437.9484400085175,2005.3859601650179,-0.26049475183984494,-0.6000000000000005,1.4000000000000004,-2.0,-567.4375201565003,9.0,0.0
174719,Bye,T3,20,331,2024-10-11,Western United FC,Hume FC,0,5,9,0.4036697247706422,0.4225352112676056,0.6121105878351463,0.11405072375140665,3.0,3.4,4.8,7.2,0.2,-1.8,3.0,3.4,0.027522935779816515,0.014084507042253521,0.2,0.4,1518.864566852053,1458.8114928011516,0.4980598640837396,-0.3999999999999999,-2.4000000000000004,2.0,60.05307405090139,7.0,0.42857142857142855
174720,T1,T7,17,19,2024-10-11,Fitzroy FC,Altona Knights FC,1,6,3,0.9076923076923077,0.3669724770642202,1.0,0.42948323826410395,5.8,4.4,4.0,7.4,3.8,-1.0,5.8,4.4,0.13076923076923078,0.01834862385321101,1.0,0.8,2006.5616677383973,1463.4442344032973,0.570516761735896,1.3999999999999995,-3.4000000000000004,4.8,543.1174333351,15.0,0.9333333333333333
174721,T5,T4,16,18,2024-10-11,Pascoe Vale FC,Moreland Blues FC,0,3,7,0.32857142857142857,0.8076923076923077,0.5759272663525423,0.697911422060905,5.6,4.4,6.6,5.0,1.0,1.4,5.6,4.4,0.014285714285714285,0.1,0.6,0.6,1436.772732435138,1803.0927887859325,-0.12198415570836263,1.1999999999999993,1.5999999999999996,-0.3999999999999999,-366.3200563507944,9.0,0.1111111111111111
174724,T3,T4,16,20,2024-10-18,Pascoe Vale FC,Western United FC,1,4,2,0.323943661971831,0.4,0.44853260602753353,0.3878894121648539,5.8,3.4,7.4,6.2,0.4,-0.8,5.8,3.4,0.014084507042253521,0.02727272727272727,0.6,0.4,1433.3086252297553,1500.1262365133732,0.060643193862679634,2.4,1.2000000000000002,1.2000000000000002,-66.81761128361791,9.0,0.2222222222222222
174725,T5,T7,17,18,2024-10-18,Fitzroy FC,Moreland Blues FC,1,4,3,0.9083969465648855,0.8091603053435115,1.0,0.8535559719115617,6.0,5.6,4.4,4.6,3.6,3.0,6.0,5.6,0.1297709923664122,0.09923664122137404,1.0,0.8,2007.9066245802842,1806.5568959913153,0.14644402808843826,0.40000000000000036,-0.1999999999999993,0.6000000000000001,201.3497285889689,18.0,0.7222222222222222
174723,T1,T6,355,19,2024-10-18,Western City FC ,Altona Knights FC,0,4,6,0.3103448275862069,0.36363636363636365,0.0,0.33448188227612685,2.0,4.2,8.0,7.4,-4.0,-1.2,2.0,4.2,0.0,0.01818181818181818,0.2,0.6,1424.8919574044985,1462.0992775614104,-0.33448188227612685,-2.2,0.5999999999999996,-2.8,-37.20732015691192,4.0,1.0
174727,T3,T7,20,17,2024-10-25,Western United FC,Fitzroy FC,0,2,6,0.3963963963963964,0.9090909090909091,0.3020885779390951,1.0,3.4,6.0,6.2,4.6,-0.8,3.4,3.4,6.0,0.02702702702702703,0.12878787878787878,0.4,1.0,1481.0865545955376,2015.5494318910582,-0.6979114220609048,-2.6,1.6000000000000005,-4.2,-534.4628772955207,16.0,0.0
174728,T2,T6,331,355,2024-10-25,Hume FC,Western City FC ,0,5,6,0.4305555555555556,0.3,0.3100220098960511,0.0,4.0,2.4,7.8,8.0,-1.8,-3.6,4.0,2.4,0.013888888888888888,0.0,0.4,0.4,1477.5498231398315,1410.5988974322452,0.3100220098960511,1.6,-0.20000000000000018,1.8,66.9509257075863,5.0,0.6
174729,T1,T5,19,18,2024-10-25,Altona Knights FC,Moreland Blues FC,0,3,14,0.36936936936936937,0.803030303030303,0.5705167617358962,0.5759272663525423,5.2,5.0,7.0,5.2,0.2,1.8,5.2,5.0,0.018018018018018018,0.09848484848484848,0.8,0.6,1476.3923375336637,1798.9140886805412,-0.005410504616646161,0.20000000000000018,1.7999999999999998,-1.6,-322.5217511468775,16.0,0.0625
174731,T4,T6,16,355,2024-11-01,Pascoe Vale FC,Western City FC ,1,5,4,0.3333333333333333,0.3225806451612903,0.5705167617358962,0.3100220098960511,5.0,3.4,7.6,7.4,-0.6,-2.0,5.0,3.4,0.013888888888888888,0.0,0.6,0.6,1452.348307147591,1429.6444966901606,0.26049475183984505,1.6,0.1999999999999993,1.4,22.703810457430336,2.0,1.0
174732,T1,T2,19,331,2024-11-01,Altona Knights FC,Hume FC,0,0,7,0.36607142857142855,0.4246575342465753,0.3554961078278221,0.24144538407641547,4.6,4.2,9.0,7.8,-2.4,-1.6,4.6,4.2,0.017857142857142856,0.0136986301369863,0.6,0.4,1472.0690844097921,1458.504223881916,0.11405072375140662,0.39999999999999947,1.2000000000000002,-0.7999999999999998,13.564860527876135,11.0,0.6363636363636364
174733,T3,T5,20,18,2024-11-01,Western United FC,Moreland Blues FC,0,1,4,0.39285714285714285,0.8045112781954887,0.1464440280884384,0.7585546159235846,3.2,7.4,7.0,5.2,-1.8,4.2,3.2,7.4,0.026785714285714284,0.09774436090225563,0.4,0.8,1479.6759239013234,1803.2373418044128,-0.6121105878351463,-4.2,1.7999999999999998,-6.0,-323.5614179030895,16.0,0.25
174737,T4,T2,16,331,2024-11-08,Pascoe Vale FC,Hume FC,1,5,4,0.3424657534246575,0.43243243243243246,0.6655181177238731,0.49805986408373965,4.6,5.2,8.0,6.4,-1.4,0.8,4.6,5.2,0.0136986301369863,0.02702702702702703,0.6,0.6,1467.3042437366514,1475.128591577238,0.1674582536401335,-0.6000000000000005,1.5999999999999996,-2.2,-7.824347840586597,2.0,0.5
174735,T1,T3,19,20,2024-11-08,Altona Knights FC,Western United FC,0,2,5,0.36283185840707965,0.3893805309734513,0.18803785418768845,0.11405072375140665,3.8,2.8,9.8,7.0,-4.0,-2.2,3.8,2.8,0.017699115044247787,0.02654867256637168,0.4,0.4,1455.4447167144701,1475.375000169106,0.0739871304362818,1.0,2.8000000000000007,-1.7999999999999998,-19.930283454635855,13.0,0.5384615384615384
174736,T7,T6,17,355,2024-11-08,Fitzroy FC,Western City FC ,1,7,5,0.9097744360902256,0.3125,1.0,0.24144538407641547,6.4,4.0,4.8,7.6,3.6,-1.6,6.4,4.0,0.12781954887218044,0.0,1.0,0.8,2016.9600625852725,1414.6885601011002,0.7585546159235845,2.4000000000000004,-2.8,5.2,602.2715024841723,5.0,1.0
174741,T7,T2,17,331,2024-11-15,Fitzroy FC,Hume FC,1,4,1,0.9104477611940298,0.4266666666666667,1.0,0.3878894121648539,6.6,5.4,5.2,6.2,3.4,1.2,6.6,5.4,0.12686567164179105,0.02666666666666667,1.0,0.8,2017.928615326615,1458.768327945324,0.612110587835146,1.1999999999999993,-1.0,2.2,559.160287381291,11.0,0.9090909090909091
174740,T6,T5,355,18,2024-11-15,Western City FC ,Moreland Blues FC,0,4,9,0.30303030303030304,0.8059701492537313,0.18803785418768845,0.8119621458123116,4.2,6.6,7.4,4.6,-1.2,4.0,4.2,6.6,0.0,0.09701492537313433,0.8,0.8,1413.7200073597576,1807.5382655366302,-0.6239242916246232,-2.3999999999999995,2.8000000000000007,-5.2,-393.81825817687263,5.0,0.0
174739,T1,T4,19,16,2024-11-15,Altona Knights FC,Pascoe Vale FC,0,3,6,0.35964912280701755,0.35135135135135137,0.1464440280884384,0.7395052481601551,2.8,4.0,9.2,7.4,-4.4,-1.4,2.8,4.0,0.017543859649122806,0.013513513513513514,0.2,0.6,1440.3615347719306,1483.6645073685654,-0.5930612200717167,-1.2000000000000002,1.799999999999999,-3.0000000000000004,-43.302972596634845,7.0,0.5714285714285714
174743,T5,T2,18,331,2024-11-22,Moreland Blues FC,Hume FC,1,5,4,0.8074074074074075,0.42105263157894735,0.8535559719115617,0.3020885779390951,7.4,5.2,5.0,6.0,4.4,1.2,7.4,5.2,0.0962962962962963,0.02631578947368421,0.8,0.8,1810.5428454515484,1457.5374516460936,0.5514673939724666,2.2,-1.0,3.2,353.0053938054548,11.0,0.9090909090909091
174744,T6,T3,355,20,2024-11-22,Western City FC ,Western United FC,1,5,2,0.29411764705882354,0.39473684210526316,0.1464440280884384,0.3100220098960511,4.6,3.0,8.4,7.0,-1.8,-2.0,4.6,3.0,0.0,0.02631578947368421,1.0,0.4,1410.7154274448394,1490.4581821116456,-0.1635779818076127,1.5999999999999996,1.4000000000000004,0.19999999999999996,-79.74275466680615,5.0,0.4
174745,T7,T4,17,16,2024-11-22,Fitzroy FC,Pascoe Vale FC,1,5,1,0.9111111111111111,0.36,1.0,0.8859492762485933,5.4,4.6,4.8,6.0,2.6,0.6,5.4,4.6,0.1259259259259259,0.013333333333333334,1.0,0.8,2019.1594916258455,1497.680593949046,0.11405072375140668,0.8000000000000007,-1.2000000000000002,2.0,521.4788976767995,10.0,1.0
174747,T1,T7,19,17,2024-11-29,Altona Knights FC,Fitzroy FC,0,2,10,0.3565217391304348,0.9117647058823529,0.11405072375140665,1.0,2.8,5.2,9.2,4.4,-4.4,2.8,2.8,5.2,0.017391304347826087,0.125,0.2,1.0,1426.34544819145,2020.6744129406854,-0.8859492762485933,-2.4000000000000004,4.799999999999999,-7.2,-594.3289647492354,16.0,0.0625
174748,T2,T3,331,20,2024-11-29,Hume FC,Western United FC,1,4,0,0.4155844155844156,0.391304347826087,0.1464440280884384,0.24144538407641547,4.2,2.4,6.0,6.2,0.2,-1.8,4.2,2.4,0.025974025974025976,0.02608695652173913,0.8,0.2,1453.8293728418425,1470.8490457911703,-0.09500135598797707,1.8000000000000003,-0.20000000000000018,2.0,-17.01967294932774,8.0,0.625
174749,T5,T4,18,16,2024-11-29,Moreland Blues FC,Pascoe Vale FC,1,4,3,0.8088235294117647,0.35526315789473684,0.8859492762485933,0.6899779901039489,7.0,4.2,5.2,5.6,3.8,0.6,7.0,4.2,0.09558823529411764,0.013157894736842105,0.8,0.8,1814.2509242557994,1496.165672634206,0.19597128614464443,2.8,-0.39999999999999947,3.1999999999999997,318.08525162159344,10.0,0.9
174752,T3,T4,20,16,2024-12-06,Western United FC,Pascoe Vale FC,1,4,3,0.3879310344827586,0.35064935064935066,0.18803785418768845,0.44853260602753353,2.0,4.0,6.2,6.0,-2.2,0.0,2.0,4.0,0.02586206896551724,0.012987012987012988,0.2,0.6,1454.065887230582,1491.7460334581597,-0.26049475183984505,-2.0,0.20000000000000018,-2.2,-37.68014622757778,10.0,0.7
174753,T1,T6,19,355,2024-12-06,Altona Knights FC,Western City FC ,1,4,1,0.35344827586206895,0.3142857142857143,0.0,0.4240727336474578,2.0,4.8,10.4,7.6,-6.4,-0.8,2.0,4.8,0.017241379310344827,0.0,0.0,1.0,1425.3330179580048,1430.3245637653147,-0.4240727336474578,-2.8,2.8000000000000007,-5.6000000000000005,-4.991545807309876,5.0,0.2
174751,T5,T7,18,17,2024-12-06,Moreland Blues FC,Fitzroy FC,0,2,5,0.8102189781021898,0.9124087591240876,1.0,1.0,7.2,6.4,5.0,4.2,4.2,4.2,7.2,6.4,0.0948905109489051,0.12408759124087591,1.0,1.0,1818.6705634318457,2021.6868431741307,0.0,0.7999999999999998,0.7999999999999998,0.0,-203.01627974228495,19.0,0.2631578947368421
215797,T1,T5,17,331,2025-01-31,Fitzroy FC,Hume FC,1,4,0,0.9130434782608695,0.4230769230769231,1.0,0.4240727336474578,6.2,4.0,4.2,4.8,4.0,1.2,6.2,4.0,0.12318840579710146,0.038461538461538464,1.0,0.8,2029.2739813532166,1470.612531402431,0.5759272663525422,2.2,-0.5999999999999996,2.8,558.6614499507857,12.0,0.9166666666666666
215798,T3,T7,18,22,2025-01-31,Moreland Blues FC,FC Carlton Heart,1,11,0,0.8043478260869565,0.37037037037037035,0.6899779901039489,0.0,4.8,2.6,5.4,10.2,1.4,-5.6,4.8,2.6,0.09420289855072464,0.046296296296296294,0.8,0.4,1811.0834252527598,1395.6499173972759,0.6899779901039489,2.1999999999999997,-4.799999999999999,7.0,415.43350785548387,16.0,0.9375
215799,T2,T6,20,19,2025-01-31,Western United FC,Altona Knights FC,1,6,6,0.39316239316239315,0.358974358974359,0.45646603798448954,0.3100220098960511,2.4,2.2,5.6,7.8,-1.2,-3.6,2.4,2.2,0.02564102564102564,0.017094017094017096,0.4,0.2,1471.7943507411965,1441.5628713232181,0.14644402808843843,0.19999999999999973,-2.2,2.4000000000000004,30.231479417978335,14.0,0.5
215801,T1,T2,20,22,2025-02-07,Western United FC,FC Carlton Heart,1,10,3,0.3983050847457627,0.3669724770642202,0.6655181177238731,0.0,3.4,2.2,6.0,11.0,-0.6,-6.8,3.4,2.2,0.025423728813559324,0.045871559633027525,0.6,0.4,1486.405642669607,1392.9673979670956,0.6655181177238731,1.1999999999999997,-5.0,6.2,93.43824470251138,12.0,0.5833333333333334
215802,T4,T6,16,19,2025-02-07,Pascoe Vale FC,Altona Knights FC,1,9,2,0.34615384615384615,0.3559322033898305,0.26049475183984505,0.24144538407641547,3.6,3.4,6.0,7.6,-0.4,-2.2,3.6,3.4,0.01282051282051282,0.01694915254237288,0.4,0.4,1474.017569947545,1426.9515793948076,0.01904936776342958,0.20000000000000018,-1.5999999999999996,1.8000000000000003,47.0659905527375,8.0,0.5
215803,T3,T5,18,331,2025-02-07,Moreland Blues FC,Hume FC,1,9,0,0.8057553956834532,0.4177215189873418,0.7585546159235846,0.24144538407641547,6.2,2.6,5.2,5.6,3.0,-1.0,6.2,2.6,0.10071942446043165,0.0379746835443038,0.8,0.6,1813.76594468294,1469.3782520405064,0.5171092318471692,3.6,-0.39999999999999947,4.0,344.38769264243365,12.0,0.9166666666666666
215807,T4,T2,16,22,2025-02-14,Pascoe Vale FC,FC Carlton Heart,1,16,8,0.35443037974683544,0.36363636363636365,0.4240727336474578,0.0,4.4,2.6,5.6,12.2,0.8,-7.6,4.4,2.6,0.012658227848101266,0.045454545454545456,0.4,0.4,1487.8632629688268,1381.1695632396904,0.4240727336474578,1.8000000000000003,-6.6,8.4,106.69369972913637,6.0,0.3333333333333333
215805,T7,T6,17,19,2025-02-14,Fitzroy FC,Altona Knights FC,1,15,1,0.9136690647482014,0.35294117647058826,1.0,0.18803785418768845,5.6,3.4,3.2,8.4,4.4,-3.0,5.6,3.4,0.12949640287769784,0.01680672268907563,1.0,0.4,2030.5082607151412,1413.105886373526,0.8119621458123115,2.1999999999999997,-5.2,7.4,617.4023743416153,17.0,0.9411764705882353
215806,T1,T3,331,20,2025-02-14,Hume FC,Western United FC,0,1,7,0.4125,0.40336134453781514,0.18803785418768845,0.7395052481601551,1.8,4.4,6.4,6.2,-2.6,0.2,1.8,4.4,0.0375,0.025210084033613446,0.4,0.6,1465.5044157084324,1498.2034773970122,-0.5514673939724666,-2.6000000000000005,0.20000000000000018,-2.8000000000000003,-32.69906168857983,9.0,0.6666666666666666
215811,T1,T4,18,19,2025-02-21,Moreland Blues FC,Altona Knights FC,1,6,0,0.8071428571428572,0.35,0.8119621458123116,0.1464440280884384,6.2,3.0,4.4,10.2,3.8,-5.2,6.2,3.0,0.10714285714285714,0.016666666666666666,0.8,0.4,1817.639781015014,1412.2158782675804,0.6655181177238733,3.2,-5.799999999999999,9.0,405.42390274743366,17.0,0.9411764705882353
215810,T7,T2,16,331,2025-02-21,Pascoe Vale FC,Hume FC,1,3,2,0.3625,0.4074074074074074,0.5514673939724666,0.1464440280884384,6.4,1.8,6.6,7.0,1.8,-3.2,6.4,1.8,0.0125,0.037037037037037035,0.4,0.4,1499.0986760875192,1451.005832719778,0.4050233658840282,4.6000000000000005,-0.40000000000000036,5.0,48.092843367741125,3.0,0.6666666666666666
215809,T6,T5,22,17,2025-02-21,FC Carlton Heart,Fitzroy FC,0,2,20,0.36036036036036034,0.9142857142857143,0.0,1.0,4.2,7.8,12.6,3.2,-6.4,6.6,4.2,7.8,0.04504504504504504,0.12857142857142856,0.6,1.0,1369.934150120998,2031.3982688210867,-1.0,-3.5999999999999996,9.399999999999999,-13.0,-661.4641187000886,15.0,0.0
215813,T5,T2,22,329,2025-02-28,FC Carlton Heart,Melbourne AKU FC,0,2,11,0.35714285714285715,0.2857142857142857,0.0,0.3100220098960511,3.8,3.6,15.4,7.8,-9.6,-2.2,3.8,3.6,0.044642857142857144,0.0,0.4,0.4,1369.2391992666455,1441.2660605480564,-0.3100220098960511,0.19999999999999973,7.6000000000000005,-7.3999999999999995,-72.0268612814109,3.0,1.0
215814,T6,T3,17,18,2025-02-28,Fitzroy FC,Moreland Blues FC,0,0,1,0.9148936170212766,0.8085106382978723,1.0,0.8535559719115617,10.8,6.4,3.4,3.6,9.4,4.8,10.8,6.4,0.1276595744680851,0.11347517730496454,1.0,0.8,2032.0932196754393,1820.467347954221,0.14644402808843826,4.4,-0.20000000000000018,4.6000000000000005,211.62587172121835,20.0,0.75
215815,T7,T4,20,16,2025-02-28,Western United FC,Pascoe Vale FC,1,2,2,0.4083333333333333,0.37037037037037035,0.8859492762485933,0.7395052481601551,5.4,6.8,5.4,6.0,2.0,2.8,5.4,6.8,0.025,0.012345679012345678,0.8,0.4,1512.7020603856665,1512.8979566864118,0.14644402808843826,-1.3999999999999995,-0.5999999999999996,-0.7999999999999998,-0.1958963007452894,11.0,0.7272727272727273
215817,T1,T7,18,20,2025-03-07,Moreland Blues FC,Western United FC,1,3,0,0.8098591549295775,0.4132231404958678,0.8859492762485933,1.0,5.8,5.8,3.0,5.0,4.8,2.8,5.8,5.8,0.11971830985915492,0.024793388429752067,0.6,0.8,1845.163332734038,1528.7110817427479,-0.11405072375140668,0.0,-2.0,2.0,316.45225099129016,17.0,0.7647058823529411
215818,T2,T3,16,17,2025-03-07,Pascoe Vale FC,Fitzroy FC,0,2,6,0.36585365853658536,0.9084507042253521,0.5759272663525423,0.6899779901039489,6.6,8.8,5.6,3.2,3.0,7.6,6.6,8.8,0.012195121951219513,0.1267605633802817,0.4,0.8,1496.8889353293305,2007.3972348956222,-0.11405072375140657,-2.200000000000001,2.3999999999999995,-4.6,-510.5082995662917,11.0,0.0
215819,T5,T4,331,329,2025-03-07,Hume FC,Melbourne AKU FC,0,1,5,0.4024390243902439,0.3181818181818182,0.11405072375140665,0.5514673939724666,1.4,5.2,6.6,7.0,-3.2,0.2,1.4,5.2,0.036585365853658534,0.0,0.2,0.6,1437.2065521208854,1453.9958162164849,-0.4374166702210599,-3.8000000000000003,-0.40000000000000036,-3.4000000000000004,-16.789264095599492,0.0,0.5
215822,T3,T4,18,16,2025-03-14,Moreland Blues FC,Pascoe Vale FC,1,6,2,0.8111888111888111,0.3614457831325301,1.0,0.44853260602753353,6.0,6.4,2.0,6.0,6.0,2.4,6.0,6.4,0.1258741258741259,0.012048192771084338,0.6,0.4,1849.6189017713707,1495.2802231330186,0.5514673939724665,-0.40000000000000036,-4.0,3.6,354.3386786383521,11.0,0.9090909090909091
215823,T1,T6,331,22,2025-03-14,Hume FC,FC Carlton Heart,1,7,7,0.39759036144578314,0.35398230088495575,0.0,0.0,0.8,3.0,7.6,15.6,-4.8,-10.6,0.8,3.0,0.03614457831325301,0.04424778761061947,0.0,0.2,1421.979125041255,1356.509443598217,0.0,-2.2,-8.0,5.8,65.46968144303787,9.0,0.7777777777777778
215821,T5,T7,17,20,2025-03-14,Fitzroy FC,Western United FC,0,6,7,0.9090909090909091,0.4098360655737705,0.7585546159235846,0.6899779901039489,9.0,5.0,3.2,5.0,7.8,2.0,9.0,5.0,0.1258741258741259,0.02459016393442623,0.8,0.6,2009.005947091934,1524.2555127054152,0.06857662581963575,4.0,-1.7999999999999998,5.8,484.7504343865189,17.0,1.0
217712,T3,T7,18,22,2025-03-21,Moreland Blues FC,FC Carlton Heart,1,11,6,0.8125,0.3508771929824561,1.0,0.0,5.0,4.4,2.4,14.8,4.6,-8.4,5.0,4.4,0.125,0.043859649122807015,0.6,0.4,1853.3018929564278,1343.4892476391176,1.0,0.5999999999999996,-12.4,13.0,509.81264531731017,17.0,0.9411764705882353
217713,T2,T6,20,329,2025-03-21,Western United FC,Melbourne AKU FC,1,4,2,0.4146341463414634,0.34782608695652173,0.7585546159235846,0.7395052481601551,5.2,5.8,5.0,5.6,2.2,2.2,5.2,5.8,0.024390243902439025,0.0,0.6,0.8,1554.4045512259788,1469.2232432961152,0.01904936776342958,-0.5999999999999996,-0.5999999999999996,0.0,85.18130792986358,3.0,0.3333333333333333
217714,T1,T5,17,331,2025-03-21,Fitzroy FC,Hume FC,1,5,3,0.9027777777777778,0.40476190476190477,0.5019401359162605,0.3100220098960511,9.4,2.2,4.6,8.2,6.8,-4.0,9.4,2.2,0.125,0.03571428571428571,0.8,0.2,1978.8569085713705,1434.9993210003545,0.1919181260202094,7.2,-3.5999999999999996,10.8,543.857587571016,13.0,0.9230769230769231
217716,T1,T2,22,20,2025-03-28,FC Carlton Heart,Western United FC,0,1,5,0.34782608695652173,0.41935483870967744,0.0,0.8119621458123116,5.0,4.0,15.0,4.8,-8.0,1.2,5.0,4.0,0.043478260869565216,0.024193548387096774,0.6,0.6,1341.8744061710095,1566.5585596469855,-0.8119621458123116,1.0,10.2,-9.2,-224.68415347597602,13.0,0.38461538461538464
217717,T3,T5,18,331,2025-03-28,Moreland Blues FC,Hume FC,1,9,1,0.8137931034482758,0.4,1.0,0.24144538407641547,5.4,2.8,3.6,7.4,3.8,-2.6,5.4,2.8,0.12413793103448276,0.03529411764705882,0.6,0.2,1854.916734424536,1433.6598430282322,0.7585546159235845,2.6000000000000005,-3.8000000000000003,6.4,421.2568913963037,13.0,0.9230769230769231
217718,T4,T6,16,329,2025-03-28,Pascoe Vale FC,Melbourne AKU FC,1,6,3,0.35714285714285715,0.3333333333333333,0.26049475183984505,0.5759272663525423,5.0,5.8,6.8,5.4,0.2,2.4,5.0,5.8,0.011904761904761904,0.0,0.2,0.8,1491.5972319479615,1457.0692348751086,-0.31543251451269727,-0.7999999999999998,1.3999999999999995,-2.1999999999999997,34.52799707285294,3.0,0.3333333333333333
217722,T4,T2,18,20,2025-04-04,Moreland Blues FC,Western United FC,1,4,3,0.815068493150685,0.424,1.0,0.8535559719115617,6.0,3.6,3.8,4.8,4.2,0.8,6.0,3.6,0.1232876712328767,0.024,0.6,0.6,1857.518009425703,1573.4475277762424,0.14644402808843826,2.4,-1.0,3.4000000000000004,284.0704816494606,18.0,0.7777777777777778
217720,T7,T6,331,329,2025-04-04,Hume FC,Melbourne AKU FC,1,5,4,0.3953488372093023,0.32,0.18803785418768845,0.44853260602753353,2.8,5.2,7.8,4.8,-3.0,2.4,2.8,5.2,0.03488372093023256,0.0,0.2,0.6,1431.0585680270651,1442.6540938212495,-0.26049475183984505,-2.4000000000000004,3.0,-5.4,-11.595525794184368,1.0,0.0
217721,T1,T3,17,16,2025-04-04,Fitzroy FC,Pascoe Vale FC,0,2,4,0.903448275862069,0.36470588235294116,0.6121105878351463,0.4240727336474578,7.4,3.0,5.0,5.8,4.4,-0.8,7.4,3.0,0.12413793103448276,0.011764705882352941,0.8,0.2,1980.1963865434927,1506.0123730018206,0.18803785418768848,4.4,-0.7999999999999998,5.2,474.18401354167213,12.0,1.0
217726,T7,T2,22,16,2025-04-11,FC Carlton Heart,Pascoe Vale FC,0,1,10,0.3448275862068966,0.37209302325581395,0.0,0.5514673939724666,3.6,3.2,12.8,5.8,-7.2,-0.6,3.6,3.2,0.04310344827586207,0.011627906976744186,0.4,0.4,1334.9854380417526,1536.0524415363345,-0.5514673939724666,0.3999999999999999,7.000000000000001,-6.6000000000000005,-201.06700349458197,7.0,0.5714285714285714
217725,T6,T5,20,331,2025-04-11,Western United FC,Hume FC,1,4,2,0.42063492063492064,0.40229885057471265,0.5759272663525423,0.45646603798448954,3.8,3.4,5.2,8.0,0.6,-2.6,3.8,3.4,0.023809523809523808,0.034482758620689655,0.6,0.4,1568.2278912357726,1447.5923635466338,0.11946122836805279,0.3999999999999999,-2.8,3.2,120.63552768913883,10.0,0.4
217724,T1,T4,17,329,2025-04-11,Fitzroy FC,Melbourne AKU FC,1,8,2,0.8972602739726028,0.3076923076923077,0.3878894121648539,0.26049475183984505,3.8,5.0,5.4,5.6,0.4,1.4,3.8,5.0,0.1232876712328767,0.0,0.6,0.6,1950.1563180089788,1426.1202983016808,0.12739466032500885,-1.2000000000000002,-0.1999999999999993,-0.9999999999999999,524.036019707298,3.0,1.0
217728,T5,T2,20,17,2025-05-02,Western United FC,Fitzroy FC,0,2,5,0.4251968503937008,0.8979591836734694,0.7585546159235846,0.6121105878351463,4.6,5.4,5.0,5.6,1.6,1.8,4.6,5.4,0.023622047244094488,0.12244897959183673,0.8,0.8,1578.8854097230367,1951.6501364006026,0.14644402808843837,-0.8000000000000007,-0.5999999999999996,-0.19999999999999996,-372.76472667756593,18.0,0.05555555555555555
217729,T6,T3,16,18,2025-05-02,Pascoe Vale FC,Moreland Blues FC,0,4,9,0.3793103448275862,0.8163265306122449,0.7395052481601551,1.0,4.8,6.6,5.6,4.4,1.2,4.2,4.8,6.6,0.011494252873563218,0.12244897959183673,0.6,0.8,1543.7047206958732,1862.7376459661727,-0.26049475183984494,-1.7999999999999998,1.1999999999999993,-3.0,-319.03292527029953,12.0,0.08333333333333333
217730,T7,T4,331,22,2025-05-02,Hume FC,FC Carlton Heart,1,6,2,0.3977272727272727,0.3418803418803419,0.3554961078278221,0.0,3.6,3.4,7.8,10.8,-2.2,-5.4,3.6,3.4,0.03409090909090909,0.042735042735042736,0.4,0.4,1436.9348450593698,1327.3331588822139,0.3554961078278221,0.20000000000000018,-3.000000000000001,3.2,109.6016861771559,10.0,0.8
217732,T5,T4,17,22,2025-05-09,Fitzroy FC,FC Carlton Heart,1,22,3,0.8986486486486487,0.3389830508474576,0.697911422060905,0.0,5.2,3.4,5.6,9.8,1.6,-4.4,5.2,3.4,0.12162162162162163,0.0423728813559322,0.8,0.4,1955.0012968267047,1316.2194818172588,0.697911422060905,1.8000000000000003,-4.200000000000001,6.0,638.7818150094458,16.0,1.0
217733,T2,T3,331,16,2025-05-09,Hume FC,Pascoe Vale FC,1,4,3,0.4044943820224719,0.375,0.49805986408373965,0.5759272663525423,3.4,5.2,6.8,6.2,-1.4,1.0,3.4,5.2,0.033707865168539325,0.011363636363636364,0.4,0.8,1448.0485221243248,1539.3058207999172,-0.07786740226880268,-1.8000000000000003,0.5999999999999996,-2.4,-91.25729867559244,4.0,0.25
217734,T1,T7,18,329,2025-05-09,Moreland Blues FC,Melbourne AKU FC,1,8,3,0.8175675675675675,0.2962962962962963,1.0,0.11405072375140665,7.8,3.2,5.2,6.8,4.6,-1.6,7.8,3.2,0.12162162162162163,0.0,1.0,0.4,1867.1365458621287,1424.626479910057,0.8859492762485933,4.6,-1.5999999999999996,6.199999999999999,442.5100659520717,3.0,1.0
217737,T1,T6,17,18,2025-05-16,Fitzroy FC,Moreland Blues FC,1,3,3,0.8993288590604027,0.8187919463087249,0.8535559719115617,1.0,8.4,8.2,4.8,5.4,5.6,4.8,8.4,8.2,0.12080536912751678,0.12080536912751678,0.8,1.0,1955.7907862849133,1869.4600202501233,-0.14644402808843826,0.20000000000000107,-0.6000000000000005,0.7999999999999998,86.33076603479003,21.0,0.7142857142857143
217738,T3,T4,20,16,2025-05-16,Western United FC,Pascoe Vale FC,0,3,4,0.421875,0.3707865168539326,0.5019401359162605,0.44853260602753353,3.6,5.4,4.8,5.8,0.8,1.6,3.6,5.4,0.0234375,0.011235955056179775,0.6,0.8,1575.5342492969346,1519.1973171621019,0.05340752988872699,-1.8000000000000003,-1.0,-0.8,56.33693213483275,12.0,0.75
217736,T5,T7,329,22,2025-05-16,Melbourne AKU FC,FC Carlton Heart,0,3,4,0.2857142857142857,0.33613445378151263,0.0,0.0,2.8,2.6,8.2,12.8,-3.4,-8.2,2.8,2.6,0.0,0.04201680672268908,0.2,0.2,1422.3030055220624,1315.4299923590502,0.0,0.19999999999999973,-4.600000000000001,4.799999999999999,106.87301316301227,4.0,0.25
228336,T3,T7,18,331,2025-05-23,Moreland Blues FC,Hume FC,1,4,0,0.8133333333333334,0.4111111111111111,0.6899779901039489,0.697911422060905,6.6,3.6,4.8,6.4,3.8,-0.8,6.6,3.6,0.12,0.03333333333333333,0.8,0.6,1857.355847967155,1468.1570257621402,-0.00793343195695606,2.9999999999999996,-1.6000000000000005,4.6,389.1988222050147,14.0,0.9285714285714286
228337,T2,T6,16,329,2025-05-23,Pascoe Vale FC,Melbourne AKU FC,1,3,2,0.37777777777777777,0.27586206896551724,0.5705167617358962,0.0,5.0,3.0,5.8,8.2,1.2,-3.2,5.0,3.0,0.011111111111111112,0.0,0.8,0.2,1537.7692272218274,1401.5308943753262,0.5705167617358962,2.0,-2.3999999999999995,4.4,136.23833284650118,4.0,0.5
228338,T1,T5,20,22,2025-05-23,Western United FC,FC Carlton Heart,1,7,1,0.4186046511627907,0.3416666666666667,0.3020885779390951,0.3100220098960511,3.4,2.2,5.2,11.2,0.2,-7.0,3.4,2.2,0.023255813953488372,0.041666666666666664,0.4,0.2,1556.962339237209,1336.2021035057865,-0.007933431956956005,1.1999999999999997,-5.999999999999999,7.2,220.76023573142265,14.0,0.6428571428571429
228340,T4,T6,22,16,2025-05-30,FC Carlton Heart,Pascoe Vale FC,0,5,9,0.33884297520661155,0.38461538461538464,0.24144538407641547,0.6655181177238731,2.2,4.8,11.6,5.8,-7.4,1.0,2.2,4.8,0.04132231404958678,0.01098901098901099,0.2,0.6,1329.190242183935,1547.7981695192034,-0.4240727336474577,-2.5999999999999996,5.8,-8.4,-218.6079273352684,8.0,0.5
228341,T1,T2,331,20,2025-05-30,Hume FC,Western United FC,1,7,0,0.4065934065934066,0.4230769230769231,0.5435339620155106,0.45646603798448954,3.4,3.8,5.4,5.2,0.0,0.6,3.4,3.8,0.03296703296703297,0.023076923076923078,0.6,0.4,1465.0792649996033,1563.9742005590606,0.0870679240310211,-0.3999999999999999,0.20000000000000018,-0.6,-98.89493555945728,11.0,0.5454545454545454
228342,T3,T5,329,17,2025-05-30,Melbourne AKU FC,Fitzroy FC,0,1,7,0.26666666666666666,0.9,0.0,0.8859492762485933,2.8,8.0,7.6,4.8,-2.8,5.2,2.8,8.0,0.0,0.12,0.2,0.6,1391.5019520779501,1967.8949585678818,-0.8859492762485933,-5.2,2.8,-8.0,-576.3930064899316,4.0,0.0
228346,T7,T6,18,329,2025-06-06,Moreland Blues FC,Melbourne AKU FC,1,14,3,0.8145695364238411,0.25806451612903225,0.7585546159235846,0.0,5.6,2.2,4.6,8.0,3.0,-3.8,5.6,2.2,0.12582781456953643,0.0,0.8,0.0,1860.4336087296917,1390.3832535195045,0.7585546159235846,3.3999999999999995,-3.4000000000000004,6.8,470.05035521018726,4.0,1.0
228344,T1,T3,17,22,2025-06-06,Fitzroy FC,FC Carlton Heart,1,14,1,0.9006622516556292,0.3360655737704918,1.0,0.18803785418768845,9.0,3.0,4.2,11.4,6.8,-6.4,9.0,3.0,0.11920529801324503,0.040983606557377046,0.8,0.4,1969.0136571263274,1322.1103061437623,0.8119621458123115,6.0,-7.2,13.2,646.9033509825651,17.0,1.0
228345,T4,T2,16,331,2025-06-06,Pascoe Vale FC,Hume FC,1,3,0,0.391304347826087,0.41304347826086957,0.7395052481601551,0.644503892172178,4.6,3.8,6.6,4.6,0.0,1.2,4.6,3.8,0.010869565217391304,0.043478260869565216,0.6,0.6,1554.878105559376,1485.5144067212289,0.0950013559879771,0.7999999999999998,2.0,-1.2,69.36369883814723,5.0,0.6
228350,T7,T2,331,22,2025-06-13,Hume FC,FC Carlton Heart,1,16,2,0.40860215053763443,0.3333333333333333,0.5019401359162605,0.1464440280884384,3.4,2.8,4.4,13.0,1.0,-8.2,3.4,2.8,0.043010752688172046,0.04065040650406504,0.6,0.4,1472.6669492577803,1321.3560268784397,0.35549610782782215,0.6000000000000001,-8.6,9.2,151.31092237934058,11.0,0.8181818181818182
228349,T1,T4,18,16,2025-06-13,Moreland Blues FC,Pascoe Vale FC,0,1,4,0.8157894736842105,0.3978494623655914,0.8119621458123116,0.8859492762485933,7.6,4.4,4.6,4.8,5.0,1.6,7.6,4.4,0.125,0.021505376344086023,0.8,0.4,1862.4377806268978,1567.7255630228246,-0.07398713043628169,3.1999999999999993,-0.20000000000000018,3.4,294.7122176040732,13.0,0.9230769230769231
228348,T6,T5,20,17,2025-06-13,Western United FC,Fitzroy FC,0,2,7,0.4198473282442748,0.9013157894736842,0.3554961078278221,1.0,3.2,10.2,5.8,4.0,-0.6,8.2,3.2,10.2,0.022900763358778626,0.11842105263157894,0.4,0.8,1543.539058837435,1969.76793639165,-0.644503892172178,-6.999999999999999,1.7999999999999998,-8.799999999999999,-426.22887755421493,19.0,0.05263157894736842
228352,T7,T4,22,18,2025-06-20,FC Carlton Heart,Moreland Blues FC,0,3,21,0.33064516129032256,0.8104575163398693,0.11405072375140665,0.5435339620155106,2.6,6.0,11.8,4.6,-7.2,3.4,2.6,6.0,0.04032258064516129,0.12418300653594772,0.4,0.6,1311.914650785789,1835.3953150798313,-0.42948323826410395,-3.4,7.200000000000001,-10.6,-523.4806642940423,18.0,0.05555555555555555
228353,T5,T2,331,17,2025-06-20,Hume FC,Fitzroy FC,0,1,5,0.4148936170212766,0.9019607843137255,0.6121105878351463,1.0,5.4,10.6,4.4,4.0,3.0,8.6,5.4,10.6,0.0425531914893617,0.11764705882352941,0.6,0.8,1482.108325350431,1972.3016268337499,-0.38788941216485373,-5.199999999999999,0.40000000000000036,-5.6,-490.1933014833189,14.0,0.07142857142857142
228354,T6,T3,329,20,2025-06-20,Melbourne AKU FC,Western United FC,1,5,4,0.25,0.4166666666666667,0.0,0.18803785418768845,2.4,2.8,9.2,6.8,-4.8,-2.0,2.4,2.8,0.0,0.022727272727272728,0.0,0.2,1388.3790816222984,1541.0053683953352,-0.18803785418768845,-0.3999999999999999,2.3999999999999995,-2.8,-152.62628677303678,4.0,0.5
228356,T5,T4,329,22,2025-06-27,Melbourne AKU FC,FC Carlton Heart,1,7,4,0.2727272727272727,0.328,0.3100220098960511,0.0,2.8,2.4,8.4,15.4,-3.6,-11.0,2.8,2.4,0.0,0.04,0.2,0.2,1410.9880236222668,1310.4162731605106,0.3100220098960511,0.3999999999999999,-7.0,7.4,100.57175046175621,5.0,0.2
228357,T1,T7,17,18,2025-06-27,Fitzroy FC,Moreland Blues FC,1,3,3,0.9025974025974026,0.8116883116883117,1.0,0.644503892172178,7.2,8.6,3.6,4.6,5.6,6.0,7.2,8.6,0.11688311688311688,0.12337662337662338,0.8,0.6,1974.098700068284,1836.8936927051097,0.35549610782782204,-1.3999999999999995,-0.9999999999999996,-0.40000000000000036,137.20500736317422,22.0,0.7272727272727273
228358,T2,T3,20,16,2025-06-27,Western United FC,Pascoe Vale FC,1,5,5,0.41353383458646614,0.40425531914893614,0.1464440280884384,1.0,3.2,4.6,6.8,4.2,-1.6,2.4,3.2,4.6,0.022556390977443608,0.02127659574468085,0.4,0.6,1518.3964263953667,1594.7680285698912,-0.8535559719115616,-1.3999999999999995,2.5999999999999996,-4.0,-76.37160217452447,13.0,0.6923076923076923
228361,T5,T7,16,17,2025-07-04,Pascoe Vale FC,Fitzroy FC,0,2,5,0.4,0.9032258064516129,0.6899779901039489,1.0,4.8,7.2,4.6,3.6,2.2,5.6,4.8,7.2,0.021052631578947368,0.11612903225806452,0.6,0.8,1575.3065587855604,1984.0893651571641,-0.3100220098960511,-2.4000000000000004,0.9999999999999996,-3.3999999999999995,-408.7828063716038,13.0,0.07692307692307693
228362,T3,T4,18,20,2025-07-04,Moreland Blues FC,Western United FC,1,8,7,0.8064516129032258,0.417910447761194,0.5019401359162605,0.4240727336474578,8.6,3.6,4.6,7.0,6.0,-1.4,8.6,3.6,0.12258064516129032,0.022388059701492536,0.6,0.6,1826.9030276162298,1537.8578961796975,0.07786740226880273,5.0,-2.4000000000000004,7.4,289.0451314365323,19.0,0.7894736842105263
228360,T1,T6,329,331,2025-07-04,Melbourne AKU FC,Hume FC,1,5,1,0.29411764705882354,0.4105263157894737,0.5514673939724666,0.3878894121648539,3.6,4.8,8.4,4.8,-2.8,2.0,3.6,4.8,0.0,0.042105263157894736,0.4,0.4,1422.4816909446004,1480.3112521158969,0.16357798180761268,-1.1999999999999997,3.6000000000000005,-4.8,-57.82956117129652,2.0,0.5
234582,T3,T7,17,329,2025-08-15,Fitzroy FC,Melbourne AKU FC,1,8,3,0.9038461538461539,0.3142857142857143,1.0,0.7395052481601551,6.8,4.2,3.8,8.0,5.0,-1.8,6.8,4.2,0.11538461538461539,0.0,0.8,0.6,1986.8674859518437,1441.1205163825286,0.26049475183984494,2.5999999999999996,-4.2,6.8,545.7469695693151,5.0,1.0
234583,T2,T6,331,343,2025-08-15,Hume FC,Northern Phoenix FC,0,1,6,0.40625,0.0,0.3020885779390951,0.0,5.0,0.0,5.0,2.0,2.0,0.0,5.0,0.0,0.041666666666666664,0.0,0.4,0.0,1461.6724266779686,1500.0,0.3020885779390951,5.0,3.0,2.0,-38.32757332203141,0.0,0.5
234584,T1,T5,344,16,2025-08-15,Thornbury Utd FC ,Pascoe Vale FC,1,5,4,0.0,0.3958333333333333,0.0,0.44853260602753353,0.0,4.6,2.0,5.2,0.0,1.4,0.0,4.6,0.0,0.020833333333333332,0.0,0.6,1500.0,1572.5284379908808,-0.44853260602753353,-4.6,-3.2,-1.4,-72.52843799088078,0.0,0.5
234586,T1,T2,343,18,2025-08-22,Northern Phoenix FC,Moreland Blues FC,0,1,13,1.0,0.8076923076923077,1.0,0.6121105878351463,6.0,9.4,3.0,6.0,5.0,5.4,0.0,9.4,0.0,0.12179487179487179,1.0,0.6,1514.2420752848188,1831.9987771046467,0.38788941216485373,-3.4000000000000004,-3.0,-0.40000000000000036,-317.75670181982787,0.0,0.5
234587,T4,T6,17,331,2025-08-22,Fitzroy FC,Hume FC,1,8,1,0.9044585987261147,0.4020618556701031,1.0,0.1464440280884384,5.6,3.8,4.2,6.2,3.4,-0.4,5.6,3.8,0.11464968152866242,0.041237113402061855,0.8,0.2,1988.193074708445,1447.4303513931497,0.8535559719115616,1.7999999999999998,-2.0,3.8,540.7627233152953,15.0,0.9333333333333333
234588,T3,T5,329,344,2025-08-22,Melbourne AKU FC,Thornbury Utd FC ,1,5,4,0.3055555555555556,1.0,0.5759272663525423,1.0,4.6,5.0,8.2,6.0,-1.6,1.0,4.6,0.0,0.0,0.0,0.6,1.0,1439.7949276259274,1519.2923713012526,-0.4240727336474577,-0.40000000000000036,2.1999999999999993,-2.6,-79.49744367532526,0.0,0.5
234592,T4,T2,18,329,2025-08-29,Moreland Blues FC,Melbourne AKU FC,1,4,4,0.8089171974522293,0.32432432432432434,0.697911422060905,0.7585546159235846,9.2,5.0,5.6,6.2,5.6,0.8,9.2,5.0,0.12101910828025478,0.0,0.6,0.8,1836.4256255442544,1459.3933400681778,-0.06064319386267969,4.199999999999999,-0.6000000000000005,4.8,377.0322854760766,5.0,1.0
234590,T1,T3,344,331,2025-08-29,Thornbury Utd FC ,Hume FC,0,4,5,0.5,0.3979591836734694,0.2689414213699951,0.11405072375140665,4.5,4.0,6.5,7.2,0.0,-1.2,4.5,4.0,0.0,0.04081632653061224,1.0,0.2,1499.6939588590021,1446.0678213408146,0.15489069761858845,0.5,-0.7000000000000002,1.2,53.626137518187534,0.0,0.5
234591,T7,T6,16,17,2025-08-29,Pascoe Vale FC,Fitzroy FC,0,1,6,0.3917525773195876,0.9050632911392406,0.26049475183984505,1.0,3.6,5.8,5.2,4.0,0.4,3.8,3.6,5.8,0.020618556701030927,0.11392405063291139,0.6,0.8,1553.2360666896282,1989.5556047607802,-0.739505248160155,-2.1999999999999997,1.2000000000000002,-3.4,-436.319538071152,14.0,0.07142857142857142
234596,T7,T2,329,16,2025-09-05,Melbourne AKU FC,Pascoe Vale FC,0,1,4,0.3157894736842105,0.3877551020408163,0.5019401359162605,0.11405072375140665,4.8,3.2,6.2,6.4,0.6,-1.2,4.8,3.2,0.0,0.02040816326530612,0.8,0.6,1456.115170595862,1550.8346267035988,0.38788941216485384,1.5999999999999996,-0.20000000000000018,1.7999999999999998,-94.71945610773673,5.0,0.4
234595,T1,T4,18,331,2025-09-05,Moreland Blues FC,Hume FC,1,6,4,0.810126582278481,0.40404040404040403,0.8535559719115617,0.3100220098960511,9.8,1.8,5.6,7.6,6.2,-3.8,9.8,1.8,0.12025316455696203,0.04040404040404041,0.8,0.2,1839.7037950165702,1464.5179700809051,0.5435339620155106,8.0,-2.0,10.0,375.1858249356651,15.0,0.9333333333333333
234594,T6,T5,17,343,2025-09-05,Fitzroy FC,Northern Phoenix FC,1,8,7,0.9056603773584906,0.5,1.0,0.2689414213699951,6.0,3.5,4.0,9.0,4.0,-3.5,6.0,3.5,0.11320754716981132,0.0,0.8,0.5,1991.9570447468095,1509.815226845211,0.7310585786300049,2.5,-5.0,7.5,482.1418179015984,0.0,0.5
234598,T5,T2,343,329,2025-09-12,Northern Phoenix FC,Melbourne AKU FC,0,4,6,0.3333333333333333,0.3076923076923077,0.18632372322584756,0.3020885779390951,4.666666666666667,3.6,9.333333333333332,6.2,-2.6666666666666665,-0.6,4.666666666666667,3.6,0.0,0.0,0.6666666666666666,0.6,1507.937903766801,1444.3722146380135,-0.11576485471324754,1.0666666666666669,3.133333333333332,-2.0666666666666664,63.565689128787426,0.0,0.5
234599,T6,T3,18,16,2025-09-12,Moreland Blues FC,Pascoe Vale FC,0,3,7,0.8113207547169812,0.3939393939393939,0.8859492762485933,0.3100220098960511,6.8,3.2,5.8,6.4,3.0,-1.2,6.8,3.2,0.11949685534591195,0.020202020202020204,0.8,0.6,1843.0133713282735,1562.5775826614474,0.5759272663525422,3.5999999999999996,-0.6000000000000005,4.2,280.43578866682606,14.0,0.8571428571428571
234600,T7,T4,344,17,2025-09-12,Thornbury Utd FC ,Fitzroy FC,0,0,5,0.3333333333333333,0.90625,0.18632372322584756,1.0,4.333333333333333,7.0,6.666666666666667,4.8,-0.3333333333333333,4.2,4.333333333333333,7.0,0.0,0.1125,1.0,1.0,1481.2438101189116,1993.8343678252197,-0.8136762767741524,-2.666666666666667,1.8666666666666671,-4.533333333333333,-512.5905577063081,0.0,0.5
234602,T2,T3,344,18,2025-09-19,Thornbury Utd FC ,Moreland Blues FC,0,1,8,0.25,0.80625,0.1416103989450596,0.6899779901039489,3.25,6.8,6.75,6.6,-1.5,2.2,3.25,6.8,0.0,0.11875,0.75,0.8,1479.6533128622962,1816.3250499142227,-0.5483675911588892,-3.55,0.15000000000000036,-3.7,-336.6717370519266,0.0,0.5
234603,T1,T7,329,331,2025-09-19,Melbourne AKU FC,Hume FC,1,8,3,0.325,0.4,0.45646603798448954,0.24144538407641547,3.8,2.4,6.8,7.8,-1.0,-3.4,3.8,2.4,0.0,0.04,0.6,0.4,1463.2672921775697,1461.2083937692018,0.21502065390807407,1.4,-1.0,2.4,2.058898408367895,3.0,0.6666666666666666
234604,T5,T4,16,343,2025-09-19,Pascoe Vale FC,Northern Phoenix FC,1,3,3,0.4,0.25,0.5514673939724666,0.1416103989450596,3.6,4.5,6.0,9.0,-0.4,-2.5,3.6,4.5,0.02,0.0,0.6,0.75,1589.2659040754982,1489.0428262272446,0.40985699502740697,-0.8999999999999999,-3.0,2.1,100.22307784825352,0.0,0.5
234607,T1,T6,18,17,2025-10-03,Moreland Blues FC,Fitzroy FC,1,5,5,0.8074534161490683,0.906832298136646,0.7585546159235846,1.0,6.8,7.0,5.4,4.4,3.4,4.6,6.8,7.0,0.11801242236024845,0.11801242236024845,0.8,1.0,1820.3526827878557,1995.4248650818352,-0.24144538407641536,-0.20000000000000018,1.0,-1.1999999999999997,-175.0721822939795,23.0,0.2608695652173913
234608,T3,T4,331,16,2025-10-03,Hume FC,Pascoe Vale FC,1,2,2,0.39603960396039606,0.40594059405940597,0.18803785418768845,0.7395052481601551,2.8,3.8,8.4,5.6,-3.6,0.2,2.8,3.8,0.039603960396039604,0.019801980198019802,0.4,0.6,1445.3032084349877,1600.7743588312308,-0.5514673939724666,-1.0,2.8000000000000007,-3.8000000000000003,-155.47115039624305,6.0,0.3333333333333333
234606,T5,T7,344,343,2025-10-03,Thornbury Utd FC ,Northern Phoenix FC,1,5,4,0.2,0.2,0.11405072375140665,0.11405072375140665,2.8,4.2,7.4,8.2,-2.6,-2.0,2.8,4.2,0.0,0.0,0.6,0.6,1475.6256799886633,1477.534371471512,0.0,-1.4000000000000004,-0.7999999999999989,-0.6000000000000001,-1.9086914828487807,0.0,0.5
234610,T2,T6,343,18,2025-10-10,Northern Phoenix FC,Moreland Blues FC,0,2,13,0.16666666666666666,0.808641975308642,0.0,0.8119621458123116,3.8,5.2,9.0,6.2,-3.2,1.0,3.8,5.2,0.0,0.11728395061728394,0.6,0.8,1461.446473864657,1843.795521123431,-0.8119621458123116,-1.4000000000000004,2.8,-4.2,-382.3490472587739,1.0,0.0
234611,T1,T5,331,17,2025-10-10,Hume FC,Fitzroy FC,0,1,5,0.4019607843137255,0.9012345679012346,0.45646603798448954,0.6899779901039489,3.0,6.4,7.6,4.8,-2.6,3.6,3.0,6.4,0.0392156862745098,0.11728395061728394,0.4,1.0,1468.0204398153487,1971.9820267462599,-0.23351195211945935,-3.4000000000000004,2.8,-6.2,-503.96158693091115,16.0,0.0625
234612,T3,T7,16,329,2025-10-10,Pascoe Vale FC,Melbourne AKU FC,1,5,3,0.4019607843137255,0.34146341463414637,0.5759272663525423,0.6655181177238731,3.4,4.8,5.0,5.8,0.4,1.0,3.4,4.8,0.0196078431372549,0.0,0.4,0.8,1578.0571274508698,1479.1724775117839,-0.08959085137133083,-1.4,-0.7999999999999998,-0.6,98.88464993908588,6.0,0.6666666666666666
234614,T3,T5,331,16,2025-10-17,Hume FC,Pascoe Vale FC,1,4,4,0.39805825242718446,0.4077669902912621,0.3554961078278221,0.7585546159235846,3.0,4.2,7.0,4.4,-2.0,1.8,3.0,4.2,0.038834951456310676,0.019417475728155338,0.4,0.6,1466.3531640065582,1589.62242300736,-0.40305850809576255,-1.2000000000000002,2.5999999999999996,-3.8,-123.26925900080187,7.0,0.42857142857142855
234615,T1,T2,17,329,2025-10-17,Fitzroy FC,Melbourne AKU FC,1,2,1,0.901840490797546,0.3333333333333333,0.7585546159235846,0.42948323826410395,5.8,4.4,4.8,6.0,3.0,0.4,5.8,4.4,0.1165644171779141,0.0,1.0,0.6,1973.6493025550503,1467.6071819552935,0.3290713776594807,1.3999999999999995,-1.2000000000000002,2.6,506.0421205997568,6.0,1.0
234616,T4,T6,344,343,2025-10-17,Thornbury Utd FC ,Northern Phoenix FC,0,2,8,0.3333333333333333,0.14285714285714285,0.3100220098960511,0.0,2.8,4.0,7.4,9.0,-2.6,-3.0,2.8,4.0,0.0,0.0,0.6,0.6,1491.7135775955182,1458.2572676227408,0.3100220098960511,-1.2000000000000002,-1.5999999999999996,0.3999999999999999,33.45630997277749,1.0,1.0
234620,T1,T3,344,329,2025-10-24,Thornbury Utd FC ,Melbourne AKU FC,0,2,4,0.2857142857142857,0.32558139534883723,0.24144538407641547,0.33448188227612685,2.4,3.8,8.0,5.6,-3.6,0.2,2.4,3.8,0.0,0.0,0.4,0.4,1474.177602211281,1465.958732695977,-0.09303649819971138,-1.4,2.4000000000000004,-3.8000000000000003,8.21886951530405,1.0,0.0
234618,T7,T6,18,331,2025-10-24,Moreland Blues FC,Hume FC,1,4,3,0.8098159509202454,0.40384615384615385,0.8535559719115617,0.49805986408373965,7.0,2.8,5.8,7.0,3.2,-2.2,7.0,2.8,0.1165644171779141,0.038461538461538464,0.8,0.4,1846.9847273653472,1487.803136497584,0.3554961078278221,4.2,-1.2000000000000002,5.4,359.18159086776313,16.0,0.9375
234619,T4,T2,16,343,2025-10-24,Pascoe Vale FC,Northern Phoenix FC,1,6,3,0.40384615384615385,0.25,0.5019401359162605,0.3100220098960511,4.2,4.2,5.0,7.8,1.2,-1.6,4.2,4.2,0.019230769230769232,0.0,0.6,0.6,1568.1724505163343,1475.793243006978,0.1919181260202094,0.0,-2.8,2.8,92.37920750935632,1.0,1.0
234624,T1,T4,329,331,2025-10-31,Melbourne AKU FC,Hume FC,0,0,5,0.3409090909090909,0.4,0.5705167617358962,0.3878894121648539,4.4,2.6,5.2,6.6,1.2,-2.0,4.4,2.6,0.0,0.0380952380952381,0.6,0.2,1482.3371550391196,1484.210032377383,0.18262734957104226,1.8000000000000003,-1.3999999999999995,3.2,-1.872877338263379,4.0,0.75
234623,T6,T5,18,16,2025-10-31,Moreland Blues FC,Pascoe Vale FC,1,5,3,0.8109756097560976,0.4095238095238095,0.8859492762485933,0.6121105878351463,6.6,4.0,5.6,5.0,3.0,1.0,6.6,4.0,0.11585365853658537,0.01904761904761905,0.8,0.6,1850.5778314855484,1580.0157278915265,0.27383868841344705,2.5999999999999996,0.5999999999999996,2.0,270.5621035940219,15.0,0.8
234622,T7,T2,344,17,2025-10-31,Thornbury Utd FC ,Fitzroy FC,0,3,12,0.25,0.9024390243902439,0.18803785418768845,0.8119621458123116,2.0,5.0,7.8,4.8,-3.8,2.2,2.0,5.0,0.0,0.11585365853658537,0.2,0.8,1457.7991798681385,1975.2977518143668,-0.6239242916246232,-3.0,3.0,-6.0,-517.4985719462284,1.0,0.0
234626,T6,T3,344,331,2025-11-07,Thornbury Utd FC ,Hume FC,0,0,2,0.2222222222222222,0.4056603773584906,0.1464440280884384,0.6121105878351463,2.6,3.0,9.2,5.0,-4.6,0.0,2.6,3.0,0.0,0.04716981132075472,0.2,0.4,1456.2508459453277,1500.1237840239894,-0.4656665597467079,-0.3999999999999999,4.199999999999999,-4.6,-43.87293807866172,1.0,0.0
234627,T7,T4,18,329,2025-11-07,Moreland Blues FC,Melbourne AKU FC,0,3,8,0.8121212121212121,0.3333333333333333,1.0,0.3554961078278221,7.0,3.2,4.8,5.4,4.2,-0.2,7.0,3.2,0.11515151515151516,0.0,1.0,0.4,1856.146101959271,1466.4234033925131,0.644503892172178,3.8,-0.6000000000000005,4.4,389.7226985667578,6.0,1.0
234628,T5,T2,17,343,2025-11-07,Fitzroy FC,Northern Phoenix FC,1,13,2,0.9030303030303031,0.2222222222222222,0.8535559719115617,0.24144538407641547,5.8,4.0,4.0,7.8,3.8,-1.8,5.8,4.0,0.11515151515151516,0.0,0.8,0.4,1976.8460857371776,1463.9499656317857,0.6121105878351463,1.7999999999999998,-3.8,5.6,512.8961201053919,1.0,1.0
234630,T2,T3,344,18,2025-11-14,Thornbury Utd FC ,Moreland Blues FC,0,6,10,0.2,0.8072289156626506,0.11405072375140665,0.6899779901039489,2.4,6.0,8.0,6.2,-3.6,1.8,2.4,6.0,0.0,0.1144578313253012,0.2,0.8,1442.2605984139527,1827.2154841034626,-0.5759272663525422,-3.6,1.7999999999999998,-5.4,-384.95488568950987,1.0,0.0
234631,T1,T7,16,17,2025-11-14,Pascoe Vale FC,Fitzroy FC,0,3,8,0.4056603773584906,0.9036144578313253,0.3878894121648539,0.8859492762485933,4.0,7.4,5.4,4.4,0.6,5.0,4.0,7.4,0.018867924528301886,0.1144578313253012,0.6,0.8,1574.447457417804,1978.4339265299268,-0.4980598640837394,-3.4000000000000004,1.0,-4.4,-403.9864691121229,15.0,0.06666666666666667
234632,T5,T4,329,343,2025-11-14,Melbourne AKU FC,Northern Phoenix FC,0,4,6,0.34782608695652173,0.2,0.49805986408373965,0.18803785418768845,3.2,3.8,5.4,9.8,-0.2,-4.0,3.2,3.8,0.0,0.0,0.4,0.4,1495.3540212483215,1462.3621248390366,0.3100220098960512,-0.5999999999999996,-4.4,3.8,32.99189640928489,1.0,1.0
234635,T1,T6,17,18,2025-11-21,Fitzroy FC,Moreland Blues FC,0,1,2,0.9041916167664671,0.8083832335329342,1.0,0.7585546159235846,8.0,7.0,4.0,6.4,6.0,2.6,8.0,7.0,0.11377245508982035,0.11377245508982035,0.8,0.8,1981.2828956665326,1830.3618766512625,0.24144538407641536,1.0,-2.4000000000000004,3.4,150.92101901527008,24.0,0.7083333333333334
234636,T5,T7,331,343,2025-11-21,Hume FC,Northern Phoenix FC,1,5,4,0.411214953271028,0.2727272727272727,0.697911422060905,0.45646603798448954,3.0,4.2,4.6,9.6,0.4,-3.4,3.0,4.2,0.056074766355140186,0.0,0.4,0.4,1514.1140315553644,1479.8769075780833,0.24144538407641541,-1.2000000000000002,-5.0,3.8,34.237123977281044,1.0,0.0
234634,T3,T4,16,344,2025-11-21,Pascoe Vale FC,Thornbury Utd FC ,1,3,2,0.40186915887850466,0.18181818181818182,0.3020885779390951,0.0,4.2,2.6,6.6,9.2,-0.4,-4.6,4.2,2.6,0.018691588785046728,0.0,0.6,0.2,1571.5984882811981,1439.1142058661528,0.3020885779390951,1.6,-2.5999999999999996,4.199999999999999,132.4842824150453,1.0,0.0
250457,T3,T7,331,344,2026-02-08,Hume FC,Thornbury Utd FC ,1,4,1,0.4166666666666667,0.16666666666666666,0.8535559719115617,0.0,3.8,2.6,4.4,8.2,1.4,-3.6,3.8,2.6,0.05555555555555555,0.0,0.6,0.2,1528.5424374784382,1428.93586387308,0.8535559719115617,1.1999999999999997,-3.799999999999999,5.0,99.60657360535811,2.0,1.0
250458,T2,T6,18,17,2026-02-08,Moreland Blues FC,Fitzroy FC,0,1,5,0.8095238095238095,0.8988095238095238,0.8119621458123116,0.6899779901039489,4.8,7.2,6.2,4.2,0.6,5.0,4.8,7.2,0.1130952380952381,0.1130952380952381,0.6,0.6,1852.9055550654502,1958.7392172523448,0.12198415570836274,-2.4000000000000004,2.0,-4.4,-105.83366218689457,25.0,0.32
250459,T1,T5,16,329,2026-02-08,Pascoe Vale FC,Melbourne AKU FC,0,0,2,0.4074074074074074,0.3404255319148936,0.45646603798448954,0.3878894121648539,3.8,3.4,6.4,5.6,-0.6,-0.2,3.8,3.4,0.018518518518518517,0.0,0.4,0.6,1581.7768302742709,1477.8392385092748,0.06857662581963564,0.3999999999999999,0.8000000000000007,-0.39999999999999997,103.93759176499611,7.0,0.7142857142857143
250461,T1,T2,22,17,2026-02-15,FC Carlton Heart,Fitzroy FC,0,1,9,0.3253968253968254,0.8994082840236687,0.0,0.7585546159235846,3.0,7.8,15.4,4.2,-10.4,5.6,3.0,7.8,0.03968253968253968,0.11242603550295859,0.4,0.8,1298.922605838177,1970.0107509609368,-0.7585546159235846,-4.8,11.2,-16.0,-671.0881451227597,18.0,0.0
250462,T3,T5,16,331,2026-02-15,Pascoe Vale FC,Hume FC,1,4,2,0.4036697247706422,0.42201834862385323,0.3554961078278221,0.8859492762485933,3.0,3.8,6.0,3.8,-1.0,2.0,3.0,3.8,0.01834862385321101,0.05504587155963303,0.2,0.6,1561.1281831227132,1540.0770589635733,-0.5304531684207712,-0.7999999999999998,2.2,-3.0,21.051124159139817,8.0,0.5
250463,T4,T6,344,329,2026-02-15,Thornbury Utd FC ,Melbourne AKU FC,1,5,5,0.15384615384615385,0.3541666666666667,0.0,0.6121105878351463,2.4,3.6,8.2,5.2,-3.8,0.4,2.4,3.6,0.0,0.020833333333333332,0.2,0.6,1417.4012423879449,1498.4878856608325,-0.6121105878351463,-1.2000000000000002,2.999999999999999,-4.2,-81.08664327288761,2.0,0.0
250467,T7,T6,331,22,2026-03-01,Hume FC,FC Carlton Heart,1,6,4,0.41818181818181815,0.3228346456692913,0.6899779901039489,0.0,3.6,2.2,3.8,15.4,1.8,-11.2,3.6,2.2,0.05454545454545454,0.03937007874015748,0.6,0.2,1525.0453144770281,1298.2643380068555,0.6899779901039489,1.4,-11.600000000000001,13.0,226.78097647017262,12.0,0.8333333333333334
250465,T1,T3,344,18,2026-03-01,Thornbury Utd FC ,Moreland Blues FC,0,1,6,0.21428571428571427,0.8047337278106509,0.3100220098960511,0.5435339620155106,2.8,4.2,6.8,6.6,-2.0,-0.4,2.8,4.2,0.0,0.11242603550295859,0.4,0.4,1437.0690665461623,1841.6340213568583,-0.23351195211945952,-1.4000000000000004,0.20000000000000018,-1.6,-404.564954810696,2.0,0.0
250466,T4,T2,16,17,2026-03-01,Pascoe Vale FC,Fitzroy FC,0,1,2,0.4090909090909091,0.9,0.49805986408373965,0.8119621458123116,2.6,7.2,5.8,3.8,-1.2,5.4,2.6,7.2,0.01818181818181818,0.11176470588235295,0.2,0.8,1576.1599276092584,1970.6690187922584,-0.313902281728572,-4.6,2.0,-6.6000000000000005,-394.509091183,16.0,0.0625
250471,T7,T2,16,18,2026-03-08,Pascoe Vale FC,Moreland Blues FC,0,2,7,0.40540540540540543,0.8058823529411765,0.3878894121648539,0.644503892172178,2.2,4.4,5.2,6.2,-1.0,0.2,2.2,4.4,0.018018018018018018,0.11176470588235295,0.2,0.4,1573.1661568202817,1844.4743598005819,-0.25661448000732406,-2.2,-1.0,-1.2,-271.30820298030017,16.0,0.1875
250470,T1,T4,329,22,2026-03-08,Melbourne AKU FC,FC Carlton Heart,1,3,1,0.3469387755102041,0.3203125,0.3878894121648539,0.0,3.8,2.8,5.8,13.8,0.0,-9.0,3.8,2.8,0.02040816326530612,0.0390625,0.6,0.4,1478.820061502615,1291.4403964722494,0.3878894121648539,1.0,-8.0,9.0,187.3796650303657,6.0,0.3333333333333333
250469,T6,T5,331,17,2026-03-08,Hume FC,Fitzroy FC,1,4,3,0.42342342342342343,0.9005847953216374,0.7585546159235846,0.8535559719115617,3.8,5.0,4.6,3.6,1.2,3.4,3.8,5.0,0.05405405405405406,0.1111111111111111,0.6,0.6,1531.8692560116342,1973.662789581235,-0.0950013559879771,-1.2000000000000002,0.9999999999999996,-2.2,-441.79353356960087,17.0,0.058823529411764705
250473,T5,T2,18,329,2026-03-22,Moreland Blues FC,Melbourne AKU FC,1,4,0,0.8070175438596491,0.36,0.8119621458123116,0.6121105878351463,5.2,4.4,5.0,5.0,2.2,1.4,5.2,4.4,0.1111111111111111,0.02,0.6,0.6,1850.0229042297674,1486.940467958359,0.19985155797716536,0.7999999999999998,0.0,0.8000000000000003,363.08243627140837,7.0,0.8571428571428571
250474,T7,T4,16,22,2026-03-22,Pascoe Vale FC,FC Carlton Heart,1,6,6,0.4017857142857143,0.3178294573643411,0.3020885779390951,0.0,2.0,2.6,5.0,11.2,-1.0,-6.6,2.0,2.6,0.017857142857142856,0.03875968992248062,0.2,0.4,1567.6176123910961,1283.3199900165055,0.3020885779390951,-0.6000000000000001,-6.199999999999999,5.6,284.2976223745907,9.0,0.5555555555555556
250475,T6,T3,17,344,2026-03-22,Fitzroy FC,Thornbury Utd FC ,1,9,1,0.8953488372093024,0.2,0.5759272663525423,0.24144538407641547,4.0,3.0,3.8,7.6,2.2,-2.6,4.0,3.0,0.11046511627906977,0.0,0.4,0.4,1943.9951674155307,1434.2287281024387,0.33448188227612685,1.0,-3.8,4.800000000000001,509.76643931309195,2.0,1.0
250477,T1,T7,344,22,2026-03-29,Thornbury Utd FC ,FC Carlton Heart,1,4,1,0.1875,0.3153846153846154,0.18803785418768845,0.0,2.0,3.2,7.4,8.2,-3.4,-3.0,2.0,3.2,0.0,0.038461538461538464,0.2,0.6,1432.6134787401954,1278.1060625561233,0.18803785418768845,-1.2000000000000002,-0.7999999999999989,-0.3999999999999999,154.5074161840721,0.0,0.5
250478,T5,T4,331,18,2026-03-29,Hume FC,Moreland Blues FC,0,1,2,0.42857142857142855,0.8081395348837209,0.8119621458123116,0.8535559719115617,4.2,4.0,5.2,3.8,1.0,2.2,4.2,4.0,0.05357142857142857,0.11627906976744186,0.8,0.6,1561.5368781773386,1853.545005583921,-0.04159382609925011,0.20000000000000018,1.4000000000000004,-1.2000000000000002,-292.0081274065824,17.0,0.058823529411764705
250479,T2,T3,17,329,2026-03-29,Fitzroy FC,Melbourne AKU FC,1,11,1,0.8959537572254336,0.35294117647058826,0.7585546159235846,0.3878894121648539,5.6,2.8,3.6,5.2,4.0,-0.4,5.6,2.8,0.10982658959537572,0.0196078431372549,0.6,0.4,1945.610416777774,1483.4183666042054,0.37066520375873074,2.8,-1.6,4.4,462.19205017356853,7.0,1.0
250482,T1,T6,344,16,2026-04-19,Thornbury Utd FC ,Pascoe Vale FC,1,5,5,0.23529411764705882,0.40707964601769914,0.45646603798448954,0.45646603798448954,2.4,2.6,7.0,5.8,-2.6,-1.2,2.4,2.6,0.0,0.017699115044247787,0.4,0.4,1441.9328490258683,1572.8315398514783,0.0,-0.20000000000000018,1.2000000000000002,-1.4000000000000001,-130.89869082560995,2.0,0.5
250483,T5,T7,329,331,2026-04-19,Melbourne AKU FC,Hume FC,0,3,4,0.34615384615384615,0.4247787610619469,0.3020885779390951,0.5435339620155106,2.2,3.4,6.2,4.8,-2.0,0.6,2.2,3.4,0.019230769230769232,0.05309734513274336,0.2,0.6,1481.3275117973428,1556.5137791586576,-0.24144538407641553,-1.1999999999999997,1.4000000000000004,-2.6,-75.18626736131478,5.0,0.6
250481,T3,T4,22,18,2026-04-19,FC Carlton Heart,Moreland Blues FC,1,7,7,0.31297709923664124,0.8092485549132948,0.0,0.8859492762485933,2.6,4.0,7.6,3.8,-3.0,2.2,2.6,4.0,0.03816793893129771,0.11560693641618497,0.4,0.6,1268.7866922704504,1858.568104602602,-0.8859492762485933,-1.4,3.8,-5.2,-589.7814123321516,19.0,0.05263157894736842
250485,T2,T6,329,17,2026-04-26,Melbourne AKU FC,Fitzroy FC,0,2,3,0.33962264150943394,0.896551724137931,0.1464440280884384,0.8119621458123116,2.4,6.8,7.0,3.6,-2.6,5.2,2.4,6.8,0.018867924528301886,0.10919540229885058,0.2,0.6,1468.7369115304327,1947.7012715846365,-0.6655181177238733,-4.4,3.4,-7.800000000000001,-478.9643600542038,8.0,0.0
250486,T3,T7,18,16,2026-04-26,Moreland Blues FC,Pascoe Vale FC,1,5,1,0.8045977011494253,0.40350877192982454,0.6899779901039489,0.3554961078278221,5.2,3.6,4.2,6.4,3.0,-0.8,5.2,3.6,0.11494252873563218,0.017543859649122806,0.8,0.6,1827.6065165984346,1551.0733389955908,0.3344818822761268,1.6,-2.2,3.8,276.5331776028438,17.0,0.8235294117647058
250487,T1,T5,22,331,2026-04-26,FC Carlton Heart,Hume FC,0,3,6,0.3181818181818182,0.4298245614035088,0.3100220098960511,0.644503892172178,3.8,3.4,7.2,5.2,-1.4,0.2,3.8,3.4,0.03787878787878788,0.05263157894736842,0.6,0.6,1299.7482802746179,1569.1043794255677,-0.33448188227612685,0.3999999999999999,2.0,-1.5999999999999999,-269.35609915094983,13.0,0.15384615384615385
250489,T3,T5,329,18,2026-05-10,Melbourne AKU FC,Moreland Blues FC,1,5,2,0.3333333333333333,0.8057142857142857,0.11405072375140665,0.7585546159235846,1.8,5.0,6.6,4.2,-2.8,2.8,1.8,5.0,0.018518518518518517,0.11428571428571428,0.0,0.8,1466.8270028373317,1833.018464188321,-0.644503892172178,-3.2,2.3999999999999995,-5.6,-366.19146135098936,8.0,0.125
250490,T1,T2,17,331,2026-05-10,Fitzroy FC,Hume FC,1,4,2,0.8971428571428571,0.43478260869565216,0.8535559719115617,0.8119621458123116,5.6,4.2,3.8,5.0,3.8,1.2,5.6,4.2,0.10857142857142857,0.05217391304347826,0.4,0.8,1949.6111802777375,1574.704652315177,0.04159382609925011,1.3999999999999995,-1.2000000000000002,2.5999999999999996,374.9065279625604,18.0,0.8888888888888888
250491,T4,T6,16,344,2026-05-10,Pascoe Vale FC,Thornbury Utd FC ,1,7,6,0.4,0.2777777777777778,0.18803785418768845,0.6655181177238731,3.0,3.2,7.0,7.2,-2.0,-2.0,3.0,3.2,0.017391304347826087,0.0,0.4,0.6,1545.6613914057043,1463.6910498817558,-0.47748026353618467,-0.20000000000000018,-0.20000000000000018,0.0,81.97034152394849,3.0,0.3333333333333333
250495,T7,T6,329,331,2026-05-17,Melbourne AKU FC,Hume FC,1,4,2,0.34545454545454546,0.43103448275862066,0.3100220098960511,0.5435339620155106,2.2,3.4,6.8,5.0,-2.6,0.4,2.2,3.4,0.01818181818181818,0.05172413793103448,0.2,0.6,1495.3606082508409,1571.3903022695372,-0.23351195211945952,-1.1999999999999997,1.7999999999999998,-3.0,-76.02969401869632,6.0,0.5
250493,T1,T3,22,18,2026-05-17,FC Carlton Heart,Moreland Blues FC,0,3,7,0.3157894736842105,0.8011363636363636,0.24144538407641547,0.5019401359162605,3.6,4.0,7.2,4.8,-1.6,1.2,3.6,4.0,0.03759398496240601,0.11363636363636363,0.4,0.6,1294.1480073850084,1804.484858774812,-0.26049475183984505,-0.3999999999999999,2.4000000000000004,-2.8,-510.33685138980354,20.0,0.1
250494,T4,T2,17,344,2026-05-17,Fitzroy FC,Thornbury Utd FC ,1,12,1,0.8977272727272727,0.2631578947368421,0.8859492762485933,0.42948323826410395,6.0,3.4,4.0,7.6,4.0,-2.2,6.0,3.4,0.10795454545454546,0.0,0.6,0.6,1952.9255303233774,1451.3974087109434,0.45646603798448937,2.6,-3.5999999999999996,6.2,501.528121612434,3.0,1.0
250498,T7,T2,344,18,2026-05-31,Thornbury Utd FC ,Moreland Blues FC,0,4,7,0.25,0.8022598870056498,0.33448188227612685,0.6121105878351463,3.4,4.6,8.8,5.4,-3.4,1.2,3.4,4.6,0.0,0.11299435028248588,0.6,0.6,1449.7078549102805,1806.0950795180252,-0.2776287055590194,-1.1999999999999997,3.4000000000000004,-4.6,-356.38722460774466,3.0,0.0
250499,T1,T4,329,16,2026-05-31,Melbourne AKU FC,Pascoe Vale FC,1,7,2,0.35714285714285715,0.4051724137931034,0.5514673939724666,0.45646603798448954,3.0,4.2,6.4,7.8,-1.4,-1.6,3.0,4.2,0.017857142857142856,0.017241379310344827,0.4,0.6,1514.8070663385954,1557.9550325765167,0.09500135598797704,-1.2000000000000002,-1.3999999999999995,0.20000000000000018,-43.14796623792131,8.0,0.375
250497,T6,T5,22,17,2026-05-31,FC Carlton Heart,Fitzroy FC,0,2,4,0.31343283582089554,0.8983050847457628,0.18803785418768845,1.0,4.0,7.8,8.0,3.4,-2.0,6.4,4.0,7.8,0.03731343283582089,0.10734463276836158,0.4,0.8,1292.5377866417953,1954.6150841240403,-0.8119621458123115,-3.8,4.6,-8.4,-662.0772974822451,19.0,0.0
250502,T5,T2,331,18,2026-06-07,Hume FC,Moreland Blues FC,1,5,4,0.42735042735042733,0.8033707865168539,0.33448188227612685,0.697911422060905,3.0,5.6,5.2,6.0,-0.2,1.6,3.0,5.6,0.05128205128205128,0.11235955056179775,0.4,0.8,1551.9438441817827,1809.7398122248198,-0.3634295397847781,-2.5999999999999996,-0.7999999999999998,-1.8,-257.7959680430372,18.0,0.05555555555555555
250506,T5,T4,17,16,2026-06-21,Fitzroy FC,Pascoe Vale FC,1,10,3,0.898876404494382,0.4017094017094017,1.0,0.3554961078278221,6.8,4.2,3.6,7.8,5.2,-1.6,6.8,4.2,0.10674157303370786,0.017094017094017096,0.8,0.6,1955.3076393011547,1539.978148102963,0.644503892172178,2.5999999999999996,-4.199999999999999,6.800000000000001,415.3294911981918,17.0,0.9411764705882353
250505,T2,T3,22,329,2026-06-21,FC Carlton Heart,Melbourne AKU FC,0,3,12,0.3111111111111111,0.3684210526315789,0.1464440280884384,0.7395052481601551,3.2,4.2,7.6,4.6,-2.4,1.6,3.2,4.2,0.037037037037037035,0.017543859649122806,0.2,0.6,1291.8452314646809,1532.7839508121492,-0.5930612200717167,-1.0,3.0,-4.0,-240.93871934746835,7.0,0.5714285714285714
250507,T1,T7,344,331,2026-06-21,Thornbury Utd FC ,Hume FC,0,3,5,0.23809523809523808,0.4322033898305085,0.26049475183984505,0.5705167617358962,4.0,3.8,8.4,5.6,-2.4,0.2,4.0,3.8,0.0,0.05084745762711865,0.8,0.6,1446.0631222034858,1578.0294417709079,-0.3100220098960511,0.20000000000000018,2.8000000000000007,-2.6,-131.96631956742203,3.0,0.0
