[2026-06-15T07:26:43.971+0000] {processor.py:161} INFO - Started process (PID=176) to work on /opt/airflow/dags/futsal_pipeline.py
[2026-06-15T07:26:43.972+0000] {processor.py:830} INFO - Processing file /opt/airflow/dags/futsal_pipeline.py for tasks to queue
[2026-06-15T07:26:43.975+0000] {logging_mixin.py:188} INFO - [2026-06-15T07:26:43.974+0000] {dagbag.py:545} INFO - Filling up the DagBag from /opt/airflow/dags/futsal_pipeline.py
[2026-06-15T07:26:44.831+0000] {logging_mixin.py:188} INFO - [2026-06-15T07:26:44.821+0000] {dagbag.py:355} ERROR - Failed to import: /opt/airflow/dags/futsal_pipeline.py
Traceback (most recent call last):
  File "/home/airflow/.local/lib/python3.11/site-packages/airflow/models/dagbag.py", line 351, in parse
    loader.exec_module(new_module)
  File "<frozen importlib._bootstrap_external>", line 940, in exec_module
  File "<frozen importlib._bootstrap>", line 241, in _call_with_frames_removed
  File "/opt/airflow/dags/futsal_pipeline.py", line 16, in <module>
    from pipeline.data_pipeline import DataPipeline
  File "/opt/airflow/pipeline/data_pipeline.py", line 1, in <module>
    from components.data_ingestion import DataIngestion
  File "/opt/airflow/components/data_ingestion.py", line 2, in <module>
    from db.db_connection import DB
ModuleNotFoundError: No module named 'db'
[2026-06-15T07:26:44.833+0000] {processor.py:842} WARNING - No viable dags retrieved from /opt/airflow/dags/futsal_pipeline.py
[2026-06-15T07:26:44.848+0000] {processor.py:183} INFO - Processing /opt/airflow/dags/futsal_pipeline.py took 0.882 seconds
[2026-06-15T07:27:15.143+0000] {processor.py:161} INFO - Started process (PID=188) to work on /opt/airflow/dags/futsal_pipeline.py
[2026-06-15T07:27:15.144+0000] {processor.py:830} INFO - Processing file /opt/airflow/dags/futsal_pipeline.py for tasks to queue
[2026-06-15T07:27:15.147+0000] {logging_mixin.py:188} INFO - [2026-06-15T07:27:15.146+0000] {dagbag.py:545} INFO - Filling up the DagBag from /opt/airflow/dags/futsal_pipeline.py
[2026-06-15T07:27:15.676+0000] {logging_mixin.py:188} INFO - [2026-06-15T07:27:15.666+0000] {dagbag.py:355} ERROR - Failed to import: /opt/airflow/dags/futsal_pipeline.py
Traceback (most recent call last):
  File "/home/airflow/.local/lib/python3.11/site-packages/airflow/models/dagbag.py", line 351, in parse
    loader.exec_module(new_module)
  File "<frozen importlib._bootstrap_external>", line 940, in exec_module
  File "<frozen importlib._bootstrap>", line 241, in _call_with_frames_removed
  File "/opt/airflow/dags/futsal_pipeline.py", line 16, in <module>
    from pipeline.data_pipeline import DataPipeline
  File "/opt/airflow/pipeline/data_pipeline.py", line 1, in <module>
    from components.data_ingestion import DataIngestion
  File "/opt/airflow/components/data_ingestion.py", line 2, in <module>
    from db.db_connection import DB
ModuleNotFoundError: No module named 'db'
[2026-06-15T07:27:15.677+0000] {processor.py:842} WARNING - No viable dags retrieved from /opt/airflow/dags/futsal_pipeline.py
[2026-06-15T07:27:15.702+0000] {processor.py:183} INFO - Processing /opt/airflow/dags/futsal_pipeline.py took 0.565 seconds
[2026-06-15T07:27:46.022+0000] {processor.py:161} INFO - Started process (PID=200) to work on /opt/airflow/dags/futsal_pipeline.py
[2026-06-15T07:27:46.023+0000] {processor.py:830} INFO - Processing file /opt/airflow/dags/futsal_pipeline.py for tasks to queue
[2026-06-15T07:27:46.025+0000] {logging_mixin.py:188} INFO - [2026-06-15T07:27:46.024+0000] {dagbag.py:545} INFO - Filling up the DagBag from /opt/airflow/dags/futsal_pipeline.py
[2026-06-15T07:27:46.496+0000] {logging_mixin.py:188} INFO - [2026-06-15T07:27:46.488+0000] {dagbag.py:355} ERROR - Failed to import: /opt/airflow/dags/futsal_pipeline.py
Traceback (most recent call last):
  File "/home/airflow/.local/lib/python3.11/site-packages/airflow/models/dagbag.py", line 351, in parse
    loader.exec_module(new_module)
  File "<frozen importlib._bootstrap_external>", line 940, in exec_module
  File "<frozen importlib._bootstrap>", line 241, in _call_with_frames_removed
  File "/opt/airflow/dags/futsal_pipeline.py", line 16, in <module>
    from pipeline.data_pipeline import DataPipeline
  File "/opt/airflow/pipeline/data_pipeline.py", line 1, in <module>
    from components.data_ingestion import DataIngestion
  File "/opt/airflow/components/data_ingestion.py", line 2, in <module>
    from db.db_connection import DB
ModuleNotFoundError: No module named 'db'
[2026-06-15T07:27:46.498+0000] {processor.py:842} WARNING - No viable dags retrieved from /opt/airflow/dags/futsal_pipeline.py
[2026-06-15T07:27:46.522+0000] {processor.py:183} INFO - Processing /opt/airflow/dags/futsal_pipeline.py took 0.509 seconds
[2026-06-15T07:28:16.623+0000] {processor.py:161} INFO - Started process (PID=212) to work on /opt/airflow/dags/futsal_pipeline.py
[2026-06-15T07:28:16.625+0000] {processor.py:830} INFO - Processing file /opt/airflow/dags/futsal_pipeline.py for tasks to queue
[2026-06-15T07:28:16.625+0000] {logging_mixin.py:188} INFO - [2026-06-15T07:28:16.625+0000] {dagbag.py:545} INFO - Filling up the DagBag from /opt/airflow/dags/futsal_pipeline.py
[2026-06-15T07:28:17.044+0000] {logging_mixin.py:188} INFO - [2026-06-15T07:28:17.034+0000] {dagbag.py:355} ERROR - Failed to import: /opt/airflow/dags/futsal_pipeline.py
Traceback (most recent call last):
  File "/home/airflow/.local/lib/python3.11/site-packages/airflow/models/dagbag.py", line 351, in parse
    loader.exec_module(new_module)
  File "<frozen importlib._bootstrap_external>", line 940, in exec_module
  File "<frozen importlib._bootstrap>", line 241, in _call_with_frames_removed
  File "/opt/airflow/dags/futsal_pipeline.py", line 16, in <module>
    from pipeline.data_pipeline import DataPipeline
  File "/opt/airflow/pipeline/data_pipeline.py", line 1, in <module>
    from components.data_ingestion import DataIngestion
  File "/opt/airflow/components/data_ingestion.py", line 2, in <module>
    from db.db_connection import DB
ModuleNotFoundError: No module named 'db'
[2026-06-15T07:28:17.045+0000] {processor.py:842} WARNING - No viable dags retrieved from /opt/airflow/dags/futsal_pipeline.py
[2026-06-15T07:28:17.058+0000] {processor.py:183} INFO - Processing /opt/airflow/dags/futsal_pipeline.py took 0.440 seconds
[2026-06-15T07:28:47.322+0000] {processor.py:161} INFO - Started process (PID=224) to work on /opt/airflow/dags/futsal_pipeline.py
[2026-06-15T07:28:47.323+0000] {processor.py:830} INFO - Processing file /opt/airflow/dags/futsal_pipeline.py for tasks to queue
[2026-06-15T07:28:47.324+0000] {logging_mixin.py:188} INFO - [2026-06-15T07:28:47.324+0000] {dagbag.py:545} INFO - Filling up the DagBag from /opt/airflow/dags/futsal_pipeline.py
[2026-06-15T07:28:47.757+0000] {logging_mixin.py:188} INFO - [2026-06-15T07:28:47.749+0000] {dagbag.py:355} ERROR - Failed to import: /opt/airflow/dags/futsal_pipeline.py
Traceback (most recent call last):
  File "/home/airflow/.local/lib/python3.11/site-packages/airflow/models/dagbag.py", line 351, in parse
    loader.exec_module(new_module)
  File "<frozen importlib._bootstrap_external>", line 940, in exec_module
  File "<frozen importlib._bootstrap>", line 241, in _call_with_frames_removed
  File "/opt/airflow/dags/futsal_pipeline.py", line 16, in <module>
    from pipeline.data_pipeline import DataPipeline
  File "/opt/airflow/pipeline/data_pipeline.py", line 1, in <module>
    from components.data_ingestion import DataIngestion
  File "/opt/airflow/components/data_ingestion.py", line 2, in <module>
    from db.db_connection import DB
ModuleNotFoundError: No module named 'db'
[2026-06-15T07:28:47.758+0000] {processor.py:842} WARNING - No viable dags retrieved from /opt/airflow/dags/futsal_pipeline.py
[2026-06-15T07:28:47.781+0000] {processor.py:183} INFO - Processing /opt/airflow/dags/futsal_pipeline.py took 0.465 seconds
[2026-06-15T07:29:18.011+0000] {processor.py:161} INFO - Started process (PID=242) to work on /opt/airflow/dags/futsal_pipeline.py
[2026-06-15T07:29:18.012+0000] {processor.py:830} INFO - Processing file /opt/airflow/dags/futsal_pipeline.py for tasks to queue
[2026-06-15T07:29:18.013+0000] {logging_mixin.py:188} INFO - [2026-06-15T07:29:18.012+0000] {dagbag.py:545} INFO - Filling up the DagBag from /opt/airflow/dags/futsal_pipeline.py
[2026-06-15T07:29:18.425+0000] {logging_mixin.py:188} INFO - [2026-06-15T07:29:18.419+0000] {dagbag.py:355} ERROR - Failed to import: /opt/airflow/dags/futsal_pipeline.py
Traceback (most recent call last):
  File "/home/airflow/.local/lib/python3.11/site-packages/airflow/models/dagbag.py", line 351, in parse
    loader.exec_module(new_module)
  File "<frozen importlib._bootstrap_external>", line 940, in exec_module
  File "<frozen importlib._bootstrap>", line 241, in _call_with_frames_removed
  File "/opt/airflow/dags/futsal_pipeline.py", line 16, in <module>
    from pipeline.data_pipeline import DataPipeline
  File "/opt/airflow/pipeline/data_pipeline.py", line 1, in <module>
    from components.data_ingestion import DataIngestion
  File "/opt/airflow/components/data_ingestion.py", line 2, in <module>
    from db.db_connection import DB
ModuleNotFoundError: No module named 'db'
[2026-06-15T07:29:18.427+0000] {processor.py:842} WARNING - No viable dags retrieved from /opt/airflow/dags/futsal_pipeline.py
[2026-06-15T07:29:18.439+0000] {processor.py:183} INFO - Processing /opt/airflow/dags/futsal_pipeline.py took 0.433 seconds
[2026-06-15T07:29:48.692+0000] {processor.py:161} INFO - Started process (PID=254) to work on /opt/airflow/dags/futsal_pipeline.py
[2026-06-15T07:29:48.693+0000] {processor.py:830} INFO - Processing file /opt/airflow/dags/futsal_pipeline.py for tasks to queue
[2026-06-15T07:29:48.694+0000] {logging_mixin.py:188} INFO - [2026-06-15T07:29:48.693+0000] {dagbag.py:545} INFO - Filling up the DagBag from /opt/airflow/dags/futsal_pipeline.py
[2026-06-15T07:29:49.112+0000] {logging_mixin.py:188} INFO - [2026-06-15T07:29:49.103+0000] {dagbag.py:355} ERROR - Failed to import: /opt/airflow/dags/futsal_pipeline.py
Traceback (most recent call last):
  File "/home/airflow/.local/lib/python3.11/site-packages/airflow/models/dagbag.py", line 351, in parse
    loader.exec_module(new_module)
  File "<frozen importlib._bootstrap_external>", line 940, in exec_module
  File "<frozen importlib._bootstrap>", line 241, in _call_with_frames_removed
  File "/opt/airflow/dags/futsal_pipeline.py", line 16, in <module>
    from pipeline.data_pipeline import DataPipeline
  File "/opt/airflow/pipeline/data_pipeline.py", line 1, in <module>
    from components.data_ingestion import DataIngestion
  File "/opt/airflow/components/data_ingestion.py", line 2, in <module>
    from db.db_connection import DB
ModuleNotFoundError: No module named 'db'
[2026-06-15T07:29:49.114+0000] {processor.py:842} WARNING - No viable dags retrieved from /opt/airflow/dags/futsal_pipeline.py
[2026-06-15T07:29:49.138+0000] {processor.py:183} INFO - Processing /opt/airflow/dags/futsal_pipeline.py took 0.451 seconds
[2026-06-15T07:30:19.388+0000] {processor.py:161} INFO - Started process (PID=266) to work on /opt/airflow/dags/futsal_pipeline.py
[2026-06-15T07:30:19.389+0000] {processor.py:830} INFO - Processing file /opt/airflow/dags/futsal_pipeline.py for tasks to queue
[2026-06-15T07:30:19.390+0000] {logging_mixin.py:188} INFO - [2026-06-15T07:30:19.390+0000] {dagbag.py:545} INFO - Filling up the DagBag from /opt/airflow/dags/futsal_pipeline.py
[2026-06-15T07:30:19.812+0000] {logging_mixin.py:188} INFO - [2026-06-15T07:30:19.799+0000] {dagbag.py:355} ERROR - Failed to import: /opt/airflow/dags/futsal_pipeline.py
Traceback (most recent call last):
  File "/home/airflow/.local/lib/python3.11/site-packages/airflow/models/dagbag.py", line 351, in parse
    loader.exec_module(new_module)
  File "<frozen importlib._bootstrap_external>", line 940, in exec_module
  File "<frozen importlib._bootstrap>", line 241, in _call_with_frames_removed
  File "/opt/airflow/dags/futsal_pipeline.py", line 16, in <module>
    from pipeline.data_pipeline import DataPipeline
  File "/opt/airflow/pipeline/data_pipeline.py", line 1, in <module>
    from components.data_ingestion import DataIngestion
  File "/opt/airflow/components/data_ingestion.py", line 2, in <module>
    from db.db_connection import DB
ModuleNotFoundError: No module named 'db'
[2026-06-15T07:30:19.814+0000] {processor.py:842} WARNING - No viable dags retrieved from /opt/airflow/dags/futsal_pipeline.py
[2026-06-15T07:30:19.839+0000] {processor.py:183} INFO - Processing /opt/airflow/dags/futsal_pipeline.py took 0.456 seconds
[2026-06-15T07:30:50.115+0000] {processor.py:161} INFO - Started process (PID=278) to work on /opt/airflow/dags/futsal_pipeline.py
[2026-06-15T07:30:50.116+0000] {processor.py:830} INFO - Processing file /opt/airflow/dags/futsal_pipeline.py for tasks to queue
[2026-06-15T07:30:50.118+0000] {logging_mixin.py:188} INFO - [2026-06-15T07:30:50.117+0000] {dagbag.py:545} INFO - Filling up the DagBag from /opt/airflow/dags/futsal_pipeline.py
[2026-06-15T07:30:50.536+0000] {logging_mixin.py:188} INFO - [2026-06-15T07:30:50.524+0000] {dagbag.py:355} ERROR - Failed to import: /opt/airflow/dags/futsal_pipeline.py
Traceback (most recent call last):
  File "/home/airflow/.local/lib/python3.11/site-packages/airflow/models/dagbag.py", line 351, in parse
    loader.exec_module(new_module)
  File "<frozen importlib._bootstrap_external>", line 940, in exec_module
  File "<frozen importlib._bootstrap>", line 241, in _call_with_frames_removed
  File "/opt/airflow/dags/futsal_pipeline.py", line 16, in <module>
    from pipeline.data_pipeline import DataPipeline
  File "/opt/airflow/pipeline/data_pipeline.py", line 1, in <module>
    from components.data_ingestion import DataIngestion
  File "/opt/airflow/components/data_ingestion.py", line 2, in <module>
    from db.db_connection import DB
ModuleNotFoundError: No module named 'db'
[2026-06-15T07:30:50.538+0000] {processor.py:842} WARNING - No viable dags retrieved from /opt/airflow/dags/futsal_pipeline.py
[2026-06-15T07:30:50.561+0000] {processor.py:183} INFO - Processing /opt/airflow/dags/futsal_pipeline.py took 0.451 seconds
[2026-06-15T07:31:20.831+0000] {processor.py:161} INFO - Started process (PID=290) to work on /opt/airflow/dags/futsal_pipeline.py
[2026-06-15T07:31:20.832+0000] {processor.py:830} INFO - Processing file /opt/airflow/dags/futsal_pipeline.py for tasks to queue
[2026-06-15T07:31:20.833+0000] {logging_mixin.py:188} INFO - [2026-06-15T07:31:20.833+0000] {dagbag.py:545} INFO - Filling up the DagBag from /opt/airflow/dags/futsal_pipeline.py
[2026-06-15T07:31:21.286+0000] {logging_mixin.py:188} INFO - [2026-06-15T07:31:21.275+0000] {dagbag.py:355} ERROR - Failed to import: /opt/airflow/dags/futsal_pipeline.py
Traceback (most recent call last):
  File "/home/airflow/.local/lib/python3.11/site-packages/airflow/models/dagbag.py", line 351, in parse
    loader.exec_module(new_module)
  File "<frozen importlib._bootstrap_external>", line 940, in exec_module
  File "<frozen importlib._bootstrap>", line 241, in _call_with_frames_removed
  File "/opt/airflow/dags/futsal_pipeline.py", line 16, in <module>
    from pipeline.data_pipeline import DataPipeline
  File "/opt/airflow/pipeline/data_pipeline.py", line 1, in <module>
    from components.data_ingestion import DataIngestion
  File "/opt/airflow/components/data_ingestion.py", line 2, in <module>
    from db.db_connection import DB
ModuleNotFoundError: No module named 'db'
[2026-06-15T07:31:21.288+0000] {processor.py:842} WARNING - No viable dags retrieved from /opt/airflow/dags/futsal_pipeline.py
[2026-06-15T07:31:21.314+0000] {processor.py:183} INFO - Processing /opt/airflow/dags/futsal_pipeline.py took 0.488 seconds
[2026-06-15T07:31:51.601+0000] {processor.py:161} INFO - Started process (PID=302) to work on /opt/airflow/dags/futsal_pipeline.py
[2026-06-15T07:31:51.601+0000] {processor.py:830} INFO - Processing file /opt/airflow/dags/futsal_pipeline.py for tasks to queue
[2026-06-15T07:31:51.602+0000] {logging_mixin.py:188} INFO - [2026-06-15T07:31:51.602+0000] {dagbag.py:545} INFO - Filling up the DagBag from /opt/airflow/dags/futsal_pipeline.py
[2026-06-15T07:31:52.057+0000] {logging_mixin.py:188} INFO - [2026-06-15T07:31:52.043+0000] {dagbag.py:355} ERROR - Failed to import: /opt/airflow/dags/futsal_pipeline.py
Traceback (most recent call last):
  File "/home/airflow/.local/lib/python3.11/site-packages/airflow/models/dagbag.py", line 351, in parse
    loader.exec_module(new_module)
  File "<frozen importlib._bootstrap_external>", line 940, in exec_module
  File "<frozen importlib._bootstrap>", line 241, in _call_with_frames_removed
  File "/opt/airflow/dags/futsal_pipeline.py", line 16, in <module>
    from pipeline.data_pipeline import DataPipeline
  File "/opt/airflow/pipeline/data_pipeline.py", line 1, in <module>
    from components.data_ingestion import DataIngestion
  File "/opt/airflow/components/data_ingestion.py", line 2, in <module>
    from db.db_connection import DB
ModuleNotFoundError: No module named 'db'
[2026-06-15T07:31:52.060+0000] {processor.py:842} WARNING - No viable dags retrieved from /opt/airflow/dags/futsal_pipeline.py
[2026-06-15T07:31:52.085+0000] {processor.py:183} INFO - Processing /opt/airflow/dags/futsal_pipeline.py took 0.488 seconds
[2026-06-15T07:32:22.305+0000] {processor.py:161} INFO - Started process (PID=314) to work on /opt/airflow/dags/futsal_pipeline.py
[2026-06-15T07:32:22.306+0000] {processor.py:830} INFO - Processing file /opt/airflow/dags/futsal_pipeline.py for tasks to queue
[2026-06-15T07:32:22.307+0000] {logging_mixin.py:188} INFO - [2026-06-15T07:32:22.307+0000] {dagbag.py:545} INFO - Filling up the DagBag from /opt/airflow/dags/futsal_pipeline.py
[2026-06-15T07:32:22.763+0000] {logging_mixin.py:188} INFO - [2026-06-15T07:32:22.753+0000] {dagbag.py:355} ERROR - Failed to import: /opt/airflow/dags/futsal_pipeline.py
Traceback (most recent call last):
  File "/home/airflow/.local/lib/python3.11/site-packages/airflow/models/dagbag.py", line 351, in parse
    loader.exec_module(new_module)
  File "<frozen importlib._bootstrap_external>", line 940, in exec_module
  File "<frozen importlib._bootstrap>", line 241, in _call_with_frames_removed
  File "/opt/airflow/dags/futsal_pipeline.py", line 16, in <module>
    from pipeline.data_pipeline import DataPipeline
  File "/opt/airflow/pipeline/data_pipeline.py", line 1, in <module>
    from components.data_ingestion import DataIngestion
  File "/opt/airflow/components/data_ingestion.py", line 2, in <module>
    from db.db_connection import DB
ModuleNotFoundError: No module named 'db'
[2026-06-15T07:32:22.765+0000] {processor.py:842} WARNING - No viable dags retrieved from /opt/airflow/dags/futsal_pipeline.py
[2026-06-15T07:32:22.790+0000] {processor.py:183} INFO - Processing /opt/airflow/dags/futsal_pipeline.py took 0.489 seconds
[2026-06-15T07:32:53.044+0000] {processor.py:161} INFO - Started process (PID=326) to work on /opt/airflow/dags/futsal_pipeline.py
[2026-06-15T07:32:53.045+0000] {processor.py:830} INFO - Processing file /opt/airflow/dags/futsal_pipeline.py for tasks to queue
[2026-06-15T07:32:53.046+0000] {logging_mixin.py:188} INFO - [2026-06-15T07:32:53.046+0000] {dagbag.py:545} INFO - Filling up the DagBag from /opt/airflow/dags/futsal_pipeline.py
[2026-06-15T07:32:53.531+0000] {logging_mixin.py:188} INFO - [2026-06-15T07:32:53.521+0000] {dagbag.py:355} ERROR - Failed to import: /opt/airflow/dags/futsal_pipeline.py
Traceback (most recent call last):
  File "/home/airflow/.local/lib/python3.11/site-packages/airflow/models/dagbag.py", line 351, in parse
    loader.exec_module(new_module)
  File "<frozen importlib._bootstrap_external>", line 940, in exec_module
  File "<frozen importlib._bootstrap>", line 241, in _call_with_frames_removed
  File "/opt/airflow/dags/futsal_pipeline.py", line 16, in <module>
    from pipeline.data_pipeline import DataPipeline
  File "/opt/airflow/pipeline/data_pipeline.py", line 1, in <module>
    from components.data_ingestion import DataIngestion
  File "/opt/airflow/components/data_ingestion.py", line 2, in <module>
    from db.db_connection import DB
ModuleNotFoundError: No module named 'db'
[2026-06-15T07:32:53.533+0000] {processor.py:842} WARNING - No viable dags retrieved from /opt/airflow/dags/futsal_pipeline.py
[2026-06-15T07:32:53.558+0000] {processor.py:183} INFO - Processing /opt/airflow/dags/futsal_pipeline.py took 0.519 seconds
[2026-06-15T07:33:23.810+0000] {processor.py:161} INFO - Started process (PID=338) to work on /opt/airflow/dags/futsal_pipeline.py
[2026-06-15T07:33:23.811+0000] {processor.py:830} INFO - Processing file /opt/airflow/dags/futsal_pipeline.py for tasks to queue
[2026-06-15T07:33:23.812+0000] {logging_mixin.py:188} INFO - [2026-06-15T07:33:23.812+0000] {dagbag.py:545} INFO - Filling up the DagBag from /opt/airflow/dags/futsal_pipeline.py
[2026-06-15T07:33:24.244+0000] {logging_mixin.py:188} INFO - [2026-06-15T07:33:24.235+0000] {dagbag.py:355} ERROR - Failed to import: /opt/airflow/dags/futsal_pipeline.py
Traceback (most recent call last):
  File "/home/airflow/.local/lib/python3.11/site-packages/airflow/models/dagbag.py", line 351, in parse
    loader.exec_module(new_module)
  File "<frozen importlib._bootstrap_external>", line 940, in exec_module
  File "<frozen importlib._bootstrap>", line 241, in _call_with_frames_removed
  File "/opt/airflow/dags/futsal_pipeline.py", line 16, in <module>
    from pipeline.data_pipeline import DataPipeline
  File "/opt/airflow/pipeline/data_pipeline.py", line 1, in <module>
    from components.data_ingestion import DataIngestion
  File "/opt/airflow/components/data_ingestion.py", line 2, in <module>
    from db.db_connection import DB
ModuleNotFoundError: No module named 'db'
[2026-06-15T07:33:24.246+0000] {processor.py:842} WARNING - No viable dags retrieved from /opt/airflow/dags/futsal_pipeline.py
[2026-06-15T07:33:24.270+0000] {processor.py:183} INFO - Processing /opt/airflow/dags/futsal_pipeline.py took 0.464 seconds
[2026-06-15T07:33:54.497+0000] {processor.py:161} INFO - Started process (PID=350) to work on /opt/airflow/dags/futsal_pipeline.py
[2026-06-15T07:33:54.498+0000] {processor.py:830} INFO - Processing file /opt/airflow/dags/futsal_pipeline.py for tasks to queue
[2026-06-15T07:33:54.499+0000] {logging_mixin.py:188} INFO - [2026-06-15T07:33:54.498+0000] {dagbag.py:545} INFO - Filling up the DagBag from /opt/airflow/dags/futsal_pipeline.py
[2026-06-15T07:33:54.939+0000] {logging_mixin.py:188} INFO - [2026-06-15T07:33:54.929+0000] {dagbag.py:355} ERROR - Failed to import: /opt/airflow/dags/futsal_pipeline.py
Traceback (most recent call last):
  File "/home/airflow/.local/lib/python3.11/site-packages/airflow/models/dagbag.py", line 351, in parse
    loader.exec_module(new_module)
  File "<frozen importlib._bootstrap_external>", line 940, in exec_module
  File "<frozen importlib._bootstrap>", line 241, in _call_with_frames_removed
  File "/opt/airflow/dags/futsal_pipeline.py", line 16, in <module>
    from pipeline.data_pipeline import DataPipeline
  File "/opt/airflow/pipeline/data_pipeline.py", line 1, in <module>
    from components.data_ingestion import DataIngestion
  File "/opt/airflow/components/data_ingestion.py", line 2, in <module>
    from db.db_connection import DB
ModuleNotFoundError: No module named 'db'
[2026-06-15T07:33:54.940+0000] {processor.py:842} WARNING - No viable dags retrieved from /opt/airflow/dags/futsal_pipeline.py
[2026-06-15T07:33:54.954+0000] {processor.py:183} INFO - Processing /opt/airflow/dags/futsal_pipeline.py took 0.463 seconds
[2026-06-15T07:34:25.209+0000] {processor.py:161} INFO - Started process (PID=362) to work on /opt/airflow/dags/futsal_pipeline.py
[2026-06-15T07:34:25.210+0000] {processor.py:830} INFO - Processing file /opt/airflow/dags/futsal_pipeline.py for tasks to queue
[2026-06-15T07:34:25.211+0000] {logging_mixin.py:188} INFO - [2026-06-15T07:34:25.211+0000] {dagbag.py:545} INFO - Filling up the DagBag from /opt/airflow/dags/futsal_pipeline.py
[2026-06-15T07:34:25.539+0000] {logging_mixin.py:188} INFO - [2026-06-15T07:34:25.527+0000] {dagbag.py:355} ERROR - Failed to import: /opt/airflow/dags/futsal_pipeline.py
Traceback (most recent call last):
  File "/home/airflow/.local/lib/python3.11/site-packages/airflow/models/dagbag.py", line 351, in parse
    loader.exec_module(new_module)
  File "<frozen importlib._bootstrap_external>", line 940, in exec_module
  File "<frozen importlib._bootstrap>", line 241, in _call_with_frames_removed
  File "/opt/airflow/dags/futsal_pipeline.py", line 16, in <module>
    from pipeline.data_pipeline import DataPipeline
  File "/opt/airflow/pipeline/data_pipeline.py", line 1, in <module>
    from components.data_ingestion import DataIngestion
  File "/opt/airflow/components/data_ingestion.py", line 2, in <module>
    from db.db_connection import DB
ModuleNotFoundError: No module named 'db'
[2026-06-15T07:34:25.541+0000] {processor.py:842} WARNING - No viable dags retrieved from /opt/airflow/dags/futsal_pipeline.py
[2026-06-15T07:34:25.571+0000] {processor.py:183} INFO - Processing /opt/airflow/dags/futsal_pipeline.py took 0.367 seconds
[2026-06-15T07:34:55.803+0000] {processor.py:161} INFO - Started process (PID=374) to work on /opt/airflow/dags/futsal_pipeline.py
[2026-06-15T07:34:55.805+0000] {processor.py:830} INFO - Processing file /opt/airflow/dags/futsal_pipeline.py for tasks to queue
[2026-06-15T07:34:55.806+0000] {logging_mixin.py:188} INFO - [2026-06-15T07:34:55.805+0000] {dagbag.py:545} INFO - Filling up the DagBag from /opt/airflow/dags/futsal_pipeline.py
[2026-06-15T07:34:56.233+0000] {logging_mixin.py:188} INFO - [2026-06-15T07:34:56.221+0000] {dagbag.py:355} ERROR - Failed to import: /opt/airflow/dags/futsal_pipeline.py
Traceback (most recent call last):
  File "/home/airflow/.local/lib/python3.11/site-packages/airflow/models/dagbag.py", line 351, in parse
    loader.exec_module(new_module)
  File "<frozen importlib._bootstrap_external>", line 940, in exec_module
  File "<frozen importlib._bootstrap>", line 241, in _call_with_frames_removed
  File "/opt/airflow/dags/futsal_pipeline.py", line 16, in <module>
    from pipeline.data_pipeline import DataPipeline
  File "/opt/airflow/pipeline/data_pipeline.py", line 1, in <module>
    from components.data_ingestion import DataIngestion
  File "/opt/airflow/components/data_ingestion.py", line 2, in <module>
    from db.db_connection import DB
ModuleNotFoundError: No module named 'db'
[2026-06-15T07:34:56.235+0000] {processor.py:842} WARNING - No viable dags retrieved from /opt/airflow/dags/futsal_pipeline.py
[2026-06-15T07:34:56.264+0000] {processor.py:183} INFO - Processing /opt/airflow/dags/futsal_pipeline.py took 0.470 seconds
[2026-06-15T07:35:26.474+0000] {processor.py:161} INFO - Started process (PID=386) to work on /opt/airflow/dags/futsal_pipeline.py
[2026-06-15T07:35:26.475+0000] {processor.py:830} INFO - Processing file /opt/airflow/dags/futsal_pipeline.py for tasks to queue
[2026-06-15T07:35:26.476+0000] {logging_mixin.py:188} INFO - [2026-06-15T07:35:26.476+0000] {dagbag.py:545} INFO - Filling up the DagBag from /opt/airflow/dags/futsal_pipeline.py
[2026-06-15T07:35:26.845+0000] {logging_mixin.py:188} INFO - [2026-06-15T07:35:26.832+0000] {dagbag.py:355} ERROR - Failed to import: /opt/airflow/dags/futsal_pipeline.py
Traceback (most recent call last):
  File "/home/airflow/.local/lib/python3.11/site-packages/airflow/models/dagbag.py", line 351, in parse
    loader.exec_module(new_module)
  File "<frozen importlib._bootstrap_external>", line 940, in exec_module
  File "<frozen importlib._bootstrap>", line 241, in _call_with_frames_removed
  File "/opt/airflow/dags/futsal_pipeline.py", line 16, in <module>
    from pipeline.data_pipeline import DataPipeline
  File "/opt/airflow/pipeline/data_pipeline.py", line 1, in <module>
    from components.data_ingestion import DataIngestion
  File "/opt/airflow/components/data_ingestion.py", line 2, in <module>
    from db.db_connection import DB
ModuleNotFoundError: No module named 'db'
[2026-06-15T07:35:26.847+0000] {processor.py:842} WARNING - No viable dags retrieved from /opt/airflow/dags/futsal_pipeline.py
[2026-06-15T07:35:26.875+0000] {processor.py:183} INFO - Processing /opt/airflow/dags/futsal_pipeline.py took 0.406 seconds
[2026-06-15T07:35:57.093+0000] {processor.py:161} INFO - Started process (PID=398) to work on /opt/airflow/dags/futsal_pipeline.py
[2026-06-15T07:35:57.095+0000] {processor.py:830} INFO - Processing file /opt/airflow/dags/futsal_pipeline.py for tasks to queue
[2026-06-15T07:35:57.095+0000] {logging_mixin.py:188} INFO - [2026-06-15T07:35:57.095+0000] {dagbag.py:545} INFO - Filling up the DagBag from /opt/airflow/dags/futsal_pipeline.py
[2026-06-15T07:35:57.485+0000] {logging_mixin.py:188} INFO - [2026-06-15T07:35:57.475+0000] {dagbag.py:355} ERROR - Failed to import: /opt/airflow/dags/futsal_pipeline.py
Traceback (most recent call last):
  File "/home/airflow/.local/lib/python3.11/site-packages/airflow/models/dagbag.py", line 351, in parse
    loader.exec_module(new_module)
  File "<frozen importlib._bootstrap_external>", line 940, in exec_module
  File "<frozen importlib._bootstrap>", line 241, in _call_with_frames_removed
  File "/opt/airflow/dags/futsal_pipeline.py", line 16, in <module>
    from pipeline.data_pipeline import DataPipeline
  File "/opt/airflow/pipeline/data_pipeline.py", line 1, in <module>
    from components.data_ingestion import DataIngestion
  File "/opt/airflow/components/data_ingestion.py", line 2, in <module>
    from db.db_connection import DB
ModuleNotFoundError: No module named 'db'
[2026-06-15T07:35:57.487+0000] {processor.py:842} WARNING - No viable dags retrieved from /opt/airflow/dags/futsal_pipeline.py
[2026-06-15T07:35:57.515+0000] {processor.py:183} INFO - Processing /opt/airflow/dags/futsal_pipeline.py took 0.428 seconds
[2026-06-15T07:36:27.711+0000] {processor.py:161} INFO - Started process (PID=410) to work on /opt/airflow/dags/futsal_pipeline.py
[2026-06-15T07:36:27.713+0000] {processor.py:830} INFO - Processing file /opt/airflow/dags/futsal_pipeline.py for tasks to queue
[2026-06-15T07:36:27.714+0000] {logging_mixin.py:188} INFO - [2026-06-15T07:36:27.714+0000] {dagbag.py:545} INFO - Filling up the DagBag from /opt/airflow/dags/futsal_pipeline.py
[2026-06-15T07:36:28.079+0000] {logging_mixin.py:188} INFO - [2026-06-15T07:36:28.068+0000] {dagbag.py:355} ERROR - Failed to import: /opt/airflow/dags/futsal_pipeline.py
Traceback (most recent call last):
  File "/home/airflow/.local/lib/python3.11/site-packages/airflow/models/dagbag.py", line 351, in parse
    loader.exec_module(new_module)
  File "<frozen importlib._bootstrap_external>", line 940, in exec_module
  File "<frozen importlib._bootstrap>", line 241, in _call_with_frames_removed
  File "/opt/airflow/dags/futsal_pipeline.py", line 16, in <module>
    from pipeline.data_pipeline import DataPipeline
  File "/opt/airflow/pipeline/data_pipeline.py", line 1, in <module>
    from components.data_ingestion import DataIngestion
  File "/opt/airflow/components/data_ingestion.py", line 2, in <module>
    from db.db_connection import DB
ModuleNotFoundError: No module named 'db'
[2026-06-15T07:36:28.082+0000] {processor.py:842} WARNING - No viable dags retrieved from /opt/airflow/dags/futsal_pipeline.py
[2026-06-15T07:36:28.111+0000] {processor.py:183} INFO - Processing /opt/airflow/dags/futsal_pipeline.py took 0.406 seconds
[2026-06-15T07:36:58.354+0000] {processor.py:161} INFO - Started process (PID=422) to work on /opt/airflow/dags/futsal_pipeline.py
[2026-06-15T07:36:58.355+0000] {processor.py:830} INFO - Processing file /opt/airflow/dags/futsal_pipeline.py for tasks to queue
[2026-06-15T07:36:58.356+0000] {logging_mixin.py:188} INFO - [2026-06-15T07:36:58.355+0000] {dagbag.py:545} INFO - Filling up the DagBag from /opt/airflow/dags/futsal_pipeline.py
[2026-06-15T07:36:58.655+0000] {logging_mixin.py:188} INFO - [2026-06-15T07:36:58.647+0000] {dagbag.py:355} ERROR - Failed to import: /opt/airflow/dags/futsal_pipeline.py
Traceback (most recent call last):
  File "/home/airflow/.local/lib/python3.11/site-packages/airflow/models/dagbag.py", line 351, in parse
    loader.exec_module(new_module)
  File "<frozen importlib._bootstrap_external>", line 940, in exec_module
  File "<frozen importlib._bootstrap>", line 241, in _call_with_frames_removed
  File "/opt/airflow/dags/futsal_pipeline.py", line 16, in <module>
    from pipeline.data_pipeline import DataPipeline
  File "/opt/airflow/pipeline/data_pipeline.py", line 1, in <module>
    from components.data_ingestion import DataIngestion
  File "/opt/airflow/components/data_ingestion.py", line 2, in <module>
    from db.db_connection import DB
ModuleNotFoundError: No module named 'db'
[2026-06-15T07:36:58.657+0000] {processor.py:842} WARNING - No viable dags retrieved from /opt/airflow/dags/futsal_pipeline.py
[2026-06-15T07:36:58.684+0000] {processor.py:183} INFO - Processing /opt/airflow/dags/futsal_pipeline.py took 0.339 seconds
[2026-06-15T07:37:28.935+0000] {processor.py:161} INFO - Started process (PID=434) to work on /opt/airflow/dags/futsal_pipeline.py
[2026-06-15T07:37:28.936+0000] {processor.py:830} INFO - Processing file /opt/airflow/dags/futsal_pipeline.py for tasks to queue
[2026-06-15T07:37:28.937+0000] {logging_mixin.py:188} INFO - [2026-06-15T07:37:28.936+0000] {dagbag.py:545} INFO - Filling up the DagBag from /opt/airflow/dags/futsal_pipeline.py
[2026-06-15T07:37:29.238+0000] {logging_mixin.py:188} INFO - [2026-06-15T07:37:29.226+0000] {dagbag.py:355} ERROR - Failed to import: /opt/airflow/dags/futsal_pipeline.py
Traceback (most recent call last):
  File "/home/airflow/.local/lib/python3.11/site-packages/airflow/models/dagbag.py", line 351, in parse
    loader.exec_module(new_module)
  File "<frozen importlib._bootstrap_external>", line 940, in exec_module
  File "<frozen importlib._bootstrap>", line 241, in _call_with_frames_removed
  File "/opt/airflow/dags/futsal_pipeline.py", line 16, in <module>
    from pipeline.data_pipeline import DataPipeline
  File "/opt/airflow/pipeline/data_pipeline.py", line 1, in <module>
    from components.data_ingestion import DataIngestion
  File "/opt/airflow/components/data_ingestion.py", line 2, in <module>
    from db.db_connection import DB
ModuleNotFoundError: No module named 'db'
[2026-06-15T07:37:29.240+0000] {processor.py:842} WARNING - No viable dags retrieved from /opt/airflow/dags/futsal_pipeline.py
[2026-06-15T07:37:29.267+0000] {processor.py:183} INFO - Processing /opt/airflow/dags/futsal_pipeline.py took 0.338 seconds
[2026-06-15T07:37:59.513+0000] {processor.py:161} INFO - Started process (PID=446) to work on /opt/airflow/dags/futsal_pipeline.py
[2026-06-15T07:37:59.514+0000] {processor.py:830} INFO - Processing file /opt/airflow/dags/futsal_pipeline.py for tasks to queue
[2026-06-15T07:37:59.515+0000] {logging_mixin.py:188} INFO - [2026-06-15T07:37:59.514+0000] {dagbag.py:545} INFO - Filling up the DagBag from /opt/airflow/dags/futsal_pipeline.py
[2026-06-15T07:37:59.828+0000] {logging_mixin.py:188} INFO - [2026-06-15T07:37:59.817+0000] {dagbag.py:355} ERROR - Failed to import: /opt/airflow/dags/futsal_pipeline.py
Traceback (most recent call last):
  File "/home/airflow/.local/lib/python3.11/site-packages/airflow/models/dagbag.py", line 351, in parse
    loader.exec_module(new_module)
  File "<frozen importlib._bootstrap_external>", line 940, in exec_module
  File "<frozen importlib._bootstrap>", line 241, in _call_with_frames_removed
  File "/opt/airflow/dags/futsal_pipeline.py", line 16, in <module>
    from pipeline.data_pipeline import DataPipeline
  File "/opt/airflow/pipeline/data_pipeline.py", line 1, in <module>
    from components.data_ingestion import DataIngestion
  File "/opt/airflow/components/data_ingestion.py", line 2, in <module>
    from db.db_connection import DB
ModuleNotFoundError: No module named 'db'
[2026-06-15T07:37:59.829+0000] {processor.py:842} WARNING - No viable dags retrieved from /opt/airflow/dags/futsal_pipeline.py
[2026-06-15T07:37:59.855+0000] {processor.py:183} INFO - Processing /opt/airflow/dags/futsal_pipeline.py took 0.348 seconds
[2026-06-15T07:38:30.105+0000] {processor.py:161} INFO - Started process (PID=458) to work on /opt/airflow/dags/futsal_pipeline.py
[2026-06-15T07:38:30.106+0000] {processor.py:830} INFO - Processing file /opt/airflow/dags/futsal_pipeline.py for tasks to queue
[2026-06-15T07:38:30.107+0000] {logging_mixin.py:188} INFO - [2026-06-15T07:38:30.106+0000] {dagbag.py:545} INFO - Filling up the DagBag from /opt/airflow/dags/futsal_pipeline.py
[2026-06-15T07:38:30.418+0000] {logging_mixin.py:188} INFO - [2026-06-15T07:38:30.407+0000] {dagbag.py:355} ERROR - Failed to import: /opt/airflow/dags/futsal_pipeline.py
Traceback (most recent call last):
  File "/home/airflow/.local/lib/python3.11/site-packages/airflow/models/dagbag.py", line 351, in parse
    loader.exec_module(new_module)
  File "<frozen importlib._bootstrap_external>", line 940, in exec_module
  File "<frozen importlib._bootstrap>", line 241, in _call_with_frames_removed
  File "/opt/airflow/dags/futsal_pipeline.py", line 16, in <module>
    from pipeline.data_pipeline import DataPipeline
  File "/opt/airflow/pipeline/data_pipeline.py", line 1, in <module>
    from components.data_ingestion import DataIngestion
  File "/opt/airflow/components/data_ingestion.py", line 2, in <module>
    from db.db_connection import DB
ModuleNotFoundError: No module named 'db'
[2026-06-15T07:38:30.420+0000] {processor.py:842} WARNING - No viable dags retrieved from /opt/airflow/dags/futsal_pipeline.py
[2026-06-15T07:38:30.447+0000] {processor.py:183} INFO - Processing /opt/airflow/dags/futsal_pipeline.py took 0.348 seconds
[2026-06-15T07:39:00.675+0000] {processor.py:161} INFO - Started process (PID=470) to work on /opt/airflow/dags/futsal_pipeline.py
[2026-06-15T07:39:00.676+0000] {processor.py:830} INFO - Processing file /opt/airflow/dags/futsal_pipeline.py for tasks to queue
[2026-06-15T07:39:00.677+0000] {logging_mixin.py:188} INFO - [2026-06-15T07:39:00.676+0000] {dagbag.py:545} INFO - Filling up the DagBag from /opt/airflow/dags/futsal_pipeline.py
[2026-06-15T07:39:01.006+0000] {logging_mixin.py:188} INFO - [2026-06-15T07:39:00.990+0000] {dagbag.py:355} ERROR - Failed to import: /opt/airflow/dags/futsal_pipeline.py
Traceback (most recent call last):
  File "/home/airflow/.local/lib/python3.11/site-packages/airflow/models/dagbag.py", line 351, in parse
    loader.exec_module(new_module)
  File "<frozen importlib._bootstrap_external>", line 940, in exec_module
  File "<frozen importlib._bootstrap>", line 241, in _call_with_frames_removed
  File "/opt/airflow/dags/futsal_pipeline.py", line 16, in <module>
    from pipeline.data_pipeline import DataPipeline
  File "/opt/airflow/pipeline/data_pipeline.py", line 1, in <module>
    from components.data_ingestion import DataIngestion
  File "/opt/airflow/components/data_ingestion.py", line 2, in <module>
    from db.db_connection import DB
ModuleNotFoundError: No module named 'db'
[2026-06-15T07:39:01.008+0000] {processor.py:842} WARNING - No viable dags retrieved from /opt/airflow/dags/futsal_pipeline.py
[2026-06-15T07:39:01.036+0000] {processor.py:183} INFO - Processing /opt/airflow/dags/futsal_pipeline.py took 0.367 seconds
[2026-06-15T07:39:31.253+0000] {processor.py:161} INFO - Started process (PID=482) to work on /opt/airflow/dags/futsal_pipeline.py
[2026-06-15T07:39:31.254+0000] {processor.py:830} INFO - Processing file /opt/airflow/dags/futsal_pipeline.py for tasks to queue
[2026-06-15T07:39:31.255+0000] {logging_mixin.py:188} INFO - [2026-06-15T07:39:31.255+0000] {dagbag.py:545} INFO - Filling up the DagBag from /opt/airflow/dags/futsal_pipeline.py
[2026-06-15T07:39:31.603+0000] {logging_mixin.py:188} INFO - [2026-06-15T07:39:31.592+0000] {dagbag.py:355} ERROR - Failed to import: /opt/airflow/dags/futsal_pipeline.py
Traceback (most recent call last):
  File "/home/airflow/.local/lib/python3.11/site-packages/airflow/models/dagbag.py", line 351, in parse
    loader.exec_module(new_module)
  File "<frozen importlib._bootstrap_external>", line 940, in exec_module
  File "<frozen importlib._bootstrap>", line 241, in _call_with_frames_removed
  File "/opt/airflow/dags/futsal_pipeline.py", line 16, in <module>
    from pipeline.data_pipeline import DataPipeline
  File "/opt/airflow/pipeline/data_pipeline.py", line 1, in <module>
    from components.data_ingestion import DataIngestion
  File "/opt/airflow/components/data_ingestion.py", line 2, in <module>
    from db.db_connection import DB
ModuleNotFoundError: No module named 'db'
[2026-06-15T07:39:31.605+0000] {processor.py:842} WARNING - No viable dags retrieved from /opt/airflow/dags/futsal_pipeline.py
[2026-06-15T07:39:31.623+0000] {processor.py:183} INFO - Processing /opt/airflow/dags/futsal_pipeline.py took 0.375 seconds
[2026-06-15T07:40:01.845+0000] {processor.py:161} INFO - Started process (PID=494) to work on /opt/airflow/dags/futsal_pipeline.py
[2026-06-15T07:40:01.847+0000] {processor.py:830} INFO - Processing file /opt/airflow/dags/futsal_pipeline.py for tasks to queue
[2026-06-15T07:40:01.848+0000] {logging_mixin.py:188} INFO - [2026-06-15T07:40:01.847+0000] {dagbag.py:545} INFO - Filling up the DagBag from /opt/airflow/dags/futsal_pipeline.py
[2026-06-15T07:40:02.166+0000] {logging_mixin.py:188} INFO - [2026-06-15T07:40:02.158+0000] {dagbag.py:355} ERROR - Failed to import: /opt/airflow/dags/futsal_pipeline.py
Traceback (most recent call last):
  File "/home/airflow/.local/lib/python3.11/site-packages/airflow/models/dagbag.py", line 351, in parse
    loader.exec_module(new_module)
  File "<frozen importlib._bootstrap_external>", line 940, in exec_module
  File "<frozen importlib._bootstrap>", line 241, in _call_with_frames_removed
  File "/opt/airflow/dags/futsal_pipeline.py", line 16, in <module>
    from pipeline.data_pipeline import DataPipeline
  File "/opt/airflow/pipeline/data_pipeline.py", line 1, in <module>
    from components.data_ingestion import DataIngestion
  File "/opt/airflow/components/data_ingestion.py", line 2, in <module>
    from db.db_connection import DB
ModuleNotFoundError: No module named 'db'
[2026-06-15T07:40:02.168+0000] {processor.py:842} WARNING - No viable dags retrieved from /opt/airflow/dags/futsal_pipeline.py
[2026-06-15T07:40:02.183+0000] {processor.py:183} INFO - Processing /opt/airflow/dags/futsal_pipeline.py took 0.343 seconds
[2026-06-15T07:40:32.408+0000] {processor.py:161} INFO - Started process (PID=506) to work on /opt/airflow/dags/futsal_pipeline.py
[2026-06-15T07:40:32.409+0000] {processor.py:830} INFO - Processing file /opt/airflow/dags/futsal_pipeline.py for tasks to queue
[2026-06-15T07:40:32.410+0000] {logging_mixin.py:188} INFO - [2026-06-15T07:40:32.410+0000] {dagbag.py:545} INFO - Filling up the DagBag from /opt/airflow/dags/futsal_pipeline.py
[2026-06-15T07:40:32.855+0000] {logging_mixin.py:188} INFO - [2026-06-15T07:40:32.845+0000] {dagbag.py:355} ERROR - Failed to import: /opt/airflow/dags/futsal_pipeline.py
Traceback (most recent call last):
  File "/home/airflow/.local/lib/python3.11/site-packages/airflow/models/dagbag.py", line 351, in parse
    loader.exec_module(new_module)
  File "<frozen importlib._bootstrap_external>", line 940, in exec_module
  File "<frozen importlib._bootstrap>", line 241, in _call_with_frames_removed
  File "/opt/airflow/dags/futsal_pipeline.py", line 16, in <module>
    from pipeline.data_pipeline import DataPipeline
  File "/opt/airflow/pipeline/data_pipeline.py", line 1, in <module>
    from components.data_ingestion import DataIngestion
  File "/opt/airflow/components/data_ingestion.py", line 2, in <module>
    from db.db_connection import DB
ModuleNotFoundError: No module named 'db'
[2026-06-15T07:40:32.857+0000] {processor.py:842} WARNING - No viable dags retrieved from /opt/airflow/dags/futsal_pipeline.py
[2026-06-15T07:40:32.884+0000] {processor.py:183} INFO - Processing /opt/airflow/dags/futsal_pipeline.py took 0.481 seconds
[2026-06-15T07:41:03.136+0000] {processor.py:161} INFO - Started process (PID=518) to work on /opt/airflow/dags/futsal_pipeline.py
[2026-06-15T07:41:03.136+0000] {processor.py:830} INFO - Processing file /opt/airflow/dags/futsal_pipeline.py for tasks to queue
[2026-06-15T07:41:03.137+0000] {logging_mixin.py:188} INFO - [2026-06-15T07:41:03.137+0000] {dagbag.py:545} INFO - Filling up the DagBag from /opt/airflow/dags/futsal_pipeline.py
[2026-06-15T07:41:03.451+0000] {logging_mixin.py:188} INFO - [2026-06-15T07:41:03.441+0000] {dagbag.py:355} ERROR - Failed to import: /opt/airflow/dags/futsal_pipeline.py
Traceback (most recent call last):
  File "/home/airflow/.local/lib/python3.11/site-packages/airflow/models/dagbag.py", line 351, in parse
    loader.exec_module(new_module)
  File "<frozen importlib._bootstrap_external>", line 940, in exec_module
  File "<frozen importlib._bootstrap>", line 241, in _call_with_frames_removed
  File "/opt/airflow/dags/futsal_pipeline.py", line 16, in <module>
    from pipeline.data_pipeline import DataPipeline
  File "/opt/airflow/pipeline/data_pipeline.py", line 1, in <module>
    from components.data_ingestion import DataIngestion
  File "/opt/airflow/components/data_ingestion.py", line 2, in <module>
    from db.db_connection import DB
ModuleNotFoundError: No module named 'db'
[2026-06-15T07:41:03.453+0000] {processor.py:842} WARNING - No viable dags retrieved from /opt/airflow/dags/futsal_pipeline.py
[2026-06-15T07:41:03.481+0000] {processor.py:183} INFO - Processing /opt/airflow/dags/futsal_pipeline.py took 0.350 seconds
[2026-06-15T07:41:33.721+0000] {processor.py:161} INFO - Started process (PID=530) to work on /opt/airflow/dags/futsal_pipeline.py
[2026-06-15T07:41:33.723+0000] {processor.py:830} INFO - Processing file /opt/airflow/dags/futsal_pipeline.py for tasks to queue
[2026-06-15T07:41:33.724+0000] {logging_mixin.py:188} INFO - [2026-06-15T07:41:33.723+0000] {dagbag.py:545} INFO - Filling up the DagBag from /opt/airflow/dags/futsal_pipeline.py
[2026-06-15T07:41:34.085+0000] {logging_mixin.py:188} INFO - [2026-06-15T07:41:34.076+0000] {dagbag.py:355} ERROR - Failed to import: /opt/airflow/dags/futsal_pipeline.py
Traceback (most recent call last):
  File "/home/airflow/.local/lib/python3.11/site-packages/airflow/models/dagbag.py", line 351, in parse
    loader.exec_module(new_module)
  File "<frozen importlib._bootstrap_external>", line 940, in exec_module
  File "<frozen importlib._bootstrap>", line 241, in _call_with_frames_removed
  File "/opt/airflow/dags/futsal_pipeline.py", line 16, in <module>
    from pipeline.data_pipeline import DataPipeline
  File "/opt/airflow/pipeline/data_pipeline.py", line 1, in <module>
    from components.data_ingestion import DataIngestion
  File "/opt/airflow/components/data_ingestion.py", line 2, in <module>
    from db.db_connection import DB
ModuleNotFoundError: No module named 'db'
[2026-06-15T07:41:34.086+0000] {processor.py:842} WARNING - No viable dags retrieved from /opt/airflow/dags/futsal_pipeline.py
[2026-06-15T07:41:34.115+0000] {processor.py:183} INFO - Processing /opt/airflow/dags/futsal_pipeline.py took 0.402 seconds
[2026-06-15T07:42:04.390+0000] {processor.py:161} INFO - Started process (PID=542) to work on /opt/airflow/dags/futsal_pipeline.py
[2026-06-15T07:42:04.391+0000] {processor.py:830} INFO - Processing file /opt/airflow/dags/futsal_pipeline.py for tasks to queue
[2026-06-15T07:42:04.392+0000] {logging_mixin.py:188} INFO - [2026-06-15T07:42:04.392+0000] {dagbag.py:545} INFO - Filling up the DagBag from /opt/airflow/dags/futsal_pipeline.py
[2026-06-15T07:42:04.703+0000] {logging_mixin.py:188} INFO - [2026-06-15T07:42:04.693+0000] {dagbag.py:355} ERROR - Failed to import: /opt/airflow/dags/futsal_pipeline.py
Traceback (most recent call last):
  File "/home/airflow/.local/lib/python3.11/site-packages/airflow/models/dagbag.py", line 351, in parse
    loader.exec_module(new_module)
  File "<frozen importlib._bootstrap_external>", line 940, in exec_module
  File "<frozen importlib._bootstrap>", line 241, in _call_with_frames_removed
  File "/opt/airflow/dags/futsal_pipeline.py", line 16, in <module>
    from pipeline.data_pipeline import DataPipeline
  File "/opt/airflow/pipeline/data_pipeline.py", line 1, in <module>
    from components.data_ingestion import DataIngestion
  File "/opt/airflow/components/data_ingestion.py", line 2, in <module>
    from db.db_connection import DB
ModuleNotFoundError: No module named 'db'
[2026-06-15T07:42:04.705+0000] {processor.py:842} WARNING - No viable dags retrieved from /opt/airflow/dags/futsal_pipeline.py
[2026-06-15T07:42:04.731+0000] {processor.py:183} INFO - Processing /opt/airflow/dags/futsal_pipeline.py took 0.346 seconds
[2026-06-15T07:42:34.945+0000] {processor.py:161} INFO - Started process (PID=554) to work on /opt/airflow/dags/futsal_pipeline.py
[2026-06-15T07:42:34.947+0000] {processor.py:830} INFO - Processing file /opt/airflow/dags/futsal_pipeline.py for tasks to queue
[2026-06-15T07:42:34.949+0000] {logging_mixin.py:188} INFO - [2026-06-15T07:42:34.948+0000] {dagbag.py:545} INFO - Filling up the DagBag from /opt/airflow/dags/futsal_pipeline.py
[2026-06-15T07:42:35.263+0000] {logging_mixin.py:188} INFO - [2026-06-15T07:42:35.251+0000] {dagbag.py:355} ERROR - Failed to import: /opt/airflow/dags/futsal_pipeline.py
Traceback (most recent call last):
  File "/home/airflow/.local/lib/python3.11/site-packages/airflow/models/dagbag.py", line 351, in parse
    loader.exec_module(new_module)
  File "<frozen importlib._bootstrap_external>", line 940, in exec_module
  File "<frozen importlib._bootstrap>", line 241, in _call_with_frames_removed
  File "/opt/airflow/dags/futsal_pipeline.py", line 16, in <module>
    from pipeline.data_pipeline import DataPipeline
  File "/opt/airflow/pipeline/data_pipeline.py", line 1, in <module>
    from components.data_ingestion import DataIngestion
  File "/opt/airflow/components/data_ingestion.py", line 2, in <module>
    from db.db_connection import DB
ModuleNotFoundError: No module named 'db'
[2026-06-15T07:42:35.266+0000] {processor.py:842} WARNING - No viable dags retrieved from /opt/airflow/dags/futsal_pipeline.py
[2026-06-15T07:42:35.291+0000] {processor.py:183} INFO - Processing /opt/airflow/dags/futsal_pipeline.py took 0.351 seconds
[2026-06-15T07:43:05.516+0000] {processor.py:161} INFO - Started process (PID=566) to work on /opt/airflow/dags/futsal_pipeline.py
[2026-06-15T07:43:05.517+0000] {processor.py:830} INFO - Processing file /opt/airflow/dags/futsal_pipeline.py for tasks to queue
[2026-06-15T07:43:05.518+0000] {logging_mixin.py:188} INFO - [2026-06-15T07:43:05.518+0000] {dagbag.py:545} INFO - Filling up the DagBag from /opt/airflow/dags/futsal_pipeline.py
[2026-06-15T07:43:05.822+0000] {logging_mixin.py:188} INFO - [2026-06-15T07:43:05.813+0000] {dagbag.py:355} ERROR - Failed to import: /opt/airflow/dags/futsal_pipeline.py
Traceback (most recent call last):
  File "/home/airflow/.local/lib/python3.11/site-packages/airflow/models/dagbag.py", line 351, in parse
    loader.exec_module(new_module)
  File "<frozen importlib._bootstrap_external>", line 940, in exec_module
  File "<frozen importlib._bootstrap>", line 241, in _call_with_frames_removed
  File "/opt/airflow/dags/futsal_pipeline.py", line 16, in <module>
    from pipeline.data_pipeline import DataPipeline
  File "/opt/airflow/pipeline/data_pipeline.py", line 1, in <module>
    from components.data_ingestion import DataIngestion
  File "/opt/airflow/components/data_ingestion.py", line 2, in <module>
    from db.db_connection import DB
ModuleNotFoundError: No module named 'db'
[2026-06-15T07:43:05.823+0000] {processor.py:842} WARNING - No viable dags retrieved from /opt/airflow/dags/futsal_pipeline.py
[2026-06-15T07:43:05.850+0000] {processor.py:183} INFO - Processing /opt/airflow/dags/futsal_pipeline.py took 0.342 seconds
[2026-06-15T07:43:36.124+0000] {processor.py:161} INFO - Started process (PID=578) to work on /opt/airflow/dags/futsal_pipeline.py
[2026-06-15T07:43:36.125+0000] {processor.py:830} INFO - Processing file /opt/airflow/dags/futsal_pipeline.py for tasks to queue
[2026-06-15T07:43:36.126+0000] {logging_mixin.py:188} INFO - [2026-06-15T07:43:36.126+0000] {dagbag.py:545} INFO - Filling up the DagBag from /opt/airflow/dags/futsal_pipeline.py
[2026-06-15T07:43:36.425+0000] {logging_mixin.py:188} INFO - [2026-06-15T07:43:36.415+0000] {dagbag.py:355} ERROR - Failed to import: /opt/airflow/dags/futsal_pipeline.py
Traceback (most recent call last):
  File "/home/airflow/.local/lib/python3.11/site-packages/airflow/models/dagbag.py", line 351, in parse
    loader.exec_module(new_module)
  File "<frozen importlib._bootstrap_external>", line 940, in exec_module
  File "<frozen importlib._bootstrap>", line 241, in _call_with_frames_removed
  File "/opt/airflow/dags/futsal_pipeline.py", line 16, in <module>
    from pipeline.data_pipeline import DataPipeline
  File "/opt/airflow/pipeline/data_pipeline.py", line 1, in <module>
    from components.data_ingestion import DataIngestion
  File "/opt/airflow/components/data_ingestion.py", line 2, in <module>
    from db.db_connection import DB
ModuleNotFoundError: No module named 'db'
[2026-06-15T07:43:36.427+0000] {processor.py:842} WARNING - No viable dags retrieved from /opt/airflow/dags/futsal_pipeline.py
[2026-06-15T07:43:36.454+0000] {processor.py:183} INFO - Processing /opt/airflow/dags/futsal_pipeline.py took 0.335 seconds
[2026-06-15T07:44:06.705+0000] {processor.py:161} INFO - Started process (PID=590) to work on /opt/airflow/dags/futsal_pipeline.py
[2026-06-15T07:44:06.706+0000] {processor.py:830} INFO - Processing file /opt/airflow/dags/futsal_pipeline.py for tasks to queue
[2026-06-15T07:44:06.707+0000] {logging_mixin.py:188} INFO - [2026-06-15T07:44:06.707+0000] {dagbag.py:545} INFO - Filling up the DagBag from /opt/airflow/dags/futsal_pipeline.py
[2026-06-15T07:44:06.997+0000] {logging_mixin.py:188} INFO - [2026-06-15T07:44:06.988+0000] {dagbag.py:355} ERROR - Failed to import: /opt/airflow/dags/futsal_pipeline.py
Traceback (most recent call last):
  File "/home/airflow/.local/lib/python3.11/site-packages/airflow/models/dagbag.py", line 351, in parse
    loader.exec_module(new_module)
  File "<frozen importlib._bootstrap_external>", line 940, in exec_module
  File "<frozen importlib._bootstrap>", line 241, in _call_with_frames_removed
  File "/opt/airflow/dags/futsal_pipeline.py", line 16, in <module>
    from pipeline.data_pipeline import DataPipeline
  File "/opt/airflow/pipeline/data_pipeline.py", line 1, in <module>
    from components.data_ingestion import DataIngestion
  File "/opt/airflow/components/data_ingestion.py", line 2, in <module>
    from db.db_connection import DB
ModuleNotFoundError: No module named 'db'
[2026-06-15T07:44:06.999+0000] {processor.py:842} WARNING - No viable dags retrieved from /opt/airflow/dags/futsal_pipeline.py
[2026-06-15T07:44:07.026+0000] {processor.py:183} INFO - Processing /opt/airflow/dags/futsal_pipeline.py took 0.326 seconds
[2026-06-15T07:44:37.269+0000] {processor.py:161} INFO - Started process (PID=602) to work on /opt/airflow/dags/futsal_pipeline.py
[2026-06-15T07:44:37.270+0000] {processor.py:830} INFO - Processing file /opt/airflow/dags/futsal_pipeline.py for tasks to queue
[2026-06-15T07:44:37.271+0000] {logging_mixin.py:188} INFO - [2026-06-15T07:44:37.271+0000] {dagbag.py:545} INFO - Filling up the DagBag from /opt/airflow/dags/futsal_pipeline.py
[2026-06-15T07:44:37.566+0000] {logging_mixin.py:188} INFO - [2026-06-15T07:44:37.556+0000] {dagbag.py:355} ERROR - Failed to import: /opt/airflow/dags/futsal_pipeline.py
Traceback (most recent call last):
  File "/home/airflow/.local/lib/python3.11/site-packages/airflow/models/dagbag.py", line 351, in parse
    loader.exec_module(new_module)
  File "<frozen importlib._bootstrap_external>", line 940, in exec_module
  File "<frozen importlib._bootstrap>", line 241, in _call_with_frames_removed
  File "/opt/airflow/dags/futsal_pipeline.py", line 16, in <module>
    from pipeline.data_pipeline import DataPipeline
  File "/opt/airflow/pipeline/data_pipeline.py", line 1, in <module>
    from components.data_ingestion import DataIngestion
  File "/opt/airflow/components/data_ingestion.py", line 2, in <module>
    from db.db_connection import DB
ModuleNotFoundError: No module named 'db'
[2026-06-15T07:44:37.567+0000] {processor.py:842} WARNING - No viable dags retrieved from /opt/airflow/dags/futsal_pipeline.py
[2026-06-15T07:44:37.594+0000] {processor.py:183} INFO - Processing /opt/airflow/dags/futsal_pipeline.py took 0.330 seconds
[2026-06-15T07:45:07.809+0000] {processor.py:161} INFO - Started process (PID=614) to work on /opt/airflow/dags/futsal_pipeline.py
[2026-06-15T07:45:07.810+0000] {processor.py:830} INFO - Processing file /opt/airflow/dags/futsal_pipeline.py for tasks to queue
[2026-06-15T07:45:07.811+0000] {logging_mixin.py:188} INFO - [2026-06-15T07:45:07.811+0000] {dagbag.py:545} INFO - Filling up the DagBag from /opt/airflow/dags/futsal_pipeline.py
[2026-06-15T07:45:08.112+0000] {logging_mixin.py:188} INFO - [2026-06-15T07:45:08.101+0000] {dagbag.py:355} ERROR - Failed to import: /opt/airflow/dags/futsal_pipeline.py
Traceback (most recent call last):
  File "/home/airflow/.local/lib/python3.11/site-packages/airflow/models/dagbag.py", line 351, in parse
    loader.exec_module(new_module)
  File "<frozen importlib._bootstrap_external>", line 940, in exec_module
  File "<frozen importlib._bootstrap>", line 241, in _call_with_frames_removed
  File "/opt/airflow/dags/futsal_pipeline.py", line 16, in <module>
    from pipeline.data_pipeline import DataPipeline
  File "/opt/airflow/pipeline/data_pipeline.py", line 1, in <module>
    from components.data_ingestion import DataIngestion
  File "/opt/airflow/components/data_ingestion.py", line 2, in <module>
    from db.db_connection import DB
ModuleNotFoundError: No module named 'db'
[2026-06-15T07:45:08.114+0000] {processor.py:842} WARNING - No viable dags retrieved from /opt/airflow/dags/futsal_pipeline.py
[2026-06-15T07:45:08.131+0000] {processor.py:183} INFO - Processing /opt/airflow/dags/futsal_pipeline.py took 0.326 seconds
[2026-06-15T07:45:38.404+0000] {processor.py:161} INFO - Started process (PID=626) to work on /opt/airflow/dags/futsal_pipeline.py
[2026-06-15T07:45:38.405+0000] {processor.py:830} INFO - Processing file /opt/airflow/dags/futsal_pipeline.py for tasks to queue
[2026-06-15T07:45:38.406+0000] {logging_mixin.py:188} INFO - [2026-06-15T07:45:38.406+0000] {dagbag.py:545} INFO - Filling up the DagBag from /opt/airflow/dags/futsal_pipeline.py
[2026-06-15T07:45:38.732+0000] {logging_mixin.py:188} INFO - [2026-06-15T07:45:38.720+0000] {dagbag.py:355} ERROR - Failed to import: /opt/airflow/dags/futsal_pipeline.py
Traceback (most recent call last):
  File "/home/airflow/.local/lib/python3.11/site-packages/airflow/models/dagbag.py", line 351, in parse
    loader.exec_module(new_module)
  File "<frozen importlib._bootstrap_external>", line 940, in exec_module
  File "<frozen importlib._bootstrap>", line 241, in _call_with_frames_removed
  File "/opt/airflow/dags/futsal_pipeline.py", line 16, in <module>
    from pipeline.data_pipeline import DataPipeline
  File "/opt/airflow/pipeline/data_pipeline.py", line 1, in <module>
    from components.data_ingestion import DataIngestion
  File "/opt/airflow/components/data_ingestion.py", line 2, in <module>
    from db.db_connection import DB
ModuleNotFoundError: No module named 'db'
[2026-06-15T07:45:38.734+0000] {processor.py:842} WARNING - No viable dags retrieved from /opt/airflow/dags/futsal_pipeline.py
[2026-06-15T07:45:38.764+0000] {processor.py:183} INFO - Processing /opt/airflow/dags/futsal_pipeline.py took 0.365 seconds
[2026-06-15T07:46:08.994+0000] {processor.py:161} INFO - Started process (PID=638) to work on /opt/airflow/dags/futsal_pipeline.py
[2026-06-15T07:46:08.995+0000] {processor.py:830} INFO - Processing file /opt/airflow/dags/futsal_pipeline.py for tasks to queue
[2026-06-15T07:46:08.996+0000] {logging_mixin.py:188} INFO - [2026-06-15T07:46:08.995+0000] {dagbag.py:545} INFO - Filling up the DagBag from /opt/airflow/dags/futsal_pipeline.py
[2026-06-15T07:46:09.308+0000] {logging_mixin.py:188} INFO - [2026-06-15T07:46:09.298+0000] {dagbag.py:355} ERROR - Failed to import: /opt/airflow/dags/futsal_pipeline.py
Traceback (most recent call last):
  File "/home/airflow/.local/lib/python3.11/site-packages/airflow/models/dagbag.py", line 351, in parse
    loader.exec_module(new_module)
  File "<frozen importlib._bootstrap_external>", line 940, in exec_module
  File "<frozen importlib._bootstrap>", line 241, in _call_with_frames_removed
  File "/opt/airflow/dags/futsal_pipeline.py", line 16, in <module>
    from pipeline.data_pipeline import DataPipeline
  File "/opt/airflow/pipeline/data_pipeline.py", line 1, in <module>
    from components.data_ingestion import DataIngestion
  File "/opt/airflow/components/data_ingestion.py", line 2, in <module>
    from db.db_connection import DB
ModuleNotFoundError: No module named 'db'
[2026-06-15T07:46:09.310+0000] {processor.py:842} WARNING - No viable dags retrieved from /opt/airflow/dags/futsal_pipeline.py
[2026-06-15T07:46:09.343+0000] {processor.py:183} INFO - Processing /opt/airflow/dags/futsal_pipeline.py took 0.355 seconds
[2026-06-15T07:46:39.591+0000] {processor.py:161} INFO - Started process (PID=650) to work on /opt/airflow/dags/futsal_pipeline.py
[2026-06-15T07:46:39.592+0000] {processor.py:830} INFO - Processing file /opt/airflow/dags/futsal_pipeline.py for tasks to queue
[2026-06-15T07:46:39.593+0000] {logging_mixin.py:188} INFO - [2026-06-15T07:46:39.593+0000] {dagbag.py:545} INFO - Filling up the DagBag from /opt/airflow/dags/futsal_pipeline.py
[2026-06-15T07:46:39.933+0000] {logging_mixin.py:188} INFO - [2026-06-15T07:46:39.923+0000] {dagbag.py:355} ERROR - Failed to import: /opt/airflow/dags/futsal_pipeline.py
Traceback (most recent call last):
  File "/home/airflow/.local/lib/python3.11/site-packages/airflow/models/dagbag.py", line 351, in parse
    loader.exec_module(new_module)
  File "<frozen importlib._bootstrap_external>", line 940, in exec_module
  File "<frozen importlib._bootstrap>", line 241, in _call_with_frames_removed
  File "/opt/airflow/dags/futsal_pipeline.py", line 16, in <module>
    from pipeline.data_pipeline import DataPipeline
  File "/opt/airflow/pipeline/data_pipeline.py", line 1, in <module>
    from components.data_ingestion import DataIngestion
  File "/opt/airflow/components/data_ingestion.py", line 2, in <module>
    from db.db_connection import DB
ModuleNotFoundError: No module named 'db'
[2026-06-15T07:46:39.935+0000] {processor.py:842} WARNING - No viable dags retrieved from /opt/airflow/dags/futsal_pipeline.py
[2026-06-15T07:46:39.963+0000] {processor.py:183} INFO - Processing /opt/airflow/dags/futsal_pipeline.py took 0.377 seconds
[2026-06-15T07:47:10.177+0000] {processor.py:161} INFO - Started process (PID=662) to work on /opt/airflow/dags/futsal_pipeline.py
[2026-06-15T07:47:10.178+0000] {processor.py:830} INFO - Processing file /opt/airflow/dags/futsal_pipeline.py for tasks to queue
[2026-06-15T07:47:10.179+0000] {logging_mixin.py:188} INFO - [2026-06-15T07:47:10.179+0000] {dagbag.py:545} INFO - Filling up the DagBag from /opt/airflow/dags/futsal_pipeline.py
[2026-06-15T07:47:10.494+0000] {logging_mixin.py:188} INFO - [2026-06-15T07:47:10.482+0000] {dagbag.py:355} ERROR - Failed to import: /opt/airflow/dags/futsal_pipeline.py
Traceback (most recent call last):
  File "/home/airflow/.local/lib/python3.11/site-packages/airflow/models/dagbag.py", line 351, in parse
    loader.exec_module(new_module)
  File "<frozen importlib._bootstrap_external>", line 940, in exec_module
  File "<frozen importlib._bootstrap>", line 241, in _call_with_frames_removed
  File "/opt/airflow/dags/futsal_pipeline.py", line 16, in <module>
    from pipeline.data_pipeline import DataPipeline
  File "/opt/airflow/pipeline/data_pipeline.py", line 1, in <module>
    from components.data_ingestion import DataIngestion
  File "/opt/airflow/components/data_ingestion.py", line 2, in <module>
    from db.db_connection import DB
ModuleNotFoundError: No module named 'db'
[2026-06-15T07:47:10.496+0000] {processor.py:842} WARNING - No viable dags retrieved from /opt/airflow/dags/futsal_pipeline.py
[2026-06-15T07:47:10.524+0000] {processor.py:183} INFO - Processing /opt/airflow/dags/futsal_pipeline.py took 0.352 seconds
[2026-06-15T07:47:40.775+0000] {processor.py:161} INFO - Started process (PID=674) to work on /opt/airflow/dags/futsal_pipeline.py
[2026-06-15T07:47:40.776+0000] {processor.py:830} INFO - Processing file /opt/airflow/dags/futsal_pipeline.py for tasks to queue
[2026-06-15T07:47:40.777+0000] {logging_mixin.py:188} INFO - [2026-06-15T07:47:40.777+0000] {dagbag.py:545} INFO - Filling up the DagBag from /opt/airflow/dags/futsal_pipeline.py
[2026-06-15T07:47:41.077+0000] {logging_mixin.py:188} INFO - [2026-06-15T07:47:41.066+0000] {dagbag.py:355} ERROR - Failed to import: /opt/airflow/dags/futsal_pipeline.py
Traceback (most recent call last):
  File "/home/airflow/.local/lib/python3.11/site-packages/airflow/models/dagbag.py", line 351, in parse
    loader.exec_module(new_module)
  File "<frozen importlib._bootstrap_external>", line 940, in exec_module
  File "<frozen importlib._bootstrap>", line 241, in _call_with_frames_removed
  File "/opt/airflow/dags/futsal_pipeline.py", line 16, in <module>
    from pipeline.data_pipeline import DataPipeline
  File "/opt/airflow/pipeline/data_pipeline.py", line 1, in <module>
    from components.data_ingestion import DataIngestion
  File "/opt/airflow/components/data_ingestion.py", line 2, in <module>
    from db.db_connection import DB
ModuleNotFoundError: No module named 'db'
[2026-06-15T07:47:41.081+0000] {processor.py:842} WARNING - No viable dags retrieved from /opt/airflow/dags/futsal_pipeline.py
[2026-06-15T07:47:41.099+0000] {processor.py:183} INFO - Processing /opt/airflow/dags/futsal_pipeline.py took 0.328 seconds
[2026-06-15T07:48:11.335+0000] {processor.py:161} INFO - Started process (PID=686) to work on /opt/airflow/dags/futsal_pipeline.py
[2026-06-15T07:48:11.337+0000] {processor.py:830} INFO - Processing file /opt/airflow/dags/futsal_pipeline.py for tasks to queue
[2026-06-15T07:48:11.338+0000] {logging_mixin.py:188} INFO - [2026-06-15T07:48:11.337+0000] {dagbag.py:545} INFO - Filling up the DagBag from /opt/airflow/dags/futsal_pipeline.py
[2026-06-15T07:48:11.729+0000] {logging_mixin.py:188} INFO - [2026-06-15T07:48:11.717+0000] {dagbag.py:355} ERROR - Failed to import: /opt/airflow/dags/futsal_pipeline.py
Traceback (most recent call last):
  File "/home/airflow/.local/lib/python3.11/site-packages/airflow/models/dagbag.py", line 351, in parse
    loader.exec_module(new_module)
  File "<frozen importlib._bootstrap_external>", line 940, in exec_module
  File "<frozen importlib._bootstrap>", line 241, in _call_with_frames_removed
  File "/opt/airflow/dags/futsal_pipeline.py", line 16, in <module>
    from pipeline.data_pipeline import DataPipeline
  File "/opt/airflow/pipeline/data_pipeline.py", line 1, in <module>
    from components.data_ingestion import DataIngestion
  File "/opt/airflow/components/data_ingestion.py", line 2, in <module>
    from db.db_connection import DB
ModuleNotFoundError: No module named 'db'
[2026-06-15T07:48:11.732+0000] {processor.py:842} WARNING - No viable dags retrieved from /opt/airflow/dags/futsal_pipeline.py
[2026-06-15T07:48:11.762+0000] {processor.py:183} INFO - Processing /opt/airflow/dags/futsal_pipeline.py took 0.433 seconds
[2026-06-15T07:48:41.995+0000] {processor.py:161} INFO - Started process (PID=698) to work on /opt/airflow/dags/futsal_pipeline.py
[2026-06-15T07:48:41.996+0000] {processor.py:830} INFO - Processing file /opt/airflow/dags/futsal_pipeline.py for tasks to queue
[2026-06-15T07:48:41.996+0000] {logging_mixin.py:188} INFO - [2026-06-15T07:48:41.996+0000] {dagbag.py:545} INFO - Filling up the DagBag from /opt/airflow/dags/futsal_pipeline.py
[2026-06-15T07:48:42.294+0000] {logging_mixin.py:188} INFO - [2026-06-15T07:48:42.284+0000] {dagbag.py:355} ERROR - Failed to import: /opt/airflow/dags/futsal_pipeline.py
Traceback (most recent call last):
  File "/home/airflow/.local/lib/python3.11/site-packages/airflow/models/dagbag.py", line 351, in parse
    loader.exec_module(new_module)
  File "<frozen importlib._bootstrap_external>", line 940, in exec_module
  File "<frozen importlib._bootstrap>", line 241, in _call_with_frames_removed
  File "/opt/airflow/dags/futsal_pipeline.py", line 16, in <module>
    from pipeline.data_pipeline import DataPipeline
  File "/opt/airflow/pipeline/data_pipeline.py", line 1, in <module>
    from components.data_ingestion import DataIngestion
  File "/opt/airflow/components/data_ingestion.py", line 2, in <module>
    from db.db_connection import DB
ModuleNotFoundError: No module named 'db'
[2026-06-15T07:48:42.296+0000] {processor.py:842} WARNING - No viable dags retrieved from /opt/airflow/dags/futsal_pipeline.py
[2026-06-15T07:48:42.322+0000] {processor.py:183} INFO - Processing /opt/airflow/dags/futsal_pipeline.py took 0.334 seconds
[2026-06-15T07:49:12.567+0000] {processor.py:161} INFO - Started process (PID=710) to work on /opt/airflow/dags/futsal_pipeline.py
[2026-06-15T07:49:12.568+0000] {processor.py:830} INFO - Processing file /opt/airflow/dags/futsal_pipeline.py for tasks to queue
[2026-06-15T07:49:12.569+0000] {logging_mixin.py:188} INFO - [2026-06-15T07:49:12.569+0000] {dagbag.py:545} INFO - Filling up the DagBag from /opt/airflow/dags/futsal_pipeline.py
[2026-06-15T07:49:12.875+0000] {logging_mixin.py:188} INFO - [2026-06-15T07:49:12.864+0000] {dagbag.py:355} ERROR - Failed to import: /opt/airflow/dags/futsal_pipeline.py
Traceback (most recent call last):
  File "/home/airflow/.local/lib/python3.11/site-packages/airflow/models/dagbag.py", line 351, in parse
    loader.exec_module(new_module)
  File "<frozen importlib._bootstrap_external>", line 940, in exec_module
  File "<frozen importlib._bootstrap>", line 241, in _call_with_frames_removed
  File "/opt/airflow/dags/futsal_pipeline.py", line 16, in <module>
    from pipeline.data_pipeline import DataPipeline
  File "/opt/airflow/pipeline/data_pipeline.py", line 1, in <module>
    from components.data_ingestion import DataIngestion
  File "/opt/airflow/components/data_ingestion.py", line 2, in <module>
    from db.db_connection import DB
ModuleNotFoundError: No module named 'db'
[2026-06-15T07:49:12.877+0000] {processor.py:842} WARNING - No viable dags retrieved from /opt/airflow/dags/futsal_pipeline.py
[2026-06-15T07:49:12.905+0000] {processor.py:183} INFO - Processing /opt/airflow/dags/futsal_pipeline.py took 0.343 seconds
[2026-06-15T07:49:43.133+0000] {processor.py:161} INFO - Started process (PID=722) to work on /opt/airflow/dags/futsal_pipeline.py
[2026-06-15T07:49:43.135+0000] {processor.py:830} INFO - Processing file /opt/airflow/dags/futsal_pipeline.py for tasks to queue
[2026-06-15T07:49:43.137+0000] {logging_mixin.py:188} INFO - [2026-06-15T07:49:43.136+0000] {dagbag.py:545} INFO - Filling up the DagBag from /opt/airflow/dags/futsal_pipeline.py
[2026-06-15T07:49:43.495+0000] {logging_mixin.py:188} INFO - [2026-06-15T07:49:43.484+0000] {dagbag.py:355} ERROR - Failed to import: /opt/airflow/dags/futsal_pipeline.py
Traceback (most recent call last):
  File "/home/airflow/.local/lib/python3.11/site-packages/airflow/models/dagbag.py", line 351, in parse
    loader.exec_module(new_module)
  File "<frozen importlib._bootstrap_external>", line 940, in exec_module
  File "<frozen importlib._bootstrap>", line 241, in _call_with_frames_removed
  File "/opt/airflow/dags/futsal_pipeline.py", line 16, in <module>
    from pipeline.data_pipeline import DataPipeline
  File "/opt/airflow/pipeline/data_pipeline.py", line 1, in <module>
    from components.data_ingestion import DataIngestion
  File "/opt/airflow/components/data_ingestion.py", line 2, in <module>
    from db.db_connection import DB
ModuleNotFoundError: No module named 'db'
[2026-06-15T07:49:43.497+0000] {processor.py:842} WARNING - No viable dags retrieved from /opt/airflow/dags/futsal_pipeline.py
[2026-06-15T07:49:43.527+0000] {processor.py:183} INFO - Processing /opt/airflow/dags/futsal_pipeline.py took 0.399 seconds
[2026-06-15T07:50:13.743+0000] {processor.py:161} INFO - Started process (PID=734) to work on /opt/airflow/dags/futsal_pipeline.py
[2026-06-15T07:50:13.744+0000] {processor.py:830} INFO - Processing file /opt/airflow/dags/futsal_pipeline.py for tasks to queue
[2026-06-15T07:50:13.745+0000] {logging_mixin.py:188} INFO - [2026-06-15T07:50:13.745+0000] {dagbag.py:545} INFO - Filling up the DagBag from /opt/airflow/dags/futsal_pipeline.py
[2026-06-15T07:50:14.150+0000] {logging_mixin.py:188} INFO - [2026-06-15T07:50:14.135+0000] {dagbag.py:355} ERROR - Failed to import: /opt/airflow/dags/futsal_pipeline.py
Traceback (most recent call last):
  File "/home/airflow/.local/lib/python3.11/site-packages/airflow/models/dagbag.py", line 351, in parse
    loader.exec_module(new_module)
  File "<frozen importlib._bootstrap_external>", line 940, in exec_module
  File "<frozen importlib._bootstrap>", line 241, in _call_with_frames_removed
  File "/opt/airflow/dags/futsal_pipeline.py", line 16, in <module>
    from pipeline.data_pipeline import DataPipeline
  File "/opt/airflow/pipeline/data_pipeline.py", line 1, in <module>
    from components.data_ingestion import DataIngestion
  File "/opt/airflow/components/data_ingestion.py", line 2, in <module>
    from db.db_connection import DB
ModuleNotFoundError: No module named 'db'
[2026-06-15T07:50:14.153+0000] {processor.py:842} WARNING - No viable dags retrieved from /opt/airflow/dags/futsal_pipeline.py
[2026-06-15T07:50:14.190+0000] {processor.py:183} INFO - Processing /opt/airflow/dags/futsal_pipeline.py took 0.453 seconds
[2026-06-15T07:50:44.420+0000] {processor.py:161} INFO - Started process (PID=746) to work on /opt/airflow/dags/futsal_pipeline.py
[2026-06-15T07:50:44.421+0000] {processor.py:830} INFO - Processing file /opt/airflow/dags/futsal_pipeline.py for tasks to queue
[2026-06-15T07:50:44.422+0000] {logging_mixin.py:188} INFO - [2026-06-15T07:50:44.422+0000] {dagbag.py:545} INFO - Filling up the DagBag from /opt/airflow/dags/futsal_pipeline.py
[2026-06-15T07:50:44.745+0000] {logging_mixin.py:188} INFO - [2026-06-15T07:50:44.730+0000] {dagbag.py:355} ERROR - Failed to import: /opt/airflow/dags/futsal_pipeline.py
Traceback (most recent call last):
  File "/home/airflow/.local/lib/python3.11/site-packages/airflow/models/dagbag.py", line 351, in parse
    loader.exec_module(new_module)
  File "<frozen importlib._bootstrap_external>", line 940, in exec_module
  File "<frozen importlib._bootstrap>", line 241, in _call_with_frames_removed
  File "/opt/airflow/dags/futsal_pipeline.py", line 16, in <module>
    from pipeline.data_pipeline import DataPipeline
  File "/opt/airflow/pipeline/data_pipeline.py", line 1, in <module>
    from components.data_ingestion import DataIngestion
  File "/opt/airflow/components/data_ingestion.py", line 2, in <module>
    from db.db_connection import DB
ModuleNotFoundError: No module named 'db'
[2026-06-15T07:50:44.747+0000] {processor.py:842} WARNING - No viable dags retrieved from /opt/airflow/dags/futsal_pipeline.py
[2026-06-15T07:50:44.780+0000] {processor.py:183} INFO - Processing /opt/airflow/dags/futsal_pipeline.py took 0.366 seconds
[2026-06-15T07:51:14.967+0000] {processor.py:161} INFO - Started process (PID=758) to work on /opt/airflow/dags/futsal_pipeline.py
[2026-06-15T07:51:14.968+0000] {processor.py:830} INFO - Processing file /opt/airflow/dags/futsal_pipeline.py for tasks to queue
[2026-06-15T07:51:14.970+0000] {logging_mixin.py:188} INFO - [2026-06-15T07:51:14.969+0000] {dagbag.py:545} INFO - Filling up the DagBag from /opt/airflow/dags/futsal_pipeline.py
[2026-06-15T07:51:15.319+0000] {logging_mixin.py:188} INFO - [2026-06-15T07:51:15.309+0000] {dagbag.py:355} ERROR - Failed to import: /opt/airflow/dags/futsal_pipeline.py
Traceback (most recent call last):
  File "/home/airflow/.local/lib/python3.11/site-packages/airflow/models/dagbag.py", line 351, in parse
    loader.exec_module(new_module)
  File "<frozen importlib._bootstrap_external>", line 940, in exec_module
  File "<frozen importlib._bootstrap>", line 241, in _call_with_frames_removed
  File "/opt/airflow/dags/futsal_pipeline.py", line 16, in <module>
    from pipeline.data_pipeline import DataPipeline
  File "/opt/airflow/pipeline/data_pipeline.py", line 1, in <module>
    from components.data_ingestion import DataIngestion
  File "/opt/airflow/components/data_ingestion.py", line 2, in <module>
    from db.db_connection import DB
ModuleNotFoundError: No module named 'db'
[2026-06-15T07:51:15.321+0000] {processor.py:842} WARNING - No viable dags retrieved from /opt/airflow/dags/futsal_pipeline.py
[2026-06-15T07:51:15.349+0000] {processor.py:183} INFO - Processing /opt/airflow/dags/futsal_pipeline.py took 0.387 seconds
[2026-06-15T07:51:45.581+0000] {processor.py:161} INFO - Started process (PID=770) to work on /opt/airflow/dags/futsal_pipeline.py
[2026-06-15T07:51:45.582+0000] {processor.py:830} INFO - Processing file /opt/airflow/dags/futsal_pipeline.py for tasks to queue
[2026-06-15T07:51:45.584+0000] {logging_mixin.py:188} INFO - [2026-06-15T07:51:45.583+0000] {dagbag.py:545} INFO - Filling up the DagBag from /opt/airflow/dags/futsal_pipeline.py
[2026-06-15T07:51:45.911+0000] {logging_mixin.py:188} INFO - [2026-06-15T07:51:45.901+0000] {dagbag.py:355} ERROR - Failed to import: /opt/airflow/dags/futsal_pipeline.py
Traceback (most recent call last):
  File "/home/airflow/.local/lib/python3.11/site-packages/airflow/models/dagbag.py", line 351, in parse
    loader.exec_module(new_module)
  File "<frozen importlib._bootstrap_external>", line 940, in exec_module
  File "<frozen importlib._bootstrap>", line 241, in _call_with_frames_removed
  File "/opt/airflow/dags/futsal_pipeline.py", line 16, in <module>
    from pipeline.data_pipeline import DataPipeline
  File "/opt/airflow/pipeline/data_pipeline.py", line 1, in <module>
    from components.data_ingestion import DataIngestion
  File "/opt/airflow/components/data_ingestion.py", line 2, in <module>
    from db.db_connection import DB
ModuleNotFoundError: No module named 'db'
[2026-06-15T07:51:45.913+0000] {processor.py:842} WARNING - No viable dags retrieved from /opt/airflow/dags/futsal_pipeline.py
[2026-06-15T07:51:45.940+0000] {processor.py:183} INFO - Processing /opt/airflow/dags/futsal_pipeline.py took 0.365 seconds
[2026-06-15T07:52:16.196+0000] {processor.py:161} INFO - Started process (PID=782) to work on /opt/airflow/dags/futsal_pipeline.py
[2026-06-15T07:52:16.197+0000] {processor.py:830} INFO - Processing file /opt/airflow/dags/futsal_pipeline.py for tasks to queue
[2026-06-15T07:52:16.198+0000] {logging_mixin.py:188} INFO - [2026-06-15T07:52:16.198+0000] {dagbag.py:545} INFO - Filling up the DagBag from /opt/airflow/dags/futsal_pipeline.py
[2026-06-15T07:52:16.542+0000] {logging_mixin.py:188} INFO - [2026-06-15T07:52:16.533+0000] {dagbag.py:355} ERROR - Failed to import: /opt/airflow/dags/futsal_pipeline.py
Traceback (most recent call last):
  File "/home/airflow/.local/lib/python3.11/site-packages/airflow/models/dagbag.py", line 351, in parse
    loader.exec_module(new_module)
  File "<frozen importlib._bootstrap_external>", line 940, in exec_module
  File "<frozen importlib._bootstrap>", line 241, in _call_with_frames_removed
  File "/opt/airflow/dags/futsal_pipeline.py", line 16, in <module>
    from pipeline.data_pipeline import DataPipeline
  File "/opt/airflow/pipeline/data_pipeline.py", line 1, in <module>
    from components.data_ingestion import DataIngestion
  File "/opt/airflow/components/data_ingestion.py", line 2, in <module>
    from db.db_connection import DB
ModuleNotFoundError: No module named 'db'
[2026-06-15T07:52:16.543+0000] {processor.py:842} WARNING - No viable dags retrieved from /opt/airflow/dags/futsal_pipeline.py
[2026-06-15T07:52:16.571+0000] {processor.py:183} INFO - Processing /opt/airflow/dags/futsal_pipeline.py took 0.381 seconds
[2026-06-15T07:52:46.830+0000] {processor.py:161} INFO - Started process (PID=794) to work on /opt/airflow/dags/futsal_pipeline.py
[2026-06-15T07:52:46.832+0000] {processor.py:830} INFO - Processing file /opt/airflow/dags/futsal_pipeline.py for tasks to queue
[2026-06-15T07:52:46.833+0000] {logging_mixin.py:188} INFO - [2026-06-15T07:52:46.832+0000] {dagbag.py:545} INFO - Filling up the DagBag from /opt/airflow/dags/futsal_pipeline.py
[2026-06-15T07:52:47.182+0000] {logging_mixin.py:188} INFO - [2026-06-15T07:52:47.171+0000] {dagbag.py:355} ERROR - Failed to import: /opt/airflow/dags/futsal_pipeline.py
Traceback (most recent call last):
  File "/home/airflow/.local/lib/python3.11/site-packages/airflow/models/dagbag.py", line 351, in parse
    loader.exec_module(new_module)
  File "<frozen importlib._bootstrap_external>", line 940, in exec_module
  File "<frozen importlib._bootstrap>", line 241, in _call_with_frames_removed
  File "/opt/airflow/dags/futsal_pipeline.py", line 16, in <module>
    from pipeline.data_pipeline import DataPipeline
  File "/opt/airflow/pipeline/data_pipeline.py", line 1, in <module>
    from components.data_ingestion import DataIngestion
  File "/opt/airflow/components/data_ingestion.py", line 2, in <module>
    from db.db_connection import DB
ModuleNotFoundError: No module named 'db'
[2026-06-15T07:52:47.185+0000] {processor.py:842} WARNING - No viable dags retrieved from /opt/airflow/dags/futsal_pipeline.py
[2026-06-15T07:52:47.203+0000] {processor.py:183} INFO - Processing /opt/airflow/dags/futsal_pipeline.py took 0.380 seconds
[2026-06-15T07:53:17.441+0000] {processor.py:161} INFO - Started process (PID=806) to work on /opt/airflow/dags/futsal_pipeline.py
[2026-06-15T07:53:17.442+0000] {processor.py:830} INFO - Processing file /opt/airflow/dags/futsal_pipeline.py for tasks to queue
[2026-06-15T07:53:17.443+0000] {logging_mixin.py:188} INFO - [2026-06-15T07:53:17.442+0000] {dagbag.py:545} INFO - Filling up the DagBag from /opt/airflow/dags/futsal_pipeline.py
[2026-06-15T07:53:17.800+0000] {logging_mixin.py:188} INFO - [2026-06-15T07:53:17.787+0000] {dagbag.py:355} ERROR - Failed to import: /opt/airflow/dags/futsal_pipeline.py
Traceback (most recent call last):
  File "/home/airflow/.local/lib/python3.11/site-packages/airflow/models/dagbag.py", line 351, in parse
    loader.exec_module(new_module)
  File "<frozen importlib._bootstrap_external>", line 940, in exec_module
  File "<frozen importlib._bootstrap>", line 241, in _call_with_frames_removed
  File "/opt/airflow/dags/futsal_pipeline.py", line 16, in <module>
    from pipeline.data_pipeline import DataPipeline
  File "/opt/airflow/pipeline/data_pipeline.py", line 1, in <module>
    from components.data_ingestion import DataIngestion
  File "/opt/airflow/components/data_ingestion.py", line 2, in <module>
    from db.db_connection import DB
ModuleNotFoundError: No module named 'db'
[2026-06-15T07:53:17.802+0000] {processor.py:842} WARNING - No viable dags retrieved from /opt/airflow/dags/futsal_pipeline.py
[2026-06-15T07:53:17.821+0000] {processor.py:183} INFO - Processing /opt/airflow/dags/futsal_pipeline.py took 0.386 seconds
[2026-06-15T07:53:48.040+0000] {processor.py:161} INFO - Started process (PID=818) to work on /opt/airflow/dags/futsal_pipeline.py
[2026-06-15T07:53:48.041+0000] {processor.py:830} INFO - Processing file /opt/airflow/dags/futsal_pipeline.py for tasks to queue
[2026-06-15T07:53:48.041+0000] {logging_mixin.py:188} INFO - [2026-06-15T07:53:48.041+0000] {dagbag.py:545} INFO - Filling up the DagBag from /opt/airflow/dags/futsal_pipeline.py
[2026-06-15T07:53:48.386+0000] {logging_mixin.py:188} INFO - [2026-06-15T07:53:48.374+0000] {dagbag.py:355} ERROR - Failed to import: /opt/airflow/dags/futsal_pipeline.py
Traceback (most recent call last):
  File "/home/airflow/.local/lib/python3.11/site-packages/airflow/models/dagbag.py", line 351, in parse
    loader.exec_module(new_module)
  File "<frozen importlib._bootstrap_external>", line 940, in exec_module
  File "<frozen importlib._bootstrap>", line 241, in _call_with_frames_removed
  File "/opt/airflow/dags/futsal_pipeline.py", line 16, in <module>
    from pipeline.data_pipeline import DataPipeline
  File "/opt/airflow/pipeline/data_pipeline.py", line 1, in <module>
    from components.data_ingestion import DataIngestion
  File "/opt/airflow/components/data_ingestion.py", line 2, in <module>
    from db.db_connection import DB
ModuleNotFoundError: No module named 'db'
[2026-06-15T07:53:48.387+0000] {processor.py:842} WARNING - No viable dags retrieved from /opt/airflow/dags/futsal_pipeline.py
[2026-06-15T07:53:48.414+0000] {processor.py:183} INFO - Processing /opt/airflow/dags/futsal_pipeline.py took 0.380 seconds
[2026-06-15T07:54:18.689+0000] {processor.py:161} INFO - Started process (PID=830) to work on /opt/airflow/dags/futsal_pipeline.py
[2026-06-15T07:54:18.690+0000] {processor.py:830} INFO - Processing file /opt/airflow/dags/futsal_pipeline.py for tasks to queue
[2026-06-15T07:54:18.691+0000] {logging_mixin.py:188} INFO - [2026-06-15T07:54:18.691+0000] {dagbag.py:545} INFO - Filling up the DagBag from /opt/airflow/dags/futsal_pipeline.py
[2026-06-15T07:54:19.024+0000] {logging_mixin.py:188} INFO - [2026-06-15T07:54:19.013+0000] {dagbag.py:355} ERROR - Failed to import: /opt/airflow/dags/futsal_pipeline.py
Traceback (most recent call last):
  File "/home/airflow/.local/lib/python3.11/site-packages/airflow/models/dagbag.py", line 351, in parse
    loader.exec_module(new_module)
  File "<frozen importlib._bootstrap_external>", line 940, in exec_module
  File "<frozen importlib._bootstrap>", line 241, in _call_with_frames_removed
  File "/opt/airflow/dags/futsal_pipeline.py", line 16, in <module>
    from pipeline.data_pipeline import DataPipeline
  File "/opt/airflow/pipeline/data_pipeline.py", line 1, in <module>
    from components.data_ingestion import DataIngestion
  File "/opt/airflow/components/data_ingestion.py", line 2, in <module>
    from db.db_connection import DB
ModuleNotFoundError: No module named 'db'
[2026-06-15T07:54:19.027+0000] {processor.py:842} WARNING - No viable dags retrieved from /opt/airflow/dags/futsal_pipeline.py
[2026-06-15T07:54:19.056+0000] {processor.py:183} INFO - Processing /opt/airflow/dags/futsal_pipeline.py took 0.372 seconds
[2026-06-15T07:54:49.245+0000] {processor.py:161} INFO - Started process (PID=842) to work on /opt/airflow/dags/futsal_pipeline.py
[2026-06-15T07:54:49.246+0000] {processor.py:830} INFO - Processing file /opt/airflow/dags/futsal_pipeline.py for tasks to queue
[2026-06-15T07:54:49.249+0000] {logging_mixin.py:188} INFO - [2026-06-15T07:54:49.248+0000] {dagbag.py:545} INFO - Filling up the DagBag from /opt/airflow/dags/futsal_pipeline.py
[2026-06-15T07:54:49.601+0000] {logging_mixin.py:188} INFO - [2026-06-15T07:54:49.592+0000] {dagbag.py:355} ERROR - Failed to import: /opt/airflow/dags/futsal_pipeline.py
Traceback (most recent call last):
  File "/home/airflow/.local/lib/python3.11/site-packages/airflow/models/dagbag.py", line 351, in parse
    loader.exec_module(new_module)
  File "<frozen importlib._bootstrap_external>", line 940, in exec_module
  File "<frozen importlib._bootstrap>", line 241, in _call_with_frames_removed
  File "/opt/airflow/dags/futsal_pipeline.py", line 16, in <module>
    from pipeline.data_pipeline import DataPipeline
  File "/opt/airflow/pipeline/data_pipeline.py", line 1, in <module>
    from components.data_ingestion import DataIngestion
  File "/opt/airflow/components/data_ingestion.py", line 2, in <module>
    from db.db_connection import DB
ModuleNotFoundError: No module named 'db'
[2026-06-15T07:54:49.603+0000] {processor.py:842} WARNING - No viable dags retrieved from /opt/airflow/dags/futsal_pipeline.py
[2026-06-15T07:54:49.630+0000] {processor.py:183} INFO - Processing /opt/airflow/dags/futsal_pipeline.py took 0.392 seconds
[2026-06-15T07:55:19.855+0000] {processor.py:161} INFO - Started process (PID=854) to work on /opt/airflow/dags/futsal_pipeline.py
[2026-06-15T07:55:19.856+0000] {processor.py:830} INFO - Processing file /opt/airflow/dags/futsal_pipeline.py for tasks to queue
[2026-06-15T07:55:19.857+0000] {logging_mixin.py:188} INFO - [2026-06-15T07:55:19.856+0000] {dagbag.py:545} INFO - Filling up the DagBag from /opt/airflow/dags/futsal_pipeline.py
[2026-06-15T07:55:20.256+0000] {logging_mixin.py:188} INFO - [2026-06-15T07:55:20.246+0000] {dagbag.py:355} ERROR - Failed to import: /opt/airflow/dags/futsal_pipeline.py
Traceback (most recent call last):
  File "/home/airflow/.local/lib/python3.11/site-packages/airflow/models/dagbag.py", line 351, in parse
    loader.exec_module(new_module)
  File "<frozen importlib._bootstrap_external>", line 940, in exec_module
  File "<frozen importlib._bootstrap>", line 241, in _call_with_frames_removed
  File "/opt/airflow/dags/futsal_pipeline.py", line 16, in <module>
    from pipeline.data_pipeline import DataPipeline
  File "/opt/airflow/pipeline/data_pipeline.py", line 1, in <module>
    from components.data_ingestion import DataIngestion
  File "/opt/airflow/components/data_ingestion.py", line 2, in <module>
    from db.db_connection import DB
ModuleNotFoundError: No module named 'db'
[2026-06-15T07:55:20.258+0000] {processor.py:842} WARNING - No viable dags retrieved from /opt/airflow/dags/futsal_pipeline.py
[2026-06-15T07:55:20.285+0000] {processor.py:183} INFO - Processing /opt/airflow/dags/futsal_pipeline.py took 0.436 seconds
[2026-06-15T07:55:50.555+0000] {processor.py:161} INFO - Started process (PID=866) to work on /opt/airflow/dags/futsal_pipeline.py
[2026-06-15T07:55:50.556+0000] {processor.py:830} INFO - Processing file /opt/airflow/dags/futsal_pipeline.py for tasks to queue
[2026-06-15T07:55:50.558+0000] {logging_mixin.py:188} INFO - [2026-06-15T07:55:50.557+0000] {dagbag.py:545} INFO - Filling up the DagBag from /opt/airflow/dags/futsal_pipeline.py
[2026-06-15T07:55:50.870+0000] {logging_mixin.py:188} INFO - [2026-06-15T07:55:50.859+0000] {dagbag.py:355} ERROR - Failed to import: /opt/airflow/dags/futsal_pipeline.py
Traceback (most recent call last):
  File "/home/airflow/.local/lib/python3.11/site-packages/airflow/models/dagbag.py", line 351, in parse
    loader.exec_module(new_module)
  File "<frozen importlib._bootstrap_external>", line 940, in exec_module
  File "<frozen importlib._bootstrap>", line 241, in _call_with_frames_removed
  File "/opt/airflow/dags/futsal_pipeline.py", line 16, in <module>
    from pipeline.data_pipeline import DataPipeline
  File "/opt/airflow/pipeline/data_pipeline.py", line 1, in <module>
    from components.data_ingestion import DataIngestion
  File "/opt/airflow/components/data_ingestion.py", line 2, in <module>
    from db.db_connection import DB
ModuleNotFoundError: No module named 'db'
[2026-06-15T07:55:50.871+0000] {processor.py:842} WARNING - No viable dags retrieved from /opt/airflow/dags/futsal_pipeline.py
[2026-06-15T07:55:50.899+0000] {processor.py:183} INFO - Processing /opt/airflow/dags/futsal_pipeline.py took 0.349 seconds
[2026-06-15T07:56:21.125+0000] {processor.py:161} INFO - Started process (PID=878) to work on /opt/airflow/dags/futsal_pipeline.py
[2026-06-15T07:56:21.127+0000] {processor.py:830} INFO - Processing file /opt/airflow/dags/futsal_pipeline.py for tasks to queue
[2026-06-15T07:56:21.128+0000] {logging_mixin.py:188} INFO - [2026-06-15T07:56:21.127+0000] {dagbag.py:545} INFO - Filling up the DagBag from /opt/airflow/dags/futsal_pipeline.py
[2026-06-15T07:56:21.483+0000] {logging_mixin.py:188} INFO - [2026-06-15T07:56:21.471+0000] {dagbag.py:355} ERROR - Failed to import: /opt/airflow/dags/futsal_pipeline.py
Traceback (most recent call last):
  File "/home/airflow/.local/lib/python3.11/site-packages/airflow/models/dagbag.py", line 351, in parse
    loader.exec_module(new_module)
  File "<frozen importlib._bootstrap_external>", line 940, in exec_module
  File "<frozen importlib._bootstrap>", line 241, in _call_with_frames_removed
  File "/opt/airflow/dags/futsal_pipeline.py", line 16, in <module>
    from pipeline.data_pipeline import DataPipeline
  File "/opt/airflow/pipeline/data_pipeline.py", line 1, in <module>
    from components.data_ingestion import DataIngestion
  File "/opt/airflow/components/data_ingestion.py", line 2, in <module>
    from db.db_connection import DB
ModuleNotFoundError: No module named 'db'
[2026-06-15T07:56:21.485+0000] {processor.py:842} WARNING - No viable dags retrieved from /opt/airflow/dags/futsal_pipeline.py
[2026-06-15T07:56:21.513+0000] {processor.py:183} INFO - Processing /opt/airflow/dags/futsal_pipeline.py took 0.393 seconds
[2026-06-15T07:56:51.739+0000] {processor.py:161} INFO - Started process (PID=896) to work on /opt/airflow/dags/futsal_pipeline.py
[2026-06-15T07:56:51.741+0000] {processor.py:830} INFO - Processing file /opt/airflow/dags/futsal_pipeline.py for tasks to queue
[2026-06-15T07:56:51.741+0000] {logging_mixin.py:188} INFO - [2026-06-15T07:56:51.741+0000] {dagbag.py:545} INFO - Filling up the DagBag from /opt/airflow/dags/futsal_pipeline.py
[2026-06-15T07:56:52.076+0000] {logging_mixin.py:188} INFO - [2026-06-15T07:56:52.065+0000] {dagbag.py:355} ERROR - Failed to import: /opt/airflow/dags/futsal_pipeline.py
Traceback (most recent call last):
  File "/home/airflow/.local/lib/python3.11/site-packages/airflow/models/dagbag.py", line 351, in parse
    loader.exec_module(new_module)
  File "<frozen importlib._bootstrap_external>", line 940, in exec_module
  File "<frozen importlib._bootstrap>", line 241, in _call_with_frames_removed
  File "/opt/airflow/dags/futsal_pipeline.py", line 16, in <module>
    from pipeline.data_pipeline import DataPipeline
  File "/opt/airflow/pipeline/data_pipeline.py", line 1, in <module>
    from components.data_ingestion import DataIngestion
  File "/opt/airflow/components/data_ingestion.py", line 2, in <module>
    from db.db_connection import DB
ModuleNotFoundError: No module named 'db'
[2026-06-15T07:56:52.079+0000] {processor.py:842} WARNING - No viable dags retrieved from /opt/airflow/dags/futsal_pipeline.py
[2026-06-15T07:56:52.095+0000] {processor.py:183} INFO - Processing /opt/airflow/dags/futsal_pipeline.py took 0.364 seconds
[2026-06-15T07:57:22.309+0000] {processor.py:161} INFO - Started process (PID=908) to work on /opt/airflow/dags/futsal_pipeline.py
[2026-06-15T07:57:22.310+0000] {processor.py:830} INFO - Processing file /opt/airflow/dags/futsal_pipeline.py for tasks to queue
[2026-06-15T07:57:22.311+0000] {logging_mixin.py:188} INFO - [2026-06-15T07:57:22.311+0000] {dagbag.py:545} INFO - Filling up the DagBag from /opt/airflow/dags/futsal_pipeline.py
[2026-06-15T07:57:22.674+0000] {logging_mixin.py:188} INFO - [2026-06-15T07:57:22.662+0000] {dagbag.py:355} ERROR - Failed to import: /opt/airflow/dags/futsal_pipeline.py
Traceback (most recent call last):
  File "/home/airflow/.local/lib/python3.11/site-packages/airflow/models/dagbag.py", line 351, in parse
    loader.exec_module(new_module)
  File "<frozen importlib._bootstrap_external>", line 940, in exec_module
  File "<frozen importlib._bootstrap>", line 241, in _call_with_frames_removed
  File "/opt/airflow/dags/futsal_pipeline.py", line 16, in <module>
    from pipeline.data_pipeline import DataPipeline
  File "/opt/airflow/pipeline/data_pipeline.py", line 1, in <module>
    from components.data_ingestion import DataIngestion
  File "/opt/airflow/components/data_ingestion.py", line 2, in <module>
    from db.db_connection import DB
ModuleNotFoundError: No module named 'db'
[2026-06-15T07:57:22.676+0000] {processor.py:842} WARNING - No viable dags retrieved from /opt/airflow/dags/futsal_pipeline.py
[2026-06-15T07:57:22.704+0000] {processor.py:183} INFO - Processing /opt/airflow/dags/futsal_pipeline.py took 0.401 seconds
[2026-06-15T07:57:52.942+0000] {processor.py:161} INFO - Started process (PID=920) to work on /opt/airflow/dags/futsal_pipeline.py
[2026-06-15T07:57:52.943+0000] {processor.py:830} INFO - Processing file /opt/airflow/dags/futsal_pipeline.py for tasks to queue
[2026-06-15T07:57:52.944+0000] {logging_mixin.py:188} INFO - [2026-06-15T07:57:52.944+0000] {dagbag.py:545} INFO - Filling up the DagBag from /opt/airflow/dags/futsal_pipeline.py
[2026-06-15T07:57:53.282+0000] {logging_mixin.py:188} INFO - [2026-06-15T07:57:53.271+0000] {dagbag.py:355} ERROR - Failed to import: /opt/airflow/dags/futsal_pipeline.py
Traceback (most recent call last):
  File "/home/airflow/.local/lib/python3.11/site-packages/airflow/models/dagbag.py", line 351, in parse
    loader.exec_module(new_module)
  File "<frozen importlib._bootstrap_external>", line 940, in exec_module
  File "<frozen importlib._bootstrap>", line 241, in _call_with_frames_removed
  File "/opt/airflow/dags/futsal_pipeline.py", line 16, in <module>
    from pipeline.data_pipeline import DataPipeline
  File "/opt/airflow/pipeline/data_pipeline.py", line 1, in <module>
    from components.data_ingestion import DataIngestion
  File "/opt/airflow/components/data_ingestion.py", line 2, in <module>
    from db.db_connection import DB
ModuleNotFoundError: No module named 'db'
[2026-06-15T07:57:53.284+0000] {processor.py:842} WARNING - No viable dags retrieved from /opt/airflow/dags/futsal_pipeline.py
[2026-06-15T07:57:53.300+0000] {processor.py:183} INFO - Processing /opt/airflow/dags/futsal_pipeline.py took 0.364 seconds
[2026-06-15T07:58:23.529+0000] {processor.py:161} INFO - Started process (PID=932) to work on /opt/airflow/dags/futsal_pipeline.py
[2026-06-15T07:58:23.530+0000] {processor.py:830} INFO - Processing file /opt/airflow/dags/futsal_pipeline.py for tasks to queue
[2026-06-15T07:58:23.531+0000] {logging_mixin.py:188} INFO - [2026-06-15T07:58:23.530+0000] {dagbag.py:545} INFO - Filling up the DagBag from /opt/airflow/dags/futsal_pipeline.py
[2026-06-15T07:58:23.833+0000] {logging_mixin.py:188} INFO - [2026-06-15T07:58:23.823+0000] {dagbag.py:355} ERROR - Failed to import: /opt/airflow/dags/futsal_pipeline.py
Traceback (most recent call last):
  File "/home/airflow/.local/lib/python3.11/site-packages/airflow/models/dagbag.py", line 351, in parse
    loader.exec_module(new_module)
  File "<frozen importlib._bootstrap_external>", line 940, in exec_module
  File "<frozen importlib._bootstrap>", line 241, in _call_with_frames_removed
  File "/opt/airflow/dags/futsal_pipeline.py", line 16, in <module>
    from pipeline.data_pipeline import DataPipeline
  File "/opt/airflow/pipeline/data_pipeline.py", line 1, in <module>
    from components.data_ingestion import DataIngestion
  File "/opt/airflow/components/data_ingestion.py", line 2, in <module>
    from db.db_connection import DB
ModuleNotFoundError: No module named 'db'
[2026-06-15T07:58:23.835+0000] {processor.py:842} WARNING - No viable dags retrieved from /opt/airflow/dags/futsal_pipeline.py
[2026-06-15T07:58:23.862+0000] {processor.py:183} INFO - Processing /opt/airflow/dags/futsal_pipeline.py took 0.339 seconds
[2026-06-15T07:58:54.122+0000] {processor.py:161} INFO - Started process (PID=944) to work on /opt/airflow/dags/futsal_pipeline.py
[2026-06-15T07:58:54.124+0000] {processor.py:830} INFO - Processing file /opt/airflow/dags/futsal_pipeline.py for tasks to queue
[2026-06-15T07:58:54.124+0000] {logging_mixin.py:188} INFO - [2026-06-15T07:58:54.124+0000] {dagbag.py:545} INFO - Filling up the DagBag from /opt/airflow/dags/futsal_pipeline.py
[2026-06-15T07:58:54.504+0000] {logging_mixin.py:188} INFO - [2026-06-15T07:58:54.494+0000] {dagbag.py:355} ERROR - Failed to import: /opt/airflow/dags/futsal_pipeline.py
Traceback (most recent call last):
  File "/home/airflow/.local/lib/python3.11/site-packages/airflow/models/dagbag.py", line 351, in parse
    loader.exec_module(new_module)
  File "<frozen importlib._bootstrap_external>", line 940, in exec_module
  File "<frozen importlib._bootstrap>", line 241, in _call_with_frames_removed
  File "/opt/airflow/dags/futsal_pipeline.py", line 16, in <module>
    from pipeline.data_pipeline import DataPipeline
  File "/opt/airflow/pipeline/data_pipeline.py", line 1, in <module>
    from components.data_ingestion import DataIngestion
  File "/opt/airflow/components/data_ingestion.py", line 2, in <module>
    from db.db_connection import DB
ModuleNotFoundError: No module named 'db'
[2026-06-15T07:58:54.507+0000] {processor.py:842} WARNING - No viable dags retrieved from /opt/airflow/dags/futsal_pipeline.py
[2026-06-15T07:58:54.526+0000] {processor.py:183} INFO - Processing /opt/airflow/dags/futsal_pipeline.py took 0.409 seconds
[2026-06-15T07:59:24.798+0000] {processor.py:161} INFO - Started process (PID=956) to work on /opt/airflow/dags/futsal_pipeline.py
[2026-06-15T07:59:24.800+0000] {processor.py:830} INFO - Processing file /opt/airflow/dags/futsal_pipeline.py for tasks to queue
[2026-06-15T07:59:24.801+0000] {logging_mixin.py:188} INFO - [2026-06-15T07:59:24.800+0000] {dagbag.py:545} INFO - Filling up the DagBag from /opt/airflow/dags/futsal_pipeline.py
[2026-06-15T07:59:25.123+0000] {logging_mixin.py:188} INFO - [2026-06-15T07:59:25.109+0000] {dagbag.py:355} ERROR - Failed to import: /opt/airflow/dags/futsal_pipeline.py
Traceback (most recent call last):
  File "/home/airflow/.local/lib/python3.11/site-packages/airflow/models/dagbag.py", line 351, in parse
    loader.exec_module(new_module)
  File "<frozen importlib._bootstrap_external>", line 940, in exec_module
  File "<frozen importlib._bootstrap>", line 241, in _call_with_frames_removed
  File "/opt/airflow/dags/futsal_pipeline.py", line 16, in <module>
    from pipeline.data_pipeline import DataPipeline
  File "/opt/airflow/pipeline/data_pipeline.py", line 1, in <module>
    from components.data_ingestion import DataIngestion
  File "/opt/airflow/components/data_ingestion.py", line 2, in <module>
    from db.db_connection import DB
ModuleNotFoundError: No module named 'db'
[2026-06-15T07:59:25.125+0000] {processor.py:842} WARNING - No viable dags retrieved from /opt/airflow/dags/futsal_pipeline.py
[2026-06-15T07:59:25.154+0000] {processor.py:183} INFO - Processing /opt/airflow/dags/futsal_pipeline.py took 0.361 seconds
[2026-06-15T07:59:55.392+0000] {processor.py:161} INFO - Started process (PID=968) to work on /opt/airflow/dags/futsal_pipeline.py
[2026-06-15T07:59:55.393+0000] {processor.py:830} INFO - Processing file /opt/airflow/dags/futsal_pipeline.py for tasks to queue
[2026-06-15T07:59:55.394+0000] {logging_mixin.py:188} INFO - [2026-06-15T07:59:55.393+0000] {dagbag.py:545} INFO - Filling up the DagBag from /opt/airflow/dags/futsal_pipeline.py
[2026-06-15T07:59:55.698+0000] {logging_mixin.py:188} INFO - [2026-06-15T07:59:55.688+0000] {dagbag.py:355} ERROR - Failed to import: /opt/airflow/dags/futsal_pipeline.py
Traceback (most recent call last):
  File "/home/airflow/.local/lib/python3.11/site-packages/airflow/models/dagbag.py", line 351, in parse
    loader.exec_module(new_module)
  File "<frozen importlib._bootstrap_external>", line 940, in exec_module
  File "<frozen importlib._bootstrap>", line 241, in _call_with_frames_removed
  File "/opt/airflow/dags/futsal_pipeline.py", line 16, in <module>
    from pipeline.data_pipeline import DataPipeline
  File "/opt/airflow/pipeline/data_pipeline.py", line 1, in <module>
    from components.data_ingestion import DataIngestion
  File "/opt/airflow/components/data_ingestion.py", line 2, in <module>
    from db.db_connection import DB
ModuleNotFoundError: No module named 'db'
[2026-06-15T07:59:55.699+0000] {processor.py:842} WARNING - No viable dags retrieved from /opt/airflow/dags/futsal_pipeline.py
[2026-06-15T07:59:55.726+0000] {processor.py:183} INFO - Processing /opt/airflow/dags/futsal_pipeline.py took 0.340 seconds
[2026-06-15T08:00:25.967+0000] {processor.py:161} INFO - Started process (PID=980) to work on /opt/airflow/dags/futsal_pipeline.py
[2026-06-15T08:00:25.968+0000] {processor.py:830} INFO - Processing file /opt/airflow/dags/futsal_pipeline.py for tasks to queue
[2026-06-15T08:00:25.968+0000] {logging_mixin.py:188} INFO - [2026-06-15T08:00:25.968+0000] {dagbag.py:545} INFO - Filling up the DagBag from /opt/airflow/dags/futsal_pipeline.py
[2026-06-15T08:00:26.321+0000] {logging_mixin.py:188} INFO - [2026-06-15T08:00:26.309+0000] {dagbag.py:355} ERROR - Failed to import: /opt/airflow/dags/futsal_pipeline.py
Traceback (most recent call last):
  File "/home/airflow/.local/lib/python3.11/site-packages/airflow/models/dagbag.py", line 351, in parse
    loader.exec_module(new_module)
  File "<frozen importlib._bootstrap_external>", line 940, in exec_module
  File "<frozen importlib._bootstrap>", line 241, in _call_with_frames_removed
  File "/opt/airflow/dags/futsal_pipeline.py", line 16, in <module>
    from pipeline.data_pipeline import DataPipeline
  File "/opt/airflow/pipeline/data_pipeline.py", line 1, in <module>
    from components.data_ingestion import DataIngestion
  File "/opt/airflow/components/data_ingestion.py", line 2, in <module>
    from db.db_connection import DB
ModuleNotFoundError: No module named 'db'
[2026-06-15T08:00:26.323+0000] {processor.py:842} WARNING - No viable dags retrieved from /opt/airflow/dags/futsal_pipeline.py
[2026-06-15T08:00:26.353+0000] {processor.py:183} INFO - Processing /opt/airflow/dags/futsal_pipeline.py took 0.392 seconds
[2026-06-15T08:00:56.554+0000] {processor.py:161} INFO - Started process (PID=992) to work on /opt/airflow/dags/futsal_pipeline.py
[2026-06-15T08:00:56.556+0000] {processor.py:830} INFO - Processing file /opt/airflow/dags/futsal_pipeline.py for tasks to queue
[2026-06-15T08:00:56.557+0000] {logging_mixin.py:188} INFO - [2026-06-15T08:00:56.557+0000] {dagbag.py:545} INFO - Filling up the DagBag from /opt/airflow/dags/futsal_pipeline.py
[2026-06-15T08:00:56.931+0000] {logging_mixin.py:188} INFO - [2026-06-15T08:00:56.915+0000] {dagbag.py:355} ERROR - Failed to import: /opt/airflow/dags/futsal_pipeline.py
Traceback (most recent call last):
  File "/home/airflow/.local/lib/python3.11/site-packages/airflow/models/dagbag.py", line 351, in parse
    loader.exec_module(new_module)
  File "<frozen importlib._bootstrap_external>", line 940, in exec_module
  File "<frozen importlib._bootstrap>", line 241, in _call_with_frames_removed
  File "/opt/airflow/dags/futsal_pipeline.py", line 16, in <module>
    from pipeline.data_pipeline import DataPipeline
  File "/opt/airflow/pipeline/data_pipeline.py", line 1, in <module>
    from components.data_ingestion import DataIngestion
  File "/opt/airflow/components/data_ingestion.py", line 2, in <module>
    from db.db_connection import DB
ModuleNotFoundError: No module named 'db'
[2026-06-15T08:00:56.935+0000] {processor.py:842} WARNING - No viable dags retrieved from /opt/airflow/dags/futsal_pipeline.py
[2026-06-15T08:00:56.958+0000] {processor.py:183} INFO - Processing /opt/airflow/dags/futsal_pipeline.py took 0.409 seconds
[2026-06-15T08:01:27.167+0000] {processor.py:161} INFO - Started process (PID=1004) to work on /opt/airflow/dags/futsal_pipeline.py
[2026-06-15T08:01:27.168+0000] {processor.py:830} INFO - Processing file /opt/airflow/dags/futsal_pipeline.py for tasks to queue
[2026-06-15T08:01:27.169+0000] {logging_mixin.py:188} INFO - [2026-06-15T08:01:27.169+0000] {dagbag.py:545} INFO - Filling up the DagBag from /opt/airflow/dags/futsal_pipeline.py
[2026-06-15T08:01:27.507+0000] {logging_mixin.py:188} INFO - [2026-06-15T08:01:27.496+0000] {dagbag.py:355} ERROR - Failed to import: /opt/airflow/dags/futsal_pipeline.py
Traceback (most recent call last):
  File "/home/airflow/.local/lib/python3.11/site-packages/airflow/models/dagbag.py", line 351, in parse
    loader.exec_module(new_module)
  File "<frozen importlib._bootstrap_external>", line 940, in exec_module
  File "<frozen importlib._bootstrap>", line 241, in _call_with_frames_removed
  File "/opt/airflow/dags/futsal_pipeline.py", line 16, in <module>
    from pipeline.data_pipeline import DataPipeline
  File "/opt/airflow/pipeline/data_pipeline.py", line 1, in <module>
    from components.data_ingestion import DataIngestion
  File "/opt/airflow/components/data_ingestion.py", line 2, in <module>
    from db.db_connection import DB
ModuleNotFoundError: No module named 'db'
[2026-06-15T08:01:27.508+0000] {processor.py:842} WARNING - No viable dags retrieved from /opt/airflow/dags/futsal_pipeline.py
[2026-06-15T08:01:27.535+0000] {processor.py:183} INFO - Processing /opt/airflow/dags/futsal_pipeline.py took 0.374 seconds
[2026-06-15T08:01:57.794+0000] {processor.py:161} INFO - Started process (PID=1016) to work on /opt/airflow/dags/futsal_pipeline.py
[2026-06-15T08:01:57.795+0000] {processor.py:830} INFO - Processing file /opt/airflow/dags/futsal_pipeline.py for tasks to queue
[2026-06-15T08:01:57.796+0000] {logging_mixin.py:188} INFO - [2026-06-15T08:01:57.795+0000] {dagbag.py:545} INFO - Filling up the DagBag from /opt/airflow/dags/futsal_pipeline.py
[2026-06-15T08:01:58.136+0000] {logging_mixin.py:188} INFO - [2026-06-15T08:01:58.124+0000] {dagbag.py:355} ERROR - Failed to import: /opt/airflow/dags/futsal_pipeline.py
Traceback (most recent call last):
  File "/home/airflow/.local/lib/python3.11/site-packages/airflow/models/dagbag.py", line 351, in parse
    loader.exec_module(new_module)
  File "<frozen importlib._bootstrap_external>", line 940, in exec_module
  File "<frozen importlib._bootstrap>", line 241, in _call_with_frames_removed
  File "/opt/airflow/dags/futsal_pipeline.py", line 16, in <module>
    from pipeline.data_pipeline import DataPipeline
  File "/opt/airflow/pipeline/data_pipeline.py", line 1, in <module>
    from components.data_ingestion import DataIngestion
  File "/opt/airflow/components/data_ingestion.py", line 2, in <module>
    from db.db_connection import DB
ModuleNotFoundError: No module named 'db'
[2026-06-15T08:01:58.140+0000] {processor.py:842} WARNING - No viable dags retrieved from /opt/airflow/dags/futsal_pipeline.py
[2026-06-15T08:01:58.168+0000] {processor.py:183} INFO - Processing /opt/airflow/dags/futsal_pipeline.py took 0.379 seconds
[2026-06-15T08:02:28.414+0000] {processor.py:161} INFO - Started process (PID=1028) to work on /opt/airflow/dags/futsal_pipeline.py
[2026-06-15T08:02:28.415+0000] {processor.py:830} INFO - Processing file /opt/airflow/dags/futsal_pipeline.py for tasks to queue
[2026-06-15T08:02:28.416+0000] {logging_mixin.py:188} INFO - [2026-06-15T08:02:28.415+0000] {dagbag.py:545} INFO - Filling up the DagBag from /opt/airflow/dags/futsal_pipeline.py
[2026-06-15T08:02:28.739+0000] {logging_mixin.py:188} INFO - [2026-06-15T08:02:28.729+0000] {dagbag.py:355} ERROR - Failed to import: /opt/airflow/dags/futsal_pipeline.py
Traceback (most recent call last):
  File "/home/airflow/.local/lib/python3.11/site-packages/airflow/models/dagbag.py", line 351, in parse
    loader.exec_module(new_module)
  File "<frozen importlib._bootstrap_external>", line 940, in exec_module
  File "<frozen importlib._bootstrap>", line 241, in _call_with_frames_removed
  File "/opt/airflow/dags/futsal_pipeline.py", line 16, in <module>
    from pipeline.data_pipeline import DataPipeline
  File "/opt/airflow/pipeline/data_pipeline.py", line 1, in <module>
    from components.data_ingestion import DataIngestion
  File "/opt/airflow/components/data_ingestion.py", line 2, in <module>
    from db.db_connection import DB
ModuleNotFoundError: No module named 'db'
[2026-06-15T08:02:28.740+0000] {processor.py:842} WARNING - No viable dags retrieved from /opt/airflow/dags/futsal_pipeline.py
[2026-06-15T08:02:28.758+0000] {processor.py:183} INFO - Processing /opt/airflow/dags/futsal_pipeline.py took 0.351 seconds
[2026-06-15T08:02:59.013+0000] {processor.py:161} INFO - Started process (PID=1040) to work on /opt/airflow/dags/futsal_pipeline.py
[2026-06-15T08:02:59.015+0000] {processor.py:830} INFO - Processing file /opt/airflow/dags/futsal_pipeline.py for tasks to queue
[2026-06-15T08:02:59.016+0000] {logging_mixin.py:188} INFO - [2026-06-15T08:02:59.015+0000] {dagbag.py:545} INFO - Filling up the DagBag from /opt/airflow/dags/futsal_pipeline.py
[2026-06-15T08:02:59.353+0000] {logging_mixin.py:188} INFO - [2026-06-15T08:02:59.341+0000] {dagbag.py:355} ERROR - Failed to import: /opt/airflow/dags/futsal_pipeline.py
Traceback (most recent call last):
  File "/home/airflow/.local/lib/python3.11/site-packages/airflow/models/dagbag.py", line 351, in parse
    loader.exec_module(new_module)
  File "<frozen importlib._bootstrap_external>", line 940, in exec_module
  File "<frozen importlib._bootstrap>", line 241, in _call_with_frames_removed
  File "/opt/airflow/dags/futsal_pipeline.py", line 16, in <module>
    from pipeline.data_pipeline import DataPipeline
  File "/opt/airflow/pipeline/data_pipeline.py", line 1, in <module>
    from components.data_ingestion import DataIngestion
  File "/opt/airflow/components/data_ingestion.py", line 2, in <module>
    from db.db_connection import DB
ModuleNotFoundError: No module named 'db'
[2026-06-15T08:02:59.354+0000] {processor.py:842} WARNING - No viable dags retrieved from /opt/airflow/dags/futsal_pipeline.py
[2026-06-15T08:02:59.382+0000] {processor.py:183} INFO - Processing /opt/airflow/dags/futsal_pipeline.py took 0.374 seconds
[2026-06-15T08:03:29.580+0000] {processor.py:161} INFO - Started process (PID=1052) to work on /opt/airflow/dags/futsal_pipeline.py
[2026-06-15T08:03:29.582+0000] {processor.py:830} INFO - Processing file /opt/airflow/dags/futsal_pipeline.py for tasks to queue
[2026-06-15T08:03:29.582+0000] {logging_mixin.py:188} INFO - [2026-06-15T08:03:29.582+0000] {dagbag.py:545} INFO - Filling up the DagBag from /opt/airflow/dags/futsal_pipeline.py
[2026-06-15T08:03:29.897+0000] {logging_mixin.py:188} INFO - [2026-06-15T08:03:29.885+0000] {dagbag.py:355} ERROR - Failed to import: /opt/airflow/dags/futsal_pipeline.py
Traceback (most recent call last):
  File "/home/airflow/.local/lib/python3.11/site-packages/airflow/models/dagbag.py", line 351, in parse
    loader.exec_module(new_module)
  File "<frozen importlib._bootstrap_external>", line 940, in exec_module
  File "<frozen importlib._bootstrap>", line 241, in _call_with_frames_removed
  File "/opt/airflow/dags/futsal_pipeline.py", line 16, in <module>
    from pipeline.data_pipeline import DataPipeline
  File "/opt/airflow/pipeline/data_pipeline.py", line 1, in <module>
    from components.data_ingestion import DataIngestion
  File "/opt/airflow/components/data_ingestion.py", line 2, in <module>
    from db.db_connection import DB
ModuleNotFoundError: No module named 'db'
[2026-06-15T08:03:29.899+0000] {processor.py:842} WARNING - No viable dags retrieved from /opt/airflow/dags/futsal_pipeline.py
[2026-06-15T08:03:29.920+0000] {processor.py:183} INFO - Processing /opt/airflow/dags/futsal_pipeline.py took 0.345 seconds
[2026-06-15T08:04:00.178+0000] {processor.py:161} INFO - Started process (PID=1064) to work on /opt/airflow/dags/futsal_pipeline.py
[2026-06-15T08:04:00.179+0000] {processor.py:830} INFO - Processing file /opt/airflow/dags/futsal_pipeline.py for tasks to queue
[2026-06-15T08:04:00.180+0000] {logging_mixin.py:188} INFO - [2026-06-15T08:04:00.180+0000] {dagbag.py:545} INFO - Filling up the DagBag from /opt/airflow/dags/futsal_pipeline.py
[2026-06-15T08:04:00.522+0000] {logging_mixin.py:188} INFO - [2026-06-15T08:04:00.509+0000] {dagbag.py:355} ERROR - Failed to import: /opt/airflow/dags/futsal_pipeline.py
Traceback (most recent call last):
  File "/home/airflow/.local/lib/python3.11/site-packages/airflow/models/dagbag.py", line 351, in parse
    loader.exec_module(new_module)
  File "<frozen importlib._bootstrap_external>", line 940, in exec_module
  File "<frozen importlib._bootstrap>", line 241, in _call_with_frames_removed
  File "/opt/airflow/dags/futsal_pipeline.py", line 16, in <module>
    from pipeline.data_pipeline import DataPipeline
  File "/opt/airflow/pipeline/data_pipeline.py", line 1, in <module>
    from components.data_ingestion import DataIngestion
  File "/opt/airflow/components/data_ingestion.py", line 2, in <module>
    from db.db_connection import DB
ModuleNotFoundError: No module named 'db'
[2026-06-15T08:04:00.523+0000] {processor.py:842} WARNING - No viable dags retrieved from /opt/airflow/dags/futsal_pipeline.py
[2026-06-15T08:04:00.552+0000] {processor.py:183} INFO - Processing /opt/airflow/dags/futsal_pipeline.py took 0.378 seconds
[2026-06-15T08:04:30.781+0000] {processor.py:161} INFO - Started process (PID=1076) to work on /opt/airflow/dags/futsal_pipeline.py
[2026-06-15T08:04:30.782+0000] {processor.py:830} INFO - Processing file /opt/airflow/dags/futsal_pipeline.py for tasks to queue
[2026-06-15T08:04:30.783+0000] {logging_mixin.py:188} INFO - [2026-06-15T08:04:30.782+0000] {dagbag.py:545} INFO - Filling up the DagBag from /opt/airflow/dags/futsal_pipeline.py
[2026-06-15T08:04:31.084+0000] {logging_mixin.py:188} INFO - [2026-06-15T08:04:31.073+0000] {dagbag.py:355} ERROR - Failed to import: /opt/airflow/dags/futsal_pipeline.py
Traceback (most recent call last):
  File "/home/airflow/.local/lib/python3.11/site-packages/airflow/models/dagbag.py", line 351, in parse
    loader.exec_module(new_module)
  File "<frozen importlib._bootstrap_external>", line 940, in exec_module
  File "<frozen importlib._bootstrap>", line 241, in _call_with_frames_removed
  File "/opt/airflow/dags/futsal_pipeline.py", line 16, in <module>
    from pipeline.data_pipeline import DataPipeline
  File "/opt/airflow/pipeline/data_pipeline.py", line 1, in <module>
    from components.data_ingestion import DataIngestion
  File "/opt/airflow/components/data_ingestion.py", line 2, in <module>
    from db.db_connection import DB
ModuleNotFoundError: No module named 'db'
[2026-06-15T08:04:31.086+0000] {processor.py:842} WARNING - No viable dags retrieved from /opt/airflow/dags/futsal_pipeline.py
[2026-06-15T08:04:31.113+0000] {processor.py:183} INFO - Processing /opt/airflow/dags/futsal_pipeline.py took 0.337 seconds
[2026-06-15T08:05:01.371+0000] {processor.py:161} INFO - Started process (PID=1088) to work on /opt/airflow/dags/futsal_pipeline.py
[2026-06-15T08:05:01.372+0000] {processor.py:830} INFO - Processing file /opt/airflow/dags/futsal_pipeline.py for tasks to queue
[2026-06-15T08:05:01.373+0000] {logging_mixin.py:188} INFO - [2026-06-15T08:05:01.373+0000] {dagbag.py:545} INFO - Filling up the DagBag from /opt/airflow/dags/futsal_pipeline.py
[2026-06-15T08:05:01.688+0000] {logging_mixin.py:188} INFO - [2026-06-15T08:05:01.678+0000] {dagbag.py:355} ERROR - Failed to import: /opt/airflow/dags/futsal_pipeline.py
Traceback (most recent call last):
  File "/home/airflow/.local/lib/python3.11/site-packages/airflow/models/dagbag.py", line 351, in parse
    loader.exec_module(new_module)
  File "<frozen importlib._bootstrap_external>", line 940, in exec_module
  File "<frozen importlib._bootstrap>", line 241, in _call_with_frames_removed
  File "/opt/airflow/dags/futsal_pipeline.py", line 16, in <module>
    from pipeline.data_pipeline import DataPipeline
  File "/opt/airflow/pipeline/data_pipeline.py", line 1, in <module>
    from components.data_ingestion import DataIngestion
  File "/opt/airflow/components/data_ingestion.py", line 2, in <module>
    from db.db_connection import DB
ModuleNotFoundError: No module named 'db'
[2026-06-15T08:05:01.690+0000] {processor.py:842} WARNING - No viable dags retrieved from /opt/airflow/dags/futsal_pipeline.py
[2026-06-15T08:05:01.717+0000] {processor.py:183} INFO - Processing /opt/airflow/dags/futsal_pipeline.py took 0.352 seconds
[2026-06-15T08:05:31.967+0000] {processor.py:161} INFO - Started process (PID=1100) to work on /opt/airflow/dags/futsal_pipeline.py
[2026-06-15T08:05:31.968+0000] {processor.py:830} INFO - Processing file /opt/airflow/dags/futsal_pipeline.py for tasks to queue
[2026-06-15T08:05:31.969+0000] {logging_mixin.py:188} INFO - [2026-06-15T08:05:31.969+0000] {dagbag.py:545} INFO - Filling up the DagBag from /opt/airflow/dags/futsal_pipeline.py
[2026-06-15T08:05:32.290+0000] {logging_mixin.py:188} INFO - [2026-06-15T08:05:32.279+0000] {dagbag.py:355} ERROR - Failed to import: /opt/airflow/dags/futsal_pipeline.py
Traceback (most recent call last):
  File "/home/airflow/.local/lib/python3.11/site-packages/airflow/models/dagbag.py", line 351, in parse
    loader.exec_module(new_module)
  File "<frozen importlib._bootstrap_external>", line 940, in exec_module
  File "<frozen importlib._bootstrap>", line 241, in _call_with_frames_removed
  File "/opt/airflow/dags/futsal_pipeline.py", line 16, in <module>
    from pipeline.data_pipeline import DataPipeline
  File "/opt/airflow/pipeline/data_pipeline.py", line 1, in <module>
    from components.data_ingestion import DataIngestion
  File "/opt/airflow/components/data_ingestion.py", line 2, in <module>
    from db.db_connection import DB
ModuleNotFoundError: No module named 'db'
[2026-06-15T08:05:32.292+0000] {processor.py:842} WARNING - No viable dags retrieved from /opt/airflow/dags/futsal_pipeline.py
[2026-06-15T08:05:32.324+0000] {processor.py:183} INFO - Processing /opt/airflow/dags/futsal_pipeline.py took 0.362 seconds
[2026-06-15T08:06:02.554+0000] {processor.py:161} INFO - Started process (PID=1112) to work on /opt/airflow/dags/futsal_pipeline.py
[2026-06-15T08:06:02.555+0000] {processor.py:830} INFO - Processing file /opt/airflow/dags/futsal_pipeline.py for tasks to queue
[2026-06-15T08:06:02.556+0000] {logging_mixin.py:188} INFO - [2026-06-15T08:06:02.555+0000] {dagbag.py:545} INFO - Filling up the DagBag from /opt/airflow/dags/futsal_pipeline.py
[2026-06-15T08:06:02.914+0000] {logging_mixin.py:188} INFO - [2026-06-15T08:06:02.899+0000] {dagbag.py:355} ERROR - Failed to import: /opt/airflow/dags/futsal_pipeline.py
Traceback (most recent call last):
  File "/home/airflow/.local/lib/python3.11/site-packages/airflow/models/dagbag.py", line 351, in parse
    loader.exec_module(new_module)
  File "<frozen importlib._bootstrap_external>", line 940, in exec_module
  File "<frozen importlib._bootstrap>", line 241, in _call_with_frames_removed
  File "/opt/airflow/dags/futsal_pipeline.py", line 16, in <module>
    from pipeline.data_pipeline import DataPipeline
  File "/opt/airflow/pipeline/data_pipeline.py", line 1, in <module>
    from components.data_ingestion import DataIngestion
  File "/opt/airflow/components/data_ingestion.py", line 2, in <module>
    from db.db_connection import DB
ModuleNotFoundError: No module named 'db'
[2026-06-15T08:06:02.917+0000] {processor.py:842} WARNING - No viable dags retrieved from /opt/airflow/dags/futsal_pipeline.py
[2026-06-15T08:06:02.950+0000] {processor.py:183} INFO - Processing /opt/airflow/dags/futsal_pipeline.py took 0.403 seconds
[2026-06-15T08:06:33.178+0000] {processor.py:161} INFO - Started process (PID=1124) to work on /opt/airflow/dags/futsal_pipeline.py
[2026-06-15T08:06:33.179+0000] {processor.py:830} INFO - Processing file /opt/airflow/dags/futsal_pipeline.py for tasks to queue
[2026-06-15T08:06:33.180+0000] {logging_mixin.py:188} INFO - [2026-06-15T08:06:33.180+0000] {dagbag.py:545} INFO - Filling up the DagBag from /opt/airflow/dags/futsal_pipeline.py
[2026-06-15T08:06:33.538+0000] {logging_mixin.py:188} INFO - [2026-06-15T08:06:33.525+0000] {dagbag.py:355} ERROR - Failed to import: /opt/airflow/dags/futsal_pipeline.py
Traceback (most recent call last):
  File "/home/airflow/.local/lib/python3.11/site-packages/airflow/models/dagbag.py", line 351, in parse
    loader.exec_module(new_module)
  File "<frozen importlib._bootstrap_external>", line 940, in exec_module
  File "<frozen importlib._bootstrap>", line 241, in _call_with_frames_removed
  File "/opt/airflow/dags/futsal_pipeline.py", line 16, in <module>
    from pipeline.data_pipeline import DataPipeline
  File "/opt/airflow/pipeline/data_pipeline.py", line 1, in <module>
    from components.data_ingestion import DataIngestion
  File "/opt/airflow/components/data_ingestion.py", line 2, in <module>
    from db.db_connection import DB
ModuleNotFoundError: No module named 'db'
[2026-06-15T08:06:33.539+0000] {processor.py:842} WARNING - No viable dags retrieved from /opt/airflow/dags/futsal_pipeline.py
[2026-06-15T08:06:33.568+0000] {processor.py:183} INFO - Processing /opt/airflow/dags/futsal_pipeline.py took 0.398 seconds
[2026-06-15T08:07:03.789+0000] {processor.py:161} INFO - Started process (PID=1136) to work on /opt/airflow/dags/futsal_pipeline.py
[2026-06-15T08:07:03.790+0000] {processor.py:830} INFO - Processing file /opt/airflow/dags/futsal_pipeline.py for tasks to queue
[2026-06-15T08:07:03.792+0000] {logging_mixin.py:188} INFO - [2026-06-15T08:07:03.791+0000] {dagbag.py:545} INFO - Filling up the DagBag from /opt/airflow/dags/futsal_pipeline.py
[2026-06-15T08:07:04.151+0000] {logging_mixin.py:188} INFO - [2026-06-15T08:07:04.139+0000] {dagbag.py:355} ERROR - Failed to import: /opt/airflow/dags/futsal_pipeline.py
Traceback (most recent call last):
  File "/home/airflow/.local/lib/python3.11/site-packages/airflow/models/dagbag.py", line 351, in parse
    loader.exec_module(new_module)
  File "<frozen importlib._bootstrap_external>", line 940, in exec_module
  File "<frozen importlib._bootstrap>", line 241, in _call_with_frames_removed
  File "/opt/airflow/dags/futsal_pipeline.py", line 16, in <module>
    from pipeline.data_pipeline import DataPipeline
  File "/opt/airflow/pipeline/data_pipeline.py", line 1, in <module>
    from components.data_ingestion import DataIngestion
  File "/opt/airflow/components/data_ingestion.py", line 2, in <module>
    from db.db_connection import DB
ModuleNotFoundError: No module named 'db'
[2026-06-15T08:07:04.153+0000] {processor.py:842} WARNING - No viable dags retrieved from /opt/airflow/dags/futsal_pipeline.py
[2026-06-15T08:07:04.188+0000] {processor.py:183} INFO - Processing /opt/airflow/dags/futsal_pipeline.py took 0.404 seconds
[2026-06-15T08:07:34.408+0000] {processor.py:161} INFO - Started process (PID=1148) to work on /opt/airflow/dags/futsal_pipeline.py
[2026-06-15T08:07:34.410+0000] {processor.py:830} INFO - Processing file /opt/airflow/dags/futsal_pipeline.py for tasks to queue
[2026-06-15T08:07:34.411+0000] {logging_mixin.py:188} INFO - [2026-06-15T08:07:34.410+0000] {dagbag.py:545} INFO - Filling up the DagBag from /opt/airflow/dags/futsal_pipeline.py
[2026-06-15T08:07:34.835+0000] {logging_mixin.py:188} INFO - [2026-06-15T08:07:34.823+0000] {dagbag.py:355} ERROR - Failed to import: /opt/airflow/dags/futsal_pipeline.py
Traceback (most recent call last):
  File "/home/airflow/.local/lib/python3.11/site-packages/airflow/models/dagbag.py", line 351, in parse
    loader.exec_module(new_module)
  File "<frozen importlib._bootstrap_external>", line 940, in exec_module
  File "<frozen importlib._bootstrap>", line 241, in _call_with_frames_removed
  File "/opt/airflow/dags/futsal_pipeline.py", line 16, in <module>
    from pipeline.data_pipeline import DataPipeline
  File "/opt/airflow/pipeline/data_pipeline.py", line 1, in <module>
    from components.data_ingestion import DataIngestion
  File "/opt/airflow/components/data_ingestion.py", line 2, in <module>
    from db.db_connection import DB
ModuleNotFoundError: No module named 'db'
[2026-06-15T08:07:34.837+0000] {processor.py:842} WARNING - No viable dags retrieved from /opt/airflow/dags/futsal_pipeline.py
[2026-06-15T08:07:34.868+0000] {processor.py:183} INFO - Processing /opt/airflow/dags/futsal_pipeline.py took 0.466 seconds
[2026-06-15T08:08:05.072+0000] {processor.py:161} INFO - Started process (PID=1160) to work on /opt/airflow/dags/futsal_pipeline.py
[2026-06-15T08:08:05.073+0000] {processor.py:830} INFO - Processing file /opt/airflow/dags/futsal_pipeline.py for tasks to queue
[2026-06-15T08:08:05.074+0000] {logging_mixin.py:188} INFO - [2026-06-15T08:08:05.074+0000] {dagbag.py:545} INFO - Filling up the DagBag from /opt/airflow/dags/futsal_pipeline.py
[2026-06-15T08:08:05.403+0000] {logging_mixin.py:188} INFO - [2026-06-15T08:08:05.391+0000] {dagbag.py:355} ERROR - Failed to import: /opt/airflow/dags/futsal_pipeline.py
Traceback (most recent call last):
  File "/home/airflow/.local/lib/python3.11/site-packages/airflow/models/dagbag.py", line 351, in parse
    loader.exec_module(new_module)
  File "<frozen importlib._bootstrap_external>", line 940, in exec_module
  File "<frozen importlib._bootstrap>", line 241, in _call_with_frames_removed
  File "/opt/airflow/dags/futsal_pipeline.py", line 16, in <module>
    from pipeline.data_pipeline import DataPipeline
  File "/opt/airflow/pipeline/data_pipeline.py", line 1, in <module>
    from components.data_ingestion import DataIngestion
  File "/opt/airflow/components/data_ingestion.py", line 2, in <module>
    from db.db_connection import DB
ModuleNotFoundError: No module named 'db'
[2026-06-15T08:08:05.405+0000] {processor.py:842} WARNING - No viable dags retrieved from /opt/airflow/dags/futsal_pipeline.py
[2026-06-15T08:08:05.421+0000] {processor.py:183} INFO - Processing /opt/airflow/dags/futsal_pipeline.py took 0.356 seconds
[2026-06-15T08:08:35.727+0000] {processor.py:161} INFO - Started process (PID=1172) to work on /opt/airflow/dags/futsal_pipeline.py
[2026-06-15T08:08:35.728+0000] {processor.py:830} INFO - Processing file /opt/airflow/dags/futsal_pipeline.py for tasks to queue
[2026-06-15T08:08:35.730+0000] {logging_mixin.py:188} INFO - [2026-06-15T08:08:35.729+0000] {dagbag.py:545} INFO - Filling up the DagBag from /opt/airflow/dags/futsal_pipeline.py
[2026-06-15T08:08:36.156+0000] {logging_mixin.py:188} INFO - [2026-06-15T08:08:36.139+0000] {dagbag.py:355} ERROR - Failed to import: /opt/airflow/dags/futsal_pipeline.py
Traceback (most recent call last):
  File "/home/airflow/.local/lib/python3.11/site-packages/airflow/models/dagbag.py", line 351, in parse
    loader.exec_module(new_module)
  File "<frozen importlib._bootstrap_external>", line 940, in exec_module
  File "<frozen importlib._bootstrap>", line 241, in _call_with_frames_removed
  File "/opt/airflow/dags/futsal_pipeline.py", line 16, in <module>
    from pipeline.data_pipeline import DataPipeline
  File "/opt/airflow/pipeline/data_pipeline.py", line 1, in <module>
    from components.data_ingestion import DataIngestion
  File "/opt/airflow/components/data_ingestion.py", line 2, in <module>
    from db.db_connection import DB
ModuleNotFoundError: No module named 'db'
[2026-06-15T08:08:36.158+0000] {processor.py:842} WARNING - No viable dags retrieved from /opt/airflow/dags/futsal_pipeline.py
[2026-06-15T08:08:36.188+0000] {processor.py:183} INFO - Processing /opt/airflow/dags/futsal_pipeline.py took 0.469 seconds
[2026-06-15T08:09:06.424+0000] {processor.py:161} INFO - Started process (PID=1184) to work on /opt/airflow/dags/futsal_pipeline.py
[2026-06-15T08:09:06.427+0000] {processor.py:830} INFO - Processing file /opt/airflow/dags/futsal_pipeline.py for tasks to queue
[2026-06-15T08:09:06.428+0000] {logging_mixin.py:188} INFO - [2026-06-15T08:09:06.428+0000] {dagbag.py:545} INFO - Filling up the DagBag from /opt/airflow/dags/futsal_pipeline.py
[2026-06-15T08:09:06.861+0000] {logging_mixin.py:188} INFO - [2026-06-15T08:09:06.838+0000] {dagbag.py:355} ERROR - Failed to import: /opt/airflow/dags/futsal_pipeline.py
Traceback (most recent call last):
  File "/home/airflow/.local/lib/python3.11/site-packages/airflow/models/dagbag.py", line 351, in parse
    loader.exec_module(new_module)
  File "<frozen importlib._bootstrap_external>", line 940, in exec_module
  File "<frozen importlib._bootstrap>", line 241, in _call_with_frames_removed
  File "/opt/airflow/dags/futsal_pipeline.py", line 16, in <module>
    from pipeline.data_pipeline import DataPipeline
  File "/opt/airflow/pipeline/data_pipeline.py", line 1, in <module>
    from components.data_ingestion import DataIngestion
  File "/opt/airflow/components/data_ingestion.py", line 2, in <module>
    from db.db_connection import DB
ModuleNotFoundError: No module named 'db'
[2026-06-15T08:09:06.865+0000] {processor.py:842} WARNING - No viable dags retrieved from /opt/airflow/dags/futsal_pipeline.py
[2026-06-15T08:09:06.897+0000] {processor.py:183} INFO - Processing /opt/airflow/dags/futsal_pipeline.py took 0.479 seconds
[2026-06-15T08:09:37.087+0000] {processor.py:161} INFO - Started process (PID=1196) to work on /opt/airflow/dags/futsal_pipeline.py
[2026-06-15T08:09:37.089+0000] {processor.py:830} INFO - Processing file /opt/airflow/dags/futsal_pipeline.py for tasks to queue
[2026-06-15T08:09:37.092+0000] {logging_mixin.py:188} INFO - [2026-06-15T08:09:37.091+0000] {dagbag.py:545} INFO - Filling up the DagBag from /opt/airflow/dags/futsal_pipeline.py
[2026-06-15T08:09:37.488+0000] {logging_mixin.py:188} INFO - [2026-06-15T08:09:37.468+0000] {dagbag.py:355} ERROR - Failed to import: /opt/airflow/dags/futsal_pipeline.py
Traceback (most recent call last):
  File "/home/airflow/.local/lib/python3.11/site-packages/airflow/models/dagbag.py", line 351, in parse
    loader.exec_module(new_module)
  File "<frozen importlib._bootstrap_external>", line 940, in exec_module
  File "<frozen importlib._bootstrap>", line 241, in _call_with_frames_removed
  File "/opt/airflow/dags/futsal_pipeline.py", line 16, in <module>
    from pipeline.data_pipeline import DataPipeline
  File "/opt/airflow/pipeline/data_pipeline.py", line 1, in <module>
    from components.data_ingestion import DataIngestion
  File "/opt/airflow/components/data_ingestion.py", line 2, in <module>
    from db.db_connection import DB
ModuleNotFoundError: No module named 'db'
[2026-06-15T08:09:37.492+0000] {processor.py:842} WARNING - No viable dags retrieved from /opt/airflow/dags/futsal_pipeline.py
[2026-06-15T08:09:37.525+0000] {processor.py:183} INFO - Processing /opt/airflow/dags/futsal_pipeline.py took 0.446 seconds
[2026-06-15T08:10:07.719+0000] {processor.py:161} INFO - Started process (PID=1208) to work on /opt/airflow/dags/futsal_pipeline.py
[2026-06-15T08:10:07.721+0000] {processor.py:830} INFO - Processing file /opt/airflow/dags/futsal_pipeline.py for tasks to queue
[2026-06-15T08:10:07.722+0000] {logging_mixin.py:188} INFO - [2026-06-15T08:10:07.721+0000] {dagbag.py:545} INFO - Filling up the DagBag from /opt/airflow/dags/futsal_pipeline.py
[2026-06-15T08:10:08.072+0000] {logging_mixin.py:188} INFO - [2026-06-15T08:10:08.061+0000] {dagbag.py:355} ERROR - Failed to import: /opt/airflow/dags/futsal_pipeline.py
Traceback (most recent call last):
  File "/home/airflow/.local/lib/python3.11/site-packages/airflow/models/dagbag.py", line 351, in parse
    loader.exec_module(new_module)
  File "<frozen importlib._bootstrap_external>", line 940, in exec_module
  File "<frozen importlib._bootstrap>", line 241, in _call_with_frames_removed
  File "/opt/airflow/dags/futsal_pipeline.py", line 16, in <module>
    from pipeline.data_pipeline import DataPipeline
  File "/opt/airflow/pipeline/data_pipeline.py", line 1, in <module>
    from components.data_ingestion import DataIngestion
  File "/opt/airflow/components/data_ingestion.py", line 2, in <module>
    from db.db_connection import DB
ModuleNotFoundError: No module named 'db'
[2026-06-15T08:10:08.075+0000] {processor.py:842} WARNING - No viable dags retrieved from /opt/airflow/dags/futsal_pipeline.py
[2026-06-15T08:10:08.104+0000] {processor.py:183} INFO - Processing /opt/airflow/dags/futsal_pipeline.py took 0.389 seconds
[2026-06-15T08:10:38.313+0000] {processor.py:161} INFO - Started process (PID=1220) to work on /opt/airflow/dags/futsal_pipeline.py
[2026-06-15T08:10:38.314+0000] {processor.py:830} INFO - Processing file /opt/airflow/dags/futsal_pipeline.py for tasks to queue
[2026-06-15T08:10:38.315+0000] {logging_mixin.py:188} INFO - [2026-06-15T08:10:38.315+0000] {dagbag.py:545} INFO - Filling up the DagBag from /opt/airflow/dags/futsal_pipeline.py
[2026-06-15T08:10:38.700+0000] {logging_mixin.py:188} INFO - [2026-06-15T08:10:38.687+0000] {dagbag.py:355} ERROR - Failed to import: /opt/airflow/dags/futsal_pipeline.py
Traceback (most recent call last):
  File "/home/airflow/.local/lib/python3.11/site-packages/airflow/models/dagbag.py", line 351, in parse
    loader.exec_module(new_module)
  File "<frozen importlib._bootstrap_external>", line 940, in exec_module
  File "<frozen importlib._bootstrap>", line 241, in _call_with_frames_removed
  File "/opt/airflow/dags/futsal_pipeline.py", line 16, in <module>
    from pipeline.data_pipeline import DataPipeline
  File "/opt/airflow/pipeline/data_pipeline.py", line 1, in <module>
    from components.data_ingestion import DataIngestion
  File "/opt/airflow/components/data_ingestion.py", line 2, in <module>
    from db.db_connection import DB
ModuleNotFoundError: No module named 'db'
[2026-06-15T08:10:38.703+0000] {processor.py:842} WARNING - No viable dags retrieved from /opt/airflow/dags/futsal_pipeline.py
[2026-06-15T08:10:38.723+0000] {processor.py:183} INFO - Processing /opt/airflow/dags/futsal_pipeline.py took 0.415 seconds
[2026-06-15T08:11:08.946+0000] {processor.py:161} INFO - Started process (PID=1232) to work on /opt/airflow/dags/futsal_pipeline.py
[2026-06-15T08:11:08.948+0000] {processor.py:830} INFO - Processing file /opt/airflow/dags/futsal_pipeline.py for tasks to queue
[2026-06-15T08:11:08.949+0000] {logging_mixin.py:188} INFO - [2026-06-15T08:11:08.948+0000] {dagbag.py:545} INFO - Filling up the DagBag from /opt/airflow/dags/futsal_pipeline.py
[2026-06-15T08:11:09.391+0000] {logging_mixin.py:188} INFO - [2026-06-15T08:11:09.378+0000] {dagbag.py:355} ERROR - Failed to import: /opt/airflow/dags/futsal_pipeline.py
Traceback (most recent call last):
  File "/home/airflow/.local/lib/python3.11/site-packages/airflow/models/dagbag.py", line 351, in parse
    loader.exec_module(new_module)
  File "<frozen importlib._bootstrap_external>", line 940, in exec_module
  File "<frozen importlib._bootstrap>", line 241, in _call_with_frames_removed
  File "/opt/airflow/dags/futsal_pipeline.py", line 16, in <module>
    from pipeline.data_pipeline import DataPipeline
  File "/opt/airflow/pipeline/data_pipeline.py", line 1, in <module>
    from components.data_ingestion import DataIngestion
  File "/opt/airflow/components/data_ingestion.py", line 2, in <module>
    from db.db_connection import DB
ModuleNotFoundError: No module named 'db'
[2026-06-15T08:11:09.394+0000] {processor.py:842} WARNING - No viable dags retrieved from /opt/airflow/dags/futsal_pipeline.py
[2026-06-15T08:11:09.426+0000] {processor.py:183} INFO - Processing /opt/airflow/dags/futsal_pipeline.py took 0.487 seconds
[2026-06-15T08:11:39.669+0000] {processor.py:161} INFO - Started process (PID=1244) to work on /opt/airflow/dags/futsal_pipeline.py
[2026-06-15T08:11:39.672+0000] {processor.py:830} INFO - Processing file /opt/airflow/dags/futsal_pipeline.py for tasks to queue
[2026-06-15T08:11:39.673+0000] {logging_mixin.py:188} INFO - [2026-06-15T08:11:39.673+0000] {dagbag.py:545} INFO - Filling up the DagBag from /opt/airflow/dags/futsal_pipeline.py
[2026-06-15T08:11:40.074+0000] {logging_mixin.py:188} INFO - [2026-06-15T08:11:40.057+0000] {dagbag.py:355} ERROR - Failed to import: /opt/airflow/dags/futsal_pipeline.py
Traceback (most recent call last):
  File "/home/airflow/.local/lib/python3.11/site-packages/airflow/models/dagbag.py", line 351, in parse
    loader.exec_module(new_module)
  File "<frozen importlib._bootstrap_external>", line 940, in exec_module
  File "<frozen importlib._bootstrap>", line 241, in _call_with_frames_removed
  File "/opt/airflow/dags/futsal_pipeline.py", line 16, in <module>
    from pipeline.data_pipeline import DataPipeline
  File "/opt/airflow/pipeline/data_pipeline.py", line 1, in <module>
    from components.data_ingestion import DataIngestion
  File "/opt/airflow/components/data_ingestion.py", line 2, in <module>
    from db.db_connection import DB
ModuleNotFoundError: No module named 'db'
[2026-06-15T08:11:40.078+0000] {processor.py:842} WARNING - No viable dags retrieved from /opt/airflow/dags/futsal_pipeline.py
[2026-06-15T08:11:40.110+0000] {processor.py:183} INFO - Processing /opt/airflow/dags/futsal_pipeline.py took 0.448 seconds
[2026-06-15T08:12:10.376+0000] {processor.py:161} INFO - Started process (PID=1256) to work on /opt/airflow/dags/futsal_pipeline.py
[2026-06-15T08:12:10.377+0000] {processor.py:830} INFO - Processing file /opt/airflow/dags/futsal_pipeline.py for tasks to queue
[2026-06-15T08:12:10.378+0000] {logging_mixin.py:188} INFO - [2026-06-15T08:12:10.377+0000] {dagbag.py:545} INFO - Filling up the DagBag from /opt/airflow/dags/futsal_pipeline.py
[2026-06-15T08:12:10.722+0000] {logging_mixin.py:188} INFO - [2026-06-15T08:12:10.710+0000] {dagbag.py:355} ERROR - Failed to import: /opt/airflow/dags/futsal_pipeline.py
Traceback (most recent call last):
  File "/home/airflow/.local/lib/python3.11/site-packages/airflow/models/dagbag.py", line 351, in parse
    loader.exec_module(new_module)
  File "<frozen importlib._bootstrap_external>", line 940, in exec_module
  File "<frozen importlib._bootstrap>", line 241, in _call_with_frames_removed
  File "/opt/airflow/dags/futsal_pipeline.py", line 16, in <module>
    from pipeline.data_pipeline import DataPipeline
  File "/opt/airflow/pipeline/data_pipeline.py", line 1, in <module>
    from components.data_ingestion import DataIngestion
  File "/opt/airflow/components/data_ingestion.py", line 2, in <module>
    from db.db_connection import DB
ModuleNotFoundError: No module named 'db'
[2026-06-15T08:12:10.723+0000] {processor.py:842} WARNING - No viable dags retrieved from /opt/airflow/dags/futsal_pipeline.py
[2026-06-15T08:12:10.751+0000] {processor.py:183} INFO - Processing /opt/airflow/dags/futsal_pipeline.py took 0.379 seconds
[2026-06-15T08:12:40.967+0000] {processor.py:161} INFO - Started process (PID=1268) to work on /opt/airflow/dags/futsal_pipeline.py
[2026-06-15T08:12:40.969+0000] {processor.py:830} INFO - Processing file /opt/airflow/dags/futsal_pipeline.py for tasks to queue
[2026-06-15T08:12:40.971+0000] {logging_mixin.py:188} INFO - [2026-06-15T08:12:40.970+0000] {dagbag.py:545} INFO - Filling up the DagBag from /opt/airflow/dags/futsal_pipeline.py
[2026-06-15T08:12:41.336+0000] {logging_mixin.py:188} INFO - [2026-06-15T08:12:41.327+0000] {dagbag.py:355} ERROR - Failed to import: /opt/airflow/dags/futsal_pipeline.py
Traceback (most recent call last):
  File "/home/airflow/.local/lib/python3.11/site-packages/airflow/models/dagbag.py", line 351, in parse
    loader.exec_module(new_module)
  File "<frozen importlib._bootstrap_external>", line 940, in exec_module
  File "<frozen importlib._bootstrap>", line 241, in _call_with_frames_removed
  File "/opt/airflow/dags/futsal_pipeline.py", line 16, in <module>
    from pipeline.data_pipeline import DataPipeline
  File "/opt/airflow/pipeline/data_pipeline.py", line 1, in <module>
    from components.data_ingestion import DataIngestion
  File "/opt/airflow/components/data_ingestion.py", line 2, in <module>
    from db.db_connection import DB
ModuleNotFoundError: No module named 'db'
[2026-06-15T08:12:41.338+0000] {processor.py:842} WARNING - No viable dags retrieved from /opt/airflow/dags/futsal_pipeline.py
[2026-06-15T08:12:41.370+0000] {processor.py:183} INFO - Processing /opt/airflow/dags/futsal_pipeline.py took 0.411 seconds
[2026-06-15T08:13:11.585+0000] {processor.py:161} INFO - Started process (PID=1280) to work on /opt/airflow/dags/futsal_pipeline.py
[2026-06-15T08:13:11.587+0000] {processor.py:830} INFO - Processing file /opt/airflow/dags/futsal_pipeline.py for tasks to queue
[2026-06-15T08:13:11.588+0000] {logging_mixin.py:188} INFO - [2026-06-15T08:13:11.588+0000] {dagbag.py:545} INFO - Filling up the DagBag from /opt/airflow/dags/futsal_pipeline.py
[2026-06-15T08:13:11.963+0000] {logging_mixin.py:188} INFO - [2026-06-15T08:13:11.951+0000] {dagbag.py:355} ERROR - Failed to import: /opt/airflow/dags/futsal_pipeline.py
Traceback (most recent call last):
  File "/home/airflow/.local/lib/python3.11/site-packages/airflow/models/dagbag.py", line 351, in parse
    loader.exec_module(new_module)
  File "<frozen importlib._bootstrap_external>", line 940, in exec_module
  File "<frozen importlib._bootstrap>", line 241, in _call_with_frames_removed
  File "/opt/airflow/dags/futsal_pipeline.py", line 16, in <module>
    from pipeline.data_pipeline import DataPipeline
  File "/opt/airflow/pipeline/data_pipeline.py", line 1, in <module>
    from components.data_ingestion import DataIngestion
  File "/opt/airflow/components/data_ingestion.py", line 2, in <module>
    from db.db_connection import DB
ModuleNotFoundError: No module named 'db'
[2026-06-15T08:13:11.965+0000] {processor.py:842} WARNING - No viable dags retrieved from /opt/airflow/dags/futsal_pipeline.py
[2026-06-15T08:13:11.995+0000] {processor.py:183} INFO - Processing /opt/airflow/dags/futsal_pipeline.py took 0.416 seconds
[2026-06-15T08:13:42.204+0000] {processor.py:161} INFO - Started process (PID=1292) to work on /opt/airflow/dags/futsal_pipeline.py
[2026-06-15T08:13:42.206+0000] {processor.py:830} INFO - Processing file /opt/airflow/dags/futsal_pipeline.py for tasks to queue
[2026-06-15T08:13:42.207+0000] {logging_mixin.py:188} INFO - [2026-06-15T08:13:42.207+0000] {dagbag.py:545} INFO - Filling up the DagBag from /opt/airflow/dags/futsal_pipeline.py
[2026-06-15T08:13:42.587+0000] {logging_mixin.py:188} INFO - [2026-06-15T08:13:42.572+0000] {dagbag.py:355} ERROR - Failed to import: /opt/airflow/dags/futsal_pipeline.py
Traceback (most recent call last):
  File "/home/airflow/.local/lib/python3.11/site-packages/airflow/models/dagbag.py", line 351, in parse
    loader.exec_module(new_module)
  File "<frozen importlib._bootstrap_external>", line 940, in exec_module
  File "<frozen importlib._bootstrap>", line 241, in _call_with_frames_removed
  File "/opt/airflow/dags/futsal_pipeline.py", line 16, in <module>
    from pipeline.data_pipeline import DataPipeline
  File "/opt/airflow/pipeline/data_pipeline.py", line 1, in <module>
    from components.data_ingestion import DataIngestion
  File "/opt/airflow/components/data_ingestion.py", line 2, in <module>
    from db.db_connection import DB
ModuleNotFoundError: No module named 'db'
[2026-06-15T08:13:42.590+0000] {processor.py:842} WARNING - No viable dags retrieved from /opt/airflow/dags/futsal_pipeline.py
[2026-06-15T08:13:42.620+0000] {processor.py:183} INFO - Processing /opt/airflow/dags/futsal_pipeline.py took 0.421 seconds
[2026-06-15T08:14:13.489+0000] {processor.py:161} INFO - Started process (PID=1304) to work on /opt/airflow/dags/futsal_pipeline.py
[2026-06-15T08:14:13.491+0000] {processor.py:830} INFO - Processing file /opt/airflow/dags/futsal_pipeline.py for tasks to queue
[2026-06-15T08:14:13.493+0000] {logging_mixin.py:188} INFO - [2026-06-15T08:14:13.493+0000] {dagbag.py:545} INFO - Filling up the DagBag from /opt/airflow/dags/futsal_pipeline.py
[2026-06-15T08:14:14.051+0000] {logging_mixin.py:188} INFO - [2026-06-15T08:14:14.015+0000] {dagbag.py:355} ERROR - Failed to import: /opt/airflow/dags/futsal_pipeline.py
Traceback (most recent call last):
  File "/home/airflow/.local/lib/python3.11/site-packages/airflow/models/dagbag.py", line 351, in parse
    loader.exec_module(new_module)
  File "<frozen importlib._bootstrap_external>", line 940, in exec_module
  File "<frozen importlib._bootstrap>", line 241, in _call_with_frames_removed
  File "/opt/airflow/dags/futsal_pipeline.py", line 16, in <module>
    from pipeline.data_pipeline import DataPipeline
  File "/opt/airflow/pipeline/data_pipeline.py", line 1, in <module>
    from components.data_ingestion import DataIngestion
  File "/opt/airflow/components/data_ingestion.py", line 2, in <module>
    from db.db_connection import DB
ModuleNotFoundError: No module named 'db'
[2026-06-15T08:14:14.055+0000] {processor.py:842} WARNING - No viable dags retrieved from /opt/airflow/dags/futsal_pipeline.py
[2026-06-15T08:14:14.095+0000] {processor.py:183} INFO - Processing /opt/airflow/dags/futsal_pipeline.py took 0.618 seconds
[2026-06-15T08:29:46.099+0000] {processor.py:161} INFO - Started process (PID=1310) to work on /opt/airflow/dags/futsal_pipeline.py
[2026-06-15T08:29:46.117+0000] {processor.py:830} INFO - Processing file /opt/airflow/dags/futsal_pipeline.py for tasks to queue
[2026-06-15T08:29:46.130+0000] {logging_mixin.py:188} INFO - [2026-06-15T08:29:46.121+0000] {dagbag.py:545} INFO - Filling up the DagBag from /opt/airflow/dags/futsal_pipeline.py
[2026-06-15T08:29:47.364+0000] {logging_mixin.py:188} INFO - [2026-06-15T08:29:47.346+0000] {dagbag.py:355} ERROR - Failed to import: /opt/airflow/dags/futsal_pipeline.py
Traceback (most recent call last):
  File "/home/airflow/.local/lib/python3.11/site-packages/airflow/models/dagbag.py", line 351, in parse
    loader.exec_module(new_module)
  File "<frozen importlib._bootstrap_external>", line 940, in exec_module
  File "<frozen importlib._bootstrap>", line 241, in _call_with_frames_removed
  File "/opt/airflow/dags/futsal_pipeline.py", line 16, in <module>
    from pipeline.data_pipeline import DataPipeline
  File "/opt/airflow/pipeline/data_pipeline.py", line 1, in <module>
    from components.data_ingestion import DataIngestion
  File "/opt/airflow/components/data_ingestion.py", line 2, in <module>
    from db.db_connection import DB
ModuleNotFoundError: No module named 'db'
[2026-06-15T08:29:47.367+0000] {processor.py:842} WARNING - No viable dags retrieved from /opt/airflow/dags/futsal_pipeline.py
[2026-06-15T08:29:47.394+0000] {processor.py:183} INFO - Processing /opt/airflow/dags/futsal_pipeline.py took 1.303 seconds
[2026-06-15T08:30:17.638+0000] {processor.py:161} INFO - Started process (PID=1322) to work on /opt/airflow/dags/futsal_pipeline.py
[2026-06-15T08:30:17.639+0000] {processor.py:830} INFO - Processing file /opt/airflow/dags/futsal_pipeline.py for tasks to queue
[2026-06-15T08:30:17.640+0000] {logging_mixin.py:188} INFO - [2026-06-15T08:30:17.640+0000] {dagbag.py:545} INFO - Filling up the DagBag from /opt/airflow/dags/futsal_pipeline.py
[2026-06-15T08:30:17.939+0000] {logging_mixin.py:188} INFO - [2026-06-15T08:30:17.929+0000] {dagbag.py:355} ERROR - Failed to import: /opt/airflow/dags/futsal_pipeline.py
Traceback (most recent call last):
  File "/home/airflow/.local/lib/python3.11/site-packages/airflow/models/dagbag.py", line 351, in parse
    loader.exec_module(new_module)
  File "<frozen importlib._bootstrap_external>", line 940, in exec_module
  File "<frozen importlib._bootstrap>", line 241, in _call_with_frames_removed
  File "/opt/airflow/dags/futsal_pipeline.py", line 16, in <module>
    from pipeline.data_pipeline import DataPipeline
  File "/opt/airflow/pipeline/data_pipeline.py", line 1, in <module>
    from components.data_ingestion import DataIngestion
  File "/opt/airflow/components/data_ingestion.py", line 2, in <module>
    from db.db_connection import DB
ModuleNotFoundError: No module named 'db'
[2026-06-15T08:30:17.941+0000] {processor.py:842} WARNING - No viable dags retrieved from /opt/airflow/dags/futsal_pipeline.py
[2026-06-15T08:30:17.970+0000] {processor.py:183} INFO - Processing /opt/airflow/dags/futsal_pipeline.py took 0.338 seconds
[2026-06-15T08:30:48.260+0000] {processor.py:161} INFO - Started process (PID=1334) to work on /opt/airflow/dags/futsal_pipeline.py
[2026-06-15T08:30:48.261+0000] {processor.py:830} INFO - Processing file /opt/airflow/dags/futsal_pipeline.py for tasks to queue
[2026-06-15T08:30:48.262+0000] {logging_mixin.py:188} INFO - [2026-06-15T08:30:48.262+0000] {dagbag.py:545} INFO - Filling up the DagBag from /opt/airflow/dags/futsal_pipeline.py
[2026-06-15T08:30:48.650+0000] {logging_mixin.py:188} INFO - [2026-06-15T08:30:48.637+0000] {dagbag.py:355} ERROR - Failed to import: /opt/airflow/dags/futsal_pipeline.py
Traceback (most recent call last):
  File "/home/airflow/.local/lib/python3.11/site-packages/airflow/models/dagbag.py", line 351, in parse
    loader.exec_module(new_module)
  File "<frozen importlib._bootstrap_external>", line 940, in exec_module
  File "<frozen importlib._bootstrap>", line 241, in _call_with_frames_removed
  File "/opt/airflow/dags/futsal_pipeline.py", line 16, in <module>
    from pipeline.data_pipeline import DataPipeline
  File "/opt/airflow/pipeline/data_pipeline.py", line 1, in <module>
    from components.data_ingestion import DataIngestion
  File "/opt/airflow/components/data_ingestion.py", line 2, in <module>
    from db.db_connection import DB
ModuleNotFoundError: No module named 'db'
[2026-06-15T08:30:48.652+0000] {processor.py:842} WARNING - No viable dags retrieved from /opt/airflow/dags/futsal_pipeline.py
[2026-06-15T08:30:48.681+0000] {processor.py:183} INFO - Processing /opt/airflow/dags/futsal_pipeline.py took 0.431 seconds
[2026-06-15T08:31:18.918+0000] {processor.py:161} INFO - Started process (PID=1346) to work on /opt/airflow/dags/futsal_pipeline.py
[2026-06-15T08:31:18.919+0000] {processor.py:830} INFO - Processing file /opt/airflow/dags/futsal_pipeline.py for tasks to queue
[2026-06-15T08:31:18.920+0000] {logging_mixin.py:188} INFO - [2026-06-15T08:31:18.920+0000] {dagbag.py:545} INFO - Filling up the DagBag from /opt/airflow/dags/futsal_pipeline.py
[2026-06-15T08:31:19.219+0000] {logging_mixin.py:188} INFO - [2026-06-15T08:31:19.210+0000] {dagbag.py:355} ERROR - Failed to import: /opt/airflow/dags/futsal_pipeline.py
Traceback (most recent call last):
  File "/home/airflow/.local/lib/python3.11/site-packages/airflow/models/dagbag.py", line 351, in parse
    loader.exec_module(new_module)
  File "<frozen importlib._bootstrap_external>", line 940, in exec_module
  File "<frozen importlib._bootstrap>", line 241, in _call_with_frames_removed
  File "/opt/airflow/dags/futsal_pipeline.py", line 16, in <module>
    from pipeline.data_pipeline import DataPipeline
  File "/opt/airflow/pipeline/data_pipeline.py", line 1, in <module>
    from components.data_ingestion import DataIngestion
  File "/opt/airflow/components/data_ingestion.py", line 2, in <module>
    from db.db_connection import DB
ModuleNotFoundError: No module named 'db'
[2026-06-15T08:31:19.221+0000] {processor.py:842} WARNING - No viable dags retrieved from /opt/airflow/dags/futsal_pipeline.py
[2026-06-15T08:31:19.249+0000] {processor.py:183} INFO - Processing /opt/airflow/dags/futsal_pipeline.py took 0.337 seconds
[2026-06-15T08:31:49.517+0000] {processor.py:161} INFO - Started process (PID=1358) to work on /opt/airflow/dags/futsal_pipeline.py
[2026-06-15T08:31:49.519+0000] {processor.py:830} INFO - Processing file /opt/airflow/dags/futsal_pipeline.py for tasks to queue
[2026-06-15T08:31:49.520+0000] {logging_mixin.py:188} INFO - [2026-06-15T08:31:49.519+0000] {dagbag.py:545} INFO - Filling up the DagBag from /opt/airflow/dags/futsal_pipeline.py
[2026-06-15T08:31:49.941+0000] {logging_mixin.py:188} INFO - [2026-06-15T08:31:49.932+0000] {dagbag.py:355} ERROR - Failed to import: /opt/airflow/dags/futsal_pipeline.py
Traceback (most recent call last):
  File "/home/airflow/.local/lib/python3.11/site-packages/airflow/models/dagbag.py", line 351, in parse
    loader.exec_module(new_module)
  File "<frozen importlib._bootstrap_external>", line 940, in exec_module
  File "<frozen importlib._bootstrap>", line 241, in _call_with_frames_removed
  File "/opt/airflow/dags/futsal_pipeline.py", line 16, in <module>
    from pipeline.data_pipeline import DataPipeline
  File "/opt/airflow/pipeline/data_pipeline.py", line 1, in <module>
    from components.data_ingestion import DataIngestion
  File "/opt/airflow/components/data_ingestion.py", line 2, in <module>
    from db.db_connection import DB
ModuleNotFoundError: No module named 'db'
[2026-06-15T08:31:49.942+0000] {processor.py:842} WARNING - No viable dags retrieved from /opt/airflow/dags/futsal_pipeline.py
[2026-06-15T08:31:49.959+0000] {processor.py:183} INFO - Processing /opt/airflow/dags/futsal_pipeline.py took 0.451 seconds
[2026-06-15T08:32:20.218+0000] {processor.py:161} INFO - Started process (PID=1370) to work on /opt/airflow/dags/futsal_pipeline.py
[2026-06-15T08:32:20.219+0000] {processor.py:830} INFO - Processing file /opt/airflow/dags/futsal_pipeline.py for tasks to queue
[2026-06-15T08:32:20.220+0000] {logging_mixin.py:188} INFO - [2026-06-15T08:32:20.220+0000] {dagbag.py:545} INFO - Filling up the DagBag from /opt/airflow/dags/futsal_pipeline.py
[2026-06-15T08:32:20.517+0000] {logging_mixin.py:188} INFO - [2026-06-15T08:32:20.506+0000] {dagbag.py:355} ERROR - Failed to import: /opt/airflow/dags/futsal_pipeline.py
Traceback (most recent call last):
  File "/home/airflow/.local/lib/python3.11/site-packages/airflow/models/dagbag.py", line 351, in parse
    loader.exec_module(new_module)
  File "<frozen importlib._bootstrap_external>", line 940, in exec_module
  File "<frozen importlib._bootstrap>", line 241, in _call_with_frames_removed
  File "/opt/airflow/dags/futsal_pipeline.py", line 16, in <module>
    from pipeline.data_pipeline import DataPipeline
  File "/opt/airflow/pipeline/data_pipeline.py", line 1, in <module>
    from components.data_ingestion import DataIngestion
  File "/opt/airflow/components/data_ingestion.py", line 2, in <module>
    from db.db_connection import DB
ModuleNotFoundError: No module named 'db'
[2026-06-15T08:32:20.519+0000] {processor.py:842} WARNING - No viable dags retrieved from /opt/airflow/dags/futsal_pipeline.py
[2026-06-15T08:32:20.546+0000] {processor.py:183} INFO - Processing /opt/airflow/dags/futsal_pipeline.py took 0.332 seconds
[2026-06-15T08:32:50.834+0000] {processor.py:161} INFO - Started process (PID=1382) to work on /opt/airflow/dags/futsal_pipeline.py
[2026-06-15T08:32:50.836+0000] {processor.py:830} INFO - Processing file /opt/airflow/dags/futsal_pipeline.py for tasks to queue
[2026-06-15T08:32:50.837+0000] {logging_mixin.py:188} INFO - [2026-06-15T08:32:50.837+0000] {dagbag.py:545} INFO - Filling up the DagBag from /opt/airflow/dags/futsal_pipeline.py
[2026-06-15T08:32:51.231+0000] {logging_mixin.py:188} INFO - [2026-06-15T08:32:51.222+0000] {dagbag.py:355} ERROR - Failed to import: /opt/airflow/dags/futsal_pipeline.py
Traceback (most recent call last):
  File "/home/airflow/.local/lib/python3.11/site-packages/airflow/models/dagbag.py", line 351, in parse
    loader.exec_module(new_module)
  File "<frozen importlib._bootstrap_external>", line 940, in exec_module
  File "<frozen importlib._bootstrap>", line 241, in _call_with_frames_removed
  File "/opt/airflow/dags/futsal_pipeline.py", line 16, in <module>
    from pipeline.data_pipeline import DataPipeline
  File "/opt/airflow/pipeline/data_pipeline.py", line 1, in <module>
    from components.data_ingestion import DataIngestion
  File "/opt/airflow/components/data_ingestion.py", line 2, in <module>
    from db.db_connection import DB
ModuleNotFoundError: No module named 'db'
[2026-06-15T08:32:51.233+0000] {processor.py:842} WARNING - No viable dags retrieved from /opt/airflow/dags/futsal_pipeline.py
[2026-06-15T08:32:51.248+0000] {processor.py:183} INFO - Processing /opt/airflow/dags/futsal_pipeline.py took 0.425 seconds
[2026-06-15T08:33:21.504+0000] {processor.py:161} INFO - Started process (PID=1394) to work on /opt/airflow/dags/futsal_pipeline.py
[2026-06-15T08:33:21.505+0000] {processor.py:830} INFO - Processing file /opt/airflow/dags/futsal_pipeline.py for tasks to queue
[2026-06-15T08:33:21.506+0000] {logging_mixin.py:188} INFO - [2026-06-15T08:33:21.506+0000] {dagbag.py:545} INFO - Filling up the DagBag from /opt/airflow/dags/futsal_pipeline.py
[2026-06-15T08:33:21.814+0000] {logging_mixin.py:188} INFO - [2026-06-15T08:33:21.803+0000] {dagbag.py:355} ERROR - Failed to import: /opt/airflow/dags/futsal_pipeline.py
Traceback (most recent call last):
  File "/home/airflow/.local/lib/python3.11/site-packages/airflow/models/dagbag.py", line 351, in parse
    loader.exec_module(new_module)
  File "<frozen importlib._bootstrap_external>", line 940, in exec_module
  File "<frozen importlib._bootstrap>", line 241, in _call_with_frames_removed
  File "/opt/airflow/dags/futsal_pipeline.py", line 16, in <module>
    from pipeline.data_pipeline import DataPipeline
  File "/opt/airflow/pipeline/data_pipeline.py", line 1, in <module>
    from components.data_ingestion import DataIngestion
  File "/opt/airflow/components/data_ingestion.py", line 2, in <module>
    from db.db_connection import DB
ModuleNotFoundError: No module named 'db'
[2026-06-15T08:33:21.815+0000] {processor.py:842} WARNING - No viable dags retrieved from /opt/airflow/dags/futsal_pipeline.py
[2026-06-15T08:33:21.842+0000] {processor.py:183} INFO - Processing /opt/airflow/dags/futsal_pipeline.py took 0.344 seconds
[2026-06-15T08:33:52.071+0000] {processor.py:161} INFO - Started process (PID=1406) to work on /opt/airflow/dags/futsal_pipeline.py
[2026-06-15T08:33:52.072+0000] {processor.py:830} INFO - Processing file /opt/airflow/dags/futsal_pipeline.py for tasks to queue
[2026-06-15T08:33:52.073+0000] {logging_mixin.py:188} INFO - [2026-06-15T08:33:52.073+0000] {dagbag.py:545} INFO - Filling up the DagBag from /opt/airflow/dags/futsal_pipeline.py
[2026-06-15T08:33:52.396+0000] {logging_mixin.py:188} INFO - [2026-06-15T08:33:52.388+0000] {dagbag.py:355} ERROR - Failed to import: /opt/airflow/dags/futsal_pipeline.py
Traceback (most recent call last):
  File "/home/airflow/.local/lib/python3.11/site-packages/airflow/models/dagbag.py", line 351, in parse
    loader.exec_module(new_module)
  File "<frozen importlib._bootstrap_external>", line 940, in exec_module
  File "<frozen importlib._bootstrap>", line 241, in _call_with_frames_removed
  File "/opt/airflow/dags/futsal_pipeline.py", line 16, in <module>
    from pipeline.data_pipeline import DataPipeline
  File "/opt/airflow/pipeline/data_pipeline.py", line 1, in <module>
    from components.data_ingestion import DataIngestion
  File "/opt/airflow/components/data_ingestion.py", line 2, in <module>
    from db.db_connection import DB
ModuleNotFoundError: No module named 'db'
[2026-06-15T08:33:52.398+0000] {processor.py:842} WARNING - No viable dags retrieved from /opt/airflow/dags/futsal_pipeline.py
[2026-06-15T08:33:52.413+0000] {processor.py:183} INFO - Processing /opt/airflow/dags/futsal_pipeline.py took 0.349 seconds
[2026-06-15T08:34:22.689+0000] {processor.py:161} INFO - Started process (PID=1418) to work on /opt/airflow/dags/futsal_pipeline.py
[2026-06-15T08:34:22.691+0000] {processor.py:830} INFO - Processing file /opt/airflow/dags/futsal_pipeline.py for tasks to queue
[2026-06-15T08:34:22.691+0000] {logging_mixin.py:188} INFO - [2026-06-15T08:34:22.691+0000] {dagbag.py:545} INFO - Filling up the DagBag from /opt/airflow/dags/futsal_pipeline.py
[2026-06-15T08:34:22.994+0000] {logging_mixin.py:188} INFO - [2026-06-15T08:34:22.984+0000] {dagbag.py:355} ERROR - Failed to import: /opt/airflow/dags/futsal_pipeline.py
Traceback (most recent call last):
  File "/home/airflow/.local/lib/python3.11/site-packages/airflow/models/dagbag.py", line 351, in parse
    loader.exec_module(new_module)
  File "<frozen importlib._bootstrap_external>", line 940, in exec_module
  File "<frozen importlib._bootstrap>", line 241, in _call_with_frames_removed
  File "/opt/airflow/dags/futsal_pipeline.py", line 16, in <module>
    from pipeline.data_pipeline import DataPipeline
  File "/opt/airflow/pipeline/data_pipeline.py", line 1, in <module>
    from components.data_ingestion import DataIngestion
  File "/opt/airflow/components/data_ingestion.py", line 2, in <module>
    from db.db_connection import DB
ModuleNotFoundError: No module named 'db'
[2026-06-15T08:34:22.996+0000] {processor.py:842} WARNING - No viable dags retrieved from /opt/airflow/dags/futsal_pipeline.py
[2026-06-15T08:34:23.022+0000] {processor.py:183} INFO - Processing /opt/airflow/dags/futsal_pipeline.py took 0.339 seconds
[2026-06-15T08:34:53.279+0000] {processor.py:161} INFO - Started process (PID=1430) to work on /opt/airflow/dags/futsal_pipeline.py
[2026-06-15T08:34:53.280+0000] {processor.py:830} INFO - Processing file /opt/airflow/dags/futsal_pipeline.py for tasks to queue
[2026-06-15T08:34:53.280+0000] {logging_mixin.py:188} INFO - [2026-06-15T08:34:53.280+0000] {dagbag.py:545} INFO - Filling up the DagBag from /opt/airflow/dags/futsal_pipeline.py
[2026-06-15T08:34:53.599+0000] {logging_mixin.py:188} INFO - [2026-06-15T08:34:53.588+0000] {dagbag.py:355} ERROR - Failed to import: /opt/airflow/dags/futsal_pipeline.py
Traceback (most recent call last):
  File "/home/airflow/.local/lib/python3.11/site-packages/airflow/models/dagbag.py", line 351, in parse
    loader.exec_module(new_module)
  File "<frozen importlib._bootstrap_external>", line 940, in exec_module
  File "<frozen importlib._bootstrap>", line 241, in _call_with_frames_removed
  File "/opt/airflow/dags/futsal_pipeline.py", line 16, in <module>
    from pipeline.data_pipeline import DataPipeline
  File "/opt/airflow/pipeline/data_pipeline.py", line 1, in <module>
    from components.data_ingestion import DataIngestion
  File "/opt/airflow/components/data_ingestion.py", line 2, in <module>
    from db.db_connection import DB
ModuleNotFoundError: No module named 'db'
[2026-06-15T08:34:53.602+0000] {processor.py:842} WARNING - No viable dags retrieved from /opt/airflow/dags/futsal_pipeline.py
[2026-06-15T08:34:53.630+0000] {processor.py:183} INFO - Processing /opt/airflow/dags/futsal_pipeline.py took 0.357 seconds
[2026-06-15T08:35:23.878+0000] {processor.py:161} INFO - Started process (PID=1448) to work on /opt/airflow/dags/futsal_pipeline.py
[2026-06-15T08:35:23.879+0000] {processor.py:830} INFO - Processing file /opt/airflow/dags/futsal_pipeline.py for tasks to queue
[2026-06-15T08:35:23.880+0000] {logging_mixin.py:188} INFO - [2026-06-15T08:35:23.879+0000] {dagbag.py:545} INFO - Filling up the DagBag from /opt/airflow/dags/futsal_pipeline.py
[2026-06-15T08:35:24.193+0000] {logging_mixin.py:188} INFO - [2026-06-15T08:35:24.183+0000] {dagbag.py:355} ERROR - Failed to import: /opt/airflow/dags/futsal_pipeline.py
Traceback (most recent call last):
  File "/home/airflow/.local/lib/python3.11/site-packages/airflow/models/dagbag.py", line 351, in parse
    loader.exec_module(new_module)
  File "<frozen importlib._bootstrap_external>", line 940, in exec_module
  File "<frozen importlib._bootstrap>", line 241, in _call_with_frames_removed
  File "/opt/airflow/dags/futsal_pipeline.py", line 16, in <module>
    from pipeline.data_pipeline import DataPipeline
  File "/opt/airflow/pipeline/data_pipeline.py", line 1, in <module>
    from components.data_ingestion import DataIngestion
  File "/opt/airflow/components/data_ingestion.py", line 2, in <module>
    from db.db_connection import DB
ModuleNotFoundError: No module named 'db'
[2026-06-15T08:35:24.195+0000] {processor.py:842} WARNING - No viable dags retrieved from /opt/airflow/dags/futsal_pipeline.py
[2026-06-15T08:35:24.221+0000] {processor.py:183} INFO - Processing /opt/airflow/dags/futsal_pipeline.py took 0.348 seconds
[2026-06-15T08:35:54.489+0000] {processor.py:161} INFO - Started process (PID=1460) to work on /opt/airflow/dags/futsal_pipeline.py
[2026-06-15T08:35:54.491+0000] {processor.py:830} INFO - Processing file /opt/airflow/dags/futsal_pipeline.py for tasks to queue
[2026-06-15T08:35:54.493+0000] {logging_mixin.py:188} INFO - [2026-06-15T08:35:54.492+0000] {dagbag.py:545} INFO - Filling up the DagBag from /opt/airflow/dags/futsal_pipeline.py
[2026-06-15T08:35:54.815+0000] {logging_mixin.py:188} INFO - [2026-06-15T08:35:54.805+0000] {dagbag.py:355} ERROR - Failed to import: /opt/airflow/dags/futsal_pipeline.py
Traceback (most recent call last):
  File "/home/airflow/.local/lib/python3.11/site-packages/airflow/models/dagbag.py", line 351, in parse
    loader.exec_module(new_module)
  File "<frozen importlib._bootstrap_external>", line 940, in exec_module
  File "<frozen importlib._bootstrap>", line 241, in _call_with_frames_removed
  File "/opt/airflow/dags/futsal_pipeline.py", line 16, in <module>
    from pipeline.data_pipeline import DataPipeline
  File "/opt/airflow/pipeline/data_pipeline.py", line 1, in <module>
    from components.data_ingestion import DataIngestion
  File "/opt/airflow/components/data_ingestion.py", line 2, in <module>
    from db.db_connection import DB
ModuleNotFoundError: No module named 'db'
[2026-06-15T08:35:54.817+0000] {processor.py:842} WARNING - No viable dags retrieved from /opt/airflow/dags/futsal_pipeline.py
[2026-06-15T08:35:54.832+0000] {processor.py:183} INFO - Processing /opt/airflow/dags/futsal_pipeline.py took 0.350 seconds
[2026-06-15T08:36:25.076+0000] {processor.py:161} INFO - Started process (PID=1472) to work on /opt/airflow/dags/futsal_pipeline.py
[2026-06-15T08:36:25.077+0000] {processor.py:830} INFO - Processing file /opt/airflow/dags/futsal_pipeline.py for tasks to queue
[2026-06-15T08:36:25.078+0000] {logging_mixin.py:188} INFO - [2026-06-15T08:36:25.078+0000] {dagbag.py:545} INFO - Filling up the DagBag from /opt/airflow/dags/futsal_pipeline.py
[2026-06-15T08:36:25.375+0000] {logging_mixin.py:188} INFO - [2026-06-15T08:36:25.365+0000] {dagbag.py:355} ERROR - Failed to import: /opt/airflow/dags/futsal_pipeline.py
Traceback (most recent call last):
  File "/home/airflow/.local/lib/python3.11/site-packages/airflow/models/dagbag.py", line 351, in parse
    loader.exec_module(new_module)
  File "<frozen importlib._bootstrap_external>", line 940, in exec_module
  File "<frozen importlib._bootstrap>", line 241, in _call_with_frames_removed
  File "/opt/airflow/dags/futsal_pipeline.py", line 16, in <module>
    from pipeline.data_pipeline import DataPipeline
  File "/opt/airflow/pipeline/data_pipeline.py", line 1, in <module>
    from components.data_ingestion import DataIngestion
  File "/opt/airflow/components/data_ingestion.py", line 2, in <module>
    from db.db_connection import DB
ModuleNotFoundError: No module named 'db'
[2026-06-15T08:36:25.377+0000] {processor.py:842} WARNING - No viable dags retrieved from /opt/airflow/dags/futsal_pipeline.py
[2026-06-15T08:36:25.403+0000] {processor.py:183} INFO - Processing /opt/airflow/dags/futsal_pipeline.py took 0.332 seconds
[2026-06-15T08:36:55.659+0000] {processor.py:161} INFO - Started process (PID=1485) to work on /opt/airflow/dags/futsal_pipeline.py
[2026-06-15T08:36:55.660+0000] {processor.py:830} INFO - Processing file /opt/airflow/dags/futsal_pipeline.py for tasks to queue
[2026-06-15T08:36:55.661+0000] {logging_mixin.py:188} INFO - [2026-06-15T08:36:55.660+0000] {dagbag.py:545} INFO - Filling up the DagBag from /opt/airflow/dags/futsal_pipeline.py
[2026-06-15T08:36:55.957+0000] {logging_mixin.py:188} INFO - [2026-06-15T08:36:55.949+0000] {dagbag.py:355} ERROR - Failed to import: /opt/airflow/dags/futsal_pipeline.py
Traceback (most recent call last):
  File "/home/airflow/.local/lib/python3.11/site-packages/airflow/models/dagbag.py", line 351, in parse
    loader.exec_module(new_module)
  File "<frozen importlib._bootstrap_external>", line 940, in exec_module
  File "<frozen importlib._bootstrap>", line 241, in _call_with_frames_removed
  File "/opt/airflow/dags/futsal_pipeline.py", line 16, in <module>
    from pipeline.data_pipeline import DataPipeline
  File "/opt/airflow/pipeline/data_pipeline.py", line 1, in <module>
    from components.data_ingestion import DataIngestion
  File "/opt/airflow/components/data_ingestion.py", line 2, in <module>
    from db.db_connection import DB
ModuleNotFoundError: No module named 'db'
[2026-06-15T08:36:55.959+0000] {processor.py:842} WARNING - No viable dags retrieved from /opt/airflow/dags/futsal_pipeline.py
[2026-06-15T08:36:55.974+0000] {processor.py:183} INFO - Processing /opt/airflow/dags/futsal_pipeline.py took 0.321 seconds
[2026-06-15T08:37:26.213+0000] {processor.py:161} INFO - Started process (PID=1497) to work on /opt/airflow/dags/futsal_pipeline.py
[2026-06-15T08:37:26.214+0000] {processor.py:830} INFO - Processing file /opt/airflow/dags/futsal_pipeline.py for tasks to queue
[2026-06-15T08:37:26.215+0000] {logging_mixin.py:188} INFO - [2026-06-15T08:37:26.215+0000] {dagbag.py:545} INFO - Filling up the DagBag from /opt/airflow/dags/futsal_pipeline.py
[2026-06-15T08:37:26.521+0000] {logging_mixin.py:188} INFO - [2026-06-15T08:37:26.510+0000] {dagbag.py:355} ERROR - Failed to import: /opt/airflow/dags/futsal_pipeline.py
Traceback (most recent call last):
  File "/home/airflow/.local/lib/python3.11/site-packages/airflow/models/dagbag.py", line 351, in parse
    loader.exec_module(new_module)
  File "<frozen importlib._bootstrap_external>", line 940, in exec_module
  File "<frozen importlib._bootstrap>", line 241, in _call_with_frames_removed
  File "/opt/airflow/dags/futsal_pipeline.py", line 16, in <module>
    from pipeline.data_pipeline import DataPipeline
  File "/opt/airflow/pipeline/data_pipeline.py", line 1, in <module>
    from components.data_ingestion import DataIngestion
  File "/opt/airflow/components/data_ingestion.py", line 2, in <module>
    from db.db_connection import DB
ModuleNotFoundError: No module named 'db'
[2026-06-15T08:37:26.523+0000] {processor.py:842} WARNING - No viable dags retrieved from /opt/airflow/dags/futsal_pipeline.py
[2026-06-15T08:37:26.550+0000] {processor.py:183} INFO - Processing /opt/airflow/dags/futsal_pipeline.py took 0.343 seconds
[2026-06-15T08:37:56.808+0000] {processor.py:161} INFO - Started process (PID=1509) to work on /opt/airflow/dags/futsal_pipeline.py
[2026-06-15T08:37:56.809+0000] {processor.py:830} INFO - Processing file /opt/airflow/dags/futsal_pipeline.py for tasks to queue
[2026-06-15T08:37:56.810+0000] {logging_mixin.py:188} INFO - [2026-06-15T08:37:56.809+0000] {dagbag.py:545} INFO - Filling up the DagBag from /opt/airflow/dags/futsal_pipeline.py
[2026-06-15T08:37:57.106+0000] {logging_mixin.py:188} INFO - [2026-06-15T08:37:57.093+0000] {dagbag.py:355} ERROR - Failed to import: /opt/airflow/dags/futsal_pipeline.py
Traceback (most recent call last):
  File "/home/airflow/.local/lib/python3.11/site-packages/airflow/models/dagbag.py", line 351, in parse
    loader.exec_module(new_module)
  File "<frozen importlib._bootstrap_external>", line 940, in exec_module
  File "<frozen importlib._bootstrap>", line 241, in _call_with_frames_removed
  File "/opt/airflow/dags/futsal_pipeline.py", line 16, in <module>
    from pipeline.data_pipeline import DataPipeline
  File "/opt/airflow/pipeline/data_pipeline.py", line 1, in <module>
    from components.data_ingestion import DataIngestion
  File "/opt/airflow/components/data_ingestion.py", line 2, in <module>
    from db.db_connection import DB
ModuleNotFoundError: No module named 'db'
[2026-06-15T08:37:57.108+0000] {processor.py:842} WARNING - No viable dags retrieved from /opt/airflow/dags/futsal_pipeline.py
[2026-06-15T08:37:57.135+0000] {processor.py:183} INFO - Processing /opt/airflow/dags/futsal_pipeline.py took 0.333 seconds
[2026-06-15T08:38:27.401+0000] {processor.py:161} INFO - Started process (PID=1521) to work on /opt/airflow/dags/futsal_pipeline.py
[2026-06-15T08:38:27.402+0000] {processor.py:830} INFO - Processing file /opt/airflow/dags/futsal_pipeline.py for tasks to queue
[2026-06-15T08:38:27.403+0000] {logging_mixin.py:188} INFO - [2026-06-15T08:38:27.402+0000] {dagbag.py:545} INFO - Filling up the DagBag from /opt/airflow/dags/futsal_pipeline.py
[2026-06-15T08:38:27.719+0000] {logging_mixin.py:188} INFO - [2026-06-15T08:38:27.707+0000] {dagbag.py:355} ERROR - Failed to import: /opt/airflow/dags/futsal_pipeline.py
Traceback (most recent call last):
  File "/home/airflow/.local/lib/python3.11/site-packages/airflow/models/dagbag.py", line 351, in parse
    loader.exec_module(new_module)
  File "<frozen importlib._bootstrap_external>", line 940, in exec_module
  File "<frozen importlib._bootstrap>", line 241, in _call_with_frames_removed
  File "/opt/airflow/dags/futsal_pipeline.py", line 16, in <module>
    from pipeline.data_pipeline import DataPipeline
  File "/opt/airflow/pipeline/data_pipeline.py", line 1, in <module>
    from components.data_ingestion import DataIngestion
  File "/opt/airflow/components/data_ingestion.py", line 2, in <module>
    from db.db_connection import DB
ModuleNotFoundError: No module named 'db'
[2026-06-15T08:38:27.721+0000] {processor.py:842} WARNING - No viable dags retrieved from /opt/airflow/dags/futsal_pipeline.py
[2026-06-15T08:38:27.738+0000] {processor.py:183} INFO - Processing /opt/airflow/dags/futsal_pipeline.py took 0.342 seconds
[2026-06-15T08:38:57.959+0000] {processor.py:161} INFO - Started process (PID=1533) to work on /opt/airflow/dags/futsal_pipeline.py
[2026-06-15T08:38:57.960+0000] {processor.py:830} INFO - Processing file /opt/airflow/dags/futsal_pipeline.py for tasks to queue
[2026-06-15T08:38:57.961+0000] {logging_mixin.py:188} INFO - [2026-06-15T08:38:57.961+0000] {dagbag.py:545} INFO - Filling up the DagBag from /opt/airflow/dags/futsal_pipeline.py
[2026-06-15T08:38:58.260+0000] {logging_mixin.py:188} INFO - [2026-06-15T08:38:58.249+0000] {dagbag.py:355} ERROR - Failed to import: /opt/airflow/dags/futsal_pipeline.py
Traceback (most recent call last):
  File "/home/airflow/.local/lib/python3.11/site-packages/airflow/models/dagbag.py", line 351, in parse
    loader.exec_module(new_module)
  File "<frozen importlib._bootstrap_external>", line 940, in exec_module
  File "<frozen importlib._bootstrap>", line 241, in _call_with_frames_removed
  File "/opt/airflow/dags/futsal_pipeline.py", line 16, in <module>
    from pipeline.data_pipeline import DataPipeline
  File "/opt/airflow/pipeline/data_pipeline.py", line 1, in <module>
    from components.data_ingestion import DataIngestion
  File "/opt/airflow/components/data_ingestion.py", line 2, in <module>
    from db.db_connection import DB
ModuleNotFoundError: No module named 'db'
[2026-06-15T08:38:58.262+0000] {processor.py:842} WARNING - No viable dags retrieved from /opt/airflow/dags/futsal_pipeline.py
[2026-06-15T08:38:58.278+0000] {processor.py:183} INFO - Processing /opt/airflow/dags/futsal_pipeline.py took 0.324 seconds
[2026-06-15T08:39:28.558+0000] {processor.py:161} INFO - Started process (PID=1545) to work on /opt/airflow/dags/futsal_pipeline.py
[2026-06-15T08:39:28.559+0000] {processor.py:830} INFO - Processing file /opt/airflow/dags/futsal_pipeline.py for tasks to queue
[2026-06-15T08:39:28.560+0000] {logging_mixin.py:188} INFO - [2026-06-15T08:39:28.559+0000] {dagbag.py:545} INFO - Filling up the DagBag from /opt/airflow/dags/futsal_pipeline.py
[2026-06-15T08:39:28.867+0000] {logging_mixin.py:188} INFO - [2026-06-15T08:39:28.856+0000] {dagbag.py:355} ERROR - Failed to import: /opt/airflow/dags/futsal_pipeline.py
Traceback (most recent call last):
  File "/home/airflow/.local/lib/python3.11/site-packages/airflow/models/dagbag.py", line 351, in parse
    loader.exec_module(new_module)
  File "<frozen importlib._bootstrap_external>", line 940, in exec_module
  File "<frozen importlib._bootstrap>", line 241, in _call_with_frames_removed
  File "/opt/airflow/dags/futsal_pipeline.py", line 16, in <module>
    from pipeline.data_pipeline import DataPipeline
  File "/opt/airflow/pipeline/data_pipeline.py", line 1, in <module>
    from components.data_ingestion import DataIngestion
  File "/opt/airflow/components/data_ingestion.py", line 2, in <module>
    from db.db_connection import DB
ModuleNotFoundError: No module named 'db'
[2026-06-15T08:39:28.869+0000] {processor.py:842} WARNING - No viable dags retrieved from /opt/airflow/dags/futsal_pipeline.py
[2026-06-15T08:39:28.896+0000] {processor.py:183} INFO - Processing /opt/airflow/dags/futsal_pipeline.py took 0.343 seconds
[2026-06-15T08:39:59.195+0000] {processor.py:161} INFO - Started process (PID=1557) to work on /opt/airflow/dags/futsal_pipeline.py
[2026-06-15T08:39:59.196+0000] {processor.py:830} INFO - Processing file /opt/airflow/dags/futsal_pipeline.py for tasks to queue
[2026-06-15T08:39:59.197+0000] {logging_mixin.py:188} INFO - [2026-06-15T08:39:59.197+0000] {dagbag.py:545} INFO - Filling up the DagBag from /opt/airflow/dags/futsal_pipeline.py
[2026-06-15T08:39:59.517+0000] {logging_mixin.py:188} INFO - [2026-06-15T08:39:59.507+0000] {dagbag.py:355} ERROR - Failed to import: /opt/airflow/dags/futsal_pipeline.py
Traceback (most recent call last):
  File "/home/airflow/.local/lib/python3.11/site-packages/airflow/models/dagbag.py", line 351, in parse
    loader.exec_module(new_module)
  File "<frozen importlib._bootstrap_external>", line 940, in exec_module
  File "<frozen importlib._bootstrap>", line 241, in _call_with_frames_removed
  File "/opt/airflow/dags/futsal_pipeline.py", line 16, in <module>
    from pipeline.data_pipeline import DataPipeline
  File "/opt/airflow/pipeline/data_pipeline.py", line 1, in <module>
    from components.data_ingestion import DataIngestion
  File "/opt/airflow/components/data_ingestion.py", line 2, in <module>
    from db.db_connection import DB
ModuleNotFoundError: No module named 'db'
[2026-06-15T08:39:59.518+0000] {processor.py:842} WARNING - No viable dags retrieved from /opt/airflow/dags/futsal_pipeline.py
[2026-06-15T08:39:59.546+0000] {processor.py:183} INFO - Processing /opt/airflow/dags/futsal_pipeline.py took 0.356 seconds
[2026-06-15T08:40:29.823+0000] {processor.py:161} INFO - Started process (PID=1569) to work on /opt/airflow/dags/futsal_pipeline.py
[2026-06-15T08:40:29.824+0000] {processor.py:830} INFO - Processing file /opt/airflow/dags/futsal_pipeline.py for tasks to queue
[2026-06-15T08:40:29.826+0000] {logging_mixin.py:188} INFO - [2026-06-15T08:40:29.825+0000] {dagbag.py:545} INFO - Filling up the DagBag from /opt/airflow/dags/futsal_pipeline.py
[2026-06-15T08:40:30.140+0000] {logging_mixin.py:188} INFO - [2026-06-15T08:40:30.131+0000] {dagbag.py:355} ERROR - Failed to import: /opt/airflow/dags/futsal_pipeline.py
Traceback (most recent call last):
  File "/home/airflow/.local/lib/python3.11/site-packages/airflow/models/dagbag.py", line 351, in parse
    loader.exec_module(new_module)
  File "<frozen importlib._bootstrap_external>", line 940, in exec_module
  File "<frozen importlib._bootstrap>", line 241, in _call_with_frames_removed
  File "/opt/airflow/dags/futsal_pipeline.py", line 16, in <module>
    from pipeline.data_pipeline import DataPipeline
  File "/opt/airflow/pipeline/data_pipeline.py", line 1, in <module>
    from components.data_ingestion import DataIngestion
  File "/opt/airflow/components/data_ingestion.py", line 2, in <module>
    from db.db_connection import DB
ModuleNotFoundError: No module named 'db'
[2026-06-15T08:40:30.145+0000] {processor.py:842} WARNING - No viable dags retrieved from /opt/airflow/dags/futsal_pipeline.py
[2026-06-15T08:40:30.171+0000] {processor.py:183} INFO - Processing /opt/airflow/dags/futsal_pipeline.py took 0.353 seconds
[2026-06-15T08:41:00.409+0000] {processor.py:161} INFO - Started process (PID=1581) to work on /opt/airflow/dags/futsal_pipeline.py
[2026-06-15T08:41:00.410+0000] {processor.py:830} INFO - Processing file /opt/airflow/dags/futsal_pipeline.py for tasks to queue
[2026-06-15T08:41:00.411+0000] {logging_mixin.py:188} INFO - [2026-06-15T08:41:00.411+0000] {dagbag.py:545} INFO - Filling up the DagBag from /opt/airflow/dags/futsal_pipeline.py
[2026-06-15T08:41:00.723+0000] {logging_mixin.py:188} INFO - [2026-06-15T08:41:00.714+0000] {dagbag.py:355} ERROR - Failed to import: /opt/airflow/dags/futsal_pipeline.py
Traceback (most recent call last):
  File "/home/airflow/.local/lib/python3.11/site-packages/airflow/models/dagbag.py", line 351, in parse
    loader.exec_module(new_module)
  File "<frozen importlib._bootstrap_external>", line 940, in exec_module
  File "<frozen importlib._bootstrap>", line 241, in _call_with_frames_removed
  File "/opt/airflow/dags/futsal_pipeline.py", line 16, in <module>
    from pipeline.data_pipeline import DataPipeline
  File "/opt/airflow/pipeline/data_pipeline.py", line 1, in <module>
    from components.data_ingestion import DataIngestion
  File "/opt/airflow/components/data_ingestion.py", line 2, in <module>
    from db.db_connection import DB
ModuleNotFoundError: No module named 'db'
[2026-06-15T08:41:00.725+0000] {processor.py:842} WARNING - No viable dags retrieved from /opt/airflow/dags/futsal_pipeline.py
[2026-06-15T08:41:00.749+0000] {processor.py:183} INFO - Processing /opt/airflow/dags/futsal_pipeline.py took 0.346 seconds
[2026-06-15T08:41:30.974+0000] {processor.py:161} INFO - Started process (PID=1593) to work on /opt/airflow/dags/futsal_pipeline.py
[2026-06-15T08:41:30.975+0000] {processor.py:830} INFO - Processing file /opt/airflow/dags/futsal_pipeline.py for tasks to queue
[2026-06-15T08:41:30.976+0000] {logging_mixin.py:188} INFO - [2026-06-15T08:41:30.976+0000] {dagbag.py:545} INFO - Filling up the DagBag from /opt/airflow/dags/futsal_pipeline.py
[2026-06-15T08:41:31.291+0000] {logging_mixin.py:188} INFO - [2026-06-15T08:41:31.281+0000] {dagbag.py:355} ERROR - Failed to import: /opt/airflow/dags/futsal_pipeline.py
Traceback (most recent call last):
  File "/home/airflow/.local/lib/python3.11/site-packages/airflow/models/dagbag.py", line 351, in parse
    loader.exec_module(new_module)
  File "<frozen importlib._bootstrap_external>", line 940, in exec_module
  File "<frozen importlib._bootstrap>", line 241, in _call_with_frames_removed
  File "/opt/airflow/dags/futsal_pipeline.py", line 16, in <module>
    from pipeline.data_pipeline import DataPipeline
  File "/opt/airflow/pipeline/data_pipeline.py", line 1, in <module>
    from components.data_ingestion import DataIngestion
  File "/opt/airflow/components/data_ingestion.py", line 2, in <module>
    from db.db_connection import DB
ModuleNotFoundError: No module named 'db'
[2026-06-15T08:41:31.293+0000] {processor.py:842} WARNING - No viable dags retrieved from /opt/airflow/dags/futsal_pipeline.py
[2026-06-15T08:41:31.320+0000] {processor.py:183} INFO - Processing /opt/airflow/dags/futsal_pipeline.py took 0.351 seconds
[2026-06-15T08:42:01.576+0000] {processor.py:161} INFO - Started process (PID=1605) to work on /opt/airflow/dags/futsal_pipeline.py
[2026-06-15T08:42:01.577+0000] {processor.py:830} INFO - Processing file /opt/airflow/dags/futsal_pipeline.py for tasks to queue
[2026-06-15T08:42:01.578+0000] {logging_mixin.py:188} INFO - [2026-06-15T08:42:01.578+0000] {dagbag.py:545} INFO - Filling up the DagBag from /opt/airflow/dags/futsal_pipeline.py
[2026-06-15T08:42:01.909+0000] {logging_mixin.py:188} INFO - [2026-06-15T08:42:01.899+0000] {dagbag.py:355} ERROR - Failed to import: /opt/airflow/dags/futsal_pipeline.py
Traceback (most recent call last):
  File "/home/airflow/.local/lib/python3.11/site-packages/airflow/models/dagbag.py", line 351, in parse
    loader.exec_module(new_module)
  File "<frozen importlib._bootstrap_external>", line 940, in exec_module
  File "<frozen importlib._bootstrap>", line 241, in _call_with_frames_removed
  File "/opt/airflow/dags/futsal_pipeline.py", line 16, in <module>
    from pipeline.data_pipeline import DataPipeline
  File "/opt/airflow/pipeline/data_pipeline.py", line 1, in <module>
    from components.data_ingestion import DataIngestion
  File "/opt/airflow/components/data_ingestion.py", line 2, in <module>
    from db.db_connection import DB
ModuleNotFoundError: No module named 'db'
[2026-06-15T08:42:01.910+0000] {processor.py:842} WARNING - No viable dags retrieved from /opt/airflow/dags/futsal_pipeline.py
[2026-06-15T08:42:01.939+0000] {processor.py:183} INFO - Processing /opt/airflow/dags/futsal_pipeline.py took 0.368 seconds
[2026-06-15T08:42:32.170+0000] {processor.py:161} INFO - Started process (PID=1617) to work on /opt/airflow/dags/futsal_pipeline.py
[2026-06-15T08:42:32.171+0000] {processor.py:830} INFO - Processing file /opt/airflow/dags/futsal_pipeline.py for tasks to queue
[2026-06-15T08:42:32.172+0000] {logging_mixin.py:188} INFO - [2026-06-15T08:42:32.172+0000] {dagbag.py:545} INFO - Filling up the DagBag from /opt/airflow/dags/futsal_pipeline.py
[2026-06-15T08:42:32.477+0000] {logging_mixin.py:188} INFO - [2026-06-15T08:42:32.467+0000] {dagbag.py:355} ERROR - Failed to import: /opt/airflow/dags/futsal_pipeline.py
Traceback (most recent call last):
  File "/home/airflow/.local/lib/python3.11/site-packages/airflow/models/dagbag.py", line 351, in parse
    loader.exec_module(new_module)
  File "<frozen importlib._bootstrap_external>", line 940, in exec_module
  File "<frozen importlib._bootstrap>", line 241, in _call_with_frames_removed
  File "/opt/airflow/dags/futsal_pipeline.py", line 16, in <module>
    from pipeline.data_pipeline import DataPipeline
  File "/opt/airflow/pipeline/data_pipeline.py", line 1, in <module>
    from components.data_ingestion import DataIngestion
  File "/opt/airflow/components/data_ingestion.py", line 2, in <module>
    from db.db_connection import DB
ModuleNotFoundError: No module named 'db'
[2026-06-15T08:42:32.478+0000] {processor.py:842} WARNING - No viable dags retrieved from /opt/airflow/dags/futsal_pipeline.py
[2026-06-15T08:42:32.506+0000] {processor.py:183} INFO - Processing /opt/airflow/dags/futsal_pipeline.py took 0.341 seconds
[2026-06-15T08:43:02.715+0000] {processor.py:161} INFO - Started process (PID=1629) to work on /opt/airflow/dags/futsal_pipeline.py
[2026-06-15T08:43:02.716+0000] {processor.py:830} INFO - Processing file /opt/airflow/dags/futsal_pipeline.py for tasks to queue
[2026-06-15T08:43:02.717+0000] {logging_mixin.py:188} INFO - [2026-06-15T08:43:02.717+0000] {dagbag.py:545} INFO - Filling up the DagBag from /opt/airflow/dags/futsal_pipeline.py
[2026-06-15T08:43:03.080+0000] {logging_mixin.py:188} INFO - [2026-06-15T08:43:03.067+0000] {dagbag.py:355} ERROR - Failed to import: /opt/airflow/dags/futsal_pipeline.py
Traceback (most recent call last):
  File "/home/airflow/.local/lib/python3.11/site-packages/airflow/models/dagbag.py", line 351, in parse
    loader.exec_module(new_module)
  File "<frozen importlib._bootstrap_external>", line 940, in exec_module
  File "<frozen importlib._bootstrap>", line 241, in _call_with_frames_removed
  File "/opt/airflow/dags/futsal_pipeline.py", line 16, in <module>
    from pipeline.data_pipeline import DataPipeline
  File "/opt/airflow/pipeline/data_pipeline.py", line 1, in <module>
    from components.data_ingestion import DataIngestion
  File "/opt/airflow/components/data_ingestion.py", line 2, in <module>
    from db.db_connection import DB
ModuleNotFoundError: No module named 'db'
[2026-06-15T08:43:03.082+0000] {processor.py:842} WARNING - No viable dags retrieved from /opt/airflow/dags/futsal_pipeline.py
[2026-06-15T08:43:03.112+0000] {processor.py:183} INFO - Processing /opt/airflow/dags/futsal_pipeline.py took 0.404 seconds
[2026-06-15T08:43:33.356+0000] {processor.py:161} INFO - Started process (PID=1641) to work on /opt/airflow/dags/futsal_pipeline.py
[2026-06-15T08:43:33.358+0000] {processor.py:830} INFO - Processing file /opt/airflow/dags/futsal_pipeline.py for tasks to queue
[2026-06-15T08:43:33.358+0000] {logging_mixin.py:188} INFO - [2026-06-15T08:43:33.358+0000] {dagbag.py:545} INFO - Filling up the DagBag from /opt/airflow/dags/futsal_pipeline.py
[2026-06-15T08:43:33.655+0000] {logging_mixin.py:188} INFO - [2026-06-15T08:43:33.646+0000] {dagbag.py:355} ERROR - Failed to import: /opt/airflow/dags/futsal_pipeline.py
Traceback (most recent call last):
  File "/home/airflow/.local/lib/python3.11/site-packages/airflow/models/dagbag.py", line 351, in parse
    loader.exec_module(new_module)
  File "<frozen importlib._bootstrap_external>", line 940, in exec_module
  File "<frozen importlib._bootstrap>", line 241, in _call_with_frames_removed
  File "/opt/airflow/dags/futsal_pipeline.py", line 16, in <module>
    from pipeline.data_pipeline import DataPipeline
  File "/opt/airflow/pipeline/data_pipeline.py", line 1, in <module>
    from components.data_ingestion import DataIngestion
  File "/opt/airflow/components/data_ingestion.py", line 2, in <module>
    from db.db_connection import DB
ModuleNotFoundError: No module named 'db'
[2026-06-15T08:43:33.657+0000] {processor.py:842} WARNING - No viable dags retrieved from /opt/airflow/dags/futsal_pipeline.py
[2026-06-15T08:43:33.685+0000] {processor.py:183} INFO - Processing /opt/airflow/dags/futsal_pipeline.py took 0.334 seconds
[2026-06-15T08:44:03.912+0000] {processor.py:161} INFO - Started process (PID=1653) to work on /opt/airflow/dags/futsal_pipeline.py
[2026-06-15T08:44:03.913+0000] {processor.py:830} INFO - Processing file /opt/airflow/dags/futsal_pipeline.py for tasks to queue
[2026-06-15T08:44:03.914+0000] {logging_mixin.py:188} INFO - [2026-06-15T08:44:03.913+0000] {dagbag.py:545} INFO - Filling up the DagBag from /opt/airflow/dags/futsal_pipeline.py
[2026-06-15T08:44:04.212+0000] {logging_mixin.py:188} INFO - [2026-06-15T08:44:04.202+0000] {dagbag.py:355} ERROR - Failed to import: /opt/airflow/dags/futsal_pipeline.py
Traceback (most recent call last):
  File "/home/airflow/.local/lib/python3.11/site-packages/airflow/models/dagbag.py", line 351, in parse
    loader.exec_module(new_module)
  File "<frozen importlib._bootstrap_external>", line 940, in exec_module
  File "<frozen importlib._bootstrap>", line 241, in _call_with_frames_removed
  File "/opt/airflow/dags/futsal_pipeline.py", line 16, in <module>
    from pipeline.data_pipeline import DataPipeline
  File "/opt/airflow/pipeline/data_pipeline.py", line 1, in <module>
    from components.data_ingestion import DataIngestion
  File "/opt/airflow/components/data_ingestion.py", line 2, in <module>
    from db.db_connection import DB
ModuleNotFoundError: No module named 'db'
[2026-06-15T08:44:04.214+0000] {processor.py:842} WARNING - No viable dags retrieved from /opt/airflow/dags/futsal_pipeline.py
[2026-06-15T08:44:04.241+0000] {processor.py:183} INFO - Processing /opt/airflow/dags/futsal_pipeline.py took 0.334 seconds
[2026-06-15T08:44:34.481+0000] {processor.py:161} INFO - Started process (PID=1665) to work on /opt/airflow/dags/futsal_pipeline.py
[2026-06-15T08:44:34.482+0000] {processor.py:830} INFO - Processing file /opt/airflow/dags/futsal_pipeline.py for tasks to queue
[2026-06-15T08:44:34.483+0000] {logging_mixin.py:188} INFO - [2026-06-15T08:44:34.483+0000] {dagbag.py:545} INFO - Filling up the DagBag from /opt/airflow/dags/futsal_pipeline.py
[2026-06-15T08:44:34.785+0000] {logging_mixin.py:188} INFO - [2026-06-15T08:44:34.774+0000] {dagbag.py:355} ERROR - Failed to import: /opt/airflow/dags/futsal_pipeline.py
Traceback (most recent call last):
  File "/home/airflow/.local/lib/python3.11/site-packages/airflow/models/dagbag.py", line 351, in parse
    loader.exec_module(new_module)
  File "<frozen importlib._bootstrap_external>", line 940, in exec_module
  File "<frozen importlib._bootstrap>", line 241, in _call_with_frames_removed
  File "/opt/airflow/dags/futsal_pipeline.py", line 16, in <module>
    from pipeline.data_pipeline import DataPipeline
  File "/opt/airflow/pipeline/data_pipeline.py", line 1, in <module>
    from components.data_ingestion import DataIngestion
  File "/opt/airflow/components/data_ingestion.py", line 2, in <module>
    from db.db_connection import DB
ModuleNotFoundError: No module named 'db'
[2026-06-15T08:44:34.787+0000] {processor.py:842} WARNING - No viable dags retrieved from /opt/airflow/dags/futsal_pipeline.py
[2026-06-15T08:44:34.815+0000] {processor.py:183} INFO - Processing /opt/airflow/dags/futsal_pipeline.py took 0.339 seconds
[2026-06-15T08:45:05.074+0000] {processor.py:161} INFO - Started process (PID=1677) to work on /opt/airflow/dags/futsal_pipeline.py
[2026-06-15T08:45:05.076+0000] {processor.py:830} INFO - Processing file /opt/airflow/dags/futsal_pipeline.py for tasks to queue
[2026-06-15T08:45:05.077+0000] {logging_mixin.py:188} INFO - [2026-06-15T08:45:05.077+0000] {dagbag.py:545} INFO - Filling up the DagBag from /opt/airflow/dags/futsal_pipeline.py
[2026-06-15T08:45:05.480+0000] {logging_mixin.py:188} INFO - [2026-06-15T08:45:05.462+0000] {dagbag.py:355} ERROR - Failed to import: /opt/airflow/dags/futsal_pipeline.py
Traceback (most recent call last):
  File "/home/airflow/.local/lib/python3.11/site-packages/airflow/models/dagbag.py", line 351, in parse
    loader.exec_module(new_module)
  File "<frozen importlib._bootstrap_external>", line 940, in exec_module
  File "<frozen importlib._bootstrap>", line 241, in _call_with_frames_removed
  File "/opt/airflow/dags/futsal_pipeline.py", line 16, in <module>
    from pipeline.data_pipeline import DataPipeline
  File "/opt/airflow/pipeline/data_pipeline.py", line 1, in <module>
    from components.data_ingestion import DataIngestion
  File "/opt/airflow/components/data_ingestion.py", line 2, in <module>
    from db.db_connection import DB
ModuleNotFoundError: No module named 'db'
[2026-06-15T08:45:05.483+0000] {processor.py:842} WARNING - No viable dags retrieved from /opt/airflow/dags/futsal_pipeline.py
[2026-06-15T08:45:05.513+0000] {processor.py:183} INFO - Processing /opt/airflow/dags/futsal_pipeline.py took 0.445 seconds
[2026-06-15T08:45:35.734+0000] {processor.py:161} INFO - Started process (PID=1689) to work on /opt/airflow/dags/futsal_pipeline.py
[2026-06-15T08:45:35.735+0000] {processor.py:830} INFO - Processing file /opt/airflow/dags/futsal_pipeline.py for tasks to queue
[2026-06-15T08:45:35.736+0000] {logging_mixin.py:188} INFO - [2026-06-15T08:45:35.736+0000] {dagbag.py:545} INFO - Filling up the DagBag from /opt/airflow/dags/futsal_pipeline.py
[2026-06-15T08:45:36.043+0000] {logging_mixin.py:188} INFO - [2026-06-15T08:45:36.034+0000] {dagbag.py:355} ERROR - Failed to import: /opt/airflow/dags/futsal_pipeline.py
Traceback (most recent call last):
  File "/home/airflow/.local/lib/python3.11/site-packages/airflow/models/dagbag.py", line 351, in parse
    loader.exec_module(new_module)
  File "<frozen importlib._bootstrap_external>", line 940, in exec_module
  File "<frozen importlib._bootstrap>", line 241, in _call_with_frames_removed
  File "/opt/airflow/dags/futsal_pipeline.py", line 16, in <module>
    from pipeline.data_pipeline import DataPipeline
  File "/opt/airflow/pipeline/data_pipeline.py", line 1, in <module>
    from components.data_ingestion import DataIngestion
  File "/opt/airflow/components/data_ingestion.py", line 2, in <module>
    from db.db_connection import DB
ModuleNotFoundError: No module named 'db'
[2026-06-15T08:45:36.045+0000] {processor.py:842} WARNING - No viable dags retrieved from /opt/airflow/dags/futsal_pipeline.py
[2026-06-15T08:45:36.072+0000] {processor.py:183} INFO - Processing /opt/airflow/dags/futsal_pipeline.py took 0.343 seconds
[2026-06-15T08:46:06.264+0000] {processor.py:161} INFO - Started process (PID=1701) to work on /opt/airflow/dags/futsal_pipeline.py
[2026-06-15T08:46:06.265+0000] {processor.py:830} INFO - Processing file /opt/airflow/dags/futsal_pipeline.py for tasks to queue
[2026-06-15T08:46:06.266+0000] {logging_mixin.py:188} INFO - [2026-06-15T08:46:06.266+0000] {dagbag.py:545} INFO - Filling up the DagBag from /opt/airflow/dags/futsal_pipeline.py
[2026-06-15T08:46:06.676+0000] {logging_mixin.py:188} INFO - [2026-06-15T08:46:06.666+0000] {dagbag.py:355} ERROR - Failed to import: /opt/airflow/dags/futsal_pipeline.py
Traceback (most recent call last):
  File "/home/airflow/.local/lib/python3.11/site-packages/airflow/models/dagbag.py", line 351, in parse
    loader.exec_module(new_module)
  File "<frozen importlib._bootstrap_external>", line 940, in exec_module
  File "<frozen importlib._bootstrap>", line 241, in _call_with_frames_removed
  File "/opt/airflow/dags/futsal_pipeline.py", line 16, in <module>
    from pipeline.data_pipeline import DataPipeline
  File "/opt/airflow/pipeline/data_pipeline.py", line 1, in <module>
    from components.data_ingestion import DataIngestion
  File "/opt/airflow/components/data_ingestion.py", line 2, in <module>
    from db.db_connection import DB
ModuleNotFoundError: No module named 'db'
[2026-06-15T08:46:06.678+0000] {processor.py:842} WARNING - No viable dags retrieved from /opt/airflow/dags/futsal_pipeline.py
[2026-06-15T08:46:06.706+0000] {processor.py:183} INFO - Processing /opt/airflow/dags/futsal_pipeline.py took 0.448 seconds
[2026-06-15T08:46:36.922+0000] {processor.py:161} INFO - Started process (PID=1713) to work on /opt/airflow/dags/futsal_pipeline.py
[2026-06-15T08:46:36.923+0000] {processor.py:830} INFO - Processing file /opt/airflow/dags/futsal_pipeline.py for tasks to queue
[2026-06-15T08:46:36.924+0000] {logging_mixin.py:188} INFO - [2026-06-15T08:46:36.924+0000] {dagbag.py:545} INFO - Filling up the DagBag from /opt/airflow/dags/futsal_pipeline.py
[2026-06-15T08:46:37.235+0000] {logging_mixin.py:188} INFO - [2026-06-15T08:46:37.225+0000] {dagbag.py:355} ERROR - Failed to import: /opt/airflow/dags/futsal_pipeline.py
Traceback (most recent call last):
  File "/home/airflow/.local/lib/python3.11/site-packages/airflow/models/dagbag.py", line 351, in parse
    loader.exec_module(new_module)
  File "<frozen importlib._bootstrap_external>", line 940, in exec_module
  File "<frozen importlib._bootstrap>", line 241, in _call_with_frames_removed
  File "/opt/airflow/dags/futsal_pipeline.py", line 16, in <module>
    from pipeline.data_pipeline import DataPipeline
  File "/opt/airflow/pipeline/data_pipeline.py", line 1, in <module>
    from components.data_ingestion import DataIngestion
  File "/opt/airflow/components/data_ingestion.py", line 2, in <module>
    from db.db_connection import DB
ModuleNotFoundError: No module named 'db'
[2026-06-15T08:46:37.237+0000] {processor.py:842} WARNING - No viable dags retrieved from /opt/airflow/dags/futsal_pipeline.py
[2026-06-15T08:46:37.255+0000] {processor.py:183} INFO - Processing /opt/airflow/dags/futsal_pipeline.py took 0.338 seconds
[2026-06-15T08:47:07.464+0000] {processor.py:161} INFO - Started process (PID=1726) to work on /opt/airflow/dags/futsal_pipeline.py
[2026-06-15T08:47:07.465+0000] {processor.py:830} INFO - Processing file /opt/airflow/dags/futsal_pipeline.py for tasks to queue
[2026-06-15T08:47:07.466+0000] {logging_mixin.py:188} INFO - [2026-06-15T08:47:07.466+0000] {dagbag.py:545} INFO - Filling up the DagBag from /opt/airflow/dags/futsal_pipeline.py
[2026-06-15T08:47:07.809+0000] {logging_mixin.py:188} INFO - [2026-06-15T08:47:07.799+0000] {dagbag.py:355} ERROR - Failed to import: /opt/airflow/dags/futsal_pipeline.py
Traceback (most recent call last):
  File "/home/airflow/.local/lib/python3.11/site-packages/airflow/models/dagbag.py", line 351, in parse
    loader.exec_module(new_module)
  File "<frozen importlib._bootstrap_external>", line 940, in exec_module
  File "<frozen importlib._bootstrap>", line 241, in _call_with_frames_removed
  File "/opt/airflow/dags/futsal_pipeline.py", line 16, in <module>
    from pipeline.data_pipeline import DataPipeline
  File "/opt/airflow/pipeline/data_pipeline.py", line 1, in <module>
    from components.data_ingestion import DataIngestion
  File "/opt/airflow/components/data_ingestion.py", line 2, in <module>
    from db.db_connection import DB
ModuleNotFoundError: No module named 'db'
[2026-06-15T08:47:07.811+0000] {processor.py:842} WARNING - No viable dags retrieved from /opt/airflow/dags/futsal_pipeline.py
[2026-06-15T08:47:07.839+0000] {processor.py:183} INFO - Processing /opt/airflow/dags/futsal_pipeline.py took 0.380 seconds
[2026-06-15T08:47:38.054+0000] {processor.py:161} INFO - Started process (PID=1738) to work on /opt/airflow/dags/futsal_pipeline.py
[2026-06-15T08:47:38.055+0000] {processor.py:830} INFO - Processing file /opt/airflow/dags/futsal_pipeline.py for tasks to queue
[2026-06-15T08:47:38.056+0000] {logging_mixin.py:188} INFO - [2026-06-15T08:47:38.056+0000] {dagbag.py:545} INFO - Filling up the DagBag from /opt/airflow/dags/futsal_pipeline.py
[2026-06-15T08:47:38.421+0000] {logging_mixin.py:188} INFO - [2026-06-15T08:47:38.410+0000] {dagbag.py:355} ERROR - Failed to import: /opt/airflow/dags/futsal_pipeline.py
Traceback (most recent call last):
  File "/home/airflow/.local/lib/python3.11/site-packages/airflow/models/dagbag.py", line 351, in parse
    loader.exec_module(new_module)
  File "<frozen importlib._bootstrap_external>", line 940, in exec_module
  File "<frozen importlib._bootstrap>", line 241, in _call_with_frames_removed
  File "/opt/airflow/dags/futsal_pipeline.py", line 16, in <module>
    from pipeline.data_pipeline import DataPipeline
  File "/opt/airflow/pipeline/data_pipeline.py", line 1, in <module>
    from components.data_ingestion import DataIngestion
  File "/opt/airflow/components/data_ingestion.py", line 2, in <module>
    from db.db_connection import DB
ModuleNotFoundError: No module named 'db'
[2026-06-15T08:47:38.424+0000] {processor.py:842} WARNING - No viable dags retrieved from /opt/airflow/dags/futsal_pipeline.py
[2026-06-15T08:47:38.455+0000] {processor.py:183} INFO - Processing /opt/airflow/dags/futsal_pipeline.py took 0.405 seconds
[2026-06-15T08:48:08.699+0000] {processor.py:161} INFO - Started process (PID=1750) to work on /opt/airflow/dags/futsal_pipeline.py
[2026-06-15T08:48:08.700+0000] {processor.py:830} INFO - Processing file /opt/airflow/dags/futsal_pipeline.py for tasks to queue
[2026-06-15T08:48:08.701+0000] {logging_mixin.py:188} INFO - [2026-06-15T08:48:08.701+0000] {dagbag.py:545} INFO - Filling up the DagBag from /opt/airflow/dags/futsal_pipeline.py
[2026-06-15T08:48:09.029+0000] {logging_mixin.py:188} INFO - [2026-06-15T08:48:09.017+0000] {dagbag.py:355} ERROR - Failed to import: /opt/airflow/dags/futsal_pipeline.py
Traceback (most recent call last):
  File "/home/airflow/.local/lib/python3.11/site-packages/airflow/models/dagbag.py", line 351, in parse
    loader.exec_module(new_module)
  File "<frozen importlib._bootstrap_external>", line 940, in exec_module
  File "<frozen importlib._bootstrap>", line 241, in _call_with_frames_removed
  File "/opt/airflow/dags/futsal_pipeline.py", line 16, in <module>
    from pipeline.data_pipeline import DataPipeline
  File "/opt/airflow/pipeline/data_pipeline.py", line 1, in <module>
    from components.data_ingestion import DataIngestion
  File "/opt/airflow/components/data_ingestion.py", line 2, in <module>
    from db.db_connection import DB
ModuleNotFoundError: No module named 'db'
[2026-06-15T08:48:09.030+0000] {processor.py:842} WARNING - No viable dags retrieved from /opt/airflow/dags/futsal_pipeline.py
[2026-06-15T08:48:09.058+0000] {processor.py:183} INFO - Processing /opt/airflow/dags/futsal_pipeline.py took 0.365 seconds
[2026-06-15T08:48:39.291+0000] {processor.py:161} INFO - Started process (PID=1762) to work on /opt/airflow/dags/futsal_pipeline.py
[2026-06-15T08:48:39.293+0000] {processor.py:830} INFO - Processing file /opt/airflow/dags/futsal_pipeline.py for tasks to queue
[2026-06-15T08:48:39.294+0000] {logging_mixin.py:188} INFO - [2026-06-15T08:48:39.293+0000] {dagbag.py:545} INFO - Filling up the DagBag from /opt/airflow/dags/futsal_pipeline.py
[2026-06-15T08:48:39.678+0000] {logging_mixin.py:188} INFO - [2026-06-15T08:48:39.666+0000] {dagbag.py:355} ERROR - Failed to import: /opt/airflow/dags/futsal_pipeline.py
Traceback (most recent call last):
  File "/home/airflow/.local/lib/python3.11/site-packages/airflow/models/dagbag.py", line 351, in parse
    loader.exec_module(new_module)
  File "<frozen importlib._bootstrap_external>", line 940, in exec_module
  File "<frozen importlib._bootstrap>", line 241, in _call_with_frames_removed
  File "/opt/airflow/dags/futsal_pipeline.py", line 16, in <module>
    from pipeline.data_pipeline import DataPipeline
  File "/opt/airflow/pipeline/data_pipeline.py", line 1, in <module>
    from components.data_ingestion import DataIngestion
  File "/opt/airflow/components/data_ingestion.py", line 2, in <module>
    from db.db_connection import DB
ModuleNotFoundError: No module named 'db'
[2026-06-15T08:48:39.680+0000] {processor.py:842} WARNING - No viable dags retrieved from /opt/airflow/dags/futsal_pipeline.py
[2026-06-15T08:48:39.710+0000] {processor.py:183} INFO - Processing /opt/airflow/dags/futsal_pipeline.py took 0.426 seconds
[2026-06-15T08:49:09.939+0000] {processor.py:161} INFO - Started process (PID=1774) to work on /opt/airflow/dags/futsal_pipeline.py
[2026-06-15T08:49:09.940+0000] {processor.py:830} INFO - Processing file /opt/airflow/dags/futsal_pipeline.py for tasks to queue
[2026-06-15T08:49:09.941+0000] {logging_mixin.py:188} INFO - [2026-06-15T08:49:09.941+0000] {dagbag.py:545} INFO - Filling up the DagBag from /opt/airflow/dags/futsal_pipeline.py
[2026-06-15T08:49:10.252+0000] {logging_mixin.py:188} INFO - [2026-06-15T08:49:10.242+0000] {dagbag.py:355} ERROR - Failed to import: /opt/airflow/dags/futsal_pipeline.py
Traceback (most recent call last):
  File "/home/airflow/.local/lib/python3.11/site-packages/airflow/models/dagbag.py", line 351, in parse
    loader.exec_module(new_module)
  File "<frozen importlib._bootstrap_external>", line 940, in exec_module
  File "<frozen importlib._bootstrap>", line 241, in _call_with_frames_removed
  File "/opt/airflow/dags/futsal_pipeline.py", line 16, in <module>
    from pipeline.data_pipeline import DataPipeline
  File "/opt/airflow/pipeline/data_pipeline.py", line 1, in <module>
    from components.data_ingestion import DataIngestion
  File "/opt/airflow/components/data_ingestion.py", line 2, in <module>
    from db.db_connection import DB
ModuleNotFoundError: No module named 'db'
[2026-06-15T08:49:10.253+0000] {processor.py:842} WARNING - No viable dags retrieved from /opt/airflow/dags/futsal_pipeline.py
[2026-06-15T08:49:10.281+0000] {processor.py:183} INFO - Processing /opt/airflow/dags/futsal_pipeline.py took 0.348 seconds
[2026-06-15T08:49:40.549+0000] {processor.py:161} INFO - Started process (PID=1786) to work on /opt/airflow/dags/futsal_pipeline.py
[2026-06-15T08:49:40.550+0000] {processor.py:830} INFO - Processing file /opt/airflow/dags/futsal_pipeline.py for tasks to queue
[2026-06-15T08:49:40.551+0000] {logging_mixin.py:188} INFO - [2026-06-15T08:49:40.550+0000] {dagbag.py:545} INFO - Filling up the DagBag from /opt/airflow/dags/futsal_pipeline.py
[2026-06-15T08:49:40.850+0000] {logging_mixin.py:188} INFO - [2026-06-15T08:49:40.840+0000] {dagbag.py:355} ERROR - Failed to import: /opt/airflow/dags/futsal_pipeline.py
Traceback (most recent call last):
  File "/home/airflow/.local/lib/python3.11/site-packages/airflow/models/dagbag.py", line 351, in parse
    loader.exec_module(new_module)
  File "<frozen importlib._bootstrap_external>", line 940, in exec_module
  File "<frozen importlib._bootstrap>", line 241, in _call_with_frames_removed
  File "/opt/airflow/dags/futsal_pipeline.py", line 16, in <module>
    from pipeline.data_pipeline import DataPipeline
  File "/opt/airflow/pipeline/data_pipeline.py", line 1, in <module>
    from components.data_ingestion import DataIngestion
  File "/opt/airflow/components/data_ingestion.py", line 2, in <module>
    from db.db_connection import DB
ModuleNotFoundError: No module named 'db'
[2026-06-15T08:49:40.851+0000] {processor.py:842} WARNING - No viable dags retrieved from /opt/airflow/dags/futsal_pipeline.py
[2026-06-15T08:49:40.879+0000] {processor.py:183} INFO - Processing /opt/airflow/dags/futsal_pipeline.py took 0.336 seconds
[2026-06-15T08:50:11.121+0000] {processor.py:161} INFO - Started process (PID=1798) to work on /opt/airflow/dags/futsal_pipeline.py
[2026-06-15T08:50:11.122+0000] {processor.py:830} INFO - Processing file /opt/airflow/dags/futsal_pipeline.py for tasks to queue
[2026-06-15T08:50:11.122+0000] {logging_mixin.py:188} INFO - [2026-06-15T08:50:11.122+0000] {dagbag.py:545} INFO - Filling up the DagBag from /opt/airflow/dags/futsal_pipeline.py
[2026-06-15T08:50:11.436+0000] {logging_mixin.py:188} INFO - [2026-06-15T08:50:11.427+0000] {dagbag.py:355} ERROR - Failed to import: /opt/airflow/dags/futsal_pipeline.py
Traceback (most recent call last):
  File "/home/airflow/.local/lib/python3.11/site-packages/airflow/models/dagbag.py", line 351, in parse
    loader.exec_module(new_module)
  File "<frozen importlib._bootstrap_external>", line 940, in exec_module
  File "<frozen importlib._bootstrap>", line 241, in _call_with_frames_removed
  File "/opt/airflow/dags/futsal_pipeline.py", line 16, in <module>
    from pipeline.data_pipeline import DataPipeline
  File "/opt/airflow/pipeline/data_pipeline.py", line 1, in <module>
    from components.data_ingestion import DataIngestion
  File "/opt/airflow/components/data_ingestion.py", line 2, in <module>
    from db.db_connection import DB
ModuleNotFoundError: No module named 'db'
[2026-06-15T08:50:11.437+0000] {processor.py:842} WARNING - No viable dags retrieved from /opt/airflow/dags/futsal_pipeline.py
[2026-06-15T08:50:11.453+0000] {processor.py:183} INFO - Processing /opt/airflow/dags/futsal_pipeline.py took 0.337 seconds
[2026-06-15T08:50:41.691+0000] {processor.py:161} INFO - Started process (PID=1810) to work on /opt/airflow/dags/futsal_pipeline.py
[2026-06-15T08:50:41.691+0000] {processor.py:830} INFO - Processing file /opt/airflow/dags/futsal_pipeline.py for tasks to queue
[2026-06-15T08:50:41.692+0000] {logging_mixin.py:188} INFO - [2026-06-15T08:50:41.692+0000] {dagbag.py:545} INFO - Filling up the DagBag from /opt/airflow/dags/futsal_pipeline.py
[2026-06-15T08:50:42.016+0000] {logging_mixin.py:188} INFO - [2026-06-15T08:50:42.005+0000] {dagbag.py:355} ERROR - Failed to import: /opt/airflow/dags/futsal_pipeline.py
Traceback (most recent call last):
  File "/home/airflow/.local/lib/python3.11/site-packages/airflow/models/dagbag.py", line 351, in parse
    loader.exec_module(new_module)
  File "<frozen importlib._bootstrap_external>", line 940, in exec_module
  File "<frozen importlib._bootstrap>", line 241, in _call_with_frames_removed
  File "/opt/airflow/dags/futsal_pipeline.py", line 16, in <module>
    from pipeline.data_pipeline import DataPipeline
  File "/opt/airflow/pipeline/data_pipeline.py", line 1, in <module>
    from components.data_ingestion import DataIngestion
  File "/opt/airflow/components/data_ingestion.py", line 2, in <module>
    from db.db_connection import DB
ModuleNotFoundError: No module named 'db'
[2026-06-15T08:50:42.018+0000] {processor.py:842} WARNING - No viable dags retrieved from /opt/airflow/dags/futsal_pipeline.py
[2026-06-15T08:50:42.046+0000] {processor.py:183} INFO - Processing /opt/airflow/dags/futsal_pipeline.py took 0.360 seconds
[2026-06-15T08:51:12.292+0000] {processor.py:161} INFO - Started process (PID=1822) to work on /opt/airflow/dags/futsal_pipeline.py
[2026-06-15T08:51:12.293+0000] {processor.py:830} INFO - Processing file /opt/airflow/dags/futsal_pipeline.py for tasks to queue
[2026-06-15T08:51:12.294+0000] {logging_mixin.py:188} INFO - [2026-06-15T08:51:12.294+0000] {dagbag.py:545} INFO - Filling up the DagBag from /opt/airflow/dags/futsal_pipeline.py
[2026-06-15T08:51:12.603+0000] {logging_mixin.py:188} INFO - [2026-06-15T08:51:12.594+0000] {dagbag.py:355} ERROR - Failed to import: /opt/airflow/dags/futsal_pipeline.py
Traceback (most recent call last):
  File "/home/airflow/.local/lib/python3.11/site-packages/airflow/models/dagbag.py", line 351, in parse
    loader.exec_module(new_module)
  File "<frozen importlib._bootstrap_external>", line 940, in exec_module
  File "<frozen importlib._bootstrap>", line 241, in _call_with_frames_removed
  File "/opt/airflow/dags/futsal_pipeline.py", line 16, in <module>
    from pipeline.data_pipeline import DataPipeline
  File "/opt/airflow/pipeline/data_pipeline.py", line 1, in <module>
    from components.data_ingestion import DataIngestion
  File "/opt/airflow/components/data_ingestion.py", line 2, in <module>
    from db.db_connection import DB
ModuleNotFoundError: No module named 'db'
[2026-06-15T08:51:12.605+0000] {processor.py:842} WARNING - No viable dags retrieved from /opt/airflow/dags/futsal_pipeline.py
[2026-06-15T08:51:12.632+0000] {processor.py:183} INFO - Processing /opt/airflow/dags/futsal_pipeline.py took 0.346 seconds
[2026-06-15T08:51:42.846+0000] {processor.py:161} INFO - Started process (PID=1834) to work on /opt/airflow/dags/futsal_pipeline.py
[2026-06-15T08:51:42.847+0000] {processor.py:830} INFO - Processing file /opt/airflow/dags/futsal_pipeline.py for tasks to queue
[2026-06-15T08:51:42.848+0000] {logging_mixin.py:188} INFO - [2026-06-15T08:51:42.848+0000] {dagbag.py:545} INFO - Filling up the DagBag from /opt/airflow/dags/futsal_pipeline.py
[2026-06-15T08:51:43.181+0000] {logging_mixin.py:188} INFO - [2026-06-15T08:51:43.170+0000] {dagbag.py:355} ERROR - Failed to import: /opt/airflow/dags/futsal_pipeline.py
Traceback (most recent call last):
  File "/home/airflow/.local/lib/python3.11/site-packages/airflow/models/dagbag.py", line 351, in parse
    loader.exec_module(new_module)
  File "<frozen importlib._bootstrap_external>", line 940, in exec_module
  File "<frozen importlib._bootstrap>", line 241, in _call_with_frames_removed
  File "/opt/airflow/dags/futsal_pipeline.py", line 16, in <module>
    from pipeline.data_pipeline import DataPipeline
  File "/opt/airflow/pipeline/data_pipeline.py", line 1, in <module>
    from components.data_ingestion import DataIngestion
  File "/opt/airflow/components/data_ingestion.py", line 2, in <module>
    from db.db_connection import DB
ModuleNotFoundError: No module named 'db'
[2026-06-15T08:51:43.183+0000] {processor.py:842} WARNING - No viable dags retrieved from /opt/airflow/dags/futsal_pipeline.py
[2026-06-15T08:51:43.214+0000] {processor.py:183} INFO - Processing /opt/airflow/dags/futsal_pipeline.py took 0.373 seconds
[2026-06-15T08:52:13.435+0000] {processor.py:161} INFO - Started process (PID=1846) to work on /opt/airflow/dags/futsal_pipeline.py
[2026-06-15T08:52:13.437+0000] {processor.py:830} INFO - Processing file /opt/airflow/dags/futsal_pipeline.py for tasks to queue
[2026-06-15T08:52:13.438+0000] {logging_mixin.py:188} INFO - [2026-06-15T08:52:13.437+0000] {dagbag.py:545} INFO - Filling up the DagBag from /opt/airflow/dags/futsal_pipeline.py
[2026-06-15T08:52:13.756+0000] {logging_mixin.py:188} INFO - [2026-06-15T08:52:13.746+0000] {dagbag.py:355} ERROR - Failed to import: /opt/airflow/dags/futsal_pipeline.py
Traceback (most recent call last):
  File "/home/airflow/.local/lib/python3.11/site-packages/airflow/models/dagbag.py", line 351, in parse
    loader.exec_module(new_module)
  File "<frozen importlib._bootstrap_external>", line 940, in exec_module
  File "<frozen importlib._bootstrap>", line 241, in _call_with_frames_removed
  File "/opt/airflow/dags/futsal_pipeline.py", line 16, in <module>
    from pipeline.data_pipeline import DataPipeline
  File "/opt/airflow/pipeline/data_pipeline.py", line 1, in <module>
    from components.data_ingestion import DataIngestion
  File "/opt/airflow/components/data_ingestion.py", line 2, in <module>
    from db.db_connection import DB
ModuleNotFoundError: No module named 'db'
[2026-06-15T08:52:13.757+0000] {processor.py:842} WARNING - No viable dags retrieved from /opt/airflow/dags/futsal_pipeline.py
[2026-06-15T08:52:13.782+0000] {processor.py:183} INFO - Processing /opt/airflow/dags/futsal_pipeline.py took 0.353 seconds
[2026-06-15T08:52:44.026+0000] {processor.py:161} INFO - Started process (PID=1858) to work on /opt/airflow/dags/futsal_pipeline.py
[2026-06-15T08:52:44.028+0000] {processor.py:830} INFO - Processing file /opt/airflow/dags/futsal_pipeline.py for tasks to queue
[2026-06-15T08:52:44.029+0000] {logging_mixin.py:188} INFO - [2026-06-15T08:52:44.028+0000] {dagbag.py:545} INFO - Filling up the DagBag from /opt/airflow/dags/futsal_pipeline.py
[2026-06-15T08:52:44.348+0000] {logging_mixin.py:188} INFO - [2026-06-15T08:52:44.338+0000] {dagbag.py:355} ERROR - Failed to import: /opt/airflow/dags/futsal_pipeline.py
Traceback (most recent call last):
  File "/home/airflow/.local/lib/python3.11/site-packages/airflow/models/dagbag.py", line 351, in parse
    loader.exec_module(new_module)
  File "<frozen importlib._bootstrap_external>", line 940, in exec_module
  File "<frozen importlib._bootstrap>", line 241, in _call_with_frames_removed
  File "/opt/airflow/dags/futsal_pipeline.py", line 16, in <module>
    from pipeline.data_pipeline import DataPipeline
  File "/opt/airflow/pipeline/data_pipeline.py", line 1, in <module>
    from components.data_ingestion import DataIngestion
  File "/opt/airflow/components/data_ingestion.py", line 2, in <module>
    from db.db_connection import DB
ModuleNotFoundError: No module named 'db'
[2026-06-15T08:52:44.350+0000] {processor.py:842} WARNING - No viable dags retrieved from /opt/airflow/dags/futsal_pipeline.py
[2026-06-15T08:52:44.378+0000] {processor.py:183} INFO - Processing /opt/airflow/dags/futsal_pipeline.py took 0.358 seconds
[2026-06-15T08:53:14.643+0000] {processor.py:161} INFO - Started process (PID=1870) to work on /opt/airflow/dags/futsal_pipeline.py
[2026-06-15T08:53:14.644+0000] {processor.py:830} INFO - Processing file /opt/airflow/dags/futsal_pipeline.py for tasks to queue
[2026-06-15T08:53:14.645+0000] {logging_mixin.py:188} INFO - [2026-06-15T08:53:14.645+0000] {dagbag.py:545} INFO - Filling up the DagBag from /opt/airflow/dags/futsal_pipeline.py
[2026-06-15T08:53:14.956+0000] {logging_mixin.py:188} INFO - [2026-06-15T08:53:14.942+0000] {dagbag.py:355} ERROR - Failed to import: /opt/airflow/dags/futsal_pipeline.py
Traceback (most recent call last):
  File "/home/airflow/.local/lib/python3.11/site-packages/airflow/models/dagbag.py", line 351, in parse
    loader.exec_module(new_module)
  File "<frozen importlib._bootstrap_external>", line 940, in exec_module
  File "<frozen importlib._bootstrap>", line 241, in _call_with_frames_removed
  File "/opt/airflow/dags/futsal_pipeline.py", line 16, in <module>
    from pipeline.data_pipeline import DataPipeline
  File "/opt/airflow/pipeline/data_pipeline.py", line 1, in <module>
    from components.data_ingestion import DataIngestion
  File "/opt/airflow/components/data_ingestion.py", line 2, in <module>
    from db.db_connection import DB
ModuleNotFoundError: No module named 'db'
[2026-06-15T08:53:14.958+0000] {processor.py:842} WARNING - No viable dags retrieved from /opt/airflow/dags/futsal_pipeline.py
[2026-06-15T08:53:14.979+0000] {processor.py:183} INFO - Processing /opt/airflow/dags/futsal_pipeline.py took 0.341 seconds
[2026-06-15T08:53:45.202+0000] {processor.py:161} INFO - Started process (PID=1882) to work on /opt/airflow/dags/futsal_pipeline.py
[2026-06-15T08:53:45.203+0000] {processor.py:830} INFO - Processing file /opt/airflow/dags/futsal_pipeline.py for tasks to queue
[2026-06-15T08:53:45.204+0000] {logging_mixin.py:188} INFO - [2026-06-15T08:53:45.204+0000] {dagbag.py:545} INFO - Filling up the DagBag from /opt/airflow/dags/futsal_pipeline.py
[2026-06-15T08:53:45.520+0000] {logging_mixin.py:188} INFO - [2026-06-15T08:53:45.508+0000] {dagbag.py:355} ERROR - Failed to import: /opt/airflow/dags/futsal_pipeline.py
Traceback (most recent call last):
  File "/home/airflow/.local/lib/python3.11/site-packages/airflow/models/dagbag.py", line 351, in parse
    loader.exec_module(new_module)
  File "<frozen importlib._bootstrap_external>", line 940, in exec_module
  File "<frozen importlib._bootstrap>", line 241, in _call_with_frames_removed
  File "/opt/airflow/dags/futsal_pipeline.py", line 16, in <module>
    from pipeline.data_pipeline import DataPipeline
  File "/opt/airflow/pipeline/data_pipeline.py", line 1, in <module>
    from components.data_ingestion import DataIngestion
  File "/opt/airflow/components/data_ingestion.py", line 2, in <module>
    from db.db_connection import DB
ModuleNotFoundError: No module named 'db'
[2026-06-15T08:53:45.521+0000] {processor.py:842} WARNING - No viable dags retrieved from /opt/airflow/dags/futsal_pipeline.py
[2026-06-15T08:53:45.551+0000] {processor.py:183} INFO - Processing /opt/airflow/dags/futsal_pipeline.py took 0.355 seconds
[2026-06-15T08:54:15.784+0000] {processor.py:161} INFO - Started process (PID=1894) to work on /opt/airflow/dags/futsal_pipeline.py
[2026-06-15T08:54:15.785+0000] {processor.py:830} INFO - Processing file /opt/airflow/dags/futsal_pipeline.py for tasks to queue
[2026-06-15T08:54:15.785+0000] {logging_mixin.py:188} INFO - [2026-06-15T08:54:15.785+0000] {dagbag.py:545} INFO - Filling up the DagBag from /opt/airflow/dags/futsal_pipeline.py
[2026-06-15T08:54:16.164+0000] {logging_mixin.py:188} INFO - [2026-06-15T08:54:16.156+0000] {dagbag.py:355} ERROR - Failed to import: /opt/airflow/dags/futsal_pipeline.py
Traceback (most recent call last):
  File "/home/airflow/.local/lib/python3.11/site-packages/airflow/models/dagbag.py", line 351, in parse
    loader.exec_module(new_module)
  File "<frozen importlib._bootstrap_external>", line 940, in exec_module
  File "<frozen importlib._bootstrap>", line 241, in _call_with_frames_removed
  File "/opt/airflow/dags/futsal_pipeline.py", line 16, in <module>
    from pipeline.data_pipeline import DataPipeline
  File "/opt/airflow/pipeline/data_pipeline.py", line 1, in <module>
    from components.data_ingestion import DataIngestion
  File "/opt/airflow/components/data_ingestion.py", line 2, in <module>
    from db.db_connection import DB
ModuleNotFoundError: No module named 'db'
[2026-06-15T08:54:16.166+0000] {processor.py:842} WARNING - No viable dags retrieved from /opt/airflow/dags/futsal_pipeline.py
[2026-06-15T08:54:16.193+0000] {processor.py:183} INFO - Processing /opt/airflow/dags/futsal_pipeline.py took 0.414 seconds
[2026-06-15T08:54:46.429+0000] {processor.py:161} INFO - Started process (PID=1906) to work on /opt/airflow/dags/futsal_pipeline.py
[2026-06-15T08:54:46.430+0000] {processor.py:830} INFO - Processing file /opt/airflow/dags/futsal_pipeline.py for tasks to queue
[2026-06-15T08:54:46.431+0000] {logging_mixin.py:188} INFO - [2026-06-15T08:54:46.431+0000] {dagbag.py:545} INFO - Filling up the DagBag from /opt/airflow/dags/futsal_pipeline.py
[2026-06-15T08:54:46.737+0000] {logging_mixin.py:188} INFO - [2026-06-15T08:54:46.723+0000] {dagbag.py:355} ERROR - Failed to import: /opt/airflow/dags/futsal_pipeline.py
Traceback (most recent call last):
  File "/home/airflow/.local/lib/python3.11/site-packages/airflow/models/dagbag.py", line 351, in parse
    loader.exec_module(new_module)
  File "<frozen importlib._bootstrap_external>", line 940, in exec_module
  File "<frozen importlib._bootstrap>", line 241, in _call_with_frames_removed
  File "/opt/airflow/dags/futsal_pipeline.py", line 16, in <module>
    from pipeline.data_pipeline import DataPipeline
  File "/opt/airflow/pipeline/data_pipeline.py", line 1, in <module>
    from components.data_ingestion import DataIngestion
  File "/opt/airflow/components/data_ingestion.py", line 2, in <module>
    from db.db_connection import DB
ModuleNotFoundError: No module named 'db'
[2026-06-15T08:54:46.738+0000] {processor.py:842} WARNING - No viable dags retrieved from /opt/airflow/dags/futsal_pipeline.py
[2026-06-15T08:54:46.756+0000] {processor.py:183} INFO - Processing /opt/airflow/dags/futsal_pipeline.py took 0.332 seconds
[2026-06-15T08:55:17.007+0000] {processor.py:161} INFO - Started process (PID=1918) to work on /opt/airflow/dags/futsal_pipeline.py
[2026-06-15T08:55:17.008+0000] {processor.py:830} INFO - Processing file /opt/airflow/dags/futsal_pipeline.py for tasks to queue
[2026-06-15T08:55:17.010+0000] {logging_mixin.py:188} INFO - [2026-06-15T08:55:17.009+0000] {dagbag.py:545} INFO - Filling up the DagBag from /opt/airflow/dags/futsal_pipeline.py
[2026-06-15T08:55:17.313+0000] {logging_mixin.py:188} INFO - [2026-06-15T08:55:17.304+0000] {dagbag.py:355} ERROR - Failed to import: /opt/airflow/dags/futsal_pipeline.py
Traceback (most recent call last):
  File "/home/airflow/.local/lib/python3.11/site-packages/airflow/models/dagbag.py", line 351, in parse
    loader.exec_module(new_module)
  File "<frozen importlib._bootstrap_external>", line 940, in exec_module
  File "<frozen importlib._bootstrap>", line 241, in _call_with_frames_removed
  File "/opt/airflow/dags/futsal_pipeline.py", line 16, in <module>
    from pipeline.data_pipeline import DataPipeline
  File "/opt/airflow/pipeline/data_pipeline.py", line 1, in <module>
    from components.data_ingestion import DataIngestion
  File "/opt/airflow/components/data_ingestion.py", line 2, in <module>
    from db.db_connection import DB
ModuleNotFoundError: No module named 'db'
[2026-06-15T08:55:17.314+0000] {processor.py:842} WARNING - No viable dags retrieved from /opt/airflow/dags/futsal_pipeline.py
[2026-06-15T08:55:17.341+0000] {processor.py:183} INFO - Processing /opt/airflow/dags/futsal_pipeline.py took 0.340 seconds
[2026-06-15T08:55:47.611+0000] {processor.py:161} INFO - Started process (PID=1930) to work on /opt/airflow/dags/futsal_pipeline.py
[2026-06-15T08:55:47.612+0000] {processor.py:830} INFO - Processing file /opt/airflow/dags/futsal_pipeline.py for tasks to queue
[2026-06-15T08:55:47.613+0000] {logging_mixin.py:188} INFO - [2026-06-15T08:55:47.612+0000] {dagbag.py:545} INFO - Filling up the DagBag from /opt/airflow/dags/futsal_pipeline.py
[2026-06-15T08:55:47.913+0000] {logging_mixin.py:188} INFO - [2026-06-15T08:55:47.904+0000] {dagbag.py:355} ERROR - Failed to import: /opt/airflow/dags/futsal_pipeline.py
Traceback (most recent call last):
  File "/home/airflow/.local/lib/python3.11/site-packages/airflow/models/dagbag.py", line 351, in parse
    loader.exec_module(new_module)
  File "<frozen importlib._bootstrap_external>", line 940, in exec_module
  File "<frozen importlib._bootstrap>", line 241, in _call_with_frames_removed
  File "/opt/airflow/dags/futsal_pipeline.py", line 16, in <module>
    from pipeline.data_pipeline import DataPipeline
  File "/opt/airflow/pipeline/data_pipeline.py", line 1, in <module>
    from components.data_ingestion import DataIngestion
  File "/opt/airflow/components/data_ingestion.py", line 2, in <module>
    from db.db_connection import DB
ModuleNotFoundError: No module named 'db'
[2026-06-15T08:55:47.915+0000] {processor.py:842} WARNING - No viable dags retrieved from /opt/airflow/dags/futsal_pipeline.py
[2026-06-15T08:55:47.942+0000] {processor.py:183} INFO - Processing /opt/airflow/dags/futsal_pipeline.py took 0.337 seconds
[2026-06-15T08:56:18.179+0000] {processor.py:161} INFO - Started process (PID=1942) to work on /opt/airflow/dags/futsal_pipeline.py
[2026-06-15T08:56:18.181+0000] {processor.py:830} INFO - Processing file /opt/airflow/dags/futsal_pipeline.py for tasks to queue
[2026-06-15T08:56:18.181+0000] {logging_mixin.py:188} INFO - [2026-06-15T08:56:18.181+0000] {dagbag.py:545} INFO - Filling up the DagBag from /opt/airflow/dags/futsal_pipeline.py
[2026-06-15T08:56:18.574+0000] {logging_mixin.py:188} INFO - [2026-06-15T08:56:18.564+0000] {dagbag.py:355} ERROR - Failed to import: /opt/airflow/dags/futsal_pipeline.py
Traceback (most recent call last):
  File "/home/airflow/.local/lib/python3.11/site-packages/airflow/models/dagbag.py", line 351, in parse
    loader.exec_module(new_module)
  File "<frozen importlib._bootstrap_external>", line 940, in exec_module
  File "<frozen importlib._bootstrap>", line 241, in _call_with_frames_removed
  File "/opt/airflow/dags/futsal_pipeline.py", line 16, in <module>
    from pipeline.data_pipeline import DataPipeline
  File "/opt/airflow/pipeline/data_pipeline.py", line 1, in <module>
    from components.data_ingestion import DataIngestion
  File "/opt/airflow/components/data_ingestion.py", line 2, in <module>
    from db.db_connection import DB
ModuleNotFoundError: No module named 'db'
[2026-06-15T08:56:18.576+0000] {processor.py:842} WARNING - No viable dags retrieved from /opt/airflow/dags/futsal_pipeline.py
[2026-06-15T08:56:18.607+0000] {processor.py:183} INFO - Processing /opt/airflow/dags/futsal_pipeline.py took 0.433 seconds
[2026-06-15T08:56:48.848+0000] {processor.py:161} INFO - Started process (PID=1954) to work on /opt/airflow/dags/futsal_pipeline.py
[2026-06-15T08:56:48.849+0000] {processor.py:830} INFO - Processing file /opt/airflow/dags/futsal_pipeline.py for tasks to queue
[2026-06-15T08:56:48.850+0000] {logging_mixin.py:188} INFO - [2026-06-15T08:56:48.850+0000] {dagbag.py:545} INFO - Filling up the DagBag from /opt/airflow/dags/futsal_pipeline.py
[2026-06-15T08:56:49.145+0000] {logging_mixin.py:188} INFO - [2026-06-15T08:56:49.134+0000] {dagbag.py:355} ERROR - Failed to import: /opt/airflow/dags/futsal_pipeline.py
Traceback (most recent call last):
  File "/home/airflow/.local/lib/python3.11/site-packages/airflow/models/dagbag.py", line 351, in parse
    loader.exec_module(new_module)
  File "<frozen importlib._bootstrap_external>", line 940, in exec_module
  File "<frozen importlib._bootstrap>", line 241, in _call_with_frames_removed
  File "/opt/airflow/dags/futsal_pipeline.py", line 16, in <module>
    from pipeline.data_pipeline import DataPipeline
  File "/opt/airflow/pipeline/data_pipeline.py", line 1, in <module>
    from components.data_ingestion import DataIngestion
  File "/opt/airflow/components/data_ingestion.py", line 2, in <module>
    from db.db_connection import DB
ModuleNotFoundError: No module named 'db'
[2026-06-15T08:56:49.146+0000] {processor.py:842} WARNING - No viable dags retrieved from /opt/airflow/dags/futsal_pipeline.py
[2026-06-15T08:56:49.173+0000] {processor.py:183} INFO - Processing /opt/airflow/dags/futsal_pipeline.py took 0.330 seconds
[2026-06-15T08:57:19.414+0000] {processor.py:161} INFO - Started process (PID=1966) to work on /opt/airflow/dags/futsal_pipeline.py
[2026-06-15T08:57:19.414+0000] {processor.py:830} INFO - Processing file /opt/airflow/dags/futsal_pipeline.py for tasks to queue
[2026-06-15T08:57:19.415+0000] {logging_mixin.py:188} INFO - [2026-06-15T08:57:19.415+0000] {dagbag.py:545} INFO - Filling up the DagBag from /opt/airflow/dags/futsal_pipeline.py
[2026-06-15T08:57:19.714+0000] {logging_mixin.py:188} INFO - [2026-06-15T08:57:19.704+0000] {dagbag.py:355} ERROR - Failed to import: /opt/airflow/dags/futsal_pipeline.py
Traceback (most recent call last):
  File "/home/airflow/.local/lib/python3.11/site-packages/airflow/models/dagbag.py", line 351, in parse
    loader.exec_module(new_module)
  File "<frozen importlib._bootstrap_external>", line 940, in exec_module
  File "<frozen importlib._bootstrap>", line 241, in _call_with_frames_removed
  File "/opt/airflow/dags/futsal_pipeline.py", line 16, in <module>
    from pipeline.data_pipeline import DataPipeline
  File "/opt/airflow/pipeline/data_pipeline.py", line 1, in <module>
    from components.data_ingestion import DataIngestion
  File "/opt/airflow/components/data_ingestion.py", line 2, in <module>
    from db.db_connection import DB
ModuleNotFoundError: No module named 'db'
[2026-06-15T08:57:19.715+0000] {processor.py:842} WARNING - No viable dags retrieved from /opt/airflow/dags/futsal_pipeline.py
[2026-06-15T08:57:19.742+0000] {processor.py:183} INFO - Processing /opt/airflow/dags/futsal_pipeline.py took 0.334 seconds
[2026-06-15T08:57:50.003+0000] {processor.py:161} INFO - Started process (PID=1978) to work on /opt/airflow/dags/futsal_pipeline.py
[2026-06-15T08:57:50.004+0000] {processor.py:830} INFO - Processing file /opt/airflow/dags/futsal_pipeline.py for tasks to queue
[2026-06-15T08:57:50.005+0000] {logging_mixin.py:188} INFO - [2026-06-15T08:57:50.005+0000] {dagbag.py:545} INFO - Filling up the DagBag from /opt/airflow/dags/futsal_pipeline.py
[2026-06-15T08:57:50.360+0000] {logging_mixin.py:188} INFO - [2026-06-15T08:57:50.348+0000] {dagbag.py:355} ERROR - Failed to import: /opt/airflow/dags/futsal_pipeline.py
Traceback (most recent call last):
  File "/home/airflow/.local/lib/python3.11/site-packages/airflow/models/dagbag.py", line 351, in parse
    loader.exec_module(new_module)
  File "<frozen importlib._bootstrap_external>", line 940, in exec_module
  File "<frozen importlib._bootstrap>", line 241, in _call_with_frames_removed
  File "/opt/airflow/dags/futsal_pipeline.py", line 16, in <module>
    from pipeline.data_pipeline import DataPipeline
  File "/opt/airflow/pipeline/data_pipeline.py", line 1, in <module>
    from components.data_ingestion import DataIngestion
  File "/opt/airflow/components/data_ingestion.py", line 2, in <module>
    from db.db_connection import DB
ModuleNotFoundError: No module named 'db'
[2026-06-15T08:57:50.362+0000] {processor.py:842} WARNING - No viable dags retrieved from /opt/airflow/dags/futsal_pipeline.py
[2026-06-15T08:57:50.379+0000] {processor.py:183} INFO - Processing /opt/airflow/dags/futsal_pipeline.py took 0.382 seconds
[2026-06-15T08:58:20.595+0000] {processor.py:161} INFO - Started process (PID=1990) to work on /opt/airflow/dags/futsal_pipeline.py
[2026-06-15T08:58:20.596+0000] {processor.py:830} INFO - Processing file /opt/airflow/dags/futsal_pipeline.py for tasks to queue
[2026-06-15T08:58:20.597+0000] {logging_mixin.py:188} INFO - [2026-06-15T08:58:20.597+0000] {dagbag.py:545} INFO - Filling up the DagBag from /opt/airflow/dags/futsal_pipeline.py
[2026-06-15T08:58:20.903+0000] {logging_mixin.py:188} INFO - [2026-06-15T08:58:20.894+0000] {dagbag.py:355} ERROR - Failed to import: /opt/airflow/dags/futsal_pipeline.py
Traceback (most recent call last):
  File "/home/airflow/.local/lib/python3.11/site-packages/airflow/models/dagbag.py", line 351, in parse
    loader.exec_module(new_module)
  File "<frozen importlib._bootstrap_external>", line 940, in exec_module
  File "<frozen importlib._bootstrap>", line 241, in _call_with_frames_removed
  File "/opt/airflow/dags/futsal_pipeline.py", line 16, in <module>
    from pipeline.data_pipeline import DataPipeline
  File "/opt/airflow/pipeline/data_pipeline.py", line 1, in <module>
    from components.data_ingestion import DataIngestion
  File "/opt/airflow/components/data_ingestion.py", line 2, in <module>
    from db.db_connection import DB
ModuleNotFoundError: No module named 'db'
[2026-06-15T08:58:20.904+0000] {processor.py:842} WARNING - No viable dags retrieved from /opt/airflow/dags/futsal_pipeline.py
[2026-06-15T08:58:20.931+0000] {processor.py:183} INFO - Processing /opt/airflow/dags/futsal_pipeline.py took 0.343 seconds
[2026-06-15T08:58:51.181+0000] {processor.py:161} INFO - Started process (PID=2002) to work on /opt/airflow/dags/futsal_pipeline.py
[2026-06-15T08:58:51.182+0000] {processor.py:830} INFO - Processing file /opt/airflow/dags/futsal_pipeline.py for tasks to queue
[2026-06-15T08:58:51.184+0000] {logging_mixin.py:188} INFO - [2026-06-15T08:58:51.183+0000] {dagbag.py:545} INFO - Filling up the DagBag from /opt/airflow/dags/futsal_pipeline.py
[2026-06-15T08:58:51.514+0000] {logging_mixin.py:188} INFO - [2026-06-15T08:58:51.503+0000] {dagbag.py:355} ERROR - Failed to import: /opt/airflow/dags/futsal_pipeline.py
Traceback (most recent call last):
  File "/home/airflow/.local/lib/python3.11/site-packages/airflow/models/dagbag.py", line 351, in parse
    loader.exec_module(new_module)
  File "<frozen importlib._bootstrap_external>", line 940, in exec_module
  File "<frozen importlib._bootstrap>", line 241, in _call_with_frames_removed
  File "/opt/airflow/dags/futsal_pipeline.py", line 16, in <module>
    from pipeline.data_pipeline import DataPipeline
  File "/opt/airflow/pipeline/data_pipeline.py", line 1, in <module>
    from components.data_ingestion import DataIngestion
  File "/opt/airflow/components/data_ingestion.py", line 2, in <module>
    from db.db_connection import DB
ModuleNotFoundError: No module named 'db'
[2026-06-15T08:58:51.515+0000] {processor.py:842} WARNING - No viable dags retrieved from /opt/airflow/dags/futsal_pipeline.py
[2026-06-15T08:58:51.532+0000] {processor.py:183} INFO - Processing /opt/airflow/dags/futsal_pipeline.py took 0.357 seconds
[2026-06-15T08:59:21.743+0000] {processor.py:161} INFO - Started process (PID=2014) to work on /opt/airflow/dags/futsal_pipeline.py
[2026-06-15T08:59:21.744+0000] {processor.py:830} INFO - Processing file /opt/airflow/dags/futsal_pipeline.py for tasks to queue
[2026-06-15T08:59:21.745+0000] {logging_mixin.py:188} INFO - [2026-06-15T08:59:21.745+0000] {dagbag.py:545} INFO - Filling up the DagBag from /opt/airflow/dags/futsal_pipeline.py
[2026-06-15T08:59:22.069+0000] {logging_mixin.py:188} INFO - [2026-06-15T08:59:22.058+0000] {dagbag.py:355} ERROR - Failed to import: /opt/airflow/dags/futsal_pipeline.py
Traceback (most recent call last):
  File "/home/airflow/.local/lib/python3.11/site-packages/airflow/models/dagbag.py", line 351, in parse
    loader.exec_module(new_module)
  File "<frozen importlib._bootstrap_external>", line 940, in exec_module
  File "<frozen importlib._bootstrap>", line 241, in _call_with_frames_removed
  File "/opt/airflow/dags/futsal_pipeline.py", line 16, in <module>
    from pipeline.data_pipeline import DataPipeline
  File "/opt/airflow/pipeline/data_pipeline.py", line 1, in <module>
    from components.data_ingestion import DataIngestion
  File "/opt/airflow/components/data_ingestion.py", line 2, in <module>
    from db.db_connection import DB
ModuleNotFoundError: No module named 'db'
[2026-06-15T08:59:22.071+0000] {processor.py:842} WARNING - No viable dags retrieved from /opt/airflow/dags/futsal_pipeline.py
[2026-06-15T08:59:22.102+0000] {processor.py:183} INFO - Processing /opt/airflow/dags/futsal_pipeline.py took 0.365 seconds
[2026-06-15T08:59:52.337+0000] {processor.py:161} INFO - Started process (PID=2026) to work on /opt/airflow/dags/futsal_pipeline.py
[2026-06-15T08:59:52.338+0000] {processor.py:830} INFO - Processing file /opt/airflow/dags/futsal_pipeline.py for tasks to queue
[2026-06-15T08:59:52.339+0000] {logging_mixin.py:188} INFO - [2026-06-15T08:59:52.339+0000] {dagbag.py:545} INFO - Filling up the DagBag from /opt/airflow/dags/futsal_pipeline.py
[2026-06-15T08:59:52.646+0000] {logging_mixin.py:188} INFO - [2026-06-15T08:59:52.633+0000] {dagbag.py:355} ERROR - Failed to import: /opt/airflow/dags/futsal_pipeline.py
Traceback (most recent call last):
  File "/home/airflow/.local/lib/python3.11/site-packages/airflow/models/dagbag.py", line 351, in parse
    loader.exec_module(new_module)
  File "<frozen importlib._bootstrap_external>", line 940, in exec_module
  File "<frozen importlib._bootstrap>", line 241, in _call_with_frames_removed
  File "/opt/airflow/dags/futsal_pipeline.py", line 16, in <module>
    from pipeline.data_pipeline import DataPipeline
  File "/opt/airflow/pipeline/data_pipeline.py", line 1, in <module>
    from components.data_ingestion import DataIngestion
  File "/opt/airflow/components/data_ingestion.py", line 2, in <module>
    from db.db_connection import DB
ModuleNotFoundError: No module named 'db'
[2026-06-15T08:59:52.647+0000] {processor.py:842} WARNING - No viable dags retrieved from /opt/airflow/dags/futsal_pipeline.py
[2026-06-15T08:59:52.675+0000] {processor.py:183} INFO - Processing /opt/airflow/dags/futsal_pipeline.py took 0.344 seconds
[2026-06-15T09:00:22.905+0000] {processor.py:161} INFO - Started process (PID=2038) to work on /opt/airflow/dags/futsal_pipeline.py
[2026-06-15T09:00:22.907+0000] {processor.py:830} INFO - Processing file /opt/airflow/dags/futsal_pipeline.py for tasks to queue
[2026-06-15T09:00:22.908+0000] {logging_mixin.py:188} INFO - [2026-06-15T09:00:22.908+0000] {dagbag.py:545} INFO - Filling up the DagBag from /opt/airflow/dags/futsal_pipeline.py
[2026-06-15T09:00:23.282+0000] {logging_mixin.py:188} INFO - [2026-06-15T09:00:23.270+0000] {dagbag.py:355} ERROR - Failed to import: /opt/airflow/dags/futsal_pipeline.py
Traceback (most recent call last):
  File "/home/airflow/.local/lib/python3.11/site-packages/airflow/models/dagbag.py", line 351, in parse
    loader.exec_module(new_module)
  File "<frozen importlib._bootstrap_external>", line 940, in exec_module
  File "<frozen importlib._bootstrap>", line 241, in _call_with_frames_removed
  File "/opt/airflow/dags/futsal_pipeline.py", line 16, in <module>
    from pipeline.data_pipeline import DataPipeline
  File "/opt/airflow/pipeline/data_pipeline.py", line 1, in <module>
    from components.data_ingestion import DataIngestion
  File "/opt/airflow/components/data_ingestion.py", line 2, in <module>
    from db.db_connection import DB
ModuleNotFoundError: No module named 'db'
[2026-06-15T09:00:23.286+0000] {processor.py:842} WARNING - No viable dags retrieved from /opt/airflow/dags/futsal_pipeline.py
[2026-06-15T09:00:23.316+0000] {processor.py:183} INFO - Processing /opt/airflow/dags/futsal_pipeline.py took 0.418 seconds
[2026-06-15T09:00:53.555+0000] {processor.py:161} INFO - Started process (PID=2050) to work on /opt/airflow/dags/futsal_pipeline.py
[2026-06-15T09:00:53.556+0000] {processor.py:830} INFO - Processing file /opt/airflow/dags/futsal_pipeline.py for tasks to queue
[2026-06-15T09:00:53.557+0000] {logging_mixin.py:188} INFO - [2026-06-15T09:00:53.556+0000] {dagbag.py:545} INFO - Filling up the DagBag from /opt/airflow/dags/futsal_pipeline.py
[2026-06-15T09:00:53.906+0000] {logging_mixin.py:188} INFO - [2026-06-15T09:00:53.896+0000] {dagbag.py:355} ERROR - Failed to import: /opt/airflow/dags/futsal_pipeline.py
Traceback (most recent call last):
  File "/home/airflow/.local/lib/python3.11/site-packages/airflow/models/dagbag.py", line 351, in parse
    loader.exec_module(new_module)
  File "<frozen importlib._bootstrap_external>", line 940, in exec_module
  File "<frozen importlib._bootstrap>", line 241, in _call_with_frames_removed
  File "/opt/airflow/dags/futsal_pipeline.py", line 16, in <module>
    from pipeline.data_pipeline import DataPipeline
  File "/opt/airflow/pipeline/data_pipeline.py", line 1, in <module>
    from components.data_ingestion import DataIngestion
  File "/opt/airflow/components/data_ingestion.py", line 2, in <module>
    from db.db_connection import DB
ModuleNotFoundError: No module named 'db'
[2026-06-15T09:00:53.908+0000] {processor.py:842} WARNING - No viable dags retrieved from /opt/airflow/dags/futsal_pipeline.py
[2026-06-15T09:00:53.936+0000] {processor.py:183} INFO - Processing /opt/airflow/dags/futsal_pipeline.py took 0.389 seconds
[2026-06-15T09:01:24.174+0000] {processor.py:161} INFO - Started process (PID=2062) to work on /opt/airflow/dags/futsal_pipeline.py
[2026-06-15T09:01:24.175+0000] {processor.py:830} INFO - Processing file /opt/airflow/dags/futsal_pipeline.py for tasks to queue
[2026-06-15T09:01:24.176+0000] {logging_mixin.py:188} INFO - [2026-06-15T09:01:24.176+0000] {dagbag.py:545} INFO - Filling up the DagBag from /opt/airflow/dags/futsal_pipeline.py
[2026-06-15T09:01:24.484+0000] {logging_mixin.py:188} INFO - [2026-06-15T09:01:24.473+0000] {dagbag.py:355} ERROR - Failed to import: /opt/airflow/dags/futsal_pipeline.py
Traceback (most recent call last):
  File "/home/airflow/.local/lib/python3.11/site-packages/airflow/models/dagbag.py", line 351, in parse
    loader.exec_module(new_module)
  File "<frozen importlib._bootstrap_external>", line 940, in exec_module
  File "<frozen importlib._bootstrap>", line 241, in _call_with_frames_removed
  File "/opt/airflow/dags/futsal_pipeline.py", line 16, in <module>
    from pipeline.data_pipeline import DataPipeline
  File "/opt/airflow/pipeline/data_pipeline.py", line 1, in <module>
    from components.data_ingestion import DataIngestion
  File "/opt/airflow/components/data_ingestion.py", line 2, in <module>
    from db.db_connection import DB
ModuleNotFoundError: No module named 'db'
[2026-06-15T09:01:24.486+0000] {processor.py:842} WARNING - No viable dags retrieved from /opt/airflow/dags/futsal_pipeline.py
[2026-06-15T09:01:24.514+0000] {processor.py:183} INFO - Processing /opt/airflow/dags/futsal_pipeline.py took 0.345 seconds
[2026-06-15T09:01:54.789+0000] {processor.py:161} INFO - Started process (PID=2074) to work on /opt/airflow/dags/futsal_pipeline.py
[2026-06-15T09:01:54.790+0000] {processor.py:830} INFO - Processing file /opt/airflow/dags/futsal_pipeline.py for tasks to queue
[2026-06-15T09:01:54.791+0000] {logging_mixin.py:188} INFO - [2026-06-15T09:01:54.790+0000] {dagbag.py:545} INFO - Filling up the DagBag from /opt/airflow/dags/futsal_pipeline.py
[2026-06-15T09:01:55.092+0000] {logging_mixin.py:188} INFO - [2026-06-15T09:01:55.082+0000] {dagbag.py:355} ERROR - Failed to import: /opt/airflow/dags/futsal_pipeline.py
Traceback (most recent call last):
  File "/home/airflow/.local/lib/python3.11/site-packages/airflow/models/dagbag.py", line 351, in parse
    loader.exec_module(new_module)
  File "<frozen importlib._bootstrap_external>", line 940, in exec_module
  File "<frozen importlib._bootstrap>", line 241, in _call_with_frames_removed
  File "/opt/airflow/dags/futsal_pipeline.py", line 16, in <module>
    from pipeline.data_pipeline import DataPipeline
  File "/opt/airflow/pipeline/data_pipeline.py", line 1, in <module>
    from components.data_ingestion import DataIngestion
  File "/opt/airflow/components/data_ingestion.py", line 2, in <module>
    from db.db_connection import DB
ModuleNotFoundError: No module named 'db'
[2026-06-15T09:01:55.094+0000] {processor.py:842} WARNING - No viable dags retrieved from /opt/airflow/dags/futsal_pipeline.py
[2026-06-15T09:01:55.121+0000] {processor.py:183} INFO - Processing /opt/airflow/dags/futsal_pipeline.py took 0.337 seconds
[2026-06-15T09:02:25.380+0000] {processor.py:161} INFO - Started process (PID=2086) to work on /opt/airflow/dags/futsal_pipeline.py
[2026-06-15T09:02:25.381+0000] {processor.py:830} INFO - Processing file /opt/airflow/dags/futsal_pipeline.py for tasks to queue
[2026-06-15T09:02:25.383+0000] {logging_mixin.py:188} INFO - [2026-06-15T09:02:25.382+0000] {dagbag.py:545} INFO - Filling up the DagBag from /opt/airflow/dags/futsal_pipeline.py
[2026-06-15T09:02:25.692+0000] {logging_mixin.py:188} INFO - [2026-06-15T09:02:25.683+0000] {dagbag.py:355} ERROR - Failed to import: /opt/airflow/dags/futsal_pipeline.py
Traceback (most recent call last):
  File "/home/airflow/.local/lib/python3.11/site-packages/airflow/models/dagbag.py", line 351, in parse
    loader.exec_module(new_module)
  File "<frozen importlib._bootstrap_external>", line 940, in exec_module
  File "<frozen importlib._bootstrap>", line 241, in _call_with_frames_removed
  File "/opt/airflow/dags/futsal_pipeline.py", line 16, in <module>
    from pipeline.data_pipeline import DataPipeline
  File "/opt/airflow/pipeline/data_pipeline.py", line 1, in <module>
    from components.data_ingestion import DataIngestion
  File "/opt/airflow/components/data_ingestion.py", line 2, in <module>
    from db.db_connection import DB
ModuleNotFoundError: No module named 'db'
[2026-06-15T09:02:25.694+0000] {processor.py:842} WARNING - No viable dags retrieved from /opt/airflow/dags/futsal_pipeline.py
[2026-06-15T09:02:25.721+0000] {processor.py:183} INFO - Processing /opt/airflow/dags/futsal_pipeline.py took 0.346 seconds
[2026-06-15T09:02:55.993+0000] {processor.py:161} INFO - Started process (PID=2098) to work on /opt/airflow/dags/futsal_pipeline.py
[2026-06-15T09:02:55.994+0000] {processor.py:830} INFO - Processing file /opt/airflow/dags/futsal_pipeline.py for tasks to queue
[2026-06-15T09:02:55.995+0000] {logging_mixin.py:188} INFO - [2026-06-15T09:02:55.995+0000] {dagbag.py:545} INFO - Filling up the DagBag from /opt/airflow/dags/futsal_pipeline.py
[2026-06-15T09:02:56.381+0000] {logging_mixin.py:188} INFO - [2026-06-15T09:02:56.371+0000] {dagbag.py:355} ERROR - Failed to import: /opt/airflow/dags/futsal_pipeline.py
Traceback (most recent call last):
  File "/home/airflow/.local/lib/python3.11/site-packages/airflow/models/dagbag.py", line 351, in parse
    loader.exec_module(new_module)
  File "<frozen importlib._bootstrap_external>", line 940, in exec_module
  File "<frozen importlib._bootstrap>", line 241, in _call_with_frames_removed
  File "/opt/airflow/dags/futsal_pipeline.py", line 16, in <module>
    from pipeline.data_pipeline import DataPipeline
  File "/opt/airflow/pipeline/data_pipeline.py", line 1, in <module>
    from components.data_ingestion import DataIngestion
  File "/opt/airflow/components/data_ingestion.py", line 2, in <module>
    from db.db_connection import DB
ModuleNotFoundError: No module named 'db'
[2026-06-15T09:02:56.383+0000] {processor.py:842} WARNING - No viable dags retrieved from /opt/airflow/dags/futsal_pipeline.py
[2026-06-15T09:02:56.411+0000] {processor.py:183} INFO - Processing /opt/airflow/dags/futsal_pipeline.py took 0.423 seconds
[2026-06-15T09:03:26.678+0000] {processor.py:161} INFO - Started process (PID=2110) to work on /opt/airflow/dags/futsal_pipeline.py
[2026-06-15T09:03:26.679+0000] {processor.py:830} INFO - Processing file /opt/airflow/dags/futsal_pipeline.py for tasks to queue
[2026-06-15T09:03:26.680+0000] {logging_mixin.py:188} INFO - [2026-06-15T09:03:26.680+0000] {dagbag.py:545} INFO - Filling up the DagBag from /opt/airflow/dags/futsal_pipeline.py
[2026-06-15T09:03:26.983+0000] {logging_mixin.py:188} INFO - [2026-06-15T09:03:26.971+0000] {dagbag.py:355} ERROR - Failed to import: /opt/airflow/dags/futsal_pipeline.py
Traceback (most recent call last):
  File "/home/airflow/.local/lib/python3.11/site-packages/airflow/models/dagbag.py", line 351, in parse
    loader.exec_module(new_module)
  File "<frozen importlib._bootstrap_external>", line 940, in exec_module
  File "<frozen importlib._bootstrap>", line 241, in _call_with_frames_removed
  File "/opt/airflow/dags/futsal_pipeline.py", line 16, in <module>
    from pipeline.data_pipeline import DataPipeline
  File "/opt/airflow/pipeline/data_pipeline.py", line 1, in <module>
    from components.data_ingestion import DataIngestion
  File "/opt/airflow/components/data_ingestion.py", line 2, in <module>
    from db.db_connection import DB
ModuleNotFoundError: No module named 'db'
[2026-06-15T09:03:26.985+0000] {processor.py:842} WARNING - No viable dags retrieved from /opt/airflow/dags/futsal_pipeline.py
[2026-06-15T09:03:27.012+0000] {processor.py:183} INFO - Processing /opt/airflow/dags/futsal_pipeline.py took 0.340 seconds
[2026-06-15T09:03:57.243+0000] {processor.py:161} INFO - Started process (PID=2122) to work on /opt/airflow/dags/futsal_pipeline.py
[2026-06-15T09:03:57.245+0000] {processor.py:830} INFO - Processing file /opt/airflow/dags/futsal_pipeline.py for tasks to queue
[2026-06-15T09:03:57.246+0000] {logging_mixin.py:188} INFO - [2026-06-15T09:03:57.245+0000] {dagbag.py:545} INFO - Filling up the DagBag from /opt/airflow/dags/futsal_pipeline.py
[2026-06-15T09:03:57.590+0000] {logging_mixin.py:188} INFO - [2026-06-15T09:03:57.579+0000] {dagbag.py:355} ERROR - Failed to import: /opt/airflow/dags/futsal_pipeline.py
Traceback (most recent call last):
  File "/home/airflow/.local/lib/python3.11/site-packages/airflow/models/dagbag.py", line 351, in parse
    loader.exec_module(new_module)
  File "<frozen importlib._bootstrap_external>", line 940, in exec_module
  File "<frozen importlib._bootstrap>", line 241, in _call_with_frames_removed
  File "/opt/airflow/dags/futsal_pipeline.py", line 16, in <module>
    from pipeline.data_pipeline import DataPipeline
  File "/opt/airflow/pipeline/data_pipeline.py", line 1, in <module>
    from components.data_ingestion import DataIngestion
  File "/opt/airflow/components/data_ingestion.py", line 2, in <module>
    from db.db_connection import DB
ModuleNotFoundError: No module named 'db'
[2026-06-15T09:03:57.591+0000] {processor.py:842} WARNING - No viable dags retrieved from /opt/airflow/dags/futsal_pipeline.py
[2026-06-15T09:03:57.620+0000] {processor.py:183} INFO - Processing /opt/airflow/dags/futsal_pipeline.py took 0.382 seconds
[2026-06-15T09:04:27.873+0000] {processor.py:161} INFO - Started process (PID=2134) to work on /opt/airflow/dags/futsal_pipeline.py
[2026-06-15T09:04:27.874+0000] {processor.py:830} INFO - Processing file /opt/airflow/dags/futsal_pipeline.py for tasks to queue
[2026-06-15T09:04:27.876+0000] {logging_mixin.py:188} INFO - [2026-06-15T09:04:27.875+0000] {dagbag.py:545} INFO - Filling up the DagBag from /opt/airflow/dags/futsal_pipeline.py
[2026-06-15T09:04:28.246+0000] {logging_mixin.py:188} INFO - [2026-06-15T09:04:28.233+0000] {dagbag.py:355} ERROR - Failed to import: /opt/airflow/dags/futsal_pipeline.py
Traceback (most recent call last):
  File "/home/airflow/.local/lib/python3.11/site-packages/airflow/models/dagbag.py", line 351, in parse
    loader.exec_module(new_module)
  File "<frozen importlib._bootstrap_external>", line 940, in exec_module
  File "<frozen importlib._bootstrap>", line 241, in _call_with_frames_removed
  File "/opt/airflow/dags/futsal_pipeline.py", line 16, in <module>
    from pipeline.data_pipeline import DataPipeline
  File "/opt/airflow/pipeline/data_pipeline.py", line 1, in <module>
    from components.data_ingestion import DataIngestion
  File "/opt/airflow/components/data_ingestion.py", line 2, in <module>
    from db.db_connection import DB
ModuleNotFoundError: No module named 'db'
[2026-06-15T09:04:28.249+0000] {processor.py:842} WARNING - No viable dags retrieved from /opt/airflow/dags/futsal_pipeline.py
[2026-06-15T09:04:28.282+0000] {processor.py:183} INFO - Processing /opt/airflow/dags/futsal_pipeline.py took 0.417 seconds
[2026-06-15T09:04:58.510+0000] {processor.py:161} INFO - Started process (PID=2152) to work on /opt/airflow/dags/futsal_pipeline.py
[2026-06-15T09:04:58.511+0000] {processor.py:830} INFO - Processing file /opt/airflow/dags/futsal_pipeline.py for tasks to queue
[2026-06-15T09:04:58.512+0000] {logging_mixin.py:188} INFO - [2026-06-15T09:04:58.512+0000] {dagbag.py:545} INFO - Filling up the DagBag from /opt/airflow/dags/futsal_pipeline.py
[2026-06-15T09:04:58.867+0000] {logging_mixin.py:188} INFO - [2026-06-15T09:04:58.859+0000] {dagbag.py:355} ERROR - Failed to import: /opt/airflow/dags/futsal_pipeline.py
Traceback (most recent call last):
  File "/home/airflow/.local/lib/python3.11/site-packages/airflow/models/dagbag.py", line 351, in parse
    loader.exec_module(new_module)
  File "<frozen importlib._bootstrap_external>", line 940, in exec_module
  File "<frozen importlib._bootstrap>", line 241, in _call_with_frames_removed
  File "/opt/airflow/dags/futsal_pipeline.py", line 16, in <module>
    from pipeline.data_pipeline import DataPipeline
  File "/opt/airflow/pipeline/data_pipeline.py", line 1, in <module>
    from components.data_ingestion import DataIngestion
  File "/opt/airflow/components/data_ingestion.py", line 2, in <module>
    from db.db_connection import DB
ModuleNotFoundError: No module named 'db'
[2026-06-15T09:04:58.869+0000] {processor.py:842} WARNING - No viable dags retrieved from /opt/airflow/dags/futsal_pipeline.py
[2026-06-15T09:04:58.895+0000] {processor.py:183} INFO - Processing /opt/airflow/dags/futsal_pipeline.py took 0.392 seconds
[2026-06-15T09:05:29.142+0000] {processor.py:161} INFO - Started process (PID=2164) to work on /opt/airflow/dags/futsal_pipeline.py
[2026-06-15T09:05:29.143+0000] {processor.py:830} INFO - Processing file /opt/airflow/dags/futsal_pipeline.py for tasks to queue
[2026-06-15T09:05:29.144+0000] {logging_mixin.py:188} INFO - [2026-06-15T09:05:29.144+0000] {dagbag.py:545} INFO - Filling up the DagBag from /opt/airflow/dags/futsal_pipeline.py
[2026-06-15T09:05:29.448+0000] {logging_mixin.py:188} INFO - [2026-06-15T09:05:29.438+0000] {dagbag.py:355} ERROR - Failed to import: /opt/airflow/dags/futsal_pipeline.py
Traceback (most recent call last):
  File "/home/airflow/.local/lib/python3.11/site-packages/airflow/models/dagbag.py", line 351, in parse
    loader.exec_module(new_module)
  File "<frozen importlib._bootstrap_external>", line 940, in exec_module
  File "<frozen importlib._bootstrap>", line 241, in _call_with_frames_removed
  File "/opt/airflow/dags/futsal_pipeline.py", line 16, in <module>
    from pipeline.data_pipeline import DataPipeline
  File "/opt/airflow/pipeline/data_pipeline.py", line 1, in <module>
    from components.data_ingestion import DataIngestion
  File "/opt/airflow/components/data_ingestion.py", line 2, in <module>
    from db.db_connection import DB
ModuleNotFoundError: No module named 'db'
[2026-06-15T09:05:29.449+0000] {processor.py:842} WARNING - No viable dags retrieved from /opt/airflow/dags/futsal_pipeline.py
[2026-06-15T09:05:29.478+0000] {processor.py:183} INFO - Processing /opt/airflow/dags/futsal_pipeline.py took 0.341 seconds
[2026-06-15T09:05:59.714+0000] {processor.py:161} INFO - Started process (PID=2176) to work on /opt/airflow/dags/futsal_pipeline.py
[2026-06-15T09:05:59.716+0000] {processor.py:830} INFO - Processing file /opt/airflow/dags/futsal_pipeline.py for tasks to queue
[2026-06-15T09:05:59.716+0000] {logging_mixin.py:188} INFO - [2026-06-15T09:05:59.716+0000] {dagbag.py:545} INFO - Filling up the DagBag from /opt/airflow/dags/futsal_pipeline.py
[2026-06-15T09:06:00.036+0000] {logging_mixin.py:188} INFO - [2026-06-15T09:06:00.026+0000] {dagbag.py:355} ERROR - Failed to import: /opt/airflow/dags/futsal_pipeline.py
Traceback (most recent call last):
  File "/home/airflow/.local/lib/python3.11/site-packages/airflow/models/dagbag.py", line 351, in parse
    loader.exec_module(new_module)
  File "<frozen importlib._bootstrap_external>", line 940, in exec_module
  File "<frozen importlib._bootstrap>", line 241, in _call_with_frames_removed
  File "/opt/airflow/dags/futsal_pipeline.py", line 16, in <module>
    from pipeline.data_pipeline import DataPipeline
  File "/opt/airflow/pipeline/data_pipeline.py", line 1, in <module>
    from components.data_ingestion import DataIngestion
  File "/opt/airflow/components/data_ingestion.py", line 2, in <module>
    from db.db_connection import DB
ModuleNotFoundError: No module named 'db'
[2026-06-15T09:06:00.040+0000] {processor.py:842} WARNING - No viable dags retrieved from /opt/airflow/dags/futsal_pipeline.py
[2026-06-15T09:06:00.069+0000] {processor.py:183} INFO - Processing /opt/airflow/dags/futsal_pipeline.py took 0.362 seconds
[2026-06-15T09:06:30.315+0000] {processor.py:161} INFO - Started process (PID=2188) to work on /opt/airflow/dags/futsal_pipeline.py
[2026-06-15T09:06:30.316+0000] {processor.py:830} INFO - Processing file /opt/airflow/dags/futsal_pipeline.py for tasks to queue
[2026-06-15T09:06:30.317+0000] {logging_mixin.py:188} INFO - [2026-06-15T09:06:30.317+0000] {dagbag.py:545} INFO - Filling up the DagBag from /opt/airflow/dags/futsal_pipeline.py
[2026-06-15T09:06:30.681+0000] {logging_mixin.py:188} INFO - [2026-06-15T09:06:30.668+0000] {dagbag.py:355} ERROR - Failed to import: /opt/airflow/dags/futsal_pipeline.py
Traceback (most recent call last):
  File "/home/airflow/.local/lib/python3.11/site-packages/airflow/models/dagbag.py", line 351, in parse
    loader.exec_module(new_module)
  File "<frozen importlib._bootstrap_external>", line 940, in exec_module
  File "<frozen importlib._bootstrap>", line 241, in _call_with_frames_removed
  File "/opt/airflow/dags/futsal_pipeline.py", line 16, in <module>
    from pipeline.data_pipeline import DataPipeline
  File "/opt/airflow/pipeline/data_pipeline.py", line 1, in <module>
    from components.data_ingestion import DataIngestion
  File "/opt/airflow/components/data_ingestion.py", line 2, in <module>
    from db.db_connection import DB
ModuleNotFoundError: No module named 'db'
[2026-06-15T09:06:30.685+0000] {processor.py:842} WARNING - No viable dags retrieved from /opt/airflow/dags/futsal_pipeline.py
[2026-06-15T09:06:30.716+0000] {processor.py:183} INFO - Processing /opt/airflow/dags/futsal_pipeline.py took 0.406 seconds
[2026-06-15T09:07:00.949+0000] {processor.py:161} INFO - Started process (PID=2200) to work on /opt/airflow/dags/futsal_pipeline.py
[2026-06-15T09:07:00.950+0000] {processor.py:830} INFO - Processing file /opt/airflow/dags/futsal_pipeline.py for tasks to queue
[2026-06-15T09:07:00.951+0000] {logging_mixin.py:188} INFO - [2026-06-15T09:07:00.951+0000] {dagbag.py:545} INFO - Filling up the DagBag from /opt/airflow/dags/futsal_pipeline.py
[2026-06-15T09:07:01.259+0000] {logging_mixin.py:188} INFO - [2026-06-15T09:07:01.248+0000] {dagbag.py:355} ERROR - Failed to import: /opt/airflow/dags/futsal_pipeline.py
Traceback (most recent call last):
  File "/home/airflow/.local/lib/python3.11/site-packages/airflow/models/dagbag.py", line 351, in parse
    loader.exec_module(new_module)
  File "<frozen importlib._bootstrap_external>", line 940, in exec_module
  File "<frozen importlib._bootstrap>", line 241, in _call_with_frames_removed
  File "/opt/airflow/dags/futsal_pipeline.py", line 16, in <module>
    from pipeline.data_pipeline import DataPipeline
  File "/opt/airflow/pipeline/data_pipeline.py", line 1, in <module>
    from components.data_ingestion import DataIngestion
  File "/opt/airflow/components/data_ingestion.py", line 2, in <module>
    from db.db_connection import DB
ModuleNotFoundError: No module named 'db'
[2026-06-15T09:07:01.261+0000] {processor.py:842} WARNING - No viable dags retrieved from /opt/airflow/dags/futsal_pipeline.py
[2026-06-15T09:07:01.289+0000] {processor.py:183} INFO - Processing /opt/airflow/dags/futsal_pipeline.py took 0.346 seconds
[2026-06-15T09:07:31.554+0000] {processor.py:161} INFO - Started process (PID=2212) to work on /opt/airflow/dags/futsal_pipeline.py
[2026-06-15T09:07:31.555+0000] {processor.py:830} INFO - Processing file /opt/airflow/dags/futsal_pipeline.py for tasks to queue
[2026-06-15T09:07:31.556+0000] {logging_mixin.py:188} INFO - [2026-06-15T09:07:31.556+0000] {dagbag.py:545} INFO - Filling up the DagBag from /opt/airflow/dags/futsal_pipeline.py
[2026-06-15T09:07:31.874+0000] {logging_mixin.py:188} INFO - [2026-06-15T09:07:31.863+0000] {dagbag.py:355} ERROR - Failed to import: /opt/airflow/dags/futsal_pipeline.py
Traceback (most recent call last):
  File "/home/airflow/.local/lib/python3.11/site-packages/airflow/models/dagbag.py", line 351, in parse
    loader.exec_module(new_module)
  File "<frozen importlib._bootstrap_external>", line 940, in exec_module
  File "<frozen importlib._bootstrap>", line 241, in _call_with_frames_removed
  File "/opt/airflow/dags/futsal_pipeline.py", line 16, in <module>
    from pipeline.data_pipeline import DataPipeline
  File "/opt/airflow/pipeline/data_pipeline.py", line 1, in <module>
    from components.data_ingestion import DataIngestion
  File "/opt/airflow/components/data_ingestion.py", line 2, in <module>
    from db.db_connection import DB
ModuleNotFoundError: No module named 'db'
[2026-06-15T09:07:31.876+0000] {processor.py:842} WARNING - No viable dags retrieved from /opt/airflow/dags/futsal_pipeline.py
[2026-06-15T09:07:31.893+0000] {processor.py:183} INFO - Processing /opt/airflow/dags/futsal_pipeline.py took 0.345 seconds
[2026-06-15T09:08:02.112+0000] {processor.py:161} INFO - Started process (PID=2225) to work on /opt/airflow/dags/futsal_pipeline.py
[2026-06-15T09:08:02.113+0000] {processor.py:830} INFO - Processing file /opt/airflow/dags/futsal_pipeline.py for tasks to queue
[2026-06-15T09:08:02.114+0000] {logging_mixin.py:188} INFO - [2026-06-15T09:08:02.114+0000] {dagbag.py:545} INFO - Filling up the DagBag from /opt/airflow/dags/futsal_pipeline.py
[2026-06-15T09:08:02.429+0000] {logging_mixin.py:188} INFO - [2026-06-15T09:08:02.419+0000] {dagbag.py:355} ERROR - Failed to import: /opt/airflow/dags/futsal_pipeline.py
Traceback (most recent call last):
  File "/home/airflow/.local/lib/python3.11/site-packages/airflow/models/dagbag.py", line 351, in parse
    loader.exec_module(new_module)
  File "<frozen importlib._bootstrap_external>", line 940, in exec_module
  File "<frozen importlib._bootstrap>", line 241, in _call_with_frames_removed
  File "/opt/airflow/dags/futsal_pipeline.py", line 16, in <module>
    from pipeline.data_pipeline import DataPipeline
  File "/opt/airflow/pipeline/data_pipeline.py", line 1, in <module>
    from components.data_ingestion import DataIngestion
  File "/opt/airflow/components/data_ingestion.py", line 2, in <module>
    from db.db_connection import DB
ModuleNotFoundError: No module named 'db'
[2026-06-15T09:08:02.431+0000] {processor.py:842} WARNING - No viable dags retrieved from /opt/airflow/dags/futsal_pipeline.py
[2026-06-15T09:08:02.458+0000] {processor.py:183} INFO - Processing /opt/airflow/dags/futsal_pipeline.py took 0.351 seconds
[2026-06-15T09:08:32.677+0000] {processor.py:161} INFO - Started process (PID=2238) to work on /opt/airflow/dags/futsal_pipeline.py
[2026-06-15T09:08:32.678+0000] {processor.py:830} INFO - Processing file /opt/airflow/dags/futsal_pipeline.py for tasks to queue
[2026-06-15T09:08:32.679+0000] {logging_mixin.py:188} INFO - [2026-06-15T09:08:32.678+0000] {dagbag.py:545} INFO - Filling up the DagBag from /opt/airflow/dags/futsal_pipeline.py
[2026-06-15T09:08:33.008+0000] {logging_mixin.py:188} INFO - [2026-06-15T09:08:32.994+0000] {dagbag.py:355} ERROR - Failed to import: /opt/airflow/dags/futsal_pipeline.py
Traceback (most recent call last):
  File "/home/airflow/.local/lib/python3.11/site-packages/airflow/models/dagbag.py", line 351, in parse
    loader.exec_module(new_module)
  File "<frozen importlib._bootstrap_external>", line 940, in exec_module
  File "<frozen importlib._bootstrap>", line 241, in _call_with_frames_removed
  File "/opt/airflow/dags/futsal_pipeline.py", line 16, in <module>
    from pipeline.data_pipeline import DataPipeline
  File "/opt/airflow/pipeline/data_pipeline.py", line 1, in <module>
    from components.data_ingestion import DataIngestion
  File "/opt/airflow/components/data_ingestion.py", line 2, in <module>
    from db.db_connection import DB
ModuleNotFoundError: No module named 'db'
[2026-06-15T09:08:33.010+0000] {processor.py:842} WARNING - No viable dags retrieved from /opt/airflow/dags/futsal_pipeline.py
[2026-06-15T09:08:33.028+0000] {processor.py:183} INFO - Processing /opt/airflow/dags/futsal_pipeline.py took 0.357 seconds
[2026-06-15T09:09:03.268+0000] {processor.py:161} INFO - Started process (PID=2250) to work on /opt/airflow/dags/futsal_pipeline.py
[2026-06-15T09:09:03.272+0000] {processor.py:830} INFO - Processing file /opt/airflow/dags/futsal_pipeline.py for tasks to queue
[2026-06-15T09:09:03.274+0000] {logging_mixin.py:188} INFO - [2026-06-15T09:09:03.274+0000] {dagbag.py:545} INFO - Filling up the DagBag from /opt/airflow/dags/futsal_pipeline.py
[2026-06-15T09:09:03.604+0000] {logging_mixin.py:188} INFO - [2026-06-15T09:09:03.593+0000] {dagbag.py:355} ERROR - Failed to import: /opt/airflow/dags/futsal_pipeline.py
Traceback (most recent call last):
  File "/home/airflow/.local/lib/python3.11/site-packages/airflow/models/dagbag.py", line 351, in parse
    loader.exec_module(new_module)
  File "<frozen importlib._bootstrap_external>", line 940, in exec_module
  File "<frozen importlib._bootstrap>", line 241, in _call_with_frames_removed
  File "/opt/airflow/dags/futsal_pipeline.py", line 16, in <module>
    from pipeline.data_pipeline import DataPipeline
  File "/opt/airflow/pipeline/data_pipeline.py", line 1, in <module>
    from components.data_ingestion import DataIngestion
  File "/opt/airflow/components/data_ingestion.py", line 2, in <module>
    from db.db_connection import DB
ModuleNotFoundError: No module named 'db'
[2026-06-15T09:09:03.606+0000] {processor.py:842} WARNING - No viable dags retrieved from /opt/airflow/dags/futsal_pipeline.py
[2026-06-15T09:09:03.635+0000] {processor.py:183} INFO - Processing /opt/airflow/dags/futsal_pipeline.py took 0.376 seconds
[2026-06-15T09:09:33.859+0000] {processor.py:161} INFO - Started process (PID=2262) to work on /opt/airflow/dags/futsal_pipeline.py
[2026-06-15T09:09:33.860+0000] {processor.py:830} INFO - Processing file /opt/airflow/dags/futsal_pipeline.py for tasks to queue
[2026-06-15T09:09:33.861+0000] {logging_mixin.py:188} INFO - [2026-06-15T09:09:33.861+0000] {dagbag.py:545} INFO - Filling up the DagBag from /opt/airflow/dags/futsal_pipeline.py
[2026-06-15T09:09:34.208+0000] {logging_mixin.py:188} INFO - [2026-06-15T09:09:34.196+0000] {dagbag.py:355} ERROR - Failed to import: /opt/airflow/dags/futsal_pipeline.py
Traceback (most recent call last):
  File "/home/airflow/.local/lib/python3.11/site-packages/airflow/models/dagbag.py", line 351, in parse
    loader.exec_module(new_module)
  File "<frozen importlib._bootstrap_external>", line 940, in exec_module
  File "<frozen importlib._bootstrap>", line 241, in _call_with_frames_removed
  File "/opt/airflow/dags/futsal_pipeline.py", line 16, in <module>
    from pipeline.data_pipeline import DataPipeline
  File "/opt/airflow/pipeline/data_pipeline.py", line 1, in <module>
    from components.data_ingestion import DataIngestion
  File "/opt/airflow/components/data_ingestion.py", line 2, in <module>
    from db.db_connection import DB
ModuleNotFoundError: No module named 'db'
[2026-06-15T09:09:34.210+0000] {processor.py:842} WARNING - No viable dags retrieved from /opt/airflow/dags/futsal_pipeline.py
[2026-06-15T09:09:34.241+0000] {processor.py:183} INFO - Processing /opt/airflow/dags/futsal_pipeline.py took 0.387 seconds
[2026-06-15T09:10:04.515+0000] {processor.py:161} INFO - Started process (PID=2274) to work on /opt/airflow/dags/futsal_pipeline.py
[2026-06-15T09:10:04.517+0000] {processor.py:830} INFO - Processing file /opt/airflow/dags/futsal_pipeline.py for tasks to queue
[2026-06-15T09:10:04.519+0000] {logging_mixin.py:188} INFO - [2026-06-15T09:10:04.518+0000] {dagbag.py:545} INFO - Filling up the DagBag from /opt/airflow/dags/futsal_pipeline.py
[2026-06-15T09:10:04.853+0000] {logging_mixin.py:188} INFO - [2026-06-15T09:10:04.840+0000] {dagbag.py:355} ERROR - Failed to import: /opt/airflow/dags/futsal_pipeline.py
Traceback (most recent call last):
  File "/home/airflow/.local/lib/python3.11/site-packages/airflow/models/dagbag.py", line 351, in parse
    loader.exec_module(new_module)
  File "<frozen importlib._bootstrap_external>", line 940, in exec_module
  File "<frozen importlib._bootstrap>", line 241, in _call_with_frames_removed
  File "/opt/airflow/dags/futsal_pipeline.py", line 16, in <module>
    from pipeline.data_pipeline import DataPipeline
  File "/opt/airflow/pipeline/data_pipeline.py", line 1, in <module>
    from components.data_ingestion import DataIngestion
  File "/opt/airflow/components/data_ingestion.py", line 2, in <module>
    from db.db_connection import DB
ModuleNotFoundError: No module named 'db'
[2026-06-15T09:10:04.854+0000] {processor.py:842} WARNING - No viable dags retrieved from /opt/airflow/dags/futsal_pipeline.py
[2026-06-15T09:10:04.882+0000] {processor.py:183} INFO - Processing /opt/airflow/dags/futsal_pipeline.py took 0.372 seconds
[2026-06-15T09:10:35.115+0000] {processor.py:161} INFO - Started process (PID=2286) to work on /opt/airflow/dags/futsal_pipeline.py
[2026-06-15T09:10:35.116+0000] {processor.py:830} INFO - Processing file /opt/airflow/dags/futsal_pipeline.py for tasks to queue
[2026-06-15T09:10:35.117+0000] {logging_mixin.py:188} INFO - [2026-06-15T09:10:35.117+0000] {dagbag.py:545} INFO - Filling up the DagBag from /opt/airflow/dags/futsal_pipeline.py
[2026-06-15T09:10:35.449+0000] {logging_mixin.py:188} INFO - [2026-06-15T09:10:35.437+0000] {dagbag.py:355} ERROR - Failed to import: /opt/airflow/dags/futsal_pipeline.py
Traceback (most recent call last):
  File "/home/airflow/.local/lib/python3.11/site-packages/airflow/models/dagbag.py", line 351, in parse
    loader.exec_module(new_module)
  File "<frozen importlib._bootstrap_external>", line 940, in exec_module
  File "<frozen importlib._bootstrap>", line 241, in _call_with_frames_removed
  File "/opt/airflow/dags/futsal_pipeline.py", line 16, in <module>
    from pipeline.data_pipeline import DataPipeline
  File "/opt/airflow/pipeline/data_pipeline.py", line 1, in <module>
    from components.data_ingestion import DataIngestion
  File "/opt/airflow/components/data_ingestion.py", line 2, in <module>
    from db.db_connection import DB
ModuleNotFoundError: No module named 'db'
[2026-06-15T09:10:35.452+0000] {processor.py:842} WARNING - No viable dags retrieved from /opt/airflow/dags/futsal_pipeline.py
[2026-06-15T09:10:35.480+0000] {processor.py:183} INFO - Processing /opt/airflow/dags/futsal_pipeline.py took 0.371 seconds
[2026-06-15T09:11:05.738+0000] {processor.py:161} INFO - Started process (PID=2298) to work on /opt/airflow/dags/futsal_pipeline.py
[2026-06-15T09:11:05.739+0000] {processor.py:830} INFO - Processing file /opt/airflow/dags/futsal_pipeline.py for tasks to queue
[2026-06-15T09:11:05.740+0000] {logging_mixin.py:188} INFO - [2026-06-15T09:11:05.740+0000] {dagbag.py:545} INFO - Filling up the DagBag from /opt/airflow/dags/futsal_pipeline.py
[2026-06-15T09:11:06.062+0000] {logging_mixin.py:188} INFO - [2026-06-15T09:11:06.052+0000] {dagbag.py:355} ERROR - Failed to import: /opt/airflow/dags/futsal_pipeline.py
Traceback (most recent call last):
  File "/home/airflow/.local/lib/python3.11/site-packages/airflow/models/dagbag.py", line 351, in parse
    loader.exec_module(new_module)
  File "<frozen importlib._bootstrap_external>", line 940, in exec_module
  File "<frozen importlib._bootstrap>", line 241, in _call_with_frames_removed
  File "/opt/airflow/dags/futsal_pipeline.py", line 16, in <module>
    from pipeline.data_pipeline import DataPipeline
  File "/opt/airflow/pipeline/data_pipeline.py", line 1, in <module>
    from components.data_ingestion import DataIngestion
  File "/opt/airflow/components/data_ingestion.py", line 2, in <module>
    from db.db_connection import DB
ModuleNotFoundError: No module named 'db'
[2026-06-15T09:11:06.064+0000] {processor.py:842} WARNING - No viable dags retrieved from /opt/airflow/dags/futsal_pipeline.py
[2026-06-15T09:11:06.090+0000] {processor.py:183} INFO - Processing /opt/airflow/dags/futsal_pipeline.py took 0.357 seconds
[2026-06-15T09:11:36.321+0000] {processor.py:161} INFO - Started process (PID=2310) to work on /opt/airflow/dags/futsal_pipeline.py
[2026-06-15T09:11:36.322+0000] {processor.py:830} INFO - Processing file /opt/airflow/dags/futsal_pipeline.py for tasks to queue
[2026-06-15T09:11:36.323+0000] {logging_mixin.py:188} INFO - [2026-06-15T09:11:36.323+0000] {dagbag.py:545} INFO - Filling up the DagBag from /opt/airflow/dags/futsal_pipeline.py
[2026-06-15T09:11:36.690+0000] {logging_mixin.py:188} INFO - [2026-06-15T09:11:36.682+0000] {dagbag.py:355} ERROR - Failed to import: /opt/airflow/dags/futsal_pipeline.py
Traceback (most recent call last):
  File "/home/airflow/.local/lib/python3.11/site-packages/airflow/models/dagbag.py", line 351, in parse
    loader.exec_module(new_module)
  File "<frozen importlib._bootstrap_external>", line 940, in exec_module
  File "<frozen importlib._bootstrap>", line 241, in _call_with_frames_removed
  File "/opt/airflow/dags/futsal_pipeline.py", line 16, in <module>
    from pipeline.data_pipeline import DataPipeline
  File "/opt/airflow/pipeline/data_pipeline.py", line 1, in <module>
    from components.data_ingestion import DataIngestion
  File "/opt/airflow/components/data_ingestion.py", line 2, in <module>
    from db.db_connection import DB
ModuleNotFoundError: No module named 'db'
[2026-06-15T09:11:36.691+0000] {processor.py:842} WARNING - No viable dags retrieved from /opt/airflow/dags/futsal_pipeline.py
[2026-06-15T09:11:36.709+0000] {processor.py:183} INFO - Processing /opt/airflow/dags/futsal_pipeline.py took 0.393 seconds
[2026-06-15T09:12:06.942+0000] {processor.py:161} INFO - Started process (PID=2322) to work on /opt/airflow/dags/futsal_pipeline.py
[2026-06-15T09:12:06.943+0000] {processor.py:830} INFO - Processing file /opt/airflow/dags/futsal_pipeline.py for tasks to queue
[2026-06-15T09:12:06.944+0000] {logging_mixin.py:188} INFO - [2026-06-15T09:12:06.943+0000] {dagbag.py:545} INFO - Filling up the DagBag from /opt/airflow/dags/futsal_pipeline.py
[2026-06-15T09:12:07.266+0000] {logging_mixin.py:188} INFO - [2026-06-15T09:12:07.255+0000] {dagbag.py:355} ERROR - Failed to import: /opt/airflow/dags/futsal_pipeline.py
Traceback (most recent call last):
  File "/home/airflow/.local/lib/python3.11/site-packages/airflow/models/dagbag.py", line 351, in parse
    loader.exec_module(new_module)
  File "<frozen importlib._bootstrap_external>", line 940, in exec_module
  File "<frozen importlib._bootstrap>", line 241, in _call_with_frames_removed
  File "/opt/airflow/dags/futsal_pipeline.py", line 16, in <module>
    from pipeline.data_pipeline import DataPipeline
  File "/opt/airflow/pipeline/data_pipeline.py", line 1, in <module>
    from components.data_ingestion import DataIngestion
  File "/opt/airflow/components/data_ingestion.py", line 2, in <module>
    from db.db_connection import DB
ModuleNotFoundError: No module named 'db'
[2026-06-15T09:12:07.267+0000] {processor.py:842} WARNING - No viable dags retrieved from /opt/airflow/dags/futsal_pipeline.py
[2026-06-15T09:12:07.296+0000] {processor.py:183} INFO - Processing /opt/airflow/dags/futsal_pipeline.py took 0.359 seconds
[2026-06-15T09:12:37.532+0000] {processor.py:161} INFO - Started process (PID=2334) to work on /opt/airflow/dags/futsal_pipeline.py
[2026-06-15T09:12:37.533+0000] {processor.py:830} INFO - Processing file /opt/airflow/dags/futsal_pipeline.py for tasks to queue
[2026-06-15T09:12:37.534+0000] {logging_mixin.py:188} INFO - [2026-06-15T09:12:37.534+0000] {dagbag.py:545} INFO - Filling up the DagBag from /opt/airflow/dags/futsal_pipeline.py
[2026-06-15T09:12:37.918+0000] {logging_mixin.py:188} INFO - [2026-06-15T09:12:37.905+0000] {dagbag.py:355} ERROR - Failed to import: /opt/airflow/dags/futsal_pipeline.py
Traceback (most recent call last):
  File "/home/airflow/.local/lib/python3.11/site-packages/airflow/models/dagbag.py", line 351, in parse
    loader.exec_module(new_module)
  File "<frozen importlib._bootstrap_external>", line 940, in exec_module
  File "<frozen importlib._bootstrap>", line 241, in _call_with_frames_removed
  File "/opt/airflow/dags/futsal_pipeline.py", line 16, in <module>
    from pipeline.data_pipeline import DataPipeline
  File "/opt/airflow/pipeline/data_pipeline.py", line 1, in <module>
    from components.data_ingestion import DataIngestion
  File "/opt/airflow/components/data_ingestion.py", line 2, in <module>
    from db.db_connection import DB
ModuleNotFoundError: No module named 'db'
[2026-06-15T09:12:37.919+0000] {processor.py:842} WARNING - No viable dags retrieved from /opt/airflow/dags/futsal_pipeline.py
[2026-06-15T09:12:37.949+0000] {processor.py:183} INFO - Processing /opt/airflow/dags/futsal_pipeline.py took 0.423 seconds
[2026-06-15T09:13:08.165+0000] {processor.py:161} INFO - Started process (PID=2346) to work on /opt/airflow/dags/futsal_pipeline.py
[2026-06-15T09:13:08.166+0000] {processor.py:830} INFO - Processing file /opt/airflow/dags/futsal_pipeline.py for tasks to queue
[2026-06-15T09:13:08.166+0000] {logging_mixin.py:188} INFO - [2026-06-15T09:13:08.166+0000] {dagbag.py:545} INFO - Filling up the DagBag from /opt/airflow/dags/futsal_pipeline.py
[2026-06-15T09:13:08.481+0000] {logging_mixin.py:188} INFO - [2026-06-15T09:13:08.469+0000] {dagbag.py:355} ERROR - Failed to import: /opt/airflow/dags/futsal_pipeline.py
Traceback (most recent call last):
  File "/home/airflow/.local/lib/python3.11/site-packages/airflow/models/dagbag.py", line 351, in parse
    loader.exec_module(new_module)
  File "<frozen importlib._bootstrap_external>", line 940, in exec_module
  File "<frozen importlib._bootstrap>", line 241, in _call_with_frames_removed
  File "/opt/airflow/dags/futsal_pipeline.py", line 16, in <module>
    from pipeline.data_pipeline import DataPipeline
  File "/opt/airflow/pipeline/data_pipeline.py", line 1, in <module>
    from components.data_ingestion import DataIngestion
  File "/opt/airflow/components/data_ingestion.py", line 2, in <module>
    from db.db_connection import DB
ModuleNotFoundError: No module named 'db'
[2026-06-15T09:13:08.483+0000] {processor.py:842} WARNING - No viable dags retrieved from /opt/airflow/dags/futsal_pipeline.py
[2026-06-15T09:13:08.510+0000] {processor.py:183} INFO - Processing /opt/airflow/dags/futsal_pipeline.py took 0.352 seconds
[2026-06-15T09:13:38.733+0000] {processor.py:161} INFO - Started process (PID=2358) to work on /opt/airflow/dags/futsal_pipeline.py
[2026-06-15T09:13:38.734+0000] {processor.py:830} INFO - Processing file /opt/airflow/dags/futsal_pipeline.py for tasks to queue
[2026-06-15T09:13:38.735+0000] {logging_mixin.py:188} INFO - [2026-06-15T09:13:38.735+0000] {dagbag.py:545} INFO - Filling up the DagBag from /opt/airflow/dags/futsal_pipeline.py
[2026-06-15T09:13:39.078+0000] {logging_mixin.py:188} INFO - [2026-06-15T09:13:39.068+0000] {dagbag.py:355} ERROR - Failed to import: /opt/airflow/dags/futsal_pipeline.py
Traceback (most recent call last):
  File "/home/airflow/.local/lib/python3.11/site-packages/airflow/models/dagbag.py", line 351, in parse
    loader.exec_module(new_module)
  File "<frozen importlib._bootstrap_external>", line 940, in exec_module
  File "<frozen importlib._bootstrap>", line 241, in _call_with_frames_removed
  File "/opt/airflow/dags/futsal_pipeline.py", line 16, in <module>
    from pipeline.data_pipeline import DataPipeline
  File "/opt/airflow/pipeline/data_pipeline.py", line 1, in <module>
    from components.data_ingestion import DataIngestion
  File "/opt/airflow/components/data_ingestion.py", line 2, in <module>
    from db.db_connection import DB
ModuleNotFoundError: No module named 'db'
[2026-06-15T09:13:39.082+0000] {processor.py:842} WARNING - No viable dags retrieved from /opt/airflow/dags/futsal_pipeline.py
[2026-06-15T09:13:39.100+0000] {processor.py:183} INFO - Processing /opt/airflow/dags/futsal_pipeline.py took 0.373 seconds
[2026-06-15T09:14:09.308+0000] {processor.py:161} INFO - Started process (PID=2370) to work on /opt/airflow/dags/futsal_pipeline.py
[2026-06-15T09:14:09.309+0000] {processor.py:830} INFO - Processing file /opt/airflow/dags/futsal_pipeline.py for tasks to queue
[2026-06-15T09:14:09.310+0000] {logging_mixin.py:188} INFO - [2026-06-15T09:14:09.309+0000] {dagbag.py:545} INFO - Filling up the DagBag from /opt/airflow/dags/futsal_pipeline.py
[2026-06-15T09:14:09.676+0000] {logging_mixin.py:188} INFO - [2026-06-15T09:14:09.667+0000] {dagbag.py:355} ERROR - Failed to import: /opt/airflow/dags/futsal_pipeline.py
Traceback (most recent call last):
  File "/home/airflow/.local/lib/python3.11/site-packages/airflow/models/dagbag.py", line 351, in parse
    loader.exec_module(new_module)
  File "<frozen importlib._bootstrap_external>", line 940, in exec_module
  File "<frozen importlib._bootstrap>", line 241, in _call_with_frames_removed
  File "/opt/airflow/dags/futsal_pipeline.py", line 16, in <module>
    from pipeline.data_pipeline import DataPipeline
  File "/opt/airflow/pipeline/data_pipeline.py", line 1, in <module>
    from components.data_ingestion import DataIngestion
  File "/opt/airflow/components/data_ingestion.py", line 2, in <module>
    from db.db_connection import DB
ModuleNotFoundError: No module named 'db'
[2026-06-15T09:14:09.679+0000] {processor.py:842} WARNING - No viable dags retrieved from /opt/airflow/dags/futsal_pipeline.py
[2026-06-15T09:14:09.708+0000] {processor.py:183} INFO - Processing /opt/airflow/dags/futsal_pipeline.py took 0.405 seconds
[2026-06-15T09:14:39.934+0000] {processor.py:161} INFO - Started process (PID=2382) to work on /opt/airflow/dags/futsal_pipeline.py
[2026-06-15T09:14:39.935+0000] {processor.py:830} INFO - Processing file /opt/airflow/dags/futsal_pipeline.py for tasks to queue
[2026-06-15T09:14:39.936+0000] {logging_mixin.py:188} INFO - [2026-06-15T09:14:39.936+0000] {dagbag.py:545} INFO - Filling up the DagBag from /opt/airflow/dags/futsal_pipeline.py
[2026-06-15T09:14:40.256+0000] {logging_mixin.py:188} INFO - [2026-06-15T09:14:40.244+0000] {dagbag.py:355} ERROR - Failed to import: /opt/airflow/dags/futsal_pipeline.py
Traceback (most recent call last):
  File "/home/airflow/.local/lib/python3.11/site-packages/airflow/models/dagbag.py", line 351, in parse
    loader.exec_module(new_module)
  File "<frozen importlib._bootstrap_external>", line 940, in exec_module
  File "<frozen importlib._bootstrap>", line 241, in _call_with_frames_removed
  File "/opt/airflow/dags/futsal_pipeline.py", line 16, in <module>
    from pipeline.data_pipeline import DataPipeline
  File "/opt/airflow/pipeline/data_pipeline.py", line 1, in <module>
    from components.data_ingestion import DataIngestion
  File "/opt/airflow/components/data_ingestion.py", line 2, in <module>
    from db.db_connection import DB
ModuleNotFoundError: No module named 'db'
[2026-06-15T09:14:40.257+0000] {processor.py:842} WARNING - No viable dags retrieved from /opt/airflow/dags/futsal_pipeline.py
[2026-06-15T09:14:40.287+0000] {processor.py:183} INFO - Processing /opt/airflow/dags/futsal_pipeline.py took 0.358 seconds
[2026-06-15T09:15:10.551+0000] {processor.py:161} INFO - Started process (PID=2394) to work on /opt/airflow/dags/futsal_pipeline.py
[2026-06-15T09:15:10.552+0000] {processor.py:830} INFO - Processing file /opt/airflow/dags/futsal_pipeline.py for tasks to queue
[2026-06-15T09:15:10.553+0000] {logging_mixin.py:188} INFO - [2026-06-15T09:15:10.553+0000] {dagbag.py:545} INFO - Filling up the DagBag from /opt/airflow/dags/futsal_pipeline.py
[2026-06-15T09:15:10.891+0000] {logging_mixin.py:188} INFO - [2026-06-15T09:15:10.880+0000] {dagbag.py:355} ERROR - Failed to import: /opt/airflow/dags/futsal_pipeline.py
Traceback (most recent call last):
  File "/home/airflow/.local/lib/python3.11/site-packages/airflow/models/dagbag.py", line 351, in parse
    loader.exec_module(new_module)
  File "<frozen importlib._bootstrap_external>", line 940, in exec_module
  File "<frozen importlib._bootstrap>", line 241, in _call_with_frames_removed
  File "/opt/airflow/dags/futsal_pipeline.py", line 16, in <module>
    from pipeline.data_pipeline import DataPipeline
  File "/opt/airflow/pipeline/data_pipeline.py", line 1, in <module>
    from components.data_ingestion import DataIngestion
  File "/opt/airflow/components/data_ingestion.py", line 2, in <module>
    from db.db_connection import DB
ModuleNotFoundError: No module named 'db'
[2026-06-15T09:15:10.893+0000] {processor.py:842} WARNING - No viable dags retrieved from /opt/airflow/dags/futsal_pipeline.py
[2026-06-15T09:15:10.922+0000] {processor.py:183} INFO - Processing /opt/airflow/dags/futsal_pipeline.py took 0.378 seconds
[2026-06-15T09:15:41.145+0000] {processor.py:161} INFO - Started process (PID=2406) to work on /opt/airflow/dags/futsal_pipeline.py
[2026-06-15T09:15:41.146+0000] {processor.py:830} INFO - Processing file /opt/airflow/dags/futsal_pipeline.py for tasks to queue
[2026-06-15T09:15:41.147+0000] {logging_mixin.py:188} INFO - [2026-06-15T09:15:41.147+0000] {dagbag.py:545} INFO - Filling up the DagBag from /opt/airflow/dags/futsal_pipeline.py
[2026-06-15T09:15:41.458+0000] {logging_mixin.py:188} INFO - [2026-06-15T09:15:41.449+0000] {dagbag.py:355} ERROR - Failed to import: /opt/airflow/dags/futsal_pipeline.py
Traceback (most recent call last):
  File "/home/airflow/.local/lib/python3.11/site-packages/airflow/models/dagbag.py", line 351, in parse
    loader.exec_module(new_module)
  File "<frozen importlib._bootstrap_external>", line 940, in exec_module
  File "<frozen importlib._bootstrap>", line 241, in _call_with_frames_removed
  File "/opt/airflow/dags/futsal_pipeline.py", line 16, in <module>
    from pipeline.data_pipeline import DataPipeline
  File "/opt/airflow/pipeline/data_pipeline.py", line 1, in <module>
    from components.data_ingestion import DataIngestion
  File "/opt/airflow/components/data_ingestion.py", line 2, in <module>
    from db.db_connection import DB
ModuleNotFoundError: No module named 'db'
[2026-06-15T09:15:41.460+0000] {processor.py:842} WARNING - No viable dags retrieved from /opt/airflow/dags/futsal_pipeline.py
[2026-06-15T09:15:41.478+0000] {processor.py:183} INFO - Processing /opt/airflow/dags/futsal_pipeline.py took 0.338 seconds
[2026-06-15T09:16:11.704+0000] {processor.py:161} INFO - Started process (PID=2418) to work on /opt/airflow/dags/futsal_pipeline.py
[2026-06-15T09:16:11.705+0000] {processor.py:830} INFO - Processing file /opt/airflow/dags/futsal_pipeline.py for tasks to queue
[2026-06-15T09:16:11.707+0000] {logging_mixin.py:188} INFO - [2026-06-15T09:16:11.706+0000] {dagbag.py:545} INFO - Filling up the DagBag from /opt/airflow/dags/futsal_pipeline.py
[2026-06-15T09:16:12.067+0000] {logging_mixin.py:188} INFO - [2026-06-15T09:16:12.055+0000] {dagbag.py:355} ERROR - Failed to import: /opt/airflow/dags/futsal_pipeline.py
Traceback (most recent call last):
  File "/home/airflow/.local/lib/python3.11/site-packages/airflow/models/dagbag.py", line 351, in parse
    loader.exec_module(new_module)
  File "<frozen importlib._bootstrap_external>", line 940, in exec_module
  File "<frozen importlib._bootstrap>", line 241, in _call_with_frames_removed
  File "/opt/airflow/dags/futsal_pipeline.py", line 16, in <module>
    from pipeline.data_pipeline import DataPipeline
  File "/opt/airflow/pipeline/data_pipeline.py", line 1, in <module>
    from components.data_ingestion import DataIngestion
  File "/opt/airflow/components/data_ingestion.py", line 2, in <module>
    from db.db_connection import DB
ModuleNotFoundError: No module named 'db'
[2026-06-15T09:16:12.069+0000] {processor.py:842} WARNING - No viable dags retrieved from /opt/airflow/dags/futsal_pipeline.py
[2026-06-15T09:16:12.098+0000] {processor.py:183} INFO - Processing /opt/airflow/dags/futsal_pipeline.py took 0.401 seconds
[2026-06-15T09:16:42.335+0000] {processor.py:161} INFO - Started process (PID=2430) to work on /opt/airflow/dags/futsal_pipeline.py
[2026-06-15T09:16:42.336+0000] {processor.py:830} INFO - Processing file /opt/airflow/dags/futsal_pipeline.py for tasks to queue
[2026-06-15T09:16:42.337+0000] {logging_mixin.py:188} INFO - [2026-06-15T09:16:42.337+0000] {dagbag.py:545} INFO - Filling up the DagBag from /opt/airflow/dags/futsal_pipeline.py
[2026-06-15T09:16:42.655+0000] {logging_mixin.py:188} INFO - [2026-06-15T09:16:42.645+0000] {dagbag.py:355} ERROR - Failed to import: /opt/airflow/dags/futsal_pipeline.py
Traceback (most recent call last):
  File "/home/airflow/.local/lib/python3.11/site-packages/airflow/models/dagbag.py", line 351, in parse
    loader.exec_module(new_module)
  File "<frozen importlib._bootstrap_external>", line 940, in exec_module
  File "<frozen importlib._bootstrap>", line 241, in _call_with_frames_removed
  File "/opt/airflow/dags/futsal_pipeline.py", line 16, in <module>
    from pipeline.data_pipeline import DataPipeline
  File "/opt/airflow/pipeline/data_pipeline.py", line 1, in <module>
    from components.data_ingestion import DataIngestion
  File "/opt/airflow/components/data_ingestion.py", line 2, in <module>
    from db.db_connection import DB
ModuleNotFoundError: No module named 'db'
[2026-06-15T09:16:42.658+0000] {processor.py:842} WARNING - No viable dags retrieved from /opt/airflow/dags/futsal_pipeline.py
[2026-06-15T09:16:42.686+0000] {processor.py:183} INFO - Processing /opt/airflow/dags/futsal_pipeline.py took 0.356 seconds
[2026-06-15T09:17:12.943+0000] {processor.py:161} INFO - Started process (PID=2442) to work on /opt/airflow/dags/futsal_pipeline.py
[2026-06-15T09:17:12.944+0000] {processor.py:830} INFO - Processing file /opt/airflow/dags/futsal_pipeline.py for tasks to queue
[2026-06-15T09:17:12.945+0000] {logging_mixin.py:188} INFO - [2026-06-15T09:17:12.944+0000] {dagbag.py:545} INFO - Filling up the DagBag from /opt/airflow/dags/futsal_pipeline.py
[2026-06-15T09:17:13.258+0000] {logging_mixin.py:188} INFO - [2026-06-15T09:17:13.248+0000] {dagbag.py:355} ERROR - Failed to import: /opt/airflow/dags/futsal_pipeline.py
Traceback (most recent call last):
  File "/home/airflow/.local/lib/python3.11/site-packages/airflow/models/dagbag.py", line 351, in parse
    loader.exec_module(new_module)
  File "<frozen importlib._bootstrap_external>", line 940, in exec_module
  File "<frozen importlib._bootstrap>", line 241, in _call_with_frames_removed
  File "/opt/airflow/dags/futsal_pipeline.py", line 16, in <module>
    from pipeline.data_pipeline import DataPipeline
  File "/opt/airflow/pipeline/data_pipeline.py", line 1, in <module>
    from components.data_ingestion import DataIngestion
  File "/opt/airflow/components/data_ingestion.py", line 2, in <module>
    from db.db_connection import DB
ModuleNotFoundError: No module named 'db'
[2026-06-15T09:17:13.259+0000] {processor.py:842} WARNING - No viable dags retrieved from /opt/airflow/dags/futsal_pipeline.py
[2026-06-15T09:17:13.277+0000] {processor.py:183} INFO - Processing /opt/airflow/dags/futsal_pipeline.py took 0.340 seconds
[2026-06-15T09:17:43.589+0000] {processor.py:161} INFO - Started process (PID=2454) to work on /opt/airflow/dags/futsal_pipeline.py
[2026-06-15T09:17:43.590+0000] {processor.py:830} INFO - Processing file /opt/airflow/dags/futsal_pipeline.py for tasks to queue
[2026-06-15T09:17:43.592+0000] {logging_mixin.py:188} INFO - [2026-06-15T09:17:43.591+0000] {dagbag.py:545} INFO - Filling up the DagBag from /opt/airflow/dags/futsal_pipeline.py
[2026-06-15T09:17:43.926+0000] {logging_mixin.py:188} INFO - [2026-06-15T09:17:43.915+0000] {dagbag.py:355} ERROR - Failed to import: /opt/airflow/dags/futsal_pipeline.py
Traceback (most recent call last):
  File "/home/airflow/.local/lib/python3.11/site-packages/airflow/models/dagbag.py", line 351, in parse
    loader.exec_module(new_module)
  File "<frozen importlib._bootstrap_external>", line 940, in exec_module
  File "<frozen importlib._bootstrap>", line 241, in _call_with_frames_removed
  File "/opt/airflow/dags/futsal_pipeline.py", line 16, in <module>
    from pipeline.data_pipeline import DataPipeline
  File "/opt/airflow/pipeline/data_pipeline.py", line 1, in <module>
    from components.data_ingestion import DataIngestion
  File "/opt/airflow/components/data_ingestion.py", line 2, in <module>
    from db.db_connection import DB
ModuleNotFoundError: No module named 'db'
[2026-06-15T09:17:43.927+0000] {processor.py:842} WARNING - No viable dags retrieved from /opt/airflow/dags/futsal_pipeline.py
[2026-06-15T09:17:43.944+0000] {processor.py:183} INFO - Processing /opt/airflow/dags/futsal_pipeline.py took 0.361 seconds
[2026-06-15T09:18:14.238+0000] {processor.py:161} INFO - Started process (PID=2466) to work on /opt/airflow/dags/futsal_pipeline.py
[2026-06-15T09:18:14.239+0000] {processor.py:830} INFO - Processing file /opt/airflow/dags/futsal_pipeline.py for tasks to queue
[2026-06-15T09:18:14.240+0000] {logging_mixin.py:188} INFO - [2026-06-15T09:18:14.240+0000] {dagbag.py:545} INFO - Filling up the DagBag from /opt/airflow/dags/futsal_pipeline.py
[2026-06-15T09:18:14.546+0000] {logging_mixin.py:188} INFO - [2026-06-15T09:18:14.537+0000] {dagbag.py:355} ERROR - Failed to import: /opt/airflow/dags/futsal_pipeline.py
Traceback (most recent call last):
  File "/home/airflow/.local/lib/python3.11/site-packages/airflow/models/dagbag.py", line 351, in parse
    loader.exec_module(new_module)
  File "<frozen importlib._bootstrap_external>", line 940, in exec_module
  File "<frozen importlib._bootstrap>", line 241, in _call_with_frames_removed
  File "/opt/airflow/dags/futsal_pipeline.py", line 16, in <module>
    from pipeline.data_pipeline import DataPipeline
  File "/opt/airflow/pipeline/data_pipeline.py", line 1, in <module>
    from components.data_ingestion import DataIngestion
  File "/opt/airflow/components/data_ingestion.py", line 2, in <module>
    from db.db_connection import DB
ModuleNotFoundError: No module named 'db'
[2026-06-15T09:18:14.547+0000] {processor.py:842} WARNING - No viable dags retrieved from /opt/airflow/dags/futsal_pipeline.py
[2026-06-15T09:18:14.575+0000] {processor.py:183} INFO - Processing /opt/airflow/dags/futsal_pipeline.py took 0.343 seconds
[2026-06-15T09:18:44.845+0000] {processor.py:161} INFO - Started process (PID=2477) to work on /opt/airflow/dags/futsal_pipeline.py
[2026-06-15T09:18:44.846+0000] {processor.py:830} INFO - Processing file /opt/airflow/dags/futsal_pipeline.py for tasks to queue
[2026-06-15T09:18:44.847+0000] {logging_mixin.py:188} INFO - [2026-06-15T09:18:44.846+0000] {dagbag.py:545} INFO - Filling up the DagBag from /opt/airflow/dags/futsal_pipeline.py
[2026-06-15T09:18:45.174+0000] {logging_mixin.py:188} INFO - [2026-06-15T09:18:45.163+0000] {dagbag.py:355} ERROR - Failed to import: /opt/airflow/dags/futsal_pipeline.py
Traceback (most recent call last):
  File "/home/airflow/.local/lib/python3.11/site-packages/airflow/models/dagbag.py", line 351, in parse
    loader.exec_module(new_module)
  File "<frozen importlib._bootstrap_external>", line 940, in exec_module
  File "<frozen importlib._bootstrap>", line 241, in _call_with_frames_removed
  File "/opt/airflow/dags/futsal_pipeline.py", line 16, in <module>
    from pipeline.data_pipeline import DataPipeline
  File "/opt/airflow/pipeline/data_pipeline.py", line 1, in <module>
    from components.data_ingestion import DataIngestion
  File "/opt/airflow/components/data_ingestion.py", line 2, in <module>
    from db.db_connection import DB
ModuleNotFoundError: No module named 'db'
[2026-06-15T09:18:45.176+0000] {processor.py:842} WARNING - No viable dags retrieved from /opt/airflow/dags/futsal_pipeline.py
[2026-06-15T09:18:45.204+0000] {processor.py:183} INFO - Processing /opt/airflow/dags/futsal_pipeline.py took 0.365 seconds
[2026-06-15T09:19:15.497+0000] {processor.py:161} INFO - Started process (PID=2489) to work on /opt/airflow/dags/futsal_pipeline.py
[2026-06-15T09:19:15.499+0000] {processor.py:830} INFO - Processing file /opt/airflow/dags/futsal_pipeline.py for tasks to queue
[2026-06-15T09:19:15.499+0000] {logging_mixin.py:188} INFO - [2026-06-15T09:19:15.499+0000] {dagbag.py:545} INFO - Filling up the DagBag from /opt/airflow/dags/futsal_pipeline.py
[2026-06-15T09:19:15.802+0000] {logging_mixin.py:188} INFO - [2026-06-15T09:19:15.793+0000] {dagbag.py:355} ERROR - Failed to import: /opt/airflow/dags/futsal_pipeline.py
Traceback (most recent call last):
  File "/home/airflow/.local/lib/python3.11/site-packages/airflow/models/dagbag.py", line 351, in parse
    loader.exec_module(new_module)
  File "<frozen importlib._bootstrap_external>", line 940, in exec_module
  File "<frozen importlib._bootstrap>", line 241, in _call_with_frames_removed
  File "/opt/airflow/dags/futsal_pipeline.py", line 16, in <module>
    from pipeline.data_pipeline import DataPipeline
  File "/opt/airflow/pipeline/data_pipeline.py", line 1, in <module>
    from components.data_ingestion import DataIngestion
  File "/opt/airflow/components/data_ingestion.py", line 2, in <module>
    from db.db_connection import DB
ModuleNotFoundError: No module named 'db'
[2026-06-15T09:19:15.805+0000] {processor.py:842} WARNING - No viable dags retrieved from /opt/airflow/dags/futsal_pipeline.py
[2026-06-15T09:19:15.832+0000] {processor.py:183} INFO - Processing /opt/airflow/dags/futsal_pipeline.py took 0.340 seconds
[2026-06-15T09:19:46.084+0000] {processor.py:161} INFO - Started process (PID=2501) to work on /opt/airflow/dags/futsal_pipeline.py
[2026-06-15T09:19:46.084+0000] {processor.py:830} INFO - Processing file /opt/airflow/dags/futsal_pipeline.py for tasks to queue
[2026-06-15T09:19:46.085+0000] {logging_mixin.py:188} INFO - [2026-06-15T09:19:46.085+0000] {dagbag.py:545} INFO - Filling up the DagBag from /opt/airflow/dags/futsal_pipeline.py
[2026-06-15T09:19:46.395+0000] {logging_mixin.py:188} INFO - [2026-06-15T09:19:46.384+0000] {dagbag.py:355} ERROR - Failed to import: /opt/airflow/dags/futsal_pipeline.py
Traceback (most recent call last):
  File "/home/airflow/.local/lib/python3.11/site-packages/airflow/models/dagbag.py", line 351, in parse
    loader.exec_module(new_module)
  File "<frozen importlib._bootstrap_external>", line 940, in exec_module
  File "<frozen importlib._bootstrap>", line 241, in _call_with_frames_removed
  File "/opt/airflow/dags/futsal_pipeline.py", line 16, in <module>
    from pipeline.data_pipeline import DataPipeline
  File "/opt/airflow/pipeline/data_pipeline.py", line 1, in <module>
    from components.data_ingestion import DataIngestion
  File "/opt/airflow/components/data_ingestion.py", line 2, in <module>
    from db.db_connection import DB
ModuleNotFoundError: No module named 'db'
[2026-06-15T09:19:46.397+0000] {processor.py:842} WARNING - No viable dags retrieved from /opt/airflow/dags/futsal_pipeline.py
[2026-06-15T09:19:46.424+0000] {processor.py:183} INFO - Processing /opt/airflow/dags/futsal_pipeline.py took 0.346 seconds
[2026-06-15T09:20:16.750+0000] {processor.py:161} INFO - Started process (PID=2513) to work on /opt/airflow/dags/futsal_pipeline.py
[2026-06-15T09:20:16.751+0000] {processor.py:830} INFO - Processing file /opt/airflow/dags/futsal_pipeline.py for tasks to queue
[2026-06-15T09:20:16.752+0000] {logging_mixin.py:188} INFO - [2026-06-15T09:20:16.751+0000] {dagbag.py:545} INFO - Filling up the DagBag from /opt/airflow/dags/futsal_pipeline.py
[2026-06-15T09:20:17.136+0000] {logging_mixin.py:188} INFO - [2026-06-15T09:20:17.125+0000] {dagbag.py:355} ERROR - Failed to import: /opt/airflow/dags/futsal_pipeline.py
Traceback (most recent call last):
  File "/home/airflow/.local/lib/python3.11/site-packages/airflow/models/dagbag.py", line 351, in parse
    loader.exec_module(new_module)
  File "<frozen importlib._bootstrap_external>", line 940, in exec_module
  File "<frozen importlib._bootstrap>", line 241, in _call_with_frames_removed
  File "/opt/airflow/dags/futsal_pipeline.py", line 16, in <module>
    from pipeline.data_pipeline import DataPipeline
  File "/opt/airflow/pipeline/data_pipeline.py", line 1, in <module>
    from components.data_ingestion import DataIngestion
  File "/opt/airflow/components/data_ingestion.py", line 2, in <module>
    from db.db_connection import DB
ModuleNotFoundError: No module named 'db'
[2026-06-15T09:20:17.138+0000] {processor.py:842} WARNING - No viable dags retrieved from /opt/airflow/dags/futsal_pipeline.py
[2026-06-15T09:20:17.166+0000] {processor.py:183} INFO - Processing /opt/airflow/dags/futsal_pipeline.py took 0.422 seconds
[2026-06-15T09:20:47.458+0000] {processor.py:161} INFO - Started process (PID=2525) to work on /opt/airflow/dags/futsal_pipeline.py
[2026-06-15T09:20:47.459+0000] {processor.py:830} INFO - Processing file /opt/airflow/dags/futsal_pipeline.py for tasks to queue
[2026-06-15T09:20:47.460+0000] {logging_mixin.py:188} INFO - [2026-06-15T09:20:47.460+0000] {dagbag.py:545} INFO - Filling up the DagBag from /opt/airflow/dags/futsal_pipeline.py
[2026-06-15T09:20:47.777+0000] {logging_mixin.py:188} INFO - [2026-06-15T09:20:47.765+0000] {dagbag.py:355} ERROR - Failed to import: /opt/airflow/dags/futsal_pipeline.py
Traceback (most recent call last):
  File "/home/airflow/.local/lib/python3.11/site-packages/airflow/models/dagbag.py", line 351, in parse
    loader.exec_module(new_module)
  File "<frozen importlib._bootstrap_external>", line 940, in exec_module
  File "<frozen importlib._bootstrap>", line 241, in _call_with_frames_removed
  File "/opt/airflow/dags/futsal_pipeline.py", line 16, in <module>
    from pipeline.data_pipeline import DataPipeline
  File "/opt/airflow/pipeline/data_pipeline.py", line 1, in <module>
    from components.data_ingestion import DataIngestion
  File "/opt/airflow/components/data_ingestion.py", line 2, in <module>
    from db.db_connection import DB
ModuleNotFoundError: No module named 'db'
[2026-06-15T09:20:47.778+0000] {processor.py:842} WARNING - No viable dags retrieved from /opt/airflow/dags/futsal_pipeline.py
[2026-06-15T09:20:47.806+0000] {processor.py:183} INFO - Processing /opt/airflow/dags/futsal_pipeline.py took 0.353 seconds
[2026-06-15T09:21:18.058+0000] {processor.py:161} INFO - Started process (PID=2537) to work on /opt/airflow/dags/futsal_pipeline.py
[2026-06-15T09:21:18.060+0000] {processor.py:830} INFO - Processing file /opt/airflow/dags/futsal_pipeline.py for tasks to queue
[2026-06-15T09:21:18.061+0000] {logging_mixin.py:188} INFO - [2026-06-15T09:21:18.061+0000] {dagbag.py:545} INFO - Filling up the DagBag from /opt/airflow/dags/futsal_pipeline.py
[2026-06-15T09:21:18.369+0000] {logging_mixin.py:188} INFO - [2026-06-15T09:21:18.359+0000] {dagbag.py:355} ERROR - Failed to import: /opt/airflow/dags/futsal_pipeline.py
Traceback (most recent call last):
  File "/home/airflow/.local/lib/python3.11/site-packages/airflow/models/dagbag.py", line 351, in parse
    loader.exec_module(new_module)
  File "<frozen importlib._bootstrap_external>", line 940, in exec_module
  File "<frozen importlib._bootstrap>", line 241, in _call_with_frames_removed
  File "/opt/airflow/dags/futsal_pipeline.py", line 16, in <module>
    from pipeline.data_pipeline import DataPipeline
  File "/opt/airflow/pipeline/data_pipeline.py", line 1, in <module>
    from components.data_ingestion import DataIngestion
  File "/opt/airflow/components/data_ingestion.py", line 2, in <module>
    from db.db_connection import DB
ModuleNotFoundError: No module named 'db'
[2026-06-15T09:21:18.370+0000] {processor.py:842} WARNING - No viable dags retrieved from /opt/airflow/dags/futsal_pipeline.py
[2026-06-15T09:21:18.398+0000] {processor.py:183} INFO - Processing /opt/airflow/dags/futsal_pipeline.py took 0.346 seconds
[2026-06-15T09:21:48.659+0000] {processor.py:161} INFO - Started process (PID=2549) to work on /opt/airflow/dags/futsal_pipeline.py
[2026-06-15T09:21:48.660+0000] {processor.py:830} INFO - Processing file /opt/airflow/dags/futsal_pipeline.py for tasks to queue
[2026-06-15T09:21:48.660+0000] {logging_mixin.py:188} INFO - [2026-06-15T09:21:48.660+0000] {dagbag.py:545} INFO - Filling up the DagBag from /opt/airflow/dags/futsal_pipeline.py
[2026-06-15T09:21:48.983+0000] {logging_mixin.py:188} INFO - [2026-06-15T09:21:48.973+0000] {dagbag.py:355} ERROR - Failed to import: /opt/airflow/dags/futsal_pipeline.py
Traceback (most recent call last):
  File "/home/airflow/.local/lib/python3.11/site-packages/airflow/models/dagbag.py", line 351, in parse
    loader.exec_module(new_module)
  File "<frozen importlib._bootstrap_external>", line 940, in exec_module
  File "<frozen importlib._bootstrap>", line 241, in _call_with_frames_removed
  File "/opt/airflow/dags/futsal_pipeline.py", line 16, in <module>
    from pipeline.data_pipeline import DataPipeline
  File "/opt/airflow/pipeline/data_pipeline.py", line 1, in <module>
    from components.data_ingestion import DataIngestion
  File "/opt/airflow/components/data_ingestion.py", line 2, in <module>
    from db.db_connection import DB
ModuleNotFoundError: No module named 'db'
[2026-06-15T09:21:48.985+0000] {processor.py:842} WARNING - No viable dags retrieved from /opt/airflow/dags/futsal_pipeline.py
[2026-06-15T09:21:49.012+0000] {processor.py:183} INFO - Processing /opt/airflow/dags/futsal_pipeline.py took 0.359 seconds
[2026-06-15T09:22:19.276+0000] {processor.py:161} INFO - Started process (PID=2561) to work on /opt/airflow/dags/futsal_pipeline.py
[2026-06-15T09:22:19.277+0000] {processor.py:830} INFO - Processing file /opt/airflow/dags/futsal_pipeline.py for tasks to queue
[2026-06-15T09:22:19.278+0000] {logging_mixin.py:188} INFO - [2026-06-15T09:22:19.278+0000] {dagbag.py:545} INFO - Filling up the DagBag from /opt/airflow/dags/futsal_pipeline.py
[2026-06-15T09:22:19.616+0000] {logging_mixin.py:188} INFO - [2026-06-15T09:22:19.606+0000] {dagbag.py:355} ERROR - Failed to import: /opt/airflow/dags/futsal_pipeline.py
Traceback (most recent call last):
  File "/home/airflow/.local/lib/python3.11/site-packages/airflow/models/dagbag.py", line 351, in parse
    loader.exec_module(new_module)
  File "<frozen importlib._bootstrap_external>", line 940, in exec_module
  File "<frozen importlib._bootstrap>", line 241, in _call_with_frames_removed
  File "/opt/airflow/dags/futsal_pipeline.py", line 16, in <module>
    from pipeline.data_pipeline import DataPipeline
  File "/opt/airflow/pipeline/data_pipeline.py", line 1, in <module>
    from components.data_ingestion import DataIngestion
  File "/opt/airflow/components/data_ingestion.py", line 2, in <module>
    from db.db_connection import DB
ModuleNotFoundError: No module named 'db'
[2026-06-15T09:22:19.618+0000] {processor.py:842} WARNING - No viable dags retrieved from /opt/airflow/dags/futsal_pipeline.py
[2026-06-15T09:22:19.646+0000] {processor.py:183} INFO - Processing /opt/airflow/dags/futsal_pipeline.py took 0.378 seconds
[2026-06-15T09:22:49.893+0000] {processor.py:161} INFO - Started process (PID=2573) to work on /opt/airflow/dags/futsal_pipeline.py
[2026-06-15T09:22:49.894+0000] {processor.py:830} INFO - Processing file /opt/airflow/dags/futsal_pipeline.py for tasks to queue
[2026-06-15T09:22:49.895+0000] {logging_mixin.py:188} INFO - [2026-06-15T09:22:49.895+0000] {dagbag.py:545} INFO - Filling up the DagBag from /opt/airflow/dags/futsal_pipeline.py
[2026-06-15T09:22:50.212+0000] {logging_mixin.py:188} INFO - [2026-06-15T09:22:50.203+0000] {dagbag.py:355} ERROR - Failed to import: /opt/airflow/dags/futsal_pipeline.py
Traceback (most recent call last):
  File "/home/airflow/.local/lib/python3.11/site-packages/airflow/models/dagbag.py", line 351, in parse
    loader.exec_module(new_module)
  File "<frozen importlib._bootstrap_external>", line 940, in exec_module
  File "<frozen importlib._bootstrap>", line 241, in _call_with_frames_removed
  File "/opt/airflow/dags/futsal_pipeline.py", line 16, in <module>
    from pipeline.data_pipeline import DataPipeline
  File "/opt/airflow/pipeline/data_pipeline.py", line 1, in <module>
    from components.data_ingestion import DataIngestion
  File "/opt/airflow/components/data_ingestion.py", line 2, in <module>
    from db.db_connection import DB
ModuleNotFoundError: No module named 'db'
[2026-06-15T09:22:50.213+0000] {processor.py:842} WARNING - No viable dags retrieved from /opt/airflow/dags/futsal_pipeline.py
[2026-06-15T09:22:50.241+0000] {processor.py:183} INFO - Processing /opt/airflow/dags/futsal_pipeline.py took 0.355 seconds
[2026-06-15T09:23:20.525+0000] {processor.py:161} INFO - Started process (PID=2585) to work on /opt/airflow/dags/futsal_pipeline.py
[2026-06-15T09:23:20.526+0000] {processor.py:830} INFO - Processing file /opt/airflow/dags/futsal_pipeline.py for tasks to queue
[2026-06-15T09:23:20.527+0000] {logging_mixin.py:188} INFO - [2026-06-15T09:23:20.527+0000] {dagbag.py:545} INFO - Filling up the DagBag from /opt/airflow/dags/futsal_pipeline.py
[2026-06-15T09:23:20.842+0000] {logging_mixin.py:188} INFO - [2026-06-15T09:23:20.831+0000] {dagbag.py:355} ERROR - Failed to import: /opt/airflow/dags/futsal_pipeline.py
Traceback (most recent call last):
  File "/home/airflow/.local/lib/python3.11/site-packages/airflow/models/dagbag.py", line 351, in parse
    loader.exec_module(new_module)
  File "<frozen importlib._bootstrap_external>", line 940, in exec_module
  File "<frozen importlib._bootstrap>", line 241, in _call_with_frames_removed
  File "/opt/airflow/dags/futsal_pipeline.py", line 16, in <module>
    from pipeline.data_pipeline import DataPipeline
  File "/opt/airflow/pipeline/data_pipeline.py", line 1, in <module>
    from components.data_ingestion import DataIngestion
  File "/opt/airflow/components/data_ingestion.py", line 2, in <module>
    from db.db_connection import DB
ModuleNotFoundError: No module named 'db'
[2026-06-15T09:23:20.843+0000] {processor.py:842} WARNING - No viable dags retrieved from /opt/airflow/dags/futsal_pipeline.py
[2026-06-15T09:23:20.874+0000] {processor.py:183} INFO - Processing /opt/airflow/dags/futsal_pipeline.py took 0.355 seconds
[2026-06-15T09:23:51.135+0000] {processor.py:161} INFO - Started process (PID=2597) to work on /opt/airflow/dags/futsal_pipeline.py
[2026-06-15T09:23:51.136+0000] {processor.py:830} INFO - Processing file /opt/airflow/dags/futsal_pipeline.py for tasks to queue
[2026-06-15T09:23:51.137+0000] {logging_mixin.py:188} INFO - [2026-06-15T09:23:51.137+0000] {dagbag.py:545} INFO - Filling up the DagBag from /opt/airflow/dags/futsal_pipeline.py
[2026-06-15T09:23:51.443+0000] {logging_mixin.py:188} INFO - [2026-06-15T09:23:51.433+0000] {dagbag.py:355} ERROR - Failed to import: /opt/airflow/dags/futsal_pipeline.py
Traceback (most recent call last):
  File "/home/airflow/.local/lib/python3.11/site-packages/airflow/models/dagbag.py", line 351, in parse
    loader.exec_module(new_module)
  File "<frozen importlib._bootstrap_external>", line 940, in exec_module
  File "<frozen importlib._bootstrap>", line 241, in _call_with_frames_removed
  File "/opt/airflow/dags/futsal_pipeline.py", line 16, in <module>
    from pipeline.data_pipeline import DataPipeline
  File "/opt/airflow/pipeline/data_pipeline.py", line 1, in <module>
    from components.data_ingestion import DataIngestion
  File "/opt/airflow/components/data_ingestion.py", line 2, in <module>
    from db.db_connection import DB
ModuleNotFoundError: No module named 'db'
[2026-06-15T09:23:51.445+0000] {processor.py:842} WARNING - No viable dags retrieved from /opt/airflow/dags/futsal_pipeline.py
[2026-06-15T09:23:51.472+0000] {processor.py:183} INFO - Processing /opt/airflow/dags/futsal_pipeline.py took 0.343 seconds
[2026-06-15T09:24:21.761+0000] {processor.py:161} INFO - Started process (PID=2609) to work on /opt/airflow/dags/futsal_pipeline.py
[2026-06-15T09:24:21.762+0000] {processor.py:830} INFO - Processing file /opt/airflow/dags/futsal_pipeline.py for tasks to queue
[2026-06-15T09:24:21.763+0000] {logging_mixin.py:188} INFO - [2026-06-15T09:24:21.762+0000] {dagbag.py:545} INFO - Filling up the DagBag from /opt/airflow/dags/futsal_pipeline.py
[2026-06-15T09:24:22.069+0000] {logging_mixin.py:188} INFO - [2026-06-15T09:24:22.059+0000] {dagbag.py:355} ERROR - Failed to import: /opt/airflow/dags/futsal_pipeline.py
Traceback (most recent call last):
  File "/home/airflow/.local/lib/python3.11/site-packages/airflow/models/dagbag.py", line 351, in parse
    loader.exec_module(new_module)
  File "<frozen importlib._bootstrap_external>", line 940, in exec_module
  File "<frozen importlib._bootstrap>", line 241, in _call_with_frames_removed
  File "/opt/airflow/dags/futsal_pipeline.py", line 16, in <module>
    from pipeline.data_pipeline import DataPipeline
  File "/opt/airflow/pipeline/data_pipeline.py", line 1, in <module>
    from components.data_ingestion import DataIngestion
  File "/opt/airflow/components/data_ingestion.py", line 2, in <module>
    from db.db_connection import DB
ModuleNotFoundError: No module named 'db'
[2026-06-15T09:24:22.071+0000] {processor.py:842} WARNING - No viable dags retrieved from /opt/airflow/dags/futsal_pipeline.py
[2026-06-15T09:24:22.098+0000] {processor.py:183} INFO - Processing /opt/airflow/dags/futsal_pipeline.py took 0.343 seconds
[2026-06-15T09:24:52.347+0000] {processor.py:161} INFO - Started process (PID=2621) to work on /opt/airflow/dags/futsal_pipeline.py
[2026-06-15T09:24:52.348+0000] {processor.py:830} INFO - Processing file /opt/airflow/dags/futsal_pipeline.py for tasks to queue
[2026-06-15T09:24:52.349+0000] {logging_mixin.py:188} INFO - [2026-06-15T09:24:52.348+0000] {dagbag.py:545} INFO - Filling up the DagBag from /opt/airflow/dags/futsal_pipeline.py
[2026-06-15T09:24:52.655+0000] {logging_mixin.py:188} INFO - [2026-06-15T09:24:52.645+0000] {dagbag.py:355} ERROR - Failed to import: /opt/airflow/dags/futsal_pipeline.py
Traceback (most recent call last):
  File "/home/airflow/.local/lib/python3.11/site-packages/airflow/models/dagbag.py", line 351, in parse
    loader.exec_module(new_module)
  File "<frozen importlib._bootstrap_external>", line 940, in exec_module
  File "<frozen importlib._bootstrap>", line 241, in _call_with_frames_removed
  File "/opt/airflow/dags/futsal_pipeline.py", line 16, in <module>
    from pipeline.data_pipeline import DataPipeline
  File "/opt/airflow/pipeline/data_pipeline.py", line 1, in <module>
    from components.data_ingestion import DataIngestion
  File "/opt/airflow/components/data_ingestion.py", line 2, in <module>
    from db.db_connection import DB
ModuleNotFoundError: No module named 'db'
[2026-06-15T09:24:52.657+0000] {processor.py:842} WARNING - No viable dags retrieved from /opt/airflow/dags/futsal_pipeline.py
[2026-06-15T09:24:52.684+0000] {processor.py:183} INFO - Processing /opt/airflow/dags/futsal_pipeline.py took 0.343 seconds
[2026-06-15T09:25:22.964+0000] {processor.py:161} INFO - Started process (PID=2633) to work on /opt/airflow/dags/futsal_pipeline.py
[2026-06-15T09:25:22.965+0000] {processor.py:830} INFO - Processing file /opt/airflow/dags/futsal_pipeline.py for tasks to queue
[2026-06-15T09:25:22.965+0000] {logging_mixin.py:188} INFO - [2026-06-15T09:25:22.965+0000] {dagbag.py:545} INFO - Filling up the DagBag from /opt/airflow/dags/futsal_pipeline.py
[2026-06-15T09:25:23.273+0000] {logging_mixin.py:188} INFO - [2026-06-15T09:25:23.264+0000] {dagbag.py:355} ERROR - Failed to import: /opt/airflow/dags/futsal_pipeline.py
Traceback (most recent call last):
  File "/home/airflow/.local/lib/python3.11/site-packages/airflow/models/dagbag.py", line 351, in parse
    loader.exec_module(new_module)
  File "<frozen importlib._bootstrap_external>", line 940, in exec_module
  File "<frozen importlib._bootstrap>", line 241, in _call_with_frames_removed
  File "/opt/airflow/dags/futsal_pipeline.py", line 16, in <module>
    from pipeline.data_pipeline import DataPipeline
  File "/opt/airflow/pipeline/data_pipeline.py", line 1, in <module>
    from components.data_ingestion import DataIngestion
  File "/opt/airflow/components/data_ingestion.py", line 2, in <module>
    from db.db_connection import DB
ModuleNotFoundError: No module named 'db'
[2026-06-15T09:25:23.275+0000] {processor.py:842} WARNING - No viable dags retrieved from /opt/airflow/dags/futsal_pipeline.py
[2026-06-15T09:25:23.302+0000] {processor.py:183} INFO - Processing /opt/airflow/dags/futsal_pipeline.py took 0.345 seconds
[2026-06-15T09:25:53.537+0000] {processor.py:161} INFO - Started process (PID=2645) to work on /opt/airflow/dags/futsal_pipeline.py
[2026-06-15T09:25:53.538+0000] {processor.py:830} INFO - Processing file /opt/airflow/dags/futsal_pipeline.py for tasks to queue
[2026-06-15T09:25:53.539+0000] {logging_mixin.py:188} INFO - [2026-06-15T09:25:53.539+0000] {dagbag.py:545} INFO - Filling up the DagBag from /opt/airflow/dags/futsal_pipeline.py
[2026-06-15T09:25:53.857+0000] {logging_mixin.py:188} INFO - [2026-06-15T09:25:53.846+0000] {dagbag.py:355} ERROR - Failed to import: /opt/airflow/dags/futsal_pipeline.py
Traceback (most recent call last):
  File "/home/airflow/.local/lib/python3.11/site-packages/airflow/models/dagbag.py", line 351, in parse
    loader.exec_module(new_module)
  File "<frozen importlib._bootstrap_external>", line 940, in exec_module
  File "<frozen importlib._bootstrap>", line 241, in _call_with_frames_removed
  File "/opt/airflow/dags/futsal_pipeline.py", line 16, in <module>
    from pipeline.data_pipeline import DataPipeline
  File "/opt/airflow/pipeline/data_pipeline.py", line 1, in <module>
    from components.data_ingestion import DataIngestion
  File "/opt/airflow/components/data_ingestion.py", line 2, in <module>
    from db.db_connection import DB
ModuleNotFoundError: No module named 'db'
[2026-06-15T09:25:53.859+0000] {processor.py:842} WARNING - No viable dags retrieved from /opt/airflow/dags/futsal_pipeline.py
[2026-06-15T09:25:53.887+0000] {processor.py:183} INFO - Processing /opt/airflow/dags/futsal_pipeline.py took 0.355 seconds
[2026-06-15T09:26:24.141+0000] {processor.py:161} INFO - Started process (PID=2657) to work on /opt/airflow/dags/futsal_pipeline.py
[2026-06-15T09:26:24.142+0000] {processor.py:830} INFO - Processing file /opt/airflow/dags/futsal_pipeline.py for tasks to queue
[2026-06-15T09:26:24.142+0000] {logging_mixin.py:188} INFO - [2026-06-15T09:26:24.142+0000] {dagbag.py:545} INFO - Filling up the DagBag from /opt/airflow/dags/futsal_pipeline.py
[2026-06-15T09:26:24.453+0000] {logging_mixin.py:188} INFO - [2026-06-15T09:26:24.442+0000] {dagbag.py:355} ERROR - Failed to import: /opt/airflow/dags/futsal_pipeline.py
Traceback (most recent call last):
  File "/home/airflow/.local/lib/python3.11/site-packages/airflow/models/dagbag.py", line 351, in parse
    loader.exec_module(new_module)
  File "<frozen importlib._bootstrap_external>", line 940, in exec_module
  File "<frozen importlib._bootstrap>", line 241, in _call_with_frames_removed
  File "/opt/airflow/dags/futsal_pipeline.py", line 16, in <module>
    from pipeline.data_pipeline import DataPipeline
  File "/opt/airflow/pipeline/data_pipeline.py", line 1, in <module>
    from components.data_ingestion import DataIngestion
  File "/opt/airflow/components/data_ingestion.py", line 2, in <module>
    from db.db_connection import DB
ModuleNotFoundError: No module named 'db'
[2026-06-15T09:26:24.454+0000] {processor.py:842} WARNING - No viable dags retrieved from /opt/airflow/dags/futsal_pipeline.py
[2026-06-15T09:26:24.482+0000] {processor.py:183} INFO - Processing /opt/airflow/dags/futsal_pipeline.py took 0.347 seconds
[2026-06-15T09:26:54.752+0000] {processor.py:161} INFO - Started process (PID=2669) to work on /opt/airflow/dags/futsal_pipeline.py
[2026-06-15T09:26:54.753+0000] {processor.py:830} INFO - Processing file /opt/airflow/dags/futsal_pipeline.py for tasks to queue
[2026-06-15T09:26:54.754+0000] {logging_mixin.py:188} INFO - [2026-06-15T09:26:54.754+0000] {dagbag.py:545} INFO - Filling up the DagBag from /opt/airflow/dags/futsal_pipeline.py
[2026-06-15T09:26:55.084+0000] {logging_mixin.py:188} INFO - [2026-06-15T09:26:55.073+0000] {dagbag.py:355} ERROR - Failed to import: /opt/airflow/dags/futsal_pipeline.py
Traceback (most recent call last):
  File "/home/airflow/.local/lib/python3.11/site-packages/airflow/models/dagbag.py", line 351, in parse
    loader.exec_module(new_module)
  File "<frozen importlib._bootstrap_external>", line 940, in exec_module
  File "<frozen importlib._bootstrap>", line 241, in _call_with_frames_removed
  File "/opt/airflow/dags/futsal_pipeline.py", line 16, in <module>
    from pipeline.data_pipeline import DataPipeline
  File "/opt/airflow/pipeline/data_pipeline.py", line 1, in <module>
    from components.data_ingestion import DataIngestion
  File "/opt/airflow/components/data_ingestion.py", line 2, in <module>
    from db.db_connection import DB
ModuleNotFoundError: No module named 'db'
[2026-06-15T09:26:55.086+0000] {processor.py:842} WARNING - No viable dags retrieved from /opt/airflow/dags/futsal_pipeline.py
[2026-06-15T09:26:55.115+0000] {processor.py:183} INFO - Processing /opt/airflow/dags/futsal_pipeline.py took 0.369 seconds
[2026-06-15T09:27:25.390+0000] {processor.py:161} INFO - Started process (PID=2681) to work on /opt/airflow/dags/futsal_pipeline.py
[2026-06-15T09:27:25.391+0000] {processor.py:830} INFO - Processing file /opt/airflow/dags/futsal_pipeline.py for tasks to queue
[2026-06-15T09:27:25.392+0000] {logging_mixin.py:188} INFO - [2026-06-15T09:27:25.391+0000] {dagbag.py:545} INFO - Filling up the DagBag from /opt/airflow/dags/futsal_pipeline.py
[2026-06-15T09:27:25.707+0000] {logging_mixin.py:188} INFO - [2026-06-15T09:27:25.698+0000] {dagbag.py:355} ERROR - Failed to import: /opt/airflow/dags/futsal_pipeline.py
Traceback (most recent call last):
  File "/home/airflow/.local/lib/python3.11/site-packages/airflow/models/dagbag.py", line 351, in parse
    loader.exec_module(new_module)
  File "<frozen importlib._bootstrap_external>", line 940, in exec_module
  File "<frozen importlib._bootstrap>", line 241, in _call_with_frames_removed
  File "/opt/airflow/dags/futsal_pipeline.py", line 16, in <module>
    from pipeline.data_pipeline import DataPipeline
  File "/opt/airflow/pipeline/data_pipeline.py", line 1, in <module>
    from components.data_ingestion import DataIngestion
  File "/opt/airflow/components/data_ingestion.py", line 2, in <module>
    from db.db_connection import DB
ModuleNotFoundError: No module named 'db'
[2026-06-15T09:27:25.708+0000] {processor.py:842} WARNING - No viable dags retrieved from /opt/airflow/dags/futsal_pipeline.py
[2026-06-15T09:27:25.728+0000] {processor.py:183} INFO - Processing /opt/airflow/dags/futsal_pipeline.py took 0.343 seconds
[2026-06-15T09:27:55.967+0000] {processor.py:161} INFO - Started process (PID=2693) to work on /opt/airflow/dags/futsal_pipeline.py
[2026-06-15T09:27:55.968+0000] {processor.py:830} INFO - Processing file /opt/airflow/dags/futsal_pipeline.py for tasks to queue
[2026-06-15T09:27:55.969+0000] {logging_mixin.py:188} INFO - [2026-06-15T09:27:55.969+0000] {dagbag.py:545} INFO - Filling up the DagBag from /opt/airflow/dags/futsal_pipeline.py
[2026-06-15T09:27:56.274+0000] {logging_mixin.py:188} INFO - [2026-06-15T09:27:56.265+0000] {dagbag.py:355} ERROR - Failed to import: /opt/airflow/dags/futsal_pipeline.py
Traceback (most recent call last):
  File "/home/airflow/.local/lib/python3.11/site-packages/airflow/models/dagbag.py", line 351, in parse
    loader.exec_module(new_module)
  File "<frozen importlib._bootstrap_external>", line 940, in exec_module
  File "<frozen importlib._bootstrap>", line 241, in _call_with_frames_removed
  File "/opt/airflow/dags/futsal_pipeline.py", line 16, in <module>
    from pipeline.data_pipeline import DataPipeline
  File "/opt/airflow/pipeline/data_pipeline.py", line 1, in <module>
    from components.data_ingestion import DataIngestion
  File "/opt/airflow/components/data_ingestion.py", line 2, in <module>
    from db.db_connection import DB
ModuleNotFoundError: No module named 'db'
[2026-06-15T09:27:56.276+0000] {processor.py:842} WARNING - No viable dags retrieved from /opt/airflow/dags/futsal_pipeline.py
[2026-06-15T09:27:56.304+0000] {processor.py:183} INFO - Processing /opt/airflow/dags/futsal_pipeline.py took 0.343 seconds
[2026-06-15T09:28:26.568+0000] {processor.py:161} INFO - Started process (PID=2706) to work on /opt/airflow/dags/futsal_pipeline.py
[2026-06-15T09:28:26.569+0000] {processor.py:830} INFO - Processing file /opt/airflow/dags/futsal_pipeline.py for tasks to queue
[2026-06-15T09:28:26.570+0000] {logging_mixin.py:188} INFO - [2026-06-15T09:28:26.570+0000] {dagbag.py:545} INFO - Filling up the DagBag from /opt/airflow/dags/futsal_pipeline.py
[2026-06-15T09:28:26.889+0000] {logging_mixin.py:188} INFO - [2026-06-15T09:28:26.879+0000] {dagbag.py:355} ERROR - Failed to import: /opt/airflow/dags/futsal_pipeline.py
Traceback (most recent call last):
  File "/home/airflow/.local/lib/python3.11/site-packages/airflow/models/dagbag.py", line 351, in parse
    loader.exec_module(new_module)
  File "<frozen importlib._bootstrap_external>", line 940, in exec_module
  File "<frozen importlib._bootstrap>", line 241, in _call_with_frames_removed
  File "/opt/airflow/dags/futsal_pipeline.py", line 16, in <module>
    from pipeline.data_pipeline import DataPipeline
  File "/opt/airflow/pipeline/data_pipeline.py", line 1, in <module>
    from components.data_ingestion import DataIngestion
  File "/opt/airflow/components/data_ingestion.py", line 2, in <module>
    from db.db_connection import DB
ModuleNotFoundError: No module named 'db'
[2026-06-15T09:28:26.892+0000] {processor.py:842} WARNING - No viable dags retrieved from /opt/airflow/dags/futsal_pipeline.py
[2026-06-15T09:28:26.919+0000] {processor.py:183} INFO - Processing /opt/airflow/dags/futsal_pipeline.py took 0.359 seconds
[2026-06-15T09:28:57.161+0000] {processor.py:161} INFO - Started process (PID=2718) to work on /opt/airflow/dags/futsal_pipeline.py
[2026-06-15T09:28:57.162+0000] {processor.py:830} INFO - Processing file /opt/airflow/dags/futsal_pipeline.py for tasks to queue
[2026-06-15T09:28:57.163+0000] {logging_mixin.py:188} INFO - [2026-06-15T09:28:57.163+0000] {dagbag.py:545} INFO - Filling up the DagBag from /opt/airflow/dags/futsal_pipeline.py
[2026-06-15T09:28:57.574+0000] {logging_mixin.py:188} INFO - [2026-06-15T09:28:57.564+0000] {dagbag.py:355} ERROR - Failed to import: /opt/airflow/dags/futsal_pipeline.py
Traceback (most recent call last):
  File "/home/airflow/.local/lib/python3.11/site-packages/airflow/models/dagbag.py", line 351, in parse
    loader.exec_module(new_module)
  File "<frozen importlib._bootstrap_external>", line 940, in exec_module
  File "<frozen importlib._bootstrap>", line 241, in _call_with_frames_removed
  File "/opt/airflow/dags/futsal_pipeline.py", line 16, in <module>
    from pipeline.data_pipeline import DataPipeline
  File "/opt/airflow/pipeline/data_pipeline.py", line 1, in <module>
    from components.data_ingestion import DataIngestion
  File "/opt/airflow/components/data_ingestion.py", line 2, in <module>
    from db.db_connection import DB
ModuleNotFoundError: No module named 'db'
[2026-06-15T09:28:57.576+0000] {processor.py:842} WARNING - No viable dags retrieved from /opt/airflow/dags/futsal_pipeline.py
[2026-06-15T09:28:57.595+0000] {processor.py:183} INFO - Processing /opt/airflow/dags/futsal_pipeline.py took 0.440 seconds
[2026-06-15T09:29:27.860+0000] {processor.py:161} INFO - Started process (PID=2730) to work on /opt/airflow/dags/futsal_pipeline.py
[2026-06-15T09:29:27.862+0000] {processor.py:830} INFO - Processing file /opt/airflow/dags/futsal_pipeline.py for tasks to queue
[2026-06-15T09:29:27.863+0000] {logging_mixin.py:188} INFO - [2026-06-15T09:29:27.862+0000] {dagbag.py:545} INFO - Filling up the DagBag from /opt/airflow/dags/futsal_pipeline.py
[2026-06-15T09:29:28.174+0000] {logging_mixin.py:188} INFO - [2026-06-15T09:29:28.163+0000] {dagbag.py:355} ERROR - Failed to import: /opt/airflow/dags/futsal_pipeline.py
Traceback (most recent call last):
  File "/home/airflow/.local/lib/python3.11/site-packages/airflow/models/dagbag.py", line 351, in parse
    loader.exec_module(new_module)
  File "<frozen importlib._bootstrap_external>", line 940, in exec_module
  File "<frozen importlib._bootstrap>", line 241, in _call_with_frames_removed
  File "/opt/airflow/dags/futsal_pipeline.py", line 16, in <module>
    from pipeline.data_pipeline import DataPipeline
  File "/opt/airflow/pipeline/data_pipeline.py", line 1, in <module>
    from components.data_ingestion import DataIngestion
  File "/opt/airflow/components/data_ingestion.py", line 2, in <module>
    from db.db_connection import DB
ModuleNotFoundError: No module named 'db'
[2026-06-15T09:29:28.176+0000] {processor.py:842} WARNING - No viable dags retrieved from /opt/airflow/dags/futsal_pipeline.py
[2026-06-15T09:29:28.204+0000] {processor.py:183} INFO - Processing /opt/airflow/dags/futsal_pipeline.py took 0.351 seconds
[2026-06-15T09:29:58.470+0000] {processor.py:161} INFO - Started process (PID=2742) to work on /opt/airflow/dags/futsal_pipeline.py
[2026-06-15T09:29:58.472+0000] {processor.py:830} INFO - Processing file /opt/airflow/dags/futsal_pipeline.py for tasks to queue
[2026-06-15T09:29:58.473+0000] {logging_mixin.py:188} INFO - [2026-06-15T09:29:58.473+0000] {dagbag.py:545} INFO - Filling up the DagBag from /opt/airflow/dags/futsal_pipeline.py
[2026-06-15T09:29:58.797+0000] {logging_mixin.py:188} INFO - [2026-06-15T09:29:58.786+0000] {dagbag.py:355} ERROR - Failed to import: /opt/airflow/dags/futsal_pipeline.py
Traceback (most recent call last):
  File "/home/airflow/.local/lib/python3.11/site-packages/airflow/models/dagbag.py", line 351, in parse
    loader.exec_module(new_module)
  File "<frozen importlib._bootstrap_external>", line 940, in exec_module
  File "<frozen importlib._bootstrap>", line 241, in _call_with_frames_removed
  File "/opt/airflow/dags/futsal_pipeline.py", line 16, in <module>
    from pipeline.data_pipeline import DataPipeline
  File "/opt/airflow/pipeline/data_pipeline.py", line 1, in <module>
    from components.data_ingestion import DataIngestion
  File "/opt/airflow/components/data_ingestion.py", line 2, in <module>
    from db.db_connection import DB
ModuleNotFoundError: No module named 'db'
[2026-06-15T09:29:58.799+0000] {processor.py:842} WARNING - No viable dags retrieved from /opt/airflow/dags/futsal_pipeline.py
[2026-06-15T09:29:58.827+0000] {processor.py:183} INFO - Processing /opt/airflow/dags/futsal_pipeline.py took 0.362 seconds
[2026-06-15T09:30:29.113+0000] {processor.py:161} INFO - Started process (PID=2754) to work on /opt/airflow/dags/futsal_pipeline.py
[2026-06-15T09:30:29.114+0000] {processor.py:830} INFO - Processing file /opt/airflow/dags/futsal_pipeline.py for tasks to queue
[2026-06-15T09:30:29.115+0000] {logging_mixin.py:188} INFO - [2026-06-15T09:30:29.114+0000] {dagbag.py:545} INFO - Filling up the DagBag from /opt/airflow/dags/futsal_pipeline.py
[2026-06-15T09:30:29.447+0000] {logging_mixin.py:188} INFO - [2026-06-15T09:30:29.438+0000] {dagbag.py:355} ERROR - Failed to import: /opt/airflow/dags/futsal_pipeline.py
Traceback (most recent call last):
  File "/home/airflow/.local/lib/python3.11/site-packages/airflow/models/dagbag.py", line 351, in parse
    loader.exec_module(new_module)
  File "<frozen importlib._bootstrap_external>", line 940, in exec_module
  File "<frozen importlib._bootstrap>", line 241, in _call_with_frames_removed
  File "/opt/airflow/dags/futsal_pipeline.py", line 16, in <module>
    from pipeline.data_pipeline import DataPipeline
  File "/opt/airflow/pipeline/data_pipeline.py", line 1, in <module>
    from components.data_ingestion import DataIngestion
  File "/opt/airflow/components/data_ingestion.py", line 2, in <module>
    from db.db_connection import DB
ModuleNotFoundError: No module named 'db'
[2026-06-15T09:30:29.449+0000] {processor.py:842} WARNING - No viable dags retrieved from /opt/airflow/dags/futsal_pipeline.py
[2026-06-15T09:30:29.467+0000] {processor.py:183} INFO - Processing /opt/airflow/dags/futsal_pipeline.py took 0.359 seconds
[2026-06-15T09:30:59.699+0000] {processor.py:161} INFO - Started process (PID=2766) to work on /opt/airflow/dags/futsal_pipeline.py
[2026-06-15T09:30:59.700+0000] {processor.py:830} INFO - Processing file /opt/airflow/dags/futsal_pipeline.py for tasks to queue
[2026-06-15T09:30:59.702+0000] {logging_mixin.py:188} INFO - [2026-06-15T09:30:59.701+0000] {dagbag.py:545} INFO - Filling up the DagBag from /opt/airflow/dags/futsal_pipeline.py
[2026-06-15T09:31:00.048+0000] {logging_mixin.py:188} INFO - [2026-06-15T09:31:00.040+0000] {dagbag.py:355} ERROR - Failed to import: /opt/airflow/dags/futsal_pipeline.py
Traceback (most recent call last):
  File "/home/airflow/.local/lib/python3.11/site-packages/airflow/models/dagbag.py", line 351, in parse
    loader.exec_module(new_module)
  File "<frozen importlib._bootstrap_external>", line 940, in exec_module
  File "<frozen importlib._bootstrap>", line 241, in _call_with_frames_removed
  File "/opt/airflow/dags/futsal_pipeline.py", line 16, in <module>
    from pipeline.data_pipeline import DataPipeline
  File "/opt/airflow/pipeline/data_pipeline.py", line 1, in <module>
    from components.data_ingestion import DataIngestion
  File "/opt/airflow/components/data_ingestion.py", line 2, in <module>
    from db.db_connection import DB
ModuleNotFoundError: No module named 'db'
[2026-06-15T09:31:00.050+0000] {processor.py:842} WARNING - No viable dags retrieved from /opt/airflow/dags/futsal_pipeline.py
[2026-06-15T09:31:00.077+0000] {processor.py:183} INFO - Processing /opt/airflow/dags/futsal_pipeline.py took 0.384 seconds
[2026-06-15T09:31:30.363+0000] {processor.py:161} INFO - Started process (PID=2778) to work on /opt/airflow/dags/futsal_pipeline.py
[2026-06-15T09:31:30.364+0000] {processor.py:830} INFO - Processing file /opt/airflow/dags/futsal_pipeline.py for tasks to queue
[2026-06-15T09:31:30.365+0000] {logging_mixin.py:188} INFO - [2026-06-15T09:31:30.365+0000] {dagbag.py:545} INFO - Filling up the DagBag from /opt/airflow/dags/futsal_pipeline.py
[2026-06-15T09:31:30.673+0000] {logging_mixin.py:188} INFO - [2026-06-15T09:31:30.662+0000] {dagbag.py:355} ERROR - Failed to import: /opt/airflow/dags/futsal_pipeline.py
Traceback (most recent call last):
  File "/home/airflow/.local/lib/python3.11/site-packages/airflow/models/dagbag.py", line 351, in parse
    loader.exec_module(new_module)
  File "<frozen importlib._bootstrap_external>", line 940, in exec_module
  File "<frozen importlib._bootstrap>", line 241, in _call_with_frames_removed
  File "/opt/airflow/dags/futsal_pipeline.py", line 16, in <module>
    from pipeline.data_pipeline import DataPipeline
  File "/opt/airflow/pipeline/data_pipeline.py", line 1, in <module>
    from components.data_ingestion import DataIngestion
  File "/opt/airflow/components/data_ingestion.py", line 2, in <module>
    from db.db_connection import DB
ModuleNotFoundError: No module named 'db'
[2026-06-15T09:31:30.675+0000] {processor.py:842} WARNING - No viable dags retrieved from /opt/airflow/dags/futsal_pipeline.py
[2026-06-15T09:31:30.704+0000] {processor.py:183} INFO - Processing /opt/airflow/dags/futsal_pipeline.py took 0.345 seconds
[2026-06-15T09:32:00.973+0000] {processor.py:161} INFO - Started process (PID=2790) to work on /opt/airflow/dags/futsal_pipeline.py
[2026-06-15T09:32:00.974+0000] {processor.py:830} INFO - Processing file /opt/airflow/dags/futsal_pipeline.py for tasks to queue
[2026-06-15T09:32:00.975+0000] {logging_mixin.py:188} INFO - [2026-06-15T09:32:00.975+0000] {dagbag.py:545} INFO - Filling up the DagBag from /opt/airflow/dags/futsal_pipeline.py
[2026-06-15T09:32:01.314+0000] {logging_mixin.py:188} INFO - [2026-06-15T09:32:01.303+0000] {dagbag.py:355} ERROR - Failed to import: /opt/airflow/dags/futsal_pipeline.py
Traceback (most recent call last):
  File "/home/airflow/.local/lib/python3.11/site-packages/airflow/models/dagbag.py", line 351, in parse
    loader.exec_module(new_module)
  File "<frozen importlib._bootstrap_external>", line 940, in exec_module
  File "<frozen importlib._bootstrap>", line 241, in _call_with_frames_removed
  File "/opt/airflow/dags/futsal_pipeline.py", line 16, in <module>
    from pipeline.data_pipeline import DataPipeline
  File "/opt/airflow/pipeline/data_pipeline.py", line 1, in <module>
    from components.data_ingestion import DataIngestion
  File "/opt/airflow/components/data_ingestion.py", line 2, in <module>
    from db.db_connection import DB
ModuleNotFoundError: No module named 'db'
[2026-06-15T09:32:01.316+0000] {processor.py:842} WARNING - No viable dags retrieved from /opt/airflow/dags/futsal_pipeline.py
[2026-06-15T09:32:01.335+0000] {processor.py:183} INFO - Processing /opt/airflow/dags/futsal_pipeline.py took 0.368 seconds
[2026-06-15T09:32:31.591+0000] {processor.py:161} INFO - Started process (PID=2803) to work on /opt/airflow/dags/futsal_pipeline.py
[2026-06-15T09:32:31.592+0000] {processor.py:830} INFO - Processing file /opt/airflow/dags/futsal_pipeline.py for tasks to queue
[2026-06-15T09:32:31.593+0000] {logging_mixin.py:188} INFO - [2026-06-15T09:32:31.593+0000] {dagbag.py:545} INFO - Filling up the DagBag from /opt/airflow/dags/futsal_pipeline.py
[2026-06-15T09:32:31.898+0000] {logging_mixin.py:188} INFO - [2026-06-15T09:32:31.889+0000] {dagbag.py:355} ERROR - Failed to import: /opt/airflow/dags/futsal_pipeline.py
Traceback (most recent call last):
  File "/home/airflow/.local/lib/python3.11/site-packages/airflow/models/dagbag.py", line 351, in parse
    loader.exec_module(new_module)
  File "<frozen importlib._bootstrap_external>", line 940, in exec_module
  File "<frozen importlib._bootstrap>", line 241, in _call_with_frames_removed
  File "/opt/airflow/dags/futsal_pipeline.py", line 16, in <module>
    from pipeline.data_pipeline import DataPipeline
  File "/opt/airflow/pipeline/data_pipeline.py", line 1, in <module>
    from components.data_ingestion import DataIngestion
  File "/opt/airflow/components/data_ingestion.py", line 2, in <module>
    from db.db_connection import DB
ModuleNotFoundError: No module named 'db'
[2026-06-15T09:32:31.901+0000] {processor.py:842} WARNING - No viable dags retrieved from /opt/airflow/dags/futsal_pipeline.py
[2026-06-15T09:32:31.928+0000] {processor.py:183} INFO - Processing /opt/airflow/dags/futsal_pipeline.py took 0.342 seconds
[2026-06-15T09:33:02.196+0000] {processor.py:161} INFO - Started process (PID=2815) to work on /opt/airflow/dags/futsal_pipeline.py
[2026-06-15T09:33:02.197+0000] {processor.py:830} INFO - Processing file /opt/airflow/dags/futsal_pipeline.py for tasks to queue
[2026-06-15T09:33:02.198+0000] {logging_mixin.py:188} INFO - [2026-06-15T09:33:02.198+0000] {dagbag.py:545} INFO - Filling up the DagBag from /opt/airflow/dags/futsal_pipeline.py
[2026-06-15T09:33:02.526+0000] {logging_mixin.py:188} INFO - [2026-06-15T09:33:02.511+0000] {dagbag.py:355} ERROR - Failed to import: /opt/airflow/dags/futsal_pipeline.py
Traceback (most recent call last):
  File "/home/airflow/.local/lib/python3.11/site-packages/airflow/models/dagbag.py", line 351, in parse
    loader.exec_module(new_module)
  File "<frozen importlib._bootstrap_external>", line 940, in exec_module
  File "<frozen importlib._bootstrap>", line 241, in _call_with_frames_removed
  File "/opt/airflow/dags/futsal_pipeline.py", line 16, in <module>
    from pipeline.data_pipeline import DataPipeline
  File "/opt/airflow/pipeline/data_pipeline.py", line 1, in <module>
    from components.data_ingestion import DataIngestion
  File "/opt/airflow/components/data_ingestion.py", line 2, in <module>
    from db.db_connection import DB
ModuleNotFoundError: No module named 'db'
[2026-06-15T09:33:02.528+0000] {processor.py:842} WARNING - No viable dags retrieved from /opt/airflow/dags/futsal_pipeline.py
[2026-06-15T09:33:02.545+0000] {processor.py:183} INFO - Processing /opt/airflow/dags/futsal_pipeline.py took 0.355 seconds
[2026-06-15T09:33:32.824+0000] {processor.py:161} INFO - Started process (PID=2833) to work on /opt/airflow/dags/futsal_pipeline.py
[2026-06-15T09:33:32.825+0000] {processor.py:830} INFO - Processing file /opt/airflow/dags/futsal_pipeline.py for tasks to queue
[2026-06-15T09:33:32.826+0000] {logging_mixin.py:188} INFO - [2026-06-15T09:33:32.825+0000] {dagbag.py:545} INFO - Filling up the DagBag from /opt/airflow/dags/futsal_pipeline.py
[2026-06-15T09:33:33.157+0000] {logging_mixin.py:188} INFO - [2026-06-15T09:33:33.147+0000] {dagbag.py:355} ERROR - Failed to import: /opt/airflow/dags/futsal_pipeline.py
Traceback (most recent call last):
  File "/home/airflow/.local/lib/python3.11/site-packages/airflow/models/dagbag.py", line 351, in parse
    loader.exec_module(new_module)
  File "<frozen importlib._bootstrap_external>", line 940, in exec_module
  File "<frozen importlib._bootstrap>", line 241, in _call_with_frames_removed
  File "/opt/airflow/dags/futsal_pipeline.py", line 16, in <module>
    from pipeline.data_pipeline import DataPipeline
  File "/opt/airflow/pipeline/data_pipeline.py", line 1, in <module>
    from components.data_ingestion import DataIngestion
  File "/opt/airflow/components/data_ingestion.py", line 2, in <module>
    from db.db_connection import DB
ModuleNotFoundError: No module named 'db'
[2026-06-15T09:33:33.158+0000] {processor.py:842} WARNING - No viable dags retrieved from /opt/airflow/dags/futsal_pipeline.py
[2026-06-15T09:33:33.186+0000] {processor.py:183} INFO - Processing /opt/airflow/dags/futsal_pipeline.py took 0.368 seconds
[2026-06-15T09:34:03.475+0000] {processor.py:161} INFO - Started process (PID=2846) to work on /opt/airflow/dags/futsal_pipeline.py
[2026-06-15T09:34:03.476+0000] {processor.py:830} INFO - Processing file /opt/airflow/dags/futsal_pipeline.py for tasks to queue
[2026-06-15T09:34:03.477+0000] {logging_mixin.py:188} INFO - [2026-06-15T09:34:03.477+0000] {dagbag.py:545} INFO - Filling up the DagBag from /opt/airflow/dags/futsal_pipeline.py
[2026-06-15T09:34:03.791+0000] {logging_mixin.py:188} INFO - [2026-06-15T09:34:03.784+0000] {dagbag.py:355} ERROR - Failed to import: /opt/airflow/dags/futsal_pipeline.py
Traceback (most recent call last):
  File "/home/airflow/.local/lib/python3.11/site-packages/airflow/models/dagbag.py", line 351, in parse
    loader.exec_module(new_module)
  File "<frozen importlib._bootstrap_external>", line 940, in exec_module
  File "<frozen importlib._bootstrap>", line 241, in _call_with_frames_removed
  File "/opt/airflow/dags/futsal_pipeline.py", line 16, in <module>
    from pipeline.data_pipeline import DataPipeline
  File "/opt/airflow/pipeline/data_pipeline.py", line 1, in <module>
    from components.data_ingestion import DataIngestion
  File "/opt/airflow/components/data_ingestion.py", line 2, in <module>
    from db.db_connection import DB
ModuleNotFoundError: No module named 'db'
[2026-06-15T09:34:03.793+0000] {processor.py:842} WARNING - No viable dags retrieved from /opt/airflow/dags/futsal_pipeline.py
[2026-06-15T09:34:03.821+0000] {processor.py:183} INFO - Processing /opt/airflow/dags/futsal_pipeline.py took 0.352 seconds
[2026-06-15T09:34:34.077+0000] {processor.py:161} INFO - Started process (PID=2858) to work on /opt/airflow/dags/futsal_pipeline.py
[2026-06-15T09:34:34.078+0000] {processor.py:830} INFO - Processing file /opt/airflow/dags/futsal_pipeline.py for tasks to queue
[2026-06-15T09:34:34.079+0000] {logging_mixin.py:188} INFO - [2026-06-15T09:34:34.079+0000] {dagbag.py:545} INFO - Filling up the DagBag from /opt/airflow/dags/futsal_pipeline.py
[2026-06-15T09:34:34.404+0000] {logging_mixin.py:188} INFO - [2026-06-15T09:34:34.394+0000] {dagbag.py:355} ERROR - Failed to import: /opt/airflow/dags/futsal_pipeline.py
Traceback (most recent call last):
  File "/home/airflow/.local/lib/python3.11/site-packages/airflow/models/dagbag.py", line 351, in parse
    loader.exec_module(new_module)
  File "<frozen importlib._bootstrap_external>", line 940, in exec_module
  File "<frozen importlib._bootstrap>", line 241, in _call_with_frames_removed
  File "/opt/airflow/dags/futsal_pipeline.py", line 16, in <module>
    from pipeline.data_pipeline import DataPipeline
  File "/opt/airflow/pipeline/data_pipeline.py", line 1, in <module>
    from components.data_ingestion import DataIngestion
  File "/opt/airflow/components/data_ingestion.py", line 2, in <module>
    from db.db_connection import DB
ModuleNotFoundError: No module named 'db'
[2026-06-15T09:34:34.406+0000] {processor.py:842} WARNING - No viable dags retrieved from /opt/airflow/dags/futsal_pipeline.py
[2026-06-15T09:34:34.434+0000] {processor.py:183} INFO - Processing /opt/airflow/dags/futsal_pipeline.py took 0.362 seconds
[2026-06-15T09:35:04.690+0000] {processor.py:161} INFO - Started process (PID=2870) to work on /opt/airflow/dags/futsal_pipeline.py
[2026-06-15T09:35:04.691+0000] {processor.py:830} INFO - Processing file /opt/airflow/dags/futsal_pipeline.py for tasks to queue
[2026-06-15T09:35:04.692+0000] {logging_mixin.py:188} INFO - [2026-06-15T09:35:04.692+0000] {dagbag.py:545} INFO - Filling up the DagBag from /opt/airflow/dags/futsal_pipeline.py
[2026-06-15T09:35:05.005+0000] {logging_mixin.py:188} INFO - [2026-06-15T09:35:04.995+0000] {dagbag.py:355} ERROR - Failed to import: /opt/airflow/dags/futsal_pipeline.py
Traceback (most recent call last):
  File "/home/airflow/.local/lib/python3.11/site-packages/airflow/models/dagbag.py", line 351, in parse
    loader.exec_module(new_module)
  File "<frozen importlib._bootstrap_external>", line 940, in exec_module
  File "<frozen importlib._bootstrap>", line 241, in _call_with_frames_removed
  File "/opt/airflow/dags/futsal_pipeline.py", line 16, in <module>
    from pipeline.data_pipeline import DataPipeline
  File "/opt/airflow/pipeline/data_pipeline.py", line 1, in <module>
    from components.data_ingestion import DataIngestion
  File "/opt/airflow/components/data_ingestion.py", line 2, in <module>
    from db.db_connection import DB
ModuleNotFoundError: No module named 'db'
[2026-06-15T09:35:05.007+0000] {processor.py:842} WARNING - No viable dags retrieved from /opt/airflow/dags/futsal_pipeline.py
[2026-06-15T09:35:05.039+0000] {processor.py:183} INFO - Processing /opt/airflow/dags/futsal_pipeline.py took 0.355 seconds
[2026-06-15T09:35:35.300+0000] {processor.py:161} INFO - Started process (PID=2883) to work on /opt/airflow/dags/futsal_pipeline.py
[2026-06-15T09:35:35.302+0000] {processor.py:830} INFO - Processing file /opt/airflow/dags/futsal_pipeline.py for tasks to queue
[2026-06-15T09:35:35.302+0000] {logging_mixin.py:188} INFO - [2026-06-15T09:35:35.302+0000] {dagbag.py:545} INFO - Filling up the DagBag from /opt/airflow/dags/futsal_pipeline.py
[2026-06-15T09:35:35.616+0000] {logging_mixin.py:188} INFO - [2026-06-15T09:35:35.603+0000] {dagbag.py:355} ERROR - Failed to import: /opt/airflow/dags/futsal_pipeline.py
Traceback (most recent call last):
  File "/home/airflow/.local/lib/python3.11/site-packages/airflow/models/dagbag.py", line 351, in parse
    loader.exec_module(new_module)
  File "<frozen importlib._bootstrap_external>", line 940, in exec_module
  File "<frozen importlib._bootstrap>", line 241, in _call_with_frames_removed
  File "/opt/airflow/dags/futsal_pipeline.py", line 16, in <module>
    from pipeline.data_pipeline import DataPipeline
  File "/opt/airflow/pipeline/data_pipeline.py", line 1, in <module>
    from components.data_ingestion import DataIngestion
  File "/opt/airflow/components/data_ingestion.py", line 2, in <module>
    from db.db_connection import DB
ModuleNotFoundError: No module named 'db'
[2026-06-15T09:35:35.618+0000] {processor.py:842} WARNING - No viable dags retrieved from /opt/airflow/dags/futsal_pipeline.py
[2026-06-15T09:35:35.646+0000] {processor.py:183} INFO - Processing /opt/airflow/dags/futsal_pipeline.py took 0.351 seconds
[2026-06-15T09:36:05.890+0000] {processor.py:161} INFO - Started process (PID=2895) to work on /opt/airflow/dags/futsal_pipeline.py
[2026-06-15T09:36:05.891+0000] {processor.py:830} INFO - Processing file /opt/airflow/dags/futsal_pipeline.py for tasks to queue
[2026-06-15T09:36:05.893+0000] {logging_mixin.py:188} INFO - [2026-06-15T09:36:05.892+0000] {dagbag.py:545} INFO - Filling up the DagBag from /opt/airflow/dags/futsal_pipeline.py
[2026-06-15T09:36:06.206+0000] {logging_mixin.py:188} INFO - [2026-06-15T09:36:06.198+0000] {dagbag.py:355} ERROR - Failed to import: /opt/airflow/dags/futsal_pipeline.py
Traceback (most recent call last):
  File "/home/airflow/.local/lib/python3.11/site-packages/airflow/models/dagbag.py", line 351, in parse
    loader.exec_module(new_module)
  File "<frozen importlib._bootstrap_external>", line 940, in exec_module
  File "<frozen importlib._bootstrap>", line 241, in _call_with_frames_removed
  File "/opt/airflow/dags/futsal_pipeline.py", line 16, in <module>
    from pipeline.data_pipeline import DataPipeline
  File "/opt/airflow/pipeline/data_pipeline.py", line 1, in <module>
    from components.data_ingestion import DataIngestion
  File "/opt/airflow/components/data_ingestion.py", line 2, in <module>
    from db.db_connection import DB
ModuleNotFoundError: No module named 'db'
[2026-06-15T09:36:06.208+0000] {processor.py:842} WARNING - No viable dags retrieved from /opt/airflow/dags/futsal_pipeline.py
[2026-06-15T09:36:06.235+0000] {processor.py:183} INFO - Processing /opt/airflow/dags/futsal_pipeline.py took 0.351 seconds
[2026-06-15T09:36:36.500+0000] {processor.py:161} INFO - Started process (PID=2907) to work on /opt/airflow/dags/futsal_pipeline.py
[2026-06-15T09:36:36.501+0000] {processor.py:830} INFO - Processing file /opt/airflow/dags/futsal_pipeline.py for tasks to queue
[2026-06-15T09:36:36.502+0000] {logging_mixin.py:188} INFO - [2026-06-15T09:36:36.502+0000] {dagbag.py:545} INFO - Filling up the DagBag from /opt/airflow/dags/futsal_pipeline.py
[2026-06-15T09:36:36.818+0000] {logging_mixin.py:188} INFO - [2026-06-15T09:36:36.808+0000] {dagbag.py:355} ERROR - Failed to import: /opt/airflow/dags/futsal_pipeline.py
Traceback (most recent call last):
  File "/home/airflow/.local/lib/python3.11/site-packages/airflow/models/dagbag.py", line 351, in parse
    loader.exec_module(new_module)
  File "<frozen importlib._bootstrap_external>", line 940, in exec_module
  File "<frozen importlib._bootstrap>", line 241, in _call_with_frames_removed
  File "/opt/airflow/dags/futsal_pipeline.py", line 16, in <module>
    from pipeline.data_pipeline import DataPipeline
  File "/opt/airflow/pipeline/data_pipeline.py", line 1, in <module>
    from components.data_ingestion import DataIngestion
  File "/opt/airflow/components/data_ingestion.py", line 2, in <module>
    from db.db_connection import DB
ModuleNotFoundError: No module named 'db'
[2026-06-15T09:36:36.820+0000] {processor.py:842} WARNING - No viable dags retrieved from /opt/airflow/dags/futsal_pipeline.py
[2026-06-15T09:36:36.848+0000] {processor.py:183} INFO - Processing /opt/airflow/dags/futsal_pipeline.py took 0.353 seconds
[2026-06-15T09:37:07.098+0000] {processor.py:161} INFO - Started process (PID=2919) to work on /opt/airflow/dags/futsal_pipeline.py
[2026-06-15T09:37:07.099+0000] {processor.py:830} INFO - Processing file /opt/airflow/dags/futsal_pipeline.py for tasks to queue
[2026-06-15T09:37:07.100+0000] {logging_mixin.py:188} INFO - [2026-06-15T09:37:07.100+0000] {dagbag.py:545} INFO - Filling up the DagBag from /opt/airflow/dags/futsal_pipeline.py
[2026-06-15T09:37:07.446+0000] {logging_mixin.py:188} INFO - [2026-06-15T09:37:07.437+0000] {dagbag.py:355} ERROR - Failed to import: /opt/airflow/dags/futsal_pipeline.py
Traceback (most recent call last):
  File "/home/airflow/.local/lib/python3.11/site-packages/airflow/models/dagbag.py", line 351, in parse
    loader.exec_module(new_module)
  File "<frozen importlib._bootstrap_external>", line 940, in exec_module
  File "<frozen importlib._bootstrap>", line 241, in _call_with_frames_removed
  File "/opt/airflow/dags/futsal_pipeline.py", line 16, in <module>
    from pipeline.data_pipeline import DataPipeline
  File "/opt/airflow/pipeline/data_pipeline.py", line 1, in <module>
    from components.data_ingestion import DataIngestion
  File "/opt/airflow/components/data_ingestion.py", line 2, in <module>
    from db.db_connection import DB
ModuleNotFoundError: No module named 'db'
[2026-06-15T09:37:07.448+0000] {processor.py:842} WARNING - No viable dags retrieved from /opt/airflow/dags/futsal_pipeline.py
[2026-06-15T09:37:07.465+0000] {processor.py:183} INFO - Processing /opt/airflow/dags/futsal_pipeline.py took 0.372 seconds
[2026-06-15T09:37:37.719+0000] {processor.py:161} INFO - Started process (PID=2931) to work on /opt/airflow/dags/futsal_pipeline.py
[2026-06-15T09:37:37.720+0000] {processor.py:830} INFO - Processing file /opt/airflow/dags/futsal_pipeline.py for tasks to queue
[2026-06-15T09:37:37.721+0000] {logging_mixin.py:188} INFO - [2026-06-15T09:37:37.720+0000] {dagbag.py:545} INFO - Filling up the DagBag from /opt/airflow/dags/futsal_pipeline.py
[2026-06-15T09:37:38.031+0000] {logging_mixin.py:188} INFO - [2026-06-15T09:37:38.020+0000] {dagbag.py:355} ERROR - Failed to import: /opt/airflow/dags/futsal_pipeline.py
Traceback (most recent call last):
  File "/home/airflow/.local/lib/python3.11/site-packages/airflow/models/dagbag.py", line 351, in parse
    loader.exec_module(new_module)
  File "<frozen importlib._bootstrap_external>", line 940, in exec_module
  File "<frozen importlib._bootstrap>", line 241, in _call_with_frames_removed
  File "/opt/airflow/dags/futsal_pipeline.py", line 16, in <module>
    from pipeline.data_pipeline import DataPipeline
  File "/opt/airflow/pipeline/data_pipeline.py", line 1, in <module>
    from components.data_ingestion import DataIngestion
  File "/opt/airflow/components/data_ingestion.py", line 2, in <module>
    from db.db_connection import DB
ModuleNotFoundError: No module named 'db'
[2026-06-15T09:37:38.033+0000] {processor.py:842} WARNING - No viable dags retrieved from /opt/airflow/dags/futsal_pipeline.py
[2026-06-15T09:37:38.051+0000] {processor.py:183} INFO - Processing /opt/airflow/dags/futsal_pipeline.py took 0.338 seconds
[2026-06-15T09:38:08.307+0000] {processor.py:161} INFO - Started process (PID=2943) to work on /opt/airflow/dags/futsal_pipeline.py
[2026-06-15T09:38:08.308+0000] {processor.py:830} INFO - Processing file /opt/airflow/dags/futsal_pipeline.py for tasks to queue
[2026-06-15T09:38:08.309+0000] {logging_mixin.py:188} INFO - [2026-06-15T09:38:08.309+0000] {dagbag.py:545} INFO - Filling up the DagBag from /opt/airflow/dags/futsal_pipeline.py
[2026-06-15T09:38:08.628+0000] {logging_mixin.py:188} INFO - [2026-06-15T09:38:08.617+0000] {dagbag.py:355} ERROR - Failed to import: /opt/airflow/dags/futsal_pipeline.py
Traceback (most recent call last):
  File "/home/airflow/.local/lib/python3.11/site-packages/airflow/models/dagbag.py", line 351, in parse
    loader.exec_module(new_module)
  File "<frozen importlib._bootstrap_external>", line 940, in exec_module
  File "<frozen importlib._bootstrap>", line 241, in _call_with_frames_removed
  File "/opt/airflow/dags/futsal_pipeline.py", line 16, in <module>
    from pipeline.data_pipeline import DataPipeline
  File "/opt/airflow/pipeline/data_pipeline.py", line 1, in <module>
    from components.data_ingestion import DataIngestion
  File "/opt/airflow/components/data_ingestion.py", line 2, in <module>
    from db.db_connection import DB
ModuleNotFoundError: No module named 'db'
[2026-06-15T09:38:08.629+0000] {processor.py:842} WARNING - No viable dags retrieved from /opt/airflow/dags/futsal_pipeline.py
[2026-06-15T09:38:08.657+0000] {processor.py:183} INFO - Processing /opt/airflow/dags/futsal_pipeline.py took 0.355 seconds
[2026-06-15T09:38:38.922+0000] {processor.py:161} INFO - Started process (PID=2955) to work on /opt/airflow/dags/futsal_pipeline.py
[2026-06-15T09:38:38.923+0000] {processor.py:830} INFO - Processing file /opt/airflow/dags/futsal_pipeline.py for tasks to queue
[2026-06-15T09:38:38.925+0000] {logging_mixin.py:188} INFO - [2026-06-15T09:38:38.924+0000] {dagbag.py:545} INFO - Filling up the DagBag from /opt/airflow/dags/futsal_pipeline.py
[2026-06-15T09:38:39.235+0000] {logging_mixin.py:188} INFO - [2026-06-15T09:38:39.226+0000] {dagbag.py:355} ERROR - Failed to import: /opt/airflow/dags/futsal_pipeline.py
Traceback (most recent call last):
  File "/home/airflow/.local/lib/python3.11/site-packages/airflow/models/dagbag.py", line 351, in parse
    loader.exec_module(new_module)
  File "<frozen importlib._bootstrap_external>", line 940, in exec_module
  File "<frozen importlib._bootstrap>", line 241, in _call_with_frames_removed
  File "/opt/airflow/dags/futsal_pipeline.py", line 16, in <module>
    from pipeline.data_pipeline import DataPipeline
  File "/opt/airflow/pipeline/data_pipeline.py", line 1, in <module>
    from components.data_ingestion import DataIngestion
  File "/opt/airflow/components/data_ingestion.py", line 2, in <module>
    from db.db_connection import DB
ModuleNotFoundError: No module named 'db'
[2026-06-15T09:38:39.237+0000] {processor.py:842} WARNING - No viable dags retrieved from /opt/airflow/dags/futsal_pipeline.py
[2026-06-15T09:38:39.265+0000] {processor.py:183} INFO - Processing /opt/airflow/dags/futsal_pipeline.py took 0.348 seconds
[2026-06-15T09:39:09.511+0000] {processor.py:161} INFO - Started process (PID=2967) to work on /opt/airflow/dags/futsal_pipeline.py
[2026-06-15T09:39:09.512+0000] {processor.py:830} INFO - Processing file /opt/airflow/dags/futsal_pipeline.py for tasks to queue
[2026-06-15T09:39:09.513+0000] {logging_mixin.py:188} INFO - [2026-06-15T09:39:09.512+0000] {dagbag.py:545} INFO - Filling up the DagBag from /opt/airflow/dags/futsal_pipeline.py
[2026-06-15T09:39:09.852+0000] {logging_mixin.py:188} INFO - [2026-06-15T09:39:09.843+0000] {dagbag.py:355} ERROR - Failed to import: /opt/airflow/dags/futsal_pipeline.py
Traceback (most recent call last):
  File "/home/airflow/.local/lib/python3.11/site-packages/airflow/models/dagbag.py", line 351, in parse
    loader.exec_module(new_module)
  File "<frozen importlib._bootstrap_external>", line 940, in exec_module
  File "<frozen importlib._bootstrap>", line 241, in _call_with_frames_removed
  File "/opt/airflow/dags/futsal_pipeline.py", line 16, in <module>
    from pipeline.data_pipeline import DataPipeline
  File "/opt/airflow/pipeline/data_pipeline.py", line 1, in <module>
    from components.data_ingestion import DataIngestion
  File "/opt/airflow/components/data_ingestion.py", line 2, in <module>
    from db.db_connection import DB
ModuleNotFoundError: No module named 'db'
[2026-06-15T09:39:09.854+0000] {processor.py:842} WARNING - No viable dags retrieved from /opt/airflow/dags/futsal_pipeline.py
[2026-06-15T09:39:09.885+0000] {processor.py:183} INFO - Processing /opt/airflow/dags/futsal_pipeline.py took 0.380 seconds
[2026-06-15T09:39:40.144+0000] {processor.py:161} INFO - Started process (PID=2979) to work on /opt/airflow/dags/futsal_pipeline.py
[2026-06-15T09:39:40.145+0000] {processor.py:830} INFO - Processing file /opt/airflow/dags/futsal_pipeline.py for tasks to queue
[2026-06-15T09:39:40.146+0000] {logging_mixin.py:188} INFO - [2026-06-15T09:39:40.145+0000] {dagbag.py:545} INFO - Filling up the DagBag from /opt/airflow/dags/futsal_pipeline.py
[2026-06-15T09:39:40.454+0000] {logging_mixin.py:188} INFO - [2026-06-15T09:39:40.444+0000] {dagbag.py:355} ERROR - Failed to import: /opt/airflow/dags/futsal_pipeline.py
Traceback (most recent call last):
  File "/home/airflow/.local/lib/python3.11/site-packages/airflow/models/dagbag.py", line 351, in parse
    loader.exec_module(new_module)
  File "<frozen importlib._bootstrap_external>", line 940, in exec_module
  File "<frozen importlib._bootstrap>", line 241, in _call_with_frames_removed
  File "/opt/airflow/dags/futsal_pipeline.py", line 16, in <module>
    from pipeline.data_pipeline import DataPipeline
  File "/opt/airflow/pipeline/data_pipeline.py", line 1, in <module>
    from components.data_ingestion import DataIngestion
  File "/opt/airflow/components/data_ingestion.py", line 2, in <module>
    from db.db_connection import DB
ModuleNotFoundError: No module named 'db'
[2026-06-15T09:39:40.455+0000] {processor.py:842} WARNING - No viable dags retrieved from /opt/airflow/dags/futsal_pipeline.py
[2026-06-15T09:39:40.483+0000] {processor.py:183} INFO - Processing /opt/airflow/dags/futsal_pipeline.py took 0.346 seconds
[2026-06-15T09:40:10.741+0000] {processor.py:161} INFO - Started process (PID=2991) to work on /opt/airflow/dags/futsal_pipeline.py
[2026-06-15T09:40:10.742+0000] {processor.py:830} INFO - Processing file /opt/airflow/dags/futsal_pipeline.py for tasks to queue
[2026-06-15T09:40:10.743+0000] {logging_mixin.py:188} INFO - [2026-06-15T09:40:10.743+0000] {dagbag.py:545} INFO - Filling up the DagBag from /opt/airflow/dags/futsal_pipeline.py
[2026-06-15T09:40:11.050+0000] {logging_mixin.py:188} INFO - [2026-06-15T09:40:11.041+0000] {dagbag.py:355} ERROR - Failed to import: /opt/airflow/dags/futsal_pipeline.py
Traceback (most recent call last):
  File "/home/airflow/.local/lib/python3.11/site-packages/airflow/models/dagbag.py", line 351, in parse
    loader.exec_module(new_module)
  File "<frozen importlib._bootstrap_external>", line 940, in exec_module
  File "<frozen importlib._bootstrap>", line 241, in _call_with_frames_removed
  File "/opt/airflow/dags/futsal_pipeline.py", line 16, in <module>
    from pipeline.data_pipeline import DataPipeline
  File "/opt/airflow/pipeline/data_pipeline.py", line 1, in <module>
    from components.data_ingestion import DataIngestion
  File "/opt/airflow/components/data_ingestion.py", line 2, in <module>
    from db.db_connection import DB
ModuleNotFoundError: No module named 'db'
[2026-06-15T09:40:11.052+0000] {processor.py:842} WARNING - No viable dags retrieved from /opt/airflow/dags/futsal_pipeline.py
[2026-06-15T09:40:11.079+0000] {processor.py:183} INFO - Processing /opt/airflow/dags/futsal_pipeline.py took 0.344 seconds
[2026-06-15T09:40:41.335+0000] {processor.py:161} INFO - Started process (PID=3003) to work on /opt/airflow/dags/futsal_pipeline.py
[2026-06-15T09:40:41.336+0000] {processor.py:830} INFO - Processing file /opt/airflow/dags/futsal_pipeline.py for tasks to queue
[2026-06-15T09:40:41.338+0000] {logging_mixin.py:188} INFO - [2026-06-15T09:40:41.337+0000] {dagbag.py:545} INFO - Filling up the DagBag from /opt/airflow/dags/futsal_pipeline.py
[2026-06-15T09:40:41.667+0000] {logging_mixin.py:188} INFO - [2026-06-15T09:40:41.657+0000] {dagbag.py:355} ERROR - Failed to import: /opt/airflow/dags/futsal_pipeline.py
Traceback (most recent call last):
  File "/home/airflow/.local/lib/python3.11/site-packages/airflow/models/dagbag.py", line 351, in parse
    loader.exec_module(new_module)
  File "<frozen importlib._bootstrap_external>", line 940, in exec_module
  File "<frozen importlib._bootstrap>", line 241, in _call_with_frames_removed
  File "/opt/airflow/dags/futsal_pipeline.py", line 16, in <module>
    from pipeline.data_pipeline import DataPipeline
  File "/opt/airflow/pipeline/data_pipeline.py", line 1, in <module>
    from components.data_ingestion import DataIngestion
  File "/opt/airflow/components/data_ingestion.py", line 2, in <module>
    from db.db_connection import DB
ModuleNotFoundError: No module named 'db'
[2026-06-15T09:40:41.669+0000] {processor.py:842} WARNING - No viable dags retrieved from /opt/airflow/dags/futsal_pipeline.py
[2026-06-15T09:40:41.695+0000] {processor.py:183} INFO - Processing /opt/airflow/dags/futsal_pipeline.py took 0.366 seconds
[2026-06-15T09:41:11.932+0000] {processor.py:161} INFO - Started process (PID=3015) to work on /opt/airflow/dags/futsal_pipeline.py
[2026-06-15T09:41:11.933+0000] {processor.py:830} INFO - Processing file /opt/airflow/dags/futsal_pipeline.py for tasks to queue
[2026-06-15T09:41:11.934+0000] {logging_mixin.py:188} INFO - [2026-06-15T09:41:11.934+0000] {dagbag.py:545} INFO - Filling up the DagBag from /opt/airflow/dags/futsal_pipeline.py
[2026-06-15T09:41:12.265+0000] {logging_mixin.py:188} INFO - [2026-06-15T09:41:12.255+0000] {dagbag.py:355} ERROR - Failed to import: /opt/airflow/dags/futsal_pipeline.py
Traceback (most recent call last):
  File "/home/airflow/.local/lib/python3.11/site-packages/airflow/models/dagbag.py", line 351, in parse
    loader.exec_module(new_module)
  File "<frozen importlib._bootstrap_external>", line 940, in exec_module
  File "<frozen importlib._bootstrap>", line 241, in _call_with_frames_removed
  File "/opt/airflow/dags/futsal_pipeline.py", line 16, in <module>
    from pipeline.data_pipeline import DataPipeline
  File "/opt/airflow/pipeline/data_pipeline.py", line 1, in <module>
    from components.data_ingestion import DataIngestion
  File "/opt/airflow/components/data_ingestion.py", line 2, in <module>
    from db.db_connection import DB
ModuleNotFoundError: No module named 'db'
[2026-06-15T09:41:12.266+0000] {processor.py:842} WARNING - No viable dags retrieved from /opt/airflow/dags/futsal_pipeline.py
[2026-06-15T09:41:12.283+0000] {processor.py:183} INFO - Processing /opt/airflow/dags/futsal_pipeline.py took 0.357 seconds
[2026-06-15T09:41:42.506+0000] {processor.py:161} INFO - Started process (PID=3027) to work on /opt/airflow/dags/futsal_pipeline.py
[2026-06-15T09:41:42.507+0000] {processor.py:830} INFO - Processing file /opt/airflow/dags/futsal_pipeline.py for tasks to queue
[2026-06-15T09:41:42.508+0000] {logging_mixin.py:188} INFO - [2026-06-15T09:41:42.508+0000] {dagbag.py:545} INFO - Filling up the DagBag from /opt/airflow/dags/futsal_pipeline.py
[2026-06-15T09:41:42.825+0000] {logging_mixin.py:188} INFO - [2026-06-15T09:41:42.813+0000] {dagbag.py:355} ERROR - Failed to import: /opt/airflow/dags/futsal_pipeline.py
Traceback (most recent call last):
  File "/home/airflow/.local/lib/python3.11/site-packages/airflow/models/dagbag.py", line 351, in parse
    loader.exec_module(new_module)
  File "<frozen importlib._bootstrap_external>", line 940, in exec_module
  File "<frozen importlib._bootstrap>", line 241, in _call_with_frames_removed
  File "/opt/airflow/dags/futsal_pipeline.py", line 16, in <module>
    from pipeline.data_pipeline import DataPipeline
  File "/opt/airflow/pipeline/data_pipeline.py", line 1, in <module>
    from components.data_ingestion import DataIngestion
  File "/opt/airflow/components/data_ingestion.py", line 2, in <module>
    from db.db_connection import DB
ModuleNotFoundError: No module named 'db'
[2026-06-15T09:41:42.827+0000] {processor.py:842} WARNING - No viable dags retrieved from /opt/airflow/dags/futsal_pipeline.py
[2026-06-15T09:41:42.846+0000] {processor.py:183} INFO - Processing /opt/airflow/dags/futsal_pipeline.py took 0.347 seconds
[2026-06-15T09:42:13.096+0000] {processor.py:161} INFO - Started process (PID=3039) to work on /opt/airflow/dags/futsal_pipeline.py
[2026-06-15T09:42:13.098+0000] {processor.py:830} INFO - Processing file /opt/airflow/dags/futsal_pipeline.py for tasks to queue
[2026-06-15T09:42:13.099+0000] {logging_mixin.py:188} INFO - [2026-06-15T09:42:13.098+0000] {dagbag.py:545} INFO - Filling up the DagBag from /opt/airflow/dags/futsal_pipeline.py
[2026-06-15T09:42:13.400+0000] {logging_mixin.py:188} INFO - [2026-06-15T09:42:13.389+0000] {dagbag.py:355} ERROR - Failed to import: /opt/airflow/dags/futsal_pipeline.py
Traceback (most recent call last):
  File "/home/airflow/.local/lib/python3.11/site-packages/airflow/models/dagbag.py", line 351, in parse
    loader.exec_module(new_module)
  File "<frozen importlib._bootstrap_external>", line 940, in exec_module
  File "<frozen importlib._bootstrap>", line 241, in _call_with_frames_removed
  File "/opt/airflow/dags/futsal_pipeline.py", line 16, in <module>
    from pipeline.data_pipeline import DataPipeline
  File "/opt/airflow/pipeline/data_pipeline.py", line 1, in <module>
    from components.data_ingestion import DataIngestion
  File "/opt/airflow/components/data_ingestion.py", line 2, in <module>
    from db.db_connection import DB
ModuleNotFoundError: No module named 'db'
[2026-06-15T09:42:13.401+0000] {processor.py:842} WARNING - No viable dags retrieved from /opt/airflow/dags/futsal_pipeline.py
[2026-06-15T09:42:13.430+0000] {processor.py:183} INFO - Processing /opt/airflow/dags/futsal_pipeline.py took 0.339 seconds
[2026-06-15T09:42:43.708+0000] {processor.py:161} INFO - Started process (PID=3051) to work on /opt/airflow/dags/futsal_pipeline.py
[2026-06-15T09:42:43.709+0000] {processor.py:830} INFO - Processing file /opt/airflow/dags/futsal_pipeline.py for tasks to queue
[2026-06-15T09:42:43.710+0000] {logging_mixin.py:188} INFO - [2026-06-15T09:42:43.709+0000] {dagbag.py:545} INFO - Filling up the DagBag from /opt/airflow/dags/futsal_pipeline.py
[2026-06-15T09:42:44.010+0000] {logging_mixin.py:188} INFO - [2026-06-15T09:42:43.998+0000] {dagbag.py:355} ERROR - Failed to import: /opt/airflow/dags/futsal_pipeline.py
Traceback (most recent call last):
  File "/home/airflow/.local/lib/python3.11/site-packages/airflow/models/dagbag.py", line 351, in parse
    loader.exec_module(new_module)
  File "<frozen importlib._bootstrap_external>", line 940, in exec_module
  File "<frozen importlib._bootstrap>", line 241, in _call_with_frames_removed
  File "/opt/airflow/dags/futsal_pipeline.py", line 16, in <module>
    from pipeline.data_pipeline import DataPipeline
  File "/opt/airflow/pipeline/data_pipeline.py", line 1, in <module>
    from components.data_ingestion import DataIngestion
  File "/opt/airflow/components/data_ingestion.py", line 2, in <module>
    from db.db_connection import DB
ModuleNotFoundError: No module named 'db'
[2026-06-15T09:42:44.011+0000] {processor.py:842} WARNING - No viable dags retrieved from /opt/airflow/dags/futsal_pipeline.py
[2026-06-15T09:42:44.039+0000] {processor.py:183} INFO - Processing /opt/airflow/dags/futsal_pipeline.py took 0.337 seconds
[2026-06-15T09:43:14.295+0000] {processor.py:161} INFO - Started process (PID=3063) to work on /opt/airflow/dags/futsal_pipeline.py
[2026-06-15T09:43:14.296+0000] {processor.py:830} INFO - Processing file /opt/airflow/dags/futsal_pipeline.py for tasks to queue
[2026-06-15T09:43:14.297+0000] {logging_mixin.py:188} INFO - [2026-06-15T09:43:14.296+0000] {dagbag.py:545} INFO - Filling up the DagBag from /opt/airflow/dags/futsal_pipeline.py
[2026-06-15T09:43:14.611+0000] {logging_mixin.py:188} INFO - [2026-06-15T09:43:14.602+0000] {dagbag.py:355} ERROR - Failed to import: /opt/airflow/dags/futsal_pipeline.py
Traceback (most recent call last):
  File "/home/airflow/.local/lib/python3.11/site-packages/airflow/models/dagbag.py", line 351, in parse
    loader.exec_module(new_module)
  File "<frozen importlib._bootstrap_external>", line 940, in exec_module
  File "<frozen importlib._bootstrap>", line 241, in _call_with_frames_removed
  File "/opt/airflow/dags/futsal_pipeline.py", line 16, in <module>
    from pipeline.data_pipeline import DataPipeline
  File "/opt/airflow/pipeline/data_pipeline.py", line 1, in <module>
    from components.data_ingestion import DataIngestion
  File "/opt/airflow/components/data_ingestion.py", line 2, in <module>
    from db.db_connection import DB
ModuleNotFoundError: No module named 'db'
[2026-06-15T09:43:14.613+0000] {processor.py:842} WARNING - No viable dags retrieved from /opt/airflow/dags/futsal_pipeline.py
[2026-06-15T09:43:14.640+0000] {processor.py:183} INFO - Processing /opt/airflow/dags/futsal_pipeline.py took 0.350 seconds
[2026-06-15T09:43:44.842+0000] {processor.py:161} INFO - Started process (PID=3075) to work on /opt/airflow/dags/futsal_pipeline.py
[2026-06-15T09:43:44.843+0000] {processor.py:830} INFO - Processing file /opt/airflow/dags/futsal_pipeline.py for tasks to queue
[2026-06-15T09:43:44.845+0000] {logging_mixin.py:188} INFO - [2026-06-15T09:43:44.844+0000] {dagbag.py:545} INFO - Filling up the DagBag from /opt/airflow/dags/futsal_pipeline.py
[2026-06-15T09:43:45.168+0000] {logging_mixin.py:188} INFO - [2026-06-15T09:43:45.157+0000] {dagbag.py:355} ERROR - Failed to import: /opt/airflow/dags/futsal_pipeline.py
Traceback (most recent call last):
  File "/home/airflow/.local/lib/python3.11/site-packages/airflow/models/dagbag.py", line 351, in parse
    loader.exec_module(new_module)
  File "<frozen importlib._bootstrap_external>", line 940, in exec_module
  File "<frozen importlib._bootstrap>", line 241, in _call_with_frames_removed
  File "/opt/airflow/dags/futsal_pipeline.py", line 16, in <module>
    from pipeline.data_pipeline import DataPipeline
  File "/opt/airflow/pipeline/data_pipeline.py", line 1, in <module>
    from components.data_ingestion import DataIngestion
  File "/opt/airflow/components/data_ingestion.py", line 2, in <module>
    from db.db_connection import DB
ModuleNotFoundError: No module named 'db'
[2026-06-15T09:43:45.170+0000] {processor.py:842} WARNING - No viable dags retrieved from /opt/airflow/dags/futsal_pipeline.py
[2026-06-15T09:43:45.197+0000] {processor.py:183} INFO - Processing /opt/airflow/dags/futsal_pipeline.py took 0.362 seconds
[2026-06-15T09:44:15.473+0000] {processor.py:161} INFO - Started process (PID=3087) to work on /opt/airflow/dags/futsal_pipeline.py
[2026-06-15T09:44:15.474+0000] {processor.py:830} INFO - Processing file /opt/airflow/dags/futsal_pipeline.py for tasks to queue
[2026-06-15T09:44:15.475+0000] {logging_mixin.py:188} INFO - [2026-06-15T09:44:15.475+0000] {dagbag.py:545} INFO - Filling up the DagBag from /opt/airflow/dags/futsal_pipeline.py
[2026-06-15T09:44:15.800+0000] {logging_mixin.py:188} INFO - [2026-06-15T09:44:15.790+0000] {dagbag.py:355} ERROR - Failed to import: /opt/airflow/dags/futsal_pipeline.py
Traceback (most recent call last):
  File "/home/airflow/.local/lib/python3.11/site-packages/airflow/models/dagbag.py", line 351, in parse
    loader.exec_module(new_module)
  File "<frozen importlib._bootstrap_external>", line 940, in exec_module
  File "<frozen importlib._bootstrap>", line 241, in _call_with_frames_removed
  File "/opt/airflow/dags/futsal_pipeline.py", line 16, in <module>
    from pipeline.data_pipeline import DataPipeline
  File "/opt/airflow/pipeline/data_pipeline.py", line 1, in <module>
    from components.data_ingestion import DataIngestion
  File "/opt/airflow/components/data_ingestion.py", line 2, in <module>
    from db.db_connection import DB
ModuleNotFoundError: No module named 'db'
[2026-06-15T09:44:15.801+0000] {processor.py:842} WARNING - No viable dags retrieved from /opt/airflow/dags/futsal_pipeline.py
[2026-06-15T09:44:15.828+0000] {processor.py:183} INFO - Processing /opt/airflow/dags/futsal_pipeline.py took 0.361 seconds
[2026-06-15T09:44:46.089+0000] {processor.py:161} INFO - Started process (PID=3099) to work on /opt/airflow/dags/futsal_pipeline.py
[2026-06-15T09:44:46.090+0000] {processor.py:830} INFO - Processing file /opt/airflow/dags/futsal_pipeline.py for tasks to queue
[2026-06-15T09:44:46.091+0000] {logging_mixin.py:188} INFO - [2026-06-15T09:44:46.091+0000] {dagbag.py:545} INFO - Filling up the DagBag from /opt/airflow/dags/futsal_pipeline.py
[2026-06-15T09:44:46.459+0000] {logging_mixin.py:188} INFO - [2026-06-15T09:44:46.446+0000] {dagbag.py:355} ERROR - Failed to import: /opt/airflow/dags/futsal_pipeline.py
Traceback (most recent call last):
  File "/home/airflow/.local/lib/python3.11/site-packages/airflow/models/dagbag.py", line 351, in parse
    loader.exec_module(new_module)
  File "<frozen importlib._bootstrap_external>", line 940, in exec_module
  File "<frozen importlib._bootstrap>", line 241, in _call_with_frames_removed
  File "/opt/airflow/dags/futsal_pipeline.py", line 16, in <module>
    from pipeline.data_pipeline import DataPipeline
  File "/opt/airflow/pipeline/data_pipeline.py", line 1, in <module>
    from components.data_ingestion import DataIngestion
  File "/opt/airflow/components/data_ingestion.py", line 2, in <module>
    from db.db_connection import DB
ModuleNotFoundError: No module named 'db'
[2026-06-15T09:44:46.461+0000] {processor.py:842} WARNING - No viable dags retrieved from /opt/airflow/dags/futsal_pipeline.py
[2026-06-15T09:44:46.482+0000] {processor.py:183} INFO - Processing /opt/airflow/dags/futsal_pipeline.py took 0.397 seconds
[2026-06-15T09:45:16.738+0000] {processor.py:161} INFO - Started process (PID=3111) to work on /opt/airflow/dags/futsal_pipeline.py
[2026-06-15T09:45:16.739+0000] {processor.py:830} INFO - Processing file /opt/airflow/dags/futsal_pipeline.py for tasks to queue
[2026-06-15T09:45:16.740+0000] {logging_mixin.py:188} INFO - [2026-06-15T09:45:16.740+0000] {dagbag.py:545} INFO - Filling up the DagBag from /opt/airflow/dags/futsal_pipeline.py
[2026-06-15T09:45:17.080+0000] {logging_mixin.py:188} INFO - [2026-06-15T09:45:17.068+0000] {dagbag.py:355} ERROR - Failed to import: /opt/airflow/dags/futsal_pipeline.py
Traceback (most recent call last):
  File "/home/airflow/.local/lib/python3.11/site-packages/airflow/models/dagbag.py", line 351, in parse
    loader.exec_module(new_module)
  File "<frozen importlib._bootstrap_external>", line 940, in exec_module
  File "<frozen importlib._bootstrap>", line 241, in _call_with_frames_removed
  File "/opt/airflow/dags/futsal_pipeline.py", line 16, in <module>
    from pipeline.data_pipeline import DataPipeline
  File "/opt/airflow/pipeline/data_pipeline.py", line 1, in <module>
    from components.data_ingestion import DataIngestion
  File "/opt/airflow/components/data_ingestion.py", line 2, in <module>
    from db.db_connection import DB
ModuleNotFoundError: No module named 'db'
[2026-06-15T09:45:17.081+0000] {processor.py:842} WARNING - No viable dags retrieved from /opt/airflow/dags/futsal_pipeline.py
[2026-06-15T09:45:17.108+0000] {processor.py:183} INFO - Processing /opt/airflow/dags/futsal_pipeline.py took 0.376 seconds
[2026-06-15T09:45:47.328+0000] {processor.py:161} INFO - Started process (PID=3123) to work on /opt/airflow/dags/futsal_pipeline.py
[2026-06-15T09:45:47.329+0000] {processor.py:830} INFO - Processing file /opt/airflow/dags/futsal_pipeline.py for tasks to queue
[2026-06-15T09:45:47.331+0000] {logging_mixin.py:188} INFO - [2026-06-15T09:45:47.330+0000] {dagbag.py:545} INFO - Filling up the DagBag from /opt/airflow/dags/futsal_pipeline.py
[2026-06-15T09:45:47.640+0000] {logging_mixin.py:188} INFO - [2026-06-15T09:45:47.629+0000] {dagbag.py:355} ERROR - Failed to import: /opt/airflow/dags/futsal_pipeline.py
Traceback (most recent call last):
  File "/home/airflow/.local/lib/python3.11/site-packages/airflow/models/dagbag.py", line 351, in parse
    loader.exec_module(new_module)
  File "<frozen importlib._bootstrap_external>", line 940, in exec_module
  File "<frozen importlib._bootstrap>", line 241, in _call_with_frames_removed
  File "/opt/airflow/dags/futsal_pipeline.py", line 16, in <module>
    from pipeline.data_pipeline import DataPipeline
  File "/opt/airflow/pipeline/data_pipeline.py", line 1, in <module>
    from components.data_ingestion import DataIngestion
  File "/opt/airflow/components/data_ingestion.py", line 2, in <module>
    from db.db_connection import DB
ModuleNotFoundError: No module named 'db'
[2026-06-15T09:45:47.641+0000] {processor.py:842} WARNING - No viable dags retrieved from /opt/airflow/dags/futsal_pipeline.py
[2026-06-15T09:45:47.669+0000] {processor.py:183} INFO - Processing /opt/airflow/dags/futsal_pipeline.py took 0.347 seconds
[2026-06-15T09:46:17.911+0000] {processor.py:161} INFO - Started process (PID=3135) to work on /opt/airflow/dags/futsal_pipeline.py
[2026-06-15T09:46:17.914+0000] {processor.py:830} INFO - Processing file /opt/airflow/dags/futsal_pipeline.py for tasks to queue
[2026-06-15T09:46:17.915+0000] {logging_mixin.py:188} INFO - [2026-06-15T09:46:17.915+0000] {dagbag.py:545} INFO - Filling up the DagBag from /opt/airflow/dags/futsal_pipeline.py
[2026-06-15T09:46:18.304+0000] {logging_mixin.py:188} INFO - [2026-06-15T09:46:18.294+0000] {dagbag.py:355} ERROR - Failed to import: /opt/airflow/dags/futsal_pipeline.py
Traceback (most recent call last):
  File "/home/airflow/.local/lib/python3.11/site-packages/airflow/models/dagbag.py", line 351, in parse
    loader.exec_module(new_module)
  File "<frozen importlib._bootstrap_external>", line 940, in exec_module
  File "<frozen importlib._bootstrap>", line 241, in _call_with_frames_removed
  File "/opt/airflow/dags/futsal_pipeline.py", line 16, in <module>
    from pipeline.data_pipeline import DataPipeline
  File "/opt/airflow/pipeline/data_pipeline.py", line 1, in <module>
    from components.data_ingestion import DataIngestion
  File "/opt/airflow/components/data_ingestion.py", line 2, in <module>
    from db.db_connection import DB
ModuleNotFoundError: No module named 'db'
[2026-06-15T09:46:18.306+0000] {processor.py:842} WARNING - No viable dags retrieved from /opt/airflow/dags/futsal_pipeline.py
[2026-06-15T09:46:18.333+0000] {processor.py:183} INFO - Processing /opt/airflow/dags/futsal_pipeline.py took 0.434 seconds
[2026-06-15T09:46:48.574+0000] {processor.py:161} INFO - Started process (PID=3147) to work on /opt/airflow/dags/futsal_pipeline.py
[2026-06-15T09:46:48.575+0000] {processor.py:830} INFO - Processing file /opt/airflow/dags/futsal_pipeline.py for tasks to queue
[2026-06-15T09:46:48.576+0000] {logging_mixin.py:188} INFO - [2026-06-15T09:46:48.576+0000] {dagbag.py:545} INFO - Filling up the DagBag from /opt/airflow/dags/futsal_pipeline.py
[2026-06-15T09:46:48.906+0000] {logging_mixin.py:188} INFO - [2026-06-15T09:46:48.895+0000] {dagbag.py:355} ERROR - Failed to import: /opt/airflow/dags/futsal_pipeline.py
Traceback (most recent call last):
  File "/home/airflow/.local/lib/python3.11/site-packages/airflow/models/dagbag.py", line 351, in parse
    loader.exec_module(new_module)
  File "<frozen importlib._bootstrap_external>", line 940, in exec_module
  File "<frozen importlib._bootstrap>", line 241, in _call_with_frames_removed
  File "/opt/airflow/dags/futsal_pipeline.py", line 16, in <module>
    from pipeline.data_pipeline import DataPipeline
  File "/opt/airflow/pipeline/data_pipeline.py", line 1, in <module>
    from components.data_ingestion import DataIngestion
  File "/opt/airflow/components/data_ingestion.py", line 2, in <module>
    from db.db_connection import DB
ModuleNotFoundError: No module named 'db'
[2026-06-15T09:46:48.909+0000] {processor.py:842} WARNING - No viable dags retrieved from /opt/airflow/dags/futsal_pipeline.py
[2026-06-15T09:46:48.937+0000] {processor.py:183} INFO - Processing /opt/airflow/dags/futsal_pipeline.py took 0.369 seconds
[2026-06-15T09:47:19.147+0000] {processor.py:161} INFO - Started process (PID=3159) to work on /opt/airflow/dags/futsal_pipeline.py
[2026-06-15T09:47:19.148+0000] {processor.py:830} INFO - Processing file /opt/airflow/dags/futsal_pipeline.py for tasks to queue
[2026-06-15T09:47:19.149+0000] {logging_mixin.py:188} INFO - [2026-06-15T09:47:19.149+0000] {dagbag.py:545} INFO - Filling up the DagBag from /opt/airflow/dags/futsal_pipeline.py
[2026-06-15T09:47:19.503+0000] {logging_mixin.py:188} INFO - [2026-06-15T09:47:19.491+0000] {dagbag.py:355} ERROR - Failed to import: /opt/airflow/dags/futsal_pipeline.py
Traceback (most recent call last):
  File "/home/airflow/.local/lib/python3.11/site-packages/airflow/models/dagbag.py", line 351, in parse
    loader.exec_module(new_module)
  File "<frozen importlib._bootstrap_external>", line 940, in exec_module
  File "<frozen importlib._bootstrap>", line 241, in _call_with_frames_removed
  File "/opt/airflow/dags/futsal_pipeline.py", line 16, in <module>
    from pipeline.data_pipeline import DataPipeline
  File "/opt/airflow/pipeline/data_pipeline.py", line 1, in <module>
    from components.data_ingestion import DataIngestion
  File "/opt/airflow/components/data_ingestion.py", line 2, in <module>
    from db.db_connection import DB
ModuleNotFoundError: No module named 'db'
[2026-06-15T09:47:19.505+0000] {processor.py:842} WARNING - No viable dags retrieved from /opt/airflow/dags/futsal_pipeline.py
[2026-06-15T09:47:19.523+0000] {processor.py:183} INFO - Processing /opt/airflow/dags/futsal_pipeline.py took 0.382 seconds
[2026-06-15T09:47:49.745+0000] {processor.py:161} INFO - Started process (PID=3171) to work on /opt/airflow/dags/futsal_pipeline.py
[2026-06-15T09:47:49.745+0000] {processor.py:830} INFO - Processing file /opt/airflow/dags/futsal_pipeline.py for tasks to queue
[2026-06-15T09:47:49.747+0000] {logging_mixin.py:188} INFO - [2026-06-15T09:47:49.746+0000] {dagbag.py:545} INFO - Filling up the DagBag from /opt/airflow/dags/futsal_pipeline.py
[2026-06-15T09:47:50.066+0000] {logging_mixin.py:188} INFO - [2026-06-15T09:47:50.048+0000] {dagbag.py:355} ERROR - Failed to import: /opt/airflow/dags/futsal_pipeline.py
Traceback (most recent call last):
  File "/home/airflow/.local/lib/python3.11/site-packages/airflow/models/dagbag.py", line 351, in parse
    loader.exec_module(new_module)
  File "<frozen importlib._bootstrap_external>", line 940, in exec_module
  File "<frozen importlib._bootstrap>", line 241, in _call_with_frames_removed
  File "/opt/airflow/dags/futsal_pipeline.py", line 16, in <module>
    from pipeline.data_pipeline import DataPipeline
  File "/opt/airflow/pipeline/data_pipeline.py", line 1, in <module>
    from components.data_ingestion import DataIngestion
  File "/opt/airflow/components/data_ingestion.py", line 2, in <module>
    from db.db_connection import DB
ModuleNotFoundError: No module named 'db'
[2026-06-15T09:47:50.069+0000] {processor.py:842} WARNING - No viable dags retrieved from /opt/airflow/dags/futsal_pipeline.py
[2026-06-15T09:47:50.101+0000] {processor.py:183} INFO - Processing /opt/airflow/dags/futsal_pipeline.py took 0.362 seconds
[2026-06-15T09:48:20.321+0000] {processor.py:161} INFO - Started process (PID=3183) to work on /opt/airflow/dags/futsal_pipeline.py
[2026-06-15T09:48:20.322+0000] {processor.py:830} INFO - Processing file /opt/airflow/dags/futsal_pipeline.py for tasks to queue
[2026-06-15T09:48:20.323+0000] {logging_mixin.py:188} INFO - [2026-06-15T09:48:20.322+0000] {dagbag.py:545} INFO - Filling up the DagBag from /opt/airflow/dags/futsal_pipeline.py
[2026-06-15T09:48:20.685+0000] {logging_mixin.py:188} INFO - [2026-06-15T09:48:20.673+0000] {dagbag.py:355} ERROR - Failed to import: /opt/airflow/dags/futsal_pipeline.py
Traceback (most recent call last):
  File "/home/airflow/.local/lib/python3.11/site-packages/airflow/models/dagbag.py", line 351, in parse
    loader.exec_module(new_module)
  File "<frozen importlib._bootstrap_external>", line 940, in exec_module
  File "<frozen importlib._bootstrap>", line 241, in _call_with_frames_removed
  File "/opt/airflow/dags/futsal_pipeline.py", line 16, in <module>
    from pipeline.data_pipeline import DataPipeline
  File "/opt/airflow/pipeline/data_pipeline.py", line 1, in <module>
    from components.data_ingestion import DataIngestion
  File "/opt/airflow/components/data_ingestion.py", line 2, in <module>
    from db.db_connection import DB
ModuleNotFoundError: No module named 'db'
[2026-06-15T09:48:20.687+0000] {processor.py:842} WARNING - No viable dags retrieved from /opt/airflow/dags/futsal_pipeline.py
[2026-06-15T09:48:20.715+0000] {processor.py:183} INFO - Processing /opt/airflow/dags/futsal_pipeline.py took 0.400 seconds
[2026-06-15T09:48:50.914+0000] {processor.py:161} INFO - Started process (PID=3195) to work on /opt/airflow/dags/futsal_pipeline.py
[2026-06-15T09:48:50.916+0000] {processor.py:830} INFO - Processing file /opt/airflow/dags/futsal_pipeline.py for tasks to queue
[2026-06-15T09:48:50.917+0000] {logging_mixin.py:188} INFO - [2026-06-15T09:48:50.916+0000] {dagbag.py:545} INFO - Filling up the DagBag from /opt/airflow/dags/futsal_pipeline.py
[2026-06-15T09:48:51.260+0000] {logging_mixin.py:188} INFO - [2026-06-15T09:48:51.252+0000] {dagbag.py:355} ERROR - Failed to import: /opt/airflow/dags/futsal_pipeline.py
Traceback (most recent call last):
  File "/home/airflow/.local/lib/python3.11/site-packages/airflow/models/dagbag.py", line 351, in parse
    loader.exec_module(new_module)
  File "<frozen importlib._bootstrap_external>", line 940, in exec_module
  File "<frozen importlib._bootstrap>", line 241, in _call_with_frames_removed
  File "/opt/airflow/dags/futsal_pipeline.py", line 16, in <module>
    from pipeline.data_pipeline import DataPipeline
  File "/opt/airflow/pipeline/data_pipeline.py", line 1, in <module>
    from components.data_ingestion import DataIngestion
  File "/opt/airflow/components/data_ingestion.py", line 2, in <module>
    from db.db_connection import DB
ModuleNotFoundError: No module named 'db'
[2026-06-15T09:48:51.261+0000] {processor.py:842} WARNING - No viable dags retrieved from /opt/airflow/dags/futsal_pipeline.py
[2026-06-15T09:48:51.288+0000] {processor.py:183} INFO - Processing /opt/airflow/dags/futsal_pipeline.py took 0.380 seconds
[2026-06-15T09:49:21.482+0000] {processor.py:161} INFO - Started process (PID=3207) to work on /opt/airflow/dags/futsal_pipeline.py
[2026-06-15T09:49:21.484+0000] {processor.py:830} INFO - Processing file /opt/airflow/dags/futsal_pipeline.py for tasks to queue
[2026-06-15T09:49:21.485+0000] {logging_mixin.py:188} INFO - [2026-06-15T09:49:21.484+0000] {dagbag.py:545} INFO - Filling up the DagBag from /opt/airflow/dags/futsal_pipeline.py
[2026-06-15T09:49:21.809+0000] {logging_mixin.py:188} INFO - [2026-06-15T09:49:21.799+0000] {dagbag.py:355} ERROR - Failed to import: /opt/airflow/dags/futsal_pipeline.py
Traceback (most recent call last):
  File "/home/airflow/.local/lib/python3.11/site-packages/airflow/models/dagbag.py", line 351, in parse
    loader.exec_module(new_module)
  File "<frozen importlib._bootstrap_external>", line 940, in exec_module
  File "<frozen importlib._bootstrap>", line 241, in _call_with_frames_removed
  File "/opt/airflow/dags/futsal_pipeline.py", line 16, in <module>
    from pipeline.data_pipeline import DataPipeline
  File "/opt/airflow/pipeline/data_pipeline.py", line 1, in <module>
    from components.data_ingestion import DataIngestion
  File "/opt/airflow/components/data_ingestion.py", line 2, in <module>
    from db.db_connection import DB
ModuleNotFoundError: No module named 'db'
[2026-06-15T09:49:21.811+0000] {processor.py:842} WARNING - No viable dags retrieved from /opt/airflow/dags/futsal_pipeline.py
[2026-06-15T09:49:21.839+0000] {processor.py:183} INFO - Processing /opt/airflow/dags/futsal_pipeline.py took 0.363 seconds
[2026-06-15T09:49:52.037+0000] {processor.py:161} INFO - Started process (PID=3219) to work on /opt/airflow/dags/futsal_pipeline.py
[2026-06-15T09:49:52.038+0000] {processor.py:830} INFO - Processing file /opt/airflow/dags/futsal_pipeline.py for tasks to queue
[2026-06-15T09:49:52.038+0000] {logging_mixin.py:188} INFO - [2026-06-15T09:49:52.038+0000] {dagbag.py:545} INFO - Filling up the DagBag from /opt/airflow/dags/futsal_pipeline.py
[2026-06-15T09:49:52.373+0000] {logging_mixin.py:188} INFO - [2026-06-15T09:49:52.361+0000] {dagbag.py:355} ERROR - Failed to import: /opt/airflow/dags/futsal_pipeline.py
Traceback (most recent call last):
  File "/home/airflow/.local/lib/python3.11/site-packages/airflow/models/dagbag.py", line 351, in parse
    loader.exec_module(new_module)
  File "<frozen importlib._bootstrap_external>", line 940, in exec_module
  File "<frozen importlib._bootstrap>", line 241, in _call_with_frames_removed
  File "/opt/airflow/dags/futsal_pipeline.py", line 16, in <module>
    from pipeline.data_pipeline import DataPipeline
  File "/opt/airflow/pipeline/data_pipeline.py", line 1, in <module>
    from components.data_ingestion import DataIngestion
  File "/opt/airflow/components/data_ingestion.py", line 2, in <module>
    from db.db_connection import DB
ModuleNotFoundError: No module named 'db'
[2026-06-15T09:49:52.374+0000] {processor.py:842} WARNING - No viable dags retrieved from /opt/airflow/dags/futsal_pipeline.py
[2026-06-15T09:49:52.402+0000] {processor.py:183} INFO - Processing /opt/airflow/dags/futsal_pipeline.py took 0.370 seconds
[2026-06-15T09:50:22.614+0000] {processor.py:161} INFO - Started process (PID=3231) to work on /opt/airflow/dags/futsal_pipeline.py
[2026-06-15T09:50:22.615+0000] {processor.py:830} INFO - Processing file /opt/airflow/dags/futsal_pipeline.py for tasks to queue
[2026-06-15T09:50:22.616+0000] {logging_mixin.py:188} INFO - [2026-06-15T09:50:22.616+0000] {dagbag.py:545} INFO - Filling up the DagBag from /opt/airflow/dags/futsal_pipeline.py
[2026-06-15T09:50:22.940+0000] {logging_mixin.py:188} INFO - [2026-06-15T09:50:22.929+0000] {dagbag.py:355} ERROR - Failed to import: /opt/airflow/dags/futsal_pipeline.py
Traceback (most recent call last):
  File "/home/airflow/.local/lib/python3.11/site-packages/airflow/models/dagbag.py", line 351, in parse
    loader.exec_module(new_module)
  File "<frozen importlib._bootstrap_external>", line 940, in exec_module
  File "<frozen importlib._bootstrap>", line 241, in _call_with_frames_removed
  File "/opt/airflow/dags/futsal_pipeline.py", line 16, in <module>
    from pipeline.data_pipeline import DataPipeline
  File "/opt/airflow/pipeline/data_pipeline.py", line 1, in <module>
    from components.data_ingestion import DataIngestion
  File "/opt/airflow/components/data_ingestion.py", line 2, in <module>
    from db.db_connection import DB
ModuleNotFoundError: No module named 'db'
[2026-06-15T09:50:22.943+0000] {processor.py:842} WARNING - No viable dags retrieved from /opt/airflow/dags/futsal_pipeline.py
[2026-06-15T09:50:22.973+0000] {processor.py:183} INFO - Processing /opt/airflow/dags/futsal_pipeline.py took 0.366 seconds
[2026-06-15T09:50:53.211+0000] {processor.py:161} INFO - Started process (PID=3243) to work on /opt/airflow/dags/futsal_pipeline.py
[2026-06-15T09:50:53.213+0000] {processor.py:830} INFO - Processing file /opt/airflow/dags/futsal_pipeline.py for tasks to queue
[2026-06-15T09:50:53.214+0000] {logging_mixin.py:188} INFO - [2026-06-15T09:50:53.213+0000] {dagbag.py:545} INFO - Filling up the DagBag from /opt/airflow/dags/futsal_pipeline.py
[2026-06-15T09:50:53.550+0000] {logging_mixin.py:188} INFO - [2026-06-15T09:50:53.540+0000] {dagbag.py:355} ERROR - Failed to import: /opt/airflow/dags/futsal_pipeline.py
Traceback (most recent call last):
  File "/home/airflow/.local/lib/python3.11/site-packages/airflow/models/dagbag.py", line 351, in parse
    loader.exec_module(new_module)
  File "<frozen importlib._bootstrap_external>", line 940, in exec_module
  File "<frozen importlib._bootstrap>", line 241, in _call_with_frames_removed
  File "/opt/airflow/dags/futsal_pipeline.py", line 16, in <module>
    from pipeline.data_pipeline import DataPipeline
  File "/opt/airflow/pipeline/data_pipeline.py", line 1, in <module>
    from components.data_ingestion import DataIngestion
  File "/opt/airflow/components/data_ingestion.py", line 2, in <module>
    from db.db_connection import DB
ModuleNotFoundError: No module named 'db'
[2026-06-15T09:50:53.551+0000] {processor.py:842} WARNING - No viable dags retrieved from /opt/airflow/dags/futsal_pipeline.py
[2026-06-15T09:50:53.580+0000] {processor.py:183} INFO - Processing /opt/airflow/dags/futsal_pipeline.py took 0.376 seconds
[2026-06-15T09:51:23.825+0000] {processor.py:161} INFO - Started process (PID=3255) to work on /opt/airflow/dags/futsal_pipeline.py
[2026-06-15T09:51:23.826+0000] {processor.py:830} INFO - Processing file /opt/airflow/dags/futsal_pipeline.py for tasks to queue
[2026-06-15T09:51:23.827+0000] {logging_mixin.py:188} INFO - [2026-06-15T09:51:23.827+0000] {dagbag.py:545} INFO - Filling up the DagBag from /opt/airflow/dags/futsal_pipeline.py
[2026-06-15T09:51:24.144+0000] {logging_mixin.py:188} INFO - [2026-06-15T09:51:24.132+0000] {dagbag.py:355} ERROR - Failed to import: /opt/airflow/dags/futsal_pipeline.py
Traceback (most recent call last):
  File "/home/airflow/.local/lib/python3.11/site-packages/airflow/models/dagbag.py", line 351, in parse
    loader.exec_module(new_module)
  File "<frozen importlib._bootstrap_external>", line 940, in exec_module
  File "<frozen importlib._bootstrap>", line 241, in _call_with_frames_removed
  File "/opt/airflow/dags/futsal_pipeline.py", line 16, in <module>
    from pipeline.data_pipeline import DataPipeline
  File "/opt/airflow/pipeline/data_pipeline.py", line 1, in <module>
    from components.data_ingestion import DataIngestion
  File "/opt/airflow/components/data_ingestion.py", line 2, in <module>
    from db.db_connection import DB
ModuleNotFoundError: No module named 'db'
[2026-06-15T09:51:24.146+0000] {processor.py:842} WARNING - No viable dags retrieved from /opt/airflow/dags/futsal_pipeline.py
[2026-06-15T09:51:24.164+0000] {processor.py:183} INFO - Processing /opt/airflow/dags/futsal_pipeline.py took 0.346 seconds
[2026-06-15T09:51:54.390+0000] {processor.py:161} INFO - Started process (PID=3267) to work on /opt/airflow/dags/futsal_pipeline.py
[2026-06-15T09:51:54.391+0000] {processor.py:830} INFO - Processing file /opt/airflow/dags/futsal_pipeline.py for tasks to queue
[2026-06-15T09:51:54.392+0000] {logging_mixin.py:188} INFO - [2026-06-15T09:51:54.392+0000] {dagbag.py:545} INFO - Filling up the DagBag from /opt/airflow/dags/futsal_pipeline.py
[2026-06-15T09:51:54.710+0000] {logging_mixin.py:188} INFO - [2026-06-15T09:51:54.698+0000] {dagbag.py:355} ERROR - Failed to import: /opt/airflow/dags/futsal_pipeline.py
Traceback (most recent call last):
  File "/home/airflow/.local/lib/python3.11/site-packages/airflow/models/dagbag.py", line 351, in parse
    loader.exec_module(new_module)
  File "<frozen importlib._bootstrap_external>", line 940, in exec_module
  File "<frozen importlib._bootstrap>", line 241, in _call_with_frames_removed
  File "/opt/airflow/dags/futsal_pipeline.py", line 16, in <module>
    from pipeline.data_pipeline import DataPipeline
  File "/opt/airflow/pipeline/data_pipeline.py", line 1, in <module>
    from components.data_ingestion import DataIngestion
  File "/opt/airflow/components/data_ingestion.py", line 2, in <module>
    from db.db_connection import DB
ModuleNotFoundError: No module named 'db'
[2026-06-15T09:51:54.712+0000] {processor.py:842} WARNING - No viable dags retrieved from /opt/airflow/dags/futsal_pipeline.py
[2026-06-15T09:51:54.740+0000] {processor.py:183} INFO - Processing /opt/airflow/dags/futsal_pipeline.py took 0.355 seconds
[2026-06-15T09:52:24.995+0000] {processor.py:161} INFO - Started process (PID=3279) to work on /opt/airflow/dags/futsal_pipeline.py
[2026-06-15T09:52:24.996+0000] {processor.py:830} INFO - Processing file /opt/airflow/dags/futsal_pipeline.py for tasks to queue
[2026-06-15T09:52:24.997+0000] {logging_mixin.py:188} INFO - [2026-06-15T09:52:24.997+0000] {dagbag.py:545} INFO - Filling up the DagBag from /opt/airflow/dags/futsal_pipeline.py
[2026-06-15T09:52:25.300+0000] {logging_mixin.py:188} INFO - [2026-06-15T09:52:25.290+0000] {dagbag.py:355} ERROR - Failed to import: /opt/airflow/dags/futsal_pipeline.py
Traceback (most recent call last):
  File "/home/airflow/.local/lib/python3.11/site-packages/airflow/models/dagbag.py", line 351, in parse
    loader.exec_module(new_module)
  File "<frozen importlib._bootstrap_external>", line 940, in exec_module
  File "<frozen importlib._bootstrap>", line 241, in _call_with_frames_removed
  File "/opt/airflow/dags/futsal_pipeline.py", line 16, in <module>
    from pipeline.data_pipeline import DataPipeline
  File "/opt/airflow/pipeline/data_pipeline.py", line 1, in <module>
    from components.data_ingestion import DataIngestion
  File "/opt/airflow/components/data_ingestion.py", line 2, in <module>
    from db.db_connection import DB
ModuleNotFoundError: No module named 'db'
[2026-06-15T09:52:25.302+0000] {processor.py:842} WARNING - No viable dags retrieved from /opt/airflow/dags/futsal_pipeline.py
[2026-06-15T09:52:25.329+0000] {processor.py:183} INFO - Processing /opt/airflow/dags/futsal_pipeline.py took 0.340 seconds
[2026-06-15T09:52:55.588+0000] {processor.py:161} INFO - Started process (PID=3291) to work on /opt/airflow/dags/futsal_pipeline.py
[2026-06-15T09:52:55.589+0000] {processor.py:830} INFO - Processing file /opt/airflow/dags/futsal_pipeline.py for tasks to queue
[2026-06-15T09:52:55.591+0000] {logging_mixin.py:188} INFO - [2026-06-15T09:52:55.590+0000] {dagbag.py:545} INFO - Filling up the DagBag from /opt/airflow/dags/futsal_pipeline.py
[2026-06-15T09:52:55.941+0000] {logging_mixin.py:188} INFO - [2026-06-15T09:52:55.929+0000] {dagbag.py:355} ERROR - Failed to import: /opt/airflow/dags/futsal_pipeline.py
Traceback (most recent call last):
  File "/home/airflow/.local/lib/python3.11/site-packages/airflow/models/dagbag.py", line 351, in parse
    loader.exec_module(new_module)
  File "<frozen importlib._bootstrap_external>", line 940, in exec_module
  File "<frozen importlib._bootstrap>", line 241, in _call_with_frames_removed
  File "/opt/airflow/dags/futsal_pipeline.py", line 16, in <module>
    from pipeline.data_pipeline import DataPipeline
  File "/opt/airflow/pipeline/data_pipeline.py", line 1, in <module>
    from components.data_ingestion import DataIngestion
  File "/opt/airflow/components/data_ingestion.py", line 2, in <module>
    from db.db_connection import DB
ModuleNotFoundError: No module named 'db'
[2026-06-15T09:52:55.945+0000] {processor.py:842} WARNING - No viable dags retrieved from /opt/airflow/dags/futsal_pipeline.py
[2026-06-15T09:52:55.973+0000] {processor.py:183} INFO - Processing /opt/airflow/dags/futsal_pipeline.py took 0.391 seconds
[2026-06-15T09:53:26.204+0000] {processor.py:161} INFO - Started process (PID=3303) to work on /opt/airflow/dags/futsal_pipeline.py
[2026-06-15T09:53:26.206+0000] {processor.py:830} INFO - Processing file /opt/airflow/dags/futsal_pipeline.py for tasks to queue
[2026-06-15T09:53:26.207+0000] {logging_mixin.py:188} INFO - [2026-06-15T09:53:26.207+0000] {dagbag.py:545} INFO - Filling up the DagBag from /opt/airflow/dags/futsal_pipeline.py
[2026-06-15T09:53:26.563+0000] {logging_mixin.py:188} INFO - [2026-06-15T09:53:26.550+0000] {dagbag.py:355} ERROR - Failed to import: /opt/airflow/dags/futsal_pipeline.py
Traceback (most recent call last):
  File "/home/airflow/.local/lib/python3.11/site-packages/airflow/models/dagbag.py", line 351, in parse
    loader.exec_module(new_module)
  File "<frozen importlib._bootstrap_external>", line 940, in exec_module
  File "<frozen importlib._bootstrap>", line 241, in _call_with_frames_removed
  File "/opt/airflow/dags/futsal_pipeline.py", line 16, in <module>
    from pipeline.data_pipeline import DataPipeline
  File "/opt/airflow/pipeline/data_pipeline.py", line 1, in <module>
    from components.data_ingestion import DataIngestion
  File "/opt/airflow/components/data_ingestion.py", line 2, in <module>
    from db.db_connection import DB
ModuleNotFoundError: No module named 'db'
[2026-06-15T09:53:26.564+0000] {processor.py:842} WARNING - No viable dags retrieved from /opt/airflow/dags/futsal_pipeline.py
[2026-06-15T09:53:26.583+0000] {processor.py:183} INFO - Processing /opt/airflow/dags/futsal_pipeline.py took 0.384 seconds
[2026-06-15T09:53:56.827+0000] {processor.py:161} INFO - Started process (PID=3315) to work on /opt/airflow/dags/futsal_pipeline.py
[2026-06-15T09:53:56.828+0000] {processor.py:830} INFO - Processing file /opt/airflow/dags/futsal_pipeline.py for tasks to queue
[2026-06-15T09:53:56.829+0000] {logging_mixin.py:188} INFO - [2026-06-15T09:53:56.829+0000] {dagbag.py:545} INFO - Filling up the DagBag from /opt/airflow/dags/futsal_pipeline.py
[2026-06-15T09:53:57.130+0000] {logging_mixin.py:188} INFO - [2026-06-15T09:53:57.120+0000] {dagbag.py:355} ERROR - Failed to import: /opt/airflow/dags/futsal_pipeline.py
Traceback (most recent call last):
  File "/home/airflow/.local/lib/python3.11/site-packages/airflow/models/dagbag.py", line 351, in parse
    loader.exec_module(new_module)
  File "<frozen importlib._bootstrap_external>", line 940, in exec_module
  File "<frozen importlib._bootstrap>", line 241, in _call_with_frames_removed
  File "/opt/airflow/dags/futsal_pipeline.py", line 16, in <module>
    from pipeline.data_pipeline import DataPipeline
  File "/opt/airflow/pipeline/data_pipeline.py", line 1, in <module>
    from components.data_ingestion import DataIngestion
  File "/opt/airflow/components/data_ingestion.py", line 2, in <module>
    from db.db_connection import DB
ModuleNotFoundError: No module named 'db'
[2026-06-15T09:53:57.132+0000] {processor.py:842} WARNING - No viable dags retrieved from /opt/airflow/dags/futsal_pipeline.py
[2026-06-15T09:53:57.160+0000] {processor.py:183} INFO - Processing /opt/airflow/dags/futsal_pipeline.py took 0.339 seconds
[2026-06-15T09:54:27.376+0000] {processor.py:161} INFO - Started process (PID=3327) to work on /opt/airflow/dags/futsal_pipeline.py
[2026-06-15T09:54:27.377+0000] {processor.py:830} INFO - Processing file /opt/airflow/dags/futsal_pipeline.py for tasks to queue
[2026-06-15T09:54:27.378+0000] {logging_mixin.py:188} INFO - [2026-06-15T09:54:27.378+0000] {dagbag.py:545} INFO - Filling up the DagBag from /opt/airflow/dags/futsal_pipeline.py
[2026-06-15T09:54:27.694+0000] {logging_mixin.py:188} INFO - [2026-06-15T09:54:27.680+0000] {dagbag.py:355} ERROR - Failed to import: /opt/airflow/dags/futsal_pipeline.py
Traceback (most recent call last):
  File "/home/airflow/.local/lib/python3.11/site-packages/airflow/models/dagbag.py", line 351, in parse
    loader.exec_module(new_module)
  File "<frozen importlib._bootstrap_external>", line 940, in exec_module
  File "<frozen importlib._bootstrap>", line 241, in _call_with_frames_removed
  File "/opt/airflow/dags/futsal_pipeline.py", line 16, in <module>
    from pipeline.data_pipeline import DataPipeline
  File "/opt/airflow/pipeline/data_pipeline.py", line 1, in <module>
    from components.data_ingestion import DataIngestion
  File "/opt/airflow/components/data_ingestion.py", line 2, in <module>
    from db.db_connection import DB
ModuleNotFoundError: No module named 'db'
[2026-06-15T09:54:27.696+0000] {processor.py:842} WARNING - No viable dags retrieved from /opt/airflow/dags/futsal_pipeline.py
[2026-06-15T09:54:27.723+0000] {processor.py:183} INFO - Processing /opt/airflow/dags/futsal_pipeline.py took 0.352 seconds
[2026-06-15T09:54:57.967+0000] {processor.py:161} INFO - Started process (PID=3339) to work on /opt/airflow/dags/futsal_pipeline.py
[2026-06-15T09:54:57.968+0000] {processor.py:830} INFO - Processing file /opt/airflow/dags/futsal_pipeline.py for tasks to queue
[2026-06-15T09:54:57.969+0000] {logging_mixin.py:188} INFO - [2026-06-15T09:54:57.969+0000] {dagbag.py:545} INFO - Filling up the DagBag from /opt/airflow/dags/futsal_pipeline.py
[2026-06-15T09:54:58.353+0000] {logging_mixin.py:188} INFO - [2026-06-15T09:54:58.341+0000] {dagbag.py:355} ERROR - Failed to import: /opt/airflow/dags/futsal_pipeline.py
Traceback (most recent call last):
  File "/home/airflow/.local/lib/python3.11/site-packages/airflow/models/dagbag.py", line 351, in parse
    loader.exec_module(new_module)
  File "<frozen importlib._bootstrap_external>", line 940, in exec_module
  File "<frozen importlib._bootstrap>", line 241, in _call_with_frames_removed
  File "/opt/airflow/dags/futsal_pipeline.py", line 16, in <module>
    from pipeline.data_pipeline import DataPipeline
  File "/opt/airflow/pipeline/data_pipeline.py", line 1, in <module>
    from components.data_ingestion import DataIngestion
  File "/opt/airflow/components/data_ingestion.py", line 2, in <module>
    from db.db_connection import DB
ModuleNotFoundError: No module named 'db'
[2026-06-15T09:54:58.354+0000] {processor.py:842} WARNING - No viable dags retrieved from /opt/airflow/dags/futsal_pipeline.py
[2026-06-15T09:54:58.382+0000] {processor.py:183} INFO - Processing /opt/airflow/dags/futsal_pipeline.py took 0.423 seconds
[2026-06-15T09:55:28.628+0000] {processor.py:161} INFO - Started process (PID=3351) to work on /opt/airflow/dags/futsal_pipeline.py
[2026-06-15T09:55:28.630+0000] {processor.py:830} INFO - Processing file /opt/airflow/dags/futsal_pipeline.py for tasks to queue
[2026-06-15T09:55:28.630+0000] {logging_mixin.py:188} INFO - [2026-06-15T09:55:28.630+0000] {dagbag.py:545} INFO - Filling up the DagBag from /opt/airflow/dags/futsal_pipeline.py
[2026-06-15T09:55:28.958+0000] {logging_mixin.py:188} INFO - [2026-06-15T09:55:28.947+0000] {dagbag.py:355} ERROR - Failed to import: /opt/airflow/dags/futsal_pipeline.py
Traceback (most recent call last):
  File "/home/airflow/.local/lib/python3.11/site-packages/airflow/models/dagbag.py", line 351, in parse
    loader.exec_module(new_module)
  File "<frozen importlib._bootstrap_external>", line 940, in exec_module
  File "<frozen importlib._bootstrap>", line 241, in _call_with_frames_removed
  File "/opt/airflow/dags/futsal_pipeline.py", line 16, in <module>
    from pipeline.data_pipeline import DataPipeline
  File "/opt/airflow/pipeline/data_pipeline.py", line 1, in <module>
    from components.data_ingestion import DataIngestion
  File "/opt/airflow/components/data_ingestion.py", line 2, in <module>
    from db.db_connection import DB
ModuleNotFoundError: No module named 'db'
[2026-06-15T09:55:28.959+0000] {processor.py:842} WARNING - No viable dags retrieved from /opt/airflow/dags/futsal_pipeline.py
[2026-06-15T09:55:28.987+0000] {processor.py:183} INFO - Processing /opt/airflow/dags/futsal_pipeline.py took 0.365 seconds
[2026-06-15T09:55:59.209+0000] {processor.py:161} INFO - Started process (PID=3363) to work on /opt/airflow/dags/futsal_pipeline.py
[2026-06-15T09:55:59.210+0000] {processor.py:830} INFO - Processing file /opt/airflow/dags/futsal_pipeline.py for tasks to queue
[2026-06-15T09:55:59.211+0000] {logging_mixin.py:188} INFO - [2026-06-15T09:55:59.211+0000] {dagbag.py:545} INFO - Filling up the DagBag from /opt/airflow/dags/futsal_pipeline.py
[2026-06-15T09:55:59.524+0000] {logging_mixin.py:188} INFO - [2026-06-15T09:55:59.514+0000] {dagbag.py:355} ERROR - Failed to import: /opt/airflow/dags/futsal_pipeline.py
Traceback (most recent call last):
  File "/home/airflow/.local/lib/python3.11/site-packages/airflow/models/dagbag.py", line 351, in parse
    loader.exec_module(new_module)
  File "<frozen importlib._bootstrap_external>", line 940, in exec_module
  File "<frozen importlib._bootstrap>", line 241, in _call_with_frames_removed
  File "/opt/airflow/dags/futsal_pipeline.py", line 16, in <module>
    from pipeline.data_pipeline import DataPipeline
  File "/opt/airflow/pipeline/data_pipeline.py", line 1, in <module>
    from components.data_ingestion import DataIngestion
  File "/opt/airflow/components/data_ingestion.py", line 2, in <module>
    from db.db_connection import DB
ModuleNotFoundError: No module named 'db'
[2026-06-15T09:55:59.526+0000] {processor.py:842} WARNING - No viable dags retrieved from /opt/airflow/dags/futsal_pipeline.py
[2026-06-15T09:55:59.546+0000] {processor.py:183} INFO - Processing /opt/airflow/dags/futsal_pipeline.py took 0.342 seconds
[2026-06-15T09:56:29.764+0000] {processor.py:161} INFO - Started process (PID=3375) to work on /opt/airflow/dags/futsal_pipeline.py
[2026-06-15T09:56:29.765+0000] {processor.py:830} INFO - Processing file /opt/airflow/dags/futsal_pipeline.py for tasks to queue
[2026-06-15T09:56:29.766+0000] {logging_mixin.py:188} INFO - [2026-06-15T09:56:29.766+0000] {dagbag.py:545} INFO - Filling up the DagBag from /opt/airflow/dags/futsal_pipeline.py
[2026-06-15T09:56:30.086+0000] {logging_mixin.py:188} INFO - [2026-06-15T09:56:30.074+0000] {dagbag.py:355} ERROR - Failed to import: /opt/airflow/dags/futsal_pipeline.py
Traceback (most recent call last):
  File "/home/airflow/.local/lib/python3.11/site-packages/airflow/models/dagbag.py", line 351, in parse
    loader.exec_module(new_module)
  File "<frozen importlib._bootstrap_external>", line 940, in exec_module
  File "<frozen importlib._bootstrap>", line 241, in _call_with_frames_removed
  File "/opt/airflow/dags/futsal_pipeline.py", line 16, in <module>
    from pipeline.data_pipeline import DataPipeline
  File "/opt/airflow/pipeline/data_pipeline.py", line 1, in <module>
    from components.data_ingestion import DataIngestion
  File "/opt/airflow/components/data_ingestion.py", line 2, in <module>
    from db.db_connection import DB
ModuleNotFoundError: No module named 'db'
[2026-06-15T09:56:30.089+0000] {processor.py:842} WARNING - No viable dags retrieved from /opt/airflow/dags/futsal_pipeline.py
[2026-06-15T09:56:30.107+0000] {processor.py:183} INFO - Processing /opt/airflow/dags/futsal_pipeline.py took 0.349 seconds
[2026-06-15T09:57:00.316+0000] {processor.py:161} INFO - Started process (PID=3387) to work on /opt/airflow/dags/futsal_pipeline.py
[2026-06-15T09:57:00.317+0000] {processor.py:830} INFO - Processing file /opt/airflow/dags/futsal_pipeline.py for tasks to queue
[2026-06-15T09:57:00.319+0000] {logging_mixin.py:188} INFO - [2026-06-15T09:57:00.318+0000] {dagbag.py:545} INFO - Filling up the DagBag from /opt/airflow/dags/futsal_pipeline.py
[2026-06-15T09:57:00.652+0000] {logging_mixin.py:188} INFO - [2026-06-15T09:57:00.640+0000] {dagbag.py:355} ERROR - Failed to import: /opt/airflow/dags/futsal_pipeline.py
Traceback (most recent call last):
  File "/home/airflow/.local/lib/python3.11/site-packages/airflow/models/dagbag.py", line 351, in parse
    loader.exec_module(new_module)
  File "<frozen importlib._bootstrap_external>", line 940, in exec_module
  File "<frozen importlib._bootstrap>", line 241, in _call_with_frames_removed
  File "/opt/airflow/dags/futsal_pipeline.py", line 16, in <module>
    from pipeline.data_pipeline import DataPipeline
  File "/opt/airflow/pipeline/data_pipeline.py", line 1, in <module>
    from components.data_ingestion import DataIngestion
  File "/opt/airflow/components/data_ingestion.py", line 2, in <module>
    from db.db_connection import DB
ModuleNotFoundError: No module named 'db'
[2026-06-15T09:57:00.654+0000] {processor.py:842} WARNING - No viable dags retrieved from /opt/airflow/dags/futsal_pipeline.py
[2026-06-15T09:57:00.683+0000] {processor.py:183} INFO - Processing /opt/airflow/dags/futsal_pipeline.py took 0.372 seconds
[2026-06-15T09:57:30.916+0000] {processor.py:161} INFO - Started process (PID=3399) to work on /opt/airflow/dags/futsal_pipeline.py
[2026-06-15T09:57:30.917+0000] {processor.py:830} INFO - Processing file /opt/airflow/dags/futsal_pipeline.py for tasks to queue
[2026-06-15T09:57:30.918+0000] {logging_mixin.py:188} INFO - [2026-06-15T09:57:30.918+0000] {dagbag.py:545} INFO - Filling up the DagBag from /opt/airflow/dags/futsal_pipeline.py
[2026-06-15T09:57:31.245+0000] {logging_mixin.py:188} INFO - [2026-06-15T09:57:31.233+0000] {dagbag.py:355} ERROR - Failed to import: /opt/airflow/dags/futsal_pipeline.py
Traceback (most recent call last):
  File "/home/airflow/.local/lib/python3.11/site-packages/airflow/models/dagbag.py", line 351, in parse
    loader.exec_module(new_module)
  File "<frozen importlib._bootstrap_external>", line 940, in exec_module
  File "<frozen importlib._bootstrap>", line 241, in _call_with_frames_removed
  File "/opt/airflow/dags/futsal_pipeline.py", line 16, in <module>
    from pipeline.data_pipeline import DataPipeline
  File "/opt/airflow/pipeline/data_pipeline.py", line 1, in <module>
    from components.data_ingestion import DataIngestion
  File "/opt/airflow/components/data_ingestion.py", line 2, in <module>
    from db.db_connection import DB
ModuleNotFoundError: No module named 'db'
[2026-06-15T09:57:31.247+0000] {processor.py:842} WARNING - No viable dags retrieved from /opt/airflow/dags/futsal_pipeline.py
[2026-06-15T09:57:31.277+0000] {processor.py:183} INFO - Processing /opt/airflow/dags/futsal_pipeline.py took 0.366 seconds
[2026-06-15T09:58:01.531+0000] {processor.py:161} INFO - Started process (PID=3411) to work on /opt/airflow/dags/futsal_pipeline.py
[2026-06-15T09:58:01.532+0000] {processor.py:830} INFO - Processing file /opt/airflow/dags/futsal_pipeline.py for tasks to queue
[2026-06-15T09:58:01.533+0000] {logging_mixin.py:188} INFO - [2026-06-15T09:58:01.532+0000] {dagbag.py:545} INFO - Filling up the DagBag from /opt/airflow/dags/futsal_pipeline.py
[2026-06-15T09:58:01.842+0000] {logging_mixin.py:188} INFO - [2026-06-15T09:58:01.830+0000] {dagbag.py:355} ERROR - Failed to import: /opt/airflow/dags/futsal_pipeline.py
Traceback (most recent call last):
  File "/home/airflow/.local/lib/python3.11/site-packages/airflow/models/dagbag.py", line 351, in parse
    loader.exec_module(new_module)
  File "<frozen importlib._bootstrap_external>", line 940, in exec_module
  File "<frozen importlib._bootstrap>", line 241, in _call_with_frames_removed
  File "/opt/airflow/dags/futsal_pipeline.py", line 16, in <module>
    from pipeline.data_pipeline import DataPipeline
  File "/opt/airflow/pipeline/data_pipeline.py", line 1, in <module>
    from components.data_ingestion import DataIngestion
  File "/opt/airflow/components/data_ingestion.py", line 2, in <module>
    from db.db_connection import DB
ModuleNotFoundError: No module named 'db'
[2026-06-15T09:58:01.843+0000] {processor.py:842} WARNING - No viable dags retrieved from /opt/airflow/dags/futsal_pipeline.py
[2026-06-15T09:58:01.871+0000] {processor.py:183} INFO - Processing /opt/airflow/dags/futsal_pipeline.py took 0.347 seconds
[2026-06-15T09:58:32.124+0000] {processor.py:161} INFO - Started process (PID=3423) to work on /opt/airflow/dags/futsal_pipeline.py
[2026-06-15T09:58:32.125+0000] {processor.py:830} INFO - Processing file /opt/airflow/dags/futsal_pipeline.py for tasks to queue
[2026-06-15T09:58:32.126+0000] {logging_mixin.py:188} INFO - [2026-06-15T09:58:32.125+0000] {dagbag.py:545} INFO - Filling up the DagBag from /opt/airflow/dags/futsal_pipeline.py
[2026-06-15T09:58:32.440+0000] {logging_mixin.py:188} INFO - [2026-06-15T09:58:32.430+0000] {dagbag.py:355} ERROR - Failed to import: /opt/airflow/dags/futsal_pipeline.py
Traceback (most recent call last):
  File "/home/airflow/.local/lib/python3.11/site-packages/airflow/models/dagbag.py", line 351, in parse
    loader.exec_module(new_module)
  File "<frozen importlib._bootstrap_external>", line 940, in exec_module
  File "<frozen importlib._bootstrap>", line 241, in _call_with_frames_removed
  File "/opt/airflow/dags/futsal_pipeline.py", line 16, in <module>
    from pipeline.data_pipeline import DataPipeline
  File "/opt/airflow/pipeline/data_pipeline.py", line 1, in <module>
    from components.data_ingestion import DataIngestion
  File "/opt/airflow/components/data_ingestion.py", line 2, in <module>
    from db.db_connection import DB
ModuleNotFoundError: No module named 'db'
[2026-06-15T09:58:32.441+0000] {processor.py:842} WARNING - No viable dags retrieved from /opt/airflow/dags/futsal_pipeline.py
[2026-06-15T09:58:32.468+0000] {processor.py:183} INFO - Processing /opt/airflow/dags/futsal_pipeline.py took 0.350 seconds
[2026-06-15T09:59:02.728+0000] {processor.py:161} INFO - Started process (PID=3435) to work on /opt/airflow/dags/futsal_pipeline.py
[2026-06-15T09:59:02.730+0000] {processor.py:830} INFO - Processing file /opt/airflow/dags/futsal_pipeline.py for tasks to queue
[2026-06-15T09:59:02.731+0000] {logging_mixin.py:188} INFO - [2026-06-15T09:59:02.730+0000] {dagbag.py:545} INFO - Filling up the DagBag from /opt/airflow/dags/futsal_pipeline.py
[2026-06-15T09:59:03.027+0000] {logging_mixin.py:188} INFO - [2026-06-15T09:59:03.017+0000] {dagbag.py:355} ERROR - Failed to import: /opt/airflow/dags/futsal_pipeline.py
Traceback (most recent call last):
  File "/home/airflow/.local/lib/python3.11/site-packages/airflow/models/dagbag.py", line 351, in parse
    loader.exec_module(new_module)
  File "<frozen importlib._bootstrap_external>", line 940, in exec_module
  File "<frozen importlib._bootstrap>", line 241, in _call_with_frames_removed
  File "/opt/airflow/dags/futsal_pipeline.py", line 16, in <module>
    from pipeline.data_pipeline import DataPipeline
  File "/opt/airflow/pipeline/data_pipeline.py", line 1, in <module>
    from components.data_ingestion import DataIngestion
  File "/opt/airflow/components/data_ingestion.py", line 2, in <module>
    from db.db_connection import DB
ModuleNotFoundError: No module named 'db'
[2026-06-15T09:59:03.029+0000] {processor.py:842} WARNING - No viable dags retrieved from /opt/airflow/dags/futsal_pipeline.py
[2026-06-15T09:59:03.055+0000] {processor.py:183} INFO - Processing /opt/airflow/dags/futsal_pipeline.py took 0.333 seconds
[2026-06-15T09:59:33.342+0000] {processor.py:161} INFO - Started process (PID=3447) to work on /opt/airflow/dags/futsal_pipeline.py
[2026-06-15T09:59:33.343+0000] {processor.py:830} INFO - Processing file /opt/airflow/dags/futsal_pipeline.py for tasks to queue
[2026-06-15T09:59:33.344+0000] {logging_mixin.py:188} INFO - [2026-06-15T09:59:33.344+0000] {dagbag.py:545} INFO - Filling up the DagBag from /opt/airflow/dags/futsal_pipeline.py
[2026-06-15T09:59:33.650+0000] {logging_mixin.py:188} INFO - [2026-06-15T09:59:33.640+0000] {dagbag.py:355} ERROR - Failed to import: /opt/airflow/dags/futsal_pipeline.py
Traceback (most recent call last):
  File "/home/airflow/.local/lib/python3.11/site-packages/airflow/models/dagbag.py", line 351, in parse
    loader.exec_module(new_module)
  File "<frozen importlib._bootstrap_external>", line 940, in exec_module
  File "<frozen importlib._bootstrap>", line 241, in _call_with_frames_removed
  File "/opt/airflow/dags/futsal_pipeline.py", line 16, in <module>
    from pipeline.data_pipeline import DataPipeline
  File "/opt/airflow/pipeline/data_pipeline.py", line 1, in <module>
    from components.data_ingestion import DataIngestion
  File "/opt/airflow/components/data_ingestion.py", line 2, in <module>
    from db.db_connection import DB
ModuleNotFoundError: No module named 'db'
[2026-06-15T09:59:33.651+0000] {processor.py:842} WARNING - No viable dags retrieved from /opt/airflow/dags/futsal_pipeline.py
[2026-06-15T09:59:33.679+0000] {processor.py:183} INFO - Processing /opt/airflow/dags/futsal_pipeline.py took 0.343 seconds
[2026-06-15T10:00:03.920+0000] {processor.py:161} INFO - Started process (PID=3459) to work on /opt/airflow/dags/futsal_pipeline.py
[2026-06-15T10:00:03.921+0000] {processor.py:830} INFO - Processing file /opt/airflow/dags/futsal_pipeline.py for tasks to queue
[2026-06-15T10:00:03.922+0000] {logging_mixin.py:188} INFO - [2026-06-15T10:00:03.922+0000] {dagbag.py:545} INFO - Filling up the DagBag from /opt/airflow/dags/futsal_pipeline.py
[2026-06-15T10:00:04.228+0000] {logging_mixin.py:188} INFO - [2026-06-15T10:00:04.218+0000] {dagbag.py:355} ERROR - Failed to import: /opt/airflow/dags/futsal_pipeline.py
Traceback (most recent call last):
  File "/home/airflow/.local/lib/python3.11/site-packages/airflow/models/dagbag.py", line 351, in parse
    loader.exec_module(new_module)
  File "<frozen importlib._bootstrap_external>", line 940, in exec_module
  File "<frozen importlib._bootstrap>", line 241, in _call_with_frames_removed
  File "/opt/airflow/dags/futsal_pipeline.py", line 16, in <module>
    from pipeline.data_pipeline import DataPipeline
  File "/opt/airflow/pipeline/data_pipeline.py", line 1, in <module>
    from components.data_ingestion import DataIngestion
  File "/opt/airflow/components/data_ingestion.py", line 2, in <module>
    from db.db_connection import DB
ModuleNotFoundError: No module named 'db'
[2026-06-15T10:00:04.229+0000] {processor.py:842} WARNING - No viable dags retrieved from /opt/airflow/dags/futsal_pipeline.py
[2026-06-15T10:00:04.258+0000] {processor.py:183} INFO - Processing /opt/airflow/dags/futsal_pipeline.py took 0.345 seconds
[2026-06-15T10:00:34.536+0000] {processor.py:161} INFO - Started process (PID=3471) to work on /opt/airflow/dags/futsal_pipeline.py
[2026-06-15T10:00:34.537+0000] {processor.py:830} INFO - Processing file /opt/airflow/dags/futsal_pipeline.py for tasks to queue
[2026-06-15T10:00:34.538+0000] {logging_mixin.py:188} INFO - [2026-06-15T10:00:34.538+0000] {dagbag.py:545} INFO - Filling up the DagBag from /opt/airflow/dags/futsal_pipeline.py
[2026-06-15T10:00:34.859+0000] {logging_mixin.py:188} INFO - [2026-06-15T10:00:34.849+0000] {dagbag.py:355} ERROR - Failed to import: /opt/airflow/dags/futsal_pipeline.py
Traceback (most recent call last):
  File "/home/airflow/.local/lib/python3.11/site-packages/airflow/models/dagbag.py", line 351, in parse
    loader.exec_module(new_module)
  File "<frozen importlib._bootstrap_external>", line 940, in exec_module
  File "<frozen importlib._bootstrap>", line 241, in _call_with_frames_removed
  File "/opt/airflow/dags/futsal_pipeline.py", line 16, in <module>
    from pipeline.data_pipeline import DataPipeline
  File "/opt/airflow/pipeline/data_pipeline.py", line 1, in <module>
    from components.data_ingestion import DataIngestion
  File "/opt/airflow/components/data_ingestion.py", line 2, in <module>
    from db.db_connection import DB
ModuleNotFoundError: No module named 'db'
[2026-06-15T10:00:34.870+0000] {processor.py:842} WARNING - No viable dags retrieved from /opt/airflow/dags/futsal_pipeline.py
[2026-06-15T10:00:34.886+0000] {processor.py:183} INFO - Processing /opt/airflow/dags/futsal_pipeline.py took 0.356 seconds
[2026-06-15T10:01:05.153+0000] {processor.py:161} INFO - Started process (PID=3483) to work on /opt/airflow/dags/futsal_pipeline.py
[2026-06-15T10:01:05.154+0000] {processor.py:830} INFO - Processing file /opt/airflow/dags/futsal_pipeline.py for tasks to queue
[2026-06-15T10:01:05.155+0000] {logging_mixin.py:188} INFO - [2026-06-15T10:01:05.154+0000] {dagbag.py:545} INFO - Filling up the DagBag from /opt/airflow/dags/futsal_pipeline.py
[2026-06-15T10:01:05.455+0000] {logging_mixin.py:188} INFO - [2026-06-15T10:01:05.447+0000] {dagbag.py:355} ERROR - Failed to import: /opt/airflow/dags/futsal_pipeline.py
Traceback (most recent call last):
  File "/home/airflow/.local/lib/python3.11/site-packages/airflow/models/dagbag.py", line 351, in parse
    loader.exec_module(new_module)
  File "<frozen importlib._bootstrap_external>", line 940, in exec_module
  File "<frozen importlib._bootstrap>", line 241, in _call_with_frames_removed
  File "/opt/airflow/dags/futsal_pipeline.py", line 16, in <module>
    from pipeline.data_pipeline import DataPipeline
  File "/opt/airflow/pipeline/data_pipeline.py", line 1, in <module>
    from components.data_ingestion import DataIngestion
  File "/opt/airflow/components/data_ingestion.py", line 2, in <module>
    from db.db_connection import DB
ModuleNotFoundError: No module named 'db'
[2026-06-15T10:01:05.458+0000] {processor.py:842} WARNING - No viable dags retrieved from /opt/airflow/dags/futsal_pipeline.py
[2026-06-15T10:01:05.485+0000] {processor.py:183} INFO - Processing /opt/airflow/dags/futsal_pipeline.py took 0.337 seconds
[2026-06-15T10:01:35.708+0000] {processor.py:161} INFO - Started process (PID=3495) to work on /opt/airflow/dags/futsal_pipeline.py
[2026-06-15T10:01:35.709+0000] {processor.py:830} INFO - Processing file /opt/airflow/dags/futsal_pipeline.py for tasks to queue
[2026-06-15T10:01:35.710+0000] {logging_mixin.py:188} INFO - [2026-06-15T10:01:35.710+0000] {dagbag.py:545} INFO - Filling up the DagBag from /opt/airflow/dags/futsal_pipeline.py
[2026-06-15T10:01:36.038+0000] {logging_mixin.py:188} INFO - [2026-06-15T10:01:36.024+0000] {dagbag.py:355} ERROR - Failed to import: /opt/airflow/dags/futsal_pipeline.py
Traceback (most recent call last):
  File "/home/airflow/.local/lib/python3.11/site-packages/airflow/models/dagbag.py", line 351, in parse
    loader.exec_module(new_module)
  File "<frozen importlib._bootstrap_external>", line 940, in exec_module
  File "<frozen importlib._bootstrap>", line 241, in _call_with_frames_removed
  File "/opt/airflow/dags/futsal_pipeline.py", line 16, in <module>
    from pipeline.data_pipeline import DataPipeline
  File "/opt/airflow/pipeline/data_pipeline.py", line 1, in <module>
    from components.data_ingestion import DataIngestion
  File "/opt/airflow/components/data_ingestion.py", line 2, in <module>
    from db.db_connection import DB
ModuleNotFoundError: No module named 'db'
[2026-06-15T10:01:36.040+0000] {processor.py:842} WARNING - No viable dags retrieved from /opt/airflow/dags/futsal_pipeline.py
[2026-06-15T10:01:36.069+0000] {processor.py:183} INFO - Processing /opt/airflow/dags/futsal_pipeline.py took 0.365 seconds
[2026-06-15T10:02:06.342+0000] {processor.py:161} INFO - Started process (PID=3507) to work on /opt/airflow/dags/futsal_pipeline.py
[2026-06-15T10:02:06.343+0000] {processor.py:830} INFO - Processing file /opt/airflow/dags/futsal_pipeline.py for tasks to queue
[2026-06-15T10:02:06.344+0000] {logging_mixin.py:188} INFO - [2026-06-15T10:02:06.344+0000] {dagbag.py:545} INFO - Filling up the DagBag from /opt/airflow/dags/futsal_pipeline.py
[2026-06-15T10:02:06.638+0000] {logging_mixin.py:188} INFO - [2026-06-15T10:02:06.629+0000] {dagbag.py:355} ERROR - Failed to import: /opt/airflow/dags/futsal_pipeline.py
Traceback (most recent call last):
  File "/home/airflow/.local/lib/python3.11/site-packages/airflow/models/dagbag.py", line 351, in parse
    loader.exec_module(new_module)
  File "<frozen importlib._bootstrap_external>", line 940, in exec_module
  File "<frozen importlib._bootstrap>", line 241, in _call_with_frames_removed
  File "/opt/airflow/dags/futsal_pipeline.py", line 16, in <module>
    from pipeline.data_pipeline import DataPipeline
  File "/opt/airflow/pipeline/data_pipeline.py", line 1, in <module>
    from components.data_ingestion import DataIngestion
  File "/opt/airflow/components/data_ingestion.py", line 2, in <module>
    from db.db_connection import DB
ModuleNotFoundError: No module named 'db'
[2026-06-15T10:02:06.640+0000] {processor.py:842} WARNING - No viable dags retrieved from /opt/airflow/dags/futsal_pipeline.py
[2026-06-15T10:02:06.667+0000] {processor.py:183} INFO - Processing /opt/airflow/dags/futsal_pipeline.py took 0.330 seconds
[2026-06-15T10:02:36.974+0000] {processor.py:161} INFO - Started process (PID=3519) to work on /opt/airflow/dags/futsal_pipeline.py
[2026-06-15T10:02:36.975+0000] {processor.py:830} INFO - Processing file /opt/airflow/dags/futsal_pipeline.py for tasks to queue
[2026-06-15T10:02:36.977+0000] {logging_mixin.py:188} INFO - [2026-06-15T10:02:36.976+0000] {dagbag.py:545} INFO - Filling up the DagBag from /opt/airflow/dags/futsal_pipeline.py
[2026-06-15T10:02:37.362+0000] {logging_mixin.py:188} INFO - [2026-06-15T10:02:37.351+0000] {dagbag.py:355} ERROR - Failed to import: /opt/airflow/dags/futsal_pipeline.py
Traceback (most recent call last):
  File "/home/airflow/.local/lib/python3.11/site-packages/airflow/models/dagbag.py", line 351, in parse
    loader.exec_module(new_module)
  File "<frozen importlib._bootstrap_external>", line 940, in exec_module
  File "<frozen importlib._bootstrap>", line 241, in _call_with_frames_removed
  File "/opt/airflow/dags/futsal_pipeline.py", line 16, in <module>
    from pipeline.data_pipeline import DataPipeline
  File "/opt/airflow/pipeline/data_pipeline.py", line 1, in <module>
    from components.data_ingestion import DataIngestion
  File "/opt/airflow/components/data_ingestion.py", line 2, in <module>
    from db.db_connection import DB
ModuleNotFoundError: No module named 'db'
[2026-06-15T10:02:37.364+0000] {processor.py:842} WARNING - No viable dags retrieved from /opt/airflow/dags/futsal_pipeline.py
[2026-06-15T10:02:37.393+0000] {processor.py:183} INFO - Processing /opt/airflow/dags/futsal_pipeline.py took 0.425 seconds
[2026-06-15T10:03:07.639+0000] {processor.py:161} INFO - Started process (PID=3537) to work on /opt/airflow/dags/futsal_pipeline.py
[2026-06-15T10:03:07.640+0000] {processor.py:830} INFO - Processing file /opt/airflow/dags/futsal_pipeline.py for tasks to queue
[2026-06-15T10:03:07.641+0000] {logging_mixin.py:188} INFO - [2026-06-15T10:03:07.641+0000] {dagbag.py:545} INFO - Filling up the DagBag from /opt/airflow/dags/futsal_pipeline.py
[2026-06-15T10:03:07.988+0000] {logging_mixin.py:188} INFO - [2026-06-15T10:03:07.977+0000] {dagbag.py:355} ERROR - Failed to import: /opt/airflow/dags/futsal_pipeline.py
Traceback (most recent call last):
  File "/home/airflow/.local/lib/python3.11/site-packages/airflow/models/dagbag.py", line 351, in parse
    loader.exec_module(new_module)
  File "<frozen importlib._bootstrap_external>", line 940, in exec_module
  File "<frozen importlib._bootstrap>", line 241, in _call_with_frames_removed
  File "/opt/airflow/dags/futsal_pipeline.py", line 16, in <module>
    from pipeline.data_pipeline import DataPipeline
  File "/opt/airflow/pipeline/data_pipeline.py", line 1, in <module>
    from components.data_ingestion import DataIngestion
  File "/opt/airflow/components/data_ingestion.py", line 2, in <module>
    from db.db_connection import DB
ModuleNotFoundError: No module named 'db'
[2026-06-15T10:03:07.989+0000] {processor.py:842} WARNING - No viable dags retrieved from /opt/airflow/dags/futsal_pipeline.py
[2026-06-15T10:03:08.018+0000] {processor.py:183} INFO - Processing /opt/airflow/dags/futsal_pipeline.py took 0.385 seconds
[2026-06-15T10:03:38.267+0000] {processor.py:161} INFO - Started process (PID=3549) to work on /opt/airflow/dags/futsal_pipeline.py
[2026-06-15T10:03:38.268+0000] {processor.py:830} INFO - Processing file /opt/airflow/dags/futsal_pipeline.py for tasks to queue
[2026-06-15T10:03:38.269+0000] {logging_mixin.py:188} INFO - [2026-06-15T10:03:38.269+0000] {dagbag.py:545} INFO - Filling up the DagBag from /opt/airflow/dags/futsal_pipeline.py
[2026-06-15T10:03:38.700+0000] {logging_mixin.py:188} INFO - [2026-06-15T10:03:38.684+0000] {dagbag.py:355} ERROR - Failed to import: /opt/airflow/dags/futsal_pipeline.py
Traceback (most recent call last):
  File "/home/airflow/.local/lib/python3.11/site-packages/airflow/models/dagbag.py", line 351, in parse
    loader.exec_module(new_module)
  File "<frozen importlib._bootstrap_external>", line 940, in exec_module
  File "<frozen importlib._bootstrap>", line 241, in _call_with_frames_removed
  File "/opt/airflow/dags/futsal_pipeline.py", line 16, in <module>
    from pipeline.data_pipeline import DataPipeline
  File "/opt/airflow/pipeline/data_pipeline.py", line 1, in <module>
    from components.data_ingestion import DataIngestion
  File "/opt/airflow/components/data_ingestion.py", line 2, in <module>
    from db.db_connection import DB
ModuleNotFoundError: No module named 'db'
[2026-06-15T10:03:38.702+0000] {processor.py:842} WARNING - No viable dags retrieved from /opt/airflow/dags/futsal_pipeline.py
[2026-06-15T10:03:38.731+0000] {processor.py:183} INFO - Processing /opt/airflow/dags/futsal_pipeline.py took 0.468 seconds
[2026-06-15T10:04:09.010+0000] {processor.py:161} INFO - Started process (PID=3561) to work on /opt/airflow/dags/futsal_pipeline.py
[2026-06-15T10:04:09.010+0000] {processor.py:830} INFO - Processing file /opt/airflow/dags/futsal_pipeline.py for tasks to queue
[2026-06-15T10:04:09.011+0000] {logging_mixin.py:188} INFO - [2026-06-15T10:04:09.011+0000] {dagbag.py:545} INFO - Filling up the DagBag from /opt/airflow/dags/futsal_pipeline.py
[2026-06-15T10:04:09.325+0000] {logging_mixin.py:188} INFO - [2026-06-15T10:04:09.316+0000] {dagbag.py:355} ERROR - Failed to import: /opt/airflow/dags/futsal_pipeline.py
Traceback (most recent call last):
  File "/home/airflow/.local/lib/python3.11/site-packages/airflow/models/dagbag.py", line 351, in parse
    loader.exec_module(new_module)
  File "<frozen importlib._bootstrap_external>", line 940, in exec_module
  File "<frozen importlib._bootstrap>", line 241, in _call_with_frames_removed
  File "/opt/airflow/dags/futsal_pipeline.py", line 16, in <module>
    from pipeline.data_pipeline import DataPipeline
  File "/opt/airflow/pipeline/data_pipeline.py", line 1, in <module>
    from components.data_ingestion import DataIngestion
  File "/opt/airflow/components/data_ingestion.py", line 2, in <module>
    from db.db_connection import DB
ModuleNotFoundError: No module named 'db'
[2026-06-15T10:04:09.327+0000] {processor.py:842} WARNING - No viable dags retrieved from /opt/airflow/dags/futsal_pipeline.py
[2026-06-15T10:04:09.354+0000] {processor.py:183} INFO - Processing /opt/airflow/dags/futsal_pipeline.py took 0.351 seconds
[2026-06-15T10:04:39.555+0000] {processor.py:161} INFO - Started process (PID=3573) to work on /opt/airflow/dags/futsal_pipeline.py
[2026-06-15T10:04:39.556+0000] {processor.py:830} INFO - Processing file /opt/airflow/dags/futsal_pipeline.py for tasks to queue
[2026-06-15T10:04:39.557+0000] {logging_mixin.py:188} INFO - [2026-06-15T10:04:39.557+0000] {dagbag.py:545} INFO - Filling up the DagBag from /opt/airflow/dags/futsal_pipeline.py
[2026-06-15T10:04:39.898+0000] {logging_mixin.py:188} INFO - [2026-06-15T10:04:39.887+0000] {dagbag.py:355} ERROR - Failed to import: /opt/airflow/dags/futsal_pipeline.py
Traceback (most recent call last):
  File "/home/airflow/.local/lib/python3.11/site-packages/airflow/models/dagbag.py", line 351, in parse
    loader.exec_module(new_module)
  File "<frozen importlib._bootstrap_external>", line 940, in exec_module
  File "<frozen importlib._bootstrap>", line 241, in _call_with_frames_removed
  File "/opt/airflow/dags/futsal_pipeline.py", line 16, in <module>
    from pipeline.data_pipeline import DataPipeline
  File "/opt/airflow/pipeline/data_pipeline.py", line 1, in <module>
    from components.data_ingestion import DataIngestion
  File "/opt/airflow/components/data_ingestion.py", line 2, in <module>
    from db.db_connection import DB
ModuleNotFoundError: No module named 'db'
[2026-06-15T10:04:39.900+0000] {processor.py:842} WARNING - No viable dags retrieved from /opt/airflow/dags/futsal_pipeline.py
[2026-06-15T10:04:39.930+0000] {processor.py:183} INFO - Processing /opt/airflow/dags/futsal_pipeline.py took 0.380 seconds
[2026-06-15T10:05:10.133+0000] {processor.py:161} INFO - Started process (PID=3585) to work on /opt/airflow/dags/futsal_pipeline.py
[2026-06-15T10:05:10.134+0000] {processor.py:830} INFO - Processing file /opt/airflow/dags/futsal_pipeline.py for tasks to queue
[2026-06-15T10:05:10.135+0000] {logging_mixin.py:188} INFO - [2026-06-15T10:05:10.135+0000] {dagbag.py:545} INFO - Filling up the DagBag from /opt/airflow/dags/futsal_pipeline.py
[2026-06-15T10:05:10.507+0000] {logging_mixin.py:188} INFO - [2026-06-15T10:05:10.496+0000] {dagbag.py:355} ERROR - Failed to import: /opt/airflow/dags/futsal_pipeline.py
Traceback (most recent call last):
  File "/home/airflow/.local/lib/python3.11/site-packages/airflow/models/dagbag.py", line 351, in parse
    loader.exec_module(new_module)
  File "<frozen importlib._bootstrap_external>", line 940, in exec_module
  File "<frozen importlib._bootstrap>", line 241, in _call_with_frames_removed
  File "/opt/airflow/dags/futsal_pipeline.py", line 16, in <module>
    from pipeline.data_pipeline import DataPipeline
  File "/opt/airflow/pipeline/data_pipeline.py", line 1, in <module>
    from components.data_ingestion import DataIngestion
  File "/opt/airflow/components/data_ingestion.py", line 2, in <module>
    from db.db_connection import DB
ModuleNotFoundError: No module named 'db'
[2026-06-15T10:05:10.509+0000] {processor.py:842} WARNING - No viable dags retrieved from /opt/airflow/dags/futsal_pipeline.py
[2026-06-15T10:05:10.533+0000] {processor.py:183} INFO - Processing /opt/airflow/dags/futsal_pipeline.py took 0.408 seconds
[2026-06-15T10:05:40.773+0000] {processor.py:161} INFO - Started process (PID=3597) to work on /opt/airflow/dags/futsal_pipeline.py
[2026-06-15T10:05:40.774+0000] {processor.py:830} INFO - Processing file /opt/airflow/dags/futsal_pipeline.py for tasks to queue
[2026-06-15T10:05:40.775+0000] {logging_mixin.py:188} INFO - [2026-06-15T10:05:40.774+0000] {dagbag.py:545} INFO - Filling up the DagBag from /opt/airflow/dags/futsal_pipeline.py
[2026-06-15T10:05:41.102+0000] {logging_mixin.py:188} INFO - [2026-06-15T10:05:41.092+0000] {dagbag.py:355} ERROR - Failed to import: /opt/airflow/dags/futsal_pipeline.py
Traceback (most recent call last):
  File "/home/airflow/.local/lib/python3.11/site-packages/airflow/models/dagbag.py", line 351, in parse
    loader.exec_module(new_module)
  File "<frozen importlib._bootstrap_external>", line 940, in exec_module
  File "<frozen importlib._bootstrap>", line 241, in _call_with_frames_removed
  File "/opt/airflow/dags/futsal_pipeline.py", line 16, in <module>
    from pipeline.data_pipeline import DataPipeline
  File "/opt/airflow/pipeline/data_pipeline.py", line 1, in <module>
    from components.data_ingestion import DataIngestion
  File "/opt/airflow/components/data_ingestion.py", line 2, in <module>
    from db.db_connection import DB
ModuleNotFoundError: No module named 'db'
[2026-06-15T10:05:41.105+0000] {processor.py:842} WARNING - No viable dags retrieved from /opt/airflow/dags/futsal_pipeline.py
[2026-06-15T10:05:41.135+0000] {processor.py:183} INFO - Processing /opt/airflow/dags/futsal_pipeline.py took 0.368 seconds
[2026-06-15T10:06:11.348+0000] {processor.py:161} INFO - Started process (PID=3609) to work on /opt/airflow/dags/futsal_pipeline.py
[2026-06-15T10:06:11.349+0000] {processor.py:830} INFO - Processing file /opt/airflow/dags/futsal_pipeline.py for tasks to queue
[2026-06-15T10:06:11.350+0000] {logging_mixin.py:188} INFO - [2026-06-15T10:06:11.349+0000] {dagbag.py:545} INFO - Filling up the DagBag from /opt/airflow/dags/futsal_pipeline.py
[2026-06-15T10:06:11.679+0000] {logging_mixin.py:188} INFO - [2026-06-15T10:06:11.667+0000] {dagbag.py:355} ERROR - Failed to import: /opt/airflow/dags/futsal_pipeline.py
Traceback (most recent call last):
  File "/home/airflow/.local/lib/python3.11/site-packages/airflow/models/dagbag.py", line 351, in parse
    loader.exec_module(new_module)
  File "<frozen importlib._bootstrap_external>", line 940, in exec_module
  File "<frozen importlib._bootstrap>", line 241, in _call_with_frames_removed
  File "/opt/airflow/dags/futsal_pipeline.py", line 16, in <module>
    from pipeline.data_pipeline import DataPipeline
  File "/opt/airflow/pipeline/data_pipeline.py", line 1, in <module>
    from components.data_ingestion import DataIngestion
  File "/opt/airflow/components/data_ingestion.py", line 2, in <module>
    from db.db_connection import DB
ModuleNotFoundError: No module named 'db'
[2026-06-15T10:06:11.680+0000] {processor.py:842} WARNING - No viable dags retrieved from /opt/airflow/dags/futsal_pipeline.py
[2026-06-15T10:06:11.698+0000] {processor.py:183} INFO - Processing /opt/airflow/dags/futsal_pipeline.py took 0.355 seconds
[2026-06-15T10:06:41.913+0000] {processor.py:161} INFO - Started process (PID=3621) to work on /opt/airflow/dags/futsal_pipeline.py
[2026-06-15T10:06:41.914+0000] {processor.py:830} INFO - Processing file /opt/airflow/dags/futsal_pipeline.py for tasks to queue
[2026-06-15T10:06:41.914+0000] {logging_mixin.py:188} INFO - [2026-06-15T10:06:41.914+0000] {dagbag.py:545} INFO - Filling up the DagBag from /opt/airflow/dags/futsal_pipeline.py
[2026-06-15T10:06:42.230+0000] {logging_mixin.py:188} INFO - [2026-06-15T10:06:42.221+0000] {dagbag.py:355} ERROR - Failed to import: /opt/airflow/dags/futsal_pipeline.py
Traceback (most recent call last):
  File "/home/airflow/.local/lib/python3.11/site-packages/airflow/models/dagbag.py", line 351, in parse
    loader.exec_module(new_module)
  File "<frozen importlib._bootstrap_external>", line 940, in exec_module
  File "<frozen importlib._bootstrap>", line 241, in _call_with_frames_removed
  File "/opt/airflow/dags/futsal_pipeline.py", line 16, in <module>
    from pipeline.data_pipeline import DataPipeline
  File "/opt/airflow/pipeline/data_pipeline.py", line 1, in <module>
    from components.data_ingestion import DataIngestion
  File "/opt/airflow/components/data_ingestion.py", line 2, in <module>
    from db.db_connection import DB
ModuleNotFoundError: No module named 'db'
[2026-06-15T10:06:42.232+0000] {processor.py:842} WARNING - No viable dags retrieved from /opt/airflow/dags/futsal_pipeline.py
[2026-06-15T10:06:42.261+0000] {processor.py:183} INFO - Processing /opt/airflow/dags/futsal_pipeline.py took 0.354 seconds
[2026-06-15T10:07:12.477+0000] {processor.py:161} INFO - Started process (PID=3633) to work on /opt/airflow/dags/futsal_pipeline.py
[2026-06-15T10:07:12.478+0000] {processor.py:830} INFO - Processing file /opt/airflow/dags/futsal_pipeline.py for tasks to queue
[2026-06-15T10:07:12.479+0000] {logging_mixin.py:188} INFO - [2026-06-15T10:07:12.479+0000] {dagbag.py:545} INFO - Filling up the DagBag from /opt/airflow/dags/futsal_pipeline.py
[2026-06-15T10:07:12.863+0000] {logging_mixin.py:188} INFO - [2026-06-15T10:07:12.852+0000] {dagbag.py:355} ERROR - Failed to import: /opt/airflow/dags/futsal_pipeline.py
Traceback (most recent call last):
  File "/home/airflow/.local/lib/python3.11/site-packages/airflow/models/dagbag.py", line 351, in parse
    loader.exec_module(new_module)
  File "<frozen importlib._bootstrap_external>", line 940, in exec_module
  File "<frozen importlib._bootstrap>", line 241, in _call_with_frames_removed
  File "/opt/airflow/dags/futsal_pipeline.py", line 16, in <module>
    from pipeline.data_pipeline import DataPipeline
  File "/opt/airflow/pipeline/data_pipeline.py", line 1, in <module>
    from components.data_ingestion import DataIngestion
  File "/opt/airflow/components/data_ingestion.py", line 2, in <module>
    from db.db_connection import DB
ModuleNotFoundError: No module named 'db'
[2026-06-15T10:07:12.866+0000] {processor.py:842} WARNING - No viable dags retrieved from /opt/airflow/dags/futsal_pipeline.py
[2026-06-15T10:07:12.896+0000] {processor.py:183} INFO - Processing /opt/airflow/dags/futsal_pipeline.py took 0.425 seconds
[2026-06-15T10:07:43.113+0000] {processor.py:161} INFO - Started process (PID=3645) to work on /opt/airflow/dags/futsal_pipeline.py
[2026-06-15T10:07:43.114+0000] {processor.py:830} INFO - Processing file /opt/airflow/dags/futsal_pipeline.py for tasks to queue
[2026-06-15T10:07:43.115+0000] {logging_mixin.py:188} INFO - [2026-06-15T10:07:43.115+0000] {dagbag.py:545} INFO - Filling up the DagBag from /opt/airflow/dags/futsal_pipeline.py
[2026-06-15T10:07:43.414+0000] {logging_mixin.py:188} INFO - [2026-06-15T10:07:43.405+0000] {dagbag.py:355} ERROR - Failed to import: /opt/airflow/dags/futsal_pipeline.py
Traceback (most recent call last):
  File "/home/airflow/.local/lib/python3.11/site-packages/airflow/models/dagbag.py", line 351, in parse
    loader.exec_module(new_module)
  File "<frozen importlib._bootstrap_external>", line 940, in exec_module
  File "<frozen importlib._bootstrap>", line 241, in _call_with_frames_removed
  File "/opt/airflow/dags/futsal_pipeline.py", line 16, in <module>
    from pipeline.data_pipeline import DataPipeline
  File "/opt/airflow/pipeline/data_pipeline.py", line 1, in <module>
    from components.data_ingestion import DataIngestion
  File "/opt/airflow/components/data_ingestion.py", line 2, in <module>
    from db.db_connection import DB
ModuleNotFoundError: No module named 'db'
[2026-06-15T10:07:43.416+0000] {processor.py:842} WARNING - No viable dags retrieved from /opt/airflow/dags/futsal_pipeline.py
[2026-06-15T10:07:43.443+0000] {processor.py:183} INFO - Processing /opt/airflow/dags/futsal_pipeline.py took 0.335 seconds
[2026-06-15T10:08:13.699+0000] {processor.py:161} INFO - Started process (PID=3657) to work on /opt/airflow/dags/futsal_pipeline.py
[2026-06-15T10:08:13.700+0000] {processor.py:830} INFO - Processing file /opt/airflow/dags/futsal_pipeline.py for tasks to queue
[2026-06-15T10:08:13.701+0000] {logging_mixin.py:188} INFO - [2026-06-15T10:08:13.701+0000] {dagbag.py:545} INFO - Filling up the DagBag from /opt/airflow/dags/futsal_pipeline.py
[2026-06-15T10:08:13.999+0000] {logging_mixin.py:188} INFO - [2026-06-15T10:08:13.990+0000] {dagbag.py:355} ERROR - Failed to import: /opt/airflow/dags/futsal_pipeline.py
Traceback (most recent call last):
  File "/home/airflow/.local/lib/python3.11/site-packages/airflow/models/dagbag.py", line 351, in parse
    loader.exec_module(new_module)
  File "<frozen importlib._bootstrap_external>", line 940, in exec_module
  File "<frozen importlib._bootstrap>", line 241, in _call_with_frames_removed
  File "/opt/airflow/dags/futsal_pipeline.py", line 16, in <module>
    from pipeline.data_pipeline import DataPipeline
  File "/opt/airflow/pipeline/data_pipeline.py", line 1, in <module>
    from components.data_ingestion import DataIngestion
  File "/opt/airflow/components/data_ingestion.py", line 2, in <module>
    from db.db_connection import DB
ModuleNotFoundError: No module named 'db'
[2026-06-15T10:08:14.000+0000] {processor.py:842} WARNING - No viable dags retrieved from /opt/airflow/dags/futsal_pipeline.py
[2026-06-15T10:08:14.028+0000] {processor.py:183} INFO - Processing /opt/airflow/dags/futsal_pipeline.py took 0.334 seconds
[2026-06-15T10:08:44.274+0000] {processor.py:161} INFO - Started process (PID=3669) to work on /opt/airflow/dags/futsal_pipeline.py
[2026-06-15T10:08:44.275+0000] {processor.py:830} INFO - Processing file /opt/airflow/dags/futsal_pipeline.py for tasks to queue
[2026-06-15T10:08:44.276+0000] {logging_mixin.py:188} INFO - [2026-06-15T10:08:44.276+0000] {dagbag.py:545} INFO - Filling up the DagBag from /opt/airflow/dags/futsal_pipeline.py
[2026-06-15T10:08:44.614+0000] {logging_mixin.py:188} INFO - [2026-06-15T10:08:44.602+0000] {dagbag.py:355} ERROR - Failed to import: /opt/airflow/dags/futsal_pipeline.py
Traceback (most recent call last):
  File "/home/airflow/.local/lib/python3.11/site-packages/airflow/models/dagbag.py", line 351, in parse
    loader.exec_module(new_module)
  File "<frozen importlib._bootstrap_external>", line 940, in exec_module
  File "<frozen importlib._bootstrap>", line 241, in _call_with_frames_removed
  File "/opt/airflow/dags/futsal_pipeline.py", line 16, in <module>
    from pipeline.data_pipeline import DataPipeline
  File "/opt/airflow/pipeline/data_pipeline.py", line 1, in <module>
    from components.data_ingestion import DataIngestion
  File "/opt/airflow/components/data_ingestion.py", line 2, in <module>
    from db.db_connection import DB
ModuleNotFoundError: No module named 'db'
[2026-06-15T10:08:44.616+0000] {processor.py:842} WARNING - No viable dags retrieved from /opt/airflow/dags/futsal_pipeline.py
[2026-06-15T10:08:44.635+0000] {processor.py:183} INFO - Processing /opt/airflow/dags/futsal_pipeline.py took 0.367 seconds
[2026-06-15T10:09:14.856+0000] {processor.py:161} INFO - Started process (PID=3681) to work on /opt/airflow/dags/futsal_pipeline.py
[2026-06-15T10:09:14.857+0000] {processor.py:830} INFO - Processing file /opt/airflow/dags/futsal_pipeline.py for tasks to queue
[2026-06-15T10:09:14.858+0000] {logging_mixin.py:188} INFO - [2026-06-15T10:09:14.858+0000] {dagbag.py:545} INFO - Filling up the DagBag from /opt/airflow/dags/futsal_pipeline.py
[2026-06-15T10:09:15.211+0000] {logging_mixin.py:188} INFO - [2026-06-15T10:09:15.202+0000] {dagbag.py:355} ERROR - Failed to import: /opt/airflow/dags/futsal_pipeline.py
Traceback (most recent call last):
  File "/home/airflow/.local/lib/python3.11/site-packages/airflow/models/dagbag.py", line 351, in parse
    loader.exec_module(new_module)
  File "<frozen importlib._bootstrap_external>", line 940, in exec_module
  File "<frozen importlib._bootstrap>", line 241, in _call_with_frames_removed
  File "/opt/airflow/dags/futsal_pipeline.py", line 16, in <module>
    from pipeline.data_pipeline import DataPipeline
  File "/opt/airflow/pipeline/data_pipeline.py", line 1, in <module>
    from components.data_ingestion import DataIngestion
  File "/opt/airflow/components/data_ingestion.py", line 2, in <module>
    from db.db_connection import DB
ModuleNotFoundError: No module named 'db'
[2026-06-15T10:09:15.213+0000] {processor.py:842} WARNING - No viable dags retrieved from /opt/airflow/dags/futsal_pipeline.py
[2026-06-15T10:09:15.241+0000] {processor.py:183} INFO - Processing /opt/airflow/dags/futsal_pipeline.py took 0.391 seconds
[2026-06-15T10:09:45.453+0000] {processor.py:161} INFO - Started process (PID=3693) to work on /opt/airflow/dags/futsal_pipeline.py
[2026-06-15T10:09:45.454+0000] {processor.py:830} INFO - Processing file /opt/airflow/dags/futsal_pipeline.py for tasks to queue
[2026-06-15T10:09:45.455+0000] {logging_mixin.py:188} INFO - [2026-06-15T10:09:45.455+0000] {dagbag.py:545} INFO - Filling up the DagBag from /opt/airflow/dags/futsal_pipeline.py
[2026-06-15T10:09:45.832+0000] {logging_mixin.py:188} INFO - [2026-06-15T10:09:45.820+0000] {dagbag.py:355} ERROR - Failed to import: /opt/airflow/dags/futsal_pipeline.py
Traceback (most recent call last):
  File "/home/airflow/.local/lib/python3.11/site-packages/airflow/models/dagbag.py", line 351, in parse
    loader.exec_module(new_module)
  File "<frozen importlib._bootstrap_external>", line 940, in exec_module
  File "<frozen importlib._bootstrap>", line 241, in _call_with_frames_removed
  File "/opt/airflow/dags/futsal_pipeline.py", line 16, in <module>
    from pipeline.data_pipeline import DataPipeline
  File "/opt/airflow/pipeline/data_pipeline.py", line 1, in <module>
    from components.data_ingestion import DataIngestion
  File "/opt/airflow/components/data_ingestion.py", line 2, in <module>
    from db.db_connection import DB
ModuleNotFoundError: No module named 'db'
[2026-06-15T10:09:45.834+0000] {processor.py:842} WARNING - No viable dags retrieved from /opt/airflow/dags/futsal_pipeline.py
[2026-06-15T10:09:45.864+0000] {processor.py:183} INFO - Processing /opt/airflow/dags/futsal_pipeline.py took 0.418 seconds
[2026-06-15T10:10:16.098+0000] {processor.py:161} INFO - Started process (PID=3705) to work on /opt/airflow/dags/futsal_pipeline.py
[2026-06-15T10:10:16.099+0000] {processor.py:830} INFO - Processing file /opt/airflow/dags/futsal_pipeline.py for tasks to queue
[2026-06-15T10:10:16.100+0000] {logging_mixin.py:188} INFO - [2026-06-15T10:10:16.100+0000] {dagbag.py:545} INFO - Filling up the DagBag from /opt/airflow/dags/futsal_pipeline.py
[2026-06-15T10:10:16.419+0000] {logging_mixin.py:188} INFO - [2026-06-15T10:10:16.408+0000] {dagbag.py:355} ERROR - Failed to import: /opt/airflow/dags/futsal_pipeline.py
Traceback (most recent call last):
  File "/home/airflow/.local/lib/python3.11/site-packages/airflow/models/dagbag.py", line 351, in parse
    loader.exec_module(new_module)
  File "<frozen importlib._bootstrap_external>", line 940, in exec_module
  File "<frozen importlib._bootstrap>", line 241, in _call_with_frames_removed
  File "/opt/airflow/dags/futsal_pipeline.py", line 16, in <module>
    from pipeline.data_pipeline import DataPipeline
  File "/opt/airflow/pipeline/data_pipeline.py", line 1, in <module>
    from components.data_ingestion import DataIngestion
  File "/opt/airflow/components/data_ingestion.py", line 2, in <module>
    from db.db_connection import DB
ModuleNotFoundError: No module named 'db'
[2026-06-15T10:10:16.420+0000] {processor.py:842} WARNING - No viable dags retrieved from /opt/airflow/dags/futsal_pipeline.py
[2026-06-15T10:10:16.446+0000] {processor.py:183} INFO - Processing /opt/airflow/dags/futsal_pipeline.py took 0.354 seconds
[2026-06-15T10:10:46.687+0000] {processor.py:161} INFO - Started process (PID=3717) to work on /opt/airflow/dags/futsal_pipeline.py
[2026-06-15T10:10:46.688+0000] {processor.py:830} INFO - Processing file /opt/airflow/dags/futsal_pipeline.py for tasks to queue
[2026-06-15T10:10:46.689+0000] {logging_mixin.py:188} INFO - [2026-06-15T10:10:46.688+0000] {dagbag.py:545} INFO - Filling up the DagBag from /opt/airflow/dags/futsal_pipeline.py
[2026-06-15T10:10:46.998+0000] {logging_mixin.py:188} INFO - [2026-06-15T10:10:46.989+0000] {dagbag.py:355} ERROR - Failed to import: /opt/airflow/dags/futsal_pipeline.py
Traceback (most recent call last):
  File "/home/airflow/.local/lib/python3.11/site-packages/airflow/models/dagbag.py", line 351, in parse
    loader.exec_module(new_module)
  File "<frozen importlib._bootstrap_external>", line 940, in exec_module
  File "<frozen importlib._bootstrap>", line 241, in _call_with_frames_removed
  File "/opt/airflow/dags/futsal_pipeline.py", line 16, in <module>
    from pipeline.data_pipeline import DataPipeline
  File "/opt/airflow/pipeline/data_pipeline.py", line 1, in <module>
    from components.data_ingestion import DataIngestion
  File "/opt/airflow/components/data_ingestion.py", line 2, in <module>
    from db.db_connection import DB
ModuleNotFoundError: No module named 'db'
[2026-06-15T10:10:47.000+0000] {processor.py:842} WARNING - No viable dags retrieved from /opt/airflow/dags/futsal_pipeline.py
[2026-06-15T10:10:47.026+0000] {processor.py:183} INFO - Processing /opt/airflow/dags/futsal_pipeline.py took 0.345 seconds
[2026-06-15T10:11:17.230+0000] {processor.py:161} INFO - Started process (PID=3729) to work on /opt/airflow/dags/futsal_pipeline.py
[2026-06-15T10:11:17.231+0000] {processor.py:830} INFO - Processing file /opt/airflow/dags/futsal_pipeline.py for tasks to queue
[2026-06-15T10:11:17.232+0000] {logging_mixin.py:188} INFO - [2026-06-15T10:11:17.232+0000] {dagbag.py:545} INFO - Filling up the DagBag from /opt/airflow/dags/futsal_pipeline.py
[2026-06-15T10:11:17.564+0000] {logging_mixin.py:188} INFO - [2026-06-15T10:11:17.554+0000] {dagbag.py:355} ERROR - Failed to import: /opt/airflow/dags/futsal_pipeline.py
Traceback (most recent call last):
  File "/home/airflow/.local/lib/python3.11/site-packages/airflow/models/dagbag.py", line 351, in parse
    loader.exec_module(new_module)
  File "<frozen importlib._bootstrap_external>", line 940, in exec_module
  File "<frozen importlib._bootstrap>", line 241, in _call_with_frames_removed
  File "/opt/airflow/dags/futsal_pipeline.py", line 16, in <module>
    from pipeline.data_pipeline import DataPipeline
  File "/opt/airflow/pipeline/data_pipeline.py", line 1, in <module>
    from components.data_ingestion import DataIngestion
  File "/opt/airflow/components/data_ingestion.py", line 2, in <module>
    from db.db_connection import DB
ModuleNotFoundError: No module named 'db'
[2026-06-15T10:11:17.566+0000] {processor.py:842} WARNING - No viable dags retrieved from /opt/airflow/dags/futsal_pipeline.py
[2026-06-15T10:11:17.584+0000] {processor.py:183} INFO - Processing /opt/airflow/dags/futsal_pipeline.py took 0.360 seconds
[2026-06-15T10:11:47.790+0000] {processor.py:161} INFO - Started process (PID=3741) to work on /opt/airflow/dags/futsal_pipeline.py
[2026-06-15T10:11:47.791+0000] {processor.py:830} INFO - Processing file /opt/airflow/dags/futsal_pipeline.py for tasks to queue
[2026-06-15T10:11:47.791+0000] {logging_mixin.py:188} INFO - [2026-06-15T10:11:47.791+0000] {dagbag.py:545} INFO - Filling up the DagBag from /opt/airflow/dags/futsal_pipeline.py
[2026-06-15T10:11:48.106+0000] {logging_mixin.py:188} INFO - [2026-06-15T10:11:48.097+0000] {dagbag.py:355} ERROR - Failed to import: /opt/airflow/dags/futsal_pipeline.py
Traceback (most recent call last):
  File "/home/airflow/.local/lib/python3.11/site-packages/airflow/models/dagbag.py", line 351, in parse
    loader.exec_module(new_module)
  File "<frozen importlib._bootstrap_external>", line 940, in exec_module
  File "<frozen importlib._bootstrap>", line 241, in _call_with_frames_removed
  File "/opt/airflow/dags/futsal_pipeline.py", line 16, in <module>
    from pipeline.data_pipeline import DataPipeline
  File "/opt/airflow/pipeline/data_pipeline.py", line 1, in <module>
    from components.data_ingestion import DataIngestion
  File "/opt/airflow/components/data_ingestion.py", line 2, in <module>
    from db.db_connection import DB
ModuleNotFoundError: No module named 'db'
[2026-06-15T10:11:48.108+0000] {processor.py:842} WARNING - No viable dags retrieved from /opt/airflow/dags/futsal_pipeline.py
[2026-06-15T10:11:48.135+0000] {processor.py:183} INFO - Processing /opt/airflow/dags/futsal_pipeline.py took 0.351 seconds
[2026-06-15T10:12:18.354+0000] {processor.py:161} INFO - Started process (PID=3753) to work on /opt/airflow/dags/futsal_pipeline.py
[2026-06-15T10:12:18.355+0000] {processor.py:830} INFO - Processing file /opt/airflow/dags/futsal_pipeline.py for tasks to queue
[2026-06-15T10:12:18.356+0000] {logging_mixin.py:188} INFO - [2026-06-15T10:12:18.355+0000] {dagbag.py:545} INFO - Filling up the DagBag from /opt/airflow/dags/futsal_pipeline.py
[2026-06-15T10:12:18.671+0000] {logging_mixin.py:188} INFO - [2026-06-15T10:12:18.659+0000] {dagbag.py:355} ERROR - Failed to import: /opt/airflow/dags/futsal_pipeline.py
Traceback (most recent call last):
  File "/home/airflow/.local/lib/python3.11/site-packages/airflow/models/dagbag.py", line 351, in parse
    loader.exec_module(new_module)
  File "<frozen importlib._bootstrap_external>", line 940, in exec_module
  File "<frozen importlib._bootstrap>", line 241, in _call_with_frames_removed
  File "/opt/airflow/dags/futsal_pipeline.py", line 16, in <module>
    from pipeline.data_pipeline import DataPipeline
  File "/opt/airflow/pipeline/data_pipeline.py", line 1, in <module>
    from components.data_ingestion import DataIngestion
  File "/opt/airflow/components/data_ingestion.py", line 2, in <module>
    from db.db_connection import DB
ModuleNotFoundError: No module named 'db'
[2026-06-15T10:12:18.672+0000] {processor.py:842} WARNING - No viable dags retrieved from /opt/airflow/dags/futsal_pipeline.py
[2026-06-15T10:12:18.701+0000] {processor.py:183} INFO - Processing /opt/airflow/dags/futsal_pipeline.py took 0.352 seconds
[2026-06-15T10:12:48.922+0000] {processor.py:161} INFO - Started process (PID=3765) to work on /opt/airflow/dags/futsal_pipeline.py
[2026-06-15T10:12:48.923+0000] {processor.py:830} INFO - Processing file /opt/airflow/dags/futsal_pipeline.py for tasks to queue
[2026-06-15T10:12:48.924+0000] {logging_mixin.py:188} INFO - [2026-06-15T10:12:48.923+0000] {dagbag.py:545} INFO - Filling up the DagBag from /opt/airflow/dags/futsal_pipeline.py
[2026-06-15T10:12:49.328+0000] {logging_mixin.py:188} INFO - [2026-06-15T10:12:49.318+0000] {dagbag.py:355} ERROR - Failed to import: /opt/airflow/dags/futsal_pipeline.py
Traceback (most recent call last):
  File "/home/airflow/.local/lib/python3.11/site-packages/airflow/models/dagbag.py", line 351, in parse
    loader.exec_module(new_module)
  File "<frozen importlib._bootstrap_external>", line 940, in exec_module
  File "<frozen importlib._bootstrap>", line 241, in _call_with_frames_removed
  File "/opt/airflow/dags/futsal_pipeline.py", line 16, in <module>
    from pipeline.data_pipeline import DataPipeline
  File "/opt/airflow/pipeline/data_pipeline.py", line 1, in <module>
    from components.data_ingestion import DataIngestion
  File "/opt/airflow/components/data_ingestion.py", line 2, in <module>
    from db.db_connection import DB
ModuleNotFoundError: No module named 'db'
[2026-06-15T10:12:49.329+0000] {processor.py:842} WARNING - No viable dags retrieved from /opt/airflow/dags/futsal_pipeline.py
[2026-06-15T10:12:49.357+0000] {processor.py:183} INFO - Processing /opt/airflow/dags/futsal_pipeline.py took 0.441 seconds
[2026-06-15T10:13:19.596+0000] {processor.py:161} INFO - Started process (PID=3777) to work on /opt/airflow/dags/futsal_pipeline.py
[2026-06-15T10:13:19.597+0000] {processor.py:830} INFO - Processing file /opt/airflow/dags/futsal_pipeline.py for tasks to queue
[2026-06-15T10:13:19.598+0000] {logging_mixin.py:188} INFO - [2026-06-15T10:13:19.598+0000] {dagbag.py:545} INFO - Filling up the DagBag from /opt/airflow/dags/futsal_pipeline.py
[2026-06-15T10:13:19.919+0000] {logging_mixin.py:188} INFO - [2026-06-15T10:13:19.908+0000] {dagbag.py:355} ERROR - Failed to import: /opt/airflow/dags/futsal_pipeline.py
Traceback (most recent call last):
  File "/home/airflow/.local/lib/python3.11/site-packages/airflow/models/dagbag.py", line 351, in parse
    loader.exec_module(new_module)
  File "<frozen importlib._bootstrap_external>", line 940, in exec_module
  File "<frozen importlib._bootstrap>", line 241, in _call_with_frames_removed
  File "/opt/airflow/dags/futsal_pipeline.py", line 16, in <module>
    from pipeline.data_pipeline import DataPipeline
  File "/opt/airflow/pipeline/data_pipeline.py", line 1, in <module>
    from components.data_ingestion import DataIngestion
  File "/opt/airflow/components/data_ingestion.py", line 2, in <module>
    from db.db_connection import DB
ModuleNotFoundError: No module named 'db'
[2026-06-15T10:13:19.920+0000] {processor.py:842} WARNING - No viable dags retrieved from /opt/airflow/dags/futsal_pipeline.py
[2026-06-15T10:13:19.949+0000] {processor.py:183} INFO - Processing /opt/airflow/dags/futsal_pipeline.py took 0.359 seconds
[2026-06-15T10:13:50.168+0000] {processor.py:161} INFO - Started process (PID=3789) to work on /opt/airflow/dags/futsal_pipeline.py
[2026-06-15T10:13:50.169+0000] {processor.py:830} INFO - Processing file /opt/airflow/dags/futsal_pipeline.py for tasks to queue
[2026-06-15T10:13:50.171+0000] {logging_mixin.py:188} INFO - [2026-06-15T10:13:50.170+0000] {dagbag.py:545} INFO - Filling up the DagBag from /opt/airflow/dags/futsal_pipeline.py
[2026-06-15T10:13:50.488+0000] {logging_mixin.py:188} INFO - [2026-06-15T10:13:50.477+0000] {dagbag.py:355} ERROR - Failed to import: /opt/airflow/dags/futsal_pipeline.py
Traceback (most recent call last):
  File "/home/airflow/.local/lib/python3.11/site-packages/airflow/models/dagbag.py", line 351, in parse
    loader.exec_module(new_module)
  File "<frozen importlib._bootstrap_external>", line 940, in exec_module
  File "<frozen importlib._bootstrap>", line 241, in _call_with_frames_removed
  File "/opt/airflow/dags/futsal_pipeline.py", line 16, in <module>
    from pipeline.data_pipeline import DataPipeline
  File "/opt/airflow/pipeline/data_pipeline.py", line 1, in <module>
    from components.data_ingestion import DataIngestion
  File "/opt/airflow/components/data_ingestion.py", line 2, in <module>
    from db.db_connection import DB
ModuleNotFoundError: No module named 'db'
[2026-06-15T10:13:50.491+0000] {processor.py:842} WARNING - No viable dags retrieved from /opt/airflow/dags/futsal_pipeline.py
[2026-06-15T10:13:50.518+0000] {processor.py:183} INFO - Processing /opt/airflow/dags/futsal_pipeline.py took 0.355 seconds
[2026-06-15T10:14:20.751+0000] {processor.py:161} INFO - Started process (PID=3801) to work on /opt/airflow/dags/futsal_pipeline.py
[2026-06-15T10:14:20.752+0000] {processor.py:830} INFO - Processing file /opt/airflow/dags/futsal_pipeline.py for tasks to queue
[2026-06-15T10:14:20.753+0000] {logging_mixin.py:188} INFO - [2026-06-15T10:14:20.753+0000] {dagbag.py:545} INFO - Filling up the DagBag from /opt/airflow/dags/futsal_pipeline.py
[2026-06-15T10:14:21.077+0000] {logging_mixin.py:188} INFO - [2026-06-15T10:14:21.065+0000] {dagbag.py:355} ERROR - Failed to import: /opt/airflow/dags/futsal_pipeline.py
Traceback (most recent call last):
  File "/home/airflow/.local/lib/python3.11/site-packages/airflow/models/dagbag.py", line 351, in parse
    loader.exec_module(new_module)
  File "<frozen importlib._bootstrap_external>", line 940, in exec_module
  File "<frozen importlib._bootstrap>", line 241, in _call_with_frames_removed
  File "/opt/airflow/dags/futsal_pipeline.py", line 16, in <module>
    from pipeline.data_pipeline import DataPipeline
  File "/opt/airflow/pipeline/data_pipeline.py", line 1, in <module>
    from components.data_ingestion import DataIngestion
  File "/opt/airflow/components/data_ingestion.py", line 2, in <module>
    from db.db_connection import DB
ModuleNotFoundError: No module named 'db'
[2026-06-15T10:14:21.078+0000] {processor.py:842} WARNING - No viable dags retrieved from /opt/airflow/dags/futsal_pipeline.py
[2026-06-15T10:14:21.096+0000] {processor.py:183} INFO - Processing /opt/airflow/dags/futsal_pipeline.py took 0.352 seconds
[2026-06-15T10:14:51.311+0000] {processor.py:161} INFO - Started process (PID=3813) to work on /opt/airflow/dags/futsal_pipeline.py
[2026-06-15T10:14:51.313+0000] {processor.py:830} INFO - Processing file /opt/airflow/dags/futsal_pipeline.py for tasks to queue
[2026-06-15T10:14:51.313+0000] {logging_mixin.py:188} INFO - [2026-06-15T10:14:51.313+0000] {dagbag.py:545} INFO - Filling up the DagBag from /opt/airflow/dags/futsal_pipeline.py
[2026-06-15T10:14:51.651+0000] {logging_mixin.py:188} INFO - [2026-06-15T10:14:51.640+0000] {dagbag.py:355} ERROR - Failed to import: /opt/airflow/dags/futsal_pipeline.py
Traceback (most recent call last):
  File "/home/airflow/.local/lib/python3.11/site-packages/airflow/models/dagbag.py", line 351, in parse
    loader.exec_module(new_module)
  File "<frozen importlib._bootstrap_external>", line 940, in exec_module
  File "<frozen importlib._bootstrap>", line 241, in _call_with_frames_removed
  File "/opt/airflow/dags/futsal_pipeline.py", line 16, in <module>
    from pipeline.data_pipeline import DataPipeline
  File "/opt/airflow/pipeline/data_pipeline.py", line 1, in <module>
    from components.data_ingestion import DataIngestion
  File "/opt/airflow/components/data_ingestion.py", line 2, in <module>
    from db.db_connection import DB
ModuleNotFoundError: No module named 'db'
[2026-06-15T10:14:51.653+0000] {processor.py:842} WARNING - No viable dags retrieved from /opt/airflow/dags/futsal_pipeline.py
[2026-06-15T10:14:51.681+0000] {processor.py:183} INFO - Processing /opt/airflow/dags/futsal_pipeline.py took 0.376 seconds
[2026-06-15T10:15:21.915+0000] {processor.py:161} INFO - Started process (PID=3825) to work on /opt/airflow/dags/futsal_pipeline.py
[2026-06-15T10:15:21.915+0000] {processor.py:830} INFO - Processing file /opt/airflow/dags/futsal_pipeline.py for tasks to queue
[2026-06-15T10:15:21.916+0000] {logging_mixin.py:188} INFO - [2026-06-15T10:15:21.916+0000] {dagbag.py:545} INFO - Filling up the DagBag from /opt/airflow/dags/futsal_pipeline.py
[2026-06-15T10:15:22.237+0000] {logging_mixin.py:188} INFO - [2026-06-15T10:15:22.228+0000] {dagbag.py:355} ERROR - Failed to import: /opt/airflow/dags/futsal_pipeline.py
Traceback (most recent call last):
  File "/home/airflow/.local/lib/python3.11/site-packages/airflow/models/dagbag.py", line 351, in parse
    loader.exec_module(new_module)
  File "<frozen importlib._bootstrap_external>", line 940, in exec_module
  File "<frozen importlib._bootstrap>", line 241, in _call_with_frames_removed
  File "/opt/airflow/dags/futsal_pipeline.py", line 16, in <module>
    from pipeline.data_pipeline import DataPipeline
  File "/opt/airflow/pipeline/data_pipeline.py", line 1, in <module>
    from components.data_ingestion import DataIngestion
  File "/opt/airflow/components/data_ingestion.py", line 2, in <module>
    from db.db_connection import DB
ModuleNotFoundError: No module named 'db'
[2026-06-15T10:15:22.242+0000] {processor.py:842} WARNING - No viable dags retrieved from /opt/airflow/dags/futsal_pipeline.py
[2026-06-15T10:15:22.270+0000] {processor.py:183} INFO - Processing /opt/airflow/dags/futsal_pipeline.py took 0.361 seconds
[2026-06-15T10:15:52.474+0000] {processor.py:161} INFO - Started process (PID=3837) to work on /opt/airflow/dags/futsal_pipeline.py
[2026-06-15T10:15:52.475+0000] {processor.py:830} INFO - Processing file /opt/airflow/dags/futsal_pipeline.py for tasks to queue
[2026-06-15T10:15:52.476+0000] {logging_mixin.py:188} INFO - [2026-06-15T10:15:52.476+0000] {dagbag.py:545} INFO - Filling up the DagBag from /opt/airflow/dags/futsal_pipeline.py
[2026-06-15T10:15:52.807+0000] {logging_mixin.py:188} INFO - [2026-06-15T10:15:52.796+0000] {dagbag.py:355} ERROR - Failed to import: /opt/airflow/dags/futsal_pipeline.py
Traceback (most recent call last):
  File "/home/airflow/.local/lib/python3.11/site-packages/airflow/models/dagbag.py", line 351, in parse
    loader.exec_module(new_module)
  File "<frozen importlib._bootstrap_external>", line 940, in exec_module
  File "<frozen importlib._bootstrap>", line 241, in _call_with_frames_removed
  File "/opt/airflow/dags/futsal_pipeline.py", line 16, in <module>
    from pipeline.data_pipeline import DataPipeline
  File "/opt/airflow/pipeline/data_pipeline.py", line 1, in <module>
    from components.data_ingestion import DataIngestion
  File "/opt/airflow/components/data_ingestion.py", line 2, in <module>
    from db.db_connection import DB
ModuleNotFoundError: No module named 'db'
[2026-06-15T10:15:52.811+0000] {processor.py:842} WARNING - No viable dags retrieved from /opt/airflow/dags/futsal_pipeline.py
[2026-06-15T10:15:52.840+0000] {processor.py:183} INFO - Processing /opt/airflow/dags/futsal_pipeline.py took 0.372 seconds
[2026-06-15T10:16:23.060+0000] {processor.py:161} INFO - Started process (PID=3849) to work on /opt/airflow/dags/futsal_pipeline.py
[2026-06-15T10:16:23.061+0000] {processor.py:830} INFO - Processing file /opt/airflow/dags/futsal_pipeline.py for tasks to queue
[2026-06-15T10:16:23.062+0000] {logging_mixin.py:188} INFO - [2026-06-15T10:16:23.062+0000] {dagbag.py:545} INFO - Filling up the DagBag from /opt/airflow/dags/futsal_pipeline.py
[2026-06-15T10:16:23.388+0000] {logging_mixin.py:188} INFO - [2026-06-15T10:16:23.376+0000] {dagbag.py:355} ERROR - Failed to import: /opt/airflow/dags/futsal_pipeline.py
Traceback (most recent call last):
  File "/home/airflow/.local/lib/python3.11/site-packages/airflow/models/dagbag.py", line 351, in parse
    loader.exec_module(new_module)
  File "<frozen importlib._bootstrap_external>", line 940, in exec_module
  File "<frozen importlib._bootstrap>", line 241, in _call_with_frames_removed
  File "/opt/airflow/dags/futsal_pipeline.py", line 16, in <module>
    from pipeline.data_pipeline import DataPipeline
  File "/opt/airflow/pipeline/data_pipeline.py", line 1, in <module>
    from components.data_ingestion import DataIngestion
  File "/opt/airflow/components/data_ingestion.py", line 2, in <module>
    from db.db_connection import DB
ModuleNotFoundError: No module named 'db'
[2026-06-15T10:16:23.391+0000] {processor.py:842} WARNING - No viable dags retrieved from /opt/airflow/dags/futsal_pipeline.py
[2026-06-15T10:16:23.408+0000] {processor.py:183} INFO - Processing /opt/airflow/dags/futsal_pipeline.py took 0.355 seconds
[2026-06-15T10:16:53.617+0000] {processor.py:161} INFO - Started process (PID=3861) to work on /opt/airflow/dags/futsal_pipeline.py
[2026-06-15T10:16:53.618+0000] {processor.py:830} INFO - Processing file /opt/airflow/dags/futsal_pipeline.py for tasks to queue
[2026-06-15T10:16:53.619+0000] {logging_mixin.py:188} INFO - [2026-06-15T10:16:53.619+0000] {dagbag.py:545} INFO - Filling up the DagBag from /opt/airflow/dags/futsal_pipeline.py
[2026-06-15T10:16:53.931+0000] {logging_mixin.py:188} INFO - [2026-06-15T10:16:53.922+0000] {dagbag.py:355} ERROR - Failed to import: /opt/airflow/dags/futsal_pipeline.py
Traceback (most recent call last):
  File "/home/airflow/.local/lib/python3.11/site-packages/airflow/models/dagbag.py", line 351, in parse
    loader.exec_module(new_module)
  File "<frozen importlib._bootstrap_external>", line 940, in exec_module
  File "<frozen importlib._bootstrap>", line 241, in _call_with_frames_removed
  File "/opt/airflow/dags/futsal_pipeline.py", line 16, in <module>
    from pipeline.data_pipeline import DataPipeline
  File "/opt/airflow/pipeline/data_pipeline.py", line 1, in <module>
    from components.data_ingestion import DataIngestion
  File "/opt/airflow/components/data_ingestion.py", line 2, in <module>
    from db.db_connection import DB
ModuleNotFoundError: No module named 'db'
[2026-06-15T10:16:53.933+0000] {processor.py:842} WARNING - No viable dags retrieved from /opt/airflow/dags/futsal_pipeline.py
[2026-06-15T10:16:53.951+0000] {processor.py:183} INFO - Processing /opt/airflow/dags/futsal_pipeline.py took 0.338 seconds
[2026-06-15T10:17:24.171+0000] {processor.py:161} INFO - Started process (PID=3873) to work on /opt/airflow/dags/futsal_pipeline.py
[2026-06-15T10:17:24.172+0000] {processor.py:830} INFO - Processing file /opt/airflow/dags/futsal_pipeline.py for tasks to queue
[2026-06-15T10:17:24.173+0000] {logging_mixin.py:188} INFO - [2026-06-15T10:17:24.172+0000] {dagbag.py:545} INFO - Filling up the DagBag from /opt/airflow/dags/futsal_pipeline.py
[2026-06-15T10:17:24.502+0000] {logging_mixin.py:188} INFO - [2026-06-15T10:17:24.492+0000] {dagbag.py:355} ERROR - Failed to import: /opt/airflow/dags/futsal_pipeline.py
Traceback (most recent call last):
  File "/home/airflow/.local/lib/python3.11/site-packages/airflow/models/dagbag.py", line 351, in parse
    loader.exec_module(new_module)
  File "<frozen importlib._bootstrap_external>", line 940, in exec_module
  File "<frozen importlib._bootstrap>", line 241, in _call_with_frames_removed
  File "/opt/airflow/dags/futsal_pipeline.py", line 16, in <module>
    from pipeline.data_pipeline import DataPipeline
  File "/opt/airflow/pipeline/data_pipeline.py", line 1, in <module>
    from components.data_ingestion import DataIngestion
  File "/opt/airflow/components/data_ingestion.py", line 2, in <module>
    from db.db_connection import DB
ModuleNotFoundError: No module named 'db'
[2026-06-15T10:17:24.505+0000] {processor.py:842} WARNING - No viable dags retrieved from /opt/airflow/dags/futsal_pipeline.py
[2026-06-15T10:17:24.527+0000] {processor.py:183} INFO - Processing /opt/airflow/dags/futsal_pipeline.py took 0.362 seconds
[2026-06-15T10:17:54.751+0000] {processor.py:161} INFO - Started process (PID=3885) to work on /opt/airflow/dags/futsal_pipeline.py
[2026-06-15T10:17:54.753+0000] {processor.py:830} INFO - Processing file /opt/airflow/dags/futsal_pipeline.py for tasks to queue
[2026-06-15T10:17:54.754+0000] {logging_mixin.py:188} INFO - [2026-06-15T10:17:54.753+0000] {dagbag.py:545} INFO - Filling up the DagBag from /opt/airflow/dags/futsal_pipeline.py
[2026-06-15T10:17:55.073+0000] {logging_mixin.py:188} INFO - [2026-06-15T10:17:55.062+0000] {dagbag.py:355} ERROR - Failed to import: /opt/airflow/dags/futsal_pipeline.py
Traceback (most recent call last):
  File "/home/airflow/.local/lib/python3.11/site-packages/airflow/models/dagbag.py", line 351, in parse
    loader.exec_module(new_module)
  File "<frozen importlib._bootstrap_external>", line 940, in exec_module
  File "<frozen importlib._bootstrap>", line 241, in _call_with_frames_removed
  File "/opt/airflow/dags/futsal_pipeline.py", line 16, in <module>
    from pipeline.data_pipeline import DataPipeline
  File "/opt/airflow/pipeline/data_pipeline.py", line 1, in <module>
    from components.data_ingestion import DataIngestion
  File "/opt/airflow/components/data_ingestion.py", line 2, in <module>
    from db.db_connection import DB
ModuleNotFoundError: No module named 'db'
[2026-06-15T10:17:55.075+0000] {processor.py:842} WARNING - No viable dags retrieved from /opt/airflow/dags/futsal_pipeline.py
[2026-06-15T10:17:55.092+0000] {processor.py:183} INFO - Processing /opt/airflow/dags/futsal_pipeline.py took 0.346 seconds
[2026-06-15T10:18:25.313+0000] {processor.py:161} INFO - Started process (PID=3897) to work on /opt/airflow/dags/futsal_pipeline.py
[2026-06-15T10:18:25.314+0000] {processor.py:830} INFO - Processing file /opt/airflow/dags/futsal_pipeline.py for tasks to queue
[2026-06-15T10:18:25.315+0000] {logging_mixin.py:188} INFO - [2026-06-15T10:18:25.315+0000] {dagbag.py:545} INFO - Filling up the DagBag from /opt/airflow/dags/futsal_pipeline.py
[2026-06-15T10:18:25.648+0000] {logging_mixin.py:188} INFO - [2026-06-15T10:18:25.636+0000] {dagbag.py:355} ERROR - Failed to import: /opt/airflow/dags/futsal_pipeline.py
Traceback (most recent call last):
  File "/home/airflow/.local/lib/python3.11/site-packages/airflow/models/dagbag.py", line 351, in parse
    loader.exec_module(new_module)
  File "<frozen importlib._bootstrap_external>", line 940, in exec_module
  File "<frozen importlib._bootstrap>", line 241, in _call_with_frames_removed
  File "/opt/airflow/dags/futsal_pipeline.py", line 16, in <module>
    from pipeline.data_pipeline import DataPipeline
  File "/opt/airflow/pipeline/data_pipeline.py", line 1, in <module>
    from components.data_ingestion import DataIngestion
  File "/opt/airflow/components/data_ingestion.py", line 2, in <module>
    from db.db_connection import DB
ModuleNotFoundError: No module named 'db'
[2026-06-15T10:18:25.649+0000] {processor.py:842} WARNING - No viable dags retrieved from /opt/airflow/dags/futsal_pipeline.py
[2026-06-15T10:18:25.677+0000] {processor.py:183} INFO - Processing /opt/airflow/dags/futsal_pipeline.py took 0.369 seconds
[2026-06-15T10:18:55.886+0000] {processor.py:161} INFO - Started process (PID=3909) to work on /opt/airflow/dags/futsal_pipeline.py
[2026-06-15T10:18:55.887+0000] {processor.py:830} INFO - Processing file /opt/airflow/dags/futsal_pipeline.py for tasks to queue
[2026-06-15T10:18:55.888+0000] {logging_mixin.py:188} INFO - [2026-06-15T10:18:55.887+0000] {dagbag.py:545} INFO - Filling up the DagBag from /opt/airflow/dags/futsal_pipeline.py
[2026-06-15T10:18:56.201+0000] {logging_mixin.py:188} INFO - [2026-06-15T10:18:56.191+0000] {dagbag.py:355} ERROR - Failed to import: /opt/airflow/dags/futsal_pipeline.py
Traceback (most recent call last):
  File "/home/airflow/.local/lib/python3.11/site-packages/airflow/models/dagbag.py", line 351, in parse
    loader.exec_module(new_module)
  File "<frozen importlib._bootstrap_external>", line 940, in exec_module
  File "<frozen importlib._bootstrap>", line 241, in _call_with_frames_removed
  File "/opt/airflow/dags/futsal_pipeline.py", line 16, in <module>
    from pipeline.data_pipeline import DataPipeline
  File "/opt/airflow/pipeline/data_pipeline.py", line 1, in <module>
    from components.data_ingestion import DataIngestion
  File "/opt/airflow/components/data_ingestion.py", line 2, in <module>
    from db.db_connection import DB
ModuleNotFoundError: No module named 'db'
[2026-06-15T10:18:56.203+0000] {processor.py:842} WARNING - No viable dags retrieved from /opt/airflow/dags/futsal_pipeline.py
[2026-06-15T10:18:56.231+0000] {processor.py:183} INFO - Processing /opt/airflow/dags/futsal_pipeline.py took 0.352 seconds
[2026-06-15T10:19:26.439+0000] {processor.py:161} INFO - Started process (PID=3921) to work on /opt/airflow/dags/futsal_pipeline.py
[2026-06-15T10:19:26.440+0000] {processor.py:830} INFO - Processing file /opt/airflow/dags/futsal_pipeline.py for tasks to queue
[2026-06-15T10:19:26.441+0000] {logging_mixin.py:188} INFO - [2026-06-15T10:19:26.441+0000] {dagbag.py:545} INFO - Filling up the DagBag from /opt/airflow/dags/futsal_pipeline.py
[2026-06-15T10:19:26.760+0000] {logging_mixin.py:188} INFO - [2026-06-15T10:19:26.747+0000] {dagbag.py:355} ERROR - Failed to import: /opt/airflow/dags/futsal_pipeline.py
Traceback (most recent call last):
  File "/home/airflow/.local/lib/python3.11/site-packages/airflow/models/dagbag.py", line 351, in parse
    loader.exec_module(new_module)
  File "<frozen importlib._bootstrap_external>", line 940, in exec_module
  File "<frozen importlib._bootstrap>", line 241, in _call_with_frames_removed
  File "/opt/airflow/dags/futsal_pipeline.py", line 16, in <module>
    from pipeline.data_pipeline import DataPipeline
  File "/opt/airflow/pipeline/data_pipeline.py", line 1, in <module>
    from components.data_ingestion import DataIngestion
  File "/opt/airflow/components/data_ingestion.py", line 2, in <module>
    from db.db_connection import DB
ModuleNotFoundError: No module named 'db'
[2026-06-15T10:19:26.762+0000] {processor.py:842} WARNING - No viable dags retrieved from /opt/airflow/dags/futsal_pipeline.py
[2026-06-15T10:19:26.790+0000] {processor.py:183} INFO - Processing /opt/airflow/dags/futsal_pipeline.py took 0.357 seconds
[2026-06-15T10:19:57.036+0000] {processor.py:161} INFO - Started process (PID=3933) to work on /opt/airflow/dags/futsal_pipeline.py
[2026-06-15T10:19:57.037+0000] {processor.py:830} INFO - Processing file /opt/airflow/dags/futsal_pipeline.py for tasks to queue
[2026-06-15T10:19:57.038+0000] {logging_mixin.py:188} INFO - [2026-06-15T10:19:57.037+0000] {dagbag.py:545} INFO - Filling up the DagBag from /opt/airflow/dags/futsal_pipeline.py
[2026-06-15T10:19:57.390+0000] {logging_mixin.py:188} INFO - [2026-06-15T10:19:57.380+0000] {dagbag.py:355} ERROR - Failed to import: /opt/airflow/dags/futsal_pipeline.py
Traceback (most recent call last):
  File "/home/airflow/.local/lib/python3.11/site-packages/airflow/models/dagbag.py", line 351, in parse
    loader.exec_module(new_module)
  File "<frozen importlib._bootstrap_external>", line 940, in exec_module
  File "<frozen importlib._bootstrap>", line 241, in _call_with_frames_removed
  File "/opt/airflow/dags/futsal_pipeline.py", line 16, in <module>
    from pipeline.data_pipeline import DataPipeline
  File "/opt/airflow/pipeline/data_pipeline.py", line 1, in <module>
    from components.data_ingestion import DataIngestion
  File "/opt/airflow/components/data_ingestion.py", line 2, in <module>
    from db.db_connection import DB
ModuleNotFoundError: No module named 'db'
[2026-06-15T10:19:57.391+0000] {processor.py:842} WARNING - No viable dags retrieved from /opt/airflow/dags/futsal_pipeline.py
[2026-06-15T10:19:57.419+0000] {processor.py:183} INFO - Processing /opt/airflow/dags/futsal_pipeline.py took 0.390 seconds
[2026-06-15T10:20:27.640+0000] {processor.py:161} INFO - Started process (PID=3945) to work on /opt/airflow/dags/futsal_pipeline.py
[2026-06-15T10:20:27.643+0000] {processor.py:830} INFO - Processing file /opt/airflow/dags/futsal_pipeline.py for tasks to queue
[2026-06-15T10:20:27.644+0000] {logging_mixin.py:188} INFO - [2026-06-15T10:20:27.644+0000] {dagbag.py:545} INFO - Filling up the DagBag from /opt/airflow/dags/futsal_pipeline.py
[2026-06-15T10:20:27.974+0000] {logging_mixin.py:188} INFO - [2026-06-15T10:20:27.961+0000] {dagbag.py:355} ERROR - Failed to import: /opt/airflow/dags/futsal_pipeline.py
Traceback (most recent call last):
  File "/home/airflow/.local/lib/python3.11/site-packages/airflow/models/dagbag.py", line 351, in parse
    loader.exec_module(new_module)
  File "<frozen importlib._bootstrap_external>", line 940, in exec_module
  File "<frozen importlib._bootstrap>", line 241, in _call_with_frames_removed
  File "/opt/airflow/dags/futsal_pipeline.py", line 16, in <module>
    from pipeline.data_pipeline import DataPipeline
  File "/opt/airflow/pipeline/data_pipeline.py", line 1, in <module>
    from components.data_ingestion import DataIngestion
  File "/opt/airflow/components/data_ingestion.py", line 2, in <module>
    from db.db_connection import DB
ModuleNotFoundError: No module named 'db'
[2026-06-15T10:20:27.976+0000] {processor.py:842} WARNING - No viable dags retrieved from /opt/airflow/dags/futsal_pipeline.py
[2026-06-15T10:20:28.009+0000] {processor.py:183} INFO - Processing /opt/airflow/dags/futsal_pipeline.py took 0.375 seconds
[2026-06-15T10:20:58.220+0000] {processor.py:161} INFO - Started process (PID=3957) to work on /opt/airflow/dags/futsal_pipeline.py
[2026-06-15T10:20:58.221+0000] {processor.py:830} INFO - Processing file /opt/airflow/dags/futsal_pipeline.py for tasks to queue
[2026-06-15T10:20:58.222+0000] {logging_mixin.py:188} INFO - [2026-06-15T10:20:58.222+0000] {dagbag.py:545} INFO - Filling up the DagBag from /opt/airflow/dags/futsal_pipeline.py
[2026-06-15T10:20:58.557+0000] {logging_mixin.py:188} INFO - [2026-06-15T10:20:58.545+0000] {dagbag.py:355} ERROR - Failed to import: /opt/airflow/dags/futsal_pipeline.py
Traceback (most recent call last):
  File "/home/airflow/.local/lib/python3.11/site-packages/airflow/models/dagbag.py", line 351, in parse
    loader.exec_module(new_module)
  File "<frozen importlib._bootstrap_external>", line 940, in exec_module
  File "<frozen importlib._bootstrap>", line 241, in _call_with_frames_removed
  File "/opt/airflow/dags/futsal_pipeline.py", line 16, in <module>
    from pipeline.data_pipeline import DataPipeline
  File "/opt/airflow/pipeline/data_pipeline.py", line 1, in <module>
    from components.data_ingestion import DataIngestion
  File "/opt/airflow/components/data_ingestion.py", line 2, in <module>
    from db.db_connection import DB
ModuleNotFoundError: No module named 'db'
[2026-06-15T10:20:58.558+0000] {processor.py:842} WARNING - No viable dags retrieved from /opt/airflow/dags/futsal_pipeline.py
[2026-06-15T10:20:58.588+0000] {processor.py:183} INFO - Processing /opt/airflow/dags/futsal_pipeline.py took 0.376 seconds
[2026-06-15T10:21:28.808+0000] {processor.py:161} INFO - Started process (PID=3969) to work on /opt/airflow/dags/futsal_pipeline.py
[2026-06-15T10:21:28.810+0000] {processor.py:830} INFO - Processing file /opt/airflow/dags/futsal_pipeline.py for tasks to queue
[2026-06-15T10:21:28.811+0000] {logging_mixin.py:188} INFO - [2026-06-15T10:21:28.811+0000] {dagbag.py:545} INFO - Filling up the DagBag from /opt/airflow/dags/futsal_pipeline.py
[2026-06-15T10:21:29.138+0000] {logging_mixin.py:188} INFO - [2026-06-15T10:21:29.129+0000] {dagbag.py:355} ERROR - Failed to import: /opt/airflow/dags/futsal_pipeline.py
Traceback (most recent call last):
  File "/home/airflow/.local/lib/python3.11/site-packages/airflow/models/dagbag.py", line 351, in parse
    loader.exec_module(new_module)
  File "<frozen importlib._bootstrap_external>", line 940, in exec_module
  File "<frozen importlib._bootstrap>", line 241, in _call_with_frames_removed
  File "/opt/airflow/dags/futsal_pipeline.py", line 16, in <module>
    from pipeline.data_pipeline import DataPipeline
  File "/opt/airflow/pipeline/data_pipeline.py", line 1, in <module>
    from components.data_ingestion import DataIngestion
  File "/opt/airflow/components/data_ingestion.py", line 2, in <module>
    from db.db_connection import DB
ModuleNotFoundError: No module named 'db'
[2026-06-15T10:21:29.140+0000] {processor.py:842} WARNING - No viable dags retrieved from /opt/airflow/dags/futsal_pipeline.py
[2026-06-15T10:21:29.157+0000] {processor.py:183} INFO - Processing /opt/airflow/dags/futsal_pipeline.py took 0.354 seconds
[2026-06-15T10:21:59.406+0000] {processor.py:161} INFO - Started process (PID=3981) to work on /opt/airflow/dags/futsal_pipeline.py
[2026-06-15T10:21:59.407+0000] {processor.py:830} INFO - Processing file /opt/airflow/dags/futsal_pipeline.py for tasks to queue
[2026-06-15T10:21:59.409+0000] {logging_mixin.py:188} INFO - [2026-06-15T10:21:59.408+0000] {dagbag.py:545} INFO - Filling up the DagBag from /opt/airflow/dags/futsal_pipeline.py
[2026-06-15T10:21:59.785+0000] {logging_mixin.py:188} INFO - [2026-06-15T10:21:59.775+0000] {dagbag.py:355} ERROR - Failed to import: /opt/airflow/dags/futsal_pipeline.py
Traceback (most recent call last):
  File "/home/airflow/.local/lib/python3.11/site-packages/airflow/models/dagbag.py", line 351, in parse
    loader.exec_module(new_module)
  File "<frozen importlib._bootstrap_external>", line 940, in exec_module
  File "<frozen importlib._bootstrap>", line 241, in _call_with_frames_removed
  File "/opt/airflow/dags/futsal_pipeline.py", line 16, in <module>
    from pipeline.data_pipeline import DataPipeline
  File "/opt/airflow/pipeline/data_pipeline.py", line 1, in <module>
    from components.data_ingestion import DataIngestion
  File "/opt/airflow/components/data_ingestion.py", line 2, in <module>
    from db.db_connection import DB
ModuleNotFoundError: No module named 'db'
[2026-06-15T10:21:59.786+0000] {processor.py:842} WARNING - No viable dags retrieved from /opt/airflow/dags/futsal_pipeline.py
[2026-06-15T10:21:59.805+0000] {processor.py:183} INFO - Processing /opt/airflow/dags/futsal_pipeline.py took 0.408 seconds
[2026-06-15T10:22:30.032+0000] {processor.py:161} INFO - Started process (PID=3994) to work on /opt/airflow/dags/futsal_pipeline.py
[2026-06-15T10:22:30.033+0000] {processor.py:830} INFO - Processing file /opt/airflow/dags/futsal_pipeline.py for tasks to queue
[2026-06-15T10:22:30.034+0000] {logging_mixin.py:188} INFO - [2026-06-15T10:22:30.034+0000] {dagbag.py:545} INFO - Filling up the DagBag from /opt/airflow/dags/futsal_pipeline.py
[2026-06-15T10:22:30.390+0000] {logging_mixin.py:188} INFO - [2026-06-15T10:22:30.376+0000] {dagbag.py:355} ERROR - Failed to import: /opt/airflow/dags/futsal_pipeline.py
Traceback (most recent call last):
  File "/home/airflow/.local/lib/python3.11/site-packages/airflow/models/dagbag.py", line 351, in parse
    loader.exec_module(new_module)
  File "<frozen importlib._bootstrap_external>", line 940, in exec_module
  File "<frozen importlib._bootstrap>", line 241, in _call_with_frames_removed
  File "/opt/airflow/dags/futsal_pipeline.py", line 16, in <module>
    from pipeline.data_pipeline import DataPipeline
  File "/opt/airflow/pipeline/data_pipeline.py", line 1, in <module>
    from components.data_ingestion import DataIngestion
  File "/opt/airflow/components/data_ingestion.py", line 2, in <module>
    from db.db_connection import DB
ModuleNotFoundError: No module named 'db'
[2026-06-15T10:22:30.391+0000] {processor.py:842} WARNING - No viable dags retrieved from /opt/airflow/dags/futsal_pipeline.py
[2026-06-15T10:22:30.410+0000] {processor.py:183} INFO - Processing /opt/airflow/dags/futsal_pipeline.py took 0.384 seconds
[2026-06-15T10:23:00.621+0000] {processor.py:161} INFO - Started process (PID=4006) to work on /opt/airflow/dags/futsal_pipeline.py
[2026-06-15T10:23:00.622+0000] {processor.py:830} INFO - Processing file /opt/airflow/dags/futsal_pipeline.py for tasks to queue
[2026-06-15T10:23:00.623+0000] {logging_mixin.py:188} INFO - [2026-06-15T10:23:00.623+0000] {dagbag.py:545} INFO - Filling up the DagBag from /opt/airflow/dags/futsal_pipeline.py
[2026-06-15T10:23:00.940+0000] {logging_mixin.py:188} INFO - [2026-06-15T10:23:00.930+0000] {dagbag.py:355} ERROR - Failed to import: /opt/airflow/dags/futsal_pipeline.py
Traceback (most recent call last):
  File "/home/airflow/.local/lib/python3.11/site-packages/airflow/models/dagbag.py", line 351, in parse
    loader.exec_module(new_module)
  File "<frozen importlib._bootstrap_external>", line 940, in exec_module
  File "<frozen importlib._bootstrap>", line 241, in _call_with_frames_removed
  File "/opt/airflow/dags/futsal_pipeline.py", line 16, in <module>
    from pipeline.data_pipeline import DataPipeline
  File "/opt/airflow/pipeline/data_pipeline.py", line 1, in <module>
    from components.data_ingestion import DataIngestion
  File "/opt/airflow/components/data_ingestion.py", line 2, in <module>
    from db.db_connection import DB
ModuleNotFoundError: No module named 'db'
[2026-06-15T10:23:00.942+0000] {processor.py:842} WARNING - No viable dags retrieved from /opt/airflow/dags/futsal_pipeline.py
[2026-06-15T10:23:00.970+0000] {processor.py:183} INFO - Processing /opt/airflow/dags/futsal_pipeline.py took 0.355 seconds
[2026-06-15T10:23:31.197+0000] {processor.py:161} INFO - Started process (PID=4018) to work on /opt/airflow/dags/futsal_pipeline.py
[2026-06-15T10:23:31.198+0000] {processor.py:830} INFO - Processing file /opt/airflow/dags/futsal_pipeline.py for tasks to queue
[2026-06-15T10:23:31.199+0000] {logging_mixin.py:188} INFO - [2026-06-15T10:23:31.199+0000] {dagbag.py:545} INFO - Filling up the DagBag from /opt/airflow/dags/futsal_pipeline.py
[2026-06-15T10:23:31.520+0000] {logging_mixin.py:188} INFO - [2026-06-15T10:23:31.513+0000] {dagbag.py:355} ERROR - Failed to import: /opt/airflow/dags/futsal_pipeline.py
Traceback (most recent call last):
  File "/home/airflow/.local/lib/python3.11/site-packages/airflow/models/dagbag.py", line 351, in parse
    loader.exec_module(new_module)
  File "<frozen importlib._bootstrap_external>", line 940, in exec_module
  File "<frozen importlib._bootstrap>", line 241, in _call_with_frames_removed
  File "/opt/airflow/dags/futsal_pipeline.py", line 16, in <module>
    from pipeline.data_pipeline import DataPipeline
  File "/opt/airflow/pipeline/data_pipeline.py", line 1, in <module>
    from components.data_ingestion import DataIngestion
  File "/opt/airflow/components/data_ingestion.py", line 2, in <module>
    from db.db_connection import DB
ModuleNotFoundError: No module named 'db'
[2026-06-15T10:23:31.522+0000] {processor.py:842} WARNING - No viable dags retrieved from /opt/airflow/dags/futsal_pipeline.py
[2026-06-15T10:23:31.548+0000] {processor.py:183} INFO - Processing /opt/airflow/dags/futsal_pipeline.py took 0.358 seconds
[2026-06-15T10:24:01.743+0000] {processor.py:161} INFO - Started process (PID=4030) to work on /opt/airflow/dags/futsal_pipeline.py
[2026-06-15T10:24:01.744+0000] {processor.py:830} INFO - Processing file /opt/airflow/dags/futsal_pipeline.py for tasks to queue
[2026-06-15T10:24:01.745+0000] {logging_mixin.py:188} INFO - [2026-06-15T10:24:01.745+0000] {dagbag.py:545} INFO - Filling up the DagBag from /opt/airflow/dags/futsal_pipeline.py
[2026-06-15T10:24:02.066+0000] {logging_mixin.py:188} INFO - [2026-06-15T10:24:02.054+0000] {dagbag.py:355} ERROR - Failed to import: /opt/airflow/dags/futsal_pipeline.py
Traceback (most recent call last):
  File "/home/airflow/.local/lib/python3.11/site-packages/airflow/models/dagbag.py", line 351, in parse
    loader.exec_module(new_module)
  File "<frozen importlib._bootstrap_external>", line 940, in exec_module
  File "<frozen importlib._bootstrap>", line 241, in _call_with_frames_removed
  File "/opt/airflow/dags/futsal_pipeline.py", line 16, in <module>
    from pipeline.data_pipeline import DataPipeline
  File "/opt/airflow/pipeline/data_pipeline.py", line 1, in <module>
    from components.data_ingestion import DataIngestion
  File "/opt/airflow/components/data_ingestion.py", line 2, in <module>
    from db.db_connection import DB
ModuleNotFoundError: No module named 'db'
[2026-06-15T10:24:02.067+0000] {processor.py:842} WARNING - No viable dags retrieved from /opt/airflow/dags/futsal_pipeline.py
[2026-06-15T10:24:02.094+0000] {processor.py:183} INFO - Processing /opt/airflow/dags/futsal_pipeline.py took 0.357 seconds
[2026-06-15T10:24:32.348+0000] {processor.py:161} INFO - Started process (PID=4042) to work on /opt/airflow/dags/futsal_pipeline.py
[2026-06-15T10:24:32.349+0000] {processor.py:830} INFO - Processing file /opt/airflow/dags/futsal_pipeline.py for tasks to queue
[2026-06-15T10:24:32.350+0000] {logging_mixin.py:188} INFO - [2026-06-15T10:24:32.350+0000] {dagbag.py:545} INFO - Filling up the DagBag from /opt/airflow/dags/futsal_pipeline.py
[2026-06-15T10:24:32.659+0000] {logging_mixin.py:188} INFO - [2026-06-15T10:24:32.648+0000] {dagbag.py:355} ERROR - Failed to import: /opt/airflow/dags/futsal_pipeline.py
Traceback (most recent call last):
  File "/home/airflow/.local/lib/python3.11/site-packages/airflow/models/dagbag.py", line 351, in parse
    loader.exec_module(new_module)
  File "<frozen importlib._bootstrap_external>", line 940, in exec_module
  File "<frozen importlib._bootstrap>", line 241, in _call_with_frames_removed
  File "/opt/airflow/dags/futsal_pipeline.py", line 16, in <module>
    from pipeline.data_pipeline import DataPipeline
  File "/opt/airflow/pipeline/data_pipeline.py", line 1, in <module>
    from components.data_ingestion import DataIngestion
  File "/opt/airflow/components/data_ingestion.py", line 2, in <module>
    from db.db_connection import DB
ModuleNotFoundError: No module named 'db'
[2026-06-15T10:24:32.660+0000] {processor.py:842} WARNING - No viable dags retrieved from /opt/airflow/dags/futsal_pipeline.py
[2026-06-15T10:24:32.686+0000] {processor.py:183} INFO - Processing /opt/airflow/dags/futsal_pipeline.py took 0.344 seconds
[2026-06-15T10:25:02.943+0000] {processor.py:161} INFO - Started process (PID=4054) to work on /opt/airflow/dags/futsal_pipeline.py
[2026-06-15T10:25:02.944+0000] {processor.py:830} INFO - Processing file /opt/airflow/dags/futsal_pipeline.py for tasks to queue
[2026-06-15T10:25:02.945+0000] {logging_mixin.py:188} INFO - [2026-06-15T10:25:02.944+0000] {dagbag.py:545} INFO - Filling up the DagBag from /opt/airflow/dags/futsal_pipeline.py
[2026-06-15T10:25:03.330+0000] {logging_mixin.py:188} INFO - [2026-06-15T10:25:03.317+0000] {dagbag.py:355} ERROR - Failed to import: /opt/airflow/dags/futsal_pipeline.py
Traceback (most recent call last):
  File "/home/airflow/.local/lib/python3.11/site-packages/airflow/models/dagbag.py", line 351, in parse
    loader.exec_module(new_module)
  File "<frozen importlib._bootstrap_external>", line 940, in exec_module
  File "<frozen importlib._bootstrap>", line 241, in _call_with_frames_removed
  File "/opt/airflow/dags/futsal_pipeline.py", line 16, in <module>
    from pipeline.data_pipeline import DataPipeline
  File "/opt/airflow/pipeline/data_pipeline.py", line 1, in <module>
    from components.data_ingestion import DataIngestion
  File "/opt/airflow/components/data_ingestion.py", line 2, in <module>
    from db.db_connection import DB
ModuleNotFoundError: No module named 'db'
[2026-06-15T10:25:03.332+0000] {processor.py:842} WARNING - No viable dags retrieved from /opt/airflow/dags/futsal_pipeline.py
[2026-06-15T10:25:03.360+0000] {processor.py:183} INFO - Processing /opt/airflow/dags/futsal_pipeline.py took 0.423 seconds
[2026-06-15T10:25:33.587+0000] {processor.py:161} INFO - Started process (PID=4066) to work on /opt/airflow/dags/futsal_pipeline.py
[2026-06-15T10:25:33.588+0000] {processor.py:830} INFO - Processing file /opt/airflow/dags/futsal_pipeline.py for tasks to queue
[2026-06-15T10:25:33.589+0000] {logging_mixin.py:188} INFO - [2026-06-15T10:25:33.589+0000] {dagbag.py:545} INFO - Filling up the DagBag from /opt/airflow/dags/futsal_pipeline.py
[2026-06-15T10:25:33.923+0000] {logging_mixin.py:188} INFO - [2026-06-15T10:25:33.911+0000] {dagbag.py:355} ERROR - Failed to import: /opt/airflow/dags/futsal_pipeline.py
Traceback (most recent call last):
  File "/home/airflow/.local/lib/python3.11/site-packages/airflow/models/dagbag.py", line 351, in parse
    loader.exec_module(new_module)
  File "<frozen importlib._bootstrap_external>", line 940, in exec_module
  File "<frozen importlib._bootstrap>", line 241, in _call_with_frames_removed
  File "/opt/airflow/dags/futsal_pipeline.py", line 16, in <module>
    from pipeline.data_pipeline import DataPipeline
  File "/opt/airflow/pipeline/data_pipeline.py", line 1, in <module>
    from components.data_ingestion import DataIngestion
  File "/opt/airflow/components/data_ingestion.py", line 2, in <module>
    from db.db_connection import DB
ModuleNotFoundError: No module named 'db'
[2026-06-15T10:25:33.926+0000] {processor.py:842} WARNING - No viable dags retrieved from /opt/airflow/dags/futsal_pipeline.py
[2026-06-15T10:25:33.954+0000] {processor.py:183} INFO - Processing /opt/airflow/dags/futsal_pipeline.py took 0.373 seconds
[2026-06-15T10:26:04.205+0000] {processor.py:161} INFO - Started process (PID=4078) to work on /opt/airflow/dags/futsal_pipeline.py
[2026-06-15T10:26:04.207+0000] {processor.py:830} INFO - Processing file /opt/airflow/dags/futsal_pipeline.py for tasks to queue
[2026-06-15T10:26:04.208+0000] {logging_mixin.py:188} INFO - [2026-06-15T10:26:04.207+0000] {dagbag.py:545} INFO - Filling up the DagBag from /opt/airflow/dags/futsal_pipeline.py
[2026-06-15T10:26:04.535+0000] {logging_mixin.py:188} INFO - [2026-06-15T10:26:04.525+0000] {dagbag.py:355} ERROR - Failed to import: /opt/airflow/dags/futsal_pipeline.py
Traceback (most recent call last):
  File "/home/airflow/.local/lib/python3.11/site-packages/airflow/models/dagbag.py", line 351, in parse
    loader.exec_module(new_module)
  File "<frozen importlib._bootstrap_external>", line 940, in exec_module
  File "<frozen importlib._bootstrap>", line 241, in _call_with_frames_removed
  File "/opt/airflow/dags/futsal_pipeline.py", line 16, in <module>
    from pipeline.data_pipeline import DataPipeline
  File "/opt/airflow/pipeline/data_pipeline.py", line 1, in <module>
    from components.data_ingestion import DataIngestion
  File "/opt/airflow/components/data_ingestion.py", line 2, in <module>
    from db.db_connection import DB
ModuleNotFoundError: No module named 'db'
[2026-06-15T10:26:04.537+0000] {processor.py:842} WARNING - No viable dags retrieved from /opt/airflow/dags/futsal_pipeline.py
[2026-06-15T10:26:04.564+0000] {processor.py:183} INFO - Processing /opt/airflow/dags/futsal_pipeline.py took 0.365 seconds
[2026-06-15T10:26:34.800+0000] {processor.py:161} INFO - Started process (PID=4090) to work on /opt/airflow/dags/futsal_pipeline.py
[2026-06-15T10:26:34.801+0000] {processor.py:830} INFO - Processing file /opt/airflow/dags/futsal_pipeline.py for tasks to queue
[2026-06-15T10:26:34.802+0000] {logging_mixin.py:188} INFO - [2026-06-15T10:26:34.802+0000] {dagbag.py:545} INFO - Filling up the DagBag from /opt/airflow/dags/futsal_pipeline.py
[2026-06-15T10:26:35.115+0000] {logging_mixin.py:188} INFO - [2026-06-15T10:26:35.105+0000] {dagbag.py:355} ERROR - Failed to import: /opt/airflow/dags/futsal_pipeline.py
Traceback (most recent call last):
  File "/home/airflow/.local/lib/python3.11/site-packages/airflow/models/dagbag.py", line 351, in parse
    loader.exec_module(new_module)
  File "<frozen importlib._bootstrap_external>", line 940, in exec_module
  File "<frozen importlib._bootstrap>", line 241, in _call_with_frames_removed
  File "/opt/airflow/dags/futsal_pipeline.py", line 16, in <module>
    from pipeline.data_pipeline import DataPipeline
  File "/opt/airflow/pipeline/data_pipeline.py", line 1, in <module>
    from components.data_ingestion import DataIngestion
  File "/opt/airflow/components/data_ingestion.py", line 2, in <module>
    from db.db_connection import DB
ModuleNotFoundError: No module named 'db'
[2026-06-15T10:26:35.116+0000] {processor.py:842} WARNING - No viable dags retrieved from /opt/airflow/dags/futsal_pipeline.py
[2026-06-15T10:26:35.143+0000] {processor.py:183} INFO - Processing /opt/airflow/dags/futsal_pipeline.py took 0.348 seconds
[2026-06-15T10:27:05.370+0000] {processor.py:161} INFO - Started process (PID=4102) to work on /opt/airflow/dags/futsal_pipeline.py
[2026-06-15T10:27:05.371+0000] {processor.py:830} INFO - Processing file /opt/airflow/dags/futsal_pipeline.py for tasks to queue
[2026-06-15T10:27:05.372+0000] {logging_mixin.py:188} INFO - [2026-06-15T10:27:05.372+0000] {dagbag.py:545} INFO - Filling up the DagBag from /opt/airflow/dags/futsal_pipeline.py
[2026-06-15T10:27:05.719+0000] {logging_mixin.py:188} INFO - [2026-06-15T10:27:05.707+0000] {dagbag.py:355} ERROR - Failed to import: /opt/airflow/dags/futsal_pipeline.py
Traceback (most recent call last):
  File "/home/airflow/.local/lib/python3.11/site-packages/airflow/models/dagbag.py", line 351, in parse
    loader.exec_module(new_module)
  File "<frozen importlib._bootstrap_external>", line 940, in exec_module
  File "<frozen importlib._bootstrap>", line 241, in _call_with_frames_removed
  File "/opt/airflow/dags/futsal_pipeline.py", line 16, in <module>
    from pipeline.data_pipeline import DataPipeline
  File "/opt/airflow/pipeline/data_pipeline.py", line 1, in <module>
    from components.data_ingestion import DataIngestion
  File "/opt/airflow/components/data_ingestion.py", line 2, in <module>
    from db.db_connection import DB
ModuleNotFoundError: No module named 'db'
[2026-06-15T10:27:05.720+0000] {processor.py:842} WARNING - No viable dags retrieved from /opt/airflow/dags/futsal_pipeline.py
[2026-06-15T10:27:05.750+0000] {processor.py:183} INFO - Processing /opt/airflow/dags/futsal_pipeline.py took 0.387 seconds
[2026-06-15T10:27:35.995+0000] {processor.py:161} INFO - Started process (PID=4114) to work on /opt/airflow/dags/futsal_pipeline.py
[2026-06-15T10:27:35.996+0000] {processor.py:830} INFO - Processing file /opt/airflow/dags/futsal_pipeline.py for tasks to queue
[2026-06-15T10:27:35.997+0000] {logging_mixin.py:188} INFO - [2026-06-15T10:27:35.997+0000] {dagbag.py:545} INFO - Filling up the DagBag from /opt/airflow/dags/futsal_pipeline.py
[2026-06-15T10:27:36.322+0000] {logging_mixin.py:188} INFO - [2026-06-15T10:27:36.312+0000] {dagbag.py:355} ERROR - Failed to import: /opt/airflow/dags/futsal_pipeline.py
Traceback (most recent call last):
  File "/home/airflow/.local/lib/python3.11/site-packages/airflow/models/dagbag.py", line 351, in parse
    loader.exec_module(new_module)
  File "<frozen importlib._bootstrap_external>", line 940, in exec_module
  File "<frozen importlib._bootstrap>", line 241, in _call_with_frames_removed
  File "/opt/airflow/dags/futsal_pipeline.py", line 16, in <module>
    from pipeline.data_pipeline import DataPipeline
  File "/opt/airflow/pipeline/data_pipeline.py", line 1, in <module>
    from components.data_ingestion import DataIngestion
  File "/opt/airflow/components/data_ingestion.py", line 2, in <module>
    from db.db_connection import DB
ModuleNotFoundError: No module named 'db'
[2026-06-15T10:27:36.324+0000] {processor.py:842} WARNING - No viable dags retrieved from /opt/airflow/dags/futsal_pipeline.py
[2026-06-15T10:27:36.353+0000] {processor.py:183} INFO - Processing /opt/airflow/dags/futsal_pipeline.py took 0.364 seconds
[2026-06-15T10:28:06.601+0000] {processor.py:161} INFO - Started process (PID=4126) to work on /opt/airflow/dags/futsal_pipeline.py
[2026-06-15T10:28:06.602+0000] {processor.py:830} INFO - Processing file /opt/airflow/dags/futsal_pipeline.py for tasks to queue
[2026-06-15T10:28:06.603+0000] {logging_mixin.py:188} INFO - [2026-06-15T10:28:06.603+0000] {dagbag.py:545} INFO - Filling up the DagBag from /opt/airflow/dags/futsal_pipeline.py
[2026-06-15T10:28:06.943+0000] {logging_mixin.py:188} INFO - [2026-06-15T10:28:06.930+0000] {dagbag.py:355} ERROR - Failed to import: /opt/airflow/dags/futsal_pipeline.py
Traceback (most recent call last):
  File "/home/airflow/.local/lib/python3.11/site-packages/airflow/models/dagbag.py", line 351, in parse
    loader.exec_module(new_module)
  File "<frozen importlib._bootstrap_external>", line 940, in exec_module
  File "<frozen importlib._bootstrap>", line 241, in _call_with_frames_removed
  File "/opt/airflow/dags/futsal_pipeline.py", line 16, in <module>
    from pipeline.data_pipeline import DataPipeline
  File "/opt/airflow/pipeline/data_pipeline.py", line 1, in <module>
    from components.data_ingestion import DataIngestion
  File "/opt/airflow/components/data_ingestion.py", line 2, in <module>
    from db.db_connection import DB
ModuleNotFoundError: No module named 'db'
[2026-06-15T10:28:06.944+0000] {processor.py:842} WARNING - No viable dags retrieved from /opt/airflow/dags/futsal_pipeline.py
[2026-06-15T10:28:06.973+0000] {processor.py:183} INFO - Processing /opt/airflow/dags/futsal_pipeline.py took 0.378 seconds
[2026-06-15T10:28:37.245+0000] {processor.py:161} INFO - Started process (PID=4138) to work on /opt/airflow/dags/futsal_pipeline.py
[2026-06-15T10:28:37.246+0000] {processor.py:830} INFO - Processing file /opt/airflow/dags/futsal_pipeline.py for tasks to queue
[2026-06-15T10:28:37.247+0000] {logging_mixin.py:188} INFO - [2026-06-15T10:28:37.246+0000] {dagbag.py:545} INFO - Filling up the DagBag from /opt/airflow/dags/futsal_pipeline.py
[2026-06-15T10:28:37.561+0000] {logging_mixin.py:188} INFO - [2026-06-15T10:28:37.547+0000] {dagbag.py:355} ERROR - Failed to import: /opt/airflow/dags/futsal_pipeline.py
Traceback (most recent call last):
  File "/home/airflow/.local/lib/python3.11/site-packages/airflow/models/dagbag.py", line 351, in parse
    loader.exec_module(new_module)
  File "<frozen importlib._bootstrap_external>", line 940, in exec_module
  File "<frozen importlib._bootstrap>", line 241, in _call_with_frames_removed
  File "/opt/airflow/dags/futsal_pipeline.py", line 16, in <module>
    from pipeline.data_pipeline import DataPipeline
  File "/opt/airflow/pipeline/data_pipeline.py", line 1, in <module>
    from components.data_ingestion import DataIngestion
  File "/opt/airflow/components/data_ingestion.py", line 2, in <module>
    from db.db_connection import DB
ModuleNotFoundError: No module named 'db'
[2026-06-15T10:28:37.563+0000] {processor.py:842} WARNING - No viable dags retrieved from /opt/airflow/dags/futsal_pipeline.py
[2026-06-15T10:28:37.591+0000] {processor.py:183} INFO - Processing /opt/airflow/dags/futsal_pipeline.py took 0.351 seconds
[2026-06-15T10:29:07.847+0000] {processor.py:161} INFO - Started process (PID=4150) to work on /opt/airflow/dags/futsal_pipeline.py
[2026-06-15T10:29:07.848+0000] {processor.py:830} INFO - Processing file /opt/airflow/dags/futsal_pipeline.py for tasks to queue
[2026-06-15T10:29:07.849+0000] {logging_mixin.py:188} INFO - [2026-06-15T10:29:07.849+0000] {dagbag.py:545} INFO - Filling up the DagBag from /opt/airflow/dags/futsal_pipeline.py
[2026-06-15T10:29:08.175+0000] {logging_mixin.py:188} INFO - [2026-06-15T10:29:08.164+0000] {dagbag.py:355} ERROR - Failed to import: /opt/airflow/dags/futsal_pipeline.py
Traceback (most recent call last):
  File "/home/airflow/.local/lib/python3.11/site-packages/airflow/models/dagbag.py", line 351, in parse
    loader.exec_module(new_module)
  File "<frozen importlib._bootstrap_external>", line 940, in exec_module
  File "<frozen importlib._bootstrap>", line 241, in _call_with_frames_removed
  File "/opt/airflow/dags/futsal_pipeline.py", line 16, in <module>
    from pipeline.data_pipeline import DataPipeline
  File "/opt/airflow/pipeline/data_pipeline.py", line 1, in <module>
    from components.data_ingestion import DataIngestion
  File "/opt/airflow/components/data_ingestion.py", line 2, in <module>
    from db.db_connection import DB
ModuleNotFoundError: No module named 'db'
[2026-06-15T10:29:08.177+0000] {processor.py:842} WARNING - No viable dags retrieved from /opt/airflow/dags/futsal_pipeline.py
[2026-06-15T10:29:08.205+0000] {processor.py:183} INFO - Processing /opt/airflow/dags/futsal_pipeline.py took 0.363 seconds
[2026-06-15T10:29:38.481+0000] {processor.py:161} INFO - Started process (PID=4162) to work on /opt/airflow/dags/futsal_pipeline.py
[2026-06-15T10:29:38.482+0000] {processor.py:830} INFO - Processing file /opt/airflow/dags/futsal_pipeline.py for tasks to queue
[2026-06-15T10:29:38.483+0000] {logging_mixin.py:188} INFO - [2026-06-15T10:29:38.483+0000] {dagbag.py:545} INFO - Filling up the DagBag from /opt/airflow/dags/futsal_pipeline.py
[2026-06-15T10:29:38.810+0000] {logging_mixin.py:188} INFO - [2026-06-15T10:29:38.800+0000] {dagbag.py:355} ERROR - Failed to import: /opt/airflow/dags/futsal_pipeline.py
Traceback (most recent call last):
  File "/home/airflow/.local/lib/python3.11/site-packages/airflow/models/dagbag.py", line 351, in parse
    loader.exec_module(new_module)
  File "<frozen importlib._bootstrap_external>", line 940, in exec_module
  File "<frozen importlib._bootstrap>", line 241, in _call_with_frames_removed
  File "/opt/airflow/dags/futsal_pipeline.py", line 16, in <module>
    from pipeline.data_pipeline import DataPipeline
  File "/opt/airflow/pipeline/data_pipeline.py", line 1, in <module>
    from components.data_ingestion import DataIngestion
  File "/opt/airflow/components/data_ingestion.py", line 2, in <module>
    from db.db_connection import DB
ModuleNotFoundError: No module named 'db'
[2026-06-15T10:29:38.812+0000] {processor.py:842} WARNING - No viable dags retrieved from /opt/airflow/dags/futsal_pipeline.py
[2026-06-15T10:29:38.841+0000] {processor.py:183} INFO - Processing /opt/airflow/dags/futsal_pipeline.py took 0.365 seconds
[2026-06-15T10:30:09.119+0000] {processor.py:161} INFO - Started process (PID=4174) to work on /opt/airflow/dags/futsal_pipeline.py
[2026-06-15T10:30:09.120+0000] {processor.py:830} INFO - Processing file /opt/airflow/dags/futsal_pipeline.py for tasks to queue
[2026-06-15T10:30:09.121+0000] {logging_mixin.py:188} INFO - [2026-06-15T10:30:09.121+0000] {dagbag.py:545} INFO - Filling up the DagBag from /opt/airflow/dags/futsal_pipeline.py
[2026-06-15T10:30:09.438+0000] {logging_mixin.py:188} INFO - [2026-06-15T10:30:09.427+0000] {dagbag.py:355} ERROR - Failed to import: /opt/airflow/dags/futsal_pipeline.py
Traceback (most recent call last):
  File "/home/airflow/.local/lib/python3.11/site-packages/airflow/models/dagbag.py", line 351, in parse
    loader.exec_module(new_module)
  File "<frozen importlib._bootstrap_external>", line 940, in exec_module
  File "<frozen importlib._bootstrap>", line 241, in _call_with_frames_removed
  File "/opt/airflow/dags/futsal_pipeline.py", line 16, in <module>
    from pipeline.data_pipeline import DataPipeline
  File "/opt/airflow/pipeline/data_pipeline.py", line 1, in <module>
    from components.data_ingestion import DataIngestion
  File "/opt/airflow/components/data_ingestion.py", line 2, in <module>
    from db.db_connection import DB
ModuleNotFoundError: No module named 'db'
[2026-06-15T10:30:09.440+0000] {processor.py:842} WARNING - No viable dags retrieved from /opt/airflow/dags/futsal_pipeline.py
[2026-06-15T10:30:09.468+0000] {processor.py:183} INFO - Processing /opt/airflow/dags/futsal_pipeline.py took 0.355 seconds
[2026-06-15T10:30:39.757+0000] {processor.py:161} INFO - Started process (PID=4186) to work on /opt/airflow/dags/futsal_pipeline.py
[2026-06-15T10:30:39.759+0000] {processor.py:830} INFO - Processing file /opt/airflow/dags/futsal_pipeline.py for tasks to queue
[2026-06-15T10:30:39.760+0000] {logging_mixin.py:188} INFO - [2026-06-15T10:30:39.760+0000] {dagbag.py:545} INFO - Filling up the DagBag from /opt/airflow/dags/futsal_pipeline.py
[2026-06-15T10:30:40.157+0000] {logging_mixin.py:188} INFO - [2026-06-15T10:30:40.148+0000] {dagbag.py:355} ERROR - Failed to import: /opt/airflow/dags/futsal_pipeline.py
Traceback (most recent call last):
  File "/home/airflow/.local/lib/python3.11/site-packages/airflow/models/dagbag.py", line 351, in parse
    loader.exec_module(new_module)
  File "<frozen importlib._bootstrap_external>", line 940, in exec_module
  File "<frozen importlib._bootstrap>", line 241, in _call_with_frames_removed
  File "/opt/airflow/dags/futsal_pipeline.py", line 16, in <module>
    from pipeline.data_pipeline import DataPipeline
  File "/opt/airflow/pipeline/data_pipeline.py", line 1, in <module>
    from components.data_ingestion import DataIngestion
  File "/opt/airflow/components/data_ingestion.py", line 2, in <module>
    from db.db_connection import DB
ModuleNotFoundError: No module named 'db'
[2026-06-15T10:30:40.159+0000] {processor.py:842} WARNING - No viable dags retrieved from /opt/airflow/dags/futsal_pipeline.py
[2026-06-15T10:30:40.187+0000] {processor.py:183} INFO - Processing /opt/airflow/dags/futsal_pipeline.py took 0.438 seconds
[2026-06-15T10:31:10.472+0000] {processor.py:161} INFO - Started process (PID=4198) to work on /opt/airflow/dags/futsal_pipeline.py
[2026-06-15T10:31:10.473+0000] {processor.py:830} INFO - Processing file /opt/airflow/dags/futsal_pipeline.py for tasks to queue
[2026-06-15T10:31:10.474+0000] {logging_mixin.py:188} INFO - [2026-06-15T10:31:10.474+0000] {dagbag.py:545} INFO - Filling up the DagBag from /opt/airflow/dags/futsal_pipeline.py
[2026-06-15T10:31:10.792+0000] {logging_mixin.py:188} INFO - [2026-06-15T10:31:10.782+0000] {dagbag.py:355} ERROR - Failed to import: /opt/airflow/dags/futsal_pipeline.py
Traceback (most recent call last):
  File "/home/airflow/.local/lib/python3.11/site-packages/airflow/models/dagbag.py", line 351, in parse
    loader.exec_module(new_module)
  File "<frozen importlib._bootstrap_external>", line 940, in exec_module
  File "<frozen importlib._bootstrap>", line 241, in _call_with_frames_removed
  File "/opt/airflow/dags/futsal_pipeline.py", line 16, in <module>
    from pipeline.data_pipeline import DataPipeline
  File "/opt/airflow/pipeline/data_pipeline.py", line 1, in <module>
    from components.data_ingestion import DataIngestion
  File "/opt/airflow/components/data_ingestion.py", line 2, in <module>
    from db.db_connection import DB
ModuleNotFoundError: No module named 'db'
[2026-06-15T10:31:10.794+0000] {processor.py:842} WARNING - No viable dags retrieved from /opt/airflow/dags/futsal_pipeline.py
[2026-06-15T10:31:10.811+0000] {processor.py:183} INFO - Processing /opt/airflow/dags/futsal_pipeline.py took 0.345 seconds
[2026-06-15T10:31:41.084+0000] {processor.py:161} INFO - Started process (PID=4210) to work on /opt/airflow/dags/futsal_pipeline.py
[2026-06-15T10:31:41.085+0000] {processor.py:830} INFO - Processing file /opt/airflow/dags/futsal_pipeline.py for tasks to queue
[2026-06-15T10:31:41.086+0000] {logging_mixin.py:188} INFO - [2026-06-15T10:31:41.086+0000] {dagbag.py:545} INFO - Filling up the DagBag from /opt/airflow/dags/futsal_pipeline.py
[2026-06-15T10:31:41.421+0000] {logging_mixin.py:188} INFO - [2026-06-15T10:31:41.406+0000] {dagbag.py:355} ERROR - Failed to import: /opt/airflow/dags/futsal_pipeline.py
Traceback (most recent call last):
  File "/home/airflow/.local/lib/python3.11/site-packages/airflow/models/dagbag.py", line 351, in parse
    loader.exec_module(new_module)
  File "<frozen importlib._bootstrap_external>", line 940, in exec_module
  File "<frozen importlib._bootstrap>", line 241, in _call_with_frames_removed
  File "/opt/airflow/dags/futsal_pipeline.py", line 16, in <module>
    from pipeline.data_pipeline import DataPipeline
  File "/opt/airflow/pipeline/data_pipeline.py", line 1, in <module>
    from components.data_ingestion import DataIngestion
  File "/opt/airflow/components/data_ingestion.py", line 2, in <module>
    from db.db_connection import DB
ModuleNotFoundError: No module named 'db'
[2026-06-15T10:31:41.423+0000] {processor.py:842} WARNING - No viable dags retrieved from /opt/airflow/dags/futsal_pipeline.py
[2026-06-15T10:31:41.451+0000] {processor.py:183} INFO - Processing /opt/airflow/dags/futsal_pipeline.py took 0.374 seconds
[2026-06-15T10:32:11.747+0000] {processor.py:161} INFO - Started process (PID=4228) to work on /opt/airflow/dags/futsal_pipeline.py
[2026-06-15T10:32:11.748+0000] {processor.py:830} INFO - Processing file /opt/airflow/dags/futsal_pipeline.py for tasks to queue
[2026-06-15T10:32:11.749+0000] {logging_mixin.py:188} INFO - [2026-06-15T10:32:11.748+0000] {dagbag.py:545} INFO - Filling up the DagBag from /opt/airflow/dags/futsal_pipeline.py
[2026-06-15T10:32:12.076+0000] {logging_mixin.py:188} INFO - [2026-06-15T10:32:12.066+0000] {dagbag.py:355} ERROR - Failed to import: /opt/airflow/dags/futsal_pipeline.py
Traceback (most recent call last):
  File "/home/airflow/.local/lib/python3.11/site-packages/airflow/models/dagbag.py", line 351, in parse
    loader.exec_module(new_module)
  File "<frozen importlib._bootstrap_external>", line 940, in exec_module
  File "<frozen importlib._bootstrap>", line 241, in _call_with_frames_removed
  File "/opt/airflow/dags/futsal_pipeline.py", line 16, in <module>
    from pipeline.data_pipeline import DataPipeline
  File "/opt/airflow/pipeline/data_pipeline.py", line 1, in <module>
    from components.data_ingestion import DataIngestion
  File "/opt/airflow/components/data_ingestion.py", line 2, in <module>
    from db.db_connection import DB
ModuleNotFoundError: No module named 'db'
[2026-06-15T10:32:12.078+0000] {processor.py:842} WARNING - No viable dags retrieved from /opt/airflow/dags/futsal_pipeline.py
[2026-06-15T10:32:12.106+0000] {processor.py:183} INFO - Processing /opt/airflow/dags/futsal_pipeline.py took 0.365 seconds
[2026-06-15T10:32:42.391+0000] {processor.py:161} INFO - Started process (PID=4240) to work on /opt/airflow/dags/futsal_pipeline.py
[2026-06-15T10:32:42.393+0000] {processor.py:830} INFO - Processing file /opt/airflow/dags/futsal_pipeline.py for tasks to queue
[2026-06-15T10:32:42.394+0000] {logging_mixin.py:188} INFO - [2026-06-15T10:32:42.393+0000] {dagbag.py:545} INFO - Filling up the DagBag from /opt/airflow/dags/futsal_pipeline.py
[2026-06-15T10:32:42.757+0000] {logging_mixin.py:188} INFO - [2026-06-15T10:32:42.747+0000] {dagbag.py:355} ERROR - Failed to import: /opt/airflow/dags/futsal_pipeline.py
Traceback (most recent call last):
  File "/home/airflow/.local/lib/python3.11/site-packages/airflow/models/dagbag.py", line 351, in parse
    loader.exec_module(new_module)
  File "<frozen importlib._bootstrap_external>", line 940, in exec_module
  File "<frozen importlib._bootstrap>", line 241, in _call_with_frames_removed
  File "/opt/airflow/dags/futsal_pipeline.py", line 16, in <module>
    from pipeline.data_pipeline import DataPipeline
  File "/opt/airflow/pipeline/data_pipeline.py", line 1, in <module>
    from components.data_ingestion import DataIngestion
  File "/opt/airflow/components/data_ingestion.py", line 2, in <module>
    from db.db_connection import DB
ModuleNotFoundError: No module named 'db'
[2026-06-15T10:32:42.758+0000] {processor.py:842} WARNING - No viable dags retrieved from /opt/airflow/dags/futsal_pipeline.py
[2026-06-15T10:32:42.788+0000] {processor.py:183} INFO - Processing /opt/airflow/dags/futsal_pipeline.py took 0.406 seconds
[2026-06-15T10:33:13.015+0000] {processor.py:161} INFO - Started process (PID=4252) to work on /opt/airflow/dags/futsal_pipeline.py
[2026-06-15T10:33:13.016+0000] {processor.py:830} INFO - Processing file /opt/airflow/dags/futsal_pipeline.py for tasks to queue
[2026-06-15T10:33:13.017+0000] {logging_mixin.py:188} INFO - [2026-06-15T10:33:13.017+0000] {dagbag.py:545} INFO - Filling up the DagBag from /opt/airflow/dags/futsal_pipeline.py
[2026-06-15T10:33:13.350+0000] {logging_mixin.py:188} INFO - [2026-06-15T10:33:13.339+0000] {dagbag.py:355} ERROR - Failed to import: /opt/airflow/dags/futsal_pipeline.py
Traceback (most recent call last):
  File "/home/airflow/.local/lib/python3.11/site-packages/airflow/models/dagbag.py", line 351, in parse
    loader.exec_module(new_module)
  File "<frozen importlib._bootstrap_external>", line 940, in exec_module
  File "<frozen importlib._bootstrap>", line 241, in _call_with_frames_removed
  File "/opt/airflow/dags/futsal_pipeline.py", line 16, in <module>
    from pipeline.data_pipeline import DataPipeline
  File "/opt/airflow/pipeline/data_pipeline.py", line 1, in <module>
    from components.data_ingestion import DataIngestion
  File "/opt/airflow/components/data_ingestion.py", line 2, in <module>
    from db.db_connection import DB
ModuleNotFoundError: No module named 'db'
[2026-06-15T10:33:13.352+0000] {processor.py:842} WARNING - No viable dags retrieved from /opt/airflow/dags/futsal_pipeline.py
[2026-06-15T10:33:13.380+0000] {processor.py:183} INFO - Processing /opt/airflow/dags/futsal_pipeline.py took 0.373 seconds
[2026-06-15T10:33:43.601+0000] {processor.py:161} INFO - Started process (PID=4264) to work on /opt/airflow/dags/futsal_pipeline.py
[2026-06-15T10:33:43.602+0000] {processor.py:830} INFO - Processing file /opt/airflow/dags/futsal_pipeline.py for tasks to queue
[2026-06-15T10:33:43.603+0000] {logging_mixin.py:188} INFO - [2026-06-15T10:33:43.603+0000] {dagbag.py:545} INFO - Filling up the DagBag from /opt/airflow/dags/futsal_pipeline.py
[2026-06-15T10:33:43.968+0000] {logging_mixin.py:188} INFO - [2026-06-15T10:33:43.958+0000] {dagbag.py:355} ERROR - Failed to import: /opt/airflow/dags/futsal_pipeline.py
Traceback (most recent call last):
  File "/home/airflow/.local/lib/python3.11/site-packages/airflow/models/dagbag.py", line 351, in parse
    loader.exec_module(new_module)
  File "<frozen importlib._bootstrap_external>", line 940, in exec_module
  File "<frozen importlib._bootstrap>", line 241, in _call_with_frames_removed
  File "/opt/airflow/dags/futsal_pipeline.py", line 16, in <module>
    from pipeline.data_pipeline import DataPipeline
  File "/opt/airflow/pipeline/data_pipeline.py", line 1, in <module>
    from components.data_ingestion import DataIngestion
  File "/opt/airflow/components/data_ingestion.py", line 2, in <module>
    from db.db_connection import DB
ModuleNotFoundError: No module named 'db'
[2026-06-15T10:33:43.970+0000] {processor.py:842} WARNING - No viable dags retrieved from /opt/airflow/dags/futsal_pipeline.py
[2026-06-15T10:33:44.000+0000] {processor.py:183} INFO - Processing /opt/airflow/dags/futsal_pipeline.py took 0.405 seconds
[2026-06-15T10:34:14.231+0000] {processor.py:161} INFO - Started process (PID=4276) to work on /opt/airflow/dags/futsal_pipeline.py
[2026-06-15T10:34:14.233+0000] {processor.py:830} INFO - Processing file /opt/airflow/dags/futsal_pipeline.py for tasks to queue
[2026-06-15T10:34:14.234+0000] {logging_mixin.py:188} INFO - [2026-06-15T10:34:14.234+0000] {dagbag.py:545} INFO - Filling up the DagBag from /opt/airflow/dags/futsal_pipeline.py
[2026-06-15T10:34:14.591+0000] {logging_mixin.py:188} INFO - [2026-06-15T10:34:14.581+0000] {dagbag.py:355} ERROR - Failed to import: /opt/airflow/dags/futsal_pipeline.py
Traceback (most recent call last):
  File "/home/airflow/.local/lib/python3.11/site-packages/airflow/models/dagbag.py", line 351, in parse
    loader.exec_module(new_module)
  File "<frozen importlib._bootstrap_external>", line 940, in exec_module
  File "<frozen importlib._bootstrap>", line 241, in _call_with_frames_removed
  File "/opt/airflow/dags/futsal_pipeline.py", line 16, in <module>
    from pipeline.data_pipeline import DataPipeline
  File "/opt/airflow/pipeline/data_pipeline.py", line 1, in <module>
    from components.data_ingestion import DataIngestion
  File "/opt/airflow/components/data_ingestion.py", line 2, in <module>
    from db.db_connection import DB
ModuleNotFoundError: No module named 'db'
[2026-06-15T10:34:14.592+0000] {processor.py:842} WARNING - No viable dags retrieved from /opt/airflow/dags/futsal_pipeline.py
[2026-06-15T10:34:14.621+0000] {processor.py:183} INFO - Processing /opt/airflow/dags/futsal_pipeline.py took 0.398 seconds
[2026-06-15T10:34:44.833+0000] {processor.py:161} INFO - Started process (PID=4288) to work on /opt/airflow/dags/futsal_pipeline.py
[2026-06-15T10:34:44.834+0000] {processor.py:830} INFO - Processing file /opt/airflow/dags/futsal_pipeline.py for tasks to queue
[2026-06-15T10:34:44.835+0000] {logging_mixin.py:188} INFO - [2026-06-15T10:34:44.835+0000] {dagbag.py:545} INFO - Filling up the DagBag from /opt/airflow/dags/futsal_pipeline.py
[2026-06-15T10:34:45.197+0000] {logging_mixin.py:188} INFO - [2026-06-15T10:34:45.185+0000] {dagbag.py:355} ERROR - Failed to import: /opt/airflow/dags/futsal_pipeline.py
Traceback (most recent call last):
  File "/home/airflow/.local/lib/python3.11/site-packages/airflow/models/dagbag.py", line 351, in parse
    loader.exec_module(new_module)
  File "<frozen importlib._bootstrap_external>", line 940, in exec_module
  File "<frozen importlib._bootstrap>", line 241, in _call_with_frames_removed
  File "/opt/airflow/dags/futsal_pipeline.py", line 16, in <module>
    from pipeline.data_pipeline import DataPipeline
  File "/opt/airflow/pipeline/data_pipeline.py", line 1, in <module>
    from components.data_ingestion import DataIngestion
  File "/opt/airflow/components/data_ingestion.py", line 2, in <module>
    from db.db_connection import DB
ModuleNotFoundError: No module named 'db'
[2026-06-15T10:34:45.200+0000] {processor.py:842} WARNING - No viable dags retrieved from /opt/airflow/dags/futsal_pipeline.py
[2026-06-15T10:34:45.220+0000] {processor.py:183} INFO - Processing /opt/airflow/dags/futsal_pipeline.py took 0.394 seconds
[2026-06-15T10:35:15.451+0000] {processor.py:161} INFO - Started process (PID=4300) to work on /opt/airflow/dags/futsal_pipeline.py
[2026-06-15T10:35:15.452+0000] {processor.py:830} INFO - Processing file /opt/airflow/dags/futsal_pipeline.py for tasks to queue
[2026-06-15T10:35:15.453+0000] {logging_mixin.py:188} INFO - [2026-06-15T10:35:15.453+0000] {dagbag.py:545} INFO - Filling up the DagBag from /opt/airflow/dags/futsal_pipeline.py
[2026-06-15T10:35:15.836+0000] {logging_mixin.py:188} INFO - [2026-06-15T10:35:15.825+0000] {dagbag.py:355} ERROR - Failed to import: /opt/airflow/dags/futsal_pipeline.py
Traceback (most recent call last):
  File "/home/airflow/.local/lib/python3.11/site-packages/airflow/models/dagbag.py", line 351, in parse
    loader.exec_module(new_module)
  File "<frozen importlib._bootstrap_external>", line 940, in exec_module
  File "<frozen importlib._bootstrap>", line 241, in _call_with_frames_removed
  File "/opt/airflow/dags/futsal_pipeline.py", line 16, in <module>
    from pipeline.data_pipeline import DataPipeline
  File "/opt/airflow/pipeline/data_pipeline.py", line 1, in <module>
    from components.data_ingestion import DataIngestion
  File "/opt/airflow/components/data_ingestion.py", line 2, in <module>
    from db.db_connection import DB
ModuleNotFoundError: No module named 'db'
[2026-06-15T10:35:15.838+0000] {processor.py:842} WARNING - No viable dags retrieved from /opt/airflow/dags/futsal_pipeline.py
[2026-06-15T10:35:15.867+0000] {processor.py:183} INFO - Processing /opt/airflow/dags/futsal_pipeline.py took 0.424 seconds
[2026-06-15T10:35:46.096+0000] {processor.py:161} INFO - Started process (PID=4312) to work on /opt/airflow/dags/futsal_pipeline.py
[2026-06-15T10:35:46.098+0000] {processor.py:830} INFO - Processing file /opt/airflow/dags/futsal_pipeline.py for tasks to queue
[2026-06-15T10:35:46.099+0000] {logging_mixin.py:188} INFO - [2026-06-15T10:35:46.098+0000] {dagbag.py:545} INFO - Filling up the DagBag from /opt/airflow/dags/futsal_pipeline.py
[2026-06-15T10:35:46.423+0000] {logging_mixin.py:188} INFO - [2026-06-15T10:35:46.413+0000] {dagbag.py:355} ERROR - Failed to import: /opt/airflow/dags/futsal_pipeline.py
Traceback (most recent call last):
  File "/home/airflow/.local/lib/python3.11/site-packages/airflow/models/dagbag.py", line 351, in parse
    loader.exec_module(new_module)
  File "<frozen importlib._bootstrap_external>", line 940, in exec_module
  File "<frozen importlib._bootstrap>", line 241, in _call_with_frames_removed
  File "/opt/airflow/dags/futsal_pipeline.py", line 16, in <module>
    from pipeline.data_pipeline import DataPipeline
  File "/opt/airflow/pipeline/data_pipeline.py", line 1, in <module>
    from components.data_ingestion import DataIngestion
  File "/opt/airflow/components/data_ingestion.py", line 2, in <module>
    from db.db_connection import DB
ModuleNotFoundError: No module named 'db'
[2026-06-15T10:35:46.425+0000] {processor.py:842} WARNING - No viable dags retrieved from /opt/airflow/dags/futsal_pipeline.py
[2026-06-15T10:35:46.453+0000] {processor.py:183} INFO - Processing /opt/airflow/dags/futsal_pipeline.py took 0.364 seconds
[2026-06-15T10:36:16.670+0000] {processor.py:161} INFO - Started process (PID=4324) to work on /opt/airflow/dags/futsal_pipeline.py
[2026-06-15T10:36:16.671+0000] {processor.py:830} INFO - Processing file /opt/airflow/dags/futsal_pipeline.py for tasks to queue
[2026-06-15T10:36:16.673+0000] {logging_mixin.py:188} INFO - [2026-06-15T10:36:16.672+0000] {dagbag.py:545} INFO - Filling up the DagBag from /opt/airflow/dags/futsal_pipeline.py
[2026-06-15T10:36:17.009+0000] {logging_mixin.py:188} INFO - [2026-06-15T10:36:17.000+0000] {dagbag.py:355} ERROR - Failed to import: /opt/airflow/dags/futsal_pipeline.py
Traceback (most recent call last):
  File "/home/airflow/.local/lib/python3.11/site-packages/airflow/models/dagbag.py", line 351, in parse
    loader.exec_module(new_module)
  File "<frozen importlib._bootstrap_external>", line 940, in exec_module
  File "<frozen importlib._bootstrap>", line 241, in _call_with_frames_removed
  File "/opt/airflow/dags/futsal_pipeline.py", line 16, in <module>
    from pipeline.data_pipeline import DataPipeline
  File "/opt/airflow/pipeline/data_pipeline.py", line 1, in <module>
    from components.data_ingestion import DataIngestion
  File "/opt/airflow/components/data_ingestion.py", line 2, in <module>
    from db.db_connection import DB
ModuleNotFoundError: No module named 'db'
[2026-06-15T10:36:17.012+0000] {processor.py:842} WARNING - No viable dags retrieved from /opt/airflow/dags/futsal_pipeline.py
[2026-06-15T10:36:17.040+0000] {processor.py:183} INFO - Processing /opt/airflow/dags/futsal_pipeline.py took 0.378 seconds
[2026-06-15T10:36:47.258+0000] {processor.py:161} INFO - Started process (PID=4336) to work on /opt/airflow/dags/futsal_pipeline.py
[2026-06-15T10:36:47.260+0000] {processor.py:830} INFO - Processing file /opt/airflow/dags/futsal_pipeline.py for tasks to queue
[2026-06-15T10:36:47.261+0000] {logging_mixin.py:188} INFO - [2026-06-15T10:36:47.261+0000] {dagbag.py:545} INFO - Filling up the DagBag from /opt/airflow/dags/futsal_pipeline.py
[2026-06-15T10:36:47.584+0000] {logging_mixin.py:188} INFO - [2026-06-15T10:36:47.574+0000] {dagbag.py:355} ERROR - Failed to import: /opt/airflow/dags/futsal_pipeline.py
Traceback (most recent call last):
  File "/home/airflow/.local/lib/python3.11/site-packages/airflow/models/dagbag.py", line 351, in parse
    loader.exec_module(new_module)
  File "<frozen importlib._bootstrap_external>", line 940, in exec_module
  File "<frozen importlib._bootstrap>", line 241, in _call_with_frames_removed
  File "/opt/airflow/dags/futsal_pipeline.py", line 16, in <module>
    from pipeline.data_pipeline import DataPipeline
  File "/opt/airflow/pipeline/data_pipeline.py", line 1, in <module>
    from components.data_ingestion import DataIngestion
  File "/opt/airflow/components/data_ingestion.py", line 2, in <module>
    from db.db_connection import DB
ModuleNotFoundError: No module named 'db'
[2026-06-15T10:36:47.586+0000] {processor.py:842} WARNING - No viable dags retrieved from /opt/airflow/dags/futsal_pipeline.py
[2026-06-15T10:36:47.614+0000] {processor.py:183} INFO - Processing /opt/airflow/dags/futsal_pipeline.py took 0.362 seconds
[2026-06-15T10:37:17.818+0000] {processor.py:161} INFO - Started process (PID=4348) to work on /opt/airflow/dags/futsal_pipeline.py
[2026-06-15T10:37:17.819+0000] {processor.py:830} INFO - Processing file /opt/airflow/dags/futsal_pipeline.py for tasks to queue
[2026-06-15T10:37:17.820+0000] {logging_mixin.py:188} INFO - [2026-06-15T10:37:17.819+0000] {dagbag.py:545} INFO - Filling up the DagBag from /opt/airflow/dags/futsal_pipeline.py
[2026-06-15T10:37:18.218+0000] {logging_mixin.py:188} INFO - [2026-06-15T10:37:18.205+0000] {dagbag.py:355} ERROR - Failed to import: /opt/airflow/dags/futsal_pipeline.py
Traceback (most recent call last):
  File "/home/airflow/.local/lib/python3.11/site-packages/airflow/models/dagbag.py", line 351, in parse
    loader.exec_module(new_module)
  File "<frozen importlib._bootstrap_external>", line 940, in exec_module
  File "<frozen importlib._bootstrap>", line 241, in _call_with_frames_removed
  File "/opt/airflow/dags/futsal_pipeline.py", line 16, in <module>
    from pipeline.data_pipeline import DataPipeline
  File "/opt/airflow/pipeline/data_pipeline.py", line 1, in <module>
    from components.data_ingestion import DataIngestion
  File "/opt/airflow/components/data_ingestion.py", line 2, in <module>
    from db.db_connection import DB
ModuleNotFoundError: No module named 'db'
[2026-06-15T10:37:18.219+0000] {processor.py:842} WARNING - No viable dags retrieved from /opt/airflow/dags/futsal_pipeline.py
[2026-06-15T10:37:18.238+0000] {processor.py:183} INFO - Processing /opt/airflow/dags/futsal_pipeline.py took 0.427 seconds
[2026-06-15T10:37:48.465+0000] {processor.py:161} INFO - Started process (PID=4360) to work on /opt/airflow/dags/futsal_pipeline.py
[2026-06-15T10:37:48.466+0000] {processor.py:830} INFO - Processing file /opt/airflow/dags/futsal_pipeline.py for tasks to queue
[2026-06-15T10:37:48.467+0000] {logging_mixin.py:188} INFO - [2026-06-15T10:37:48.466+0000] {dagbag.py:545} INFO - Filling up the DagBag from /opt/airflow/dags/futsal_pipeline.py
[2026-06-15T10:37:48.778+0000] {logging_mixin.py:188} INFO - [2026-06-15T10:37:48.767+0000] {dagbag.py:355} ERROR - Failed to import: /opt/airflow/dags/futsal_pipeline.py
Traceback (most recent call last):
  File "/home/airflow/.local/lib/python3.11/site-packages/airflow/models/dagbag.py", line 351, in parse
    loader.exec_module(new_module)
  File "<frozen importlib._bootstrap_external>", line 940, in exec_module
  File "<frozen importlib._bootstrap>", line 241, in _call_with_frames_removed
  File "/opt/airflow/dags/futsal_pipeline.py", line 16, in <module>
    from pipeline.data_pipeline import DataPipeline
  File "/opt/airflow/pipeline/data_pipeline.py", line 1, in <module>
    from components.data_ingestion import DataIngestion
  File "/opt/airflow/components/data_ingestion.py", line 2, in <module>
    from db.db_connection import DB
ModuleNotFoundError: No module named 'db'
[2026-06-15T10:37:48.780+0000] {processor.py:842} WARNING - No viable dags retrieved from /opt/airflow/dags/futsal_pipeline.py
[2026-06-15T10:37:48.807+0000] {processor.py:183} INFO - Processing /opt/airflow/dags/futsal_pipeline.py took 0.349 seconds
[2026-06-15T10:38:19.018+0000] {processor.py:161} INFO - Started process (PID=4372) to work on /opt/airflow/dags/futsal_pipeline.py
[2026-06-15T10:38:19.020+0000] {processor.py:830} INFO - Processing file /opt/airflow/dags/futsal_pipeline.py for tasks to queue
[2026-06-15T10:38:19.021+0000] {logging_mixin.py:188} INFO - [2026-06-15T10:38:19.021+0000] {dagbag.py:545} INFO - Filling up the DagBag from /opt/airflow/dags/futsal_pipeline.py
[2026-06-15T10:38:19.367+0000] {logging_mixin.py:188} INFO - [2026-06-15T10:38:19.356+0000] {dagbag.py:355} ERROR - Failed to import: /opt/airflow/dags/futsal_pipeline.py
Traceback (most recent call last):
  File "/home/airflow/.local/lib/python3.11/site-packages/airflow/models/dagbag.py", line 351, in parse
    loader.exec_module(new_module)
  File "<frozen importlib._bootstrap_external>", line 940, in exec_module
  File "<frozen importlib._bootstrap>", line 241, in _call_with_frames_removed
  File "/opt/airflow/dags/futsal_pipeline.py", line 16, in <module>
    from pipeline.data_pipeline import DataPipeline
  File "/opt/airflow/pipeline/data_pipeline.py", line 1, in <module>
    from components.data_ingestion import DataIngestion
  File "/opt/airflow/components/data_ingestion.py", line 2, in <module>
    from db.db_connection import DB
ModuleNotFoundError: No module named 'db'
[2026-06-15T10:38:19.368+0000] {processor.py:842} WARNING - No viable dags retrieved from /opt/airflow/dags/futsal_pipeline.py
[2026-06-15T10:38:19.395+0000] {processor.py:183} INFO - Processing /opt/airflow/dags/futsal_pipeline.py took 0.383 seconds
[2026-06-15T10:38:49.633+0000] {processor.py:161} INFO - Started process (PID=4384) to work on /opt/airflow/dags/futsal_pipeline.py
[2026-06-15T10:38:49.634+0000] {processor.py:830} INFO - Processing file /opt/airflow/dags/futsal_pipeline.py for tasks to queue
[2026-06-15T10:38:49.636+0000] {logging_mixin.py:188} INFO - [2026-06-15T10:38:49.635+0000] {dagbag.py:545} INFO - Filling up the DagBag from /opt/airflow/dags/futsal_pipeline.py
[2026-06-15T10:38:49.964+0000] {logging_mixin.py:188} INFO - [2026-06-15T10:38:49.952+0000] {dagbag.py:355} ERROR - Failed to import: /opt/airflow/dags/futsal_pipeline.py
Traceback (most recent call last):
  File "/home/airflow/.local/lib/python3.11/site-packages/airflow/models/dagbag.py", line 351, in parse
    loader.exec_module(new_module)
  File "<frozen importlib._bootstrap_external>", line 940, in exec_module
  File "<frozen importlib._bootstrap>", line 241, in _call_with_frames_removed
  File "/opt/airflow/dags/futsal_pipeline.py", line 16, in <module>
    from pipeline.data_pipeline import DataPipeline
  File "/opt/airflow/pipeline/data_pipeline.py", line 1, in <module>
    from components.data_ingestion import DataIngestion
  File "/opt/airflow/components/data_ingestion.py", line 2, in <module>
    from db.db_connection import DB
ModuleNotFoundError: No module named 'db'
[2026-06-15T10:38:49.965+0000] {processor.py:842} WARNING - No viable dags retrieved from /opt/airflow/dags/futsal_pipeline.py
[2026-06-15T10:38:49.994+0000] {processor.py:183} INFO - Processing /opt/airflow/dags/futsal_pipeline.py took 0.369 seconds
[2026-06-15T10:39:20.222+0000] {processor.py:161} INFO - Started process (PID=4396) to work on /opt/airflow/dags/futsal_pipeline.py
[2026-06-15T10:39:20.224+0000] {processor.py:830} INFO - Processing file /opt/airflow/dags/futsal_pipeline.py for tasks to queue
[2026-06-15T10:39:20.225+0000] {logging_mixin.py:188} INFO - [2026-06-15T10:39:20.225+0000] {dagbag.py:545} INFO - Filling up the DagBag from /opt/airflow/dags/futsal_pipeline.py
[2026-06-15T10:39:20.582+0000] {logging_mixin.py:188} INFO - [2026-06-15T10:39:20.571+0000] {dagbag.py:355} ERROR - Failed to import: /opt/airflow/dags/futsal_pipeline.py
Traceback (most recent call last):
  File "/home/airflow/.local/lib/python3.11/site-packages/airflow/models/dagbag.py", line 351, in parse
    loader.exec_module(new_module)
  File "<frozen importlib._bootstrap_external>", line 940, in exec_module
  File "<frozen importlib._bootstrap>", line 241, in _call_with_frames_removed
  File "/opt/airflow/dags/futsal_pipeline.py", line 16, in <module>
    from pipeline.data_pipeline import DataPipeline
  File "/opt/airflow/pipeline/data_pipeline.py", line 1, in <module>
    from components.data_ingestion import DataIngestion
  File "/opt/airflow/components/data_ingestion.py", line 2, in <module>
    from db.db_connection import DB
ModuleNotFoundError: No module named 'db'
[2026-06-15T10:39:20.585+0000] {processor.py:842} WARNING - No viable dags retrieved from /opt/airflow/dags/futsal_pipeline.py
[2026-06-15T10:39:20.604+0000] {processor.py:183} INFO - Processing /opt/airflow/dags/futsal_pipeline.py took 0.390 seconds
[2026-06-15T10:39:50.846+0000] {processor.py:161} INFO - Started process (PID=4408) to work on /opt/airflow/dags/futsal_pipeline.py
[2026-06-15T10:39:50.847+0000] {processor.py:830} INFO - Processing file /opt/airflow/dags/futsal_pipeline.py for tasks to queue
[2026-06-15T10:39:50.848+0000] {logging_mixin.py:188} INFO - [2026-06-15T10:39:50.848+0000] {dagbag.py:545} INFO - Filling up the DagBag from /opt/airflow/dags/futsal_pipeline.py
[2026-06-15T10:39:51.162+0000] {logging_mixin.py:188} INFO - [2026-06-15T10:39:51.149+0000] {dagbag.py:355} ERROR - Failed to import: /opt/airflow/dags/futsal_pipeline.py
Traceback (most recent call last):
  File "/home/airflow/.local/lib/python3.11/site-packages/airflow/models/dagbag.py", line 351, in parse
    loader.exec_module(new_module)
  File "<frozen importlib._bootstrap_external>", line 940, in exec_module
  File "<frozen importlib._bootstrap>", line 241, in _call_with_frames_removed
  File "/opt/airflow/dags/futsal_pipeline.py", line 16, in <module>
    from pipeline.data_pipeline import DataPipeline
  File "/opt/airflow/pipeline/data_pipeline.py", line 1, in <module>
    from components.data_ingestion import DataIngestion
  File "/opt/airflow/components/data_ingestion.py", line 2, in <module>
    from db.db_connection import DB
ModuleNotFoundError: No module named 'db'
[2026-06-15T10:39:51.164+0000] {processor.py:842} WARNING - No viable dags retrieved from /opt/airflow/dags/futsal_pipeline.py
[2026-06-15T10:39:51.192+0000] {processor.py:183} INFO - Processing /opt/airflow/dags/futsal_pipeline.py took 0.350 seconds
[2026-06-15T10:40:21.453+0000] {processor.py:161} INFO - Started process (PID=4420) to work on /opt/airflow/dags/futsal_pipeline.py
[2026-06-15T10:40:21.454+0000] {processor.py:830} INFO - Processing file /opt/airflow/dags/futsal_pipeline.py for tasks to queue
[2026-06-15T10:40:21.456+0000] {logging_mixin.py:188} INFO - [2026-06-15T10:40:21.455+0000] {dagbag.py:545} INFO - Filling up the DagBag from /opt/airflow/dags/futsal_pipeline.py
[2026-06-15T10:40:21.773+0000] {logging_mixin.py:188} INFO - [2026-06-15T10:40:21.761+0000] {dagbag.py:355} ERROR - Failed to import: /opt/airflow/dags/futsal_pipeline.py
Traceback (most recent call last):
  File "/home/airflow/.local/lib/python3.11/site-packages/airflow/models/dagbag.py", line 351, in parse
    loader.exec_module(new_module)
  File "<frozen importlib._bootstrap_external>", line 940, in exec_module
  File "<frozen importlib._bootstrap>", line 241, in _call_with_frames_removed
  File "/opt/airflow/dags/futsal_pipeline.py", line 16, in <module>
    from pipeline.data_pipeline import DataPipeline
  File "/opt/airflow/pipeline/data_pipeline.py", line 1, in <module>
    from components.data_ingestion import DataIngestion
  File "/opt/airflow/components/data_ingestion.py", line 2, in <module>
    from db.db_connection import DB
ModuleNotFoundError: No module named 'db'
[2026-06-15T10:40:21.775+0000] {processor.py:842} WARNING - No viable dags retrieved from /opt/airflow/dags/futsal_pipeline.py
[2026-06-15T10:40:21.804+0000] {processor.py:183} INFO - Processing /opt/airflow/dags/futsal_pipeline.py took 0.358 seconds
[2026-06-15T10:40:52.022+0000] {processor.py:161} INFO - Started process (PID=4432) to work on /opt/airflow/dags/futsal_pipeline.py
[2026-06-15T10:40:52.023+0000] {processor.py:830} INFO - Processing file /opt/airflow/dags/futsal_pipeline.py for tasks to queue
[2026-06-15T10:40:52.024+0000] {logging_mixin.py:188} INFO - [2026-06-15T10:40:52.023+0000] {dagbag.py:545} INFO - Filling up the DagBag from /opt/airflow/dags/futsal_pipeline.py
[2026-06-15T10:40:52.345+0000] {logging_mixin.py:188} INFO - [2026-06-15T10:40:52.332+0000] {dagbag.py:355} ERROR - Failed to import: /opt/airflow/dags/futsal_pipeline.py
Traceback (most recent call last):
  File "/home/airflow/.local/lib/python3.11/site-packages/airflow/models/dagbag.py", line 351, in parse
    loader.exec_module(new_module)
  File "<frozen importlib._bootstrap_external>", line 940, in exec_module
  File "<frozen importlib._bootstrap>", line 241, in _call_with_frames_removed
  File "/opt/airflow/dags/futsal_pipeline.py", line 16, in <module>
    from pipeline.data_pipeline import DataPipeline
  File "/opt/airflow/pipeline/data_pipeline.py", line 1, in <module>
    from components.data_ingestion import DataIngestion
  File "/opt/airflow/components/data_ingestion.py", line 2, in <module>
    from db.db_connection import DB
ModuleNotFoundError: No module named 'db'
[2026-06-15T10:40:52.350+0000] {processor.py:842} WARNING - No viable dags retrieved from /opt/airflow/dags/futsal_pipeline.py
[2026-06-15T10:40:52.373+0000] {processor.py:183} INFO - Processing /opt/airflow/dags/futsal_pipeline.py took 0.357 seconds
[2026-06-15T10:41:22.604+0000] {processor.py:161} INFO - Started process (PID=4444) to work on /opt/airflow/dags/futsal_pipeline.py
[2026-06-15T10:41:22.606+0000] {processor.py:830} INFO - Processing file /opt/airflow/dags/futsal_pipeline.py for tasks to queue
[2026-06-15T10:41:22.607+0000] {logging_mixin.py:188} INFO - [2026-06-15T10:41:22.607+0000] {dagbag.py:545} INFO - Filling up the DagBag from /opt/airflow/dags/futsal_pipeline.py
[2026-06-15T10:41:23.026+0000] {logging_mixin.py:188} INFO - [2026-06-15T10:41:23.015+0000] {dagbag.py:355} ERROR - Failed to import: /opt/airflow/dags/futsal_pipeline.py
Traceback (most recent call last):
  File "/home/airflow/.local/lib/python3.11/site-packages/airflow/models/dagbag.py", line 351, in parse
    loader.exec_module(new_module)
  File "<frozen importlib._bootstrap_external>", line 940, in exec_module
  File "<frozen importlib._bootstrap>", line 241, in _call_with_frames_removed
  File "/opt/airflow/dags/futsal_pipeline.py", line 16, in <module>
    from pipeline.data_pipeline import DataPipeline
  File "/opt/airflow/pipeline/data_pipeline.py", line 1, in <module>
    from components.data_ingestion import DataIngestion
  File "/opt/airflow/components/data_ingestion.py", line 2, in <module>
    from db.db_connection import DB
ModuleNotFoundError: No module named 'db'
[2026-06-15T10:41:23.028+0000] {processor.py:842} WARNING - No viable dags retrieved from /opt/airflow/dags/futsal_pipeline.py
[2026-06-15T10:41:23.048+0000] {processor.py:183} INFO - Processing /opt/airflow/dags/futsal_pipeline.py took 0.451 seconds
[2026-06-15T10:41:53.274+0000] {processor.py:161} INFO - Started process (PID=4456) to work on /opt/airflow/dags/futsal_pipeline.py
[2026-06-15T10:41:53.275+0000] {processor.py:830} INFO - Processing file /opt/airflow/dags/futsal_pipeline.py for tasks to queue
[2026-06-15T10:41:53.276+0000] {logging_mixin.py:188} INFO - [2026-06-15T10:41:53.276+0000] {dagbag.py:545} INFO - Filling up the DagBag from /opt/airflow/dags/futsal_pipeline.py
[2026-06-15T10:41:53.585+0000] {logging_mixin.py:188} INFO - [2026-06-15T10:41:53.575+0000] {dagbag.py:355} ERROR - Failed to import: /opt/airflow/dags/futsal_pipeline.py
Traceback (most recent call last):
  File "/home/airflow/.local/lib/python3.11/site-packages/airflow/models/dagbag.py", line 351, in parse
    loader.exec_module(new_module)
  File "<frozen importlib._bootstrap_external>", line 940, in exec_module
  File "<frozen importlib._bootstrap>", line 241, in _call_with_frames_removed
  File "/opt/airflow/dags/futsal_pipeline.py", line 16, in <module>
    from pipeline.data_pipeline import DataPipeline
  File "/opt/airflow/pipeline/data_pipeline.py", line 1, in <module>
    from components.data_ingestion import DataIngestion
  File "/opt/airflow/components/data_ingestion.py", line 2, in <module>
    from db.db_connection import DB
ModuleNotFoundError: No module named 'db'
[2026-06-15T10:41:53.586+0000] {processor.py:842} WARNING - No viable dags retrieved from /opt/airflow/dags/futsal_pipeline.py
[2026-06-15T10:41:53.604+0000] {processor.py:183} INFO - Processing /opt/airflow/dags/futsal_pipeline.py took 0.336 seconds
[2026-06-15T10:42:23.818+0000] {processor.py:161} INFO - Started process (PID=4468) to work on /opt/airflow/dags/futsal_pipeline.py
[2026-06-15T10:42:23.819+0000] {processor.py:830} INFO - Processing file /opt/airflow/dags/futsal_pipeline.py for tasks to queue
[2026-06-15T10:42:23.820+0000] {logging_mixin.py:188} INFO - [2026-06-15T10:42:23.820+0000] {dagbag.py:545} INFO - Filling up the DagBag from /opt/airflow/dags/futsal_pipeline.py
[2026-06-15T10:42:24.155+0000] {logging_mixin.py:188} INFO - [2026-06-15T10:42:24.142+0000] {dagbag.py:355} ERROR - Failed to import: /opt/airflow/dags/futsal_pipeline.py
Traceback (most recent call last):
  File "/home/airflow/.local/lib/python3.11/site-packages/airflow/models/dagbag.py", line 351, in parse
    loader.exec_module(new_module)
  File "<frozen importlib._bootstrap_external>", line 940, in exec_module
  File "<frozen importlib._bootstrap>", line 241, in _call_with_frames_removed
  File "/opt/airflow/dags/futsal_pipeline.py", line 16, in <module>
    from pipeline.data_pipeline import DataPipeline
  File "/opt/airflow/pipeline/data_pipeline.py", line 1, in <module>
    from components.data_ingestion import DataIngestion
  File "/opt/airflow/components/data_ingestion.py", line 2, in <module>
    from db.db_connection import DB
ModuleNotFoundError: No module named 'db'
[2026-06-15T10:42:24.156+0000] {processor.py:842} WARNING - No viable dags retrieved from /opt/airflow/dags/futsal_pipeline.py
[2026-06-15T10:42:24.185+0000] {processor.py:183} INFO - Processing /opt/airflow/dags/futsal_pipeline.py took 0.372 seconds
[2026-06-15T10:42:54.400+0000] {processor.py:161} INFO - Started process (PID=4480) to work on /opt/airflow/dags/futsal_pipeline.py
[2026-06-15T10:42:54.401+0000] {processor.py:830} INFO - Processing file /opt/airflow/dags/futsal_pipeline.py for tasks to queue
[2026-06-15T10:42:54.402+0000] {logging_mixin.py:188} INFO - [2026-06-15T10:42:54.402+0000] {dagbag.py:545} INFO - Filling up the DagBag from /opt/airflow/dags/futsal_pipeline.py
[2026-06-15T10:42:54.713+0000] {logging_mixin.py:188} INFO - [2026-06-15T10:42:54.700+0000] {dagbag.py:355} ERROR - Failed to import: /opt/airflow/dags/futsal_pipeline.py
Traceback (most recent call last):
  File "/home/airflow/.local/lib/python3.11/site-packages/airflow/models/dagbag.py", line 351, in parse
    loader.exec_module(new_module)
  File "<frozen importlib._bootstrap_external>", line 940, in exec_module
  File "<frozen importlib._bootstrap>", line 241, in _call_with_frames_removed
  File "/opt/airflow/dags/futsal_pipeline.py", line 16, in <module>
    from pipeline.data_pipeline import DataPipeline
  File "/opt/airflow/pipeline/data_pipeline.py", line 1, in <module>
    from components.data_ingestion import DataIngestion
  File "/opt/airflow/components/data_ingestion.py", line 2, in <module>
    from db.db_connection import DB
ModuleNotFoundError: No module named 'db'
[2026-06-15T10:42:54.714+0000] {processor.py:842} WARNING - No viable dags retrieved from /opt/airflow/dags/futsal_pipeline.py
[2026-06-15T10:42:54.742+0000] {processor.py:183} INFO - Processing /opt/airflow/dags/futsal_pipeline.py took 0.347 seconds
[2026-06-15T10:43:24.966+0000] {processor.py:161} INFO - Started process (PID=4492) to work on /opt/airflow/dags/futsal_pipeline.py
[2026-06-15T10:43:24.967+0000] {processor.py:830} INFO - Processing file /opt/airflow/dags/futsal_pipeline.py for tasks to queue
[2026-06-15T10:43:24.968+0000] {logging_mixin.py:188} INFO - [2026-06-15T10:43:24.968+0000] {dagbag.py:545} INFO - Filling up the DagBag from /opt/airflow/dags/futsal_pipeline.py
[2026-06-15T10:43:25.271+0000] {logging_mixin.py:188} INFO - [2026-06-15T10:43:25.261+0000] {dagbag.py:355} ERROR - Failed to import: /opt/airflow/dags/futsal_pipeline.py
Traceback (most recent call last):
  File "/home/airflow/.local/lib/python3.11/site-packages/airflow/models/dagbag.py", line 351, in parse
    loader.exec_module(new_module)
  File "<frozen importlib._bootstrap_external>", line 940, in exec_module
  File "<frozen importlib._bootstrap>", line 241, in _call_with_frames_removed
  File "/opt/airflow/dags/futsal_pipeline.py", line 16, in <module>
    from pipeline.data_pipeline import DataPipeline
  File "/opt/airflow/pipeline/data_pipeline.py", line 1, in <module>
    from components.data_ingestion import DataIngestion
  File "/opt/airflow/components/data_ingestion.py", line 2, in <module>
    from db.db_connection import DB
ModuleNotFoundError: No module named 'db'
[2026-06-15T10:43:25.273+0000] {processor.py:842} WARNING - No viable dags retrieved from /opt/airflow/dags/futsal_pipeline.py
[2026-06-15T10:43:25.301+0000] {processor.py:183} INFO - Processing /opt/airflow/dags/futsal_pipeline.py took 0.341 seconds
[2026-06-15T10:43:55.530+0000] {processor.py:161} INFO - Started process (PID=4504) to work on /opt/airflow/dags/futsal_pipeline.py
[2026-06-15T10:43:55.531+0000] {processor.py:830} INFO - Processing file /opt/airflow/dags/futsal_pipeline.py for tasks to queue
[2026-06-15T10:43:55.532+0000] {logging_mixin.py:188} INFO - [2026-06-15T10:43:55.532+0000] {dagbag.py:545} INFO - Filling up the DagBag from /opt/airflow/dags/futsal_pipeline.py
[2026-06-15T10:43:55.904+0000] {logging_mixin.py:188} INFO - [2026-06-15T10:43:55.892+0000] {dagbag.py:355} ERROR - Failed to import: /opt/airflow/dags/futsal_pipeline.py
Traceback (most recent call last):
  File "/home/airflow/.local/lib/python3.11/site-packages/airflow/models/dagbag.py", line 351, in parse
    loader.exec_module(new_module)
  File "<frozen importlib._bootstrap_external>", line 940, in exec_module
  File "<frozen importlib._bootstrap>", line 241, in _call_with_frames_removed
  File "/opt/airflow/dags/futsal_pipeline.py", line 16, in <module>
    from pipeline.data_pipeline import DataPipeline
  File "/opt/airflow/pipeline/data_pipeline.py", line 1, in <module>
    from components.data_ingestion import DataIngestion
  File "/opt/airflow/components/data_ingestion.py", line 2, in <module>
    from db.db_connection import DB
ModuleNotFoundError: No module named 'db'
[2026-06-15T10:43:55.906+0000] {processor.py:842} WARNING - No viable dags retrieved from /opt/airflow/dags/futsal_pipeline.py
[2026-06-15T10:43:55.935+0000] {processor.py:183} INFO - Processing /opt/airflow/dags/futsal_pipeline.py took 0.411 seconds
[2026-06-15T10:44:26.161+0000] {processor.py:161} INFO - Started process (PID=4516) to work on /opt/airflow/dags/futsal_pipeline.py
[2026-06-15T10:44:26.162+0000] {processor.py:830} INFO - Processing file /opt/airflow/dags/futsal_pipeline.py for tasks to queue
[2026-06-15T10:44:26.163+0000] {logging_mixin.py:188} INFO - [2026-06-15T10:44:26.162+0000] {dagbag.py:545} INFO - Filling up the DagBag from /opt/airflow/dags/futsal_pipeline.py
[2026-06-15T10:44:26.477+0000] {logging_mixin.py:188} INFO - [2026-06-15T10:44:26.468+0000] {dagbag.py:355} ERROR - Failed to import: /opt/airflow/dags/futsal_pipeline.py
Traceback (most recent call last):
  File "/home/airflow/.local/lib/python3.11/site-packages/airflow/models/dagbag.py", line 351, in parse
    loader.exec_module(new_module)
  File "<frozen importlib._bootstrap_external>", line 940, in exec_module
  File "<frozen importlib._bootstrap>", line 241, in _call_with_frames_removed
  File "/opt/airflow/dags/futsal_pipeline.py", line 16, in <module>
    from pipeline.data_pipeline import DataPipeline
  File "/opt/airflow/pipeline/data_pipeline.py", line 1, in <module>
    from components.data_ingestion import DataIngestion
  File "/opt/airflow/components/data_ingestion.py", line 2, in <module>
    from db.db_connection import DB
ModuleNotFoundError: No module named 'db'
[2026-06-15T10:44:26.478+0000] {processor.py:842} WARNING - No viable dags retrieved from /opt/airflow/dags/futsal_pipeline.py
[2026-06-15T10:44:26.506+0000] {processor.py:183} INFO - Processing /opt/airflow/dags/futsal_pipeline.py took 0.351 seconds
[2026-06-15T10:44:56.737+0000] {processor.py:161} INFO - Started process (PID=4528) to work on /opt/airflow/dags/futsal_pipeline.py
[2026-06-15T10:44:56.738+0000] {processor.py:830} INFO - Processing file /opt/airflow/dags/futsal_pipeline.py for tasks to queue
[2026-06-15T10:44:56.739+0000] {logging_mixin.py:188} INFO - [2026-06-15T10:44:56.738+0000] {dagbag.py:545} INFO - Filling up the DagBag from /opt/airflow/dags/futsal_pipeline.py
[2026-06-15T10:44:57.139+0000] {logging_mixin.py:188} INFO - [2026-06-15T10:44:57.127+0000] {dagbag.py:355} ERROR - Failed to import: /opt/airflow/dags/futsal_pipeline.py
Traceback (most recent call last):
  File "/home/airflow/.local/lib/python3.11/site-packages/airflow/models/dagbag.py", line 351, in parse
    loader.exec_module(new_module)
  File "<frozen importlib._bootstrap_external>", line 940, in exec_module
  File "<frozen importlib._bootstrap>", line 241, in _call_with_frames_removed
  File "/opt/airflow/dags/futsal_pipeline.py", line 16, in <module>
    from pipeline.data_pipeline import DataPipeline
  File "/opt/airflow/pipeline/data_pipeline.py", line 1, in <module>
    from components.data_ingestion import DataIngestion
  File "/opt/airflow/components/data_ingestion.py", line 2, in <module>
    from db.db_connection import DB
ModuleNotFoundError: No module named 'db'
[2026-06-15T10:44:57.141+0000] {processor.py:842} WARNING - No viable dags retrieved from /opt/airflow/dags/futsal_pipeline.py
[2026-06-15T10:44:57.169+0000] {processor.py:183} INFO - Processing /opt/airflow/dags/futsal_pipeline.py took 0.437 seconds
[2026-06-15T10:45:27.372+0000] {processor.py:161} INFO - Started process (PID=4540) to work on /opt/airflow/dags/futsal_pipeline.py
[2026-06-15T10:45:27.373+0000] {processor.py:830} INFO - Processing file /opt/airflow/dags/futsal_pipeline.py for tasks to queue
[2026-06-15T10:45:27.375+0000] {logging_mixin.py:188} INFO - [2026-06-15T10:45:27.375+0000] {dagbag.py:545} INFO - Filling up the DagBag from /opt/airflow/dags/futsal_pipeline.py
[2026-06-15T10:45:27.726+0000] {logging_mixin.py:188} INFO - [2026-06-15T10:45:27.714+0000] {dagbag.py:355} ERROR - Failed to import: /opt/airflow/dags/futsal_pipeline.py
Traceback (most recent call last):
  File "/home/airflow/.local/lib/python3.11/site-packages/airflow/models/dagbag.py", line 351, in parse
    loader.exec_module(new_module)
  File "<frozen importlib._bootstrap_external>", line 940, in exec_module
  File "<frozen importlib._bootstrap>", line 241, in _call_with_frames_removed
  File "/opt/airflow/dags/futsal_pipeline.py", line 16, in <module>
    from pipeline.data_pipeline import DataPipeline
  File "/opt/airflow/pipeline/data_pipeline.py", line 1, in <module>
    from components.data_ingestion import DataIngestion
  File "/opt/airflow/components/data_ingestion.py", line 2, in <module>
    from db.db_connection import DB
ModuleNotFoundError: No module named 'db'
[2026-06-15T10:45:27.728+0000] {processor.py:842} WARNING - No viable dags retrieved from /opt/airflow/dags/futsal_pipeline.py
[2026-06-15T10:45:27.745+0000] {processor.py:183} INFO - Processing /opt/airflow/dags/futsal_pipeline.py took 0.379 seconds
[2026-06-15T10:45:57.945+0000] {processor.py:161} INFO - Started process (PID=4552) to work on /opt/airflow/dags/futsal_pipeline.py
[2026-06-15T10:45:57.946+0000] {processor.py:830} INFO - Processing file /opt/airflow/dags/futsal_pipeline.py for tasks to queue
[2026-06-15T10:45:57.946+0000] {logging_mixin.py:188} INFO - [2026-06-15T10:45:57.946+0000] {dagbag.py:545} INFO - Filling up the DagBag from /opt/airflow/dags/futsal_pipeline.py
[2026-06-15T10:45:58.247+0000] {logging_mixin.py:188} INFO - [2026-06-15T10:45:58.236+0000] {dagbag.py:355} ERROR - Failed to import: /opt/airflow/dags/futsal_pipeline.py
Traceback (most recent call last):
  File "/home/airflow/.local/lib/python3.11/site-packages/airflow/models/dagbag.py", line 351, in parse
    loader.exec_module(new_module)
  File "<frozen importlib._bootstrap_external>", line 940, in exec_module
  File "<frozen importlib._bootstrap>", line 241, in _call_with_frames_removed
  File "/opt/airflow/dags/futsal_pipeline.py", line 16, in <module>
    from pipeline.data_pipeline import DataPipeline
  File "/opt/airflow/pipeline/data_pipeline.py", line 1, in <module>
    from components.data_ingestion import DataIngestion
  File "/opt/airflow/components/data_ingestion.py", line 2, in <module>
    from db.db_connection import DB
ModuleNotFoundError: No module named 'db'
[2026-06-15T10:45:58.248+0000] {processor.py:842} WARNING - No viable dags retrieved from /opt/airflow/dags/futsal_pipeline.py
[2026-06-15T10:45:58.275+0000] {processor.py:183} INFO - Processing /opt/airflow/dags/futsal_pipeline.py took 0.339 seconds
[2026-06-15T10:46:28.512+0000] {processor.py:161} INFO - Started process (PID=4564) to work on /opt/airflow/dags/futsal_pipeline.py
[2026-06-15T10:46:28.513+0000] {processor.py:830} INFO - Processing file /opt/airflow/dags/futsal_pipeline.py for tasks to queue
[2026-06-15T10:46:28.514+0000] {logging_mixin.py:188} INFO - [2026-06-15T10:46:28.513+0000] {dagbag.py:545} INFO - Filling up the DagBag from /opt/airflow/dags/futsal_pipeline.py
[2026-06-15T10:46:28.835+0000] {logging_mixin.py:188} INFO - [2026-06-15T10:46:28.824+0000] {dagbag.py:355} ERROR - Failed to import: /opt/airflow/dags/futsal_pipeline.py
Traceback (most recent call last):
  File "/home/airflow/.local/lib/python3.11/site-packages/airflow/models/dagbag.py", line 351, in parse
    loader.exec_module(new_module)
  File "<frozen importlib._bootstrap_external>", line 940, in exec_module
  File "<frozen importlib._bootstrap>", line 241, in _call_with_frames_removed
  File "/opt/airflow/dags/futsal_pipeline.py", line 16, in <module>
    from pipeline.data_pipeline import DataPipeline
  File "/opt/airflow/pipeline/data_pipeline.py", line 1, in <module>
    from components.data_ingestion import DataIngestion
  File "/opt/airflow/components/data_ingestion.py", line 2, in <module>
    from db.db_connection import DB
ModuleNotFoundError: No module named 'db'
[2026-06-15T10:46:28.836+0000] {processor.py:842} WARNING - No viable dags retrieved from /opt/airflow/dags/futsal_pipeline.py
[2026-06-15T10:46:28.864+0000] {processor.py:183} INFO - Processing /opt/airflow/dags/futsal_pipeline.py took 0.358 seconds
[2026-06-15T10:46:59.080+0000] {processor.py:161} INFO - Started process (PID=4576) to work on /opt/airflow/dags/futsal_pipeline.py
[2026-06-15T10:46:59.081+0000] {processor.py:830} INFO - Processing file /opt/airflow/dags/futsal_pipeline.py for tasks to queue
[2026-06-15T10:46:59.082+0000] {logging_mixin.py:188} INFO - [2026-06-15T10:46:59.081+0000] {dagbag.py:545} INFO - Filling up the DagBag from /opt/airflow/dags/futsal_pipeline.py
[2026-06-15T10:46:59.389+0000] {logging_mixin.py:188} INFO - [2026-06-15T10:46:59.379+0000] {dagbag.py:355} ERROR - Failed to import: /opt/airflow/dags/futsal_pipeline.py
Traceback (most recent call last):
  File "/home/airflow/.local/lib/python3.11/site-packages/airflow/models/dagbag.py", line 351, in parse
    loader.exec_module(new_module)
  File "<frozen importlib._bootstrap_external>", line 940, in exec_module
  File "<frozen importlib._bootstrap>", line 241, in _call_with_frames_removed
  File "/opt/airflow/dags/futsal_pipeline.py", line 16, in <module>
    from pipeline.data_pipeline import DataPipeline
  File "/opt/airflow/pipeline/data_pipeline.py", line 1, in <module>
    from components.data_ingestion import DataIngestion
  File "/opt/airflow/components/data_ingestion.py", line 2, in <module>
    from db.db_connection import DB
ModuleNotFoundError: No module named 'db'
[2026-06-15T10:46:59.390+0000] {processor.py:842} WARNING - No viable dags retrieved from /opt/airflow/dags/futsal_pipeline.py
[2026-06-15T10:46:59.418+0000] {processor.py:183} INFO - Processing /opt/airflow/dags/futsal_pipeline.py took 0.344 seconds
[2026-06-15T10:47:29.644+0000] {processor.py:161} INFO - Started process (PID=4588) to work on /opt/airflow/dags/futsal_pipeline.py
[2026-06-15T10:47:29.645+0000] {processor.py:830} INFO - Processing file /opt/airflow/dags/futsal_pipeline.py for tasks to queue
[2026-06-15T10:47:29.646+0000] {logging_mixin.py:188} INFO - [2026-06-15T10:47:29.646+0000] {dagbag.py:545} INFO - Filling up the DagBag from /opt/airflow/dags/futsal_pipeline.py
[2026-06-15T10:47:30.047+0000] {logging_mixin.py:188} INFO - [2026-06-15T10:47:30.034+0000] {dagbag.py:355} ERROR - Failed to import: /opt/airflow/dags/futsal_pipeline.py
Traceback (most recent call last):
  File "/home/airflow/.local/lib/python3.11/site-packages/airflow/models/dagbag.py", line 351, in parse
    loader.exec_module(new_module)
  File "<frozen importlib._bootstrap_external>", line 940, in exec_module
  File "<frozen importlib._bootstrap>", line 241, in _call_with_frames_removed
  File "/opt/airflow/dags/futsal_pipeline.py", line 16, in <module>
    from pipeline.data_pipeline import DataPipeline
  File "/opt/airflow/pipeline/data_pipeline.py", line 1, in <module>
    from components.data_ingestion import DataIngestion
  File "/opt/airflow/components/data_ingestion.py", line 2, in <module>
    from db.db_connection import DB
ModuleNotFoundError: No module named 'db'
[2026-06-15T10:47:30.049+0000] {processor.py:842} WARNING - No viable dags retrieved from /opt/airflow/dags/futsal_pipeline.py
[2026-06-15T10:47:30.068+0000] {processor.py:183} INFO - Processing /opt/airflow/dags/futsal_pipeline.py took 0.431 seconds
[2026-06-15T10:48:00.277+0000] {processor.py:161} INFO - Started process (PID=4600) to work on /opt/airflow/dags/futsal_pipeline.py
[2026-06-15T10:48:00.278+0000] {processor.py:830} INFO - Processing file /opt/airflow/dags/futsal_pipeline.py for tasks to queue
[2026-06-15T10:48:00.279+0000] {logging_mixin.py:188} INFO - [2026-06-15T10:48:00.278+0000] {dagbag.py:545} INFO - Filling up the DagBag from /opt/airflow/dags/futsal_pipeline.py
[2026-06-15T10:48:00.736+0000] {logging_mixin.py:188} INFO - [2026-06-15T10:48:00.717+0000] {dagbag.py:355} ERROR - Failed to import: /opt/airflow/dags/futsal_pipeline.py
Traceback (most recent call last):
  File "/home/airflow/.local/lib/python3.11/site-packages/airflow/models/dagbag.py", line 351, in parse
    loader.exec_module(new_module)
  File "<frozen importlib._bootstrap_external>", line 940, in exec_module
  File "<frozen importlib._bootstrap>", line 241, in _call_with_frames_removed
  File "/opt/airflow/dags/futsal_pipeline.py", line 16, in <module>
    from pipeline.data_pipeline import DataPipeline
  File "/opt/airflow/pipeline/data_pipeline.py", line 1, in <module>
    from components.data_ingestion import DataIngestion
  File "/opt/airflow/components/data_ingestion.py", line 2, in <module>
    from db.db_connection import DB
ModuleNotFoundError: No module named 'db'
[2026-06-15T10:48:00.739+0000] {processor.py:842} WARNING - No viable dags retrieved from /opt/airflow/dags/futsal_pipeline.py
[2026-06-15T10:48:00.782+0000] {processor.py:183} INFO - Processing /opt/airflow/dags/futsal_pipeline.py took 0.511 seconds
[2026-06-15T10:48:31.018+0000] {processor.py:161} INFO - Started process (PID=4612) to work on /opt/airflow/dags/futsal_pipeline.py
[2026-06-15T10:48:31.020+0000] {processor.py:830} INFO - Processing file /opt/airflow/dags/futsal_pipeline.py for tasks to queue
[2026-06-15T10:48:31.021+0000] {logging_mixin.py:188} INFO - [2026-06-15T10:48:31.020+0000] {dagbag.py:545} INFO - Filling up the DagBag from /opt/airflow/dags/futsal_pipeline.py
[2026-06-15T10:48:31.399+0000] {logging_mixin.py:188} INFO - [2026-06-15T10:48:31.387+0000] {dagbag.py:355} ERROR - Failed to import: /opt/airflow/dags/futsal_pipeline.py
Traceback (most recent call last):
  File "/home/airflow/.local/lib/python3.11/site-packages/airflow/models/dagbag.py", line 351, in parse
    loader.exec_module(new_module)
  File "<frozen importlib._bootstrap_external>", line 940, in exec_module
  File "<frozen importlib._bootstrap>", line 241, in _call_with_frames_removed
  File "/opt/airflow/dags/futsal_pipeline.py", line 16, in <module>
    from pipeline.data_pipeline import DataPipeline
  File "/opt/airflow/pipeline/data_pipeline.py", line 1, in <module>
    from components.data_ingestion import DataIngestion
  File "/opt/airflow/components/data_ingestion.py", line 2, in <module>
    from db.db_connection import DB
ModuleNotFoundError: No module named 'db'
[2026-06-15T10:48:31.402+0000] {processor.py:842} WARNING - No viable dags retrieved from /opt/airflow/dags/futsal_pipeline.py
[2026-06-15T10:48:31.422+0000] {processor.py:183} INFO - Processing /opt/airflow/dags/futsal_pipeline.py took 0.412 seconds
[2026-06-15T10:49:01.674+0000] {processor.py:161} INFO - Started process (PID=4624) to work on /opt/airflow/dags/futsal_pipeline.py
[2026-06-15T10:49:01.675+0000] {processor.py:830} INFO - Processing file /opt/airflow/dags/futsal_pipeline.py for tasks to queue
[2026-06-15T10:49:01.676+0000] {logging_mixin.py:188} INFO - [2026-06-15T10:49:01.676+0000] {dagbag.py:545} INFO - Filling up the DagBag from /opt/airflow/dags/futsal_pipeline.py
[2026-06-15T10:49:01.996+0000] {logging_mixin.py:188} INFO - [2026-06-15T10:49:01.988+0000] {dagbag.py:355} ERROR - Failed to import: /opt/airflow/dags/futsal_pipeline.py
Traceback (most recent call last):
  File "/home/airflow/.local/lib/python3.11/site-packages/airflow/models/dagbag.py", line 351, in parse
    loader.exec_module(new_module)
  File "<frozen importlib._bootstrap_external>", line 940, in exec_module
  File "<frozen importlib._bootstrap>", line 241, in _call_with_frames_removed
  File "/opt/airflow/dags/futsal_pipeline.py", line 16, in <module>
    from pipeline.data_pipeline import DataPipeline
  File "/opt/airflow/pipeline/data_pipeline.py", line 1, in <module>
    from components.data_ingestion import DataIngestion
  File "/opt/airflow/components/data_ingestion.py", line 2, in <module>
    from db.db_connection import DB
ModuleNotFoundError: No module named 'db'
[2026-06-15T10:49:01.998+0000] {processor.py:842} WARNING - No viable dags retrieved from /opt/airflow/dags/futsal_pipeline.py
[2026-06-15T10:49:02.014+0000] {processor.py:183} INFO - Processing /opt/airflow/dags/futsal_pipeline.py took 0.346 seconds
[2026-06-15T10:49:32.276+0000] {processor.py:161} INFO - Started process (PID=4636) to work on /opt/airflow/dags/futsal_pipeline.py
[2026-06-15T10:49:32.277+0000] {processor.py:830} INFO - Processing file /opt/airflow/dags/futsal_pipeline.py for tasks to queue
[2026-06-15T10:49:32.278+0000] {logging_mixin.py:188} INFO - [2026-06-15T10:49:32.278+0000] {dagbag.py:545} INFO - Filling up the DagBag from /opt/airflow/dags/futsal_pipeline.py
[2026-06-15T10:49:32.580+0000] {logging_mixin.py:188} INFO - [2026-06-15T10:49:32.569+0000] {dagbag.py:355} ERROR - Failed to import: /opt/airflow/dags/futsal_pipeline.py
Traceback (most recent call last):
  File "/home/airflow/.local/lib/python3.11/site-packages/airflow/models/dagbag.py", line 351, in parse
    loader.exec_module(new_module)
  File "<frozen importlib._bootstrap_external>", line 940, in exec_module
  File "<frozen importlib._bootstrap>", line 241, in _call_with_frames_removed
  File "/opt/airflow/dags/futsal_pipeline.py", line 16, in <module>
    from pipeline.data_pipeline import DataPipeline
  File "/opt/airflow/pipeline/data_pipeline.py", line 1, in <module>
    from components.data_ingestion import DataIngestion
  File "/opt/airflow/components/data_ingestion.py", line 2, in <module>
    from db.db_connection import DB
ModuleNotFoundError: No module named 'db'
[2026-06-15T10:49:32.582+0000] {processor.py:842} WARNING - No viable dags retrieved from /opt/airflow/dags/futsal_pipeline.py
[2026-06-15T10:49:32.610+0000] {processor.py:183} INFO - Processing /opt/airflow/dags/futsal_pipeline.py took 0.339 seconds
[2026-06-15T10:50:02.839+0000] {processor.py:161} INFO - Started process (PID=4648) to work on /opt/airflow/dags/futsal_pipeline.py
[2026-06-15T10:50:02.840+0000] {processor.py:830} INFO - Processing file /opt/airflow/dags/futsal_pipeline.py for tasks to queue
[2026-06-15T10:50:02.841+0000] {logging_mixin.py:188} INFO - [2026-06-15T10:50:02.841+0000] {dagbag.py:545} INFO - Filling up the DagBag from /opt/airflow/dags/futsal_pipeline.py
[2026-06-15T10:50:03.155+0000] {logging_mixin.py:188} INFO - [2026-06-15T10:50:03.143+0000] {dagbag.py:355} ERROR - Failed to import: /opt/airflow/dags/futsal_pipeline.py
Traceback (most recent call last):
  File "/home/airflow/.local/lib/python3.11/site-packages/airflow/models/dagbag.py", line 351, in parse
    loader.exec_module(new_module)
  File "<frozen importlib._bootstrap_external>", line 940, in exec_module
  File "<frozen importlib._bootstrap>", line 241, in _call_with_frames_removed
  File "/opt/airflow/dags/futsal_pipeline.py", line 16, in <module>
    from pipeline.data_pipeline import DataPipeline
  File "/opt/airflow/pipeline/data_pipeline.py", line 1, in <module>
    from components.data_ingestion import DataIngestion
  File "/opt/airflow/components/data_ingestion.py", line 2, in <module>
    from db.db_connection import DB
ModuleNotFoundError: No module named 'db'
[2026-06-15T10:50:03.158+0000] {processor.py:842} WARNING - No viable dags retrieved from /opt/airflow/dags/futsal_pipeline.py
[2026-06-15T10:50:03.186+0000] {processor.py:183} INFO - Processing /opt/airflow/dags/futsal_pipeline.py took 0.352 seconds
[2026-06-15T10:50:33.453+0000] {processor.py:161} INFO - Started process (PID=4660) to work on /opt/airflow/dags/futsal_pipeline.py
[2026-06-15T10:50:33.454+0000] {processor.py:830} INFO - Processing file /opt/airflow/dags/futsal_pipeline.py for tasks to queue
[2026-06-15T10:50:33.455+0000] {logging_mixin.py:188} INFO - [2026-06-15T10:50:33.454+0000] {dagbag.py:545} INFO - Filling up the DagBag from /opt/airflow/dags/futsal_pipeline.py
[2026-06-15T10:50:33.753+0000] {logging_mixin.py:188} INFO - [2026-06-15T10:50:33.743+0000] {dagbag.py:355} ERROR - Failed to import: /opt/airflow/dags/futsal_pipeline.py
Traceback (most recent call last):
  File "/home/airflow/.local/lib/python3.11/site-packages/airflow/models/dagbag.py", line 351, in parse
    loader.exec_module(new_module)
  File "<frozen importlib._bootstrap_external>", line 940, in exec_module
  File "<frozen importlib._bootstrap>", line 241, in _call_with_frames_removed
  File "/opt/airflow/dags/futsal_pipeline.py", line 16, in <module>
    from pipeline.data_pipeline import DataPipeline
  File "/opt/airflow/pipeline/data_pipeline.py", line 1, in <module>
    from components.data_ingestion import DataIngestion
  File "/opt/airflow/components/data_ingestion.py", line 2, in <module>
    from db.db_connection import DB
ModuleNotFoundError: No module named 'db'
[2026-06-15T10:50:33.754+0000] {processor.py:842} WARNING - No viable dags retrieved from /opt/airflow/dags/futsal_pipeline.py
[2026-06-15T10:50:33.781+0000] {processor.py:183} INFO - Processing /opt/airflow/dags/futsal_pipeline.py took 0.333 seconds
[2026-06-15T10:51:04.043+0000] {processor.py:161} INFO - Started process (PID=4672) to work on /opt/airflow/dags/futsal_pipeline.py
[2026-06-15T10:51:04.044+0000] {processor.py:830} INFO - Processing file /opt/airflow/dags/futsal_pipeline.py for tasks to queue
[2026-06-15T10:51:04.044+0000] {logging_mixin.py:188} INFO - [2026-06-15T10:51:04.044+0000] {dagbag.py:545} INFO - Filling up the DagBag from /opt/airflow/dags/futsal_pipeline.py
[2026-06-15T10:51:04.343+0000] {logging_mixin.py:188} INFO - [2026-06-15T10:51:04.332+0000] {dagbag.py:355} ERROR - Failed to import: /opt/airflow/dags/futsal_pipeline.py
Traceback (most recent call last):
  File "/home/airflow/.local/lib/python3.11/site-packages/airflow/models/dagbag.py", line 351, in parse
    loader.exec_module(new_module)
  File "<frozen importlib._bootstrap_external>", line 940, in exec_module
  File "<frozen importlib._bootstrap>", line 241, in _call_with_frames_removed
  File "/opt/airflow/dags/futsal_pipeline.py", line 16, in <module>
    from pipeline.data_pipeline import DataPipeline
  File "/opt/airflow/pipeline/data_pipeline.py", line 1, in <module>
    from components.data_ingestion import DataIngestion
  File "/opt/airflow/components/data_ingestion.py", line 2, in <module>
    from db.db_connection import DB
ModuleNotFoundError: No module named 'db'
[2026-06-15T10:51:04.344+0000] {processor.py:842} WARNING - No viable dags retrieved from /opt/airflow/dags/futsal_pipeline.py
[2026-06-15T10:51:04.371+0000] {processor.py:183} INFO - Processing /opt/airflow/dags/futsal_pipeline.py took 0.334 seconds
[2026-06-15T10:51:34.637+0000] {processor.py:161} INFO - Started process (PID=4684) to work on /opt/airflow/dags/futsal_pipeline.py
[2026-06-15T10:51:34.638+0000] {processor.py:830} INFO - Processing file /opt/airflow/dags/futsal_pipeline.py for tasks to queue
[2026-06-15T10:51:34.639+0000] {logging_mixin.py:188} INFO - [2026-06-15T10:51:34.639+0000] {dagbag.py:545} INFO - Filling up the DagBag from /opt/airflow/dags/futsal_pipeline.py
[2026-06-15T10:51:34.944+0000] {logging_mixin.py:188} INFO - [2026-06-15T10:51:34.932+0000] {dagbag.py:355} ERROR - Failed to import: /opt/airflow/dags/futsal_pipeline.py
Traceback (most recent call last):
  File "/home/airflow/.local/lib/python3.11/site-packages/airflow/models/dagbag.py", line 351, in parse
    loader.exec_module(new_module)
  File "<frozen importlib._bootstrap_external>", line 940, in exec_module
  File "<frozen importlib._bootstrap>", line 241, in _call_with_frames_removed
  File "/opt/airflow/dags/futsal_pipeline.py", line 16, in <module>
    from pipeline.data_pipeline import DataPipeline
  File "/opt/airflow/pipeline/data_pipeline.py", line 1, in <module>
    from components.data_ingestion import DataIngestion
  File "/opt/airflow/components/data_ingestion.py", line 2, in <module>
    from db.db_connection import DB
ModuleNotFoundError: No module named 'db'
[2026-06-15T10:51:34.945+0000] {processor.py:842} WARNING - No viable dags retrieved from /opt/airflow/dags/futsal_pipeline.py
[2026-06-15T10:51:34.973+0000] {processor.py:183} INFO - Processing /opt/airflow/dags/futsal_pipeline.py took 0.341 seconds
[2026-06-15T10:52:05.223+0000] {processor.py:161} INFO - Started process (PID=4696) to work on /opt/airflow/dags/futsal_pipeline.py
[2026-06-15T10:52:05.224+0000] {processor.py:830} INFO - Processing file /opt/airflow/dags/futsal_pipeline.py for tasks to queue
[2026-06-15T10:52:05.225+0000] {logging_mixin.py:188} INFO - [2026-06-15T10:52:05.225+0000] {dagbag.py:545} INFO - Filling up the DagBag from /opt/airflow/dags/futsal_pipeline.py
[2026-06-15T10:52:05.523+0000] {logging_mixin.py:188} INFO - [2026-06-15T10:52:05.514+0000] {dagbag.py:355} ERROR - Failed to import: /opt/airflow/dags/futsal_pipeline.py
Traceback (most recent call last):
  File "/home/airflow/.local/lib/python3.11/site-packages/airflow/models/dagbag.py", line 351, in parse
    loader.exec_module(new_module)
  File "<frozen importlib._bootstrap_external>", line 940, in exec_module
  File "<frozen importlib._bootstrap>", line 241, in _call_with_frames_removed
  File "/opt/airflow/dags/futsal_pipeline.py", line 16, in <module>
    from pipeline.data_pipeline import DataPipeline
  File "/opt/airflow/pipeline/data_pipeline.py", line 1, in <module>
    from components.data_ingestion import DataIngestion
  File "/opt/airflow/components/data_ingestion.py", line 2, in <module>
    from db.db_connection import DB
ModuleNotFoundError: No module named 'db'
[2026-06-15T10:52:05.525+0000] {processor.py:842} WARNING - No viable dags retrieved from /opt/airflow/dags/futsal_pipeline.py
[2026-06-15T10:52:05.542+0000] {processor.py:183} INFO - Processing /opt/airflow/dags/futsal_pipeline.py took 0.324 seconds
[2026-06-15T10:52:35.772+0000] {processor.py:161} INFO - Started process (PID=4708) to work on /opt/airflow/dags/futsal_pipeline.py
[2026-06-15T10:52:35.774+0000] {processor.py:830} INFO - Processing file /opt/airflow/dags/futsal_pipeline.py for tasks to queue
[2026-06-15T10:52:35.776+0000] {logging_mixin.py:188} INFO - [2026-06-15T10:52:35.775+0000] {dagbag.py:545} INFO - Filling up the DagBag from /opt/airflow/dags/futsal_pipeline.py
[2026-06-15T10:52:36.132+0000] {logging_mixin.py:188} INFO - [2026-06-15T10:52:36.121+0000] {dagbag.py:355} ERROR - Failed to import: /opt/airflow/dags/futsal_pipeline.py
Traceback (most recent call last):
  File "/home/airflow/.local/lib/python3.11/site-packages/airflow/models/dagbag.py", line 351, in parse
    loader.exec_module(new_module)
  File "<frozen importlib._bootstrap_external>", line 940, in exec_module
  File "<frozen importlib._bootstrap>", line 241, in _call_with_frames_removed
  File "/opt/airflow/dags/futsal_pipeline.py", line 16, in <module>
    from pipeline.data_pipeline import DataPipeline
  File "/opt/airflow/pipeline/data_pipeline.py", line 1, in <module>
    from components.data_ingestion import DataIngestion
  File "/opt/airflow/components/data_ingestion.py", line 2, in <module>
    from db.db_connection import DB
ModuleNotFoundError: No module named 'db'
[2026-06-15T10:52:36.133+0000] {processor.py:842} WARNING - No viable dags retrieved from /opt/airflow/dags/futsal_pipeline.py
[2026-06-15T10:52:36.161+0000] {processor.py:183} INFO - Processing /opt/airflow/dags/futsal_pipeline.py took 0.397 seconds
[2026-06-15T10:53:06.414+0000] {processor.py:161} INFO - Started process (PID=4720) to work on /opt/airflow/dags/futsal_pipeline.py
[2026-06-15T10:53:06.415+0000] {processor.py:830} INFO - Processing file /opt/airflow/dags/futsal_pipeline.py for tasks to queue
[2026-06-15T10:53:06.416+0000] {logging_mixin.py:188} INFO - [2026-06-15T10:53:06.415+0000] {dagbag.py:545} INFO - Filling up the DagBag from /opt/airflow/dags/futsal_pipeline.py
[2026-06-15T10:53:06.705+0000] {logging_mixin.py:188} INFO - [2026-06-15T10:53:06.694+0000] {dagbag.py:355} ERROR - Failed to import: /opt/airflow/dags/futsal_pipeline.py
Traceback (most recent call last):
  File "/home/airflow/.local/lib/python3.11/site-packages/airflow/models/dagbag.py", line 351, in parse
    loader.exec_module(new_module)
  File "<frozen importlib._bootstrap_external>", line 940, in exec_module
  File "<frozen importlib._bootstrap>", line 241, in _call_with_frames_removed
  File "/opt/airflow/dags/futsal_pipeline.py", line 16, in <module>
    from pipeline.data_pipeline import DataPipeline
  File "/opt/airflow/pipeline/data_pipeline.py", line 1, in <module>
    from components.data_ingestion import DataIngestion
  File "/opt/airflow/components/data_ingestion.py", line 2, in <module>
    from db.db_connection import DB
ModuleNotFoundError: No module named 'db'
[2026-06-15T10:53:06.707+0000] {processor.py:842} WARNING - No viable dags retrieved from /opt/airflow/dags/futsal_pipeline.py
[2026-06-15T10:53:06.736+0000] {processor.py:183} INFO - Processing /opt/airflow/dags/futsal_pipeline.py took 0.327 seconds
[2026-06-15T10:53:37.005+0000] {processor.py:161} INFO - Started process (PID=4732) to work on /opt/airflow/dags/futsal_pipeline.py
[2026-06-15T10:53:37.006+0000] {processor.py:830} INFO - Processing file /opt/airflow/dags/futsal_pipeline.py for tasks to queue
[2026-06-15T10:53:37.007+0000] {logging_mixin.py:188} INFO - [2026-06-15T10:53:37.007+0000] {dagbag.py:545} INFO - Filling up the DagBag from /opt/airflow/dags/futsal_pipeline.py
[2026-06-15T10:53:37.318+0000] {logging_mixin.py:188} INFO - [2026-06-15T10:53:37.307+0000] {dagbag.py:355} ERROR - Failed to import: /opt/airflow/dags/futsal_pipeline.py
Traceback (most recent call last):
  File "/home/airflow/.local/lib/python3.11/site-packages/airflow/models/dagbag.py", line 351, in parse
    loader.exec_module(new_module)
  File "<frozen importlib._bootstrap_external>", line 940, in exec_module
  File "<frozen importlib._bootstrap>", line 241, in _call_with_frames_removed
  File "/opt/airflow/dags/futsal_pipeline.py", line 16, in <module>
    from pipeline.data_pipeline import DataPipeline
  File "/opt/airflow/pipeline/data_pipeline.py", line 1, in <module>
    from components.data_ingestion import DataIngestion
  File "/opt/airflow/components/data_ingestion.py", line 2, in <module>
    from db.db_connection import DB
ModuleNotFoundError: No module named 'db'
[2026-06-15T10:53:37.320+0000] {processor.py:842} WARNING - No viable dags retrieved from /opt/airflow/dags/futsal_pipeline.py
[2026-06-15T10:53:37.347+0000] {processor.py:183} INFO - Processing /opt/airflow/dags/futsal_pipeline.py took 0.348 seconds
[2026-06-15T10:54:07.569+0000] {processor.py:161} INFO - Started process (PID=4744) to work on /opt/airflow/dags/futsal_pipeline.py
[2026-06-15T10:54:07.570+0000] {processor.py:830} INFO - Processing file /opt/airflow/dags/futsal_pipeline.py for tasks to queue
[2026-06-15T10:54:07.570+0000] {logging_mixin.py:188} INFO - [2026-06-15T10:54:07.570+0000] {dagbag.py:545} INFO - Filling up the DagBag from /opt/airflow/dags/futsal_pipeline.py
[2026-06-15T10:54:07.871+0000] {logging_mixin.py:188} INFO - [2026-06-15T10:54:07.860+0000] {dagbag.py:355} ERROR - Failed to import: /opt/airflow/dags/futsal_pipeline.py
Traceback (most recent call last):
  File "/home/airflow/.local/lib/python3.11/site-packages/airflow/models/dagbag.py", line 351, in parse
    loader.exec_module(new_module)
  File "<frozen importlib._bootstrap_external>", line 940, in exec_module
  File "<frozen importlib._bootstrap>", line 241, in _call_with_frames_removed
  File "/opt/airflow/dags/futsal_pipeline.py", line 16, in <module>
    from pipeline.data_pipeline import DataPipeline
  File "/opt/airflow/pipeline/data_pipeline.py", line 1, in <module>
    from components.data_ingestion import DataIngestion
  File "/opt/airflow/components/data_ingestion.py", line 2, in <module>
    from db.db_connection import DB
ModuleNotFoundError: No module named 'db'
[2026-06-15T10:54:07.873+0000] {processor.py:842} WARNING - No viable dags retrieved from /opt/airflow/dags/futsal_pipeline.py
[2026-06-15T10:54:07.900+0000] {processor.py:183} INFO - Processing /opt/airflow/dags/futsal_pipeline.py took 0.337 seconds
[2026-06-15T10:54:38.111+0000] {processor.py:161} INFO - Started process (PID=4756) to work on /opt/airflow/dags/futsal_pipeline.py
[2026-06-15T10:54:38.112+0000] {processor.py:830} INFO - Processing file /opt/airflow/dags/futsal_pipeline.py for tasks to queue
[2026-06-15T10:54:38.113+0000] {logging_mixin.py:188} INFO - [2026-06-15T10:54:38.112+0000] {dagbag.py:545} INFO - Filling up the DagBag from /opt/airflow/dags/futsal_pipeline.py
[2026-06-15T10:54:38.416+0000] {logging_mixin.py:188} INFO - [2026-06-15T10:54:38.405+0000] {dagbag.py:355} ERROR - Failed to import: /opt/airflow/dags/futsal_pipeline.py
Traceback (most recent call last):
  File "/home/airflow/.local/lib/python3.11/site-packages/airflow/models/dagbag.py", line 351, in parse
    loader.exec_module(new_module)
  File "<frozen importlib._bootstrap_external>", line 940, in exec_module
  File "<frozen importlib._bootstrap>", line 241, in _call_with_frames_removed
  File "/opt/airflow/dags/futsal_pipeline.py", line 16, in <module>
    from pipeline.data_pipeline import DataPipeline
  File "/opt/airflow/pipeline/data_pipeline.py", line 1, in <module>
    from components.data_ingestion import DataIngestion
  File "/opt/airflow/components/data_ingestion.py", line 2, in <module>
    from db.db_connection import DB
ModuleNotFoundError: No module named 'db'
[2026-06-15T10:54:38.418+0000] {processor.py:842} WARNING - No viable dags retrieved from /opt/airflow/dags/futsal_pipeline.py
[2026-06-15T10:54:38.437+0000] {processor.py:183} INFO - Processing /opt/airflow/dags/futsal_pipeline.py took 0.331 seconds
[2026-06-15T10:55:08.686+0000] {processor.py:161} INFO - Started process (PID=4768) to work on /opt/airflow/dags/futsal_pipeline.py
[2026-06-15T10:55:08.687+0000] {processor.py:830} INFO - Processing file /opt/airflow/dags/futsal_pipeline.py for tasks to queue
[2026-06-15T10:55:08.689+0000] {logging_mixin.py:188} INFO - [2026-06-15T10:55:08.688+0000] {dagbag.py:545} INFO - Filling up the DagBag from /opt/airflow/dags/futsal_pipeline.py
[2026-06-15T10:55:09.052+0000] {logging_mixin.py:188} INFO - [2026-06-15T10:55:09.041+0000] {dagbag.py:355} ERROR - Failed to import: /opt/airflow/dags/futsal_pipeline.py
Traceback (most recent call last):
  File "/home/airflow/.local/lib/python3.11/site-packages/airflow/models/dagbag.py", line 351, in parse
    loader.exec_module(new_module)
  File "<frozen importlib._bootstrap_external>", line 940, in exec_module
  File "<frozen importlib._bootstrap>", line 241, in _call_with_frames_removed
  File "/opt/airflow/dags/futsal_pipeline.py", line 16, in <module>
    from pipeline.data_pipeline import DataPipeline
  File "/opt/airflow/pipeline/data_pipeline.py", line 1, in <module>
    from components.data_ingestion import DataIngestion
  File "/opt/airflow/components/data_ingestion.py", line 2, in <module>
    from db.db_connection import DB
ModuleNotFoundError: No module named 'db'
[2026-06-15T10:55:09.055+0000] {processor.py:842} WARNING - No viable dags retrieved from /opt/airflow/dags/futsal_pipeline.py
[2026-06-15T10:55:09.079+0000] {processor.py:183} INFO - Processing /opt/airflow/dags/futsal_pipeline.py took 0.400 seconds
[2026-06-15T10:55:39.322+0000] {processor.py:161} INFO - Started process (PID=4780) to work on /opt/airflow/dags/futsal_pipeline.py
[2026-06-15T10:55:39.323+0000] {processor.py:830} INFO - Processing file /opt/airflow/dags/futsal_pipeline.py for tasks to queue
[2026-06-15T10:55:39.324+0000] {logging_mixin.py:188} INFO - [2026-06-15T10:55:39.324+0000] {dagbag.py:545} INFO - Filling up the DagBag from /opt/airflow/dags/futsal_pipeline.py
[2026-06-15T10:55:39.642+0000] {logging_mixin.py:188} INFO - [2026-06-15T10:55:39.633+0000] {dagbag.py:355} ERROR - Failed to import: /opt/airflow/dags/futsal_pipeline.py
Traceback (most recent call last):
  File "/home/airflow/.local/lib/python3.11/site-packages/airflow/models/dagbag.py", line 351, in parse
    loader.exec_module(new_module)
  File "<frozen importlib._bootstrap_external>", line 940, in exec_module
  File "<frozen importlib._bootstrap>", line 241, in _call_with_frames_removed
  File "/opt/airflow/dags/futsal_pipeline.py", line 16, in <module>
    from pipeline.data_pipeline import DataPipeline
  File "/opt/airflow/pipeline/data_pipeline.py", line 1, in <module>
    from components.data_ingestion import DataIngestion
  File "/opt/airflow/components/data_ingestion.py", line 2, in <module>
    from db.db_connection import DB
ModuleNotFoundError: No module named 'db'
[2026-06-15T10:55:39.643+0000] {processor.py:842} WARNING - No viable dags retrieved from /opt/airflow/dags/futsal_pipeline.py
[2026-06-15T10:55:39.671+0000] {processor.py:183} INFO - Processing /opt/airflow/dags/futsal_pipeline.py took 0.355 seconds
[2026-06-15T10:56:09.915+0000] {processor.py:161} INFO - Started process (PID=4792) to work on /opt/airflow/dags/futsal_pipeline.py
[2026-06-15T10:56:09.916+0000] {processor.py:830} INFO - Processing file /opt/airflow/dags/futsal_pipeline.py for tasks to queue
[2026-06-15T10:56:09.917+0000] {logging_mixin.py:188} INFO - [2026-06-15T10:56:09.917+0000] {dagbag.py:545} INFO - Filling up the DagBag from /opt/airflow/dags/futsal_pipeline.py
[2026-06-15T10:56:10.226+0000] {logging_mixin.py:188} INFO - [2026-06-15T10:56:10.217+0000] {dagbag.py:355} ERROR - Failed to import: /opt/airflow/dags/futsal_pipeline.py
Traceback (most recent call last):
  File "/home/airflow/.local/lib/python3.11/site-packages/airflow/models/dagbag.py", line 351, in parse
    loader.exec_module(new_module)
  File "<frozen importlib._bootstrap_external>", line 940, in exec_module
  File "<frozen importlib._bootstrap>", line 241, in _call_with_frames_removed
  File "/opt/airflow/dags/futsal_pipeline.py", line 16, in <module>
    from pipeline.data_pipeline import DataPipeline
  File "/opt/airflow/pipeline/data_pipeline.py", line 1, in <module>
    from components.data_ingestion import DataIngestion
  File "/opt/airflow/components/data_ingestion.py", line 2, in <module>
    from db.db_connection import DB
ModuleNotFoundError: No module named 'db'
[2026-06-15T10:56:10.228+0000] {processor.py:842} WARNING - No viable dags retrieved from /opt/airflow/dags/futsal_pipeline.py
[2026-06-15T10:56:10.257+0000] {processor.py:183} INFO - Processing /opt/airflow/dags/futsal_pipeline.py took 0.347 seconds
[2026-06-15T10:56:40.478+0000] {processor.py:161} INFO - Started process (PID=4804) to work on /opt/airflow/dags/futsal_pipeline.py
[2026-06-15T10:56:40.479+0000] {processor.py:830} INFO - Processing file /opt/airflow/dags/futsal_pipeline.py for tasks to queue
[2026-06-15T10:56:40.481+0000] {logging_mixin.py:188} INFO - [2026-06-15T10:56:40.480+0000] {dagbag.py:545} INFO - Filling up the DagBag from /opt/airflow/dags/futsal_pipeline.py
[2026-06-15T10:56:40.908+0000] {logging_mixin.py:188} INFO - [2026-06-15T10:56:40.893+0000] {dagbag.py:355} ERROR - Failed to import: /opt/airflow/dags/futsal_pipeline.py
Traceback (most recent call last):
  File "/home/airflow/.local/lib/python3.11/site-packages/airflow/models/dagbag.py", line 351, in parse
    loader.exec_module(new_module)
  File "<frozen importlib._bootstrap_external>", line 940, in exec_module
  File "<frozen importlib._bootstrap>", line 241, in _call_with_frames_removed
  File "/opt/airflow/dags/futsal_pipeline.py", line 16, in <module>
    from pipeline.data_pipeline import DataPipeline
  File "/opt/airflow/pipeline/data_pipeline.py", line 1, in <module>
    from components.data_ingestion import DataIngestion
  File "/opt/airflow/components/data_ingestion.py", line 2, in <module>
    from db.db_connection import DB
ModuleNotFoundError: No module named 'db'
[2026-06-15T10:56:40.910+0000] {processor.py:842} WARNING - No viable dags retrieved from /opt/airflow/dags/futsal_pipeline.py
[2026-06-15T10:56:40.930+0000] {processor.py:183} INFO - Processing /opt/airflow/dags/futsal_pipeline.py took 0.457 seconds
[2026-06-15T10:57:11.158+0000] {processor.py:161} INFO - Started process (PID=4816) to work on /opt/airflow/dags/futsal_pipeline.py
[2026-06-15T10:57:11.160+0000] {processor.py:830} INFO - Processing file /opt/airflow/dags/futsal_pipeline.py for tasks to queue
[2026-06-15T10:57:11.161+0000] {logging_mixin.py:188} INFO - [2026-06-15T10:57:11.161+0000] {dagbag.py:545} INFO - Filling up the DagBag from /opt/airflow/dags/futsal_pipeline.py
[2026-06-15T10:57:11.534+0000] {logging_mixin.py:188} INFO - [2026-06-15T10:57:11.524+0000] {dagbag.py:355} ERROR - Failed to import: /opt/airflow/dags/futsal_pipeline.py
Traceback (most recent call last):
  File "/home/airflow/.local/lib/python3.11/site-packages/airflow/models/dagbag.py", line 351, in parse
    loader.exec_module(new_module)
  File "<frozen importlib._bootstrap_external>", line 940, in exec_module
  File "<frozen importlib._bootstrap>", line 241, in _call_with_frames_removed
  File "/opt/airflow/dags/futsal_pipeline.py", line 16, in <module>
    from pipeline.data_pipeline import DataPipeline
  File "/opt/airflow/pipeline/data_pipeline.py", line 1, in <module>
    from components.data_ingestion import DataIngestion
  File "/opt/airflow/components/data_ingestion.py", line 2, in <module>
    from db.db_connection import DB
ModuleNotFoundError: No module named 'db'
[2026-06-15T10:57:11.537+0000] {processor.py:842} WARNING - No viable dags retrieved from /opt/airflow/dags/futsal_pipeline.py
[2026-06-15T10:57:11.565+0000] {processor.py:183} INFO - Processing /opt/airflow/dags/futsal_pipeline.py took 0.416 seconds
[2026-06-15T10:57:41.829+0000] {processor.py:161} INFO - Started process (PID=4828) to work on /opt/airflow/dags/futsal_pipeline.py
[2026-06-15T10:57:41.830+0000] {processor.py:830} INFO - Processing file /opt/airflow/dags/futsal_pipeline.py for tasks to queue
[2026-06-15T10:57:41.830+0000] {logging_mixin.py:188} INFO - [2026-06-15T10:57:41.830+0000] {dagbag.py:545} INFO - Filling up the DagBag from /opt/airflow/dags/futsal_pipeline.py
[2026-06-15T10:57:42.155+0000] {logging_mixin.py:188} INFO - [2026-06-15T10:57:42.145+0000] {dagbag.py:355} ERROR - Failed to import: /opt/airflow/dags/futsal_pipeline.py
Traceback (most recent call last):
  File "/home/airflow/.local/lib/python3.11/site-packages/airflow/models/dagbag.py", line 351, in parse
    loader.exec_module(new_module)
  File "<frozen importlib._bootstrap_external>", line 940, in exec_module
  File "<frozen importlib._bootstrap>", line 241, in _call_with_frames_removed
  File "/opt/airflow/dags/futsal_pipeline.py", line 16, in <module>
    from pipeline.data_pipeline import DataPipeline
  File "/opt/airflow/pipeline/data_pipeline.py", line 1, in <module>
    from components.data_ingestion import DataIngestion
  File "/opt/airflow/components/data_ingestion.py", line 2, in <module>
    from db.db_connection import DB
ModuleNotFoundError: No module named 'db'
[2026-06-15T10:57:42.157+0000] {processor.py:842} WARNING - No viable dags retrieved from /opt/airflow/dags/futsal_pipeline.py
[2026-06-15T10:57:42.185+0000] {processor.py:183} INFO - Processing /opt/airflow/dags/futsal_pipeline.py took 0.362 seconds
[2026-06-15T10:58:12.406+0000] {processor.py:161} INFO - Started process (PID=4840) to work on /opt/airflow/dags/futsal_pipeline.py
[2026-06-15T10:58:12.407+0000] {processor.py:830} INFO - Processing file /opt/airflow/dags/futsal_pipeline.py for tasks to queue
[2026-06-15T10:58:12.408+0000] {logging_mixin.py:188} INFO - [2026-06-15T10:58:12.408+0000] {dagbag.py:545} INFO - Filling up the DagBag from /opt/airflow/dags/futsal_pipeline.py
[2026-06-15T10:58:12.741+0000] {logging_mixin.py:188} INFO - [2026-06-15T10:58:12.731+0000] {dagbag.py:355} ERROR - Failed to import: /opt/airflow/dags/futsal_pipeline.py
Traceback (most recent call last):
  File "/home/airflow/.local/lib/python3.11/site-packages/airflow/models/dagbag.py", line 351, in parse
    loader.exec_module(new_module)
  File "<frozen importlib._bootstrap_external>", line 940, in exec_module
  File "<frozen importlib._bootstrap>", line 241, in _call_with_frames_removed
  File "/opt/airflow/dags/futsal_pipeline.py", line 16, in <module>
    from pipeline.data_pipeline import DataPipeline
  File "/opt/airflow/pipeline/data_pipeline.py", line 1, in <module>
    from components.data_ingestion import DataIngestion
  File "/opt/airflow/components/data_ingestion.py", line 2, in <module>
    from db.db_connection import DB
ModuleNotFoundError: No module named 'db'
[2026-06-15T10:58:12.743+0000] {processor.py:842} WARNING - No viable dags retrieved from /opt/airflow/dags/futsal_pipeline.py
[2026-06-15T10:58:12.770+0000] {processor.py:183} INFO - Processing /opt/airflow/dags/futsal_pipeline.py took 0.370 seconds
[2026-06-15T10:58:42.972+0000] {processor.py:161} INFO - Started process (PID=4852) to work on /opt/airflow/dags/futsal_pipeline.py
[2026-06-15T10:58:42.973+0000] {processor.py:830} INFO - Processing file /opt/airflow/dags/futsal_pipeline.py for tasks to queue
[2026-06-15T10:58:42.974+0000] {logging_mixin.py:188} INFO - [2026-06-15T10:58:42.974+0000] {dagbag.py:545} INFO - Filling up the DagBag from /opt/airflow/dags/futsal_pipeline.py
[2026-06-15T10:58:43.388+0000] {logging_mixin.py:188} INFO - [2026-06-15T10:58:43.375+0000] {dagbag.py:355} ERROR - Failed to import: /opt/airflow/dags/futsal_pipeline.py
Traceback (most recent call last):
  File "/home/airflow/.local/lib/python3.11/site-packages/airflow/models/dagbag.py", line 351, in parse
    loader.exec_module(new_module)
  File "<frozen importlib._bootstrap_external>", line 940, in exec_module
  File "<frozen importlib._bootstrap>", line 241, in _call_with_frames_removed
  File "/opt/airflow/dags/futsal_pipeline.py", line 16, in <module>
    from pipeline.data_pipeline import DataPipeline
  File "/opt/airflow/pipeline/data_pipeline.py", line 1, in <module>
    from components.data_ingestion import DataIngestion
  File "/opt/airflow/components/data_ingestion.py", line 2, in <module>
    from db.db_connection import DB
ModuleNotFoundError: No module named 'db'
[2026-06-15T10:58:43.390+0000] {processor.py:842} WARNING - No viable dags retrieved from /opt/airflow/dags/futsal_pipeline.py
[2026-06-15T10:58:43.422+0000] {processor.py:183} INFO - Processing /opt/airflow/dags/futsal_pipeline.py took 0.456 seconds
[2026-06-15T10:59:13.625+0000] {processor.py:161} INFO - Started process (PID=4864) to work on /opt/airflow/dags/futsal_pipeline.py
[2026-06-15T10:59:13.627+0000] {processor.py:830} INFO - Processing file /opt/airflow/dags/futsal_pipeline.py for tasks to queue
[2026-06-15T10:59:13.628+0000] {logging_mixin.py:188} INFO - [2026-06-15T10:59:13.627+0000] {dagbag.py:545} INFO - Filling up the DagBag from /opt/airflow/dags/futsal_pipeline.py
[2026-06-15T10:59:13.978+0000] {logging_mixin.py:188} INFO - [2026-06-15T10:59:13.967+0000] {dagbag.py:355} ERROR - Failed to import: /opt/airflow/dags/futsal_pipeline.py
Traceback (most recent call last):
  File "/home/airflow/.local/lib/python3.11/site-packages/airflow/models/dagbag.py", line 351, in parse
    loader.exec_module(new_module)
  File "<frozen importlib._bootstrap_external>", line 940, in exec_module
  File "<frozen importlib._bootstrap>", line 241, in _call_with_frames_removed
  File "/opt/airflow/dags/futsal_pipeline.py", line 16, in <module>
    from pipeline.data_pipeline import DataPipeline
  File "/opt/airflow/pipeline/data_pipeline.py", line 1, in <module>
    from components.data_ingestion import DataIngestion
  File "/opt/airflow/components/data_ingestion.py", line 2, in <module>
    from db.db_connection import DB
ModuleNotFoundError: No module named 'db'
[2026-06-15T10:59:13.981+0000] {processor.py:842} WARNING - No viable dags retrieved from /opt/airflow/dags/futsal_pipeline.py
[2026-06-15T10:59:14.010+0000] {processor.py:183} INFO - Processing /opt/airflow/dags/futsal_pipeline.py took 0.391 seconds
[2026-06-15T10:59:44.216+0000] {processor.py:161} INFO - Started process (PID=4876) to work on /opt/airflow/dags/futsal_pipeline.py
[2026-06-15T10:59:44.217+0000] {processor.py:830} INFO - Processing file /opt/airflow/dags/futsal_pipeline.py for tasks to queue
[2026-06-15T10:59:44.218+0000] {logging_mixin.py:188} INFO - [2026-06-15T10:59:44.218+0000] {dagbag.py:545} INFO - Filling up the DagBag from /opt/airflow/dags/futsal_pipeline.py
[2026-06-15T10:59:44.521+0000] {logging_mixin.py:188} INFO - [2026-06-15T10:59:44.512+0000] {dagbag.py:355} ERROR - Failed to import: /opt/airflow/dags/futsal_pipeline.py
Traceback (most recent call last):
  File "/home/airflow/.local/lib/python3.11/site-packages/airflow/models/dagbag.py", line 351, in parse
    loader.exec_module(new_module)
  File "<frozen importlib._bootstrap_external>", line 940, in exec_module
  File "<frozen importlib._bootstrap>", line 241, in _call_with_frames_removed
  File "/opt/airflow/dags/futsal_pipeline.py", line 16, in <module>
    from pipeline.data_pipeline import DataPipeline
  File "/opt/airflow/pipeline/data_pipeline.py", line 1, in <module>
    from components.data_ingestion import DataIngestion
  File "/opt/airflow/components/data_ingestion.py", line 2, in <module>
    from db.db_connection import DB
ModuleNotFoundError: No module named 'db'
[2026-06-15T10:59:44.522+0000] {processor.py:842} WARNING - No viable dags retrieved from /opt/airflow/dags/futsal_pipeline.py
[2026-06-15T10:59:44.550+0000] {processor.py:183} INFO - Processing /opt/airflow/dags/futsal_pipeline.py took 0.340 seconds
[2026-06-15T11:00:14.815+0000] {processor.py:161} INFO - Started process (PID=4888) to work on /opt/airflow/dags/futsal_pipeline.py
[2026-06-15T11:00:14.816+0000] {processor.py:830} INFO - Processing file /opt/airflow/dags/futsal_pipeline.py for tasks to queue
[2026-06-15T11:00:14.818+0000] {logging_mixin.py:188} INFO - [2026-06-15T11:00:14.817+0000] {dagbag.py:545} INFO - Filling up the DagBag from /opt/airflow/dags/futsal_pipeline.py
[2026-06-15T11:00:15.172+0000] {logging_mixin.py:188} INFO - [2026-06-15T11:00:15.160+0000] {dagbag.py:355} ERROR - Failed to import: /opt/airflow/dags/futsal_pipeline.py
Traceback (most recent call last):
  File "/home/airflow/.local/lib/python3.11/site-packages/airflow/models/dagbag.py", line 351, in parse
    loader.exec_module(new_module)
  File "<frozen importlib._bootstrap_external>", line 940, in exec_module
  File "<frozen importlib._bootstrap>", line 241, in _call_with_frames_removed
  File "/opt/airflow/dags/futsal_pipeline.py", line 16, in <module>
    from pipeline.data_pipeline import DataPipeline
  File "/opt/airflow/pipeline/data_pipeline.py", line 1, in <module>
    from components.data_ingestion import DataIngestion
  File "/opt/airflow/components/data_ingestion.py", line 2, in <module>
    from db.db_connection import DB
ModuleNotFoundError: No module named 'db'
[2026-06-15T11:00:15.175+0000] {processor.py:842} WARNING - No viable dags retrieved from /opt/airflow/dags/futsal_pipeline.py
[2026-06-15T11:00:15.192+0000] {processor.py:183} INFO - Processing /opt/airflow/dags/futsal_pipeline.py took 0.384 seconds
[2026-06-15T11:00:45.392+0000] {processor.py:161} INFO - Started process (PID=4900) to work on /opt/airflow/dags/futsal_pipeline.py
[2026-06-15T11:00:45.393+0000] {processor.py:830} INFO - Processing file /opt/airflow/dags/futsal_pipeline.py for tasks to queue
[2026-06-15T11:00:45.394+0000] {logging_mixin.py:188} INFO - [2026-06-15T11:00:45.393+0000] {dagbag.py:545} INFO - Filling up the DagBag from /opt/airflow/dags/futsal_pipeline.py
[2026-06-15T11:00:45.719+0000] {logging_mixin.py:188} INFO - [2026-06-15T11:00:45.707+0000] {dagbag.py:355} ERROR - Failed to import: /opt/airflow/dags/futsal_pipeline.py
Traceback (most recent call last):
  File "/home/airflow/.local/lib/python3.11/site-packages/airflow/models/dagbag.py", line 351, in parse
    loader.exec_module(new_module)
  File "<frozen importlib._bootstrap_external>", line 940, in exec_module
  File "<frozen importlib._bootstrap>", line 241, in _call_with_frames_removed
  File "/opt/airflow/dags/futsal_pipeline.py", line 16, in <module>
    from pipeline.data_pipeline import DataPipeline
  File "/opt/airflow/pipeline/data_pipeline.py", line 1, in <module>
    from components.data_ingestion import DataIngestion
  File "/opt/airflow/components/data_ingestion.py", line 2, in <module>
    from db.db_connection import DB
ModuleNotFoundError: No module named 'db'
[2026-06-15T11:00:45.720+0000] {processor.py:842} WARNING - No viable dags retrieved from /opt/airflow/dags/futsal_pipeline.py
[2026-06-15T11:00:45.749+0000] {processor.py:183} INFO - Processing /opt/airflow/dags/futsal_pipeline.py took 0.363 seconds
[2026-06-15T11:01:15.974+0000] {processor.py:161} INFO - Started process (PID=4918) to work on /opt/airflow/dags/futsal_pipeline.py
[2026-06-15T11:01:15.975+0000] {processor.py:830} INFO - Processing file /opt/airflow/dags/futsal_pipeline.py for tasks to queue
[2026-06-15T11:01:15.976+0000] {logging_mixin.py:188} INFO - [2026-06-15T11:01:15.976+0000] {dagbag.py:545} INFO - Filling up the DagBag from /opt/airflow/dags/futsal_pipeline.py
[2026-06-15T11:01:16.319+0000] {logging_mixin.py:188} INFO - [2026-06-15T11:01:16.307+0000] {dagbag.py:355} ERROR - Failed to import: /opt/airflow/dags/futsal_pipeline.py
Traceback (most recent call last):
  File "/home/airflow/.local/lib/python3.11/site-packages/airflow/models/dagbag.py", line 351, in parse
    loader.exec_module(new_module)
  File "<frozen importlib._bootstrap_external>", line 940, in exec_module
  File "<frozen importlib._bootstrap>", line 241, in _call_with_frames_removed
  File "/opt/airflow/dags/futsal_pipeline.py", line 16, in <module>
    from pipeline.data_pipeline import DataPipeline
  File "/opt/airflow/pipeline/data_pipeline.py", line 1, in <module>
    from components.data_ingestion import DataIngestion
  File "/opt/airflow/components/data_ingestion.py", line 2, in <module>
    from db.db_connection import DB
ModuleNotFoundError: No module named 'db'
[2026-06-15T11:01:16.320+0000] {processor.py:842} WARNING - No viable dags retrieved from /opt/airflow/dags/futsal_pipeline.py
[2026-06-15T11:01:16.349+0000] {processor.py:183} INFO - Processing /opt/airflow/dags/futsal_pipeline.py took 0.381 seconds
[2026-06-15T11:01:46.586+0000] {processor.py:161} INFO - Started process (PID=4930) to work on /opt/airflow/dags/futsal_pipeline.py
[2026-06-15T11:01:46.587+0000] {processor.py:830} INFO - Processing file /opt/airflow/dags/futsal_pipeline.py for tasks to queue
[2026-06-15T11:01:46.588+0000] {logging_mixin.py:188} INFO - [2026-06-15T11:01:46.588+0000] {dagbag.py:545} INFO - Filling up the DagBag from /opt/airflow/dags/futsal_pipeline.py
[2026-06-15T11:01:46.902+0000] {logging_mixin.py:188} INFO - [2026-06-15T11:01:46.892+0000] {dagbag.py:355} ERROR - Failed to import: /opt/airflow/dags/futsal_pipeline.py
Traceback (most recent call last):
  File "/home/airflow/.local/lib/python3.11/site-packages/airflow/models/dagbag.py", line 351, in parse
    loader.exec_module(new_module)
  File "<frozen importlib._bootstrap_external>", line 940, in exec_module
  File "<frozen importlib._bootstrap>", line 241, in _call_with_frames_removed
  File "/opt/airflow/dags/futsal_pipeline.py", line 16, in <module>
    from pipeline.data_pipeline import DataPipeline
  File "/opt/airflow/pipeline/data_pipeline.py", line 1, in <module>
    from components.data_ingestion import DataIngestion
  File "/opt/airflow/components/data_ingestion.py", line 2, in <module>
    from db.db_connection import DB
ModuleNotFoundError: No module named 'db'
[2026-06-15T11:01:46.904+0000] {processor.py:842} WARNING - No viable dags retrieved from /opt/airflow/dags/futsal_pipeline.py
[2026-06-15T11:01:46.932+0000] {processor.py:183} INFO - Processing /opt/airflow/dags/futsal_pipeline.py took 0.351 seconds
[2026-06-15T11:02:17.170+0000] {processor.py:161} INFO - Started process (PID=4942) to work on /opt/airflow/dags/futsal_pipeline.py
[2026-06-15T11:02:17.171+0000] {processor.py:830} INFO - Processing file /opt/airflow/dags/futsal_pipeline.py for tasks to queue
[2026-06-15T11:02:17.173+0000] {logging_mixin.py:188} INFO - [2026-06-15T11:02:17.172+0000] {dagbag.py:545} INFO - Filling up the DagBag from /opt/airflow/dags/futsal_pipeline.py
[2026-06-15T11:02:17.571+0000] {logging_mixin.py:188} INFO - [2026-06-15T11:02:17.544+0000] {dagbag.py:355} ERROR - Failed to import: /opt/airflow/dags/futsal_pipeline.py
Traceback (most recent call last):
  File "/home/airflow/.local/lib/python3.11/site-packages/airflow/models/dagbag.py", line 351, in parse
    loader.exec_module(new_module)
  File "<frozen importlib._bootstrap_external>", line 940, in exec_module
  File "<frozen importlib._bootstrap>", line 241, in _call_with_frames_removed
  File "/opt/airflow/dags/futsal_pipeline.py", line 16, in <module>
    from pipeline.data_pipeline import DataPipeline
  File "/opt/airflow/pipeline/data_pipeline.py", line 1, in <module>
    from components.data_ingestion import DataIngestion
  File "/opt/airflow/components/data_ingestion.py", line 2, in <module>
    from db.db_connection import DB
ModuleNotFoundError: No module named 'db'
[2026-06-15T11:02:17.574+0000] {processor.py:842} WARNING - No viable dags retrieved from /opt/airflow/dags/futsal_pipeline.py
[2026-06-15T11:02:17.592+0000] {processor.py:183} INFO - Processing /opt/airflow/dags/futsal_pipeline.py took 0.429 seconds
[2026-06-15T11:02:47.811+0000] {processor.py:161} INFO - Started process (PID=4954) to work on /opt/airflow/dags/futsal_pipeline.py
[2026-06-15T11:02:47.813+0000] {processor.py:830} INFO - Processing file /opt/airflow/dags/futsal_pipeline.py for tasks to queue
[2026-06-15T11:02:47.814+0000] {logging_mixin.py:188} INFO - [2026-06-15T11:02:47.813+0000] {dagbag.py:545} INFO - Filling up the DagBag from /opt/airflow/dags/futsal_pipeline.py
[2026-06-15T11:02:48.169+0000] {logging_mixin.py:188} INFO - [2026-06-15T11:02:48.157+0000] {dagbag.py:355} ERROR - Failed to import: /opt/airflow/dags/futsal_pipeline.py
Traceback (most recent call last):
  File "/home/airflow/.local/lib/python3.11/site-packages/airflow/models/dagbag.py", line 351, in parse
    loader.exec_module(new_module)
  File "<frozen importlib._bootstrap_external>", line 940, in exec_module
  File "<frozen importlib._bootstrap>", line 241, in _call_with_frames_removed
  File "/opt/airflow/dags/futsal_pipeline.py", line 16, in <module>
    from pipeline.data_pipeline import DataPipeline
  File "/opt/airflow/pipeline/data_pipeline.py", line 1, in <module>
    from components.data_ingestion import DataIngestion
  File "/opt/airflow/components/data_ingestion.py", line 2, in <module>
    from db.db_connection import DB
ModuleNotFoundError: No module named 'db'
[2026-06-15T11:02:48.171+0000] {processor.py:842} WARNING - No viable dags retrieved from /opt/airflow/dags/futsal_pipeline.py
[2026-06-15T11:02:48.204+0000] {processor.py:183} INFO - Processing /opt/airflow/dags/futsal_pipeline.py took 0.401 seconds
[2026-06-15T11:03:18.407+0000] {processor.py:161} INFO - Started process (PID=4966) to work on /opt/airflow/dags/futsal_pipeline.py
[2026-06-15T11:03:18.409+0000] {processor.py:830} INFO - Processing file /opt/airflow/dags/futsal_pipeline.py for tasks to queue
[2026-06-15T11:03:18.410+0000] {logging_mixin.py:188} INFO - [2026-06-15T11:03:18.409+0000] {dagbag.py:545} INFO - Filling up the DagBag from /opt/airflow/dags/futsal_pipeline.py
[2026-06-15T11:03:18.747+0000] {logging_mixin.py:188} INFO - [2026-06-15T11:03:18.734+0000] {dagbag.py:355} ERROR - Failed to import: /opt/airflow/dags/futsal_pipeline.py
Traceback (most recent call last):
  File "/home/airflow/.local/lib/python3.11/site-packages/airflow/models/dagbag.py", line 351, in parse
    loader.exec_module(new_module)
  File "<frozen importlib._bootstrap_external>", line 940, in exec_module
  File "<frozen importlib._bootstrap>", line 241, in _call_with_frames_removed
  File "/opt/airflow/dags/futsal_pipeline.py", line 16, in <module>
    from pipeline.data_pipeline import DataPipeline
  File "/opt/airflow/pipeline/data_pipeline.py", line 1, in <module>
    from components.data_ingestion import DataIngestion
  File "/opt/airflow/components/data_ingestion.py", line 2, in <module>
    from db.db_connection import DB
ModuleNotFoundError: No module named 'db'
[2026-06-15T11:03:18.749+0000] {processor.py:842} WARNING - No viable dags retrieved from /opt/airflow/dags/futsal_pipeline.py
[2026-06-15T11:03:18.779+0000] {processor.py:183} INFO - Processing /opt/airflow/dags/futsal_pipeline.py took 0.379 seconds
[2026-06-15T11:03:48.995+0000] {processor.py:161} INFO - Started process (PID=4978) to work on /opt/airflow/dags/futsal_pipeline.py
[2026-06-15T11:03:48.996+0000] {processor.py:830} INFO - Processing file /opt/airflow/dags/futsal_pipeline.py for tasks to queue
[2026-06-15T11:03:48.997+0000] {logging_mixin.py:188} INFO - [2026-06-15T11:03:48.997+0000] {dagbag.py:545} INFO - Filling up the DagBag from /opt/airflow/dags/futsal_pipeline.py
[2026-06-15T11:03:49.402+0000] {logging_mixin.py:188} INFO - [2026-06-15T11:03:49.391+0000] {dagbag.py:355} ERROR - Failed to import: /opt/airflow/dags/futsal_pipeline.py
Traceback (most recent call last):
  File "/home/airflow/.local/lib/python3.11/site-packages/airflow/models/dagbag.py", line 351, in parse
    loader.exec_module(new_module)
  File "<frozen importlib._bootstrap_external>", line 940, in exec_module
  File "<frozen importlib._bootstrap>", line 241, in _call_with_frames_removed
  File "/opt/airflow/dags/futsal_pipeline.py", line 16, in <module>
    from pipeline.data_pipeline import DataPipeline
  File "/opt/airflow/pipeline/data_pipeline.py", line 1, in <module>
    from components.data_ingestion import DataIngestion
  File "/opt/airflow/components/data_ingestion.py", line 2, in <module>
    from db.db_connection import DB
ModuleNotFoundError: No module named 'db'
[2026-06-15T11:03:49.405+0000] {processor.py:842} WARNING - No viable dags retrieved from /opt/airflow/dags/futsal_pipeline.py
[2026-06-15T11:03:49.437+0000] {processor.py:183} INFO - Processing /opt/airflow/dags/futsal_pipeline.py took 0.448 seconds
[2026-06-15T11:04:19.679+0000] {processor.py:161} INFO - Started process (PID=4990) to work on /opt/airflow/dags/futsal_pipeline.py
[2026-06-15T11:04:19.680+0000] {processor.py:830} INFO - Processing file /opt/airflow/dags/futsal_pipeline.py for tasks to queue
[2026-06-15T11:04:19.681+0000] {logging_mixin.py:188} INFO - [2026-06-15T11:04:19.680+0000] {dagbag.py:545} INFO - Filling up the DagBag from /opt/airflow/dags/futsal_pipeline.py
[2026-06-15T11:04:19.984+0000] {logging_mixin.py:188} INFO - [2026-06-15T11:04:19.974+0000] {dagbag.py:355} ERROR - Failed to import: /opt/airflow/dags/futsal_pipeline.py
Traceback (most recent call last):
  File "/home/airflow/.local/lib/python3.11/site-packages/airflow/models/dagbag.py", line 351, in parse
    loader.exec_module(new_module)
  File "<frozen importlib._bootstrap_external>", line 940, in exec_module
  File "<frozen importlib._bootstrap>", line 241, in _call_with_frames_removed
  File "/opt/airflow/dags/futsal_pipeline.py", line 16, in <module>
    from pipeline.data_pipeline import DataPipeline
  File "/opt/airflow/pipeline/data_pipeline.py", line 1, in <module>
    from components.data_ingestion import DataIngestion
  File "/opt/airflow/components/data_ingestion.py", line 2, in <module>
    from db.db_connection import DB
ModuleNotFoundError: No module named 'db'
[2026-06-15T11:04:19.986+0000] {processor.py:842} WARNING - No viable dags retrieved from /opt/airflow/dags/futsal_pipeline.py
[2026-06-15T11:04:20.013+0000] {processor.py:183} INFO - Processing /opt/airflow/dags/futsal_pipeline.py took 0.340 seconds
[2026-06-15T11:04:50.249+0000] {processor.py:161} INFO - Started process (PID=5003) to work on /opt/airflow/dags/futsal_pipeline.py
[2026-06-15T11:04:50.250+0000] {processor.py:830} INFO - Processing file /opt/airflow/dags/futsal_pipeline.py for tasks to queue
[2026-06-15T11:04:50.251+0000] {logging_mixin.py:188} INFO - [2026-06-15T11:04:50.251+0000] {dagbag.py:545} INFO - Filling up the DagBag from /opt/airflow/dags/futsal_pipeline.py
[2026-06-15T11:04:50.573+0000] {logging_mixin.py:188} INFO - [2026-06-15T11:04:50.561+0000] {dagbag.py:355} ERROR - Failed to import: /opt/airflow/dags/futsal_pipeline.py
Traceback (most recent call last):
  File "/home/airflow/.local/lib/python3.11/site-packages/airflow/models/dagbag.py", line 351, in parse
    loader.exec_module(new_module)
  File "<frozen importlib._bootstrap_external>", line 940, in exec_module
  File "<frozen importlib._bootstrap>", line 241, in _call_with_frames_removed
  File "/opt/airflow/dags/futsal_pipeline.py", line 16, in <module>
    from pipeline.data_pipeline import DataPipeline
  File "/opt/airflow/pipeline/data_pipeline.py", line 1, in <module>
    from components.data_ingestion import DataIngestion
  File "/opt/airflow/components/data_ingestion.py", line 2, in <module>
    from db.db_connection import DB
ModuleNotFoundError: No module named 'db'
[2026-06-15T11:04:50.574+0000] {processor.py:842} WARNING - No viable dags retrieved from /opt/airflow/dags/futsal_pipeline.py
[2026-06-15T11:04:50.604+0000] {processor.py:183} INFO - Processing /opt/airflow/dags/futsal_pipeline.py took 0.362 seconds
[2026-06-15T11:05:20.852+0000] {processor.py:161} INFO - Started process (PID=5015) to work on /opt/airflow/dags/futsal_pipeline.py
[2026-06-15T11:05:20.853+0000] {processor.py:830} INFO - Processing file /opt/airflow/dags/futsal_pipeline.py for tasks to queue
[2026-06-15T11:05:20.854+0000] {logging_mixin.py:188} INFO - [2026-06-15T11:05:20.854+0000] {dagbag.py:545} INFO - Filling up the DagBag from /opt/airflow/dags/futsal_pipeline.py
[2026-06-15T11:05:21.148+0000] {logging_mixin.py:188} INFO - [2026-06-15T11:05:21.138+0000] {dagbag.py:355} ERROR - Failed to import: /opt/airflow/dags/futsal_pipeline.py
Traceback (most recent call last):
  File "/home/airflow/.local/lib/python3.11/site-packages/airflow/models/dagbag.py", line 351, in parse
    loader.exec_module(new_module)
  File "<frozen importlib._bootstrap_external>", line 940, in exec_module
  File "<frozen importlib._bootstrap>", line 241, in _call_with_frames_removed
  File "/opt/airflow/dags/futsal_pipeline.py", line 16, in <module>
    from pipeline.data_pipeline import DataPipeline
  File "/opt/airflow/pipeline/data_pipeline.py", line 1, in <module>
    from components.data_ingestion import DataIngestion
  File "/opt/airflow/components/data_ingestion.py", line 2, in <module>
    from db.db_connection import DB
ModuleNotFoundError: No module named 'db'
[2026-06-15T11:05:21.150+0000] {processor.py:842} WARNING - No viable dags retrieved from /opt/airflow/dags/futsal_pipeline.py
[2026-06-15T11:05:21.178+0000] {processor.py:183} INFO - Processing /opt/airflow/dags/futsal_pipeline.py took 0.331 seconds
[2026-06-15T11:05:51.394+0000] {processor.py:161} INFO - Started process (PID=5027) to work on /opt/airflow/dags/futsal_pipeline.py
[2026-06-15T11:05:51.396+0000] {processor.py:830} INFO - Processing file /opt/airflow/dags/futsal_pipeline.py for tasks to queue
[2026-06-15T11:05:51.397+0000] {logging_mixin.py:188} INFO - [2026-06-15T11:05:51.396+0000] {dagbag.py:545} INFO - Filling up the DagBag from /opt/airflow/dags/futsal_pipeline.py
[2026-06-15T11:05:51.787+0000] {logging_mixin.py:188} INFO - [2026-06-15T11:05:51.776+0000] {dagbag.py:355} ERROR - Failed to import: /opt/airflow/dags/futsal_pipeline.py
Traceback (most recent call last):
  File "/home/airflow/.local/lib/python3.11/site-packages/airflow/models/dagbag.py", line 351, in parse
    loader.exec_module(new_module)
  File "<frozen importlib._bootstrap_external>", line 940, in exec_module
  File "<frozen importlib._bootstrap>", line 241, in _call_with_frames_removed
  File "/opt/airflow/dags/futsal_pipeline.py", line 16, in <module>
    from pipeline.data_pipeline import DataPipeline
  File "/opt/airflow/pipeline/data_pipeline.py", line 1, in <module>
    from components.data_ingestion import DataIngestion
  File "/opt/airflow/components/data_ingestion.py", line 2, in <module>
    from db.db_connection import DB
ModuleNotFoundError: No module named 'db'
[2026-06-15T11:05:51.788+0000] {processor.py:842} WARNING - No viable dags retrieved from /opt/airflow/dags/futsal_pipeline.py
[2026-06-15T11:05:51.816+0000] {processor.py:183} INFO - Processing /opt/airflow/dags/futsal_pipeline.py took 0.432 seconds
[2026-06-15T11:06:22.049+0000] {processor.py:161} INFO - Started process (PID=5039) to work on /opt/airflow/dags/futsal_pipeline.py
[2026-06-15T11:06:22.051+0000] {processor.py:830} INFO - Processing file /opt/airflow/dags/futsal_pipeline.py for tasks to queue
[2026-06-15T11:06:22.052+0000] {logging_mixin.py:188} INFO - [2026-06-15T11:06:22.051+0000] {dagbag.py:545} INFO - Filling up the DagBag from /opt/airflow/dags/futsal_pipeline.py
[2026-06-15T11:06:22.356+0000] {logging_mixin.py:188} INFO - [2026-06-15T11:06:22.346+0000] {dagbag.py:355} ERROR - Failed to import: /opt/airflow/dags/futsal_pipeline.py
Traceback (most recent call last):
  File "/home/airflow/.local/lib/python3.11/site-packages/airflow/models/dagbag.py", line 351, in parse
    loader.exec_module(new_module)
  File "<frozen importlib._bootstrap_external>", line 940, in exec_module
  File "<frozen importlib._bootstrap>", line 241, in _call_with_frames_removed
  File "/opt/airflow/dags/futsal_pipeline.py", line 16, in <module>
    from pipeline.data_pipeline import DataPipeline
  File "/opt/airflow/pipeline/data_pipeline.py", line 1, in <module>
    from components.data_ingestion import DataIngestion
  File "/opt/airflow/components/data_ingestion.py", line 2, in <module>
    from db.db_connection import DB
ModuleNotFoundError: No module named 'db'
[2026-06-15T11:06:22.357+0000] {processor.py:842} WARNING - No viable dags retrieved from /opt/airflow/dags/futsal_pipeline.py
[2026-06-15T11:06:22.374+0000] {processor.py:183} INFO - Processing /opt/airflow/dags/futsal_pipeline.py took 0.333 seconds
[2026-06-15T11:06:52.588+0000] {processor.py:161} INFO - Started process (PID=5051) to work on /opt/airflow/dags/futsal_pipeline.py
[2026-06-15T11:06:52.589+0000] {processor.py:830} INFO - Processing file /opt/airflow/dags/futsal_pipeline.py for tasks to queue
[2026-06-15T11:06:52.590+0000] {logging_mixin.py:188} INFO - [2026-06-15T11:06:52.590+0000] {dagbag.py:545} INFO - Filling up the DagBag from /opt/airflow/dags/futsal_pipeline.py
[2026-06-15T11:06:52.904+0000] {logging_mixin.py:188} INFO - [2026-06-15T11:06:52.894+0000] {dagbag.py:355} ERROR - Failed to import: /opt/airflow/dags/futsal_pipeline.py
Traceback (most recent call last):
  File "/home/airflow/.local/lib/python3.11/site-packages/airflow/models/dagbag.py", line 351, in parse
    loader.exec_module(new_module)
  File "<frozen importlib._bootstrap_external>", line 940, in exec_module
  File "<frozen importlib._bootstrap>", line 241, in _call_with_frames_removed
  File "/opt/airflow/dags/futsal_pipeline.py", line 16, in <module>
    from pipeline.data_pipeline import DataPipeline
  File "/opt/airflow/pipeline/data_pipeline.py", line 1, in <module>
    from components.data_ingestion import DataIngestion
  File "/opt/airflow/components/data_ingestion.py", line 2, in <module>
    from db.db_connection import DB
ModuleNotFoundError: No module named 'db'
[2026-06-15T11:06:52.906+0000] {processor.py:842} WARNING - No viable dags retrieved from /opt/airflow/dags/futsal_pipeline.py
[2026-06-15T11:06:52.923+0000] {processor.py:183} INFO - Processing /opt/airflow/dags/futsal_pipeline.py took 0.340 seconds
[2026-06-15T11:07:23.238+0000] {processor.py:161} INFO - Started process (PID=5063) to work on /opt/airflow/dags/futsal_pipeline.py
[2026-06-15T11:07:23.239+0000] {processor.py:830} INFO - Processing file /opt/airflow/dags/futsal_pipeline.py for tasks to queue
[2026-06-15T11:07:23.240+0000] {logging_mixin.py:188} INFO - [2026-06-15T11:07:23.240+0000] {dagbag.py:545} INFO - Filling up the DagBag from /opt/airflow/dags/futsal_pipeline.py
[2026-06-15T11:07:23.548+0000] {logging_mixin.py:188} INFO - [2026-06-15T11:07:23.538+0000] {dagbag.py:355} ERROR - Failed to import: /opt/airflow/dags/futsal_pipeline.py
Traceback (most recent call last):
  File "/home/airflow/.local/lib/python3.11/site-packages/airflow/models/dagbag.py", line 351, in parse
    loader.exec_module(new_module)
  File "<frozen importlib._bootstrap_external>", line 940, in exec_module
  File "<frozen importlib._bootstrap>", line 241, in _call_with_frames_removed
  File "/opt/airflow/dags/futsal_pipeline.py", line 16, in <module>
    from pipeline.data_pipeline import DataPipeline
  File "/opt/airflow/pipeline/data_pipeline.py", line 1, in <module>
    from components.data_ingestion import DataIngestion
  File "/opt/airflow/components/data_ingestion.py", line 2, in <module>
    from db.db_connection import DB
ModuleNotFoundError: No module named 'db'
[2026-06-15T11:07:23.550+0000] {processor.py:842} WARNING - No viable dags retrieved from /opt/airflow/dags/futsal_pipeline.py
[2026-06-15T11:07:23.584+0000] {processor.py:183} INFO - Processing /opt/airflow/dags/futsal_pipeline.py took 0.351 seconds
[2026-06-15T11:07:53.819+0000] {processor.py:161} INFO - Started process (PID=5075) to work on /opt/airflow/dags/futsal_pipeline.py
[2026-06-15T11:07:53.820+0000] {processor.py:830} INFO - Processing file /opt/airflow/dags/futsal_pipeline.py for tasks to queue
[2026-06-15T11:07:53.821+0000] {logging_mixin.py:188} INFO - [2026-06-15T11:07:53.820+0000] {dagbag.py:545} INFO - Filling up the DagBag from /opt/airflow/dags/futsal_pipeline.py
[2026-06-15T11:07:54.129+0000] {logging_mixin.py:188} INFO - [2026-06-15T11:07:54.120+0000] {dagbag.py:355} ERROR - Failed to import: /opt/airflow/dags/futsal_pipeline.py
Traceback (most recent call last):
  File "/home/airflow/.local/lib/python3.11/site-packages/airflow/models/dagbag.py", line 351, in parse
    loader.exec_module(new_module)
  File "<frozen importlib._bootstrap_external>", line 940, in exec_module
  File "<frozen importlib._bootstrap>", line 241, in _call_with_frames_removed
  File "/opt/airflow/dags/futsal_pipeline.py", line 16, in <module>
    from pipeline.data_pipeline import DataPipeline
  File "/opt/airflow/pipeline/data_pipeline.py", line 1, in <module>
    from components.data_ingestion import DataIngestion
  File "/opt/airflow/components/data_ingestion.py", line 2, in <module>
    from db.db_connection import DB
ModuleNotFoundError: No module named 'db'
[2026-06-15T11:07:54.130+0000] {processor.py:842} WARNING - No viable dags retrieved from /opt/airflow/dags/futsal_pipeline.py
[2026-06-15T11:07:54.158+0000] {processor.py:183} INFO - Processing /opt/airflow/dags/futsal_pipeline.py took 0.345 seconds
[2026-06-15T11:08:24.390+0000] {processor.py:161} INFO - Started process (PID=5087) to work on /opt/airflow/dags/futsal_pipeline.py
[2026-06-15T11:08:24.391+0000] {processor.py:830} INFO - Processing file /opt/airflow/dags/futsal_pipeline.py for tasks to queue
[2026-06-15T11:08:24.392+0000] {logging_mixin.py:188} INFO - [2026-06-15T11:08:24.392+0000] {dagbag.py:545} INFO - Filling up the DagBag from /opt/airflow/dags/futsal_pipeline.py
[2026-06-15T11:08:24.724+0000] {logging_mixin.py:188} INFO - [2026-06-15T11:08:24.711+0000] {dagbag.py:355} ERROR - Failed to import: /opt/airflow/dags/futsal_pipeline.py
Traceback (most recent call last):
  File "/home/airflow/.local/lib/python3.11/site-packages/airflow/models/dagbag.py", line 351, in parse
    loader.exec_module(new_module)
  File "<frozen importlib._bootstrap_external>", line 940, in exec_module
  File "<frozen importlib._bootstrap>", line 241, in _call_with_frames_removed
  File "/opt/airflow/dags/futsal_pipeline.py", line 16, in <module>
    from pipeline.data_pipeline import DataPipeline
  File "/opt/airflow/pipeline/data_pipeline.py", line 1, in <module>
    from components.data_ingestion import DataIngestion
  File "/opt/airflow/components/data_ingestion.py", line 2, in <module>
    from db.db_connection import DB
ModuleNotFoundError: No module named 'db'
[2026-06-15T11:08:24.725+0000] {processor.py:842} WARNING - No viable dags retrieved from /opt/airflow/dags/futsal_pipeline.py
[2026-06-15T11:08:24.754+0000] {processor.py:183} INFO - Processing /opt/airflow/dags/futsal_pipeline.py took 0.370 seconds
[2026-06-15T11:08:54.977+0000] {processor.py:161} INFO - Started process (PID=5099) to work on /opt/airflow/dags/futsal_pipeline.py
[2026-06-15T11:08:54.981+0000] {processor.py:830} INFO - Processing file /opt/airflow/dags/futsal_pipeline.py for tasks to queue
[2026-06-15T11:08:54.982+0000] {logging_mixin.py:188} INFO - [2026-06-15T11:08:54.982+0000] {dagbag.py:545} INFO - Filling up the DagBag from /opt/airflow/dags/futsal_pipeline.py
[2026-06-15T11:08:55.461+0000] {logging_mixin.py:188} INFO - [2026-06-15T11:08:55.449+0000] {dagbag.py:355} ERROR - Failed to import: /opt/airflow/dags/futsal_pipeline.py
Traceback (most recent call last):
  File "/home/airflow/.local/lib/python3.11/site-packages/airflow/models/dagbag.py", line 351, in parse
    loader.exec_module(new_module)
  File "<frozen importlib._bootstrap_external>", line 940, in exec_module
  File "<frozen importlib._bootstrap>", line 241, in _call_with_frames_removed
  File "/opt/airflow/dags/futsal_pipeline.py", line 16, in <module>
    from pipeline.data_pipeline import DataPipeline
  File "/opt/airflow/pipeline/data_pipeline.py", line 1, in <module>
    from components.data_ingestion import DataIngestion
  File "/opt/airflow/components/data_ingestion.py", line 2, in <module>
    from db.db_connection import DB
ModuleNotFoundError: No module named 'db'
[2026-06-15T11:08:55.463+0000] {processor.py:842} WARNING - No viable dags retrieved from /opt/airflow/dags/futsal_pipeline.py
[2026-06-15T11:08:55.481+0000] {processor.py:183} INFO - Processing /opt/airflow/dags/futsal_pipeline.py took 0.514 seconds
[2026-06-15T11:09:25.712+0000] {processor.py:161} INFO - Started process (PID=5111) to work on /opt/airflow/dags/futsal_pipeline.py
[2026-06-15T11:09:25.713+0000] {processor.py:830} INFO - Processing file /opt/airflow/dags/futsal_pipeline.py for tasks to queue
[2026-06-15T11:09:25.715+0000] {logging_mixin.py:188} INFO - [2026-06-15T11:09:25.714+0000] {dagbag.py:545} INFO - Filling up the DagBag from /opt/airflow/dags/futsal_pipeline.py
[2026-06-15T11:09:26.041+0000] {logging_mixin.py:188} INFO - [2026-06-15T11:09:26.030+0000] {dagbag.py:355} ERROR - Failed to import: /opt/airflow/dags/futsal_pipeline.py
Traceback (most recent call last):
  File "/home/airflow/.local/lib/python3.11/site-packages/airflow/models/dagbag.py", line 351, in parse
    loader.exec_module(new_module)
  File "<frozen importlib._bootstrap_external>", line 940, in exec_module
  File "<frozen importlib._bootstrap>", line 241, in _call_with_frames_removed
  File "/opt/airflow/dags/futsal_pipeline.py", line 16, in <module>
    from pipeline.data_pipeline import DataPipeline
  File "/opt/airflow/pipeline/data_pipeline.py", line 1, in <module>
    from components.data_ingestion import DataIngestion
  File "/opt/airflow/components/data_ingestion.py", line 2, in <module>
    from db.db_connection import DB
ModuleNotFoundError: No module named 'db'
[2026-06-15T11:09:26.043+0000] {processor.py:842} WARNING - No viable dags retrieved from /opt/airflow/dags/futsal_pipeline.py
[2026-06-15T11:09:26.071+0000] {processor.py:183} INFO - Processing /opt/airflow/dags/futsal_pipeline.py took 0.364 seconds
[2026-06-15T11:09:56.305+0000] {processor.py:161} INFO - Started process (PID=5123) to work on /opt/airflow/dags/futsal_pipeline.py
[2026-06-15T11:09:56.306+0000] {processor.py:830} INFO - Processing file /opt/airflow/dags/futsal_pipeline.py for tasks to queue
[2026-06-15T11:09:56.307+0000] {logging_mixin.py:188} INFO - [2026-06-15T11:09:56.307+0000] {dagbag.py:545} INFO - Filling up the DagBag from /opt/airflow/dags/futsal_pipeline.py
[2026-06-15T11:09:56.624+0000] {logging_mixin.py:188} INFO - [2026-06-15T11:09:56.616+0000] {dagbag.py:355} ERROR - Failed to import: /opt/airflow/dags/futsal_pipeline.py
Traceback (most recent call last):
  File "/home/airflow/.local/lib/python3.11/site-packages/airflow/models/dagbag.py", line 351, in parse
    loader.exec_module(new_module)
  File "<frozen importlib._bootstrap_external>", line 940, in exec_module
  File "<frozen importlib._bootstrap>", line 241, in _call_with_frames_removed
  File "/opt/airflow/dags/futsal_pipeline.py", line 16, in <module>
    from pipeline.data_pipeline import DataPipeline
  File "/opt/airflow/pipeline/data_pipeline.py", line 1, in <module>
    from components.data_ingestion import DataIngestion
  File "/opt/airflow/components/data_ingestion.py", line 2, in <module>
    from db.db_connection import DB
ModuleNotFoundError: No module named 'db'
[2026-06-15T11:09:56.626+0000] {processor.py:842} WARNING - No viable dags retrieved from /opt/airflow/dags/futsal_pipeline.py
[2026-06-15T11:09:56.643+0000] {processor.py:183} INFO - Processing /opt/airflow/dags/futsal_pipeline.py took 0.345 seconds
[2026-06-15T11:10:26.859+0000] {processor.py:161} INFO - Started process (PID=5135) to work on /opt/airflow/dags/futsal_pipeline.py
[2026-06-15T11:10:26.860+0000] {processor.py:830} INFO - Processing file /opt/airflow/dags/futsal_pipeline.py for tasks to queue
[2026-06-15T11:10:26.861+0000] {logging_mixin.py:188} INFO - [2026-06-15T11:10:26.861+0000] {dagbag.py:545} INFO - Filling up the DagBag from /opt/airflow/dags/futsal_pipeline.py
[2026-06-15T11:10:27.271+0000] {logging_mixin.py:188} INFO - [2026-06-15T11:10:27.203+0000] {dagbag.py:355} ERROR - Failed to import: /opt/airflow/dags/futsal_pipeline.py
Traceback (most recent call last):
  File "/home/airflow/.local/lib/python3.11/site-packages/airflow/models/dagbag.py", line 351, in parse
    loader.exec_module(new_module)
  File "<frozen importlib._bootstrap_external>", line 940, in exec_module
  File "<frozen importlib._bootstrap>", line 241, in _call_with_frames_removed
  File "/opt/airflow/dags/futsal_pipeline.py", line 16, in <module>
    from pipeline.data_pipeline import DataPipeline
  File "/opt/airflow/pipeline/data_pipeline.py", line 1, in <module>
    from components.data_ingestion import DataIngestion
  File "/opt/airflow/components/data_ingestion.py", line 2, in <module>
    from db.db_connection import DB
ModuleNotFoundError: No module named 'db'
[2026-06-15T11:10:27.273+0000] {processor.py:842} WARNING - No viable dags retrieved from /opt/airflow/dags/futsal_pipeline.py
[2026-06-15T11:10:27.310+0000] {processor.py:183} INFO - Processing /opt/airflow/dags/futsal_pipeline.py took 0.457 seconds
[2026-06-15T11:10:57.704+0000] {processor.py:161} INFO - Started process (PID=5147) to work on /opt/airflow/dags/futsal_pipeline.py
[2026-06-15T11:10:57.707+0000] {processor.py:830} INFO - Processing file /opt/airflow/dags/futsal_pipeline.py for tasks to queue
[2026-06-15T11:10:57.713+0000] {logging_mixin.py:188} INFO - [2026-06-15T11:10:57.711+0000] {dagbag.py:545} INFO - Filling up the DagBag from /opt/airflow/dags/futsal_pipeline.py
[2026-06-15T11:10:58.567+0000] {logging_mixin.py:188} INFO - [2026-06-15T11:10:58.551+0000] {dagbag.py:355} ERROR - Failed to import: /opt/airflow/dags/futsal_pipeline.py
Traceback (most recent call last):
  File "/home/airflow/.local/lib/python3.11/site-packages/airflow/models/dagbag.py", line 351, in parse
    loader.exec_module(new_module)
  File "<frozen importlib._bootstrap_external>", line 940, in exec_module
  File "<frozen importlib._bootstrap>", line 241, in _call_with_frames_removed
  File "/opt/airflow/dags/futsal_pipeline.py", line 16, in <module>
    from pipeline.data_pipeline import DataPipeline
  File "/opt/airflow/pipeline/data_pipeline.py", line 1, in <module>
    from components.data_ingestion import DataIngestion
  File "/opt/airflow/components/data_ingestion.py", line 2, in <module>
    from db.db_connection import DB
ModuleNotFoundError: No module named 'db'
[2026-06-15T11:10:58.571+0000] {processor.py:842} WARNING - No viable dags retrieved from /opt/airflow/dags/futsal_pipeline.py
[2026-06-15T11:10:58.602+0000] {processor.py:183} INFO - Processing /opt/airflow/dags/futsal_pipeline.py took 0.908 seconds
[2026-06-15T11:11:28.841+0000] {processor.py:161} INFO - Started process (PID=5159) to work on /opt/airflow/dags/futsal_pipeline.py
[2026-06-15T11:11:28.842+0000] {processor.py:830} INFO - Processing file /opt/airflow/dags/futsal_pipeline.py for tasks to queue
[2026-06-15T11:11:28.843+0000] {logging_mixin.py:188} INFO - [2026-06-15T11:11:28.843+0000] {dagbag.py:545} INFO - Filling up the DagBag from /opt/airflow/dags/futsal_pipeline.py
[2026-06-15T11:11:29.147+0000] {logging_mixin.py:188} INFO - [2026-06-15T11:11:29.136+0000] {dagbag.py:355} ERROR - Failed to import: /opt/airflow/dags/futsal_pipeline.py
Traceback (most recent call last):
  File "/home/airflow/.local/lib/python3.11/site-packages/airflow/models/dagbag.py", line 351, in parse
    loader.exec_module(new_module)
  File "<frozen importlib._bootstrap_external>", line 940, in exec_module
  File "<frozen importlib._bootstrap>", line 241, in _call_with_frames_removed
  File "/opt/airflow/dags/futsal_pipeline.py", line 16, in <module>
    from pipeline.data_pipeline import DataPipeline
  File "/opt/airflow/pipeline/data_pipeline.py", line 1, in <module>
    from components.data_ingestion import DataIngestion
  File "/opt/airflow/components/data_ingestion.py", line 2, in <module>
    from db.db_connection import DB
ModuleNotFoundError: No module named 'db'
[2026-06-15T11:11:29.149+0000] {processor.py:842} WARNING - No viable dags retrieved from /opt/airflow/dags/futsal_pipeline.py
[2026-06-15T11:11:29.177+0000] {processor.py:183} INFO - Processing /opt/airflow/dags/futsal_pipeline.py took 0.342 seconds
[2026-06-15T11:11:59.430+0000] {processor.py:161} INFO - Started process (PID=5171) to work on /opt/airflow/dags/futsal_pipeline.py
[2026-06-15T11:11:59.432+0000] {processor.py:830} INFO - Processing file /opt/airflow/dags/futsal_pipeline.py for tasks to queue
[2026-06-15T11:11:59.433+0000] {logging_mixin.py:188} INFO - [2026-06-15T11:11:59.433+0000] {dagbag.py:545} INFO - Filling up the DagBag from /opt/airflow/dags/futsal_pipeline.py
[2026-06-15T11:11:59.748+0000] {logging_mixin.py:188} INFO - [2026-06-15T11:11:59.739+0000] {dagbag.py:355} ERROR - Failed to import: /opt/airflow/dags/futsal_pipeline.py
Traceback (most recent call last):
  File "/home/airflow/.local/lib/python3.11/site-packages/airflow/models/dagbag.py", line 351, in parse
    loader.exec_module(new_module)
  File "<frozen importlib._bootstrap_external>", line 940, in exec_module
  File "<frozen importlib._bootstrap>", line 241, in _call_with_frames_removed
  File "/opt/airflow/dags/futsal_pipeline.py", line 16, in <module>
    from pipeline.data_pipeline import DataPipeline
  File "/opt/airflow/pipeline/data_pipeline.py", line 1, in <module>
    from components.data_ingestion import DataIngestion
  File "/opt/airflow/components/data_ingestion.py", line 2, in <module>
    from db.db_connection import DB
ModuleNotFoundError: No module named 'db'
[2026-06-15T11:11:59.750+0000] {processor.py:842} WARNING - No viable dags retrieved from /opt/airflow/dags/futsal_pipeline.py
[2026-06-15T11:11:59.767+0000] {processor.py:183} INFO - Processing /opt/airflow/dags/futsal_pipeline.py took 0.342 seconds
[2026-06-15T11:12:30.003+0000] {processor.py:161} INFO - Started process (PID=5183) to work on /opt/airflow/dags/futsal_pipeline.py
[2026-06-15T11:12:30.005+0000] {processor.py:830} INFO - Processing file /opt/airflow/dags/futsal_pipeline.py for tasks to queue
[2026-06-15T11:12:30.006+0000] {logging_mixin.py:188} INFO - [2026-06-15T11:12:30.005+0000] {dagbag.py:545} INFO - Filling up the DagBag from /opt/airflow/dags/futsal_pipeline.py
[2026-06-15T11:12:30.358+0000] {logging_mixin.py:188} INFO - [2026-06-15T11:12:30.347+0000] {dagbag.py:355} ERROR - Failed to import: /opt/airflow/dags/futsal_pipeline.py
Traceback (most recent call last):
  File "/home/airflow/.local/lib/python3.11/site-packages/airflow/models/dagbag.py", line 351, in parse
    loader.exec_module(new_module)
  File "<frozen importlib._bootstrap_external>", line 940, in exec_module
  File "<frozen importlib._bootstrap>", line 241, in _call_with_frames_removed
  File "/opt/airflow/dags/futsal_pipeline.py", line 16, in <module>
    from pipeline.data_pipeline import DataPipeline
  File "/opt/airflow/pipeline/data_pipeline.py", line 1, in <module>
    from components.data_ingestion import DataIngestion
  File "/opt/airflow/components/data_ingestion.py", line 2, in <module>
    from db.db_connection import DB
ModuleNotFoundError: No module named 'db'
[2026-06-15T11:12:30.360+0000] {processor.py:842} WARNING - No viable dags retrieved from /opt/airflow/dags/futsal_pipeline.py
[2026-06-15T11:12:30.391+0000] {processor.py:183} INFO - Processing /opt/airflow/dags/futsal_pipeline.py took 0.394 seconds
[2026-06-15T11:13:00.611+0000] {processor.py:161} INFO - Started process (PID=5195) to work on /opt/airflow/dags/futsal_pipeline.py
[2026-06-15T11:13:00.612+0000] {processor.py:830} INFO - Processing file /opt/airflow/dags/futsal_pipeline.py for tasks to queue
[2026-06-15T11:13:00.613+0000] {logging_mixin.py:188} INFO - [2026-06-15T11:13:00.613+0000] {dagbag.py:545} INFO - Filling up the DagBag from /opt/airflow/dags/futsal_pipeline.py
[2026-06-15T11:13:00.939+0000] {logging_mixin.py:188} INFO - [2026-06-15T11:13:00.929+0000] {dagbag.py:355} ERROR - Failed to import: /opt/airflow/dags/futsal_pipeline.py
Traceback (most recent call last):
  File "/home/airflow/.local/lib/python3.11/site-packages/airflow/models/dagbag.py", line 351, in parse
    loader.exec_module(new_module)
  File "<frozen importlib._bootstrap_external>", line 940, in exec_module
  File "<frozen importlib._bootstrap>", line 241, in _call_with_frames_removed
  File "/opt/airflow/dags/futsal_pipeline.py", line 16, in <module>
    from pipeline.data_pipeline import DataPipeline
  File "/opt/airflow/pipeline/data_pipeline.py", line 1, in <module>
    from components.data_ingestion import DataIngestion
  File "/opt/airflow/components/data_ingestion.py", line 2, in <module>
    from db.db_connection import DB
ModuleNotFoundError: No module named 'db'
[2026-06-15T11:13:00.940+0000] {processor.py:842} WARNING - No viable dags retrieved from /opt/airflow/dags/futsal_pipeline.py
[2026-06-15T11:13:00.968+0000] {processor.py:183} INFO - Processing /opt/airflow/dags/futsal_pipeline.py took 0.362 seconds
[2026-06-15T11:13:31.223+0000] {processor.py:161} INFO - Started process (PID=5207) to work on /opt/airflow/dags/futsal_pipeline.py
[2026-06-15T11:13:31.224+0000] {processor.py:830} INFO - Processing file /opt/airflow/dags/futsal_pipeline.py for tasks to queue
[2026-06-15T11:13:31.225+0000] {logging_mixin.py:188} INFO - [2026-06-15T11:13:31.225+0000] {dagbag.py:545} INFO - Filling up the DagBag from /opt/airflow/dags/futsal_pipeline.py
[2026-06-15T11:13:31.544+0000] {logging_mixin.py:188} INFO - [2026-06-15T11:13:31.535+0000] {dagbag.py:355} ERROR - Failed to import: /opt/airflow/dags/futsal_pipeline.py
Traceback (most recent call last):
  File "/home/airflow/.local/lib/python3.11/site-packages/airflow/models/dagbag.py", line 351, in parse
    loader.exec_module(new_module)
  File "<frozen importlib._bootstrap_external>", line 940, in exec_module
  File "<frozen importlib._bootstrap>", line 241, in _call_with_frames_removed
  File "/opt/airflow/dags/futsal_pipeline.py", line 16, in <module>
    from pipeline.data_pipeline import DataPipeline
  File "/opt/airflow/pipeline/data_pipeline.py", line 1, in <module>
    from components.data_ingestion import DataIngestion
  File "/opt/airflow/components/data_ingestion.py", line 2, in <module>
    from db.db_connection import DB
ModuleNotFoundError: No module named 'db'
[2026-06-15T11:13:31.545+0000] {processor.py:842} WARNING - No viable dags retrieved from /opt/airflow/dags/futsal_pipeline.py
[2026-06-15T11:13:31.573+0000] {processor.py:183} INFO - Processing /opt/airflow/dags/futsal_pipeline.py took 0.355 seconds
[2026-06-15T11:14:01.815+0000] {processor.py:161} INFO - Started process (PID=5219) to work on /opt/airflow/dags/futsal_pipeline.py
[2026-06-15T11:14:01.817+0000] {processor.py:830} INFO - Processing file /opt/airflow/dags/futsal_pipeline.py for tasks to queue
[2026-06-15T11:14:01.818+0000] {logging_mixin.py:188} INFO - [2026-06-15T11:14:01.818+0000] {dagbag.py:545} INFO - Filling up the DagBag from /opt/airflow/dags/futsal_pipeline.py
[2026-06-15T11:14:02.145+0000] {logging_mixin.py:188} INFO - [2026-06-15T11:14:02.135+0000] {dagbag.py:355} ERROR - Failed to import: /opt/airflow/dags/futsal_pipeline.py
Traceback (most recent call last):
  File "/home/airflow/.local/lib/python3.11/site-packages/airflow/models/dagbag.py", line 351, in parse
    loader.exec_module(new_module)
  File "<frozen importlib._bootstrap_external>", line 940, in exec_module
  File "<frozen importlib._bootstrap>", line 241, in _call_with_frames_removed
  File "/opt/airflow/dags/futsal_pipeline.py", line 16, in <module>
    from pipeline.data_pipeline import DataPipeline
  File "/opt/airflow/pipeline/data_pipeline.py", line 1, in <module>
    from components.data_ingestion import DataIngestion
  File "/opt/airflow/components/data_ingestion.py", line 2, in <module>
    from db.db_connection import DB
ModuleNotFoundError: No module named 'db'
[2026-06-15T11:14:02.147+0000] {processor.py:842} WARNING - No viable dags retrieved from /opt/airflow/dags/futsal_pipeline.py
[2026-06-15T11:14:02.174+0000] {processor.py:183} INFO - Processing /opt/airflow/dags/futsal_pipeline.py took 0.370 seconds
[2026-06-15T11:14:32.396+0000] {processor.py:161} INFO - Started process (PID=5231) to work on /opt/airflow/dags/futsal_pipeline.py
[2026-06-15T11:14:32.397+0000] {processor.py:830} INFO - Processing file /opt/airflow/dags/futsal_pipeline.py for tasks to queue
[2026-06-15T11:14:32.398+0000] {logging_mixin.py:188} INFO - [2026-06-15T11:14:32.398+0000] {dagbag.py:545} INFO - Filling up the DagBag from /opt/airflow/dags/futsal_pipeline.py
[2026-06-15T11:14:32.718+0000] {logging_mixin.py:188} INFO - [2026-06-15T11:14:32.708+0000] {dagbag.py:355} ERROR - Failed to import: /opt/airflow/dags/futsal_pipeline.py
Traceback (most recent call last):
  File "/home/airflow/.local/lib/python3.11/site-packages/airflow/models/dagbag.py", line 351, in parse
    loader.exec_module(new_module)
  File "<frozen importlib._bootstrap_external>", line 940, in exec_module
  File "<frozen importlib._bootstrap>", line 241, in _call_with_frames_removed
  File "/opt/airflow/dags/futsal_pipeline.py", line 16, in <module>
    from pipeline.data_pipeline import DataPipeline
  File "/opt/airflow/pipeline/data_pipeline.py", line 1, in <module>
    from components.data_ingestion import DataIngestion
  File "/opt/airflow/components/data_ingestion.py", line 2, in <module>
    from db.db_connection import DB
ModuleNotFoundError: No module named 'db'
[2026-06-15T11:14:32.721+0000] {processor.py:842} WARNING - No viable dags retrieved from /opt/airflow/dags/futsal_pipeline.py
[2026-06-15T11:14:32.738+0000] {processor.py:183} INFO - Processing /opt/airflow/dags/futsal_pipeline.py took 0.348 seconds
[2026-06-15T11:15:02.933+0000] {processor.py:161} INFO - Started process (PID=5243) to work on /opt/airflow/dags/futsal_pipeline.py
[2026-06-15T11:15:02.934+0000] {processor.py:830} INFO - Processing file /opt/airflow/dags/futsal_pipeline.py for tasks to queue
[2026-06-15T11:15:02.935+0000] {logging_mixin.py:188} INFO - [2026-06-15T11:15:02.935+0000] {dagbag.py:545} INFO - Filling up the DagBag from /opt/airflow/dags/futsal_pipeline.py
[2026-06-15T11:15:03.284+0000] {logging_mixin.py:188} INFO - [2026-06-15T11:15:03.271+0000] {dagbag.py:355} ERROR - Failed to import: /opt/airflow/dags/futsal_pipeline.py
Traceback (most recent call last):
  File "/home/airflow/.local/lib/python3.11/site-packages/airflow/models/dagbag.py", line 351, in parse
    loader.exec_module(new_module)
  File "<frozen importlib._bootstrap_external>", line 940, in exec_module
  File "<frozen importlib._bootstrap>", line 241, in _call_with_frames_removed
  File "/opt/airflow/dags/futsal_pipeline.py", line 16, in <module>
    from pipeline.data_pipeline import DataPipeline
  File "/opt/airflow/pipeline/data_pipeline.py", line 1, in <module>
    from components.data_ingestion import DataIngestion
  File "/opt/airflow/components/data_ingestion.py", line 2, in <module>
    from db.db_connection import DB
ModuleNotFoundError: No module named 'db'
[2026-06-15T11:15:03.287+0000] {processor.py:842} WARNING - No viable dags retrieved from /opt/airflow/dags/futsal_pipeline.py
[2026-06-15T11:15:03.321+0000] {processor.py:183} INFO - Processing /opt/airflow/dags/futsal_pipeline.py took 0.394 seconds
[2026-06-15T11:15:33.600+0000] {processor.py:161} INFO - Started process (PID=5255) to work on /opt/airflow/dags/futsal_pipeline.py
[2026-06-15T11:15:33.601+0000] {processor.py:830} INFO - Processing file /opt/airflow/dags/futsal_pipeline.py for tasks to queue
[2026-06-15T11:15:33.602+0000] {logging_mixin.py:188} INFO - [2026-06-15T11:15:33.602+0000] {dagbag.py:545} INFO - Filling up the DagBag from /opt/airflow/dags/futsal_pipeline.py
[2026-06-15T11:15:33.934+0000] {logging_mixin.py:188} INFO - [2026-06-15T11:15:33.923+0000] {dagbag.py:355} ERROR - Failed to import: /opt/airflow/dags/futsal_pipeline.py
Traceback (most recent call last):
  File "/home/airflow/.local/lib/python3.11/site-packages/airflow/models/dagbag.py", line 351, in parse
    loader.exec_module(new_module)
  File "<frozen importlib._bootstrap_external>", line 940, in exec_module
  File "<frozen importlib._bootstrap>", line 241, in _call_with_frames_removed
  File "/opt/airflow/dags/futsal_pipeline.py", line 16, in <module>
    from pipeline.data_pipeline import DataPipeline
  File "/opt/airflow/pipeline/data_pipeline.py", line 1, in <module>
    from components.data_ingestion import DataIngestion
  File "/opt/airflow/components/data_ingestion.py", line 2, in <module>
    from db.db_connection import DB
ModuleNotFoundError: No module named 'db'
[2026-06-15T11:15:33.936+0000] {processor.py:842} WARNING - No viable dags retrieved from /opt/airflow/dags/futsal_pipeline.py
[2026-06-15T11:15:33.965+0000] {processor.py:183} INFO - Processing /opt/airflow/dags/futsal_pipeline.py took 0.372 seconds
[2026-06-15T11:16:04.201+0000] {processor.py:161} INFO - Started process (PID=5267) to work on /opt/airflow/dags/futsal_pipeline.py
[2026-06-15T11:16:04.202+0000] {processor.py:830} INFO - Processing file /opt/airflow/dags/futsal_pipeline.py for tasks to queue
[2026-06-15T11:16:04.203+0000] {logging_mixin.py:188} INFO - [2026-06-15T11:16:04.203+0000] {dagbag.py:545} INFO - Filling up the DagBag from /opt/airflow/dags/futsal_pipeline.py
[2026-06-15T11:16:04.527+0000] {logging_mixin.py:188} INFO - [2026-06-15T11:16:04.519+0000] {dagbag.py:355} ERROR - Failed to import: /opt/airflow/dags/futsal_pipeline.py
Traceback (most recent call last):
  File "/home/airflow/.local/lib/python3.11/site-packages/airflow/models/dagbag.py", line 351, in parse
    loader.exec_module(new_module)
  File "<frozen importlib._bootstrap_external>", line 940, in exec_module
  File "<frozen importlib._bootstrap>", line 241, in _call_with_frames_removed
  File "/opt/airflow/dags/futsal_pipeline.py", line 16, in <module>
    from pipeline.data_pipeline import DataPipeline
  File "/opt/airflow/pipeline/data_pipeline.py", line 1, in <module>
    from components.data_ingestion import DataIngestion
  File "/opt/airflow/components/data_ingestion.py", line 2, in <module>
    from db.db_connection import DB
ModuleNotFoundError: No module named 'db'
[2026-06-15T11:16:04.529+0000] {processor.py:842} WARNING - No viable dags retrieved from /opt/airflow/dags/futsal_pipeline.py
[2026-06-15T11:16:04.556+0000] {processor.py:183} INFO - Processing /opt/airflow/dags/futsal_pipeline.py took 0.361 seconds
[2026-06-15T11:16:34.798+0000] {processor.py:161} INFO - Started process (PID=5279) to work on /opt/airflow/dags/futsal_pipeline.py
[2026-06-15T11:16:34.799+0000] {processor.py:830} INFO - Processing file /opt/airflow/dags/futsal_pipeline.py for tasks to queue
[2026-06-15T11:16:34.800+0000] {logging_mixin.py:188} INFO - [2026-06-15T11:16:34.799+0000] {dagbag.py:545} INFO - Filling up the DagBag from /opt/airflow/dags/futsal_pipeline.py
[2026-06-15T11:16:35.119+0000] {logging_mixin.py:188} INFO - [2026-06-15T11:16:35.110+0000] {dagbag.py:355} ERROR - Failed to import: /opt/airflow/dags/futsal_pipeline.py
Traceback (most recent call last):
  File "/home/airflow/.local/lib/python3.11/site-packages/airflow/models/dagbag.py", line 351, in parse
    loader.exec_module(new_module)
  File "<frozen importlib._bootstrap_external>", line 940, in exec_module
  File "<frozen importlib._bootstrap>", line 241, in _call_with_frames_removed
  File "/opt/airflow/dags/futsal_pipeline.py", line 16, in <module>
    from pipeline.data_pipeline import DataPipeline
  File "/opt/airflow/pipeline/data_pipeline.py", line 1, in <module>
    from components.data_ingestion import DataIngestion
  File "/opt/airflow/components/data_ingestion.py", line 2, in <module>
    from db.db_connection import DB
ModuleNotFoundError: No module named 'db'
[2026-06-15T11:16:35.120+0000] {processor.py:842} WARNING - No viable dags retrieved from /opt/airflow/dags/futsal_pipeline.py
[2026-06-15T11:16:35.147+0000] {processor.py:183} INFO - Processing /opt/airflow/dags/futsal_pipeline.py took 0.355 seconds
[2026-06-15T11:17:05.365+0000] {processor.py:161} INFO - Started process (PID=5291) to work on /opt/airflow/dags/futsal_pipeline.py
[2026-06-15T11:17:05.366+0000] {processor.py:830} INFO - Processing file /opt/airflow/dags/futsal_pipeline.py for tasks to queue
[2026-06-15T11:17:05.367+0000] {logging_mixin.py:188} INFO - [2026-06-15T11:17:05.367+0000] {dagbag.py:545} INFO - Filling up the DagBag from /opt/airflow/dags/futsal_pipeline.py
[2026-06-15T11:17:05.716+0000] {logging_mixin.py:188} INFO - [2026-06-15T11:17:05.706+0000] {dagbag.py:355} ERROR - Failed to import: /opt/airflow/dags/futsal_pipeline.py
Traceback (most recent call last):
  File "/home/airflow/.local/lib/python3.11/site-packages/airflow/models/dagbag.py", line 351, in parse
    loader.exec_module(new_module)
  File "<frozen importlib._bootstrap_external>", line 940, in exec_module
  File "<frozen importlib._bootstrap>", line 241, in _call_with_frames_removed
  File "/opt/airflow/dags/futsal_pipeline.py", line 16, in <module>
    from pipeline.data_pipeline import DataPipeline
  File "/opt/airflow/pipeline/data_pipeline.py", line 1, in <module>
    from components.data_ingestion import DataIngestion
  File "/opt/airflow/components/data_ingestion.py", line 2, in <module>
    from db.db_connection import DB
ModuleNotFoundError: No module named 'db'
[2026-06-15T11:17:05.718+0000] {processor.py:842} WARNING - No viable dags retrieved from /opt/airflow/dags/futsal_pipeline.py
[2026-06-15T11:17:05.745+0000] {processor.py:183} INFO - Processing /opt/airflow/dags/futsal_pipeline.py took 0.387 seconds
[2026-06-15T11:17:35.996+0000] {processor.py:161} INFO - Started process (PID=5303) to work on /opt/airflow/dags/futsal_pipeline.py
[2026-06-15T11:17:35.997+0000] {processor.py:830} INFO - Processing file /opt/airflow/dags/futsal_pipeline.py for tasks to queue
[2026-06-15T11:17:35.998+0000] {logging_mixin.py:188} INFO - [2026-06-15T11:17:35.998+0000] {dagbag.py:545} INFO - Filling up the DagBag from /opt/airflow/dags/futsal_pipeline.py
[2026-06-15T11:17:36.301+0000] {logging_mixin.py:188} INFO - [2026-06-15T11:17:36.291+0000] {dagbag.py:355} ERROR - Failed to import: /opt/airflow/dags/futsal_pipeline.py
Traceback (most recent call last):
  File "/home/airflow/.local/lib/python3.11/site-packages/airflow/models/dagbag.py", line 351, in parse
    loader.exec_module(new_module)
  File "<frozen importlib._bootstrap_external>", line 940, in exec_module
  File "<frozen importlib._bootstrap>", line 241, in _call_with_frames_removed
  File "/opt/airflow/dags/futsal_pipeline.py", line 16, in <module>
    from pipeline.data_pipeline import DataPipeline
  File "/opt/airflow/pipeline/data_pipeline.py", line 1, in <module>
    from components.data_ingestion import DataIngestion
  File "/opt/airflow/components/data_ingestion.py", line 2, in <module>
    from db.db_connection import DB
ModuleNotFoundError: No module named 'db'
[2026-06-15T11:17:36.303+0000] {processor.py:842} WARNING - No viable dags retrieved from /opt/airflow/dags/futsal_pipeline.py
[2026-06-15T11:17:36.330+0000] {processor.py:183} INFO - Processing /opt/airflow/dags/futsal_pipeline.py took 0.340 seconds
[2026-06-15T11:18:06.603+0000] {processor.py:161} INFO - Started process (PID=5315) to work on /opt/airflow/dags/futsal_pipeline.py
[2026-06-15T11:18:06.604+0000] {processor.py:830} INFO - Processing file /opt/airflow/dags/futsal_pipeline.py for tasks to queue
[2026-06-15T11:18:06.604+0000] {logging_mixin.py:188} INFO - [2026-06-15T11:18:06.604+0000] {dagbag.py:545} INFO - Filling up the DagBag from /opt/airflow/dags/futsal_pipeline.py
[2026-06-15T11:18:06.907+0000] {logging_mixin.py:188} INFO - [2026-06-15T11:18:06.899+0000] {dagbag.py:355} ERROR - Failed to import: /opt/airflow/dags/futsal_pipeline.py
Traceback (most recent call last):
  File "/home/airflow/.local/lib/python3.11/site-packages/airflow/models/dagbag.py", line 351, in parse
    loader.exec_module(new_module)
  File "<frozen importlib._bootstrap_external>", line 940, in exec_module
  File "<frozen importlib._bootstrap>", line 241, in _call_with_frames_removed
  File "/opt/airflow/dags/futsal_pipeline.py", line 16, in <module>
    from pipeline.data_pipeline import DataPipeline
  File "/opt/airflow/pipeline/data_pipeline.py", line 1, in <module>
    from components.data_ingestion import DataIngestion
  File "/opt/airflow/components/data_ingestion.py", line 2, in <module>
    from db.db_connection import DB
ModuleNotFoundError: No module named 'db'
[2026-06-15T11:18:06.909+0000] {processor.py:842} WARNING - No viable dags retrieved from /opt/airflow/dags/futsal_pipeline.py
[2026-06-15T11:18:06.936+0000] {processor.py:183} INFO - Processing /opt/airflow/dags/futsal_pipeline.py took 0.339 seconds
[2026-06-15T11:18:37.177+0000] {processor.py:161} INFO - Started process (PID=5327) to work on /opt/airflow/dags/futsal_pipeline.py
[2026-06-15T11:18:37.178+0000] {processor.py:830} INFO - Processing file /opt/airflow/dags/futsal_pipeline.py for tasks to queue
[2026-06-15T11:18:37.179+0000] {logging_mixin.py:188} INFO - [2026-06-15T11:18:37.179+0000] {dagbag.py:545} INFO - Filling up the DagBag from /opt/airflow/dags/futsal_pipeline.py
[2026-06-15T11:18:37.490+0000] {logging_mixin.py:188} INFO - [2026-06-15T11:18:37.479+0000] {dagbag.py:355} ERROR - Failed to import: /opt/airflow/dags/futsal_pipeline.py
Traceback (most recent call last):
  File "/home/airflow/.local/lib/python3.11/site-packages/airflow/models/dagbag.py", line 351, in parse
    loader.exec_module(new_module)
  File "<frozen importlib._bootstrap_external>", line 940, in exec_module
  File "<frozen importlib._bootstrap>", line 241, in _call_with_frames_removed
  File "/opt/airflow/dags/futsal_pipeline.py", line 16, in <module>
    from pipeline.data_pipeline import DataPipeline
  File "/opt/airflow/pipeline/data_pipeline.py", line 1, in <module>
    from components.data_ingestion import DataIngestion
  File "/opt/airflow/components/data_ingestion.py", line 2, in <module>
    from db.db_connection import DB
ModuleNotFoundError: No module named 'db'
[2026-06-15T11:18:37.491+0000] {processor.py:842} WARNING - No viable dags retrieved from /opt/airflow/dags/futsal_pipeline.py
[2026-06-15T11:18:37.519+0000] {processor.py:183} INFO - Processing /opt/airflow/dags/futsal_pipeline.py took 0.348 seconds
[2026-06-15T11:19:07.787+0000] {processor.py:161} INFO - Started process (PID=5339) to work on /opt/airflow/dags/futsal_pipeline.py
[2026-06-15T11:19:07.788+0000] {processor.py:830} INFO - Processing file /opt/airflow/dags/futsal_pipeline.py for tasks to queue
[2026-06-15T11:19:07.789+0000] {logging_mixin.py:188} INFO - [2026-06-15T11:19:07.788+0000] {dagbag.py:545} INFO - Filling up the DagBag from /opt/airflow/dags/futsal_pipeline.py
[2026-06-15T11:19:08.100+0000] {logging_mixin.py:188} INFO - [2026-06-15T11:19:08.089+0000] {dagbag.py:355} ERROR - Failed to import: /opt/airflow/dags/futsal_pipeline.py
Traceback (most recent call last):
  File "/home/airflow/.local/lib/python3.11/site-packages/airflow/models/dagbag.py", line 351, in parse
    loader.exec_module(new_module)
  File "<frozen importlib._bootstrap_external>", line 940, in exec_module
  File "<frozen importlib._bootstrap>", line 241, in _call_with_frames_removed
  File "/opt/airflow/dags/futsal_pipeline.py", line 16, in <module>
    from pipeline.data_pipeline import DataPipeline
  File "/opt/airflow/pipeline/data_pipeline.py", line 1, in <module>
    from components.data_ingestion import DataIngestion
  File "/opt/airflow/components/data_ingestion.py", line 2, in <module>
    from db.db_connection import DB
ModuleNotFoundError: No module named 'db'
[2026-06-15T11:19:08.102+0000] {processor.py:842} WARNING - No viable dags retrieved from /opt/airflow/dags/futsal_pipeline.py
[2026-06-15T11:19:08.130+0000] {processor.py:183} INFO - Processing /opt/airflow/dags/futsal_pipeline.py took 0.348 seconds
[2026-06-15T11:19:38.367+0000] {processor.py:161} INFO - Started process (PID=5351) to work on /opt/airflow/dags/futsal_pipeline.py
[2026-06-15T11:19:38.368+0000] {processor.py:830} INFO - Processing file /opt/airflow/dags/futsal_pipeline.py for tasks to queue
[2026-06-15T11:19:38.369+0000] {logging_mixin.py:188} INFO - [2026-06-15T11:19:38.369+0000] {dagbag.py:545} INFO - Filling up the DagBag from /opt/airflow/dags/futsal_pipeline.py
[2026-06-15T11:19:38.677+0000] {logging_mixin.py:188} INFO - [2026-06-15T11:19:38.667+0000] {dagbag.py:355} ERROR - Failed to import: /opt/airflow/dags/futsal_pipeline.py
Traceback (most recent call last):
  File "/home/airflow/.local/lib/python3.11/site-packages/airflow/models/dagbag.py", line 351, in parse
    loader.exec_module(new_module)
  File "<frozen importlib._bootstrap_external>", line 940, in exec_module
  File "<frozen importlib._bootstrap>", line 241, in _call_with_frames_removed
  File "/opt/airflow/dags/futsal_pipeline.py", line 16, in <module>
    from pipeline.data_pipeline import DataPipeline
  File "/opt/airflow/pipeline/data_pipeline.py", line 1, in <module>
    from components.data_ingestion import DataIngestion
  File "/opt/airflow/components/data_ingestion.py", line 2, in <module>
    from db.db_connection import DB
ModuleNotFoundError: No module named 'db'
[2026-06-15T11:19:38.679+0000] {processor.py:842} WARNING - No viable dags retrieved from /opt/airflow/dags/futsal_pipeline.py
[2026-06-15T11:19:38.707+0000] {processor.py:183} INFO - Processing /opt/airflow/dags/futsal_pipeline.py took 0.346 seconds
[2026-06-15T11:20:08.974+0000] {processor.py:161} INFO - Started process (PID=5363) to work on /opt/airflow/dags/futsal_pipeline.py
[2026-06-15T11:20:08.975+0000] {processor.py:830} INFO - Processing file /opt/airflow/dags/futsal_pipeline.py for tasks to queue
[2026-06-15T11:20:08.976+0000] {logging_mixin.py:188} INFO - [2026-06-15T11:20:08.976+0000] {dagbag.py:545} INFO - Filling up the DagBag from /opt/airflow/dags/futsal_pipeline.py
[2026-06-15T11:20:09.292+0000] {logging_mixin.py:188} INFO - [2026-06-15T11:20:09.279+0000] {dagbag.py:355} ERROR - Failed to import: /opt/airflow/dags/futsal_pipeline.py
Traceback (most recent call last):
  File "/home/airflow/.local/lib/python3.11/site-packages/airflow/models/dagbag.py", line 351, in parse
    loader.exec_module(new_module)
  File "<frozen importlib._bootstrap_external>", line 940, in exec_module
  File "<frozen importlib._bootstrap>", line 241, in _call_with_frames_removed
  File "/opt/airflow/dags/futsal_pipeline.py", line 16, in <module>
    from pipeline.data_pipeline import DataPipeline
  File "/opt/airflow/pipeline/data_pipeline.py", line 1, in <module>
    from components.data_ingestion import DataIngestion
  File "/opt/airflow/components/data_ingestion.py", line 2, in <module>
    from db.db_connection import DB
ModuleNotFoundError: No module named 'db'
[2026-06-15T11:20:09.294+0000] {processor.py:842} WARNING - No viable dags retrieved from /opt/airflow/dags/futsal_pipeline.py
[2026-06-15T11:20:09.312+0000] {processor.py:183} INFO - Processing /opt/airflow/dags/futsal_pipeline.py took 0.342 seconds
[2026-06-15T11:20:39.563+0000] {processor.py:161} INFO - Started process (PID=5375) to work on /opt/airflow/dags/futsal_pipeline.py
[2026-06-15T11:20:39.564+0000] {processor.py:830} INFO - Processing file /opt/airflow/dags/futsal_pipeline.py for tasks to queue
[2026-06-15T11:20:39.565+0000] {logging_mixin.py:188} INFO - [2026-06-15T11:20:39.564+0000] {dagbag.py:545} INFO - Filling up the DagBag from /opt/airflow/dags/futsal_pipeline.py
[2026-06-15T11:20:39.881+0000] {logging_mixin.py:188} INFO - [2026-06-15T11:20:39.870+0000] {dagbag.py:355} ERROR - Failed to import: /opt/airflow/dags/futsal_pipeline.py
Traceback (most recent call last):
  File "/home/airflow/.local/lib/python3.11/site-packages/airflow/models/dagbag.py", line 351, in parse
    loader.exec_module(new_module)
  File "<frozen importlib._bootstrap_external>", line 940, in exec_module
  File "<frozen importlib._bootstrap>", line 241, in _call_with_frames_removed
  File "/opt/airflow/dags/futsal_pipeline.py", line 16, in <module>
    from pipeline.data_pipeline import DataPipeline
  File "/opt/airflow/pipeline/data_pipeline.py", line 1, in <module>
    from components.data_ingestion import DataIngestion
  File "/opt/airflow/components/data_ingestion.py", line 2, in <module>
    from db.db_connection import DB
ModuleNotFoundError: No module named 'db'
[2026-06-15T11:20:39.883+0000] {processor.py:842} WARNING - No viable dags retrieved from /opt/airflow/dags/futsal_pipeline.py
[2026-06-15T11:20:39.910+0000] {processor.py:183} INFO - Processing /opt/airflow/dags/futsal_pipeline.py took 0.353 seconds
[2026-06-15T11:21:10.135+0000] {processor.py:161} INFO - Started process (PID=5387) to work on /opt/airflow/dags/futsal_pipeline.py
[2026-06-15T11:21:10.136+0000] {processor.py:830} INFO - Processing file /opt/airflow/dags/futsal_pipeline.py for tasks to queue
[2026-06-15T11:21:10.137+0000] {logging_mixin.py:188} INFO - [2026-06-15T11:21:10.136+0000] {dagbag.py:545} INFO - Filling up the DagBag from /opt/airflow/dags/futsal_pipeline.py
[2026-06-15T11:21:10.442+0000] {logging_mixin.py:188} INFO - [2026-06-15T11:21:10.432+0000] {dagbag.py:355} ERROR - Failed to import: /opt/airflow/dags/futsal_pipeline.py
Traceback (most recent call last):
  File "/home/airflow/.local/lib/python3.11/site-packages/airflow/models/dagbag.py", line 351, in parse
    loader.exec_module(new_module)
  File "<frozen importlib._bootstrap_external>", line 940, in exec_module
  File "<frozen importlib._bootstrap>", line 241, in _call_with_frames_removed
  File "/opt/airflow/dags/futsal_pipeline.py", line 16, in <module>
    from pipeline.data_pipeline import DataPipeline
  File "/opt/airflow/pipeline/data_pipeline.py", line 1, in <module>
    from components.data_ingestion import DataIngestion
  File "/opt/airflow/components/data_ingestion.py", line 2, in <module>
    from db.db_connection import DB
ModuleNotFoundError: No module named 'db'
[2026-06-15T11:21:10.444+0000] {processor.py:842} WARNING - No viable dags retrieved from /opt/airflow/dags/futsal_pipeline.py
[2026-06-15T11:21:10.472+0000] {processor.py:183} INFO - Processing /opt/airflow/dags/futsal_pipeline.py took 0.343 seconds
[2026-06-15T11:21:40.691+0000] {processor.py:161} INFO - Started process (PID=5399) to work on /opt/airflow/dags/futsal_pipeline.py
[2026-06-15T11:21:40.693+0000] {processor.py:830} INFO - Processing file /opt/airflow/dags/futsal_pipeline.py for tasks to queue
[2026-06-15T11:21:40.694+0000] {logging_mixin.py:188} INFO - [2026-06-15T11:21:40.693+0000] {dagbag.py:545} INFO - Filling up the DagBag from /opt/airflow/dags/futsal_pipeline.py
[2026-06-15T11:21:41.015+0000] {logging_mixin.py:188} INFO - [2026-06-15T11:21:41.003+0000] {dagbag.py:355} ERROR - Failed to import: /opt/airflow/dags/futsal_pipeline.py
Traceback (most recent call last):
  File "/home/airflow/.local/lib/python3.11/site-packages/airflow/models/dagbag.py", line 351, in parse
    loader.exec_module(new_module)
  File "<frozen importlib._bootstrap_external>", line 940, in exec_module
  File "<frozen importlib._bootstrap>", line 241, in _call_with_frames_removed
  File "/opt/airflow/dags/futsal_pipeline.py", line 16, in <module>
    from pipeline.data_pipeline import DataPipeline
  File "/opt/airflow/pipeline/data_pipeline.py", line 1, in <module>
    from components.data_ingestion import DataIngestion
  File "/opt/airflow/components/data_ingestion.py", line 2, in <module>
    from db.db_connection import DB
ModuleNotFoundError: No module named 'db'
[2026-06-15T11:21:41.017+0000] {processor.py:842} WARNING - No viable dags retrieved from /opt/airflow/dags/futsal_pipeline.py
[2026-06-15T11:21:41.034+0000] {processor.py:183} INFO - Processing /opt/airflow/dags/futsal_pipeline.py took 0.349 seconds
[2026-06-15T11:22:11.245+0000] {processor.py:161} INFO - Started process (PID=5411) to work on /opt/airflow/dags/futsal_pipeline.py
[2026-06-15T11:22:11.246+0000] {processor.py:830} INFO - Processing file /opt/airflow/dags/futsal_pipeline.py for tasks to queue
[2026-06-15T11:22:11.247+0000] {logging_mixin.py:188} INFO - [2026-06-15T11:22:11.247+0000] {dagbag.py:545} INFO - Filling up the DagBag from /opt/airflow/dags/futsal_pipeline.py
[2026-06-15T11:22:11.553+0000] {logging_mixin.py:188} INFO - [2026-06-15T11:22:11.543+0000] {dagbag.py:355} ERROR - Failed to import: /opt/airflow/dags/futsal_pipeline.py
Traceback (most recent call last):
  File "/home/airflow/.local/lib/python3.11/site-packages/airflow/models/dagbag.py", line 351, in parse
    loader.exec_module(new_module)
  File "<frozen importlib._bootstrap_external>", line 940, in exec_module
  File "<frozen importlib._bootstrap>", line 241, in _call_with_frames_removed
  File "/opt/airflow/dags/futsal_pipeline.py", line 16, in <module>
    from pipeline.data_pipeline import DataPipeline
  File "/opt/airflow/pipeline/data_pipeline.py", line 1, in <module>
    from components.data_ingestion import DataIngestion
  File "/opt/airflow/components/data_ingestion.py", line 2, in <module>
    from db.db_connection import DB
ModuleNotFoundError: No module named 'db'
[2026-06-15T11:22:11.555+0000] {processor.py:842} WARNING - No viable dags retrieved from /opt/airflow/dags/futsal_pipeline.py
[2026-06-15T11:22:11.583+0000] {processor.py:183} INFO - Processing /opt/airflow/dags/futsal_pipeline.py took 0.344 seconds
[2026-06-15T11:22:41.819+0000] {processor.py:161} INFO - Started process (PID=5423) to work on /opt/airflow/dags/futsal_pipeline.py
[2026-06-15T11:22:41.820+0000] {processor.py:830} INFO - Processing file /opt/airflow/dags/futsal_pipeline.py for tasks to queue
[2026-06-15T11:22:41.821+0000] {logging_mixin.py:188} INFO - [2026-06-15T11:22:41.821+0000] {dagbag.py:545} INFO - Filling up the DagBag from /opt/airflow/dags/futsal_pipeline.py
[2026-06-15T11:22:42.202+0000] {logging_mixin.py:188} INFO - [2026-06-15T11:22:42.190+0000] {dagbag.py:355} ERROR - Failed to import: /opt/airflow/dags/futsal_pipeline.py
Traceback (most recent call last):
  File "/home/airflow/.local/lib/python3.11/site-packages/airflow/models/dagbag.py", line 351, in parse
    loader.exec_module(new_module)
  File "<frozen importlib._bootstrap_external>", line 940, in exec_module
  File "<frozen importlib._bootstrap>", line 241, in _call_with_frames_removed
  File "/opt/airflow/dags/futsal_pipeline.py", line 16, in <module>
    from pipeline.data_pipeline import DataPipeline
  File "/opt/airflow/pipeline/data_pipeline.py", line 1, in <module>
    from components.data_ingestion import DataIngestion
  File "/opt/airflow/components/data_ingestion.py", line 2, in <module>
    from db.db_connection import DB
ModuleNotFoundError: No module named 'db'
[2026-06-15T11:22:42.203+0000] {processor.py:842} WARNING - No viable dags retrieved from /opt/airflow/dags/futsal_pipeline.py
[2026-06-15T11:22:42.232+0000] {processor.py:183} INFO - Processing /opt/airflow/dags/futsal_pipeline.py took 0.419 seconds
[2026-06-15T11:23:12.463+0000] {processor.py:161} INFO - Started process (PID=5435) to work on /opt/airflow/dags/futsal_pipeline.py
[2026-06-15T11:23:12.464+0000] {processor.py:830} INFO - Processing file /opt/airflow/dags/futsal_pipeline.py for tasks to queue
[2026-06-15T11:23:12.465+0000] {logging_mixin.py:188} INFO - [2026-06-15T11:23:12.465+0000] {dagbag.py:545} INFO - Filling up the DagBag from /opt/airflow/dags/futsal_pipeline.py
[2026-06-15T11:23:12.785+0000] {logging_mixin.py:188} INFO - [2026-06-15T11:23:12.775+0000] {dagbag.py:355} ERROR - Failed to import: /opt/airflow/dags/futsal_pipeline.py
Traceback (most recent call last):
  File "/home/airflow/.local/lib/python3.11/site-packages/airflow/models/dagbag.py", line 351, in parse
    loader.exec_module(new_module)
  File "<frozen importlib._bootstrap_external>", line 940, in exec_module
  File "<frozen importlib._bootstrap>", line 241, in _call_with_frames_removed
  File "/opt/airflow/dags/futsal_pipeline.py", line 16, in <module>
    from pipeline.data_pipeline import DataPipeline
  File "/opt/airflow/pipeline/data_pipeline.py", line 1, in <module>
    from components.data_ingestion import DataIngestion
  File "/opt/airflow/components/data_ingestion.py", line 2, in <module>
    from db.db_connection import DB
ModuleNotFoundError: No module named 'db'
[2026-06-15T11:23:12.787+0000] {processor.py:842} WARNING - No viable dags retrieved from /opt/airflow/dags/futsal_pipeline.py
[2026-06-15T11:23:12.804+0000] {processor.py:183} INFO - Processing /opt/airflow/dags/futsal_pipeline.py took 0.346 seconds
[2026-06-15T11:23:43.017+0000] {processor.py:161} INFO - Started process (PID=5447) to work on /opt/airflow/dags/futsal_pipeline.py
[2026-06-15T11:23:43.018+0000] {processor.py:830} INFO - Processing file /opt/airflow/dags/futsal_pipeline.py for tasks to queue
[2026-06-15T11:23:43.020+0000] {logging_mixin.py:188} INFO - [2026-06-15T11:23:43.019+0000] {dagbag.py:545} INFO - Filling up the DagBag from /opt/airflow/dags/futsal_pipeline.py
[2026-06-15T11:23:43.359+0000] {logging_mixin.py:188} INFO - [2026-06-15T11:23:43.347+0000] {dagbag.py:355} ERROR - Failed to import: /opt/airflow/dags/futsal_pipeline.py
Traceback (most recent call last):
  File "/home/airflow/.local/lib/python3.11/site-packages/airflow/models/dagbag.py", line 351, in parse
    loader.exec_module(new_module)
  File "<frozen importlib._bootstrap_external>", line 940, in exec_module
  File "<frozen importlib._bootstrap>", line 241, in _call_with_frames_removed
  File "/opt/airflow/dags/futsal_pipeline.py", line 16, in <module>
    from pipeline.data_pipeline import DataPipeline
  File "/opt/airflow/pipeline/data_pipeline.py", line 1, in <module>
    from components.data_ingestion import DataIngestion
  File "/opt/airflow/components/data_ingestion.py", line 2, in <module>
    from db.db_connection import DB
ModuleNotFoundError: No module named 'db'
[2026-06-15T11:23:43.360+0000] {processor.py:842} WARNING - No viable dags retrieved from /opt/airflow/dags/futsal_pipeline.py
[2026-06-15T11:23:43.389+0000] {processor.py:183} INFO - Processing /opt/airflow/dags/futsal_pipeline.py took 0.378 seconds
[2026-06-15T11:24:13.651+0000] {processor.py:161} INFO - Started process (PID=5459) to work on /opt/airflow/dags/futsal_pipeline.py
[2026-06-15T11:24:13.652+0000] {processor.py:830} INFO - Processing file /opt/airflow/dags/futsal_pipeline.py for tasks to queue
[2026-06-15T11:24:13.653+0000] {logging_mixin.py:188} INFO - [2026-06-15T11:24:13.652+0000] {dagbag.py:545} INFO - Filling up the DagBag from /opt/airflow/dags/futsal_pipeline.py
[2026-06-15T11:24:13.955+0000] {logging_mixin.py:188} INFO - [2026-06-15T11:24:13.945+0000] {dagbag.py:355} ERROR - Failed to import: /opt/airflow/dags/futsal_pipeline.py
Traceback (most recent call last):
  File "/home/airflow/.local/lib/python3.11/site-packages/airflow/models/dagbag.py", line 351, in parse
    loader.exec_module(new_module)
  File "<frozen importlib._bootstrap_external>", line 940, in exec_module
  File "<frozen importlib._bootstrap>", line 241, in _call_with_frames_removed
  File "/opt/airflow/dags/futsal_pipeline.py", line 16, in <module>
    from pipeline.data_pipeline import DataPipeline
  File "/opt/airflow/pipeline/data_pipeline.py", line 1, in <module>
    from components.data_ingestion import DataIngestion
  File "/opt/airflow/components/data_ingestion.py", line 2, in <module>
    from db.db_connection import DB
ModuleNotFoundError: No module named 'db'
[2026-06-15T11:24:13.957+0000] {processor.py:842} WARNING - No viable dags retrieved from /opt/airflow/dags/futsal_pipeline.py
[2026-06-15T11:24:13.985+0000] {processor.py:183} INFO - Processing /opt/airflow/dags/futsal_pipeline.py took 0.340 seconds
[2026-06-15T11:24:44.212+0000] {processor.py:161} INFO - Started process (PID=5471) to work on /opt/airflow/dags/futsal_pipeline.py
[2026-06-15T11:24:44.213+0000] {processor.py:830} INFO - Processing file /opt/airflow/dags/futsal_pipeline.py for tasks to queue
[2026-06-15T11:24:44.214+0000] {logging_mixin.py:188} INFO - [2026-06-15T11:24:44.214+0000] {dagbag.py:545} INFO - Filling up the DagBag from /opt/airflow/dags/futsal_pipeline.py
[2026-06-15T11:24:44.550+0000] {logging_mixin.py:188} INFO - [2026-06-15T11:24:44.537+0000] {dagbag.py:355} ERROR - Failed to import: /opt/airflow/dags/futsal_pipeline.py
Traceback (most recent call last):
  File "/home/airflow/.local/lib/python3.11/site-packages/airflow/models/dagbag.py", line 351, in parse
    loader.exec_module(new_module)
  File "<frozen importlib._bootstrap_external>", line 940, in exec_module
  File "<frozen importlib._bootstrap>", line 241, in _call_with_frames_removed
  File "/opt/airflow/dags/futsal_pipeline.py", line 16, in <module>
    from pipeline.data_pipeline import DataPipeline
  File "/opt/airflow/pipeline/data_pipeline.py", line 1, in <module>
    from components.data_ingestion import DataIngestion
  File "/opt/airflow/components/data_ingestion.py", line 2, in <module>
    from db.db_connection import DB
ModuleNotFoundError: No module named 'db'
[2026-06-15T11:24:44.551+0000] {processor.py:842} WARNING - No viable dags retrieved from /opt/airflow/dags/futsal_pipeline.py
[2026-06-15T11:24:44.569+0000] {processor.py:183} INFO - Processing /opt/airflow/dags/futsal_pipeline.py took 0.363 seconds
[2026-06-15T11:25:14.799+0000] {processor.py:161} INFO - Started process (PID=5483) to work on /opt/airflow/dags/futsal_pipeline.py
[2026-06-15T11:25:14.800+0000] {processor.py:830} INFO - Processing file /opt/airflow/dags/futsal_pipeline.py for tasks to queue
[2026-06-15T11:25:14.801+0000] {logging_mixin.py:188} INFO - [2026-06-15T11:25:14.800+0000] {dagbag.py:545} INFO - Filling up the DagBag from /opt/airflow/dags/futsal_pipeline.py
[2026-06-15T11:25:15.103+0000] {logging_mixin.py:188} INFO - [2026-06-15T11:25:15.094+0000] {dagbag.py:355} ERROR - Failed to import: /opt/airflow/dags/futsal_pipeline.py
Traceback (most recent call last):
  File "/home/airflow/.local/lib/python3.11/site-packages/airflow/models/dagbag.py", line 351, in parse
    loader.exec_module(new_module)
  File "<frozen importlib._bootstrap_external>", line 940, in exec_module
  File "<frozen importlib._bootstrap>", line 241, in _call_with_frames_removed
  File "/opt/airflow/dags/futsal_pipeline.py", line 16, in <module>
    from pipeline.data_pipeline import DataPipeline
  File "/opt/airflow/pipeline/data_pipeline.py", line 1, in <module>
    from components.data_ingestion import DataIngestion
  File "/opt/airflow/components/data_ingestion.py", line 2, in <module>
    from db.db_connection import DB
ModuleNotFoundError: No module named 'db'
[2026-06-15T11:25:15.105+0000] {processor.py:842} WARNING - No viable dags retrieved from /opt/airflow/dags/futsal_pipeline.py
[2026-06-15T11:25:15.134+0000] {processor.py:183} INFO - Processing /opt/airflow/dags/futsal_pipeline.py took 0.341 seconds
[2026-06-15T11:25:45.379+0000] {processor.py:161} INFO - Started process (PID=5495) to work on /opt/airflow/dags/futsal_pipeline.py
[2026-06-15T11:25:45.380+0000] {processor.py:830} INFO - Processing file /opt/airflow/dags/futsal_pipeline.py for tasks to queue
[2026-06-15T11:25:45.381+0000] {logging_mixin.py:188} INFO - [2026-06-15T11:25:45.381+0000] {dagbag.py:545} INFO - Filling up the DagBag from /opt/airflow/dags/futsal_pipeline.py
[2026-06-15T11:25:45.709+0000] {logging_mixin.py:188} INFO - [2026-06-15T11:25:45.696+0000] {dagbag.py:355} ERROR - Failed to import: /opt/airflow/dags/futsal_pipeline.py
Traceback (most recent call last):
  File "/home/airflow/.local/lib/python3.11/site-packages/airflow/models/dagbag.py", line 351, in parse
    loader.exec_module(new_module)
  File "<frozen importlib._bootstrap_external>", line 940, in exec_module
  File "<frozen importlib._bootstrap>", line 241, in _call_with_frames_removed
  File "/opt/airflow/dags/futsal_pipeline.py", line 16, in <module>
    from pipeline.data_pipeline import DataPipeline
  File "/opt/airflow/pipeline/data_pipeline.py", line 1, in <module>
    from components.data_ingestion import DataIngestion
  File "/opt/airflow/components/data_ingestion.py", line 2, in <module>
    from db.db_connection import DB
ModuleNotFoundError: No module named 'db'
[2026-06-15T11:25:45.710+0000] {processor.py:842} WARNING - No viable dags retrieved from /opt/airflow/dags/futsal_pipeline.py
[2026-06-15T11:25:45.731+0000] {processor.py:183} INFO - Processing /opt/airflow/dags/futsal_pipeline.py took 0.357 seconds
[2026-06-15T11:26:15.930+0000] {processor.py:161} INFO - Started process (PID=5507) to work on /opt/airflow/dags/futsal_pipeline.py
[2026-06-15T11:26:15.931+0000] {processor.py:830} INFO - Processing file /opt/airflow/dags/futsal_pipeline.py for tasks to queue
[2026-06-15T11:26:15.932+0000] {logging_mixin.py:188} INFO - [2026-06-15T11:26:15.932+0000] {dagbag.py:545} INFO - Filling up the DagBag from /opt/airflow/dags/futsal_pipeline.py
[2026-06-15T11:26:16.284+0000] {logging_mixin.py:188} INFO - [2026-06-15T11:26:16.271+0000] {dagbag.py:355} ERROR - Failed to import: /opt/airflow/dags/futsal_pipeline.py
Traceback (most recent call last):
  File "/home/airflow/.local/lib/python3.11/site-packages/airflow/models/dagbag.py", line 351, in parse
    loader.exec_module(new_module)
  File "<frozen importlib._bootstrap_external>", line 940, in exec_module
  File "<frozen importlib._bootstrap>", line 241, in _call_with_frames_removed
  File "/opt/airflow/dags/futsal_pipeline.py", line 16, in <module>
    from pipeline.data_pipeline import DataPipeline
  File "/opt/airflow/pipeline/data_pipeline.py", line 1, in <module>
    from components.data_ingestion import DataIngestion
  File "/opt/airflow/components/data_ingestion.py", line 2, in <module>
    from db.db_connection import DB
ModuleNotFoundError: No module named 'db'
[2026-06-15T11:26:16.286+0000] {processor.py:842} WARNING - No viable dags retrieved from /opt/airflow/dags/futsal_pipeline.py
[2026-06-15T11:26:16.315+0000] {processor.py:183} INFO - Processing /opt/airflow/dags/futsal_pipeline.py took 0.391 seconds
[2026-06-15T11:26:46.539+0000] {processor.py:161} INFO - Started process (PID=5519) to work on /opt/airflow/dags/futsal_pipeline.py
[2026-06-15T11:26:46.540+0000] {processor.py:830} INFO - Processing file /opt/airflow/dags/futsal_pipeline.py for tasks to queue
[2026-06-15T11:26:46.541+0000] {logging_mixin.py:188} INFO - [2026-06-15T11:26:46.540+0000] {dagbag.py:545} INFO - Filling up the DagBag from /opt/airflow/dags/futsal_pipeline.py
[2026-06-15T11:26:46.860+0000] {logging_mixin.py:188} INFO - [2026-06-15T11:26:46.850+0000] {dagbag.py:355} ERROR - Failed to import: /opt/airflow/dags/futsal_pipeline.py
Traceback (most recent call last):
  File "/home/airflow/.local/lib/python3.11/site-packages/airflow/models/dagbag.py", line 351, in parse
    loader.exec_module(new_module)
  File "<frozen importlib._bootstrap_external>", line 940, in exec_module
  File "<frozen importlib._bootstrap>", line 241, in _call_with_frames_removed
  File "/opt/airflow/dags/futsal_pipeline.py", line 16, in <module>
    from pipeline.data_pipeline import DataPipeline
  File "/opt/airflow/pipeline/data_pipeline.py", line 1, in <module>
    from components.data_ingestion import DataIngestion
  File "/opt/airflow/components/data_ingestion.py", line 2, in <module>
    from db.db_connection import DB
ModuleNotFoundError: No module named 'db'
[2026-06-15T11:26:46.861+0000] {processor.py:842} WARNING - No viable dags retrieved from /opt/airflow/dags/futsal_pipeline.py
[2026-06-15T11:26:46.890+0000] {processor.py:183} INFO - Processing /opt/airflow/dags/futsal_pipeline.py took 0.357 seconds
[2026-06-15T11:27:17.111+0000] {processor.py:161} INFO - Started process (PID=5531) to work on /opt/airflow/dags/futsal_pipeline.py
[2026-06-15T11:27:17.112+0000] {processor.py:830} INFO - Processing file /opt/airflow/dags/futsal_pipeline.py for tasks to queue
[2026-06-15T11:27:17.115+0000] {logging_mixin.py:188} INFO - [2026-06-15T11:27:17.114+0000] {dagbag.py:545} INFO - Filling up the DagBag from /opt/airflow/dags/futsal_pipeline.py
[2026-06-15T11:27:17.504+0000] {logging_mixin.py:188} INFO - [2026-06-15T11:27:17.486+0000] {dagbag.py:355} ERROR - Failed to import: /opt/airflow/dags/futsal_pipeline.py
Traceback (most recent call last):
  File "/home/airflow/.local/lib/python3.11/site-packages/airflow/models/dagbag.py", line 351, in parse
    loader.exec_module(new_module)
  File "<frozen importlib._bootstrap_external>", line 940, in exec_module
  File "<frozen importlib._bootstrap>", line 241, in _call_with_frames_removed
  File "/opt/airflow/dags/futsal_pipeline.py", line 16, in <module>
    from pipeline.data_pipeline import DataPipeline
  File "/opt/airflow/pipeline/data_pipeline.py", line 1, in <module>
    from components.data_ingestion import DataIngestion
  File "/opt/airflow/components/data_ingestion.py", line 2, in <module>
    from db.db_connection import DB
ModuleNotFoundError: No module named 'db'
[2026-06-15T11:27:17.507+0000] {processor.py:842} WARNING - No viable dags retrieved from /opt/airflow/dags/futsal_pipeline.py
[2026-06-15T11:27:17.537+0000] {processor.py:183} INFO - Processing /opt/airflow/dags/futsal_pipeline.py took 0.433 seconds
[2026-06-15T11:27:47.804+0000] {processor.py:161} INFO - Started process (PID=5543) to work on /opt/airflow/dags/futsal_pipeline.py
[2026-06-15T11:27:47.806+0000] {processor.py:830} INFO - Processing file /opt/airflow/dags/futsal_pipeline.py for tasks to queue
[2026-06-15T11:27:47.807+0000] {logging_mixin.py:188} INFO - [2026-06-15T11:27:47.807+0000] {dagbag.py:545} INFO - Filling up the DagBag from /opt/airflow/dags/futsal_pipeline.py
[2026-06-15T11:27:48.161+0000] {logging_mixin.py:188} INFO - [2026-06-15T11:27:48.148+0000] {dagbag.py:355} ERROR - Failed to import: /opt/airflow/dags/futsal_pipeline.py
Traceback (most recent call last):
  File "/home/airflow/.local/lib/python3.11/site-packages/airflow/models/dagbag.py", line 351, in parse
    loader.exec_module(new_module)
  File "<frozen importlib._bootstrap_external>", line 940, in exec_module
  File "<frozen importlib._bootstrap>", line 241, in _call_with_frames_removed
  File "/opt/airflow/dags/futsal_pipeline.py", line 16, in <module>
    from pipeline.data_pipeline import DataPipeline
  File "/opt/airflow/pipeline/data_pipeline.py", line 1, in <module>
    from components.data_ingestion import DataIngestion
  File "/opt/airflow/components/data_ingestion.py", line 2, in <module>
    from db.db_connection import DB
ModuleNotFoundError: No module named 'db'
[2026-06-15T11:27:48.164+0000] {processor.py:842} WARNING - No viable dags retrieved from /opt/airflow/dags/futsal_pipeline.py
[2026-06-15T11:27:48.185+0000] {processor.py:183} INFO - Processing /opt/airflow/dags/futsal_pipeline.py took 0.390 seconds
[2026-06-15T11:28:18.397+0000] {processor.py:161} INFO - Started process (PID=5555) to work on /opt/airflow/dags/futsal_pipeline.py
[2026-06-15T11:28:18.398+0000] {processor.py:830} INFO - Processing file /opt/airflow/dags/futsal_pipeline.py for tasks to queue
[2026-06-15T11:28:18.400+0000] {logging_mixin.py:188} INFO - [2026-06-15T11:28:18.399+0000] {dagbag.py:545} INFO - Filling up the DagBag from /opt/airflow/dags/futsal_pipeline.py
[2026-06-15T11:28:18.721+0000] {logging_mixin.py:188} INFO - [2026-06-15T11:28:18.709+0000] {dagbag.py:355} ERROR - Failed to import: /opt/airflow/dags/futsal_pipeline.py
Traceback (most recent call last):
  File "/home/airflow/.local/lib/python3.11/site-packages/airflow/models/dagbag.py", line 351, in parse
    loader.exec_module(new_module)
  File "<frozen importlib._bootstrap_external>", line 940, in exec_module
  File "<frozen importlib._bootstrap>", line 241, in _call_with_frames_removed
  File "/opt/airflow/dags/futsal_pipeline.py", line 16, in <module>
    from pipeline.data_pipeline import DataPipeline
  File "/opt/airflow/pipeline/data_pipeline.py", line 1, in <module>
    from components.data_ingestion import DataIngestion
  File "/opt/airflow/components/data_ingestion.py", line 2, in <module>
    from db.db_connection import DB
ModuleNotFoundError: No module named 'db'
[2026-06-15T11:28:18.723+0000] {processor.py:842} WARNING - No viable dags retrieved from /opt/airflow/dags/futsal_pipeline.py
[2026-06-15T11:28:18.750+0000] {processor.py:183} INFO - Processing /opt/airflow/dags/futsal_pipeline.py took 0.359 seconds
[2026-06-15T11:28:48.951+0000] {processor.py:161} INFO - Started process (PID=5567) to work on /opt/airflow/dags/futsal_pipeline.py
[2026-06-15T11:28:48.953+0000] {processor.py:830} INFO - Processing file /opt/airflow/dags/futsal_pipeline.py for tasks to queue
[2026-06-15T11:28:48.954+0000] {logging_mixin.py:188} INFO - [2026-06-15T11:28:48.954+0000] {dagbag.py:545} INFO - Filling up the DagBag from /opt/airflow/dags/futsal_pipeline.py
[2026-06-15T11:28:49.291+0000] {logging_mixin.py:188} INFO - [2026-06-15T11:28:49.279+0000] {dagbag.py:355} ERROR - Failed to import: /opt/airflow/dags/futsal_pipeline.py
Traceback (most recent call last):
  File "/home/airflow/.local/lib/python3.11/site-packages/airflow/models/dagbag.py", line 351, in parse
    loader.exec_module(new_module)
  File "<frozen importlib._bootstrap_external>", line 940, in exec_module
  File "<frozen importlib._bootstrap>", line 241, in _call_with_frames_removed
  File "/opt/airflow/dags/futsal_pipeline.py", line 16, in <module>
    from pipeline.data_pipeline import DataPipeline
  File "/opt/airflow/pipeline/data_pipeline.py", line 1, in <module>
    from components.data_ingestion import DataIngestion
  File "/opt/airflow/components/data_ingestion.py", line 2, in <module>
    from db.db_connection import DB
ModuleNotFoundError: No module named 'db'
[2026-06-15T11:28:49.293+0000] {processor.py:842} WARNING - No viable dags retrieved from /opt/airflow/dags/futsal_pipeline.py
[2026-06-15T11:28:49.325+0000] {processor.py:183} INFO - Processing /opt/airflow/dags/futsal_pipeline.py took 0.380 seconds
[2026-06-15T11:29:19.522+0000] {processor.py:161} INFO - Started process (PID=5579) to work on /opt/airflow/dags/futsal_pipeline.py
[2026-06-15T11:29:19.523+0000] {processor.py:830} INFO - Processing file /opt/airflow/dags/futsal_pipeline.py for tasks to queue
[2026-06-15T11:29:19.524+0000] {logging_mixin.py:188} INFO - [2026-06-15T11:29:19.524+0000] {dagbag.py:545} INFO - Filling up the DagBag from /opt/airflow/dags/futsal_pipeline.py
[2026-06-15T11:29:19.899+0000] {logging_mixin.py:188} INFO - [2026-06-15T11:29:19.887+0000] {dagbag.py:355} ERROR - Failed to import: /opt/airflow/dags/futsal_pipeline.py
Traceback (most recent call last):
  File "/home/airflow/.local/lib/python3.11/site-packages/airflow/models/dagbag.py", line 351, in parse
    loader.exec_module(new_module)
  File "<frozen importlib._bootstrap_external>", line 940, in exec_module
  File "<frozen importlib._bootstrap>", line 241, in _call_with_frames_removed
  File "/opt/airflow/dags/futsal_pipeline.py", line 16, in <module>
    from pipeline.data_pipeline import DataPipeline
  File "/opt/airflow/pipeline/data_pipeline.py", line 1, in <module>
    from components.data_ingestion import DataIngestion
  File "/opt/airflow/components/data_ingestion.py", line 2, in <module>
    from db.db_connection import DB
ModuleNotFoundError: No module named 'db'
[2026-06-15T11:29:19.902+0000] {processor.py:842} WARNING - No viable dags retrieved from /opt/airflow/dags/futsal_pipeline.py
[2026-06-15T11:29:19.924+0000] {processor.py:183} INFO - Processing /opt/airflow/dags/futsal_pipeline.py took 0.411 seconds
[2026-06-15T11:29:50.128+0000] {processor.py:161} INFO - Started process (PID=5597) to work on /opt/airflow/dags/futsal_pipeline.py
[2026-06-15T11:29:50.129+0000] {processor.py:830} INFO - Processing file /opt/airflow/dags/futsal_pipeline.py for tasks to queue
[2026-06-15T11:29:50.130+0000] {logging_mixin.py:188} INFO - [2026-06-15T11:29:50.129+0000] {dagbag.py:545} INFO - Filling up the DagBag from /opt/airflow/dags/futsal_pipeline.py
[2026-06-15T11:29:50.456+0000] {logging_mixin.py:188} INFO - [2026-06-15T11:29:50.442+0000] {dagbag.py:355} ERROR - Failed to import: /opt/airflow/dags/futsal_pipeline.py
Traceback (most recent call last):
  File "/home/airflow/.local/lib/python3.11/site-packages/airflow/models/dagbag.py", line 351, in parse
    loader.exec_module(new_module)
  File "<frozen importlib._bootstrap_external>", line 940, in exec_module
  File "<frozen importlib._bootstrap>", line 241, in _call_with_frames_removed
  File "/opt/airflow/dags/futsal_pipeline.py", line 16, in <module>
    from pipeline.data_pipeline import DataPipeline
  File "/opt/airflow/pipeline/data_pipeline.py", line 1, in <module>
    from components.data_ingestion import DataIngestion
  File "/opt/airflow/components/data_ingestion.py", line 2, in <module>
    from db.db_connection import DB
ModuleNotFoundError: No module named 'db'
[2026-06-15T11:29:50.458+0000] {processor.py:842} WARNING - No viable dags retrieved from /opt/airflow/dags/futsal_pipeline.py
[2026-06-15T11:29:50.478+0000] {processor.py:183} INFO - Processing /opt/airflow/dags/futsal_pipeline.py took 0.355 seconds
[2026-06-15T11:30:20.720+0000] {processor.py:161} INFO - Started process (PID=5609) to work on /opt/airflow/dags/futsal_pipeline.py
[2026-06-15T11:30:20.721+0000] {processor.py:830} INFO - Processing file /opt/airflow/dags/futsal_pipeline.py for tasks to queue
[2026-06-15T11:30:20.723+0000] {logging_mixin.py:188} INFO - [2026-06-15T11:30:20.722+0000] {dagbag.py:545} INFO - Filling up the DagBag from /opt/airflow/dags/futsal_pipeline.py
[2026-06-15T11:30:21.091+0000] {logging_mixin.py:188} INFO - [2026-06-15T11:30:21.083+0000] {dagbag.py:355} ERROR - Failed to import: /opt/airflow/dags/futsal_pipeline.py
Traceback (most recent call last):
  File "/home/airflow/.local/lib/python3.11/site-packages/airflow/models/dagbag.py", line 351, in parse
    loader.exec_module(new_module)
  File "<frozen importlib._bootstrap_external>", line 940, in exec_module
  File "<frozen importlib._bootstrap>", line 241, in _call_with_frames_removed
  File "/opt/airflow/dags/futsal_pipeline.py", line 16, in <module>
    from pipeline.data_pipeline import DataPipeline
  File "/opt/airflow/pipeline/data_pipeline.py", line 1, in <module>
    from components.data_ingestion import DataIngestion
  File "/opt/airflow/components/data_ingestion.py", line 2, in <module>
    from db.db_connection import DB
ModuleNotFoundError: No module named 'db'
[2026-06-15T11:30:21.093+0000] {processor.py:842} WARNING - No viable dags retrieved from /opt/airflow/dags/futsal_pipeline.py
[2026-06-15T11:30:21.121+0000] {processor.py:183} INFO - Processing /opt/airflow/dags/futsal_pipeline.py took 0.408 seconds
[2026-06-15T11:30:51.326+0000] {processor.py:161} INFO - Started process (PID=5621) to work on /opt/airflow/dags/futsal_pipeline.py
[2026-06-15T11:30:51.327+0000] {processor.py:830} INFO - Processing file /opt/airflow/dags/futsal_pipeline.py for tasks to queue
[2026-06-15T11:30:51.328+0000] {logging_mixin.py:188} INFO - [2026-06-15T11:30:51.327+0000] {dagbag.py:545} INFO - Filling up the DagBag from /opt/airflow/dags/futsal_pipeline.py
[2026-06-15T11:30:51.668+0000] {logging_mixin.py:188} INFO - [2026-06-15T11:30:51.657+0000] {dagbag.py:355} ERROR - Failed to import: /opt/airflow/dags/futsal_pipeline.py
Traceback (most recent call last):
  File "/home/airflow/.local/lib/python3.11/site-packages/airflow/models/dagbag.py", line 351, in parse
    loader.exec_module(new_module)
  File "<frozen importlib._bootstrap_external>", line 940, in exec_module
  File "<frozen importlib._bootstrap>", line 241, in _call_with_frames_removed
  File "/opt/airflow/dags/futsal_pipeline.py", line 16, in <module>
    from pipeline.data_pipeline import DataPipeline
  File "/opt/airflow/pipeline/data_pipeline.py", line 1, in <module>
    from components.data_ingestion import DataIngestion
  File "/opt/airflow/components/data_ingestion.py", line 2, in <module>
    from db.db_connection import DB
ModuleNotFoundError: No module named 'db'
[2026-06-15T11:30:51.670+0000] {processor.py:842} WARNING - No viable dags retrieved from /opt/airflow/dags/futsal_pipeline.py
[2026-06-15T11:30:51.688+0000] {processor.py:183} INFO - Processing /opt/airflow/dags/futsal_pipeline.py took 0.367 seconds
[2026-06-15T11:31:21.898+0000] {processor.py:161} INFO - Started process (PID=5633) to work on /opt/airflow/dags/futsal_pipeline.py
[2026-06-15T11:31:21.899+0000] {processor.py:830} INFO - Processing file /opt/airflow/dags/futsal_pipeline.py for tasks to queue
[2026-06-15T11:31:21.900+0000] {logging_mixin.py:188} INFO - [2026-06-15T11:31:21.900+0000] {dagbag.py:545} INFO - Filling up the DagBag from /opt/airflow/dags/futsal_pipeline.py
[2026-06-15T11:31:22.239+0000] {logging_mixin.py:188} INFO - [2026-06-15T11:31:22.226+0000] {dagbag.py:355} ERROR - Failed to import: /opt/airflow/dags/futsal_pipeline.py
Traceback (most recent call last):
  File "/home/airflow/.local/lib/python3.11/site-packages/airflow/models/dagbag.py", line 351, in parse
    loader.exec_module(new_module)
  File "<frozen importlib._bootstrap_external>", line 940, in exec_module
  File "<frozen importlib._bootstrap>", line 241, in _call_with_frames_removed
  File "/opt/airflow/dags/futsal_pipeline.py", line 16, in <module>
    from pipeline.data_pipeline import DataPipeline
  File "/opt/airflow/pipeline/data_pipeline.py", line 1, in <module>
    from components.data_ingestion import DataIngestion
  File "/opt/airflow/components/data_ingestion.py", line 2, in <module>
    from db.db_connection import DB
ModuleNotFoundError: No module named 'db'
[2026-06-15T11:31:22.241+0000] {processor.py:842} WARNING - No viable dags retrieved from /opt/airflow/dags/futsal_pipeline.py
[2026-06-15T11:31:22.268+0000] {processor.py:183} INFO - Processing /opt/airflow/dags/futsal_pipeline.py took 0.376 seconds
[2026-06-15T11:31:52.556+0000] {processor.py:161} INFO - Started process (PID=5645) to work on /opt/airflow/dags/futsal_pipeline.py
[2026-06-15T11:31:52.557+0000] {processor.py:830} INFO - Processing file /opt/airflow/dags/futsal_pipeline.py for tasks to queue
[2026-06-15T11:31:52.559+0000] {logging_mixin.py:188} INFO - [2026-06-15T11:31:52.558+0000] {dagbag.py:545} INFO - Filling up the DagBag from /opt/airflow/dags/futsal_pipeline.py
[2026-06-15T11:31:52.966+0000] {logging_mixin.py:188} INFO - [2026-06-15T11:31:52.955+0000] {dagbag.py:355} ERROR - Failed to import: /opt/airflow/dags/futsal_pipeline.py
Traceback (most recent call last):
  File "/home/airflow/.local/lib/python3.11/site-packages/airflow/models/dagbag.py", line 351, in parse
    loader.exec_module(new_module)
  File "<frozen importlib._bootstrap_external>", line 940, in exec_module
  File "<frozen importlib._bootstrap>", line 241, in _call_with_frames_removed
  File "/opt/airflow/dags/futsal_pipeline.py", line 16, in <module>
    from pipeline.data_pipeline import DataPipeline
  File "/opt/airflow/pipeline/data_pipeline.py", line 1, in <module>
    from components.data_ingestion import DataIngestion
  File "/opt/airflow/components/data_ingestion.py", line 2, in <module>
    from db.db_connection import DB
ModuleNotFoundError: No module named 'db'
[2026-06-15T11:31:52.968+0000] {processor.py:842} WARNING - No viable dags retrieved from /opt/airflow/dags/futsal_pipeline.py
[2026-06-15T11:31:53.001+0000] {processor.py:183} INFO - Processing /opt/airflow/dags/futsal_pipeline.py took 0.464 seconds
[2026-06-15T11:32:23.239+0000] {processor.py:161} INFO - Started process (PID=5657) to work on /opt/airflow/dags/futsal_pipeline.py
[2026-06-15T11:32:23.240+0000] {processor.py:830} INFO - Processing file /opt/airflow/dags/futsal_pipeline.py for tasks to queue
[2026-06-15T11:32:23.241+0000] {logging_mixin.py:188} INFO - [2026-06-15T11:32:23.241+0000] {dagbag.py:545} INFO - Filling up the DagBag from /opt/airflow/dags/futsal_pipeline.py
[2026-06-15T11:32:23.601+0000] {logging_mixin.py:188} INFO - [2026-06-15T11:32:23.590+0000] {dagbag.py:355} ERROR - Failed to import: /opt/airflow/dags/futsal_pipeline.py
Traceback (most recent call last):
  File "/home/airflow/.local/lib/python3.11/site-packages/airflow/models/dagbag.py", line 351, in parse
    loader.exec_module(new_module)
  File "<frozen importlib._bootstrap_external>", line 940, in exec_module
  File "<frozen importlib._bootstrap>", line 241, in _call_with_frames_removed
  File "/opt/airflow/dags/futsal_pipeline.py", line 16, in <module>
    from pipeline.data_pipeline import DataPipeline
  File "/opt/airflow/pipeline/data_pipeline.py", line 1, in <module>
    from components.data_ingestion import DataIngestion
  File "/opt/airflow/components/data_ingestion.py", line 2, in <module>
    from db.db_connection import DB
ModuleNotFoundError: No module named 'db'
[2026-06-15T11:32:23.603+0000] {processor.py:842} WARNING - No viable dags retrieved from /opt/airflow/dags/futsal_pipeline.py
[2026-06-15T11:32:23.633+0000] {processor.py:183} INFO - Processing /opt/airflow/dags/futsal_pipeline.py took 0.400 seconds
[2026-06-15T11:32:53.882+0000] {processor.py:161} INFO - Started process (PID=5669) to work on /opt/airflow/dags/futsal_pipeline.py
[2026-06-15T11:32:53.883+0000] {processor.py:830} INFO - Processing file /opt/airflow/dags/futsal_pipeline.py for tasks to queue
[2026-06-15T11:32:53.884+0000] {logging_mixin.py:188} INFO - [2026-06-15T11:32:53.884+0000] {dagbag.py:545} INFO - Filling up the DagBag from /opt/airflow/dags/futsal_pipeline.py
[2026-06-15T11:32:54.208+0000] {logging_mixin.py:188} INFO - [2026-06-15T11:32:54.199+0000] {dagbag.py:355} ERROR - Failed to import: /opt/airflow/dags/futsal_pipeline.py
Traceback (most recent call last):
  File "/home/airflow/.local/lib/python3.11/site-packages/airflow/models/dagbag.py", line 351, in parse
    loader.exec_module(new_module)
  File "<frozen importlib._bootstrap_external>", line 940, in exec_module
  File "<frozen importlib._bootstrap>", line 241, in _call_with_frames_removed
  File "/opt/airflow/dags/futsal_pipeline.py", line 16, in <module>
    from pipeline.data_pipeline import DataPipeline
  File "/opt/airflow/pipeline/data_pipeline.py", line 1, in <module>
    from components.data_ingestion import DataIngestion
  File "/opt/airflow/components/data_ingestion.py", line 2, in <module>
    from db.db_connection import DB
ModuleNotFoundError: No module named 'db'
[2026-06-15T11:32:54.210+0000] {processor.py:842} WARNING - No viable dags retrieved from /opt/airflow/dags/futsal_pipeline.py
[2026-06-15T11:32:54.240+0000] {processor.py:183} INFO - Processing /opt/airflow/dags/futsal_pipeline.py took 0.363 seconds
[2026-06-15T11:33:24.501+0000] {processor.py:161} INFO - Started process (PID=5681) to work on /opt/airflow/dags/futsal_pipeline.py
[2026-06-15T11:33:24.502+0000] {processor.py:830} INFO - Processing file /opt/airflow/dags/futsal_pipeline.py for tasks to queue
[2026-06-15T11:33:24.503+0000] {logging_mixin.py:188} INFO - [2026-06-15T11:33:24.503+0000] {dagbag.py:545} INFO - Filling up the DagBag from /opt/airflow/dags/futsal_pipeline.py
[2026-06-15T11:33:24.844+0000] {logging_mixin.py:188} INFO - [2026-06-15T11:33:24.831+0000] {dagbag.py:355} ERROR - Failed to import: /opt/airflow/dags/futsal_pipeline.py
Traceback (most recent call last):
  File "/home/airflow/.local/lib/python3.11/site-packages/airflow/models/dagbag.py", line 351, in parse
    loader.exec_module(new_module)
  File "<frozen importlib._bootstrap_external>", line 940, in exec_module
  File "<frozen importlib._bootstrap>", line 241, in _call_with_frames_removed
  File "/opt/airflow/dags/futsal_pipeline.py", line 16, in <module>
    from pipeline.data_pipeline import DataPipeline
  File "/opt/airflow/pipeline/data_pipeline.py", line 1, in <module>
    from components.data_ingestion import DataIngestion
  File "/opt/airflow/components/data_ingestion.py", line 2, in <module>
    from db.db_connection import DB
ModuleNotFoundError: No module named 'db'
[2026-06-15T11:33:24.846+0000] {processor.py:842} WARNING - No viable dags retrieved from /opt/airflow/dags/futsal_pipeline.py
[2026-06-15T11:33:24.875+0000] {processor.py:183} INFO - Processing /opt/airflow/dags/futsal_pipeline.py took 0.379 seconds
[2026-06-15T11:33:55.143+0000] {processor.py:161} INFO - Started process (PID=5693) to work on /opt/airflow/dags/futsal_pipeline.py
[2026-06-15T11:33:55.144+0000] {processor.py:830} INFO - Processing file /opt/airflow/dags/futsal_pipeline.py for tasks to queue
[2026-06-15T11:33:55.145+0000] {logging_mixin.py:188} INFO - [2026-06-15T11:33:55.145+0000] {dagbag.py:545} INFO - Filling up the DagBag from /opt/airflow/dags/futsal_pipeline.py
[2026-06-15T11:33:55.467+0000] {logging_mixin.py:188} INFO - [2026-06-15T11:33:55.455+0000] {dagbag.py:355} ERROR - Failed to import: /opt/airflow/dags/futsal_pipeline.py
Traceback (most recent call last):
  File "/home/airflow/.local/lib/python3.11/site-packages/airflow/models/dagbag.py", line 351, in parse
    loader.exec_module(new_module)
  File "<frozen importlib._bootstrap_external>", line 940, in exec_module
  File "<frozen importlib._bootstrap>", line 241, in _call_with_frames_removed
  File "/opt/airflow/dags/futsal_pipeline.py", line 16, in <module>
    from pipeline.data_pipeline import DataPipeline
  File "/opt/airflow/pipeline/data_pipeline.py", line 1, in <module>
    from components.data_ingestion import DataIngestion
  File "/opt/airflow/components/data_ingestion.py", line 2, in <module>
    from db.db_connection import DB
ModuleNotFoundError: No module named 'db'
[2026-06-15T11:33:55.469+0000] {processor.py:842} WARNING - No viable dags retrieved from /opt/airflow/dags/futsal_pipeline.py
[2026-06-15T11:33:55.499+0000] {processor.py:183} INFO - Processing /opt/airflow/dags/futsal_pipeline.py took 0.362 seconds
[2026-06-15T11:34:25.710+0000] {processor.py:161} INFO - Started process (PID=5705) to work on /opt/airflow/dags/futsal_pipeline.py
[2026-06-15T11:34:25.712+0000] {processor.py:830} INFO - Processing file /opt/airflow/dags/futsal_pipeline.py for tasks to queue
[2026-06-15T11:34:25.712+0000] {logging_mixin.py:188} INFO - [2026-06-15T11:34:25.712+0000] {dagbag.py:545} INFO - Filling up the DagBag from /opt/airflow/dags/futsal_pipeline.py
[2026-06-15T11:34:26.021+0000] {logging_mixin.py:188} INFO - [2026-06-15T11:34:26.012+0000] {dagbag.py:355} ERROR - Failed to import: /opt/airflow/dags/futsal_pipeline.py
Traceback (most recent call last):
  File "/home/airflow/.local/lib/python3.11/site-packages/airflow/models/dagbag.py", line 351, in parse
    loader.exec_module(new_module)
  File "<frozen importlib._bootstrap_external>", line 940, in exec_module
  File "<frozen importlib._bootstrap>", line 241, in _call_with_frames_removed
  File "/opt/airflow/dags/futsal_pipeline.py", line 16, in <module>
    from pipeline.data_pipeline import DataPipeline
  File "/opt/airflow/pipeline/data_pipeline.py", line 1, in <module>
    from components.data_ingestion import DataIngestion
  File "/opt/airflow/components/data_ingestion.py", line 2, in <module>
    from db.db_connection import DB
ModuleNotFoundError: No module named 'db'
[2026-06-15T11:34:26.023+0000] {processor.py:842} WARNING - No viable dags retrieved from /opt/airflow/dags/futsal_pipeline.py
[2026-06-15T11:34:26.051+0000] {processor.py:183} INFO - Processing /opt/airflow/dags/futsal_pipeline.py took 0.347 seconds
[2026-06-15T11:34:56.291+0000] {processor.py:161} INFO - Started process (PID=5717) to work on /opt/airflow/dags/futsal_pipeline.py
[2026-06-15T11:34:56.292+0000] {processor.py:830} INFO - Processing file /opt/airflow/dags/futsal_pipeline.py for tasks to queue
[2026-06-15T11:34:56.293+0000] {logging_mixin.py:188} INFO - [2026-06-15T11:34:56.293+0000] {dagbag.py:545} INFO - Filling up the DagBag from /opt/airflow/dags/futsal_pipeline.py
[2026-06-15T11:34:56.598+0000] {logging_mixin.py:188} INFO - [2026-06-15T11:34:56.588+0000] {dagbag.py:355} ERROR - Failed to import: /opt/airflow/dags/futsal_pipeline.py
Traceback (most recent call last):
  File "/home/airflow/.local/lib/python3.11/site-packages/airflow/models/dagbag.py", line 351, in parse
    loader.exec_module(new_module)
  File "<frozen importlib._bootstrap_external>", line 940, in exec_module
  File "<frozen importlib._bootstrap>", line 241, in _call_with_frames_removed
  File "/opt/airflow/dags/futsal_pipeline.py", line 16, in <module>
    from pipeline.data_pipeline import DataPipeline
  File "/opt/airflow/pipeline/data_pipeline.py", line 1, in <module>
    from components.data_ingestion import DataIngestion
  File "/opt/airflow/components/data_ingestion.py", line 2, in <module>
    from db.db_connection import DB
ModuleNotFoundError: No module named 'db'
[2026-06-15T11:34:56.600+0000] {processor.py:842} WARNING - No viable dags retrieved from /opt/airflow/dags/futsal_pipeline.py
[2026-06-15T11:34:56.627+0000] {processor.py:183} INFO - Processing /opt/airflow/dags/futsal_pipeline.py took 0.342 seconds
[2026-06-15T11:35:26.869+0000] {processor.py:161} INFO - Started process (PID=5729) to work on /opt/airflow/dags/futsal_pipeline.py
[2026-06-15T11:35:26.870+0000] {processor.py:830} INFO - Processing file /opt/airflow/dags/futsal_pipeline.py for tasks to queue
[2026-06-15T11:35:26.871+0000] {logging_mixin.py:188} INFO - [2026-06-15T11:35:26.871+0000] {dagbag.py:545} INFO - Filling up the DagBag from /opt/airflow/dags/futsal_pipeline.py
[2026-06-15T11:35:27.180+0000] {logging_mixin.py:188} INFO - [2026-06-15T11:35:27.169+0000] {dagbag.py:355} ERROR - Failed to import: /opt/airflow/dags/futsal_pipeline.py
Traceback (most recent call last):
  File "/home/airflow/.local/lib/python3.11/site-packages/airflow/models/dagbag.py", line 351, in parse
    loader.exec_module(new_module)
  File "<frozen importlib._bootstrap_external>", line 940, in exec_module
  File "<frozen importlib._bootstrap>", line 241, in _call_with_frames_removed
  File "/opt/airflow/dags/futsal_pipeline.py", line 16, in <module>
    from pipeline.data_pipeline import DataPipeline
  File "/opt/airflow/pipeline/data_pipeline.py", line 1, in <module>
    from components.data_ingestion import DataIngestion
  File "/opt/airflow/components/data_ingestion.py", line 2, in <module>
    from db.db_connection import DB
ModuleNotFoundError: No module named 'db'
[2026-06-15T11:35:27.181+0000] {processor.py:842} WARNING - No viable dags retrieved from /opt/airflow/dags/futsal_pipeline.py
[2026-06-15T11:35:27.209+0000] {processor.py:183} INFO - Processing /opt/airflow/dags/futsal_pipeline.py took 0.346 seconds
[2026-06-15T11:35:57.453+0000] {processor.py:161} INFO - Started process (PID=5741) to work on /opt/airflow/dags/futsal_pipeline.py
[2026-06-15T11:35:57.455+0000] {processor.py:830} INFO - Processing file /opt/airflow/dags/futsal_pipeline.py for tasks to queue
[2026-06-15T11:35:57.456+0000] {logging_mixin.py:188} INFO - [2026-06-15T11:35:57.456+0000] {dagbag.py:545} INFO - Filling up the DagBag from /opt/airflow/dags/futsal_pipeline.py
[2026-06-15T11:35:57.768+0000] {logging_mixin.py:188} INFO - [2026-06-15T11:35:57.760+0000] {dagbag.py:355} ERROR - Failed to import: /opt/airflow/dags/futsal_pipeline.py
Traceback (most recent call last):
  File "/home/airflow/.local/lib/python3.11/site-packages/airflow/models/dagbag.py", line 351, in parse
    loader.exec_module(new_module)
  File "<frozen importlib._bootstrap_external>", line 940, in exec_module
  File "<frozen importlib._bootstrap>", line 241, in _call_with_frames_removed
  File "/opt/airflow/dags/futsal_pipeline.py", line 16, in <module>
    from pipeline.data_pipeline import DataPipeline
  File "/opt/airflow/pipeline/data_pipeline.py", line 1, in <module>
    from components.data_ingestion import DataIngestion
  File "/opt/airflow/components/data_ingestion.py", line 2, in <module>
    from db.db_connection import DB
ModuleNotFoundError: No module named 'db'
[2026-06-15T11:35:57.772+0000] {processor.py:842} WARNING - No viable dags retrieved from /opt/airflow/dags/futsal_pipeline.py
[2026-06-15T11:35:57.799+0000] {processor.py:183} INFO - Processing /opt/airflow/dags/futsal_pipeline.py took 0.351 seconds
[2026-06-15T11:36:28.025+0000] {processor.py:161} INFO - Started process (PID=5753) to work on /opt/airflow/dags/futsal_pipeline.py
[2026-06-15T11:36:28.026+0000] {processor.py:830} INFO - Processing file /opt/airflow/dags/futsal_pipeline.py for tasks to queue
[2026-06-15T11:36:28.028+0000] {logging_mixin.py:188} INFO - [2026-06-15T11:36:28.028+0000] {dagbag.py:545} INFO - Filling up the DagBag from /opt/airflow/dags/futsal_pipeline.py
[2026-06-15T11:36:28.346+0000] {logging_mixin.py:188} INFO - [2026-06-15T11:36:28.334+0000] {dagbag.py:355} ERROR - Failed to import: /opt/airflow/dags/futsal_pipeline.py
Traceback (most recent call last):
  File "/home/airflow/.local/lib/python3.11/site-packages/airflow/models/dagbag.py", line 351, in parse
    loader.exec_module(new_module)
  File "<frozen importlib._bootstrap_external>", line 940, in exec_module
  File "<frozen importlib._bootstrap>", line 241, in _call_with_frames_removed
  File "/opt/airflow/dags/futsal_pipeline.py", line 16, in <module>
    from pipeline.data_pipeline import DataPipeline
  File "/opt/airflow/pipeline/data_pipeline.py", line 1, in <module>
    from components.data_ingestion import DataIngestion
  File "/opt/airflow/components/data_ingestion.py", line 2, in <module>
    from db.db_connection import DB
ModuleNotFoundError: No module named 'db'
[2026-06-15T11:36:28.348+0000] {processor.py:842} WARNING - No viable dags retrieved from /opt/airflow/dags/futsal_pipeline.py
[2026-06-15T11:36:28.377+0000] {processor.py:183} INFO - Processing /opt/airflow/dags/futsal_pipeline.py took 0.360 seconds
[2026-06-15T11:36:58.598+0000] {processor.py:161} INFO - Started process (PID=5765) to work on /opt/airflow/dags/futsal_pipeline.py
[2026-06-15T11:36:58.599+0000] {processor.py:830} INFO - Processing file /opt/airflow/dags/futsal_pipeline.py for tasks to queue
[2026-06-15T11:36:58.600+0000] {logging_mixin.py:188} INFO - [2026-06-15T11:36:58.600+0000] {dagbag.py:545} INFO - Filling up the DagBag from /opt/airflow/dags/futsal_pipeline.py
[2026-06-15T11:36:58.915+0000] {logging_mixin.py:188} INFO - [2026-06-15T11:36:58.905+0000] {dagbag.py:355} ERROR - Failed to import: /opt/airflow/dags/futsal_pipeline.py
Traceback (most recent call last):
  File "/home/airflow/.local/lib/python3.11/site-packages/airflow/models/dagbag.py", line 351, in parse
    loader.exec_module(new_module)
  File "<frozen importlib._bootstrap_external>", line 940, in exec_module
  File "<frozen importlib._bootstrap>", line 241, in _call_with_frames_removed
  File "/opt/airflow/dags/futsal_pipeline.py", line 16, in <module>
    from pipeline.data_pipeline import DataPipeline
  File "/opt/airflow/pipeline/data_pipeline.py", line 1, in <module>
    from components.data_ingestion import DataIngestion
  File "/opt/airflow/components/data_ingestion.py", line 2, in <module>
    from db.db_connection import DB
ModuleNotFoundError: No module named 'db'
[2026-06-15T11:36:58.917+0000] {processor.py:842} WARNING - No viable dags retrieved from /opt/airflow/dags/futsal_pipeline.py
[2026-06-15T11:36:58.944+0000] {processor.py:183} INFO - Processing /opt/airflow/dags/futsal_pipeline.py took 0.353 seconds
[2026-06-15T11:37:29.179+0000] {processor.py:161} INFO - Started process (PID=5777) to work on /opt/airflow/dags/futsal_pipeline.py
[2026-06-15T11:37:29.180+0000] {processor.py:830} INFO - Processing file /opt/airflow/dags/futsal_pipeline.py for tasks to queue
[2026-06-15T11:37:29.181+0000] {logging_mixin.py:188} INFO - [2026-06-15T11:37:29.181+0000] {dagbag.py:545} INFO - Filling up the DagBag from /opt/airflow/dags/futsal_pipeline.py
[2026-06-15T11:37:29.483+0000] {logging_mixin.py:188} INFO - [2026-06-15T11:37:29.474+0000] {dagbag.py:355} ERROR - Failed to import: /opt/airflow/dags/futsal_pipeline.py
Traceback (most recent call last):
  File "/home/airflow/.local/lib/python3.11/site-packages/airflow/models/dagbag.py", line 351, in parse
    loader.exec_module(new_module)
  File "<frozen importlib._bootstrap_external>", line 940, in exec_module
  File "<frozen importlib._bootstrap>", line 241, in _call_with_frames_removed
  File "/opt/airflow/dags/futsal_pipeline.py", line 16, in <module>
    from pipeline.data_pipeline import DataPipeline
  File "/opt/airflow/pipeline/data_pipeline.py", line 1, in <module>
    from components.data_ingestion import DataIngestion
  File "/opt/airflow/components/data_ingestion.py", line 2, in <module>
    from db.db_connection import DB
ModuleNotFoundError: No module named 'db'
[2026-06-15T11:37:29.485+0000] {processor.py:842} WARNING - No viable dags retrieved from /opt/airflow/dags/futsal_pipeline.py
[2026-06-15T11:37:29.512+0000] {processor.py:183} INFO - Processing /opt/airflow/dags/futsal_pipeline.py took 0.339 seconds
[2026-06-15T11:37:59.754+0000] {processor.py:161} INFO - Started process (PID=5789) to work on /opt/airflow/dags/futsal_pipeline.py
[2026-06-15T11:37:59.755+0000] {processor.py:830} INFO - Processing file /opt/airflow/dags/futsal_pipeline.py for tasks to queue
[2026-06-15T11:37:59.756+0000] {logging_mixin.py:188} INFO - [2026-06-15T11:37:59.756+0000] {dagbag.py:545} INFO - Filling up the DagBag from /opt/airflow/dags/futsal_pipeline.py
[2026-06-15T11:38:00.101+0000] {logging_mixin.py:188} INFO - [2026-06-15T11:38:00.091+0000] {dagbag.py:355} ERROR - Failed to import: /opt/airflow/dags/futsal_pipeline.py
Traceback (most recent call last):
  File "/home/airflow/.local/lib/python3.11/site-packages/airflow/models/dagbag.py", line 351, in parse
    loader.exec_module(new_module)
  File "<frozen importlib._bootstrap_external>", line 940, in exec_module
  File "<frozen importlib._bootstrap>", line 241, in _call_with_frames_removed
  File "/opt/airflow/dags/futsal_pipeline.py", line 16, in <module>
    from pipeline.data_pipeline import DataPipeline
  File "/opt/airflow/pipeline/data_pipeline.py", line 1, in <module>
    from components.data_ingestion import DataIngestion
  File "/opt/airflow/components/data_ingestion.py", line 2, in <module>
    from db.db_connection import DB
ModuleNotFoundError: No module named 'db'
[2026-06-15T11:38:00.103+0000] {processor.py:842} WARNING - No viable dags retrieved from /opt/airflow/dags/futsal_pipeline.py
[2026-06-15T11:38:00.122+0000] {processor.py:183} INFO - Processing /opt/airflow/dags/futsal_pipeline.py took 0.376 seconds
[2026-06-15T11:38:30.343+0000] {processor.py:161} INFO - Started process (PID=5801) to work on /opt/airflow/dags/futsal_pipeline.py
[2026-06-15T11:38:30.344+0000] {processor.py:830} INFO - Processing file /opt/airflow/dags/futsal_pipeline.py for tasks to queue
[2026-06-15T11:38:30.345+0000] {logging_mixin.py:188} INFO - [2026-06-15T11:38:30.345+0000] {dagbag.py:545} INFO - Filling up the DagBag from /opt/airflow/dags/futsal_pipeline.py
[2026-06-15T11:38:30.646+0000] {logging_mixin.py:188} INFO - [2026-06-15T11:38:30.636+0000] {dagbag.py:355} ERROR - Failed to import: /opt/airflow/dags/futsal_pipeline.py
Traceback (most recent call last):
  File "/home/airflow/.local/lib/python3.11/site-packages/airflow/models/dagbag.py", line 351, in parse
    loader.exec_module(new_module)
  File "<frozen importlib._bootstrap_external>", line 940, in exec_module
  File "<frozen importlib._bootstrap>", line 241, in _call_with_frames_removed
  File "/opt/airflow/dags/futsal_pipeline.py", line 16, in <module>
    from pipeline.data_pipeline import DataPipeline
  File "/opt/airflow/pipeline/data_pipeline.py", line 1, in <module>
    from components.data_ingestion import DataIngestion
  File "/opt/airflow/components/data_ingestion.py", line 2, in <module>
    from db.db_connection import DB
ModuleNotFoundError: No module named 'db'
[2026-06-15T11:38:30.647+0000] {processor.py:842} WARNING - No viable dags retrieved from /opt/airflow/dags/futsal_pipeline.py
[2026-06-15T11:38:30.674+0000] {processor.py:183} INFO - Processing /opt/airflow/dags/futsal_pipeline.py took 0.337 seconds
[2026-06-15T11:39:00.995+0000] {processor.py:161} INFO - Started process (PID=5813) to work on /opt/airflow/dags/futsal_pipeline.py
[2026-06-15T11:39:00.996+0000] {processor.py:830} INFO - Processing file /opt/airflow/dags/futsal_pipeline.py for tasks to queue
[2026-06-15T11:39:00.997+0000] {logging_mixin.py:188} INFO - [2026-06-15T11:39:00.997+0000] {dagbag.py:545} INFO - Filling up the DagBag from /opt/airflow/dags/futsal_pipeline.py
[2026-06-15T11:39:01.322+0000] {logging_mixin.py:188} INFO - [2026-06-15T11:39:01.311+0000] {dagbag.py:355} ERROR - Failed to import: /opt/airflow/dags/futsal_pipeline.py
Traceback (most recent call last):
  File "/home/airflow/.local/lib/python3.11/site-packages/airflow/models/dagbag.py", line 351, in parse
    loader.exec_module(new_module)
  File "<frozen importlib._bootstrap_external>", line 940, in exec_module
  File "<frozen importlib._bootstrap>", line 241, in _call_with_frames_removed
  File "/opt/airflow/dags/futsal_pipeline.py", line 16, in <module>
    from pipeline.data_pipeline import DataPipeline
  File "/opt/airflow/pipeline/data_pipeline.py", line 1, in <module>
    from components.data_ingestion import DataIngestion
  File "/opt/airflow/components/data_ingestion.py", line 2, in <module>
    from db.db_connection import DB
ModuleNotFoundError: No module named 'db'
[2026-06-15T11:39:01.323+0000] {processor.py:842} WARNING - No viable dags retrieved from /opt/airflow/dags/futsal_pipeline.py
[2026-06-15T11:39:01.352+0000] {processor.py:183} INFO - Processing /opt/airflow/dags/futsal_pipeline.py took 0.362 seconds
[2026-06-15T11:39:31.558+0000] {processor.py:161} INFO - Started process (PID=5825) to work on /opt/airflow/dags/futsal_pipeline.py
[2026-06-15T11:39:31.559+0000] {processor.py:830} INFO - Processing file /opt/airflow/dags/futsal_pipeline.py for tasks to queue
[2026-06-15T11:39:31.560+0000] {logging_mixin.py:188} INFO - [2026-06-15T11:39:31.560+0000] {dagbag.py:545} INFO - Filling up the DagBag from /opt/airflow/dags/futsal_pipeline.py
[2026-06-15T11:39:31.858+0000] {logging_mixin.py:188} INFO - [2026-06-15T11:39:31.848+0000] {dagbag.py:355} ERROR - Failed to import: /opt/airflow/dags/futsal_pipeline.py
Traceback (most recent call last):
  File "/home/airflow/.local/lib/python3.11/site-packages/airflow/models/dagbag.py", line 351, in parse
    loader.exec_module(new_module)
  File "<frozen importlib._bootstrap_external>", line 940, in exec_module
  File "<frozen importlib._bootstrap>", line 241, in _call_with_frames_removed
  File "/opt/airflow/dags/futsal_pipeline.py", line 16, in <module>
    from pipeline.data_pipeline import DataPipeline
  File "/opt/airflow/pipeline/data_pipeline.py", line 1, in <module>
    from components.data_ingestion import DataIngestion
  File "/opt/airflow/components/data_ingestion.py", line 2, in <module>
    from db.db_connection import DB
ModuleNotFoundError: No module named 'db'
[2026-06-15T11:39:31.860+0000] {processor.py:842} WARNING - No viable dags retrieved from /opt/airflow/dags/futsal_pipeline.py
[2026-06-15T11:39:31.881+0000] {processor.py:183} INFO - Processing /opt/airflow/dags/futsal_pipeline.py took 0.328 seconds
[2026-06-15T11:40:02.128+0000] {processor.py:161} INFO - Started process (PID=5837) to work on /opt/airflow/dags/futsal_pipeline.py
[2026-06-15T11:40:02.129+0000] {processor.py:830} INFO - Processing file /opt/airflow/dags/futsal_pipeline.py for tasks to queue
[2026-06-15T11:40:02.130+0000] {logging_mixin.py:188} INFO - [2026-06-15T11:40:02.129+0000] {dagbag.py:545} INFO - Filling up the DagBag from /opt/airflow/dags/futsal_pipeline.py
[2026-06-15T11:40:02.430+0000] {logging_mixin.py:188} INFO - [2026-06-15T11:40:02.420+0000] {dagbag.py:355} ERROR - Failed to import: /opt/airflow/dags/futsal_pipeline.py
Traceback (most recent call last):
  File "/home/airflow/.local/lib/python3.11/site-packages/airflow/models/dagbag.py", line 351, in parse
    loader.exec_module(new_module)
  File "<frozen importlib._bootstrap_external>", line 940, in exec_module
  File "<frozen importlib._bootstrap>", line 241, in _call_with_frames_removed
  File "/opt/airflow/dags/futsal_pipeline.py", line 16, in <module>
    from pipeline.data_pipeline import DataPipeline
  File "/opt/airflow/pipeline/data_pipeline.py", line 1, in <module>
    from components.data_ingestion import DataIngestion
  File "/opt/airflow/components/data_ingestion.py", line 2, in <module>
    from db.db_connection import DB
ModuleNotFoundError: No module named 'db'
[2026-06-15T11:40:02.431+0000] {processor.py:842} WARNING - No viable dags retrieved from /opt/airflow/dags/futsal_pipeline.py
[2026-06-15T11:40:02.460+0000] {processor.py:183} INFO - Processing /opt/airflow/dags/futsal_pipeline.py took 0.339 seconds
[2026-06-15T11:40:32.668+0000] {processor.py:161} INFO - Started process (PID=5849) to work on /opt/airflow/dags/futsal_pipeline.py
[2026-06-15T11:40:32.669+0000] {processor.py:830} INFO - Processing file /opt/airflow/dags/futsal_pipeline.py for tasks to queue
[2026-06-15T11:40:32.669+0000] {logging_mixin.py:188} INFO - [2026-06-15T11:40:32.669+0000] {dagbag.py:545} INFO - Filling up the DagBag from /opt/airflow/dags/futsal_pipeline.py
[2026-06-15T11:40:33.061+0000] {logging_mixin.py:188} INFO - [2026-06-15T11:40:33.052+0000] {dagbag.py:355} ERROR - Failed to import: /opt/airflow/dags/futsal_pipeline.py
Traceback (most recent call last):
  File "/home/airflow/.local/lib/python3.11/site-packages/airflow/models/dagbag.py", line 351, in parse
    loader.exec_module(new_module)
  File "<frozen importlib._bootstrap_external>", line 940, in exec_module
  File "<frozen importlib._bootstrap>", line 241, in _call_with_frames_removed
  File "/opt/airflow/dags/futsal_pipeline.py", line 16, in <module>
    from pipeline.data_pipeline import DataPipeline
  File "/opt/airflow/pipeline/data_pipeline.py", line 1, in <module>
    from components.data_ingestion import DataIngestion
  File "/opt/airflow/components/data_ingestion.py", line 2, in <module>
    from db.db_connection import DB
ModuleNotFoundError: No module named 'db'
[2026-06-15T11:40:33.063+0000] {processor.py:842} WARNING - No viable dags retrieved from /opt/airflow/dags/futsal_pipeline.py
[2026-06-15T11:40:33.091+0000] {processor.py:183} INFO - Processing /opt/airflow/dags/futsal_pipeline.py took 0.429 seconds
[2026-06-15T11:41:03.362+0000] {processor.py:161} INFO - Started process (PID=5861) to work on /opt/airflow/dags/futsal_pipeline.py
[2026-06-15T11:41:03.364+0000] {processor.py:830} INFO - Processing file /opt/airflow/dags/futsal_pipeline.py for tasks to queue
[2026-06-15T11:41:03.365+0000] {logging_mixin.py:188} INFO - [2026-06-15T11:41:03.364+0000] {dagbag.py:545} INFO - Filling up the DagBag from /opt/airflow/dags/futsal_pipeline.py
[2026-06-15T11:41:03.670+0000] {logging_mixin.py:188} INFO - [2026-06-15T11:41:03.658+0000] {dagbag.py:355} ERROR - Failed to import: /opt/airflow/dags/futsal_pipeline.py
Traceback (most recent call last):
  File "/home/airflow/.local/lib/python3.11/site-packages/airflow/models/dagbag.py", line 351, in parse
    loader.exec_module(new_module)
  File "<frozen importlib._bootstrap_external>", line 940, in exec_module
  File "<frozen importlib._bootstrap>", line 241, in _call_with_frames_removed
  File "/opt/airflow/dags/futsal_pipeline.py", line 16, in <module>
    from pipeline.data_pipeline import DataPipeline
  File "/opt/airflow/pipeline/data_pipeline.py", line 1, in <module>
    from components.data_ingestion import DataIngestion
  File "/opt/airflow/components/data_ingestion.py", line 2, in <module>
    from db.db_connection import DB
ModuleNotFoundError: No module named 'db'
[2026-06-15T11:41:03.672+0000] {processor.py:842} WARNING - No viable dags retrieved from /opt/airflow/dags/futsal_pipeline.py
[2026-06-15T11:41:03.700+0000] {processor.py:183} INFO - Processing /opt/airflow/dags/futsal_pipeline.py took 0.344 seconds
[2026-06-15T11:41:33.916+0000] {processor.py:161} INFO - Started process (PID=5874) to work on /opt/airflow/dags/futsal_pipeline.py
[2026-06-15T11:41:33.917+0000] {processor.py:830} INFO - Processing file /opt/airflow/dags/futsal_pipeline.py for tasks to queue
[2026-06-15T11:41:33.918+0000] {logging_mixin.py:188} INFO - [2026-06-15T11:41:33.918+0000] {dagbag.py:545} INFO - Filling up the DagBag from /opt/airflow/dags/futsal_pipeline.py
[2026-06-15T11:41:34.260+0000] {logging_mixin.py:188} INFO - [2026-06-15T11:41:34.248+0000] {dagbag.py:355} ERROR - Failed to import: /opt/airflow/dags/futsal_pipeline.py
Traceback (most recent call last):
  File "/home/airflow/.local/lib/python3.11/site-packages/airflow/models/dagbag.py", line 351, in parse
    loader.exec_module(new_module)
  File "<frozen importlib._bootstrap_external>", line 940, in exec_module
  File "<frozen importlib._bootstrap>", line 241, in _call_with_frames_removed
  File "/opt/airflow/dags/futsal_pipeline.py", line 16, in <module>
    from pipeline.data_pipeline import DataPipeline
  File "/opt/airflow/pipeline/data_pipeline.py", line 1, in <module>
    from components.data_ingestion import DataIngestion
  File "/opt/airflow/components/data_ingestion.py", line 2, in <module>
    from db.db_connection import DB
ModuleNotFoundError: No module named 'db'
[2026-06-15T11:41:34.265+0000] {processor.py:842} WARNING - No viable dags retrieved from /opt/airflow/dags/futsal_pipeline.py
[2026-06-15T11:41:34.293+0000] {processor.py:183} INFO - Processing /opt/airflow/dags/futsal_pipeline.py took 0.383 seconds
[2026-06-15T11:42:04.503+0000] {processor.py:161} INFO - Started process (PID=5886) to work on /opt/airflow/dags/futsal_pipeline.py
[2026-06-15T11:42:04.504+0000] {processor.py:830} INFO - Processing file /opt/airflow/dags/futsal_pipeline.py for tasks to queue
[2026-06-15T11:42:04.505+0000] {logging_mixin.py:188} INFO - [2026-06-15T11:42:04.505+0000] {dagbag.py:545} INFO - Filling up the DagBag from /opt/airflow/dags/futsal_pipeline.py
[2026-06-15T11:42:04.808+0000] {logging_mixin.py:188} INFO - [2026-06-15T11:42:04.798+0000] {dagbag.py:355} ERROR - Failed to import: /opt/airflow/dags/futsal_pipeline.py
Traceback (most recent call last):
  File "/home/airflow/.local/lib/python3.11/site-packages/airflow/models/dagbag.py", line 351, in parse
    loader.exec_module(new_module)
  File "<frozen importlib._bootstrap_external>", line 940, in exec_module
  File "<frozen importlib._bootstrap>", line 241, in _call_with_frames_removed
  File "/opt/airflow/dags/futsal_pipeline.py", line 16, in <module>
    from pipeline.data_pipeline import DataPipeline
  File "/opt/airflow/pipeline/data_pipeline.py", line 1, in <module>
    from components.data_ingestion import DataIngestion
  File "/opt/airflow/components/data_ingestion.py", line 2, in <module>
    from db.db_connection import DB
ModuleNotFoundError: No module named 'db'
[2026-06-15T11:42:04.810+0000] {processor.py:842} WARNING - No viable dags retrieved from /opt/airflow/dags/futsal_pipeline.py
[2026-06-15T11:42:04.838+0000] {processor.py:183} INFO - Processing /opt/airflow/dags/futsal_pipeline.py took 0.341 seconds
[2026-06-15T11:42:35.060+0000] {processor.py:161} INFO - Started process (PID=5898) to work on /opt/airflow/dags/futsal_pipeline.py
[2026-06-15T11:42:35.061+0000] {processor.py:830} INFO - Processing file /opt/airflow/dags/futsal_pipeline.py for tasks to queue
[2026-06-15T11:42:35.063+0000] {logging_mixin.py:188} INFO - [2026-06-15T11:42:35.062+0000] {dagbag.py:545} INFO - Filling up the DagBag from /opt/airflow/dags/futsal_pipeline.py
[2026-06-15T11:42:35.398+0000] {logging_mixin.py:188} INFO - [2026-06-15T11:42:35.384+0000] {dagbag.py:355} ERROR - Failed to import: /opt/airflow/dags/futsal_pipeline.py
Traceback (most recent call last):
  File "/home/airflow/.local/lib/python3.11/site-packages/airflow/models/dagbag.py", line 351, in parse
    loader.exec_module(new_module)
  File "<frozen importlib._bootstrap_external>", line 940, in exec_module
  File "<frozen importlib._bootstrap>", line 241, in _call_with_frames_removed
  File "/opt/airflow/dags/futsal_pipeline.py", line 16, in <module>
    from pipeline.data_pipeline import DataPipeline
  File "/opt/airflow/pipeline/data_pipeline.py", line 1, in <module>
    from components.data_ingestion import DataIngestion
  File "/opt/airflow/components/data_ingestion.py", line 2, in <module>
    from db.db_connection import DB
ModuleNotFoundError: No module named 'db'
[2026-06-15T11:42:35.401+0000] {processor.py:842} WARNING - No viable dags retrieved from /opt/airflow/dags/futsal_pipeline.py
[2026-06-15T11:42:35.433+0000] {processor.py:183} INFO - Processing /opt/airflow/dags/futsal_pipeline.py took 0.379 seconds
[2026-06-15T11:43:05.702+0000] {processor.py:161} INFO - Started process (PID=5910) to work on /opt/airflow/dags/futsal_pipeline.py
[2026-06-15T11:43:05.704+0000] {processor.py:830} INFO - Processing file /opt/airflow/dags/futsal_pipeline.py for tasks to queue
[2026-06-15T11:43:05.704+0000] {logging_mixin.py:188} INFO - [2026-06-15T11:43:05.704+0000] {dagbag.py:545} INFO - Filling up the DagBag from /opt/airflow/dags/futsal_pipeline.py
[2026-06-15T11:43:06.017+0000] {logging_mixin.py:188} INFO - [2026-06-15T11:43:06.007+0000] {dagbag.py:355} ERROR - Failed to import: /opt/airflow/dags/futsal_pipeline.py
Traceback (most recent call last):
  File "/home/airflow/.local/lib/python3.11/site-packages/airflow/models/dagbag.py", line 351, in parse
    loader.exec_module(new_module)
  File "<frozen importlib._bootstrap_external>", line 940, in exec_module
  File "<frozen importlib._bootstrap>", line 241, in _call_with_frames_removed
  File "/opt/airflow/dags/futsal_pipeline.py", line 16, in <module>
    from pipeline.data_pipeline import DataPipeline
  File "/opt/airflow/pipeline/data_pipeline.py", line 1, in <module>
    from components.data_ingestion import DataIngestion
  File "/opt/airflow/components/data_ingestion.py", line 2, in <module>
    from db.db_connection import DB
ModuleNotFoundError: No module named 'db'
[2026-06-15T11:43:06.018+0000] {processor.py:842} WARNING - No viable dags retrieved from /opt/airflow/dags/futsal_pipeline.py
[2026-06-15T11:43:06.046+0000] {processor.py:183} INFO - Processing /opt/airflow/dags/futsal_pipeline.py took 0.350 seconds
[2026-06-15T11:43:36.289+0000] {processor.py:161} INFO - Started process (PID=5922) to work on /opt/airflow/dags/futsal_pipeline.py
[2026-06-15T11:43:36.290+0000] {processor.py:830} INFO - Processing file /opt/airflow/dags/futsal_pipeline.py for tasks to queue
[2026-06-15T11:43:36.291+0000] {logging_mixin.py:188} INFO - [2026-06-15T11:43:36.291+0000] {dagbag.py:545} INFO - Filling up the DagBag from /opt/airflow/dags/futsal_pipeline.py
[2026-06-15T11:43:36.600+0000] {logging_mixin.py:188} INFO - [2026-06-15T11:43:36.589+0000] {dagbag.py:355} ERROR - Failed to import: /opt/airflow/dags/futsal_pipeline.py
Traceback (most recent call last):
  File "/home/airflow/.local/lib/python3.11/site-packages/airflow/models/dagbag.py", line 351, in parse
    loader.exec_module(new_module)
  File "<frozen importlib._bootstrap_external>", line 940, in exec_module
  File "<frozen importlib._bootstrap>", line 241, in _call_with_frames_removed
  File "/opt/airflow/dags/futsal_pipeline.py", line 16, in <module>
    from pipeline.data_pipeline import DataPipeline
  File "/opt/airflow/pipeline/data_pipeline.py", line 1, in <module>
    from components.data_ingestion import DataIngestion
  File "/opt/airflow/components/data_ingestion.py", line 2, in <module>
    from db.db_connection import DB
ModuleNotFoundError: No module named 'db'
[2026-06-15T11:43:36.601+0000] {processor.py:842} WARNING - No viable dags retrieved from /opt/airflow/dags/futsal_pipeline.py
[2026-06-15T11:43:36.629+0000] {processor.py:183} INFO - Processing /opt/airflow/dags/futsal_pipeline.py took 0.345 seconds
[2026-06-15T11:44:06.866+0000] {processor.py:161} INFO - Started process (PID=5934) to work on /opt/airflow/dags/futsal_pipeline.py
[2026-06-15T11:44:06.867+0000] {processor.py:830} INFO - Processing file /opt/airflow/dags/futsal_pipeline.py for tasks to queue
[2026-06-15T11:44:06.868+0000] {logging_mixin.py:188} INFO - [2026-06-15T11:44:06.867+0000] {dagbag.py:545} INFO - Filling up the DagBag from /opt/airflow/dags/futsal_pipeline.py
[2026-06-15T11:44:07.224+0000] {logging_mixin.py:188} INFO - [2026-06-15T11:44:07.213+0000] {dagbag.py:355} ERROR - Failed to import: /opt/airflow/dags/futsal_pipeline.py
Traceback (most recent call last):
  File "/home/airflow/.local/lib/python3.11/site-packages/airflow/models/dagbag.py", line 351, in parse
    loader.exec_module(new_module)
  File "<frozen importlib._bootstrap_external>", line 940, in exec_module
  File "<frozen importlib._bootstrap>", line 241, in _call_with_frames_removed
  File "/opt/airflow/dags/futsal_pipeline.py", line 16, in <module>
    from pipeline.data_pipeline import DataPipeline
  File "/opt/airflow/pipeline/data_pipeline.py", line 1, in <module>
    from components.data_ingestion import DataIngestion
  File "/opt/airflow/components/data_ingestion.py", line 2, in <module>
    from db.db_connection import DB
ModuleNotFoundError: No module named 'db'
[2026-06-15T11:44:07.225+0000] {processor.py:842} WARNING - No viable dags retrieved from /opt/airflow/dags/futsal_pipeline.py
[2026-06-15T11:44:07.252+0000] {processor.py:183} INFO - Processing /opt/airflow/dags/futsal_pipeline.py took 0.394 seconds
[2026-06-15T11:44:37.506+0000] {processor.py:161} INFO - Started process (PID=5946) to work on /opt/airflow/dags/futsal_pipeline.py
[2026-06-15T11:44:37.507+0000] {processor.py:830} INFO - Processing file /opt/airflow/dags/futsal_pipeline.py for tasks to queue
[2026-06-15T11:44:37.507+0000] {logging_mixin.py:188} INFO - [2026-06-15T11:44:37.507+0000] {dagbag.py:545} INFO - Filling up the DagBag from /opt/airflow/dags/futsal_pipeline.py
[2026-06-15T11:44:37.833+0000] {logging_mixin.py:188} INFO - [2026-06-15T11:44:37.822+0000] {dagbag.py:355} ERROR - Failed to import: /opt/airflow/dags/futsal_pipeline.py
Traceback (most recent call last):
  File "/home/airflow/.local/lib/python3.11/site-packages/airflow/models/dagbag.py", line 351, in parse
    loader.exec_module(new_module)
  File "<frozen importlib._bootstrap_external>", line 940, in exec_module
  File "<frozen importlib._bootstrap>", line 241, in _call_with_frames_removed
  File "/opt/airflow/dags/futsal_pipeline.py", line 16, in <module>
    from pipeline.data_pipeline import DataPipeline
  File "/opt/airflow/pipeline/data_pipeline.py", line 1, in <module>
    from components.data_ingestion import DataIngestion
  File "/opt/airflow/components/data_ingestion.py", line 2, in <module>
    from db.db_connection import DB
ModuleNotFoundError: No module named 'db'
[2026-06-15T11:44:37.835+0000] {processor.py:842} WARNING - No viable dags retrieved from /opt/airflow/dags/futsal_pipeline.py
[2026-06-15T11:44:37.865+0000] {processor.py:183} INFO - Processing /opt/airflow/dags/futsal_pipeline.py took 0.365 seconds
[2026-06-15T11:45:08.116+0000] {processor.py:161} INFO - Started process (PID=5958) to work on /opt/airflow/dags/futsal_pipeline.py
[2026-06-15T11:45:08.117+0000] {processor.py:830} INFO - Processing file /opt/airflow/dags/futsal_pipeline.py for tasks to queue
[2026-06-15T11:45:08.117+0000] {logging_mixin.py:188} INFO - [2026-06-15T11:45:08.117+0000] {dagbag.py:545} INFO - Filling up the DagBag from /opt/airflow/dags/futsal_pipeline.py
[2026-06-15T11:45:08.421+0000] {logging_mixin.py:188} INFO - [2026-06-15T11:45:08.410+0000] {dagbag.py:355} ERROR - Failed to import: /opt/airflow/dags/futsal_pipeline.py
Traceback (most recent call last):
  File "/home/airflow/.local/lib/python3.11/site-packages/airflow/models/dagbag.py", line 351, in parse
    loader.exec_module(new_module)
  File "<frozen importlib._bootstrap_external>", line 940, in exec_module
  File "<frozen importlib._bootstrap>", line 241, in _call_with_frames_removed
  File "/opt/airflow/dags/futsal_pipeline.py", line 16, in <module>
    from pipeline.data_pipeline import DataPipeline
  File "/opt/airflow/pipeline/data_pipeline.py", line 1, in <module>
    from components.data_ingestion import DataIngestion
  File "/opt/airflow/components/data_ingestion.py", line 2, in <module>
    from db.db_connection import DB
ModuleNotFoundError: No module named 'db'
[2026-06-15T11:45:08.422+0000] {processor.py:842} WARNING - No viable dags retrieved from /opt/airflow/dags/futsal_pipeline.py
[2026-06-15T11:45:08.449+0000] {processor.py:183} INFO - Processing /opt/airflow/dags/futsal_pipeline.py took 0.340 seconds
[2026-06-15T11:45:38.650+0000] {processor.py:161} INFO - Started process (PID=5970) to work on /opt/airflow/dags/futsal_pipeline.py
[2026-06-15T11:45:38.651+0000] {processor.py:830} INFO - Processing file /opt/airflow/dags/futsal_pipeline.py for tasks to queue
[2026-06-15T11:45:38.652+0000] {logging_mixin.py:188} INFO - [2026-06-15T11:45:38.652+0000] {dagbag.py:545} INFO - Filling up the DagBag from /opt/airflow/dags/futsal_pipeline.py
[2026-06-15T11:45:38.957+0000] {logging_mixin.py:188} INFO - [2026-06-15T11:45:38.947+0000] {dagbag.py:355} ERROR - Failed to import: /opt/airflow/dags/futsal_pipeline.py
Traceback (most recent call last):
  File "/home/airflow/.local/lib/python3.11/site-packages/airflow/models/dagbag.py", line 351, in parse
    loader.exec_module(new_module)
  File "<frozen importlib._bootstrap_external>", line 940, in exec_module
  File "<frozen importlib._bootstrap>", line 241, in _call_with_frames_removed
  File "/opt/airflow/dags/futsal_pipeline.py", line 16, in <module>
    from pipeline.data_pipeline import DataPipeline
  File "/opt/airflow/pipeline/data_pipeline.py", line 1, in <module>
    from components.data_ingestion import DataIngestion
  File "/opt/airflow/components/data_ingestion.py", line 2, in <module>
    from db.db_connection import DB
ModuleNotFoundError: No module named 'db'
[2026-06-15T11:45:38.959+0000] {processor.py:842} WARNING - No viable dags retrieved from /opt/airflow/dags/futsal_pipeline.py
[2026-06-15T11:45:38.986+0000] {processor.py:183} INFO - Processing /opt/airflow/dags/futsal_pipeline.py took 0.342 seconds
[2026-06-15T11:46:09.201+0000] {processor.py:161} INFO - Started process (PID=5982) to work on /opt/airflow/dags/futsal_pipeline.py
[2026-06-15T11:46:09.202+0000] {processor.py:830} INFO - Processing file /opt/airflow/dags/futsal_pipeline.py for tasks to queue
[2026-06-15T11:46:09.203+0000] {logging_mixin.py:188} INFO - [2026-06-15T11:46:09.203+0000] {dagbag.py:545} INFO - Filling up the DagBag from /opt/airflow/dags/futsal_pipeline.py
[2026-06-15T11:46:09.538+0000] {logging_mixin.py:188} INFO - [2026-06-15T11:46:09.528+0000] {dagbag.py:355} ERROR - Failed to import: /opt/airflow/dags/futsal_pipeline.py
Traceback (most recent call last):
  File "/home/airflow/.local/lib/python3.11/site-packages/airflow/models/dagbag.py", line 351, in parse
    loader.exec_module(new_module)
  File "<frozen importlib._bootstrap_external>", line 940, in exec_module
  File "<frozen importlib._bootstrap>", line 241, in _call_with_frames_removed
  File "/opt/airflow/dags/futsal_pipeline.py", line 16, in <module>
    from pipeline.data_pipeline import DataPipeline
  File "/opt/airflow/pipeline/data_pipeline.py", line 1, in <module>
    from components.data_ingestion import DataIngestion
  File "/opt/airflow/components/data_ingestion.py", line 2, in <module>
    from db.db_connection import DB
ModuleNotFoundError: No module named 'db'
[2026-06-15T11:46:09.540+0000] {processor.py:842} WARNING - No viable dags retrieved from /opt/airflow/dags/futsal_pipeline.py
[2026-06-15T11:46:09.569+0000] {processor.py:183} INFO - Processing /opt/airflow/dags/futsal_pipeline.py took 0.376 seconds
[2026-06-15T11:46:39.789+0000] {processor.py:161} INFO - Started process (PID=5994) to work on /opt/airflow/dags/futsal_pipeline.py
[2026-06-15T11:46:39.790+0000] {processor.py:830} INFO - Processing file /opt/airflow/dags/futsal_pipeline.py for tasks to queue
[2026-06-15T11:46:39.791+0000] {logging_mixin.py:188} INFO - [2026-06-15T11:46:39.791+0000] {dagbag.py:545} INFO - Filling up the DagBag from /opt/airflow/dags/futsal_pipeline.py
[2026-06-15T11:46:40.103+0000] {logging_mixin.py:188} INFO - [2026-06-15T11:46:40.091+0000] {dagbag.py:355} ERROR - Failed to import: /opt/airflow/dags/futsal_pipeline.py
Traceback (most recent call last):
  File "/home/airflow/.local/lib/python3.11/site-packages/airflow/models/dagbag.py", line 351, in parse
    loader.exec_module(new_module)
  File "<frozen importlib._bootstrap_external>", line 940, in exec_module
  File "<frozen importlib._bootstrap>", line 241, in _call_with_frames_removed
  File "/opt/airflow/dags/futsal_pipeline.py", line 16, in <module>
    from pipeline.data_pipeline import DataPipeline
  File "/opt/airflow/pipeline/data_pipeline.py", line 1, in <module>
    from components.data_ingestion import DataIngestion
  File "/opt/airflow/components/data_ingestion.py", line 2, in <module>
    from db.db_connection import DB
ModuleNotFoundError: No module named 'db'
[2026-06-15T11:46:40.105+0000] {processor.py:842} WARNING - No viable dags retrieved from /opt/airflow/dags/futsal_pipeline.py
[2026-06-15T11:46:40.133+0000] {processor.py:183} INFO - Processing /opt/airflow/dags/futsal_pipeline.py took 0.350 seconds
[2026-06-15T11:47:10.349+0000] {processor.py:161} INFO - Started process (PID=6006) to work on /opt/airflow/dags/futsal_pipeline.py
[2026-06-15T11:47:10.350+0000] {processor.py:830} INFO - Processing file /opt/airflow/dags/futsal_pipeline.py for tasks to queue
[2026-06-15T11:47:10.351+0000] {logging_mixin.py:188} INFO - [2026-06-15T11:47:10.351+0000] {dagbag.py:545} INFO - Filling up the DagBag from /opt/airflow/dags/futsal_pipeline.py
[2026-06-15T11:47:10.693+0000] {logging_mixin.py:188} INFO - [2026-06-15T11:47:10.683+0000] {dagbag.py:355} ERROR - Failed to import: /opt/airflow/dags/futsal_pipeline.py
Traceback (most recent call last):
  File "/home/airflow/.local/lib/python3.11/site-packages/airflow/models/dagbag.py", line 351, in parse
    loader.exec_module(new_module)
  File "<frozen importlib._bootstrap_external>", line 940, in exec_module
  File "<frozen importlib._bootstrap>", line 241, in _call_with_frames_removed
  File "/opt/airflow/dags/futsal_pipeline.py", line 16, in <module>
    from pipeline.data_pipeline import DataPipeline
  File "/opt/airflow/pipeline/data_pipeline.py", line 1, in <module>
    from components.data_ingestion import DataIngestion
  File "/opt/airflow/components/data_ingestion.py", line 2, in <module>
    from db.db_connection import DB
ModuleNotFoundError: No module named 'db'
[2026-06-15T11:47:10.695+0000] {processor.py:842} WARNING - No viable dags retrieved from /opt/airflow/dags/futsal_pipeline.py
[2026-06-15T11:47:10.711+0000] {processor.py:183} INFO - Processing /opt/airflow/dags/futsal_pipeline.py took 0.369 seconds
[2026-06-15T11:47:40.908+0000] {processor.py:161} INFO - Started process (PID=6018) to work on /opt/airflow/dags/futsal_pipeline.py
[2026-06-15T11:47:40.910+0000] {processor.py:830} INFO - Processing file /opt/airflow/dags/futsal_pipeline.py for tasks to queue
[2026-06-15T11:47:40.911+0000] {logging_mixin.py:188} INFO - [2026-06-15T11:47:40.911+0000] {dagbag.py:545} INFO - Filling up the DagBag from /opt/airflow/dags/futsal_pipeline.py
[2026-06-15T11:47:41.275+0000] {logging_mixin.py:188} INFO - [2026-06-15T11:47:41.263+0000] {dagbag.py:355} ERROR - Failed to import: /opt/airflow/dags/futsal_pipeline.py
Traceback (most recent call last):
  File "/home/airflow/.local/lib/python3.11/site-packages/airflow/models/dagbag.py", line 351, in parse
    loader.exec_module(new_module)
  File "<frozen importlib._bootstrap_external>", line 940, in exec_module
  File "<frozen importlib._bootstrap>", line 241, in _call_with_frames_removed
  File "/opt/airflow/dags/futsal_pipeline.py", line 16, in <module>
    from pipeline.data_pipeline import DataPipeline
  File "/opt/airflow/pipeline/data_pipeline.py", line 1, in <module>
    from components.data_ingestion import DataIngestion
  File "/opt/airflow/components/data_ingestion.py", line 2, in <module>
    from db.db_connection import DB
ModuleNotFoundError: No module named 'db'
[2026-06-15T11:47:41.277+0000] {processor.py:842} WARNING - No viable dags retrieved from /opt/airflow/dags/futsal_pipeline.py
[2026-06-15T11:47:41.299+0000] {processor.py:183} INFO - Processing /opt/airflow/dags/futsal_pipeline.py took 0.398 seconds
[2026-06-15T11:48:11.577+0000] {processor.py:161} INFO - Started process (PID=6030) to work on /opt/airflow/dags/futsal_pipeline.py
[2026-06-15T11:48:11.578+0000] {processor.py:830} INFO - Processing file /opt/airflow/dags/futsal_pipeline.py for tasks to queue
[2026-06-15T11:48:11.580+0000] {logging_mixin.py:188} INFO - [2026-06-15T11:48:11.580+0000] {dagbag.py:545} INFO - Filling up the DagBag from /opt/airflow/dags/futsal_pipeline.py
[2026-06-15T11:48:11.942+0000] {logging_mixin.py:188} INFO - [2026-06-15T11:48:11.904+0000] {dagbag.py:355} ERROR - Failed to import: /opt/airflow/dags/futsal_pipeline.py
Traceback (most recent call last):
  File "/home/airflow/.local/lib/python3.11/site-packages/airflow/models/dagbag.py", line 351, in parse
    loader.exec_module(new_module)
  File "<frozen importlib._bootstrap_external>", line 940, in exec_module
  File "<frozen importlib._bootstrap>", line 241, in _call_with_frames_removed
  File "/opt/airflow/dags/futsal_pipeline.py", line 16, in <module>
    from pipeline.data_pipeline import DataPipeline
  File "/opt/airflow/pipeline/data_pipeline.py", line 1, in <module>
    from components.data_ingestion import DataIngestion
  File "/opt/airflow/components/data_ingestion.py", line 2, in <module>
    from db.db_connection import DB
ModuleNotFoundError: No module named 'db'
[2026-06-15T11:48:11.945+0000] {processor.py:842} WARNING - No viable dags retrieved from /opt/airflow/dags/futsal_pipeline.py
[2026-06-15T11:48:11.974+0000] {processor.py:183} INFO - Processing /opt/airflow/dags/futsal_pipeline.py took 0.404 seconds
[2026-06-15T11:48:42.209+0000] {processor.py:161} INFO - Started process (PID=6042) to work on /opt/airflow/dags/futsal_pipeline.py
[2026-06-15T11:48:42.210+0000] {processor.py:830} INFO - Processing file /opt/airflow/dags/futsal_pipeline.py for tasks to queue
[2026-06-15T11:48:42.211+0000] {logging_mixin.py:188} INFO - [2026-06-15T11:48:42.211+0000] {dagbag.py:545} INFO - Filling up the DagBag from /opt/airflow/dags/futsal_pipeline.py
[2026-06-15T11:48:42.517+0000] {logging_mixin.py:188} INFO - [2026-06-15T11:48:42.506+0000] {dagbag.py:355} ERROR - Failed to import: /opt/airflow/dags/futsal_pipeline.py
Traceback (most recent call last):
  File "/home/airflow/.local/lib/python3.11/site-packages/airflow/models/dagbag.py", line 351, in parse
    loader.exec_module(new_module)
  File "<frozen importlib._bootstrap_external>", line 940, in exec_module
  File "<frozen importlib._bootstrap>", line 241, in _call_with_frames_removed
  File "/opt/airflow/dags/futsal_pipeline.py", line 16, in <module>
    from pipeline.data_pipeline import DataPipeline
  File "/opt/airflow/pipeline/data_pipeline.py", line 1, in <module>
    from components.data_ingestion import DataIngestion
  File "/opt/airflow/components/data_ingestion.py", line 2, in <module>
    from db.db_connection import DB
ModuleNotFoundError: No module named 'db'
[2026-06-15T11:48:42.519+0000] {processor.py:842} WARNING - No viable dags retrieved from /opt/airflow/dags/futsal_pipeline.py
[2026-06-15T11:48:42.535+0000] {processor.py:183} INFO - Processing /opt/airflow/dags/futsal_pipeline.py took 0.331 seconds
[2026-06-15T11:49:12.740+0000] {processor.py:161} INFO - Started process (PID=6054) to work on /opt/airflow/dags/futsal_pipeline.py
[2026-06-15T11:49:12.742+0000] {processor.py:830} INFO - Processing file /opt/airflow/dags/futsal_pipeline.py for tasks to queue
[2026-06-15T11:49:12.742+0000] {logging_mixin.py:188} INFO - [2026-06-15T11:49:12.742+0000] {dagbag.py:545} INFO - Filling up the DagBag from /opt/airflow/dags/futsal_pipeline.py
[2026-06-15T11:49:13.124+0000] {logging_mixin.py:188} INFO - [2026-06-15T11:49:13.111+0000] {dagbag.py:355} ERROR - Failed to import: /opt/airflow/dags/futsal_pipeline.py
Traceback (most recent call last):
  File "/home/airflow/.local/lib/python3.11/site-packages/airflow/models/dagbag.py", line 351, in parse
    loader.exec_module(new_module)
  File "<frozen importlib._bootstrap_external>", line 940, in exec_module
  File "<frozen importlib._bootstrap>", line 241, in _call_with_frames_removed
  File "/opt/airflow/dags/futsal_pipeline.py", line 16, in <module>
    from pipeline.data_pipeline import DataPipeline
  File "/opt/airflow/pipeline/data_pipeline.py", line 1, in <module>
    from components.data_ingestion import DataIngestion
  File "/opt/airflow/components/data_ingestion.py", line 2, in <module>
    from db.db_connection import DB
ModuleNotFoundError: No module named 'db'
[2026-06-15T11:49:13.125+0000] {processor.py:842} WARNING - No viable dags retrieved from /opt/airflow/dags/futsal_pipeline.py
[2026-06-15T11:49:13.161+0000] {processor.py:183} INFO - Processing /opt/airflow/dags/futsal_pipeline.py took 0.429 seconds
[2026-06-15T11:49:43.397+0000] {processor.py:161} INFO - Started process (PID=6066) to work on /opt/airflow/dags/futsal_pipeline.py
[2026-06-15T11:49:43.398+0000] {processor.py:830} INFO - Processing file /opt/airflow/dags/futsal_pipeline.py for tasks to queue
[2026-06-15T11:49:43.399+0000] {logging_mixin.py:188} INFO - [2026-06-15T11:49:43.398+0000] {dagbag.py:545} INFO - Filling up the DagBag from /opt/airflow/dags/futsal_pipeline.py
[2026-06-15T11:49:43.716+0000] {logging_mixin.py:188} INFO - [2026-06-15T11:49:43.705+0000] {dagbag.py:355} ERROR - Failed to import: /opt/airflow/dags/futsal_pipeline.py
Traceback (most recent call last):
  File "/home/airflow/.local/lib/python3.11/site-packages/airflow/models/dagbag.py", line 351, in parse
    loader.exec_module(new_module)
  File "<frozen importlib._bootstrap_external>", line 940, in exec_module
  File "<frozen importlib._bootstrap>", line 241, in _call_with_frames_removed
  File "/opt/airflow/dags/futsal_pipeline.py", line 16, in <module>
    from pipeline.data_pipeline import DataPipeline
  File "/opt/airflow/pipeline/data_pipeline.py", line 1, in <module>
    from components.data_ingestion import DataIngestion
  File "/opt/airflow/components/data_ingestion.py", line 2, in <module>
    from db.db_connection import DB
ModuleNotFoundError: No module named 'db'
[2026-06-15T11:49:43.717+0000] {processor.py:842} WARNING - No viable dags retrieved from /opt/airflow/dags/futsal_pipeline.py
[2026-06-15T11:49:43.745+0000] {processor.py:183} INFO - Processing /opt/airflow/dags/futsal_pipeline.py took 0.353 seconds
[2026-06-15T11:50:14.019+0000] {processor.py:161} INFO - Started process (PID=6078) to work on /opt/airflow/dags/futsal_pipeline.py
[2026-06-15T11:50:14.020+0000] {processor.py:830} INFO - Processing file /opt/airflow/dags/futsal_pipeline.py for tasks to queue
[2026-06-15T11:50:14.021+0000] {logging_mixin.py:188} INFO - [2026-06-15T11:50:14.021+0000] {dagbag.py:545} INFO - Filling up the DagBag from /opt/airflow/dags/futsal_pipeline.py
[2026-06-15T11:50:14.385+0000] {logging_mixin.py:188} INFO - [2026-06-15T11:50:14.373+0000] {dagbag.py:355} ERROR - Failed to import: /opt/airflow/dags/futsal_pipeline.py
Traceback (most recent call last):
  File "/home/airflow/.local/lib/python3.11/site-packages/airflow/models/dagbag.py", line 351, in parse
    loader.exec_module(new_module)
  File "<frozen importlib._bootstrap_external>", line 940, in exec_module
  File "<frozen importlib._bootstrap>", line 241, in _call_with_frames_removed
  File "/opt/airflow/dags/futsal_pipeline.py", line 16, in <module>
    from pipeline.data_pipeline import DataPipeline
  File "/opt/airflow/pipeline/data_pipeline.py", line 1, in <module>
    from components.data_ingestion import DataIngestion
  File "/opt/airflow/components/data_ingestion.py", line 2, in <module>
    from db.db_connection import DB
ModuleNotFoundError: No module named 'db'
[2026-06-15T11:50:14.387+0000] {processor.py:842} WARNING - No viable dags retrieved from /opt/airflow/dags/futsal_pipeline.py
[2026-06-15T11:50:14.415+0000] {processor.py:183} INFO - Processing /opt/airflow/dags/futsal_pipeline.py took 0.401 seconds
[2026-06-15T11:50:44.656+0000] {processor.py:161} INFO - Started process (PID=6090) to work on /opt/airflow/dags/futsal_pipeline.py
[2026-06-15T11:50:44.658+0000] {processor.py:830} INFO - Processing file /opt/airflow/dags/futsal_pipeline.py for tasks to queue
[2026-06-15T11:50:44.659+0000] {logging_mixin.py:188} INFO - [2026-06-15T11:50:44.659+0000] {dagbag.py:545} INFO - Filling up the DagBag from /opt/airflow/dags/futsal_pipeline.py
[2026-06-15T11:50:45.046+0000] {logging_mixin.py:188} INFO - [2026-06-15T11:50:45.034+0000] {dagbag.py:355} ERROR - Failed to import: /opt/airflow/dags/futsal_pipeline.py
Traceback (most recent call last):
  File "/home/airflow/.local/lib/python3.11/site-packages/airflow/models/dagbag.py", line 351, in parse
    loader.exec_module(new_module)
  File "<frozen importlib._bootstrap_external>", line 940, in exec_module
  File "<frozen importlib._bootstrap>", line 241, in _call_with_frames_removed
  File "/opt/airflow/dags/futsal_pipeline.py", line 16, in <module>
    from pipeline.data_pipeline import DataPipeline
  File "/opt/airflow/pipeline/data_pipeline.py", line 1, in <module>
    from components.data_ingestion import DataIngestion
  File "/opt/airflow/components/data_ingestion.py", line 2, in <module>
    from db.db_connection import DB
ModuleNotFoundError: No module named 'db'
[2026-06-15T11:50:45.048+0000] {processor.py:842} WARNING - No viable dags retrieved from /opt/airflow/dags/futsal_pipeline.py
[2026-06-15T11:50:45.082+0000] {processor.py:183} INFO - Processing /opt/airflow/dags/futsal_pipeline.py took 0.437 seconds
[2026-06-15T11:51:15.312+0000] {processor.py:161} INFO - Started process (PID=6102) to work on /opt/airflow/dags/futsal_pipeline.py
[2026-06-15T11:51:15.313+0000] {processor.py:830} INFO - Processing file /opt/airflow/dags/futsal_pipeline.py for tasks to queue
[2026-06-15T11:51:15.313+0000] {logging_mixin.py:188} INFO - [2026-06-15T11:51:15.313+0000] {dagbag.py:545} INFO - Filling up the DagBag from /opt/airflow/dags/futsal_pipeline.py
[2026-06-15T11:51:15.650+0000] {logging_mixin.py:188} INFO - [2026-06-15T11:51:15.638+0000] {dagbag.py:355} ERROR - Failed to import: /opt/airflow/dags/futsal_pipeline.py
Traceback (most recent call last):
  File "/home/airflow/.local/lib/python3.11/site-packages/airflow/models/dagbag.py", line 351, in parse
    loader.exec_module(new_module)
  File "<frozen importlib._bootstrap_external>", line 940, in exec_module
  File "<frozen importlib._bootstrap>", line 241, in _call_with_frames_removed
  File "/opt/airflow/dags/futsal_pipeline.py", line 16, in <module>
    from pipeline.data_pipeline import DataPipeline
  File "/opt/airflow/pipeline/data_pipeline.py", line 1, in <module>
    from components.data_ingestion import DataIngestion
  File "/opt/airflow/components/data_ingestion.py", line 2, in <module>
    from db.db_connection import DB
ModuleNotFoundError: No module named 'db'
[2026-06-15T11:51:15.652+0000] {processor.py:842} WARNING - No viable dags retrieved from /opt/airflow/dags/futsal_pipeline.py
[2026-06-15T11:51:15.679+0000] {processor.py:183} INFO - Processing /opt/airflow/dags/futsal_pipeline.py took 0.373 seconds
[2026-06-15T11:51:45.898+0000] {processor.py:161} INFO - Started process (PID=6114) to work on /opt/airflow/dags/futsal_pipeline.py
[2026-06-15T11:51:45.899+0000] {processor.py:830} INFO - Processing file /opt/airflow/dags/futsal_pipeline.py for tasks to queue
[2026-06-15T11:51:45.900+0000] {logging_mixin.py:188} INFO - [2026-06-15T11:51:45.900+0000] {dagbag.py:545} INFO - Filling up the DagBag from /opt/airflow/dags/futsal_pipeline.py
[2026-06-15T11:51:46.287+0000] {logging_mixin.py:188} INFO - [2026-06-15T11:51:46.271+0000] {dagbag.py:355} ERROR - Failed to import: /opt/airflow/dags/futsal_pipeline.py
Traceback (most recent call last):
  File "/home/airflow/.local/lib/python3.11/site-packages/airflow/models/dagbag.py", line 351, in parse
    loader.exec_module(new_module)
  File "<frozen importlib._bootstrap_external>", line 940, in exec_module
  File "<frozen importlib._bootstrap>", line 241, in _call_with_frames_removed
  File "/opt/airflow/dags/futsal_pipeline.py", line 16, in <module>
    from pipeline.data_pipeline import DataPipeline
  File "/opt/airflow/pipeline/data_pipeline.py", line 1, in <module>
    from components.data_ingestion import DataIngestion
  File "/opt/airflow/components/data_ingestion.py", line 2, in <module>
    from db.db_connection import DB
ModuleNotFoundError: No module named 'db'
[2026-06-15T11:51:46.291+0000] {processor.py:842} WARNING - No viable dags retrieved from /opt/airflow/dags/futsal_pipeline.py
[2026-06-15T11:51:46.322+0000] {processor.py:183} INFO - Processing /opt/airflow/dags/futsal_pipeline.py took 0.430 seconds
[2026-06-15T11:52:16.552+0000] {processor.py:161} INFO - Started process (PID=6126) to work on /opt/airflow/dags/futsal_pipeline.py
[2026-06-15T11:52:16.553+0000] {processor.py:830} INFO - Processing file /opt/airflow/dags/futsal_pipeline.py for tasks to queue
[2026-06-15T11:52:16.554+0000] {logging_mixin.py:188} INFO - [2026-06-15T11:52:16.553+0000] {dagbag.py:545} INFO - Filling up the DagBag from /opt/airflow/dags/futsal_pipeline.py
[2026-06-15T11:52:16.852+0000] {logging_mixin.py:188} INFO - [2026-06-15T11:52:16.842+0000] {dagbag.py:355} ERROR - Failed to import: /opt/airflow/dags/futsal_pipeline.py
Traceback (most recent call last):
  File "/home/airflow/.local/lib/python3.11/site-packages/airflow/models/dagbag.py", line 351, in parse
    loader.exec_module(new_module)
  File "<frozen importlib._bootstrap_external>", line 940, in exec_module
  File "<frozen importlib._bootstrap>", line 241, in _call_with_frames_removed
  File "/opt/airflow/dags/futsal_pipeline.py", line 16, in <module>
    from pipeline.data_pipeline import DataPipeline
  File "/opt/airflow/pipeline/data_pipeline.py", line 1, in <module>
    from components.data_ingestion import DataIngestion
  File "/opt/airflow/components/data_ingestion.py", line 2, in <module>
    from db.db_connection import DB
ModuleNotFoundError: No module named 'db'
[2026-06-15T11:52:16.854+0000] {processor.py:842} WARNING - No viable dags retrieved from /opt/airflow/dags/futsal_pipeline.py
[2026-06-15T11:52:16.882+0000] {processor.py:183} INFO - Processing /opt/airflow/dags/futsal_pipeline.py took 0.335 seconds
[2026-06-15T11:52:47.116+0000] {processor.py:161} INFO - Started process (PID=6138) to work on /opt/airflow/dags/futsal_pipeline.py
[2026-06-15T11:52:47.117+0000] {processor.py:830} INFO - Processing file /opt/airflow/dags/futsal_pipeline.py for tasks to queue
[2026-06-15T11:52:47.118+0000] {logging_mixin.py:188} INFO - [2026-06-15T11:52:47.117+0000] {dagbag.py:545} INFO - Filling up the DagBag from /opt/airflow/dags/futsal_pipeline.py
[2026-06-15T11:52:47.429+0000] {logging_mixin.py:188} INFO - [2026-06-15T11:52:47.419+0000] {dagbag.py:355} ERROR - Failed to import: /opt/airflow/dags/futsal_pipeline.py
Traceback (most recent call last):
  File "/home/airflow/.local/lib/python3.11/site-packages/airflow/models/dagbag.py", line 351, in parse
    loader.exec_module(new_module)
  File "<frozen importlib._bootstrap_external>", line 940, in exec_module
  File "<frozen importlib._bootstrap>", line 241, in _call_with_frames_removed
  File "/opt/airflow/dags/futsal_pipeline.py", line 16, in <module>
    from pipeline.data_pipeline import DataPipeline
  File "/opt/airflow/pipeline/data_pipeline.py", line 1, in <module>
    from components.data_ingestion import DataIngestion
  File "/opt/airflow/components/data_ingestion.py", line 2, in <module>
    from db.db_connection import DB
ModuleNotFoundError: No module named 'db'
[2026-06-15T11:52:47.431+0000] {processor.py:842} WARNING - No viable dags retrieved from /opt/airflow/dags/futsal_pipeline.py
[2026-06-15T11:52:47.448+0000] {processor.py:183} INFO - Processing /opt/airflow/dags/futsal_pipeline.py took 0.337 seconds
[2026-06-15T11:53:17.691+0000] {processor.py:161} INFO - Started process (PID=6150) to work on /opt/airflow/dags/futsal_pipeline.py
[2026-06-15T11:53:17.692+0000] {processor.py:830} INFO - Processing file /opt/airflow/dags/futsal_pipeline.py for tasks to queue
[2026-06-15T11:53:17.693+0000] {logging_mixin.py:188} INFO - [2026-06-15T11:53:17.693+0000] {dagbag.py:545} INFO - Filling up the DagBag from /opt/airflow/dags/futsal_pipeline.py
[2026-06-15T11:53:18.020+0000] {logging_mixin.py:188} INFO - [2026-06-15T11:53:18.009+0000] {dagbag.py:355} ERROR - Failed to import: /opt/airflow/dags/futsal_pipeline.py
Traceback (most recent call last):
  File "/home/airflow/.local/lib/python3.11/site-packages/airflow/models/dagbag.py", line 351, in parse
    loader.exec_module(new_module)
  File "<frozen importlib._bootstrap_external>", line 940, in exec_module
  File "<frozen importlib._bootstrap>", line 241, in _call_with_frames_removed
  File "/opt/airflow/dags/futsal_pipeline.py", line 16, in <module>
    from pipeline.data_pipeline import DataPipeline
  File "/opt/airflow/pipeline/data_pipeline.py", line 1, in <module>
    from components.data_ingestion import DataIngestion
  File "/opt/airflow/components/data_ingestion.py", line 2, in <module>
    from db.db_connection import DB
ModuleNotFoundError: No module named 'db'
[2026-06-15T11:53:18.022+0000] {processor.py:842} WARNING - No viable dags retrieved from /opt/airflow/dags/futsal_pipeline.py
[2026-06-15T11:53:18.050+0000] {processor.py:183} INFO - Processing /opt/airflow/dags/futsal_pipeline.py took 0.364 seconds
[2026-06-15T11:53:48.286+0000] {processor.py:161} INFO - Started process (PID=6162) to work on /opt/airflow/dags/futsal_pipeline.py
[2026-06-15T11:53:48.288+0000] {processor.py:830} INFO - Processing file /opt/airflow/dags/futsal_pipeline.py for tasks to queue
[2026-06-15T11:53:48.289+0000] {logging_mixin.py:188} INFO - [2026-06-15T11:53:48.289+0000] {dagbag.py:545} INFO - Filling up the DagBag from /opt/airflow/dags/futsal_pipeline.py
[2026-06-15T11:53:48.730+0000] {logging_mixin.py:188} INFO - [2026-06-15T11:53:48.718+0000] {dagbag.py:355} ERROR - Failed to import: /opt/airflow/dags/futsal_pipeline.py
Traceback (most recent call last):
  File "/home/airflow/.local/lib/python3.11/site-packages/airflow/models/dagbag.py", line 351, in parse
    loader.exec_module(new_module)
  File "<frozen importlib._bootstrap_external>", line 940, in exec_module
  File "<frozen importlib._bootstrap>", line 241, in _call_with_frames_removed
  File "/opt/airflow/dags/futsal_pipeline.py", line 16, in <module>
    from pipeline.data_pipeline import DataPipeline
  File "/opt/airflow/pipeline/data_pipeline.py", line 1, in <module>
    from components.data_ingestion import DataIngestion
  File "/opt/airflow/components/data_ingestion.py", line 2, in <module>
    from db.db_connection import DB
ModuleNotFoundError: No module named 'db'
[2026-06-15T11:53:48.732+0000] {processor.py:842} WARNING - No viable dags retrieved from /opt/airflow/dags/futsal_pipeline.py
[2026-06-15T11:53:48.750+0000] {processor.py:183} INFO - Processing /opt/airflow/dags/futsal_pipeline.py took 0.471 seconds
[2026-06-15T11:54:18.949+0000] {processor.py:161} INFO - Started process (PID=6174) to work on /opt/airflow/dags/futsal_pipeline.py
[2026-06-15T11:54:18.950+0000] {processor.py:830} INFO - Processing file /opt/airflow/dags/futsal_pipeline.py for tasks to queue
[2026-06-15T11:54:18.951+0000] {logging_mixin.py:188} INFO - [2026-06-15T11:54:18.951+0000] {dagbag.py:545} INFO - Filling up the DagBag from /opt/airflow/dags/futsal_pipeline.py
[2026-06-15T11:54:19.302+0000] {logging_mixin.py:188} INFO - [2026-06-15T11:54:19.290+0000] {dagbag.py:355} ERROR - Failed to import: /opt/airflow/dags/futsal_pipeline.py
Traceback (most recent call last):
  File "/home/airflow/.local/lib/python3.11/site-packages/airflow/models/dagbag.py", line 351, in parse
    loader.exec_module(new_module)
  File "<frozen importlib._bootstrap_external>", line 940, in exec_module
  File "<frozen importlib._bootstrap>", line 241, in _call_with_frames_removed
  File "/opt/airflow/dags/futsal_pipeline.py", line 16, in <module>
    from pipeline.data_pipeline import DataPipeline
  File "/opt/airflow/pipeline/data_pipeline.py", line 1, in <module>
    from components.data_ingestion import DataIngestion
  File "/opt/airflow/components/data_ingestion.py", line 2, in <module>
    from db.db_connection import DB
ModuleNotFoundError: No module named 'db'
[2026-06-15T11:54:19.304+0000] {processor.py:842} WARNING - No viable dags retrieved from /opt/airflow/dags/futsal_pipeline.py
[2026-06-15T11:54:19.332+0000] {processor.py:183} INFO - Processing /opt/airflow/dags/futsal_pipeline.py took 0.390 seconds
[2026-06-15T11:54:49.551+0000] {processor.py:161} INFO - Started process (PID=6186) to work on /opt/airflow/dags/futsal_pipeline.py
[2026-06-15T11:54:49.552+0000] {processor.py:830} INFO - Processing file /opt/airflow/dags/futsal_pipeline.py for tasks to queue
[2026-06-15T11:54:49.553+0000] {logging_mixin.py:188} INFO - [2026-06-15T11:54:49.552+0000] {dagbag.py:545} INFO - Filling up the DagBag from /opt/airflow/dags/futsal_pipeline.py
[2026-06-15T11:54:49.864+0000] {logging_mixin.py:188} INFO - [2026-06-15T11:54:49.852+0000] {dagbag.py:355} ERROR - Failed to import: /opt/airflow/dags/futsal_pipeline.py
Traceback (most recent call last):
  File "/home/airflow/.local/lib/python3.11/site-packages/airflow/models/dagbag.py", line 351, in parse
    loader.exec_module(new_module)
  File "<frozen importlib._bootstrap_external>", line 940, in exec_module
  File "<frozen importlib._bootstrap>", line 241, in _call_with_frames_removed
  File "/opt/airflow/dags/futsal_pipeline.py", line 16, in <module>
    from pipeline.data_pipeline import DataPipeline
  File "/opt/airflow/pipeline/data_pipeline.py", line 1, in <module>
    from components.data_ingestion import DataIngestion
  File "/opt/airflow/components/data_ingestion.py", line 2, in <module>
    from db.db_connection import DB
ModuleNotFoundError: No module named 'db'
[2026-06-15T11:54:49.865+0000] {processor.py:842} WARNING - No viable dags retrieved from /opt/airflow/dags/futsal_pipeline.py
[2026-06-15T11:54:49.895+0000] {processor.py:183} INFO - Processing /opt/airflow/dags/futsal_pipeline.py took 0.350 seconds
[2026-06-15T11:55:20.250+0000] {processor.py:161} INFO - Started process (PID=6198) to work on /opt/airflow/dags/futsal_pipeline.py
[2026-06-15T11:55:20.252+0000] {processor.py:830} INFO - Processing file /opt/airflow/dags/futsal_pipeline.py for tasks to queue
[2026-06-15T11:55:20.253+0000] {logging_mixin.py:188} INFO - [2026-06-15T11:55:20.253+0000] {dagbag.py:545} INFO - Filling up the DagBag from /opt/airflow/dags/futsal_pipeline.py
[2026-06-15T11:55:20.562+0000] {logging_mixin.py:188} INFO - [2026-06-15T11:55:20.549+0000] {dagbag.py:355} ERROR - Failed to import: /opt/airflow/dags/futsal_pipeline.py
Traceback (most recent call last):
  File "/home/airflow/.local/lib/python3.11/site-packages/airflow/models/dagbag.py", line 351, in parse
    loader.exec_module(new_module)
  File "<frozen importlib._bootstrap_external>", line 940, in exec_module
  File "<frozen importlib._bootstrap>", line 241, in _call_with_frames_removed
  File "/opt/airflow/dags/futsal_pipeline.py", line 16, in <module>
    from pipeline.data_pipeline import DataPipeline
  File "/opt/airflow/pipeline/data_pipeline.py", line 1, in <module>
    from components.data_ingestion import DataIngestion
  File "/opt/airflow/components/data_ingestion.py", line 2, in <module>
    from db.db_connection import DB
ModuleNotFoundError: No module named 'db'
[2026-06-15T11:55:20.564+0000] {processor.py:842} WARNING - No viable dags retrieved from /opt/airflow/dags/futsal_pipeline.py
[2026-06-15T11:55:20.593+0000] {processor.py:183} INFO - Processing /opt/airflow/dags/futsal_pipeline.py took 0.350 seconds
[2026-06-15T11:55:50.813+0000] {processor.py:161} INFO - Started process (PID=6210) to work on /opt/airflow/dags/futsal_pipeline.py
[2026-06-15T11:55:50.814+0000] {processor.py:830} INFO - Processing file /opt/airflow/dags/futsal_pipeline.py for tasks to queue
[2026-06-15T11:55:50.815+0000] {logging_mixin.py:188} INFO - [2026-06-15T11:55:50.814+0000] {dagbag.py:545} INFO - Filling up the DagBag from /opt/airflow/dags/futsal_pipeline.py
[2026-06-15T11:55:51.120+0000] {logging_mixin.py:188} INFO - [2026-06-15T11:55:51.111+0000] {dagbag.py:355} ERROR - Failed to import: /opt/airflow/dags/futsal_pipeline.py
Traceback (most recent call last):
  File "/home/airflow/.local/lib/python3.11/site-packages/airflow/models/dagbag.py", line 351, in parse
    loader.exec_module(new_module)
  File "<frozen importlib._bootstrap_external>", line 940, in exec_module
  File "<frozen importlib._bootstrap>", line 241, in _call_with_frames_removed
  File "/opt/airflow/dags/futsal_pipeline.py", line 16, in <module>
    from pipeline.data_pipeline import DataPipeline
  File "/opt/airflow/pipeline/data_pipeline.py", line 1, in <module>
    from components.data_ingestion import DataIngestion
  File "/opt/airflow/components/data_ingestion.py", line 2, in <module>
    from db.db_connection import DB
ModuleNotFoundError: No module named 'db'
[2026-06-15T11:55:51.122+0000] {processor.py:842} WARNING - No viable dags retrieved from /opt/airflow/dags/futsal_pipeline.py
[2026-06-15T11:55:51.141+0000] {processor.py:183} INFO - Processing /opt/airflow/dags/futsal_pipeline.py took 0.334 seconds
[2026-06-15T11:56:21.322+0000] {processor.py:161} INFO - Started process (PID=6222) to work on /opt/airflow/dags/futsal_pipeline.py
[2026-06-15T11:56:21.323+0000] {processor.py:830} INFO - Processing file /opt/airflow/dags/futsal_pipeline.py for tasks to queue
[2026-06-15T11:56:21.324+0000] {logging_mixin.py:188} INFO - [2026-06-15T11:56:21.324+0000] {dagbag.py:545} INFO - Filling up the DagBag from /opt/airflow/dags/futsal_pipeline.py
[2026-06-15T11:56:21.644+0000] {logging_mixin.py:188} INFO - [2026-06-15T11:56:21.634+0000] {dagbag.py:355} ERROR - Failed to import: /opt/airflow/dags/futsal_pipeline.py
Traceback (most recent call last):
  File "/home/airflow/.local/lib/python3.11/site-packages/airflow/models/dagbag.py", line 351, in parse
    loader.exec_module(new_module)
  File "<frozen importlib._bootstrap_external>", line 940, in exec_module
  File "<frozen importlib._bootstrap>", line 241, in _call_with_frames_removed
  File "/opt/airflow/dags/futsal_pipeline.py", line 16, in <module>
    from pipeline.data_pipeline import DataPipeline
  File "/opt/airflow/pipeline/data_pipeline.py", line 1, in <module>
    from components.data_ingestion import DataIngestion
  File "/opt/airflow/components/data_ingestion.py", line 2, in <module>
    from db.db_connection import DB
ModuleNotFoundError: No module named 'db'
[2026-06-15T11:56:21.646+0000] {processor.py:842} WARNING - No viable dags retrieved from /opt/airflow/dags/futsal_pipeline.py
[2026-06-15T11:56:21.674+0000] {processor.py:183} INFO - Processing /opt/airflow/dags/futsal_pipeline.py took 0.357 seconds
[2026-06-15T11:56:51.863+0000] {processor.py:161} INFO - Started process (PID=6234) to work on /opt/airflow/dags/futsal_pipeline.py
[2026-06-15T11:56:51.864+0000] {processor.py:830} INFO - Processing file /opt/airflow/dags/futsal_pipeline.py for tasks to queue
[2026-06-15T11:56:51.866+0000] {logging_mixin.py:188} INFO - [2026-06-15T11:56:51.865+0000] {dagbag.py:545} INFO - Filling up the DagBag from /opt/airflow/dags/futsal_pipeline.py
[2026-06-15T11:56:52.287+0000] {logging_mixin.py:188} INFO - [2026-06-15T11:56:52.275+0000] {dagbag.py:355} ERROR - Failed to import: /opt/airflow/dags/futsal_pipeline.py
Traceback (most recent call last):
  File "/home/airflow/.local/lib/python3.11/site-packages/airflow/models/dagbag.py", line 351, in parse
    loader.exec_module(new_module)
  File "<frozen importlib._bootstrap_external>", line 940, in exec_module
  File "<frozen importlib._bootstrap>", line 241, in _call_with_frames_removed
  File "/opt/airflow/dags/futsal_pipeline.py", line 16, in <module>
    from pipeline.data_pipeline import DataPipeline
  File "/opt/airflow/pipeline/data_pipeline.py", line 1, in <module>
    from components.data_ingestion import DataIngestion
  File "/opt/airflow/components/data_ingestion.py", line 2, in <module>
    from db.db_connection import DB
ModuleNotFoundError: No module named 'db'
[2026-06-15T11:56:52.290+0000] {processor.py:842} WARNING - No viable dags retrieved from /opt/airflow/dags/futsal_pipeline.py
[2026-06-15T11:56:52.325+0000] {processor.py:183} INFO - Processing /opt/airflow/dags/futsal_pipeline.py took 0.468 seconds
[2026-06-15T11:57:22.553+0000] {processor.py:161} INFO - Started process (PID=6246) to work on /opt/airflow/dags/futsal_pipeline.py
[2026-06-15T11:57:22.555+0000] {processor.py:830} INFO - Processing file /opt/airflow/dags/futsal_pipeline.py for tasks to queue
[2026-06-15T11:57:22.557+0000] {logging_mixin.py:188} INFO - [2026-06-15T11:57:22.557+0000] {dagbag.py:545} INFO - Filling up the DagBag from /opt/airflow/dags/futsal_pipeline.py
[2026-06-15T11:57:23.343+0000] {logging_mixin.py:188} INFO - [2026-06-15T11:57:23.324+0000] {dagbag.py:355} ERROR - Failed to import: /opt/airflow/dags/futsal_pipeline.py
Traceback (most recent call last):
  File "/home/airflow/.local/lib/python3.11/site-packages/airflow/models/dagbag.py", line 351, in parse
    loader.exec_module(new_module)
  File "<frozen importlib._bootstrap_external>", line 940, in exec_module
  File "<frozen importlib._bootstrap>", line 241, in _call_with_frames_removed
  File "/opt/airflow/dags/futsal_pipeline.py", line 16, in <module>
    from pipeline.data_pipeline import DataPipeline
  File "/opt/airflow/pipeline/data_pipeline.py", line 1, in <module>
    from components.data_ingestion import DataIngestion
  File "/opt/airflow/components/data_ingestion.py", line 2, in <module>
    from db.db_connection import DB
ModuleNotFoundError: No module named 'db'
[2026-06-15T11:57:23.346+0000] {processor.py:842} WARNING - No viable dags retrieved from /opt/airflow/dags/futsal_pipeline.py
[2026-06-15T11:57:23.391+0000] {processor.py:183} INFO - Processing /opt/airflow/dags/futsal_pipeline.py took 0.854 seconds
[2026-06-15T11:57:53.696+0000] {processor.py:161} INFO - Started process (PID=6257) to work on /opt/airflow/dags/futsal_pipeline.py
[2026-06-15T11:57:53.699+0000] {processor.py:830} INFO - Processing file /opt/airflow/dags/futsal_pipeline.py for tasks to queue
[2026-06-15T11:57:53.701+0000] {logging_mixin.py:188} INFO - [2026-06-15T11:57:53.700+0000] {dagbag.py:545} INFO - Filling up the DagBag from /opt/airflow/dags/futsal_pipeline.py
[2026-06-15T11:57:54.671+0000] {logging_mixin.py:188} INFO - [2026-06-15T11:57:54.653+0000] {dagbag.py:355} ERROR - Failed to import: /opt/airflow/dags/futsal_pipeline.py
Traceback (most recent call last):
  File "/home/airflow/.local/lib/python3.11/site-packages/airflow/models/dagbag.py", line 351, in parse
    loader.exec_module(new_module)
  File "<frozen importlib._bootstrap_external>", line 940, in exec_module
  File "<frozen importlib._bootstrap>", line 241, in _call_with_frames_removed
  File "/opt/airflow/dags/futsal_pipeline.py", line 16, in <module>
    from pipeline.data_pipeline import DataPipeline
  File "/opt/airflow/pipeline/data_pipeline.py", line 1, in <module>
    from components.data_ingestion import DataIngestion
  File "/opt/airflow/components/data_ingestion.py", line 2, in <module>
    from db.db_connection import DB
ModuleNotFoundError: No module named 'db'
[2026-06-15T11:57:54.673+0000] {processor.py:842} WARNING - No viable dags retrieved from /opt/airflow/dags/futsal_pipeline.py
[2026-06-15T11:57:54.723+0000] {processor.py:183} INFO - Processing /opt/airflow/dags/futsal_pipeline.py took 1.051 seconds
[2026-06-15T11:58:24.911+0000] {processor.py:161} INFO - Started process (PID=6275) to work on /opt/airflow/dags/futsal_pipeline.py
[2026-06-15T11:58:24.913+0000] {processor.py:830} INFO - Processing file /opt/airflow/dags/futsal_pipeline.py for tasks to queue
[2026-06-15T11:58:24.914+0000] {logging_mixin.py:188} INFO - [2026-06-15T11:58:24.914+0000] {dagbag.py:545} INFO - Filling up the DagBag from /opt/airflow/dags/futsal_pipeline.py
[2026-06-15T11:58:25.657+0000] {logging_mixin.py:188} INFO - [2026-06-15T11:58:25.639+0000] {dagbag.py:355} ERROR - Failed to import: /opt/airflow/dags/futsal_pipeline.py
Traceback (most recent call last):
  File "/home/airflow/.local/lib/python3.11/site-packages/airflow/models/dagbag.py", line 351, in parse
    loader.exec_module(new_module)
  File "<frozen importlib._bootstrap_external>", line 940, in exec_module
  File "<frozen importlib._bootstrap>", line 241, in _call_with_frames_removed
  File "/opt/airflow/dags/futsal_pipeline.py", line 16, in <module>
    from pipeline.data_pipeline import DataPipeline
  File "/opt/airflow/pipeline/data_pipeline.py", line 1, in <module>
    from components.data_ingestion import DataIngestion
  File "/opt/airflow/components/data_ingestion.py", line 2, in <module>
    from db.db_connection import DB
ModuleNotFoundError: No module named 'db'
[2026-06-15T11:58:25.661+0000] {processor.py:842} WARNING - No viable dags retrieved from /opt/airflow/dags/futsal_pipeline.py
[2026-06-15T11:58:25.693+0000] {processor.py:183} INFO - Processing /opt/airflow/dags/futsal_pipeline.py took 0.794 seconds
[2026-06-15T11:58:56.061+0000] {processor.py:161} INFO - Started process (PID=6287) to work on /opt/airflow/dags/futsal_pipeline.py
[2026-06-15T11:58:56.063+0000] {processor.py:830} INFO - Processing file /opt/airflow/dags/futsal_pipeline.py for tasks to queue
[2026-06-15T11:58:56.065+0000] {logging_mixin.py:188} INFO - [2026-06-15T11:58:56.064+0000] {dagbag.py:545} INFO - Filling up the DagBag from /opt/airflow/dags/futsal_pipeline.py
[2026-06-15T11:58:56.950+0000] {logging_mixin.py:188} INFO - [2026-06-15T11:58:56.927+0000] {dagbag.py:355} ERROR - Failed to import: /opt/airflow/dags/futsal_pipeline.py
Traceback (most recent call last):
  File "/home/airflow/.local/lib/python3.11/site-packages/airflow/models/dagbag.py", line 351, in parse
    loader.exec_module(new_module)
  File "<frozen importlib._bootstrap_external>", line 940, in exec_module
  File "<frozen importlib._bootstrap>", line 241, in _call_with_frames_removed
  File "/opt/airflow/dags/futsal_pipeline.py", line 16, in <module>
    from pipeline.data_pipeline import DataPipeline
  File "/opt/airflow/pipeline/data_pipeline.py", line 1, in <module>
    from components.data_ingestion import DataIngestion
  File "/opt/airflow/components/data_ingestion.py", line 2, in <module>
    from db.db_connection import DB
ModuleNotFoundError: No module named 'db'
[2026-06-15T11:58:56.959+0000] {processor.py:842} WARNING - No viable dags retrieved from /opt/airflow/dags/futsal_pipeline.py
[2026-06-15T11:58:56.995+0000] {processor.py:183} INFO - Processing /opt/airflow/dags/futsal_pipeline.py took 0.946 seconds
[2026-06-15T11:59:27.307+0000] {processor.py:161} INFO - Started process (PID=6299) to work on /opt/airflow/dags/futsal_pipeline.py
[2026-06-15T11:59:27.309+0000] {processor.py:830} INFO - Processing file /opt/airflow/dags/futsal_pipeline.py for tasks to queue
[2026-06-15T11:59:27.311+0000] {logging_mixin.py:188} INFO - [2026-06-15T11:59:27.310+0000] {dagbag.py:545} INFO - Filling up the DagBag from /opt/airflow/dags/futsal_pipeline.py
[2026-06-15T11:59:28.250+0000] {logging_mixin.py:188} INFO - [2026-06-15T11:59:28.220+0000] {dagbag.py:355} ERROR - Failed to import: /opt/airflow/dags/futsal_pipeline.py
Traceback (most recent call last):
  File "/home/airflow/.local/lib/python3.11/site-packages/airflow/models/dagbag.py", line 351, in parse
    loader.exec_module(new_module)
  File "<frozen importlib._bootstrap_external>", line 940, in exec_module
  File "<frozen importlib._bootstrap>", line 241, in _call_with_frames_removed
  File "/opt/airflow/dags/futsal_pipeline.py", line 16, in <module>
    from pipeline.data_pipeline import DataPipeline
  File "/opt/airflow/pipeline/data_pipeline.py", line 1, in <module>
    from components.data_ingestion import DataIngestion
  File "/opt/airflow/components/data_ingestion.py", line 2, in <module>
    from db.db_connection import DB
ModuleNotFoundError: No module named 'db'
[2026-06-15T11:59:28.260+0000] {processor.py:842} WARNING - No viable dags retrieved from /opt/airflow/dags/futsal_pipeline.py
[2026-06-15T11:59:28.304+0000] {processor.py:183} INFO - Processing /opt/airflow/dags/futsal_pipeline.py took 1.021 seconds
[2026-06-15T11:59:58.532+0000] {processor.py:161} INFO - Started process (PID=6311) to work on /opt/airflow/dags/futsal_pipeline.py
[2026-06-15T11:59:58.533+0000] {processor.py:830} INFO - Processing file /opt/airflow/dags/futsal_pipeline.py for tasks to queue
[2026-06-15T11:59:58.534+0000] {logging_mixin.py:188} INFO - [2026-06-15T11:59:58.533+0000] {dagbag.py:545} INFO - Filling up the DagBag from /opt/airflow/dags/futsal_pipeline.py
[2026-06-15T11:59:58.842+0000] {logging_mixin.py:188} INFO - [2026-06-15T11:59:58.832+0000] {dagbag.py:355} ERROR - Failed to import: /opt/airflow/dags/futsal_pipeline.py
Traceback (most recent call last):
  File "/home/airflow/.local/lib/python3.11/site-packages/airflow/models/dagbag.py", line 351, in parse
    loader.exec_module(new_module)
  File "<frozen importlib._bootstrap_external>", line 940, in exec_module
  File "<frozen importlib._bootstrap>", line 241, in _call_with_frames_removed
  File "/opt/airflow/dags/futsal_pipeline.py", line 16, in <module>
    from pipeline.data_pipeline import DataPipeline
  File "/opt/airflow/pipeline/data_pipeline.py", line 1, in <module>
    from components.data_ingestion import DataIngestion
  File "/opt/airflow/components/data_ingestion.py", line 2, in <module>
    from db.db_connection import DB
ModuleNotFoundError: No module named 'db'
[2026-06-15T11:59:58.846+0000] {processor.py:842} WARNING - No viable dags retrieved from /opt/airflow/dags/futsal_pipeline.py
[2026-06-15T11:59:58.862+0000] {processor.py:183} INFO - Processing /opt/airflow/dags/futsal_pipeline.py took 0.335 seconds
[2026-06-15T12:00:29.084+0000] {processor.py:161} INFO - Started process (PID=6323) to work on /opt/airflow/dags/futsal_pipeline.py
[2026-06-15T12:00:29.085+0000] {processor.py:830} INFO - Processing file /opt/airflow/dags/futsal_pipeline.py for tasks to queue
[2026-06-15T12:00:29.086+0000] {logging_mixin.py:188} INFO - [2026-06-15T12:00:29.086+0000] {dagbag.py:545} INFO - Filling up the DagBag from /opt/airflow/dags/futsal_pipeline.py
[2026-06-15T12:00:29.389+0000] {logging_mixin.py:188} INFO - [2026-06-15T12:00:29.379+0000] {dagbag.py:355} ERROR - Failed to import: /opt/airflow/dags/futsal_pipeline.py
Traceback (most recent call last):
  File "/home/airflow/.local/lib/python3.11/site-packages/airflow/models/dagbag.py", line 351, in parse
    loader.exec_module(new_module)
  File "<frozen importlib._bootstrap_external>", line 940, in exec_module
  File "<frozen importlib._bootstrap>", line 241, in _call_with_frames_removed
  File "/opt/airflow/dags/futsal_pipeline.py", line 16, in <module>
    from pipeline.data_pipeline import DataPipeline
  File "/opt/airflow/pipeline/data_pipeline.py", line 1, in <module>
    from components.data_ingestion import DataIngestion
  File "/opt/airflow/components/data_ingestion.py", line 2, in <module>
    from db.db_connection import DB
ModuleNotFoundError: No module named 'db'
[2026-06-15T12:00:29.390+0000] {processor.py:842} WARNING - No viable dags retrieved from /opt/airflow/dags/futsal_pipeline.py
[2026-06-15T12:00:29.418+0000] {processor.py:183} INFO - Processing /opt/airflow/dags/futsal_pipeline.py took 0.340 seconds
[2026-06-15T12:00:59.654+0000] {processor.py:161} INFO - Started process (PID=6335) to work on /opt/airflow/dags/futsal_pipeline.py
[2026-06-15T12:00:59.655+0000] {processor.py:830} INFO - Processing file /opt/airflow/dags/futsal_pipeline.py for tasks to queue
[2026-06-15T12:00:59.656+0000] {logging_mixin.py:188} INFO - [2026-06-15T12:00:59.656+0000] {dagbag.py:545} INFO - Filling up the DagBag from /opt/airflow/dags/futsal_pipeline.py
[2026-06-15T12:00:59.947+0000] {logging_mixin.py:188} INFO - [2026-06-15T12:00:59.938+0000] {dagbag.py:355} ERROR - Failed to import: /opt/airflow/dags/futsal_pipeline.py
Traceback (most recent call last):
  File "/home/airflow/.local/lib/python3.11/site-packages/airflow/models/dagbag.py", line 351, in parse
    loader.exec_module(new_module)
  File "<frozen importlib._bootstrap_external>", line 940, in exec_module
  File "<frozen importlib._bootstrap>", line 241, in _call_with_frames_removed
  File "/opt/airflow/dags/futsal_pipeline.py", line 16, in <module>
    from pipeline.data_pipeline import DataPipeline
  File "/opt/airflow/pipeline/data_pipeline.py", line 1, in <module>
    from components.data_ingestion import DataIngestion
  File "/opt/airflow/components/data_ingestion.py", line 2, in <module>
    from db.db_connection import DB
ModuleNotFoundError: No module named 'db'
[2026-06-15T12:00:59.949+0000] {processor.py:842} WARNING - No viable dags retrieved from /opt/airflow/dags/futsal_pipeline.py
[2026-06-15T12:00:59.976+0000] {processor.py:183} INFO - Processing /opt/airflow/dags/futsal_pipeline.py took 0.327 seconds
[2026-06-15T12:01:30.209+0000] {processor.py:161} INFO - Started process (PID=6347) to work on /opt/airflow/dags/futsal_pipeline.py
[2026-06-15T12:01:30.210+0000] {processor.py:830} INFO - Processing file /opt/airflow/dags/futsal_pipeline.py for tasks to queue
[2026-06-15T12:01:30.211+0000] {logging_mixin.py:188} INFO - [2026-06-15T12:01:30.210+0000] {dagbag.py:545} INFO - Filling up the DagBag from /opt/airflow/dags/futsal_pipeline.py
[2026-06-15T12:01:30.512+0000] {logging_mixin.py:188} INFO - [2026-06-15T12:01:30.502+0000] {dagbag.py:355} ERROR - Failed to import: /opt/airflow/dags/futsal_pipeline.py
Traceback (most recent call last):
  File "/home/airflow/.local/lib/python3.11/site-packages/airflow/models/dagbag.py", line 351, in parse
    loader.exec_module(new_module)
  File "<frozen importlib._bootstrap_external>", line 940, in exec_module
  File "<frozen importlib._bootstrap>", line 241, in _call_with_frames_removed
  File "/opt/airflow/dags/futsal_pipeline.py", line 16, in <module>
    from pipeline.data_pipeline import DataPipeline
  File "/opt/airflow/pipeline/data_pipeline.py", line 1, in <module>
    from components.data_ingestion import DataIngestion
  File "/opt/airflow/components/data_ingestion.py", line 2, in <module>
    from db.db_connection import DB
ModuleNotFoundError: No module named 'db'
[2026-06-15T12:01:30.513+0000] {processor.py:842} WARNING - No viable dags retrieved from /opt/airflow/dags/futsal_pipeline.py
[2026-06-15T12:01:30.541+0000] {processor.py:183} INFO - Processing /opt/airflow/dags/futsal_pipeline.py took 0.337 seconds
[2026-06-15T12:02:00.788+0000] {processor.py:161} INFO - Started process (PID=6359) to work on /opt/airflow/dags/futsal_pipeline.py
[2026-06-15T12:02:00.789+0000] {processor.py:830} INFO - Processing file /opt/airflow/dags/futsal_pipeline.py for tasks to queue
[2026-06-15T12:02:00.790+0000] {logging_mixin.py:188} INFO - [2026-06-15T12:02:00.790+0000] {dagbag.py:545} INFO - Filling up the DagBag from /opt/airflow/dags/futsal_pipeline.py
[2026-06-15T12:02:01.083+0000] {logging_mixin.py:188} INFO - [2026-06-15T12:02:01.071+0000] {dagbag.py:355} ERROR - Failed to import: /opt/airflow/dags/futsal_pipeline.py
Traceback (most recent call last):
  File "/home/airflow/.local/lib/python3.11/site-packages/airflow/models/dagbag.py", line 351, in parse
    loader.exec_module(new_module)
  File "<frozen importlib._bootstrap_external>", line 940, in exec_module
  File "<frozen importlib._bootstrap>", line 241, in _call_with_frames_removed
  File "/opt/airflow/dags/futsal_pipeline.py", line 16, in <module>
    from pipeline.data_pipeline import DataPipeline
  File "/opt/airflow/pipeline/data_pipeline.py", line 1, in <module>
    from components.data_ingestion import DataIngestion
  File "/opt/airflow/components/data_ingestion.py", line 2, in <module>
    from db.db_connection import DB
ModuleNotFoundError: No module named 'db'
[2026-06-15T12:02:01.084+0000] {processor.py:842} WARNING - No viable dags retrieved from /opt/airflow/dags/futsal_pipeline.py
[2026-06-15T12:02:01.102+0000] {processor.py:183} INFO - Processing /opt/airflow/dags/futsal_pipeline.py took 0.319 seconds
[2026-06-15T12:02:31.358+0000] {processor.py:161} INFO - Started process (PID=6371) to work on /opt/airflow/dags/futsal_pipeline.py
[2026-06-15T12:02:31.359+0000] {processor.py:830} INFO - Processing file /opt/airflow/dags/futsal_pipeline.py for tasks to queue
[2026-06-15T12:02:31.360+0000] {logging_mixin.py:188} INFO - [2026-06-15T12:02:31.359+0000] {dagbag.py:545} INFO - Filling up the DagBag from /opt/airflow/dags/futsal_pipeline.py
[2026-06-15T12:02:31.651+0000] {logging_mixin.py:188} INFO - [2026-06-15T12:02:31.642+0000] {dagbag.py:355} ERROR - Failed to import: /opt/airflow/dags/futsal_pipeline.py
Traceback (most recent call last):
  File "/home/airflow/.local/lib/python3.11/site-packages/airflow/models/dagbag.py", line 351, in parse
    loader.exec_module(new_module)
  File "<frozen importlib._bootstrap_external>", line 940, in exec_module
  File "<frozen importlib._bootstrap>", line 241, in _call_with_frames_removed
  File "/opt/airflow/dags/futsal_pipeline.py", line 16, in <module>
    from pipeline.data_pipeline import DataPipeline
  File "/opt/airflow/pipeline/data_pipeline.py", line 1, in <module>
    from components.data_ingestion import DataIngestion
  File "/opt/airflow/components/data_ingestion.py", line 2, in <module>
    from db.db_connection import DB
ModuleNotFoundError: No module named 'db'
[2026-06-15T12:02:31.652+0000] {processor.py:842} WARNING - No viable dags retrieved from /opt/airflow/dags/futsal_pipeline.py
[2026-06-15T12:02:31.680+0000] {processor.py:183} INFO - Processing /opt/airflow/dags/futsal_pipeline.py took 0.327 seconds
[2026-06-15T12:03:01.925+0000] {processor.py:161} INFO - Started process (PID=6383) to work on /opt/airflow/dags/futsal_pipeline.py
[2026-06-15T12:03:01.926+0000] {processor.py:830} INFO - Processing file /opt/airflow/dags/futsal_pipeline.py for tasks to queue
[2026-06-15T12:03:01.927+0000] {logging_mixin.py:188} INFO - [2026-06-15T12:03:01.926+0000] {dagbag.py:545} INFO - Filling up the DagBag from /opt/airflow/dags/futsal_pipeline.py
[2026-06-15T12:03:02.238+0000] {logging_mixin.py:188} INFO - [2026-06-15T12:03:02.227+0000] {dagbag.py:355} ERROR - Failed to import: /opt/airflow/dags/futsal_pipeline.py
Traceback (most recent call last):
  File "/home/airflow/.local/lib/python3.11/site-packages/airflow/models/dagbag.py", line 351, in parse
    loader.exec_module(new_module)
  File "<frozen importlib._bootstrap_external>", line 940, in exec_module
  File "<frozen importlib._bootstrap>", line 241, in _call_with_frames_removed
  File "/opt/airflow/dags/futsal_pipeline.py", line 16, in <module>
    from pipeline.data_pipeline import DataPipeline
  File "/opt/airflow/pipeline/data_pipeline.py", line 1, in <module>
    from components.data_ingestion import DataIngestion
  File "/opt/airflow/components/data_ingestion.py", line 2, in <module>
    from db.db_connection import DB
ModuleNotFoundError: No module named 'db'
[2026-06-15T12:03:02.240+0000] {processor.py:842} WARNING - No viable dags retrieved from /opt/airflow/dags/futsal_pipeline.py
[2026-06-15T12:03:02.268+0000] {processor.py:183} INFO - Processing /opt/airflow/dags/futsal_pipeline.py took 0.348 seconds
[2026-06-15T12:03:32.517+0000] {processor.py:161} INFO - Started process (PID=6395) to work on /opt/airflow/dags/futsal_pipeline.py
[2026-06-15T12:03:32.518+0000] {processor.py:830} INFO - Processing file /opt/airflow/dags/futsal_pipeline.py for tasks to queue
[2026-06-15T12:03:32.519+0000] {logging_mixin.py:188} INFO - [2026-06-15T12:03:32.519+0000] {dagbag.py:545} INFO - Filling up the DagBag from /opt/airflow/dags/futsal_pipeline.py
[2026-06-15T12:03:32.860+0000] {logging_mixin.py:188} INFO - [2026-06-15T12:03:32.851+0000] {dagbag.py:355} ERROR - Failed to import: /opt/airflow/dags/futsal_pipeline.py
Traceback (most recent call last):
  File "/home/airflow/.local/lib/python3.11/site-packages/airflow/models/dagbag.py", line 351, in parse
    loader.exec_module(new_module)
  File "<frozen importlib._bootstrap_external>", line 940, in exec_module
  File "<frozen importlib._bootstrap>", line 241, in _call_with_frames_removed
  File "/opt/airflow/dags/futsal_pipeline.py", line 16, in <module>
    from pipeline.data_pipeline import DataPipeline
  File "/opt/airflow/pipeline/data_pipeline.py", line 1, in <module>
    from components.data_ingestion import DataIngestion
  File "/opt/airflow/components/data_ingestion.py", line 2, in <module>
    from db.db_connection import DB
ModuleNotFoundError: No module named 'db'
[2026-06-15T12:03:32.862+0000] {processor.py:842} WARNING - No viable dags retrieved from /opt/airflow/dags/futsal_pipeline.py
[2026-06-15T12:03:32.879+0000] {processor.py:183} INFO - Processing /opt/airflow/dags/futsal_pipeline.py took 0.369 seconds
[2026-06-15T12:04:03.080+0000] {processor.py:161} INFO - Started process (PID=6407) to work on /opt/airflow/dags/futsal_pipeline.py
[2026-06-15T12:04:03.081+0000] {processor.py:830} INFO - Processing file /opt/airflow/dags/futsal_pipeline.py for tasks to queue
[2026-06-15T12:04:03.082+0000] {logging_mixin.py:188} INFO - [2026-06-15T12:04:03.082+0000] {dagbag.py:545} INFO - Filling up the DagBag from /opt/airflow/dags/futsal_pipeline.py
[2026-06-15T12:04:03.385+0000] {logging_mixin.py:188} INFO - [2026-06-15T12:04:03.375+0000] {dagbag.py:355} ERROR - Failed to import: /opt/airflow/dags/futsal_pipeline.py
Traceback (most recent call last):
  File "/home/airflow/.local/lib/python3.11/site-packages/airflow/models/dagbag.py", line 351, in parse
    loader.exec_module(new_module)
  File "<frozen importlib._bootstrap_external>", line 940, in exec_module
  File "<frozen importlib._bootstrap>", line 241, in _call_with_frames_removed
  File "/opt/airflow/dags/futsal_pipeline.py", line 16, in <module>
    from pipeline.data_pipeline import DataPipeline
  File "/opt/airflow/pipeline/data_pipeline.py", line 1, in <module>
    from components.data_ingestion import DataIngestion
  File "/opt/airflow/components/data_ingestion.py", line 2, in <module>
    from db.db_connection import DB
ModuleNotFoundError: No module named 'db'
[2026-06-15T12:04:03.387+0000] {processor.py:842} WARNING - No viable dags retrieved from /opt/airflow/dags/futsal_pipeline.py
[2026-06-15T12:04:03.415+0000] {processor.py:183} INFO - Processing /opt/airflow/dags/futsal_pipeline.py took 0.340 seconds
[2026-06-15T12:04:33.630+0000] {processor.py:161} INFO - Started process (PID=6419) to work on /opt/airflow/dags/futsal_pipeline.py
[2026-06-15T12:04:33.631+0000] {processor.py:830} INFO - Processing file /opt/airflow/dags/futsal_pipeline.py for tasks to queue
[2026-06-15T12:04:33.632+0000] {logging_mixin.py:188} INFO - [2026-06-15T12:04:33.632+0000] {dagbag.py:545} INFO - Filling up the DagBag from /opt/airflow/dags/futsal_pipeline.py
[2026-06-15T12:04:34.152+0000] {logging_mixin.py:188} INFO - [2026-06-15T12:04:34.138+0000] {dagbag.py:355} ERROR - Failed to import: /opt/airflow/dags/futsal_pipeline.py
Traceback (most recent call last):
  File "/home/airflow/.local/lib/python3.11/site-packages/airflow/models/dagbag.py", line 351, in parse
    loader.exec_module(new_module)
  File "<frozen importlib._bootstrap_external>", line 940, in exec_module
  File "<frozen importlib._bootstrap>", line 241, in _call_with_frames_removed
  File "/opt/airflow/dags/futsal_pipeline.py", line 16, in <module>
    from pipeline.data_pipeline import DataPipeline
  File "/opt/airflow/pipeline/data_pipeline.py", line 1, in <module>
    from components.data_ingestion import DataIngestion
  File "/opt/airflow/components/data_ingestion.py", line 2, in <module>
    from db.db_connection import DB
ModuleNotFoundError: No module named 'db'
[2026-06-15T12:04:34.154+0000] {processor.py:842} WARNING - No viable dags retrieved from /opt/airflow/dags/futsal_pipeline.py
[2026-06-15T12:04:34.188+0000] {processor.py:183} INFO - Processing /opt/airflow/dags/futsal_pipeline.py took 0.564 seconds
[2026-06-15T12:05:04.438+0000] {processor.py:161} INFO - Started process (PID=6431) to work on /opt/airflow/dags/futsal_pipeline.py
[2026-06-15T12:05:04.441+0000] {processor.py:830} INFO - Processing file /opt/airflow/dags/futsal_pipeline.py for tasks to queue
[2026-06-15T12:05:04.443+0000] {logging_mixin.py:188} INFO - [2026-06-15T12:05:04.442+0000] {dagbag.py:545} INFO - Filling up the DagBag from /opt/airflow/dags/futsal_pipeline.py
[2026-06-15T12:05:05.301+0000] {logging_mixin.py:188} INFO - [2026-06-15T12:05:05.283+0000] {dagbag.py:355} ERROR - Failed to import: /opt/airflow/dags/futsal_pipeline.py
Traceback (most recent call last):
  File "/home/airflow/.local/lib/python3.11/site-packages/airflow/models/dagbag.py", line 351, in parse
    loader.exec_module(new_module)
  File "<frozen importlib._bootstrap_external>", line 940, in exec_module
  File "<frozen importlib._bootstrap>", line 241, in _call_with_frames_removed
  File "/opt/airflow/dags/futsal_pipeline.py", line 16, in <module>
    from pipeline.data_pipeline import DataPipeline
  File "/opt/airflow/pipeline/data_pipeline.py", line 1, in <module>
    from components.data_ingestion import DataIngestion
  File "/opt/airflow/components/data_ingestion.py", line 2, in <module>
    from db.db_connection import DB
ModuleNotFoundError: No module named 'db'
[2026-06-15T12:05:05.304+0000] {processor.py:842} WARNING - No viable dags retrieved from /opt/airflow/dags/futsal_pipeline.py
[2026-06-15T12:05:05.349+0000] {processor.py:183} INFO - Processing /opt/airflow/dags/futsal_pipeline.py took 0.924 seconds
[2026-06-15T12:05:35.625+0000] {processor.py:161} INFO - Started process (PID=6443) to work on /opt/airflow/dags/futsal_pipeline.py
[2026-06-15T12:05:35.627+0000] {processor.py:830} INFO - Processing file /opt/airflow/dags/futsal_pipeline.py for tasks to queue
[2026-06-15T12:05:35.629+0000] {logging_mixin.py:188} INFO - [2026-06-15T12:05:35.628+0000] {dagbag.py:545} INFO - Filling up the DagBag from /opt/airflow/dags/futsal_pipeline.py
[2026-06-15T12:05:36.526+0000] {logging_mixin.py:188} INFO - [2026-06-15T12:05:36.508+0000] {dagbag.py:355} ERROR - Failed to import: /opt/airflow/dags/futsal_pipeline.py
Traceback (most recent call last):
  File "/home/airflow/.local/lib/python3.11/site-packages/airflow/models/dagbag.py", line 351, in parse
    loader.exec_module(new_module)
  File "<frozen importlib._bootstrap_external>", line 940, in exec_module
  File "<frozen importlib._bootstrap>", line 241, in _call_with_frames_removed
  File "/opt/airflow/dags/futsal_pipeline.py", line 16, in <module>
    from pipeline.data_pipeline import DataPipeline
  File "/opt/airflow/pipeline/data_pipeline.py", line 1, in <module>
    from components.data_ingestion import DataIngestion
  File "/opt/airflow/components/data_ingestion.py", line 2, in <module>
    from db.db_connection import DB
ModuleNotFoundError: No module named 'db'
[2026-06-15T12:05:36.530+0000] {processor.py:842} WARNING - No viable dags retrieved from /opt/airflow/dags/futsal_pipeline.py
[2026-06-15T12:05:36.578+0000] {processor.py:183} INFO - Processing /opt/airflow/dags/futsal_pipeline.py took 0.969 seconds
[2026-06-15T12:06:06.865+0000] {processor.py:161} INFO - Started process (PID=6456) to work on /opt/airflow/dags/futsal_pipeline.py
[2026-06-15T12:06:06.868+0000] {processor.py:830} INFO - Processing file /opt/airflow/dags/futsal_pipeline.py for tasks to queue
[2026-06-15T12:06:06.873+0000] {logging_mixin.py:188} INFO - [2026-06-15T12:06:06.870+0000] {dagbag.py:545} INFO - Filling up the DagBag from /opt/airflow/dags/futsal_pipeline.py
[2026-06-15T12:06:07.901+0000] {logging_mixin.py:188} INFO - [2026-06-15T12:06:07.885+0000] {dagbag.py:355} ERROR - Failed to import: /opt/airflow/dags/futsal_pipeline.py
Traceback (most recent call last):
  File "/home/airflow/.local/lib/python3.11/site-packages/airflow/models/dagbag.py", line 351, in parse
    loader.exec_module(new_module)
  File "<frozen importlib._bootstrap_external>", line 940, in exec_module
  File "<frozen importlib._bootstrap>", line 241, in _call_with_frames_removed
  File "/opt/airflow/dags/futsal_pipeline.py", line 16, in <module>
    from pipeline.data_pipeline import DataPipeline
  File "/opt/airflow/pipeline/data_pipeline.py", line 1, in <module>
    from components.data_ingestion import DataIngestion
  File "/opt/airflow/components/data_ingestion.py", line 2, in <module>
    from db.db_connection import DB
ModuleNotFoundError: No module named 'db'
[2026-06-15T12:06:07.903+0000] {processor.py:842} WARNING - No viable dags retrieved from /opt/airflow/dags/futsal_pipeline.py
[2026-06-15T12:06:07.936+0000] {processor.py:183} INFO - Processing /opt/airflow/dags/futsal_pipeline.py took 1.090 seconds
[2026-06-15T12:06:38.214+0000] {processor.py:161} INFO - Started process (PID=6469) to work on /opt/airflow/dags/futsal_pipeline.py
[2026-06-15T12:06:38.217+0000] {processor.py:830} INFO - Processing file /opt/airflow/dags/futsal_pipeline.py for tasks to queue
[2026-06-15T12:06:38.221+0000] {logging_mixin.py:188} INFO - [2026-06-15T12:06:38.220+0000] {dagbag.py:545} INFO - Filling up the DagBag from /opt/airflow/dags/futsal_pipeline.py
[2026-06-15T12:06:39.261+0000] {logging_mixin.py:188} INFO - [2026-06-15T12:06:39.234+0000] {dagbag.py:355} ERROR - Failed to import: /opt/airflow/dags/futsal_pipeline.py
Traceback (most recent call last):
  File "/home/airflow/.local/lib/python3.11/site-packages/airflow/models/dagbag.py", line 351, in parse
    loader.exec_module(new_module)
  File "<frozen importlib._bootstrap_external>", line 940, in exec_module
  File "<frozen importlib._bootstrap>", line 241, in _call_with_frames_removed
  File "/opt/airflow/dags/futsal_pipeline.py", line 16, in <module>
    from pipeline.data_pipeline import DataPipeline
  File "/opt/airflow/pipeline/data_pipeline.py", line 1, in <module>
    from components.data_ingestion import DataIngestion
  File "/opt/airflow/components/data_ingestion.py", line 2, in <module>
    from db.db_connection import DB
ModuleNotFoundError: No module named 'db'
[2026-06-15T12:06:39.268+0000] {processor.py:842} WARNING - No viable dags retrieved from /opt/airflow/dags/futsal_pipeline.py
[2026-06-15T12:06:39.313+0000] {processor.py:183} INFO - Processing /opt/airflow/dags/futsal_pipeline.py took 1.115 seconds
[2026-06-15T12:07:09.496+0000] {processor.py:161} INFO - Started process (PID=6481) to work on /opt/airflow/dags/futsal_pipeline.py
[2026-06-15T12:07:09.499+0000] {processor.py:830} INFO - Processing file /opt/airflow/dags/futsal_pipeline.py for tasks to queue
[2026-06-15T12:07:09.501+0000] {logging_mixin.py:188} INFO - [2026-06-15T12:07:09.500+0000] {dagbag.py:545} INFO - Filling up the DagBag from /opt/airflow/dags/futsal_pipeline.py
[2026-06-15T12:07:10.432+0000] {logging_mixin.py:188} INFO - [2026-06-15T12:07:10.407+0000] {dagbag.py:355} ERROR - Failed to import: /opt/airflow/dags/futsal_pipeline.py
Traceback (most recent call last):
  File "/home/airflow/.local/lib/python3.11/site-packages/airflow/models/dagbag.py", line 351, in parse
    loader.exec_module(new_module)
  File "<frozen importlib._bootstrap_external>", line 940, in exec_module
  File "<frozen importlib._bootstrap>", line 241, in _call_with_frames_removed
  File "/opt/airflow/dags/futsal_pipeline.py", line 16, in <module>
    from pipeline.data_pipeline import DataPipeline
  File "/opt/airflow/pipeline/data_pipeline.py", line 1, in <module>
    from components.data_ingestion import DataIngestion
  File "/opt/airflow/components/data_ingestion.py", line 2, in <module>
    from db.db_connection import DB
ModuleNotFoundError: No module named 'db'
[2026-06-15T12:07:10.437+0000] {processor.py:842} WARNING - No viable dags retrieved from /opt/airflow/dags/futsal_pipeline.py
[2026-06-15T12:07:10.483+0000] {processor.py:183} INFO - Processing /opt/airflow/dags/futsal_pipeline.py took 1.002 seconds
[2026-06-15T12:07:40.718+0000] {processor.py:161} INFO - Started process (PID=6493) to work on /opt/airflow/dags/futsal_pipeline.py
[2026-06-15T12:07:40.721+0000] {processor.py:830} INFO - Processing file /opt/airflow/dags/futsal_pipeline.py for tasks to queue
[2026-06-15T12:07:40.723+0000] {logging_mixin.py:188} INFO - [2026-06-15T12:07:40.722+0000] {dagbag.py:545} INFO - Filling up the DagBag from /opt/airflow/dags/futsal_pipeline.py
[2026-06-15T12:07:41.574+0000] {logging_mixin.py:188} INFO - [2026-06-15T12:07:41.550+0000] {dagbag.py:355} ERROR - Failed to import: /opt/airflow/dags/futsal_pipeline.py
Traceback (most recent call last):
  File "/home/airflow/.local/lib/python3.11/site-packages/airflow/models/dagbag.py", line 351, in parse
    loader.exec_module(new_module)
  File "<frozen importlib._bootstrap_external>", line 940, in exec_module
  File "<frozen importlib._bootstrap>", line 241, in _call_with_frames_removed
  File "/opt/airflow/dags/futsal_pipeline.py", line 16, in <module>
    from pipeline.data_pipeline import DataPipeline
  File "/opt/airflow/pipeline/data_pipeline.py", line 1, in <module>
    from components.data_ingestion import DataIngestion
  File "/opt/airflow/components/data_ingestion.py", line 2, in <module>
    from db.db_connection import DB
ModuleNotFoundError: No module named 'db'
[2026-06-15T12:07:41.579+0000] {processor.py:842} WARNING - No viable dags retrieved from /opt/airflow/dags/futsal_pipeline.py
[2026-06-15T12:07:41.626+0000] {processor.py:183} INFO - Processing /opt/airflow/dags/futsal_pipeline.py took 0.920 seconds
[2026-06-15T12:08:11.883+0000] {processor.py:161} INFO - Started process (PID=6505) to work on /opt/airflow/dags/futsal_pipeline.py
[2026-06-15T12:08:11.884+0000] {processor.py:830} INFO - Processing file /opt/airflow/dags/futsal_pipeline.py for tasks to queue
[2026-06-15T12:08:11.885+0000] {logging_mixin.py:188} INFO - [2026-06-15T12:08:11.885+0000] {dagbag.py:545} INFO - Filling up the DagBag from /opt/airflow/dags/futsal_pipeline.py
[2026-06-15T12:08:12.201+0000] {logging_mixin.py:188} INFO - [2026-06-15T12:08:12.192+0000] {dagbag.py:355} ERROR - Failed to import: /opt/airflow/dags/futsal_pipeline.py
Traceback (most recent call last):
  File "/home/airflow/.local/lib/python3.11/site-packages/airflow/models/dagbag.py", line 351, in parse
    loader.exec_module(new_module)
  File "<frozen importlib._bootstrap_external>", line 940, in exec_module
  File "<frozen importlib._bootstrap>", line 241, in _call_with_frames_removed
  File "/opt/airflow/dags/futsal_pipeline.py", line 16, in <module>
    from pipeline.data_pipeline import DataPipeline
  File "/opt/airflow/pipeline/data_pipeline.py", line 1, in <module>
    from components.data_ingestion import DataIngestion
  File "/opt/airflow/components/data_ingestion.py", line 2, in <module>
    from db.db_connection import DB
ModuleNotFoundError: No module named 'db'
[2026-06-15T12:08:12.202+0000] {processor.py:842} WARNING - No viable dags retrieved from /opt/airflow/dags/futsal_pipeline.py
[2026-06-15T12:08:12.230+0000] {processor.py:183} INFO - Processing /opt/airflow/dags/futsal_pipeline.py took 0.352 seconds
[2026-06-15T12:08:42.504+0000] {processor.py:161} INFO - Started process (PID=6517) to work on /opt/airflow/dags/futsal_pipeline.py
[2026-06-15T12:08:42.505+0000] {processor.py:830} INFO - Processing file /opt/airflow/dags/futsal_pipeline.py for tasks to queue
[2026-06-15T12:08:42.506+0000] {logging_mixin.py:188} INFO - [2026-06-15T12:08:42.506+0000] {dagbag.py:545} INFO - Filling up the DagBag from /opt/airflow/dags/futsal_pipeline.py
[2026-06-15T12:08:42.815+0000] {logging_mixin.py:188} INFO - [2026-06-15T12:08:42.804+0000] {dagbag.py:355} ERROR - Failed to import: /opt/airflow/dags/futsal_pipeline.py
Traceback (most recent call last):
  File "/home/airflow/.local/lib/python3.11/site-packages/airflow/models/dagbag.py", line 351, in parse
    loader.exec_module(new_module)
  File "<frozen importlib._bootstrap_external>", line 940, in exec_module
  File "<frozen importlib._bootstrap>", line 241, in _call_with_frames_removed
  File "/opt/airflow/dags/futsal_pipeline.py", line 16, in <module>
    from pipeline.data_pipeline import DataPipeline
  File "/opt/airflow/pipeline/data_pipeline.py", line 1, in <module>
    from components.data_ingestion import DataIngestion
  File "/opt/airflow/components/data_ingestion.py", line 2, in <module>
    from db.db_connection import DB
ModuleNotFoundError: No module named 'db'
[2026-06-15T12:08:42.817+0000] {processor.py:842} WARNING - No viable dags retrieved from /opt/airflow/dags/futsal_pipeline.py
[2026-06-15T12:08:42.844+0000] {processor.py:183} INFO - Processing /opt/airflow/dags/futsal_pipeline.py took 0.350 seconds
[2026-06-15T12:09:13.045+0000] {processor.py:161} INFO - Started process (PID=6529) to work on /opt/airflow/dags/futsal_pipeline.py
[2026-06-15T12:09:13.046+0000] {processor.py:830} INFO - Processing file /opt/airflow/dags/futsal_pipeline.py for tasks to queue
[2026-06-15T12:09:13.047+0000] {logging_mixin.py:188} INFO - [2026-06-15T12:09:13.047+0000] {dagbag.py:545} INFO - Filling up the DagBag from /opt/airflow/dags/futsal_pipeline.py
[2026-06-15T12:09:13.576+0000] {logging_mixin.py:188} INFO - [2026-06-15T12:09:13.560+0000] {dagbag.py:355} ERROR - Failed to import: /opt/airflow/dags/futsal_pipeline.py
Traceback (most recent call last):
  File "/home/airflow/.local/lib/python3.11/site-packages/airflow/models/dagbag.py", line 351, in parse
    loader.exec_module(new_module)
  File "<frozen importlib._bootstrap_external>", line 940, in exec_module
  File "<frozen importlib._bootstrap>", line 241, in _call_with_frames_removed
  File "/opt/airflow/dags/futsal_pipeline.py", line 16, in <module>
    from pipeline.data_pipeline import DataPipeline
  File "/opt/airflow/pipeline/data_pipeline.py", line 1, in <module>
    from components.data_ingestion import DataIngestion
  File "/opt/airflow/components/data_ingestion.py", line 2, in <module>
    from db.db_connection import DB
ModuleNotFoundError: No module named 'db'
[2026-06-15T12:09:13.580+0000] {processor.py:842} WARNING - No viable dags retrieved from /opt/airflow/dags/futsal_pipeline.py
[2026-06-15T12:09:13.614+0000] {processor.py:183} INFO - Processing /opt/airflow/dags/futsal_pipeline.py took 0.575 seconds
[2026-06-15T12:09:43.956+0000] {processor.py:161} INFO - Started process (PID=6541) to work on /opt/airflow/dags/futsal_pipeline.py
[2026-06-15T12:09:43.958+0000] {processor.py:830} INFO - Processing file /opt/airflow/dags/futsal_pipeline.py for tasks to queue
[2026-06-15T12:09:43.959+0000] {logging_mixin.py:188} INFO - [2026-06-15T12:09:43.959+0000] {dagbag.py:545} INFO - Filling up the DagBag from /opt/airflow/dags/futsal_pipeline.py
[2026-06-15T12:09:44.353+0000] {logging_mixin.py:188} INFO - [2026-06-15T12:09:44.344+0000] {dagbag.py:355} ERROR - Failed to import: /opt/airflow/dags/futsal_pipeline.py
Traceback (most recent call last):
  File "/home/airflow/.local/lib/python3.11/site-packages/airflow/models/dagbag.py", line 351, in parse
    loader.exec_module(new_module)
  File "<frozen importlib._bootstrap_external>", line 940, in exec_module
  File "<frozen importlib._bootstrap>", line 241, in _call_with_frames_removed
  File "/opt/airflow/dags/futsal_pipeline.py", line 16, in <module>
    from pipeline.data_pipeline import DataPipeline
  File "/opt/airflow/pipeline/data_pipeline.py", line 1, in <module>
    from components.data_ingestion import DataIngestion
  File "/opt/airflow/components/data_ingestion.py", line 2, in <module>
    from db.db_connection import DB
ModuleNotFoundError: No module named 'db'
[2026-06-15T12:09:44.355+0000] {processor.py:842} WARNING - No viable dags retrieved from /opt/airflow/dags/futsal_pipeline.py
[2026-06-15T12:09:44.382+0000] {processor.py:183} INFO - Processing /opt/airflow/dags/futsal_pipeline.py took 0.431 seconds
[2026-06-15T12:10:14.457+0000] {processor.py:161} INFO - Started process (PID=6553) to work on /opt/airflow/dags/futsal_pipeline.py
[2026-06-15T12:10:14.458+0000] {processor.py:830} INFO - Processing file /opt/airflow/dags/futsal_pipeline.py for tasks to queue
[2026-06-15T12:10:14.459+0000] {logging_mixin.py:188} INFO - [2026-06-15T12:10:14.458+0000] {dagbag.py:545} INFO - Filling up the DagBag from /opt/airflow/dags/futsal_pipeline.py
[2026-06-15T12:10:14.788+0000] {logging_mixin.py:188} INFO - [2026-06-15T12:10:14.775+0000] {dagbag.py:355} ERROR - Failed to import: /opt/airflow/dags/futsal_pipeline.py
Traceback (most recent call last):
  File "/home/airflow/.local/lib/python3.11/site-packages/airflow/models/dagbag.py", line 351, in parse
    loader.exec_module(new_module)
  File "<frozen importlib._bootstrap_external>", line 940, in exec_module
  File "<frozen importlib._bootstrap>", line 241, in _call_with_frames_removed
  File "/opt/airflow/dags/futsal_pipeline.py", line 16, in <module>
    from pipeline.data_pipeline import DataPipeline
  File "/opt/airflow/pipeline/data_pipeline.py", line 1, in <module>
    from components.data_ingestion import DataIngestion
  File "/opt/airflow/components/data_ingestion.py", line 2, in <module>
    from db.db_connection import DB
ModuleNotFoundError: No module named 'db'
[2026-06-15T12:10:14.790+0000] {processor.py:842} WARNING - No viable dags retrieved from /opt/airflow/dags/futsal_pipeline.py
[2026-06-15T12:10:14.817+0000] {processor.py:183} INFO - Processing /opt/airflow/dags/futsal_pipeline.py took 0.366 seconds
[2026-06-15T12:10:44.985+0000] {processor.py:161} INFO - Started process (PID=6565) to work on /opt/airflow/dags/futsal_pipeline.py
[2026-06-15T12:10:44.987+0000] {processor.py:830} INFO - Processing file /opt/airflow/dags/futsal_pipeline.py for tasks to queue
[2026-06-15T12:10:44.988+0000] {logging_mixin.py:188} INFO - [2026-06-15T12:10:44.988+0000] {dagbag.py:545} INFO - Filling up the DagBag from /opt/airflow/dags/futsal_pipeline.py
[2026-06-15T12:10:45.388+0000] {logging_mixin.py:188} INFO - [2026-06-15T12:10:45.376+0000] {dagbag.py:355} ERROR - Failed to import: /opt/airflow/dags/futsal_pipeline.py
Traceback (most recent call last):
  File "/home/airflow/.local/lib/python3.11/site-packages/airflow/models/dagbag.py", line 351, in parse
    loader.exec_module(new_module)
  File "<frozen importlib._bootstrap_external>", line 940, in exec_module
  File "<frozen importlib._bootstrap>", line 241, in _call_with_frames_removed
  File "/opt/airflow/dags/futsal_pipeline.py", line 16, in <module>
    from pipeline.data_pipeline import DataPipeline
  File "/opt/airflow/pipeline/data_pipeline.py", line 1, in <module>
    from components.data_ingestion import DataIngestion
  File "/opt/airflow/components/data_ingestion.py", line 2, in <module>
    from db.db_connection import DB
ModuleNotFoundError: No module named 'db'
[2026-06-15T12:10:45.390+0000] {processor.py:842} WARNING - No viable dags retrieved from /opt/airflow/dags/futsal_pipeline.py
[2026-06-15T12:10:45.412+0000] {processor.py:183} INFO - Processing /opt/airflow/dags/futsal_pipeline.py took 0.432 seconds
[2026-06-15T12:11:15.608+0000] {processor.py:161} INFO - Started process (PID=6577) to work on /opt/airflow/dags/futsal_pipeline.py
[2026-06-15T12:11:15.609+0000] {processor.py:830} INFO - Processing file /opt/airflow/dags/futsal_pipeline.py for tasks to queue
[2026-06-15T12:11:15.610+0000] {logging_mixin.py:188} INFO - [2026-06-15T12:11:15.610+0000] {dagbag.py:545} INFO - Filling up the DagBag from /opt/airflow/dags/futsal_pipeline.py
[2026-06-15T12:11:16.114+0000] {logging_mixin.py:188} INFO - [2026-06-15T12:11:16.103+0000] {dagbag.py:355} ERROR - Failed to import: /opt/airflow/dags/futsal_pipeline.py
Traceback (most recent call last):
  File "/home/airflow/.local/lib/python3.11/site-packages/airflow/models/dagbag.py", line 351, in parse
    loader.exec_module(new_module)
  File "<frozen importlib._bootstrap_external>", line 940, in exec_module
  File "<frozen importlib._bootstrap>", line 241, in _call_with_frames_removed
  File "/opt/airflow/dags/futsal_pipeline.py", line 16, in <module>
    from pipeline.data_pipeline import DataPipeline
  File "/opt/airflow/pipeline/data_pipeline.py", line 1, in <module>
    from components.data_ingestion import DataIngestion
  File "/opt/airflow/components/data_ingestion.py", line 2, in <module>
    from db.db_connection import DB
ModuleNotFoundError: No module named 'db'
[2026-06-15T12:11:16.117+0000] {processor.py:842} WARNING - No viable dags retrieved from /opt/airflow/dags/futsal_pipeline.py
[2026-06-15T12:11:16.153+0000] {processor.py:183} INFO - Processing /opt/airflow/dags/futsal_pipeline.py took 0.553 seconds
[2026-06-15T12:11:46.417+0000] {processor.py:161} INFO - Started process (PID=6589) to work on /opt/airflow/dags/futsal_pipeline.py
[2026-06-15T12:11:46.421+0000] {processor.py:830} INFO - Processing file /opt/airflow/dags/futsal_pipeline.py for tasks to queue
[2026-06-15T12:11:46.424+0000] {logging_mixin.py:188} INFO - [2026-06-15T12:11:46.423+0000] {dagbag.py:545} INFO - Filling up the DagBag from /opt/airflow/dags/futsal_pipeline.py
[2026-06-15T12:11:47.357+0000] {logging_mixin.py:188} INFO - [2026-06-15T12:11:47.332+0000] {dagbag.py:355} ERROR - Failed to import: /opt/airflow/dags/futsal_pipeline.py
Traceback (most recent call last):
  File "/home/airflow/.local/lib/python3.11/site-packages/airflow/models/dagbag.py", line 351, in parse
    loader.exec_module(new_module)
  File "<frozen importlib._bootstrap_external>", line 940, in exec_module
  File "<frozen importlib._bootstrap>", line 241, in _call_with_frames_removed
  File "/opt/airflow/dags/futsal_pipeline.py", line 16, in <module>
    from pipeline.data_pipeline import DataPipeline
  File "/opt/airflow/pipeline/data_pipeline.py", line 1, in <module>
    from components.data_ingestion import DataIngestion
  File "/opt/airflow/components/data_ingestion.py", line 2, in <module>
    from db.db_connection import DB
ModuleNotFoundError: No module named 'db'
[2026-06-15T12:11:47.364+0000] {processor.py:842} WARNING - No viable dags retrieved from /opt/airflow/dags/futsal_pipeline.py
[2026-06-15T12:11:47.403+0000] {processor.py:183} INFO - Processing /opt/airflow/dags/futsal_pipeline.py took 1.011 seconds
[2026-06-15T12:12:17.640+0000] {processor.py:161} INFO - Started process (PID=6601) to work on /opt/airflow/dags/futsal_pipeline.py
[2026-06-15T12:12:17.642+0000] {processor.py:830} INFO - Processing file /opt/airflow/dags/futsal_pipeline.py for tasks to queue
[2026-06-15T12:12:17.644+0000] {logging_mixin.py:188} INFO - [2026-06-15T12:12:17.644+0000] {dagbag.py:545} INFO - Filling up the DagBag from /opt/airflow/dags/futsal_pipeline.py
[2026-06-15T12:12:18.652+0000] {logging_mixin.py:188} INFO - [2026-06-15T12:12:18.626+0000] {dagbag.py:355} ERROR - Failed to import: /opt/airflow/dags/futsal_pipeline.py
Traceback (most recent call last):
  File "/home/airflow/.local/lib/python3.11/site-packages/airflow/models/dagbag.py", line 351, in parse
    loader.exec_module(new_module)
  File "<frozen importlib._bootstrap_external>", line 940, in exec_module
  File "<frozen importlib._bootstrap>", line 241, in _call_with_frames_removed
  File "/opt/airflow/dags/futsal_pipeline.py", line 16, in <module>
    from pipeline.data_pipeline import DataPipeline
  File "/opt/airflow/pipeline/data_pipeline.py", line 1, in <module>
    from components.data_ingestion import DataIngestion
  File "/opt/airflow/components/data_ingestion.py", line 2, in <module>
    from db.db_connection import DB
ModuleNotFoundError: No module named 'db'
[2026-06-15T12:12:18.659+0000] {processor.py:842} WARNING - No viable dags retrieved from /opt/airflow/dags/futsal_pipeline.py
[2026-06-15T12:12:18.711+0000] {processor.py:183} INFO - Processing /opt/airflow/dags/futsal_pipeline.py took 1.084 seconds
[2026-06-15T12:12:48.907+0000] {processor.py:161} INFO - Started process (PID=6613) to work on /opt/airflow/dags/futsal_pipeline.py
[2026-06-15T12:12:48.909+0000] {processor.py:830} INFO - Processing file /opt/airflow/dags/futsal_pipeline.py for tasks to queue
[2026-06-15T12:12:48.912+0000] {logging_mixin.py:188} INFO - [2026-06-15T12:12:48.911+0000] {dagbag.py:545} INFO - Filling up the DagBag from /opt/airflow/dags/futsal_pipeline.py
[2026-06-15T12:12:49.742+0000] {logging_mixin.py:188} INFO - [2026-06-15T12:12:49.715+0000] {dagbag.py:355} ERROR - Failed to import: /opt/airflow/dags/futsal_pipeline.py
Traceback (most recent call last):
  File "/home/airflow/.local/lib/python3.11/site-packages/airflow/models/dagbag.py", line 351, in parse
    loader.exec_module(new_module)
  File "<frozen importlib._bootstrap_external>", line 940, in exec_module
  File "<frozen importlib._bootstrap>", line 241, in _call_with_frames_removed
  File "/opt/airflow/dags/futsal_pipeline.py", line 16, in <module>
    from pipeline.data_pipeline import DataPipeline
  File "/opt/airflow/pipeline/data_pipeline.py", line 1, in <module>
    from components.data_ingestion import DataIngestion
  File "/opt/airflow/components/data_ingestion.py", line 2, in <module>
    from db.db_connection import DB
ModuleNotFoundError: No module named 'db'
[2026-06-15T12:12:49.749+0000] {processor.py:842} WARNING - No viable dags retrieved from /opt/airflow/dags/futsal_pipeline.py
[2026-06-15T12:12:49.790+0000] {processor.py:183} INFO - Processing /opt/airflow/dags/futsal_pipeline.py took 0.897 seconds
[2026-06-15T12:13:20.189+0000] {processor.py:161} INFO - Started process (PID=6625) to work on /opt/airflow/dags/futsal_pipeline.py
[2026-06-15T12:13:20.194+0000] {processor.py:830} INFO - Processing file /opt/airflow/dags/futsal_pipeline.py for tasks to queue
[2026-06-15T12:13:20.196+0000] {logging_mixin.py:188} INFO - [2026-06-15T12:13:20.195+0000] {dagbag.py:545} INFO - Filling up the DagBag from /opt/airflow/dags/futsal_pipeline.py
[2026-06-15T12:13:21.230+0000] {logging_mixin.py:188} INFO - [2026-06-15T12:13:21.202+0000] {dagbag.py:355} ERROR - Failed to import: /opt/airflow/dags/futsal_pipeline.py
Traceback (most recent call last):
  File "/home/airflow/.local/lib/python3.11/site-packages/airflow/models/dagbag.py", line 351, in parse
    loader.exec_module(new_module)
  File "<frozen importlib._bootstrap_external>", line 940, in exec_module
  File "<frozen importlib._bootstrap>", line 241, in _call_with_frames_removed
  File "/opt/airflow/dags/futsal_pipeline.py", line 16, in <module>
    from pipeline.data_pipeline import DataPipeline
  File "/opt/airflow/pipeline/data_pipeline.py", line 1, in <module>
    from components.data_ingestion import DataIngestion
  File "/opt/airflow/components/data_ingestion.py", line 2, in <module>
    from db.db_connection import DB
ModuleNotFoundError: No module named 'db'
[2026-06-15T12:13:21.237+0000] {processor.py:842} WARNING - No viable dags retrieved from /opt/airflow/dags/futsal_pipeline.py
[2026-06-15T12:13:21.273+0000] {processor.py:183} INFO - Processing /opt/airflow/dags/futsal_pipeline.py took 1.095 seconds
[2026-06-15T12:13:51.394+0000] {processor.py:161} INFO - Started process (PID=6637) to work on /opt/airflow/dags/futsal_pipeline.py
[2026-06-15T12:13:51.395+0000] {processor.py:830} INFO - Processing file /opt/airflow/dags/futsal_pipeline.py for tasks to queue
[2026-06-15T12:13:51.396+0000] {logging_mixin.py:188} INFO - [2026-06-15T12:13:51.396+0000] {dagbag.py:545} INFO - Filling up the DagBag from /opt/airflow/dags/futsal_pipeline.py
[2026-06-15T12:13:51.788+0000] {logging_mixin.py:188} INFO - [2026-06-15T12:13:51.772+0000] {dagbag.py:355} ERROR - Failed to import: /opt/airflow/dags/futsal_pipeline.py
Traceback (most recent call last):
  File "/home/airflow/.local/lib/python3.11/site-packages/airflow/models/dagbag.py", line 351, in parse
    loader.exec_module(new_module)
  File "<frozen importlib._bootstrap_external>", line 940, in exec_module
  File "<frozen importlib._bootstrap>", line 241, in _call_with_frames_removed
  File "/opt/airflow/dags/futsal_pipeline.py", line 16, in <module>
    from pipeline.data_pipeline import DataPipeline
  File "/opt/airflow/pipeline/data_pipeline.py", line 1, in <module>
    from components.data_ingestion import DataIngestion
  File "/opt/airflow/components/data_ingestion.py", line 2, in <module>
    from db.db_connection import DB
ModuleNotFoundError: No module named 'db'
[2026-06-15T12:13:51.792+0000] {processor.py:842} WARNING - No viable dags retrieved from /opt/airflow/dags/futsal_pipeline.py
[2026-06-15T12:13:51.821+0000] {processor.py:183} INFO - Processing /opt/airflow/dags/futsal_pipeline.py took 0.433 seconds
[2026-06-15T12:14:22.058+0000] {processor.py:161} INFO - Started process (PID=6649) to work on /opt/airflow/dags/futsal_pipeline.py
[2026-06-15T12:14:22.059+0000] {processor.py:830} INFO - Processing file /opt/airflow/dags/futsal_pipeline.py for tasks to queue
[2026-06-15T12:14:22.060+0000] {logging_mixin.py:188} INFO - [2026-06-15T12:14:22.059+0000] {dagbag.py:545} INFO - Filling up the DagBag from /opt/airflow/dags/futsal_pipeline.py
[2026-06-15T12:14:22.363+0000] {logging_mixin.py:188} INFO - [2026-06-15T12:14:22.353+0000] {dagbag.py:355} ERROR - Failed to import: /opt/airflow/dags/futsal_pipeline.py
Traceback (most recent call last):
  File "/home/airflow/.local/lib/python3.11/site-packages/airflow/models/dagbag.py", line 351, in parse
    loader.exec_module(new_module)
  File "<frozen importlib._bootstrap_external>", line 940, in exec_module
  File "<frozen importlib._bootstrap>", line 241, in _call_with_frames_removed
  File "/opt/airflow/dags/futsal_pipeline.py", line 16, in <module>
    from pipeline.data_pipeline import DataPipeline
  File "/opt/airflow/pipeline/data_pipeline.py", line 1, in <module>
    from components.data_ingestion import DataIngestion
  File "/opt/airflow/components/data_ingestion.py", line 2, in <module>
    from db.db_connection import DB
ModuleNotFoundError: No module named 'db'
[2026-06-15T12:14:22.365+0000] {processor.py:842} WARNING - No viable dags retrieved from /opt/airflow/dags/futsal_pipeline.py
[2026-06-15T12:14:22.393+0000] {processor.py:183} INFO - Processing /opt/airflow/dags/futsal_pipeline.py took 0.340 seconds
[2026-06-15T12:14:52.642+0000] {processor.py:161} INFO - Started process (PID=6661) to work on /opt/airflow/dags/futsal_pipeline.py
[2026-06-15T12:14:52.643+0000] {processor.py:830} INFO - Processing file /opt/airflow/dags/futsal_pipeline.py for tasks to queue
[2026-06-15T12:14:52.644+0000] {logging_mixin.py:188} INFO - [2026-06-15T12:14:52.644+0000] {dagbag.py:545} INFO - Filling up the DagBag from /opt/airflow/dags/futsal_pipeline.py
[2026-06-15T12:14:52.976+0000] {logging_mixin.py:188} INFO - [2026-06-15T12:14:52.964+0000] {dagbag.py:355} ERROR - Failed to import: /opt/airflow/dags/futsal_pipeline.py
Traceback (most recent call last):
  File "/home/airflow/.local/lib/python3.11/site-packages/airflow/models/dagbag.py", line 351, in parse
    loader.exec_module(new_module)
  File "<frozen importlib._bootstrap_external>", line 940, in exec_module
  File "<frozen importlib._bootstrap>", line 241, in _call_with_frames_removed
  File "/opt/airflow/dags/futsal_pipeline.py", line 16, in <module>
    from pipeline.data_pipeline import DataPipeline
  File "/opt/airflow/pipeline/data_pipeline.py", line 1, in <module>
    from components.data_ingestion import DataIngestion
  File "/opt/airflow/components/data_ingestion.py", line 2, in <module>
    from db.db_connection import DB
ModuleNotFoundError: No module named 'db'
[2026-06-15T12:14:52.977+0000] {processor.py:842} WARNING - No viable dags retrieved from /opt/airflow/dags/futsal_pipeline.py
[2026-06-15T12:14:53.006+0000] {processor.py:183} INFO - Processing /opt/airflow/dags/futsal_pipeline.py took 0.369 seconds
[2026-06-15T12:15:23.230+0000] {processor.py:161} INFO - Started process (PID=6673) to work on /opt/airflow/dags/futsal_pipeline.py
[2026-06-15T12:15:23.231+0000] {processor.py:830} INFO - Processing file /opt/airflow/dags/futsal_pipeline.py for tasks to queue
[2026-06-15T12:15:23.233+0000] {logging_mixin.py:188} INFO - [2026-06-15T12:15:23.232+0000] {dagbag.py:545} INFO - Filling up the DagBag from /opt/airflow/dags/futsal_pipeline.py
[2026-06-15T12:15:23.578+0000] {logging_mixin.py:188} INFO - [2026-06-15T12:15:23.566+0000] {dagbag.py:355} ERROR - Failed to import: /opt/airflow/dags/futsal_pipeline.py
Traceback (most recent call last):
  File "/home/airflow/.local/lib/python3.11/site-packages/airflow/models/dagbag.py", line 351, in parse
    loader.exec_module(new_module)
  File "<frozen importlib._bootstrap_external>", line 940, in exec_module
  File "<frozen importlib._bootstrap>", line 241, in _call_with_frames_removed
  File "/opt/airflow/dags/futsal_pipeline.py", line 16, in <module>
    from pipeline.data_pipeline import DataPipeline
  File "/opt/airflow/pipeline/data_pipeline.py", line 1, in <module>
    from components.data_ingestion import DataIngestion
  File "/opt/airflow/components/data_ingestion.py", line 2, in <module>
    from db.db_connection import DB
ModuleNotFoundError: No module named 'db'
[2026-06-15T12:15:23.579+0000] {processor.py:842} WARNING - No viable dags retrieved from /opt/airflow/dags/futsal_pipeline.py
[2026-06-15T12:15:23.607+0000] {processor.py:183} INFO - Processing /opt/airflow/dags/futsal_pipeline.py took 0.383 seconds
[2026-06-15T12:15:53.842+0000] {processor.py:161} INFO - Started process (PID=6685) to work on /opt/airflow/dags/futsal_pipeline.py
[2026-06-15T12:15:53.843+0000] {processor.py:830} INFO - Processing file /opt/airflow/dags/futsal_pipeline.py for tasks to queue
[2026-06-15T12:15:53.844+0000] {logging_mixin.py:188} INFO - [2026-06-15T12:15:53.844+0000] {dagbag.py:545} INFO - Filling up the DagBag from /opt/airflow/dags/futsal_pipeline.py
[2026-06-15T12:15:54.190+0000] {logging_mixin.py:188} INFO - [2026-06-15T12:15:54.180+0000] {dagbag.py:355} ERROR - Failed to import: /opt/airflow/dags/futsal_pipeline.py
Traceback (most recent call last):
  File "/home/airflow/.local/lib/python3.11/site-packages/airflow/models/dagbag.py", line 351, in parse
    loader.exec_module(new_module)
  File "<frozen importlib._bootstrap_external>", line 940, in exec_module
  File "<frozen importlib._bootstrap>", line 241, in _call_with_frames_removed
  File "/opt/airflow/dags/futsal_pipeline.py", line 16, in <module>
    from pipeline.data_pipeline import DataPipeline
  File "/opt/airflow/pipeline/data_pipeline.py", line 1, in <module>
    from components.data_ingestion import DataIngestion
  File "/opt/airflow/components/data_ingestion.py", line 2, in <module>
    from db.db_connection import DB
ModuleNotFoundError: No module named 'db'
[2026-06-15T12:15:54.192+0000] {processor.py:842} WARNING - No viable dags retrieved from /opt/airflow/dags/futsal_pipeline.py
[2026-06-15T12:15:54.221+0000] {processor.py:183} INFO - Processing /opt/airflow/dags/futsal_pipeline.py took 0.385 seconds
[2026-06-15T12:16:24.442+0000] {processor.py:161} INFO - Started process (PID=6697) to work on /opt/airflow/dags/futsal_pipeline.py
[2026-06-15T12:16:24.443+0000] {processor.py:830} INFO - Processing file /opt/airflow/dags/futsal_pipeline.py for tasks to queue
[2026-06-15T12:16:24.444+0000] {logging_mixin.py:188} INFO - [2026-06-15T12:16:24.444+0000] {dagbag.py:545} INFO - Filling up the DagBag from /opt/airflow/dags/futsal_pipeline.py
[2026-06-15T12:16:24.753+0000] {logging_mixin.py:188} INFO - [2026-06-15T12:16:24.744+0000] {dagbag.py:355} ERROR - Failed to import: /opt/airflow/dags/futsal_pipeline.py
Traceback (most recent call last):
  File "/home/airflow/.local/lib/python3.11/site-packages/airflow/models/dagbag.py", line 351, in parse
    loader.exec_module(new_module)
  File "<frozen importlib._bootstrap_external>", line 940, in exec_module
  File "<frozen importlib._bootstrap>", line 241, in _call_with_frames_removed
  File "/opt/airflow/dags/futsal_pipeline.py", line 16, in <module>
    from pipeline.data_pipeline import DataPipeline
  File "/opt/airflow/pipeline/data_pipeline.py", line 1, in <module>
    from components.data_ingestion import DataIngestion
  File "/opt/airflow/components/data_ingestion.py", line 2, in <module>
    from db.db_connection import DB
ModuleNotFoundError: No module named 'db'
[2026-06-15T12:16:24.754+0000] {processor.py:842} WARNING - No viable dags retrieved from /opt/airflow/dags/futsal_pipeline.py
[2026-06-15T12:16:24.782+0000] {processor.py:183} INFO - Processing /opt/airflow/dags/futsal_pipeline.py took 0.345 seconds
[2026-06-15T12:16:54.961+0000] {processor.py:161} INFO - Started process (PID=6709) to work on /opt/airflow/dags/futsal_pipeline.py
[2026-06-15T12:16:54.962+0000] {processor.py:830} INFO - Processing file /opt/airflow/dags/futsal_pipeline.py for tasks to queue
[2026-06-15T12:16:54.964+0000] {logging_mixin.py:188} INFO - [2026-06-15T12:16:54.963+0000] {dagbag.py:545} INFO - Filling up the DagBag from /opt/airflow/dags/futsal_pipeline.py
[2026-06-15T12:16:55.347+0000] {logging_mixin.py:188} INFO - [2026-06-15T12:16:55.335+0000] {dagbag.py:355} ERROR - Failed to import: /opt/airflow/dags/futsal_pipeline.py
Traceback (most recent call last):
  File "/home/airflow/.local/lib/python3.11/site-packages/airflow/models/dagbag.py", line 351, in parse
    loader.exec_module(new_module)
  File "<frozen importlib._bootstrap_external>", line 940, in exec_module
  File "<frozen importlib._bootstrap>", line 241, in _call_with_frames_removed
  File "/opt/airflow/dags/futsal_pipeline.py", line 16, in <module>
    from pipeline.data_pipeline import DataPipeline
  File "/opt/airflow/pipeline/data_pipeline.py", line 1, in <module>
    from components.data_ingestion import DataIngestion
  File "/opt/airflow/components/data_ingestion.py", line 2, in <module>
    from db.db_connection import DB
ModuleNotFoundError: No module named 'db'
[2026-06-15T12:16:55.349+0000] {processor.py:842} WARNING - No viable dags retrieved from /opt/airflow/dags/futsal_pipeline.py
[2026-06-15T12:16:55.386+0000] {processor.py:183} INFO - Processing /opt/airflow/dags/futsal_pipeline.py took 0.431 seconds
[2026-06-15T12:17:25.563+0000] {processor.py:161} INFO - Started process (PID=6721) to work on /opt/airflow/dags/futsal_pipeline.py
[2026-06-15T12:17:25.564+0000] {processor.py:830} INFO - Processing file /opt/airflow/dags/futsal_pipeline.py for tasks to queue
[2026-06-15T12:17:25.565+0000] {logging_mixin.py:188} INFO - [2026-06-15T12:17:25.565+0000] {dagbag.py:545} INFO - Filling up the DagBag from /opt/airflow/dags/futsal_pipeline.py
[2026-06-15T12:17:25.946+0000] {logging_mixin.py:188} INFO - [2026-06-15T12:17:25.935+0000] {dagbag.py:355} ERROR - Failed to import: /opt/airflow/dags/futsal_pipeline.py
Traceback (most recent call last):
  File "/home/airflow/.local/lib/python3.11/site-packages/airflow/models/dagbag.py", line 351, in parse
    loader.exec_module(new_module)
  File "<frozen importlib._bootstrap_external>", line 940, in exec_module
  File "<frozen importlib._bootstrap>", line 241, in _call_with_frames_removed
  File "/opt/airflow/dags/futsal_pipeline.py", line 16, in <module>
    from pipeline.data_pipeline import DataPipeline
  File "/opt/airflow/pipeline/data_pipeline.py", line 1, in <module>
    from components.data_ingestion import DataIngestion
  File "/opt/airflow/components/data_ingestion.py", line 2, in <module>
    from db.db_connection import DB
ModuleNotFoundError: No module named 'db'
[2026-06-15T12:17:25.949+0000] {processor.py:842} WARNING - No viable dags retrieved from /opt/airflow/dags/futsal_pipeline.py
[2026-06-15T12:17:25.979+0000] {processor.py:183} INFO - Processing /opt/airflow/dags/futsal_pipeline.py took 0.423 seconds
[2026-06-15T12:17:56.294+0000] {processor.py:161} INFO - Started process (PID=6733) to work on /opt/airflow/dags/futsal_pipeline.py
[2026-06-15T12:17:56.297+0000] {processor.py:830} INFO - Processing file /opt/airflow/dags/futsal_pipeline.py for tasks to queue
[2026-06-15T12:17:56.298+0000] {logging_mixin.py:188} INFO - [2026-06-15T12:17:56.298+0000] {dagbag.py:545} INFO - Filling up the DagBag from /opt/airflow/dags/futsal_pipeline.py
[2026-06-15T12:17:56.818+0000] {logging_mixin.py:188} INFO - [2026-06-15T12:17:56.804+0000] {dagbag.py:355} ERROR - Failed to import: /opt/airflow/dags/futsal_pipeline.py
Traceback (most recent call last):
  File "/home/airflow/.local/lib/python3.11/site-packages/airflow/models/dagbag.py", line 351, in parse
    loader.exec_module(new_module)
  File "<frozen importlib._bootstrap_external>", line 940, in exec_module
  File "<frozen importlib._bootstrap>", line 241, in _call_with_frames_removed
  File "/opt/airflow/dags/futsal_pipeline.py", line 16, in <module>
    from pipeline.data_pipeline import DataPipeline
  File "/opt/airflow/pipeline/data_pipeline.py", line 1, in <module>
    from components.data_ingestion import DataIngestion
  File "/opt/airflow/components/data_ingestion.py", line 2, in <module>
    from db.db_connection import DB
ModuleNotFoundError: No module named 'db'
[2026-06-15T12:17:56.820+0000] {processor.py:842} WARNING - No viable dags retrieved from /opt/airflow/dags/futsal_pipeline.py
[2026-06-15T12:17:56.859+0000] {processor.py:183} INFO - Processing /opt/airflow/dags/futsal_pipeline.py took 0.572 seconds
[2026-06-15T12:18:27.092+0000] {processor.py:161} INFO - Started process (PID=6745) to work on /opt/airflow/dags/futsal_pipeline.py
[2026-06-15T12:18:27.095+0000] {processor.py:830} INFO - Processing file /opt/airflow/dags/futsal_pipeline.py for tasks to queue
[2026-06-15T12:18:27.097+0000] {logging_mixin.py:188} INFO - [2026-06-15T12:18:27.097+0000] {dagbag.py:545} INFO - Filling up the DagBag from /opt/airflow/dags/futsal_pipeline.py
[2026-06-15T12:18:27.837+0000] {logging_mixin.py:188} INFO - [2026-06-15T12:18:27.820+0000] {dagbag.py:355} ERROR - Failed to import: /opt/airflow/dags/futsal_pipeline.py
Traceback (most recent call last):
  File "/home/airflow/.local/lib/python3.11/site-packages/airflow/models/dagbag.py", line 351, in parse
    loader.exec_module(new_module)
  File "<frozen importlib._bootstrap_external>", line 940, in exec_module
  File "<frozen importlib._bootstrap>", line 241, in _call_with_frames_removed
  File "/opt/airflow/dags/futsal_pipeline.py", line 16, in <module>
    from pipeline.data_pipeline import DataPipeline
  File "/opt/airflow/pipeline/data_pipeline.py", line 1, in <module>
    from components.data_ingestion import DataIngestion
  File "/opt/airflow/components/data_ingestion.py", line 2, in <module>
    from db.db_connection import DB
ModuleNotFoundError: No module named 'db'
[2026-06-15T12:18:27.845+0000] {processor.py:842} WARNING - No viable dags retrieved from /opt/airflow/dags/futsal_pipeline.py
[2026-06-15T12:18:27.895+0000] {processor.py:183} INFO - Processing /opt/airflow/dags/futsal_pipeline.py took 0.814 seconds
[2026-06-15T12:18:58.232+0000] {processor.py:161} INFO - Started process (PID=6763) to work on /opt/airflow/dags/futsal_pipeline.py
[2026-06-15T12:18:58.234+0000] {processor.py:830} INFO - Processing file /opt/airflow/dags/futsal_pipeline.py for tasks to queue
[2026-06-15T12:18:58.235+0000] {logging_mixin.py:188} INFO - [2026-06-15T12:18:58.235+0000] {dagbag.py:545} INFO - Filling up the DagBag from /opt/airflow/dags/futsal_pipeline.py
[2026-06-15T12:18:58.927+0000] {logging_mixin.py:188} INFO - [2026-06-15T12:18:58.910+0000] {dagbag.py:355} ERROR - Failed to import: /opt/airflow/dags/futsal_pipeline.py
Traceback (most recent call last):
  File "/home/airflow/.local/lib/python3.11/site-packages/airflow/models/dagbag.py", line 351, in parse
    loader.exec_module(new_module)
  File "<frozen importlib._bootstrap_external>", line 940, in exec_module
  File "<frozen importlib._bootstrap>", line 241, in _call_with_frames_removed
  File "/opt/airflow/dags/futsal_pipeline.py", line 16, in <module>
    from pipeline.data_pipeline import DataPipeline
  File "/opt/airflow/pipeline/data_pipeline.py", line 1, in <module>
    from components.data_ingestion import DataIngestion
  File "/opt/airflow/components/data_ingestion.py", line 2, in <module>
    from db.db_connection import DB
ModuleNotFoundError: No module named 'db'
[2026-06-15T12:18:58.930+0000] {processor.py:842} WARNING - No viable dags retrieved from /opt/airflow/dags/futsal_pipeline.py
[2026-06-15T12:18:58.968+0000] {processor.py:183} INFO - Processing /opt/airflow/dags/futsal_pipeline.py took 0.748 seconds
[2026-06-15T12:19:29.272+0000] {processor.py:161} INFO - Started process (PID=6775) to work on /opt/airflow/dags/futsal_pipeline.py
[2026-06-15T12:19:29.278+0000] {processor.py:830} INFO - Processing file /opt/airflow/dags/futsal_pipeline.py for tasks to queue
[2026-06-15T12:19:29.280+0000] {logging_mixin.py:188} INFO - [2026-06-15T12:19:29.279+0000] {dagbag.py:545} INFO - Filling up the DagBag from /opt/airflow/dags/futsal_pipeline.py
[2026-06-15T12:19:30.042+0000] {logging_mixin.py:188} INFO - [2026-06-15T12:19:30.017+0000] {dagbag.py:355} ERROR - Failed to import: /opt/airflow/dags/futsal_pipeline.py
Traceback (most recent call last):
  File "/home/airflow/.local/lib/python3.11/site-packages/airflow/models/dagbag.py", line 351, in parse
    loader.exec_module(new_module)
  File "<frozen importlib._bootstrap_external>", line 940, in exec_module
  File "<frozen importlib._bootstrap>", line 241, in _call_with_frames_removed
  File "/opt/airflow/dags/futsal_pipeline.py", line 16, in <module>
    from pipeline.data_pipeline import DataPipeline
  File "/opt/airflow/pipeline/data_pipeline.py", line 1, in <module>
    from components.data_ingestion import DataIngestion
  File "/opt/airflow/components/data_ingestion.py", line 2, in <module>
    from db.db_connection import DB
ModuleNotFoundError: No module named 'db'
[2026-06-15T12:19:30.045+0000] {processor.py:842} WARNING - No viable dags retrieved from /opt/airflow/dags/futsal_pipeline.py
[2026-06-15T12:19:30.086+0000] {processor.py:183} INFO - Processing /opt/airflow/dags/futsal_pipeline.py took 0.824 seconds
[2026-06-15T12:20:00.402+0000] {processor.py:161} INFO - Started process (PID=6787) to work on /opt/airflow/dags/futsal_pipeline.py
[2026-06-15T12:20:00.406+0000] {processor.py:830} INFO - Processing file /opt/airflow/dags/futsal_pipeline.py for tasks to queue
[2026-06-15T12:20:00.407+0000] {logging_mixin.py:188} INFO - [2026-06-15T12:20:00.407+0000] {dagbag.py:545} INFO - Filling up the DagBag from /opt/airflow/dags/futsal_pipeline.py
[2026-06-15T12:20:01.104+0000] {logging_mixin.py:188} INFO - [2026-06-15T12:20:01.082+0000] {dagbag.py:355} ERROR - Failed to import: /opt/airflow/dags/futsal_pipeline.py
Traceback (most recent call last):
  File "/home/airflow/.local/lib/python3.11/site-packages/airflow/models/dagbag.py", line 351, in parse
    loader.exec_module(new_module)
  File "<frozen importlib._bootstrap_external>", line 940, in exec_module
  File "<frozen importlib._bootstrap>", line 241, in _call_with_frames_removed
  File "/opt/airflow/dags/futsal_pipeline.py", line 16, in <module>
    from pipeline.data_pipeline import DataPipeline
  File "/opt/airflow/pipeline/data_pipeline.py", line 1, in <module>
    from components.data_ingestion import DataIngestion
  File "/opt/airflow/components/data_ingestion.py", line 2, in <module>
    from db.db_connection import DB
ModuleNotFoundError: No module named 'db'
[2026-06-15T12:20:01.114+0000] {processor.py:842} WARNING - No viable dags retrieved from /opt/airflow/dags/futsal_pipeline.py
[2026-06-15T12:20:01.148+0000] {processor.py:183} INFO - Processing /opt/airflow/dags/futsal_pipeline.py took 0.758 seconds
[2026-06-15T12:20:31.503+0000] {processor.py:161} INFO - Started process (PID=6799) to work on /opt/airflow/dags/futsal_pipeline.py
[2026-06-15T12:20:31.505+0000] {processor.py:830} INFO - Processing file /opt/airflow/dags/futsal_pipeline.py for tasks to queue
[2026-06-15T12:20:31.509+0000] {logging_mixin.py:188} INFO - [2026-06-15T12:20:31.509+0000] {dagbag.py:545} INFO - Filling up the DagBag from /opt/airflow/dags/futsal_pipeline.py
[2026-06-15T12:20:32.011+0000] {logging_mixin.py:188} INFO - [2026-06-15T12:20:31.998+0000] {dagbag.py:355} ERROR - Failed to import: /opt/airflow/dags/futsal_pipeline.py
Traceback (most recent call last):
  File "/home/airflow/.local/lib/python3.11/site-packages/airflow/models/dagbag.py", line 351, in parse
    loader.exec_module(new_module)
  File "<frozen importlib._bootstrap_external>", line 940, in exec_module
  File "<frozen importlib._bootstrap>", line 241, in _call_with_frames_removed
  File "/opt/airflow/dags/futsal_pipeline.py", line 16, in <module>
    from pipeline.data_pipeline import DataPipeline
  File "/opt/airflow/pipeline/data_pipeline.py", line 1, in <module>
    from components.data_ingestion import DataIngestion
  File "/opt/airflow/components/data_ingestion.py", line 2, in <module>
    from db.db_connection import DB
ModuleNotFoundError: No module named 'db'
[2026-06-15T12:20:32.012+0000] {processor.py:842} WARNING - No viable dags retrieved from /opt/airflow/dags/futsal_pipeline.py
[2026-06-15T12:20:32.033+0000] {processor.py:183} INFO - Processing /opt/airflow/dags/futsal_pipeline.py took 0.542 seconds
[2026-06-15T12:21:02.305+0000] {processor.py:161} INFO - Started process (PID=6811) to work on /opt/airflow/dags/futsal_pipeline.py
[2026-06-15T12:21:02.306+0000] {processor.py:830} INFO - Processing file /opt/airflow/dags/futsal_pipeline.py for tasks to queue
[2026-06-15T12:21:02.307+0000] {logging_mixin.py:188} INFO - [2026-06-15T12:21:02.307+0000] {dagbag.py:545} INFO - Filling up the DagBag from /opt/airflow/dags/futsal_pipeline.py
[2026-06-15T12:21:02.617+0000] {logging_mixin.py:188} INFO - [2026-06-15T12:21:02.607+0000] {dagbag.py:355} ERROR - Failed to import: /opt/airflow/dags/futsal_pipeline.py
Traceback (most recent call last):
  File "/home/airflow/.local/lib/python3.11/site-packages/airflow/models/dagbag.py", line 351, in parse
    loader.exec_module(new_module)
  File "<frozen importlib._bootstrap_external>", line 940, in exec_module
  File "<frozen importlib._bootstrap>", line 241, in _call_with_frames_removed
  File "/opt/airflow/dags/futsal_pipeline.py", line 16, in <module>
    from pipeline.data_pipeline import DataPipeline
  File "/opt/airflow/pipeline/data_pipeline.py", line 1, in <module>
    from components.data_ingestion import DataIngestion
  File "/opt/airflow/components/data_ingestion.py", line 2, in <module>
    from db.db_connection import DB
ModuleNotFoundError: No module named 'db'
[2026-06-15T12:21:02.619+0000] {processor.py:842} WARNING - No viable dags retrieved from /opt/airflow/dags/futsal_pipeline.py
[2026-06-15T12:21:02.645+0000] {processor.py:183} INFO - Processing /opt/airflow/dags/futsal_pipeline.py took 0.347 seconds
[2026-06-15T12:21:32.901+0000] {processor.py:161} INFO - Started process (PID=6823) to work on /opt/airflow/dags/futsal_pipeline.py
[2026-06-15T12:21:32.902+0000] {processor.py:830} INFO - Processing file /opt/airflow/dags/futsal_pipeline.py for tasks to queue
[2026-06-15T12:21:32.903+0000] {logging_mixin.py:188} INFO - [2026-06-15T12:21:32.903+0000] {dagbag.py:545} INFO - Filling up the DagBag from /opt/airflow/dags/futsal_pipeline.py
[2026-06-15T12:21:33.206+0000] {logging_mixin.py:188} INFO - [2026-06-15T12:21:33.192+0000] {dagbag.py:355} ERROR - Failed to import: /opt/airflow/dags/futsal_pipeline.py
Traceback (most recent call last):
  File "/home/airflow/.local/lib/python3.11/site-packages/airflow/models/dagbag.py", line 351, in parse
    loader.exec_module(new_module)
  File "<frozen importlib._bootstrap_external>", line 940, in exec_module
  File "<frozen importlib._bootstrap>", line 241, in _call_with_frames_removed
  File "/opt/airflow/dags/futsal_pipeline.py", line 16, in <module>
    from pipeline.data_pipeline import DataPipeline
  File "/opt/airflow/pipeline/data_pipeline.py", line 1, in <module>
    from components.data_ingestion import DataIngestion
  File "/opt/airflow/components/data_ingestion.py", line 2, in <module>
    from db.db_connection import DB
ModuleNotFoundError: No module named 'db'
[2026-06-15T12:21:33.209+0000] {processor.py:842} WARNING - No viable dags retrieved from /opt/airflow/dags/futsal_pipeline.py
[2026-06-15T12:21:33.229+0000] {processor.py:183} INFO - Processing /opt/airflow/dags/futsal_pipeline.py took 0.333 seconds
[2026-06-15T12:22:03.495+0000] {processor.py:161} INFO - Started process (PID=6835) to work on /opt/airflow/dags/futsal_pipeline.py
[2026-06-15T12:22:03.496+0000] {processor.py:830} INFO - Processing file /opt/airflow/dags/futsal_pipeline.py for tasks to queue
[2026-06-15T12:22:03.497+0000] {logging_mixin.py:188} INFO - [2026-06-15T12:22:03.497+0000] {dagbag.py:545} INFO - Filling up the DagBag from /opt/airflow/dags/futsal_pipeline.py
[2026-06-15T12:22:03.809+0000] {logging_mixin.py:188} INFO - [2026-06-15T12:22:03.802+0000] {dagbag.py:355} ERROR - Failed to import: /opt/airflow/dags/futsal_pipeline.py
Traceback (most recent call last):
  File "/home/airflow/.local/lib/python3.11/site-packages/airflow/models/dagbag.py", line 351, in parse
    loader.exec_module(new_module)
  File "<frozen importlib._bootstrap_external>", line 940, in exec_module
  File "<frozen importlib._bootstrap>", line 241, in _call_with_frames_removed
  File "/opt/airflow/dags/futsal_pipeline.py", line 16, in <module>
    from pipeline.data_pipeline import DataPipeline
  File "/opt/airflow/pipeline/data_pipeline.py", line 1, in <module>
    from components.data_ingestion import DataIngestion
  File "/opt/airflow/components/data_ingestion.py", line 2, in <module>
    from db.db_connection import DB
ModuleNotFoundError: No module named 'db'
[2026-06-15T12:22:03.810+0000] {processor.py:842} WARNING - No viable dags retrieved from /opt/airflow/dags/futsal_pipeline.py
[2026-06-15T12:22:03.827+0000] {processor.py:183} INFO - Processing /opt/airflow/dags/futsal_pipeline.py took 0.337 seconds
[2026-06-15T12:22:34.032+0000] {processor.py:161} INFO - Started process (PID=6847) to work on /opt/airflow/dags/futsal_pipeline.py
[2026-06-15T12:22:34.033+0000] {processor.py:830} INFO - Processing file /opt/airflow/dags/futsal_pipeline.py for tasks to queue
[2026-06-15T12:22:34.034+0000] {logging_mixin.py:188} INFO - [2026-06-15T12:22:34.033+0000] {dagbag.py:545} INFO - Filling up the DagBag from /opt/airflow/dags/futsal_pipeline.py
[2026-06-15T12:22:34.343+0000] {logging_mixin.py:188} INFO - [2026-06-15T12:22:34.334+0000] {dagbag.py:355} ERROR - Failed to import: /opt/airflow/dags/futsal_pipeline.py
Traceback (most recent call last):
  File "/home/airflow/.local/lib/python3.11/site-packages/airflow/models/dagbag.py", line 351, in parse
    loader.exec_module(new_module)
  File "<frozen importlib._bootstrap_external>", line 940, in exec_module
  File "<frozen importlib._bootstrap>", line 241, in _call_with_frames_removed
  File "/opt/airflow/dags/futsal_pipeline.py", line 16, in <module>
    from pipeline.data_pipeline import DataPipeline
  File "/opt/airflow/pipeline/data_pipeline.py", line 1, in <module>
    from components.data_ingestion import DataIngestion
  File "/opt/airflow/components/data_ingestion.py", line 2, in <module>
    from db.db_connection import DB
ModuleNotFoundError: No module named 'db'
[2026-06-15T12:22:34.344+0000] {processor.py:842} WARNING - No viable dags retrieved from /opt/airflow/dags/futsal_pipeline.py
[2026-06-15T12:22:34.372+0000] {processor.py:183} INFO - Processing /opt/airflow/dags/futsal_pipeline.py took 0.346 seconds
[2026-06-15T12:23:04.603+0000] {processor.py:161} INFO - Started process (PID=6859) to work on /opt/airflow/dags/futsal_pipeline.py
[2026-06-15T12:23:04.606+0000] {processor.py:830} INFO - Processing file /opt/airflow/dags/futsal_pipeline.py for tasks to queue
[2026-06-15T12:23:04.608+0000] {logging_mixin.py:188} INFO - [2026-06-15T12:23:04.608+0000] {dagbag.py:545} INFO - Filling up the DagBag from /opt/airflow/dags/futsal_pipeline.py
[2026-06-15T12:23:04.983+0000] {logging_mixin.py:188} INFO - [2026-06-15T12:23:04.972+0000] {dagbag.py:355} ERROR - Failed to import: /opt/airflow/dags/futsal_pipeline.py
Traceback (most recent call last):
  File "/home/airflow/.local/lib/python3.11/site-packages/airflow/models/dagbag.py", line 351, in parse
    loader.exec_module(new_module)
  File "<frozen importlib._bootstrap_external>", line 940, in exec_module
  File "<frozen importlib._bootstrap>", line 241, in _call_with_frames_removed
  File "/opt/airflow/dags/futsal_pipeline.py", line 16, in <module>
    from pipeline.data_pipeline import DataPipeline
  File "/opt/airflow/pipeline/data_pipeline.py", line 1, in <module>
    from components.data_ingestion import DataIngestion
  File "/opt/airflow/components/data_ingestion.py", line 2, in <module>
    from db.db_connection import DB
ModuleNotFoundError: No module named 'db'
[2026-06-15T12:23:04.986+0000] {processor.py:842} WARNING - No viable dags retrieved from /opt/airflow/dags/futsal_pipeline.py
[2026-06-15T12:23:05.014+0000] {processor.py:183} INFO - Processing /opt/airflow/dags/futsal_pipeline.py took 0.422 seconds
[2026-06-15T12:23:35.282+0000] {processor.py:161} INFO - Started process (PID=6871) to work on /opt/airflow/dags/futsal_pipeline.py
[2026-06-15T12:23:35.283+0000] {processor.py:830} INFO - Processing file /opt/airflow/dags/futsal_pipeline.py for tasks to queue
[2026-06-15T12:23:35.284+0000] {logging_mixin.py:188} INFO - [2026-06-15T12:23:35.283+0000] {dagbag.py:545} INFO - Filling up the DagBag from /opt/airflow/dags/futsal_pipeline.py
[2026-06-15T12:23:35.607+0000] {logging_mixin.py:188} INFO - [2026-06-15T12:23:35.596+0000] {dagbag.py:355} ERROR - Failed to import: /opt/airflow/dags/futsal_pipeline.py
Traceback (most recent call last):
  File "/home/airflow/.local/lib/python3.11/site-packages/airflow/models/dagbag.py", line 351, in parse
    loader.exec_module(new_module)
  File "<frozen importlib._bootstrap_external>", line 940, in exec_module
  File "<frozen importlib._bootstrap>", line 241, in _call_with_frames_removed
  File "/opt/airflow/dags/futsal_pipeline.py", line 16, in <module>
    from pipeline.data_pipeline import DataPipeline
  File "/opt/airflow/pipeline/data_pipeline.py", line 1, in <module>
    from components.data_ingestion import DataIngestion
  File "/opt/airflow/components/data_ingestion.py", line 2, in <module>
    from db.db_connection import DB
ModuleNotFoundError: No module named 'db'
[2026-06-15T12:23:35.610+0000] {processor.py:842} WARNING - No viable dags retrieved from /opt/airflow/dags/futsal_pipeline.py
[2026-06-15T12:23:35.638+0000] {processor.py:183} INFO - Processing /opt/airflow/dags/futsal_pipeline.py took 0.362 seconds
[2026-06-15T12:24:05.865+0000] {processor.py:161} INFO - Started process (PID=6883) to work on /opt/airflow/dags/futsal_pipeline.py
[2026-06-15T12:24:05.866+0000] {processor.py:830} INFO - Processing file /opt/airflow/dags/futsal_pipeline.py for tasks to queue
[2026-06-15T12:24:05.867+0000] {logging_mixin.py:188} INFO - [2026-06-15T12:24:05.867+0000] {dagbag.py:545} INFO - Filling up the DagBag from /opt/airflow/dags/futsal_pipeline.py
[2026-06-15T12:24:06.204+0000] {logging_mixin.py:188} INFO - [2026-06-15T12:24:06.194+0000] {dagbag.py:355} ERROR - Failed to import: /opt/airflow/dags/futsal_pipeline.py
Traceback (most recent call last):
  File "/home/airflow/.local/lib/python3.11/site-packages/airflow/models/dagbag.py", line 351, in parse
    loader.exec_module(new_module)
  File "<frozen importlib._bootstrap_external>", line 940, in exec_module
  File "<frozen importlib._bootstrap>", line 241, in _call_with_frames_removed
  File "/opt/airflow/dags/futsal_pipeline.py", line 16, in <module>
    from pipeline.data_pipeline import DataPipeline
  File "/opt/airflow/pipeline/data_pipeline.py", line 1, in <module>
    from components.data_ingestion import DataIngestion
  File "/opt/airflow/components/data_ingestion.py", line 2, in <module>
    from db.db_connection import DB
ModuleNotFoundError: No module named 'db'
[2026-06-15T12:24:06.206+0000] {processor.py:842} WARNING - No viable dags retrieved from /opt/airflow/dags/futsal_pipeline.py
[2026-06-15T12:24:06.224+0000] {processor.py:183} INFO - Processing /opt/airflow/dags/futsal_pipeline.py took 0.365 seconds
[2026-06-15T12:24:36.459+0000] {processor.py:161} INFO - Started process (PID=6895) to work on /opt/airflow/dags/futsal_pipeline.py
[2026-06-15T12:24:36.460+0000] {processor.py:830} INFO - Processing file /opt/airflow/dags/futsal_pipeline.py for tasks to queue
[2026-06-15T12:24:36.461+0000] {logging_mixin.py:188} INFO - [2026-06-15T12:24:36.460+0000] {dagbag.py:545} INFO - Filling up the DagBag from /opt/airflow/dags/futsal_pipeline.py
[2026-06-15T12:24:36.759+0000] {logging_mixin.py:188} INFO - [2026-06-15T12:24:36.747+0000] {dagbag.py:355} ERROR - Failed to import: /opt/airflow/dags/futsal_pipeline.py
Traceback (most recent call last):
  File "/home/airflow/.local/lib/python3.11/site-packages/airflow/models/dagbag.py", line 351, in parse
    loader.exec_module(new_module)
  File "<frozen importlib._bootstrap_external>", line 940, in exec_module
  File "<frozen importlib._bootstrap>", line 241, in _call_with_frames_removed
  File "/opt/airflow/dags/futsal_pipeline.py", line 16, in <module>
    from pipeline.data_pipeline import DataPipeline
  File "/opt/airflow/pipeline/data_pipeline.py", line 1, in <module>
    from components.data_ingestion import DataIngestion
  File "/opt/airflow/components/data_ingestion.py", line 2, in <module>
    from db.db_connection import DB
ModuleNotFoundError: No module named 'db'
[2026-06-15T12:24:36.762+0000] {processor.py:842} WARNING - No viable dags retrieved from /opt/airflow/dags/futsal_pipeline.py
[2026-06-15T12:24:36.796+0000] {processor.py:183} INFO - Processing /opt/airflow/dags/futsal_pipeline.py took 0.343 seconds
[2026-06-15T12:25:07.061+0000] {processor.py:161} INFO - Started process (PID=6907) to work on /opt/airflow/dags/futsal_pipeline.py
[2026-06-15T12:25:07.062+0000] {processor.py:830} INFO - Processing file /opt/airflow/dags/futsal_pipeline.py for tasks to queue
[2026-06-15T12:25:07.063+0000] {logging_mixin.py:188} INFO - [2026-06-15T12:25:07.063+0000] {dagbag.py:545} INFO - Filling up the DagBag from /opt/airflow/dags/futsal_pipeline.py
[2026-06-15T12:25:07.419+0000] {logging_mixin.py:188} INFO - [2026-06-15T12:25:07.407+0000] {dagbag.py:355} ERROR - Failed to import: /opt/airflow/dags/futsal_pipeline.py
Traceback (most recent call last):
  File "/home/airflow/.local/lib/python3.11/site-packages/airflow/models/dagbag.py", line 351, in parse
    loader.exec_module(new_module)
  File "<frozen importlib._bootstrap_external>", line 940, in exec_module
  File "<frozen importlib._bootstrap>", line 241, in _call_with_frames_removed
  File "/opt/airflow/dags/futsal_pipeline.py", line 16, in <module>
    from pipeline.data_pipeline import DataPipeline
  File "/opt/airflow/pipeline/data_pipeline.py", line 1, in <module>
    from components.data_ingestion import DataIngestion
  File "/opt/airflow/components/data_ingestion.py", line 2, in <module>
    from db.db_connection import DB
ModuleNotFoundError: No module named 'db'
[2026-06-15T12:25:07.420+0000] {processor.py:842} WARNING - No viable dags retrieved from /opt/airflow/dags/futsal_pipeline.py
[2026-06-15T12:25:07.452+0000] {processor.py:183} INFO - Processing /opt/airflow/dags/futsal_pipeline.py took 0.396 seconds
[2026-06-15T12:25:37.694+0000] {processor.py:161} INFO - Started process (PID=6919) to work on /opt/airflow/dags/futsal_pipeline.py
[2026-06-15T12:25:37.695+0000] {processor.py:830} INFO - Processing file /opt/airflow/dags/futsal_pipeline.py for tasks to queue
[2026-06-15T12:25:37.696+0000] {logging_mixin.py:188} INFO - [2026-06-15T12:25:37.696+0000] {dagbag.py:545} INFO - Filling up the DagBag from /opt/airflow/dags/futsal_pipeline.py
[2026-06-15T12:25:37.993+0000] {logging_mixin.py:188} INFO - [2026-06-15T12:25:37.983+0000] {dagbag.py:355} ERROR - Failed to import: /opt/airflow/dags/futsal_pipeline.py
Traceback (most recent call last):
  File "/home/airflow/.local/lib/python3.11/site-packages/airflow/models/dagbag.py", line 351, in parse
    loader.exec_module(new_module)
  File "<frozen importlib._bootstrap_external>", line 940, in exec_module
  File "<frozen importlib._bootstrap>", line 241, in _call_with_frames_removed
  File "/opt/airflow/dags/futsal_pipeline.py", line 16, in <module>
    from pipeline.data_pipeline import DataPipeline
  File "/opt/airflow/pipeline/data_pipeline.py", line 1, in <module>
    from components.data_ingestion import DataIngestion
  File "/opt/airflow/components/data_ingestion.py", line 2, in <module>
    from db.db_connection import DB
ModuleNotFoundError: No module named 'db'
[2026-06-15T12:25:37.995+0000] {processor.py:842} WARNING - No viable dags retrieved from /opt/airflow/dags/futsal_pipeline.py
[2026-06-15T12:25:38.022+0000] {processor.py:183} INFO - Processing /opt/airflow/dags/futsal_pipeline.py took 0.333 seconds
[2026-06-15T12:26:08.240+0000] {processor.py:161} INFO - Started process (PID=6931) to work on /opt/airflow/dags/futsal_pipeline.py
[2026-06-15T12:26:08.241+0000] {processor.py:830} INFO - Processing file /opt/airflow/dags/futsal_pipeline.py for tasks to queue
[2026-06-15T12:26:08.241+0000] {logging_mixin.py:188} INFO - [2026-06-15T12:26:08.241+0000] {dagbag.py:545} INFO - Filling up the DagBag from /opt/airflow/dags/futsal_pipeline.py
[2026-06-15T12:26:08.558+0000] {logging_mixin.py:188} INFO - [2026-06-15T12:26:08.546+0000] {dagbag.py:355} ERROR - Failed to import: /opt/airflow/dags/futsal_pipeline.py
Traceback (most recent call last):
  File "/home/airflow/.local/lib/python3.11/site-packages/airflow/models/dagbag.py", line 351, in parse
    loader.exec_module(new_module)
  File "<frozen importlib._bootstrap_external>", line 940, in exec_module
  File "<frozen importlib._bootstrap>", line 241, in _call_with_frames_removed
  File "/opt/airflow/dags/futsal_pipeline.py", line 16, in <module>
    from pipeline.data_pipeline import DataPipeline
  File "/opt/airflow/pipeline/data_pipeline.py", line 1, in <module>
    from components.data_ingestion import DataIngestion
  File "/opt/airflow/components/data_ingestion.py", line 2, in <module>
    from db.db_connection import DB
ModuleNotFoundError: No module named 'db'
[2026-06-15T12:26:08.559+0000] {processor.py:842} WARNING - No viable dags retrieved from /opt/airflow/dags/futsal_pipeline.py
[2026-06-15T12:26:08.587+0000] {processor.py:183} INFO - Processing /opt/airflow/dags/futsal_pipeline.py took 0.352 seconds
[2026-06-15T12:26:38.791+0000] {processor.py:161} INFO - Started process (PID=6943) to work on /opt/airflow/dags/futsal_pipeline.py
[2026-06-15T12:26:38.792+0000] {processor.py:830} INFO - Processing file /opt/airflow/dags/futsal_pipeline.py for tasks to queue
[2026-06-15T12:26:38.793+0000] {logging_mixin.py:188} INFO - [2026-06-15T12:26:38.793+0000] {dagbag.py:545} INFO - Filling up the DagBag from /opt/airflow/dags/futsal_pipeline.py
[2026-06-15T12:26:39.126+0000] {logging_mixin.py:188} INFO - [2026-06-15T12:26:39.115+0000] {dagbag.py:355} ERROR - Failed to import: /opt/airflow/dags/futsal_pipeline.py
Traceback (most recent call last):
  File "/home/airflow/.local/lib/python3.11/site-packages/airflow/models/dagbag.py", line 351, in parse
    loader.exec_module(new_module)
  File "<frozen importlib._bootstrap_external>", line 940, in exec_module
  File "<frozen importlib._bootstrap>", line 241, in _call_with_frames_removed
  File "/opt/airflow/dags/futsal_pipeline.py", line 16, in <module>
    from pipeline.data_pipeline import DataPipeline
  File "/opt/airflow/pipeline/data_pipeline.py", line 1, in <module>
    from components.data_ingestion import DataIngestion
  File "/opt/airflow/components/data_ingestion.py", line 2, in <module>
    from db.db_connection import DB
ModuleNotFoundError: No module named 'db'
[2026-06-15T12:26:39.128+0000] {processor.py:842} WARNING - No viable dags retrieved from /opt/airflow/dags/futsal_pipeline.py
[2026-06-15T12:26:39.158+0000] {processor.py:183} INFO - Processing /opt/airflow/dags/futsal_pipeline.py took 0.372 seconds
[2026-06-15T12:27:09.430+0000] {processor.py:161} INFO - Started process (PID=6955) to work on /opt/airflow/dags/futsal_pipeline.py
[2026-06-15T12:27:09.431+0000] {processor.py:830} INFO - Processing file /opt/airflow/dags/futsal_pipeline.py for tasks to queue
[2026-06-15T12:27:09.432+0000] {logging_mixin.py:188} INFO - [2026-06-15T12:27:09.432+0000] {dagbag.py:545} INFO - Filling up the DagBag from /opt/airflow/dags/futsal_pipeline.py
[2026-06-15T12:27:09.732+0000] {logging_mixin.py:188} INFO - [2026-06-15T12:27:09.721+0000] {dagbag.py:355} ERROR - Failed to import: /opt/airflow/dags/futsal_pipeline.py
Traceback (most recent call last):
  File "/home/airflow/.local/lib/python3.11/site-packages/airflow/models/dagbag.py", line 351, in parse
    loader.exec_module(new_module)
  File "<frozen importlib._bootstrap_external>", line 940, in exec_module
  File "<frozen importlib._bootstrap>", line 241, in _call_with_frames_removed
  File "/opt/airflow/dags/futsal_pipeline.py", line 16, in <module>
    from pipeline.data_pipeline import DataPipeline
  File "/opt/airflow/pipeline/data_pipeline.py", line 1, in <module>
    from components.data_ingestion import DataIngestion
  File "/opt/airflow/components/data_ingestion.py", line 2, in <module>
    from db.db_connection import DB
ModuleNotFoundError: No module named 'db'
[2026-06-15T12:27:09.734+0000] {processor.py:842} WARNING - No viable dags retrieved from /opt/airflow/dags/futsal_pipeline.py
[2026-06-15T12:27:09.762+0000] {processor.py:183} INFO - Processing /opt/airflow/dags/futsal_pipeline.py took 0.337 seconds
[2026-06-15T12:27:39.999+0000] {processor.py:161} INFO - Started process (PID=6967) to work on /opt/airflow/dags/futsal_pipeline.py
[2026-06-15T12:27:40.000+0000] {processor.py:830} INFO - Processing file /opt/airflow/dags/futsal_pipeline.py for tasks to queue
[2026-06-15T12:27:40.001+0000] {logging_mixin.py:188} INFO - [2026-06-15T12:27:40.000+0000] {dagbag.py:545} INFO - Filling up the DagBag from /opt/airflow/dags/futsal_pipeline.py
[2026-06-15T12:27:40.297+0000] {logging_mixin.py:188} INFO - [2026-06-15T12:27:40.286+0000] {dagbag.py:355} ERROR - Failed to import: /opt/airflow/dags/futsal_pipeline.py
Traceback (most recent call last):
  File "/home/airflow/.local/lib/python3.11/site-packages/airflow/models/dagbag.py", line 351, in parse
    loader.exec_module(new_module)
  File "<frozen importlib._bootstrap_external>", line 940, in exec_module
  File "<frozen importlib._bootstrap>", line 241, in _call_with_frames_removed
  File "/opt/airflow/dags/futsal_pipeline.py", line 16, in <module>
    from pipeline.data_pipeline import DataPipeline
  File "/opt/airflow/pipeline/data_pipeline.py", line 1, in <module>
    from components.data_ingestion import DataIngestion
  File "/opt/airflow/components/data_ingestion.py", line 2, in <module>
    from db.db_connection import DB
ModuleNotFoundError: No module named 'db'
[2026-06-15T12:27:40.299+0000] {processor.py:842} WARNING - No viable dags retrieved from /opt/airflow/dags/futsal_pipeline.py
[2026-06-15T12:27:40.327+0000] {processor.py:183} INFO - Processing /opt/airflow/dags/futsal_pipeline.py took 0.334 seconds
[2026-06-15T12:28:10.572+0000] {processor.py:161} INFO - Started process (PID=6979) to work on /opt/airflow/dags/futsal_pipeline.py
[2026-06-15T12:28:10.573+0000] {processor.py:830} INFO - Processing file /opt/airflow/dags/futsal_pipeline.py for tasks to queue
[2026-06-15T12:28:10.574+0000] {logging_mixin.py:188} INFO - [2026-06-15T12:28:10.574+0000] {dagbag.py:545} INFO - Filling up the DagBag from /opt/airflow/dags/futsal_pipeline.py
[2026-06-15T12:28:10.872+0000] {logging_mixin.py:188} INFO - [2026-06-15T12:28:10.860+0000] {dagbag.py:355} ERROR - Failed to import: /opt/airflow/dags/futsal_pipeline.py
Traceback (most recent call last):
  File "/home/airflow/.local/lib/python3.11/site-packages/airflow/models/dagbag.py", line 351, in parse
    loader.exec_module(new_module)
  File "<frozen importlib._bootstrap_external>", line 940, in exec_module
  File "<frozen importlib._bootstrap>", line 241, in _call_with_frames_removed
  File "/opt/airflow/dags/futsal_pipeline.py", line 16, in <module>
    from pipeline.data_pipeline import DataPipeline
  File "/opt/airflow/pipeline/data_pipeline.py", line 1, in <module>
    from components.data_ingestion import DataIngestion
  File "/opt/airflow/components/data_ingestion.py", line 2, in <module>
    from db.db_connection import DB
ModuleNotFoundError: No module named 'db'
[2026-06-15T12:28:10.874+0000] {processor.py:842} WARNING - No viable dags retrieved from /opt/airflow/dags/futsal_pipeline.py
[2026-06-15T12:28:10.901+0000] {processor.py:183} INFO - Processing /opt/airflow/dags/futsal_pipeline.py took 0.334 seconds
[2026-06-15T12:28:41.140+0000] {processor.py:161} INFO - Started process (PID=6991) to work on /opt/airflow/dags/futsal_pipeline.py
[2026-06-15T12:28:41.141+0000] {processor.py:830} INFO - Processing file /opt/airflow/dags/futsal_pipeline.py for tasks to queue
[2026-06-15T12:28:41.142+0000] {logging_mixin.py:188} INFO - [2026-06-15T12:28:41.142+0000] {dagbag.py:545} INFO - Filling up the DagBag from /opt/airflow/dags/futsal_pipeline.py
[2026-06-15T12:28:41.453+0000] {logging_mixin.py:188} INFO - [2026-06-15T12:28:41.444+0000] {dagbag.py:355} ERROR - Failed to import: /opt/airflow/dags/futsal_pipeline.py
Traceback (most recent call last):
  File "/home/airflow/.local/lib/python3.11/site-packages/airflow/models/dagbag.py", line 351, in parse
    loader.exec_module(new_module)
  File "<frozen importlib._bootstrap_external>", line 940, in exec_module
  File "<frozen importlib._bootstrap>", line 241, in _call_with_frames_removed
  File "/opt/airflow/dags/futsal_pipeline.py", line 16, in <module>
    from pipeline.data_pipeline import DataPipeline
  File "/opt/airflow/pipeline/data_pipeline.py", line 1, in <module>
    from components.data_ingestion import DataIngestion
  File "/opt/airflow/components/data_ingestion.py", line 2, in <module>
    from db.db_connection import DB
ModuleNotFoundError: No module named 'db'
[2026-06-15T12:28:41.455+0000] {processor.py:842} WARNING - No viable dags retrieved from /opt/airflow/dags/futsal_pipeline.py
[2026-06-15T12:28:41.483+0000] {processor.py:183} INFO - Processing /opt/airflow/dags/futsal_pipeline.py took 0.349 seconds
[2026-06-15T12:29:11.707+0000] {processor.py:161} INFO - Started process (PID=7003) to work on /opt/airflow/dags/futsal_pipeline.py
[2026-06-15T12:29:11.708+0000] {processor.py:830} INFO - Processing file /opt/airflow/dags/futsal_pipeline.py for tasks to queue
[2026-06-15T12:29:11.709+0000] {logging_mixin.py:188} INFO - [2026-06-15T12:29:11.709+0000] {dagbag.py:545} INFO - Filling up the DagBag from /opt/airflow/dags/futsal_pipeline.py
[2026-06-15T12:29:12.036+0000] {logging_mixin.py:188} INFO - [2026-06-15T12:29:12.024+0000] {dagbag.py:355} ERROR - Failed to import: /opt/airflow/dags/futsal_pipeline.py
Traceback (most recent call last):
  File "/home/airflow/.local/lib/python3.11/site-packages/airflow/models/dagbag.py", line 351, in parse
    loader.exec_module(new_module)
  File "<frozen importlib._bootstrap_external>", line 940, in exec_module
  File "<frozen importlib._bootstrap>", line 241, in _call_with_frames_removed
  File "/opt/airflow/dags/futsal_pipeline.py", line 16, in <module>
    from pipeline.data_pipeline import DataPipeline
  File "/opt/airflow/pipeline/data_pipeline.py", line 1, in <module>
    from components.data_ingestion import DataIngestion
  File "/opt/airflow/components/data_ingestion.py", line 2, in <module>
    from db.db_connection import DB
ModuleNotFoundError: No module named 'db'
[2026-06-15T12:29:12.038+0000] {processor.py:842} WARNING - No viable dags retrieved from /opt/airflow/dags/futsal_pipeline.py
[2026-06-15T12:29:12.068+0000] {processor.py:183} INFO - Processing /opt/airflow/dags/futsal_pipeline.py took 0.367 seconds
[2026-06-15T12:29:42.295+0000] {processor.py:161} INFO - Started process (PID=7015) to work on /opt/airflow/dags/futsal_pipeline.py
[2026-06-15T12:29:42.296+0000] {processor.py:830} INFO - Processing file /opt/airflow/dags/futsal_pipeline.py for tasks to queue
[2026-06-15T12:29:42.297+0000] {logging_mixin.py:188} INFO - [2026-06-15T12:29:42.296+0000] {dagbag.py:545} INFO - Filling up the DagBag from /opt/airflow/dags/futsal_pipeline.py
[2026-06-15T12:29:42.591+0000] {logging_mixin.py:188} INFO - [2026-06-15T12:29:42.581+0000] {dagbag.py:355} ERROR - Failed to import: /opt/airflow/dags/futsal_pipeline.py
Traceback (most recent call last):
  File "/home/airflow/.local/lib/python3.11/site-packages/airflow/models/dagbag.py", line 351, in parse
    loader.exec_module(new_module)
  File "<frozen importlib._bootstrap_external>", line 940, in exec_module
  File "<frozen importlib._bootstrap>", line 241, in _call_with_frames_removed
  File "/opt/airflow/dags/futsal_pipeline.py", line 16, in <module>
    from pipeline.data_pipeline import DataPipeline
  File "/opt/airflow/pipeline/data_pipeline.py", line 1, in <module>
    from components.data_ingestion import DataIngestion
  File "/opt/airflow/components/data_ingestion.py", line 2, in <module>
    from db.db_connection import DB
ModuleNotFoundError: No module named 'db'
[2026-06-15T12:29:42.592+0000] {processor.py:842} WARNING - No viable dags retrieved from /opt/airflow/dags/futsal_pipeline.py
[2026-06-15T12:29:42.620+0000] {processor.py:183} INFO - Processing /opt/airflow/dags/futsal_pipeline.py took 0.331 seconds
[2026-06-15T12:30:12.844+0000] {processor.py:161} INFO - Started process (PID=7027) to work on /opt/airflow/dags/futsal_pipeline.py
[2026-06-15T12:30:12.845+0000] {processor.py:830} INFO - Processing file /opt/airflow/dags/futsal_pipeline.py for tasks to queue
[2026-06-15T12:30:12.846+0000] {logging_mixin.py:188} INFO - [2026-06-15T12:30:12.846+0000] {dagbag.py:545} INFO - Filling up the DagBag from /opt/airflow/dags/futsal_pipeline.py
[2026-06-15T12:30:13.146+0000] {logging_mixin.py:188} INFO - [2026-06-15T12:30:13.132+0000] {dagbag.py:355} ERROR - Failed to import: /opt/airflow/dags/futsal_pipeline.py
Traceback (most recent call last):
  File "/home/airflow/.local/lib/python3.11/site-packages/airflow/models/dagbag.py", line 351, in parse
    loader.exec_module(new_module)
  File "<frozen importlib._bootstrap_external>", line 940, in exec_module
  File "<frozen importlib._bootstrap>", line 241, in _call_with_frames_removed
  File "/opt/airflow/dags/futsal_pipeline.py", line 16, in <module>
    from pipeline.data_pipeline import DataPipeline
  File "/opt/airflow/pipeline/data_pipeline.py", line 1, in <module>
    from components.data_ingestion import DataIngestion
  File "/opt/airflow/components/data_ingestion.py", line 2, in <module>
    from db.db_connection import DB
ModuleNotFoundError: No module named 'db'
[2026-06-15T12:30:13.149+0000] {processor.py:842} WARNING - No viable dags retrieved from /opt/airflow/dags/futsal_pipeline.py
[2026-06-15T12:30:13.176+0000] {processor.py:183} INFO - Processing /opt/airflow/dags/futsal_pipeline.py took 0.338 seconds
[2026-06-15T12:30:43.419+0000] {processor.py:161} INFO - Started process (PID=7039) to work on /opt/airflow/dags/futsal_pipeline.py
[2026-06-15T12:30:43.421+0000] {processor.py:830} INFO - Processing file /opt/airflow/dags/futsal_pipeline.py for tasks to queue
[2026-06-15T12:30:43.422+0000] {logging_mixin.py:188} INFO - [2026-06-15T12:30:43.422+0000] {dagbag.py:545} INFO - Filling up the DagBag from /opt/airflow/dags/futsal_pipeline.py
[2026-06-15T12:30:43.872+0000] {logging_mixin.py:188} INFO - [2026-06-15T12:30:43.855+0000] {dagbag.py:355} ERROR - Failed to import: /opt/airflow/dags/futsal_pipeline.py
Traceback (most recent call last):
  File "/home/airflow/.local/lib/python3.11/site-packages/airflow/models/dagbag.py", line 351, in parse
    loader.exec_module(new_module)
  File "<frozen importlib._bootstrap_external>", line 940, in exec_module
  File "<frozen importlib._bootstrap>", line 241, in _call_with_frames_removed
  File "/opt/airflow/dags/futsal_pipeline.py", line 16, in <module>
    from pipeline.data_pipeline import DataPipeline
  File "/opt/airflow/pipeline/data_pipeline.py", line 1, in <module>
    from components.data_ingestion import DataIngestion
  File "/opt/airflow/components/data_ingestion.py", line 2, in <module>
    from db.db_connection import DB
ModuleNotFoundError: No module named 'db'
[2026-06-15T12:30:43.876+0000] {processor.py:842} WARNING - No viable dags retrieved from /opt/airflow/dags/futsal_pipeline.py
[2026-06-15T12:30:43.916+0000] {processor.py:183} INFO - Processing /opt/airflow/dags/futsal_pipeline.py took 0.509 seconds
[2026-06-15T12:31:14.296+0000] {processor.py:161} INFO - Started process (PID=7051) to work on /opt/airflow/dags/futsal_pipeline.py
[2026-06-15T12:31:14.298+0000] {processor.py:830} INFO - Processing file /opt/airflow/dags/futsal_pipeline.py for tasks to queue
[2026-06-15T12:31:14.299+0000] {logging_mixin.py:188} INFO - [2026-06-15T12:31:14.299+0000] {dagbag.py:545} INFO - Filling up the DagBag from /opt/airflow/dags/futsal_pipeline.py
[2026-06-15T12:31:14.793+0000] {logging_mixin.py:188} INFO - [2026-06-15T12:31:14.777+0000] {dagbag.py:355} ERROR - Failed to import: /opt/airflow/dags/futsal_pipeline.py
Traceback (most recent call last):
  File "/home/airflow/.local/lib/python3.11/site-packages/airflow/models/dagbag.py", line 351, in parse
    loader.exec_module(new_module)
  File "<frozen importlib._bootstrap_external>", line 940, in exec_module
  File "<frozen importlib._bootstrap>", line 241, in _call_with_frames_removed
  File "/opt/airflow/dags/futsal_pipeline.py", line 16, in <module>
    from pipeline.data_pipeline import DataPipeline
  File "/opt/airflow/pipeline/data_pipeline.py", line 1, in <module>
    from components.data_ingestion import DataIngestion
  File "/opt/airflow/components/data_ingestion.py", line 2, in <module>
    from db.db_connection import DB
ModuleNotFoundError: No module named 'db'
[2026-06-15T12:31:14.797+0000] {processor.py:842} WARNING - No viable dags retrieved from /opt/airflow/dags/futsal_pipeline.py
[2026-06-15T12:31:14.836+0000] {processor.py:183} INFO - Processing /opt/airflow/dags/futsal_pipeline.py took 0.547 seconds
[2026-06-15T12:31:45.066+0000] {processor.py:161} INFO - Started process (PID=7063) to work on /opt/airflow/dags/futsal_pipeline.py
[2026-06-15T12:31:45.068+0000] {processor.py:830} INFO - Processing file /opt/airflow/dags/futsal_pipeline.py for tasks to queue
[2026-06-15T12:31:45.070+0000] {logging_mixin.py:188} INFO - [2026-06-15T12:31:45.070+0000] {dagbag.py:545} INFO - Filling up the DagBag from /opt/airflow/dags/futsal_pipeline.py
[2026-06-15T12:31:45.547+0000] {logging_mixin.py:188} INFO - [2026-06-15T12:31:45.529+0000] {dagbag.py:355} ERROR - Failed to import: /opt/airflow/dags/futsal_pipeline.py
Traceback (most recent call last):
  File "/home/airflow/.local/lib/python3.11/site-packages/airflow/models/dagbag.py", line 351, in parse
    loader.exec_module(new_module)
  File "<frozen importlib._bootstrap_external>", line 940, in exec_module
  File "<frozen importlib._bootstrap>", line 241, in _call_with_frames_removed
  File "/opt/airflow/dags/futsal_pipeline.py", line 16, in <module>
    from pipeline.data_pipeline import DataPipeline
  File "/opt/airflow/pipeline/data_pipeline.py", line 1, in <module>
    from components.data_ingestion import DataIngestion
  File "/opt/airflow/components/data_ingestion.py", line 2, in <module>
    from db.db_connection import DB
ModuleNotFoundError: No module named 'db'
[2026-06-15T12:31:45.550+0000] {processor.py:842} WARNING - No viable dags retrieved from /opt/airflow/dags/futsal_pipeline.py
[2026-06-15T12:31:45.585+0000] {processor.py:183} INFO - Processing /opt/airflow/dags/futsal_pipeline.py took 0.534 seconds
[2026-06-15T12:32:15.812+0000] {processor.py:161} INFO - Started process (PID=7075) to work on /opt/airflow/dags/futsal_pipeline.py
[2026-06-15T12:32:15.813+0000] {processor.py:830} INFO - Processing file /opt/airflow/dags/futsal_pipeline.py for tasks to queue
[2026-06-15T12:32:15.814+0000] {logging_mixin.py:188} INFO - [2026-06-15T12:32:15.813+0000] {dagbag.py:545} INFO - Filling up the DagBag from /opt/airflow/dags/futsal_pipeline.py
[2026-06-15T12:32:16.118+0000] {logging_mixin.py:188} INFO - [2026-06-15T12:32:16.108+0000] {dagbag.py:355} ERROR - Failed to import: /opt/airflow/dags/futsal_pipeline.py
Traceback (most recent call last):
  File "/home/airflow/.local/lib/python3.11/site-packages/airflow/models/dagbag.py", line 351, in parse
    loader.exec_module(new_module)
  File "<frozen importlib._bootstrap_external>", line 940, in exec_module
  File "<frozen importlib._bootstrap>", line 241, in _call_with_frames_removed
  File "/opt/airflow/dags/futsal_pipeline.py", line 16, in <module>
    from pipeline.data_pipeline import DataPipeline
  File "/opt/airflow/pipeline/data_pipeline.py", line 1, in <module>
    from components.data_ingestion import DataIngestion
  File "/opt/airflow/components/data_ingestion.py", line 2, in <module>
    from db.db_connection import DB
ModuleNotFoundError: No module named 'db'
[2026-06-15T12:32:16.120+0000] {processor.py:842} WARNING - No viable dags retrieved from /opt/airflow/dags/futsal_pipeline.py
[2026-06-15T12:32:16.147+0000] {processor.py:183} INFO - Processing /opt/airflow/dags/futsal_pipeline.py took 0.341 seconds
[2026-06-15T12:32:46.381+0000] {processor.py:161} INFO - Started process (PID=7087) to work on /opt/airflow/dags/futsal_pipeline.py
[2026-06-15T12:32:46.382+0000] {processor.py:830} INFO - Processing file /opt/airflow/dags/futsal_pipeline.py for tasks to queue
[2026-06-15T12:32:46.383+0000] {logging_mixin.py:188} INFO - [2026-06-15T12:32:46.383+0000] {dagbag.py:545} INFO - Filling up the DagBag from /opt/airflow/dags/futsal_pipeline.py
[2026-06-15T12:32:46.696+0000] {logging_mixin.py:188} INFO - [2026-06-15T12:32:46.687+0000] {dagbag.py:355} ERROR - Failed to import: /opt/airflow/dags/futsal_pipeline.py
Traceback (most recent call last):
  File "/home/airflow/.local/lib/python3.11/site-packages/airflow/models/dagbag.py", line 351, in parse
    loader.exec_module(new_module)
  File "<frozen importlib._bootstrap_external>", line 940, in exec_module
  File "<frozen importlib._bootstrap>", line 241, in _call_with_frames_removed
  File "/opt/airflow/dags/futsal_pipeline.py", line 16, in <module>
    from pipeline.data_pipeline import DataPipeline
  File "/opt/airflow/pipeline/data_pipeline.py", line 1, in <module>
    from components.data_ingestion import DataIngestion
  File "/opt/airflow/components/data_ingestion.py", line 2, in <module>
    from db.db_connection import DB
ModuleNotFoundError: No module named 'db'
[2026-06-15T12:32:46.698+0000] {processor.py:842} WARNING - No viable dags retrieved from /opt/airflow/dags/futsal_pipeline.py
[2026-06-15T12:32:46.715+0000] {processor.py:183} INFO - Processing /opt/airflow/dags/futsal_pipeline.py took 0.341 seconds
[2026-06-15T12:33:16.957+0000] {processor.py:161} INFO - Started process (PID=7099) to work on /opt/airflow/dags/futsal_pipeline.py
[2026-06-15T12:33:16.958+0000] {processor.py:830} INFO - Processing file /opt/airflow/dags/futsal_pipeline.py for tasks to queue
[2026-06-15T12:33:16.959+0000] {logging_mixin.py:188} INFO - [2026-06-15T12:33:16.959+0000] {dagbag.py:545} INFO - Filling up the DagBag from /opt/airflow/dags/futsal_pipeline.py
[2026-06-15T12:33:17.282+0000] {logging_mixin.py:188} INFO - [2026-06-15T12:33:17.272+0000] {dagbag.py:355} ERROR - Failed to import: /opt/airflow/dags/futsal_pipeline.py
Traceback (most recent call last):
  File "/home/airflow/.local/lib/python3.11/site-packages/airflow/models/dagbag.py", line 351, in parse
    loader.exec_module(new_module)
  File "<frozen importlib._bootstrap_external>", line 940, in exec_module
  File "<frozen importlib._bootstrap>", line 241, in _call_with_frames_removed
  File "/opt/airflow/dags/futsal_pipeline.py", line 16, in <module>
    from pipeline.data_pipeline import DataPipeline
  File "/opt/airflow/pipeline/data_pipeline.py", line 1, in <module>
    from components.data_ingestion import DataIngestion
  File "/opt/airflow/components/data_ingestion.py", line 2, in <module>
    from db.db_connection import DB
ModuleNotFoundError: No module named 'db'
[2026-06-15T12:33:17.284+0000] {processor.py:842} WARNING - No viable dags retrieved from /opt/airflow/dags/futsal_pipeline.py
[2026-06-15T12:33:17.302+0000] {processor.py:183} INFO - Processing /opt/airflow/dags/futsal_pipeline.py took 0.352 seconds
[2026-06-15T12:33:47.532+0000] {processor.py:161} INFO - Started process (PID=7111) to work on /opt/airflow/dags/futsal_pipeline.py
[2026-06-15T12:33:47.533+0000] {processor.py:830} INFO - Processing file /opt/airflow/dags/futsal_pipeline.py for tasks to queue
[2026-06-15T12:33:47.533+0000] {logging_mixin.py:188} INFO - [2026-06-15T12:33:47.533+0000] {dagbag.py:545} INFO - Filling up the DagBag from /opt/airflow/dags/futsal_pipeline.py
[2026-06-15T12:33:47.906+0000] {logging_mixin.py:188} INFO - [2026-06-15T12:33:47.894+0000] {dagbag.py:355} ERROR - Failed to import: /opt/airflow/dags/futsal_pipeline.py
Traceback (most recent call last):
  File "/home/airflow/.local/lib/python3.11/site-packages/airflow/models/dagbag.py", line 351, in parse
    loader.exec_module(new_module)
  File "<frozen importlib._bootstrap_external>", line 940, in exec_module
  File "<frozen importlib._bootstrap>", line 241, in _call_with_frames_removed
  File "/opt/airflow/dags/futsal_pipeline.py", line 16, in <module>
    from pipeline.data_pipeline import DataPipeline
  File "/opt/airflow/pipeline/data_pipeline.py", line 1, in <module>
    from components.data_ingestion import DataIngestion
  File "/opt/airflow/components/data_ingestion.py", line 2, in <module>
    from db.db_connection import DB
ModuleNotFoundError: No module named 'db'
[2026-06-15T12:33:47.908+0000] {processor.py:842} WARNING - No viable dags retrieved from /opt/airflow/dags/futsal_pipeline.py
[2026-06-15T12:33:47.938+0000] {processor.py:183} INFO - Processing /opt/airflow/dags/futsal_pipeline.py took 0.413 seconds
[2026-06-15T12:34:18.145+0000] {processor.py:161} INFO - Started process (PID=7123) to work on /opt/airflow/dags/futsal_pipeline.py
[2026-06-15T12:34:18.146+0000] {processor.py:830} INFO - Processing file /opt/airflow/dags/futsal_pipeline.py for tasks to queue
[2026-06-15T12:34:18.147+0000] {logging_mixin.py:188} INFO - [2026-06-15T12:34:18.146+0000] {dagbag.py:545} INFO - Filling up the DagBag from /opt/airflow/dags/futsal_pipeline.py
[2026-06-15T12:34:18.485+0000] {logging_mixin.py:188} INFO - [2026-06-15T12:34:18.476+0000] {dagbag.py:355} ERROR - Failed to import: /opt/airflow/dags/futsal_pipeline.py
Traceback (most recent call last):
  File "/home/airflow/.local/lib/python3.11/site-packages/airflow/models/dagbag.py", line 351, in parse
    loader.exec_module(new_module)
  File "<frozen importlib._bootstrap_external>", line 940, in exec_module
  File "<frozen importlib._bootstrap>", line 241, in _call_with_frames_removed
  File "/opt/airflow/dags/futsal_pipeline.py", line 16, in <module>
    from pipeline.data_pipeline import DataPipeline
  File "/opt/airflow/pipeline/data_pipeline.py", line 1, in <module>
    from components.data_ingestion import DataIngestion
  File "/opt/airflow/components/data_ingestion.py", line 2, in <module>
    from db.db_connection import DB
ModuleNotFoundError: No module named 'db'
[2026-06-15T12:34:18.487+0000] {processor.py:842} WARNING - No viable dags retrieved from /opt/airflow/dags/futsal_pipeline.py
[2026-06-15T12:34:18.504+0000] {processor.py:183} INFO - Processing /opt/airflow/dags/futsal_pipeline.py took 0.364 seconds
[2026-06-15T12:34:48.722+0000] {processor.py:161} INFO - Started process (PID=7135) to work on /opt/airflow/dags/futsal_pipeline.py
[2026-06-15T12:34:48.723+0000] {processor.py:830} INFO - Processing file /opt/airflow/dags/futsal_pipeline.py for tasks to queue
[2026-06-15T12:34:48.725+0000] {logging_mixin.py:188} INFO - [2026-06-15T12:34:48.724+0000] {dagbag.py:545} INFO - Filling up the DagBag from /opt/airflow/dags/futsal_pipeline.py
[2026-06-15T12:34:49.149+0000] {logging_mixin.py:188} INFO - [2026-06-15T12:34:49.138+0000] {dagbag.py:355} ERROR - Failed to import: /opt/airflow/dags/futsal_pipeline.py
Traceback (most recent call last):
  File "/home/airflow/.local/lib/python3.11/site-packages/airflow/models/dagbag.py", line 351, in parse
    loader.exec_module(new_module)
  File "<frozen importlib._bootstrap_external>", line 940, in exec_module
  File "<frozen importlib._bootstrap>", line 241, in _call_with_frames_removed
  File "/opt/airflow/dags/futsal_pipeline.py", line 16, in <module>
    from pipeline.data_pipeline import DataPipeline
  File "/opt/airflow/pipeline/data_pipeline.py", line 1, in <module>
    from components.data_ingestion import DataIngestion
  File "/opt/airflow/components/data_ingestion.py", line 2, in <module>
    from db.db_connection import DB
ModuleNotFoundError: No module named 'db'
[2026-06-15T12:34:49.152+0000] {processor.py:842} WARNING - No viable dags retrieved from /opt/airflow/dags/futsal_pipeline.py
[2026-06-15T12:34:49.179+0000] {processor.py:183} INFO - Processing /opt/airflow/dags/futsal_pipeline.py took 0.465 seconds
[2026-06-15T12:35:19.438+0000] {processor.py:161} INFO - Started process (PID=7147) to work on /opt/airflow/dags/futsal_pipeline.py
[2026-06-15T12:35:19.439+0000] {processor.py:830} INFO - Processing file /opt/airflow/dags/futsal_pipeline.py for tasks to queue
[2026-06-15T12:35:19.440+0000] {logging_mixin.py:188} INFO - [2026-06-15T12:35:19.440+0000] {dagbag.py:545} INFO - Filling up the DagBag from /opt/airflow/dags/futsal_pipeline.py
[2026-06-15T12:35:19.745+0000] {logging_mixin.py:188} INFO - [2026-06-15T12:35:19.734+0000] {dagbag.py:355} ERROR - Failed to import: /opt/airflow/dags/futsal_pipeline.py
Traceback (most recent call last):
  File "/home/airflow/.local/lib/python3.11/site-packages/airflow/models/dagbag.py", line 351, in parse
    loader.exec_module(new_module)
  File "<frozen importlib._bootstrap_external>", line 940, in exec_module
  File "<frozen importlib._bootstrap>", line 241, in _call_with_frames_removed
  File "/opt/airflow/dags/futsal_pipeline.py", line 16, in <module>
    from pipeline.data_pipeline import DataPipeline
  File "/opt/airflow/pipeline/data_pipeline.py", line 1, in <module>
    from components.data_ingestion import DataIngestion
  File "/opt/airflow/components/data_ingestion.py", line 2, in <module>
    from db.db_connection import DB
ModuleNotFoundError: No module named 'db'
[2026-06-15T12:35:19.746+0000] {processor.py:842} WARNING - No viable dags retrieved from /opt/airflow/dags/futsal_pipeline.py
[2026-06-15T12:35:19.774+0000] {processor.py:183} INFO - Processing /opt/airflow/dags/futsal_pipeline.py took 0.343 seconds
[2026-06-15T12:35:38.590+0000] {processor.py:161} INFO - Started process (PID=7159) to work on /opt/airflow/dags/futsal_pipeline.py
[2026-06-15T12:35:38.591+0000] {processor.py:830} INFO - Processing file /opt/airflow/dags/futsal_pipeline.py for tasks to queue
[2026-06-15T12:35:38.592+0000] {logging_mixin.py:188} INFO - [2026-06-15T12:35:38.591+0000] {dagbag.py:545} INFO - Filling up the DagBag from /opt/airflow/dags/futsal_pipeline.py
[2026-06-15T12:35:38.604+0000] {logging_mixin.py:188} INFO - [2026-06-15T12:35:38.603+0000] {dagbag.py:355} ERROR - Failed to import: /opt/airflow/dags/futsal_pipeline.py
Traceback (most recent call last):
  File "/home/airflow/.local/lib/python3.11/site-packages/airflow/models/dagbag.py", line 351, in parse
    loader.exec_module(new_module)
  File "<frozen importlib._bootstrap_external>", line 936, in exec_module
  File "<frozen importlib._bootstrap_external>", line 1074, in get_code
  File "<frozen importlib._bootstrap_external>", line 1004, in source_to_code
  File "<frozen importlib._bootstrap>", line 241, in _call_with_frames_removed
  File "/opt/airflow/dags/futsal_pipeline.py", line 43
    schedule='0 0 * * *', y
                          
SyntaxError: invalid syntax. Perhaps you forgot a comma?
[2026-06-15T12:35:38.605+0000] {processor.py:842} WARNING - No viable dags retrieved from /opt/airflow/dags/futsal_pipeline.py
[2026-06-15T12:35:38.624+0000] {processor.py:183} INFO - Processing /opt/airflow/dags/futsal_pipeline.py took 0.041 seconds
[2026-06-15T12:35:40.611+0000] {processor.py:161} INFO - Started process (PID=7164) to work on /opt/airflow/dags/futsal_pipeline.py
[2026-06-15T12:35:40.613+0000] {processor.py:830} INFO - Processing file /opt/airflow/dags/futsal_pipeline.py for tasks to queue
[2026-06-15T12:35:40.614+0000] {logging_mixin.py:188} INFO - [2026-06-15T12:35:40.614+0000] {dagbag.py:545} INFO - Filling up the DagBag from /opt/airflow/dags/futsal_pipeline.py
[2026-06-15T12:35:40.949+0000] {logging_mixin.py:188} INFO - [2026-06-15T12:35:40.939+0000] {dagbag.py:355} ERROR - Failed to import: /opt/airflow/dags/futsal_pipeline.py
Traceback (most recent call last):
  File "/home/airflow/.local/lib/python3.11/site-packages/airflow/models/dagbag.py", line 351, in parse
    loader.exec_module(new_module)
  File "<frozen importlib._bootstrap_external>", line 940, in exec_module
  File "<frozen importlib._bootstrap>", line 241, in _call_with_frames_removed
  File "/opt/airflow/dags/futsal_pipeline.py", line 16, in <module>
    from pipeline.data_pipeline import DataPipeline
  File "/opt/airflow/pipeline/data_pipeline.py", line 1, in <module>
    from components.data_ingestion import DataIngestion
  File "/opt/airflow/components/data_ingestion.py", line 2, in <module>
    from db.db_connection import DB
ModuleNotFoundError: No module named 'db'
[2026-06-15T12:35:40.951+0000] {processor.py:842} WARNING - No viable dags retrieved from /opt/airflow/dags/futsal_pipeline.py
[2026-06-15T12:35:40.977+0000] {processor.py:183} INFO - Processing /opt/airflow/dags/futsal_pipeline.py took 0.372 seconds
[2026-06-15T12:36:11.206+0000] {processor.py:161} INFO - Started process (PID=7176) to work on /opt/airflow/dags/futsal_pipeline.py
[2026-06-15T12:36:11.207+0000] {processor.py:830} INFO - Processing file /opt/airflow/dags/futsal_pipeline.py for tasks to queue
[2026-06-15T12:36:11.207+0000] {logging_mixin.py:188} INFO - [2026-06-15T12:36:11.207+0000] {dagbag.py:545} INFO - Filling up the DagBag from /opt/airflow/dags/futsal_pipeline.py
[2026-06-15T12:36:11.513+0000] {logging_mixin.py:188} INFO - [2026-06-15T12:36:11.505+0000] {dagbag.py:355} ERROR - Failed to import: /opt/airflow/dags/futsal_pipeline.py
Traceback (most recent call last):
  File "/home/airflow/.local/lib/python3.11/site-packages/airflow/models/dagbag.py", line 351, in parse
    loader.exec_module(new_module)
  File "<frozen importlib._bootstrap_external>", line 940, in exec_module
  File "<frozen importlib._bootstrap>", line 241, in _call_with_frames_removed
  File "/opt/airflow/dags/futsal_pipeline.py", line 16, in <module>
    from pipeline.data_pipeline import DataPipeline
  File "/opt/airflow/pipeline/data_pipeline.py", line 1, in <module>
    from components.data_ingestion import DataIngestion
  File "/opt/airflow/components/data_ingestion.py", line 2, in <module>
    from db.db_connection import DB
ModuleNotFoundError: No module named 'db'
[2026-06-15T12:36:11.514+0000] {processor.py:842} WARNING - No viable dags retrieved from /opt/airflow/dags/futsal_pipeline.py
[2026-06-15T12:36:11.541+0000] {processor.py:183} INFO - Processing /opt/airflow/dags/futsal_pipeline.py took 0.340 seconds
[2026-06-15T12:36:41.783+0000] {processor.py:161} INFO - Started process (PID=7188) to work on /opt/airflow/dags/futsal_pipeline.py
[2026-06-15T12:36:41.785+0000] {processor.py:830} INFO - Processing file /opt/airflow/dags/futsal_pipeline.py for tasks to queue
[2026-06-15T12:36:41.787+0000] {logging_mixin.py:188} INFO - [2026-06-15T12:36:41.786+0000] {dagbag.py:545} INFO - Filling up the DagBag from /opt/airflow/dags/futsal_pipeline.py
[2026-06-15T12:36:42.324+0000] {logging_mixin.py:188} INFO - [2026-06-15T12:36:42.309+0000] {dagbag.py:355} ERROR - Failed to import: /opt/airflow/dags/futsal_pipeline.py
Traceback (most recent call last):
  File "/home/airflow/.local/lib/python3.11/site-packages/airflow/models/dagbag.py", line 351, in parse
    loader.exec_module(new_module)
  File "<frozen importlib._bootstrap_external>", line 940, in exec_module
  File "<frozen importlib._bootstrap>", line 241, in _call_with_frames_removed
  File "/opt/airflow/dags/futsal_pipeline.py", line 16, in <module>
    from pipeline.data_pipeline import DataPipeline
  File "/opt/airflow/pipeline/data_pipeline.py", line 1, in <module>
    from components.data_ingestion import DataIngestion
  File "/opt/airflow/components/data_ingestion.py", line 2, in <module>
    from db.db_connection import DB
ModuleNotFoundError: No module named 'db'
[2026-06-15T12:36:42.327+0000] {processor.py:842} WARNING - No viable dags retrieved from /opt/airflow/dags/futsal_pipeline.py
[2026-06-15T12:36:42.360+0000] {processor.py:183} INFO - Processing /opt/airflow/dags/futsal_pipeline.py took 0.590 seconds
[2026-06-15T12:37:12.591+0000] {processor.py:161} INFO - Started process (PID=7200) to work on /opt/airflow/dags/futsal_pipeline.py
[2026-06-15T12:37:12.593+0000] {processor.py:830} INFO - Processing file /opt/airflow/dags/futsal_pipeline.py for tasks to queue
[2026-06-15T12:37:12.597+0000] {logging_mixin.py:188} INFO - [2026-06-15T12:37:12.595+0000] {dagbag.py:545} INFO - Filling up the DagBag from /opt/airflow/dags/futsal_pipeline.py
[2026-06-15T12:37:13.646+0000] {logging_mixin.py:188} INFO - [2026-06-15T12:37:13.624+0000] {dagbag.py:355} ERROR - Failed to import: /opt/airflow/dags/futsal_pipeline.py
Traceback (most recent call last):
  File "/home/airflow/.local/lib/python3.11/site-packages/airflow/models/dagbag.py", line 351, in parse
    loader.exec_module(new_module)
  File "<frozen importlib._bootstrap_external>", line 940, in exec_module
  File "<frozen importlib._bootstrap>", line 241, in _call_with_frames_removed
  File "/opt/airflow/dags/futsal_pipeline.py", line 16, in <module>
    from pipeline.data_pipeline import DataPipeline
  File "/opt/airflow/pipeline/data_pipeline.py", line 1, in <module>
    from components.data_ingestion import DataIngestion
  File "/opt/airflow/components/data_ingestion.py", line 2, in <module>
    from db.db_connection import DB
ModuleNotFoundError: No module named 'db'
[2026-06-15T12:37:13.652+0000] {processor.py:842} WARNING - No viable dags retrieved from /opt/airflow/dags/futsal_pipeline.py
[2026-06-15T12:37:13.695+0000] {processor.py:183} INFO - Processing /opt/airflow/dags/futsal_pipeline.py took 1.120 seconds
[2026-06-15T12:37:43.822+0000] {processor.py:161} INFO - Started process (PID=7212) to work on /opt/airflow/dags/futsal_pipeline.py
[2026-06-15T12:37:43.824+0000] {processor.py:830} INFO - Processing file /opt/airflow/dags/futsal_pipeline.py for tasks to queue
[2026-06-15T12:37:43.827+0000] {logging_mixin.py:188} INFO - [2026-06-15T12:37:43.826+0000] {dagbag.py:545} INFO - Filling up the DagBag from /opt/airflow/dags/futsal_pipeline.py
[2026-06-15T12:37:44.671+0000] {logging_mixin.py:188} INFO - [2026-06-15T12:37:44.651+0000] {dagbag.py:355} ERROR - Failed to import: /opt/airflow/dags/futsal_pipeline.py
Traceback (most recent call last):
  File "/home/airflow/.local/lib/python3.11/site-packages/airflow/models/dagbag.py", line 351, in parse
    loader.exec_module(new_module)
  File "<frozen importlib._bootstrap_external>", line 940, in exec_module
  File "<frozen importlib._bootstrap>", line 241, in _call_with_frames_removed
  File "/opt/airflow/dags/futsal_pipeline.py", line 16, in <module>
    from pipeline.data_pipeline import DataPipeline
  File "/opt/airflow/pipeline/data_pipeline.py", line 1, in <module>
    from components.data_ingestion import DataIngestion
  File "/opt/airflow/components/data_ingestion.py", line 2, in <module>
    from db.db_connection import DB
ModuleNotFoundError: No module named 'db'
[2026-06-15T12:37:44.674+0000] {processor.py:842} WARNING - No viable dags retrieved from /opt/airflow/dags/futsal_pipeline.py
[2026-06-15T12:37:44.715+0000] {processor.py:183} INFO - Processing /opt/airflow/dags/futsal_pipeline.py took 0.910 seconds
[2026-06-15T12:38:14.922+0000] {processor.py:161} INFO - Started process (PID=7224) to work on /opt/airflow/dags/futsal_pipeline.py
[2026-06-15T12:38:14.923+0000] {processor.py:830} INFO - Processing file /opt/airflow/dags/futsal_pipeline.py for tasks to queue
[2026-06-15T12:38:14.924+0000] {logging_mixin.py:188} INFO - [2026-06-15T12:38:14.924+0000] {dagbag.py:545} INFO - Filling up the DagBag from /opt/airflow/dags/futsal_pipeline.py
[2026-06-15T12:38:15.446+0000] {logging_mixin.py:188} INFO - [2026-06-15T12:38:15.431+0000] {dagbag.py:355} ERROR - Failed to import: /opt/airflow/dags/futsal_pipeline.py
Traceback (most recent call last):
  File "/home/airflow/.local/lib/python3.11/site-packages/airflow/models/dagbag.py", line 351, in parse
    loader.exec_module(new_module)
  File "<frozen importlib._bootstrap_external>", line 940, in exec_module
  File "<frozen importlib._bootstrap>", line 241, in _call_with_frames_removed
  File "/opt/airflow/dags/futsal_pipeline.py", line 16, in <module>
    from pipeline.data_pipeline import DataPipeline
  File "/opt/airflow/pipeline/data_pipeline.py", line 1, in <module>
    from components.data_ingestion import DataIngestion
  File "/opt/airflow/components/data_ingestion.py", line 2, in <module>
    from db.db_connection import DB
ModuleNotFoundError: No module named 'db'
[2026-06-15T12:38:15.449+0000] {processor.py:842} WARNING - No viable dags retrieved from /opt/airflow/dags/futsal_pipeline.py
[2026-06-15T12:38:15.480+0000] {processor.py:183} INFO - Processing /opt/airflow/dags/futsal_pipeline.py took 0.566 seconds
[2026-06-15T12:38:45.705+0000] {processor.py:161} INFO - Started process (PID=7236) to work on /opt/airflow/dags/futsal_pipeline.py
[2026-06-15T12:38:45.707+0000] {processor.py:830} INFO - Processing file /opt/airflow/dags/futsal_pipeline.py for tasks to queue
[2026-06-15T12:38:45.708+0000] {logging_mixin.py:188} INFO - [2026-06-15T12:38:45.708+0000] {dagbag.py:545} INFO - Filling up the DagBag from /opt/airflow/dags/futsal_pipeline.py
[2026-06-15T12:38:46.175+0000] {logging_mixin.py:188} INFO - [2026-06-15T12:38:46.163+0000] {dagbag.py:355} ERROR - Failed to import: /opt/airflow/dags/futsal_pipeline.py
Traceback (most recent call last):
  File "/home/airflow/.local/lib/python3.11/site-packages/airflow/models/dagbag.py", line 351, in parse
    loader.exec_module(new_module)
  File "<frozen importlib._bootstrap_external>", line 940, in exec_module
  File "<frozen importlib._bootstrap>", line 241, in _call_with_frames_removed
  File "/opt/airflow/dags/futsal_pipeline.py", line 16, in <module>
    from pipeline.data_pipeline import DataPipeline
  File "/opt/airflow/pipeline/data_pipeline.py", line 1, in <module>
    from components.data_ingestion import DataIngestion
  File "/opt/airflow/components/data_ingestion.py", line 2, in <module>
    from db.db_connection import DB
ModuleNotFoundError: No module named 'db'
[2026-06-15T12:38:46.178+0000] {processor.py:842} WARNING - No viable dags retrieved from /opt/airflow/dags/futsal_pipeline.py
[2026-06-15T12:38:46.201+0000] {processor.py:183} INFO - Processing /opt/airflow/dags/futsal_pipeline.py took 0.505 seconds
[2026-06-15T12:39:16.491+0000] {processor.py:161} INFO - Started process (PID=7248) to work on /opt/airflow/dags/futsal_pipeline.py
[2026-06-15T12:39:16.495+0000] {processor.py:830} INFO - Processing file /opt/airflow/dags/futsal_pipeline.py for tasks to queue
[2026-06-15T12:39:16.499+0000] {logging_mixin.py:188} INFO - [2026-06-15T12:39:16.497+0000] {dagbag.py:545} INFO - Filling up the DagBag from /opt/airflow/dags/futsal_pipeline.py
[2026-06-15T12:39:18.027+0000] {logging_mixin.py:188} INFO - [2026-06-15T12:39:17.992+0000] {dagbag.py:355} ERROR - Failed to import: /opt/airflow/dags/futsal_pipeline.py
Traceback (most recent call last):
  File "/home/airflow/.local/lib/python3.11/site-packages/airflow/models/dagbag.py", line 351, in parse
    loader.exec_module(new_module)
  File "<frozen importlib._bootstrap_external>", line 940, in exec_module
  File "<frozen importlib._bootstrap>", line 241, in _call_with_frames_removed
  File "/opt/airflow/dags/futsal_pipeline.py", line 16, in <module>
    from pipeline.data_pipeline import DataPipeline
  File "/opt/airflow/pipeline/data_pipeline.py", line 1, in <module>
    from components.data_ingestion import DataIngestion
  File "/opt/airflow/components/data_ingestion.py", line 2, in <module>
    from db.db_connection import DB
ModuleNotFoundError: No module named 'db'
[2026-06-15T12:39:18.037+0000] {processor.py:842} WARNING - No viable dags retrieved from /opt/airflow/dags/futsal_pipeline.py
[2026-06-15T12:39:18.117+0000] {processor.py:183} INFO - Processing /opt/airflow/dags/futsal_pipeline.py took 1.649 seconds
[2026-06-15T12:40:00.157+0000] {processor.py:161} INFO - Started process (PID=183) to work on /opt/airflow/dags/futsal_pipeline.py
[2026-06-15T12:40:00.160+0000] {processor.py:830} INFO - Processing file /opt/airflow/dags/futsal_pipeline.py for tasks to queue
[2026-06-15T12:40:00.166+0000] {logging_mixin.py:188} INFO - [2026-06-15T12:40:00.165+0000] {dagbag.py:545} INFO - Filling up the DagBag from /opt/airflow/dags/futsal_pipeline.py
[2026-06-15T12:40:04.948+0000] {logging_mixin.py:188} INFO - [2026-06-15T12:40:04.935+0000] {dagbag.py:355} ERROR - Failed to import: /opt/airflow/dags/futsal_pipeline.py
Traceback (most recent call last):
  File "/home/airflow/.local/lib/python3.11/site-packages/airflow/models/dagbag.py", line 351, in parse
    loader.exec_module(new_module)
  File "<frozen importlib._bootstrap_external>", line 940, in exec_module
  File "<frozen importlib._bootstrap>", line 241, in _call_with_frames_removed
  File "/opt/airflow/dags/futsal_pipeline.py", line 17, in <module>
    from pipeline.training_pipeline import TrainingPipeline
  File "/opt/airflow/pipeline/training_pipeline.py", line 3, in <module>
    from scripts.model_trainer import ModelTrainer
  File "/opt/airflow/scripts/model_trainer.py", line 25, in <module>
    from lightgbm import LGBMClassifier
ModuleNotFoundError: No module named 'lightgbm'
[2026-06-15T12:40:04.950+0000] {processor.py:842} WARNING - No viable dags retrieved from /opt/airflow/dags/futsal_pipeline.py
[2026-06-15T12:40:04.975+0000] {processor.py:183} INFO - Processing /opt/airflow/dags/futsal_pipeline.py took 4.829 seconds
[2026-06-15T12:40:35.281+0000] {processor.py:161} INFO - Started process (PID=203) to work on /opt/airflow/dags/futsal_pipeline.py
[2026-06-15T12:40:35.286+0000] {processor.py:830} INFO - Processing file /opt/airflow/dags/futsal_pipeline.py for tasks to queue
[2026-06-15T12:40:35.293+0000] {logging_mixin.py:188} INFO - [2026-06-15T12:40:35.292+0000] {dagbag.py:545} INFO - Filling up the DagBag from /opt/airflow/dags/futsal_pipeline.py
[2026-06-15T12:40:37.146+0000] {logging_mixin.py:188} INFO - [2026-06-15T12:40:37.137+0000] {dagbag.py:355} ERROR - Failed to import: /opt/airflow/dags/futsal_pipeline.py
Traceback (most recent call last):
  File "/home/airflow/.local/lib/python3.11/site-packages/airflow/models/dagbag.py", line 351, in parse
    loader.exec_module(new_module)
  File "<frozen importlib._bootstrap_external>", line 940, in exec_module
  File "<frozen importlib._bootstrap>", line 241, in _call_with_frames_removed
  File "/opt/airflow/dags/futsal_pipeline.py", line 17, in <module>
    from pipeline.training_pipeline import TrainingPipeline
  File "/opt/airflow/pipeline/training_pipeline.py", line 3, in <module>
    from scripts.model_trainer import ModelTrainer
  File "/opt/airflow/scripts/model_trainer.py", line 25, in <module>
    from lightgbm import LGBMClassifier
ModuleNotFoundError: No module named 'lightgbm'
[2026-06-15T12:40:37.148+0000] {processor.py:842} WARNING - No viable dags retrieved from /opt/airflow/dags/futsal_pipeline.py
[2026-06-15T12:40:37.172+0000] {processor.py:183} INFO - Processing /opt/airflow/dags/futsal_pipeline.py took 1.920 seconds
[2026-06-15T12:41:07.426+0000] {processor.py:161} INFO - Started process (PID=223) to work on /opt/airflow/dags/futsal_pipeline.py
[2026-06-15T12:41:07.427+0000] {processor.py:830} INFO - Processing file /opt/airflow/dags/futsal_pipeline.py for tasks to queue
[2026-06-15T12:41:07.430+0000] {logging_mixin.py:188} INFO - [2026-06-15T12:41:07.430+0000] {dagbag.py:545} INFO - Filling up the DagBag from /opt/airflow/dags/futsal_pipeline.py
[2026-06-15T12:41:08.906+0000] {logging_mixin.py:188} INFO - [2026-06-15T12:41:08.896+0000] {dagbag.py:355} ERROR - Failed to import: /opt/airflow/dags/futsal_pipeline.py
Traceback (most recent call last):
  File "/home/airflow/.local/lib/python3.11/site-packages/airflow/models/dagbag.py", line 351, in parse
    loader.exec_module(new_module)
  File "<frozen importlib._bootstrap_external>", line 940, in exec_module
  File "<frozen importlib._bootstrap>", line 241, in _call_with_frames_removed
  File "/opt/airflow/dags/futsal_pipeline.py", line 17, in <module>
    from pipeline.training_pipeline import TrainingPipeline
  File "/opt/airflow/pipeline/training_pipeline.py", line 3, in <module>
    from scripts.model_trainer import ModelTrainer
  File "/opt/airflow/scripts/model_trainer.py", line 25, in <module>
    from lightgbm import LGBMClassifier
ModuleNotFoundError: No module named 'lightgbm'
[2026-06-15T12:41:08.907+0000] {processor.py:842} WARNING - No viable dags retrieved from /opt/airflow/dags/futsal_pipeline.py
[2026-06-15T12:41:08.931+0000] {processor.py:183} INFO - Processing /opt/airflow/dags/futsal_pipeline.py took 1.511 seconds
