[2026-06-02T04:47:10.271+0000] {processor.py:161} INFO - Started process (PID=486) to work on /home/airflow/.local/lib/python3.11/site-packages/airflow/example_dags/plugins/event_listener.py
[2026-06-02T04:47:10.272+0000] {processor.py:830} INFO - Processing file /home/airflow/.local/lib/python3.11/site-packages/airflow/example_dags/plugins/event_listener.py for tasks to queue
[2026-06-02T04:47:10.275+0000] {logging_mixin.py:188} INFO - [2026-06-02T04:47:10.274+0000] {dagbag.py:545} INFO - Filling up the DagBag from /home/airflow/.local/lib/python3.11/site-packages/airflow/example_dags/plugins/event_listener.py
[2026-06-02T04:47:10.278+0000] {processor.py:842} WARNING - No viable dags retrieved from /home/airflow/.local/lib/python3.11/site-packages/airflow/example_dags/plugins/event_listener.py
[2026-06-02T04:47:10.293+0000] {processor.py:183} INFO - Processing /home/airflow/.local/lib/python3.11/site-packages/airflow/example_dags/plugins/event_listener.py took 0.027 seconds
[2026-06-02T04:47:43.514+0000] {processor.py:161} INFO - Started process (PID=773) to work on /home/airflow/.local/lib/python3.11/site-packages/airflow/example_dags/plugins/event_listener.py
[2026-06-02T04:47:43.517+0000] {processor.py:830} INFO - Processing file /home/airflow/.local/lib/python3.11/site-packages/airflow/example_dags/plugins/event_listener.py for tasks to queue
[2026-06-02T04:47:43.519+0000] {logging_mixin.py:188} INFO - [2026-06-02T04:47:43.519+0000] {dagbag.py:545} INFO - Filling up the DagBag from /home/airflow/.local/lib/python3.11/site-packages/airflow/example_dags/plugins/event_listener.py
[2026-06-02T04:47:43.523+0000] {processor.py:842} WARNING - No viable dags retrieved from /home/airflow/.local/lib/python3.11/site-packages/airflow/example_dags/plugins/event_listener.py
[2026-06-02T04:47:43.544+0000] {processor.py:183} INFO - Processing /home/airflow/.local/lib/python3.11/site-packages/airflow/example_dags/plugins/event_listener.py took 0.039 seconds
[2026-06-02T04:48:13.697+0000] {processor.py:161} INFO - Started process (PID=1045) to work on /home/airflow/.local/lib/python3.11/site-packages/airflow/example_dags/plugins/event_listener.py
[2026-06-02T04:48:13.698+0000] {processor.py:830} INFO - Processing file /home/airflow/.local/lib/python3.11/site-packages/airflow/example_dags/plugins/event_listener.py for tasks to queue
[2026-06-02T04:48:13.700+0000] {logging_mixin.py:188} INFO - [2026-06-02T04:48:13.700+0000] {dagbag.py:545} INFO - Filling up the DagBag from /home/airflow/.local/lib/python3.11/site-packages/airflow/example_dags/plugins/event_listener.py
[2026-06-02T04:48:13.703+0000] {processor.py:842} WARNING - No viable dags retrieved from /home/airflow/.local/lib/python3.11/site-packages/airflow/example_dags/plugins/event_listener.py
[2026-06-02T04:48:13.720+0000] {processor.py:183} INFO - Processing /home/airflow/.local/lib/python3.11/site-packages/airflow/example_dags/plugins/event_listener.py took 0.030 seconds
[2026-06-02T04:48:46.119+0000] {processor.py:161} INFO - Started process (PID=1359) to work on /home/airflow/.local/lib/python3.11/site-packages/airflow/example_dags/plugins/event_listener.py
[2026-06-02T04:48:46.121+0000] {processor.py:830} INFO - Processing file /home/airflow/.local/lib/python3.11/site-packages/airflow/example_dags/plugins/event_listener.py for tasks to queue
[2026-06-02T04:48:46.124+0000] {logging_mixin.py:188} INFO - [2026-06-02T04:48:46.123+0000] {dagbag.py:545} INFO - Filling up the DagBag from /home/airflow/.local/lib/python3.11/site-packages/airflow/example_dags/plugins/event_listener.py
[2026-06-02T04:48:46.127+0000] {processor.py:842} WARNING - No viable dags retrieved from /home/airflow/.local/lib/python3.11/site-packages/airflow/example_dags/plugins/event_listener.py
[2026-06-02T04:48:46.150+0000] {processor.py:183} INFO - Processing /home/airflow/.local/lib/python3.11/site-packages/airflow/example_dags/plugins/event_listener.py took 0.040 seconds
[2026-06-02T04:49:19.179+0000] {processor.py:161} INFO - Started process (PID=1635) to work on /home/airflow/.local/lib/python3.11/site-packages/airflow/example_dags/plugins/event_listener.py
[2026-06-02T04:49:19.184+0000] {processor.py:830} INFO - Processing file /home/airflow/.local/lib/python3.11/site-packages/airflow/example_dags/plugins/event_listener.py for tasks to queue
[2026-06-02T04:49:19.187+0000] {logging_mixin.py:188} INFO - [2026-06-02T04:49:19.187+0000] {dagbag.py:545} INFO - Filling up the DagBag from /home/airflow/.local/lib/python3.11/site-packages/airflow/example_dags/plugins/event_listener.py
[2026-06-02T04:49:19.198+0000] {processor.py:842} WARNING - No viable dags retrieved from /home/airflow/.local/lib/python3.11/site-packages/airflow/example_dags/plugins/event_listener.py
[2026-06-02T04:49:19.231+0000] {processor.py:183} INFO - Processing /home/airflow/.local/lib/python3.11/site-packages/airflow/example_dags/plugins/event_listener.py took 0.073 seconds
[2026-06-02T04:49:49.455+0000] {processor.py:161} INFO - Started process (PID=1896) to work on /home/airflow/.local/lib/python3.11/site-packages/airflow/example_dags/plugins/event_listener.py
[2026-06-02T04:49:49.457+0000] {processor.py:830} INFO - Processing file /home/airflow/.local/lib/python3.11/site-packages/airflow/example_dags/plugins/event_listener.py for tasks to queue
[2026-06-02T04:49:49.461+0000] {logging_mixin.py:188} INFO - [2026-06-02T04:49:49.461+0000] {dagbag.py:545} INFO - Filling up the DagBag from /home/airflow/.local/lib/python3.11/site-packages/airflow/example_dags/plugins/event_listener.py
[2026-06-02T04:49:49.465+0000] {processor.py:842} WARNING - No viable dags retrieved from /home/airflow/.local/lib/python3.11/site-packages/airflow/example_dags/plugins/event_listener.py
[2026-06-02T04:49:49.492+0000] {processor.py:183} INFO - Processing /home/airflow/.local/lib/python3.11/site-packages/airflow/example_dags/plugins/event_listener.py took 0.049 seconds
[2026-06-02T04:50:19.972+0000] {processor.py:161} INFO - Started process (PID=2167) to work on /home/airflow/.local/lib/python3.11/site-packages/airflow/example_dags/plugins/event_listener.py
[2026-06-02T04:50:19.974+0000] {processor.py:830} INFO - Processing file /home/airflow/.local/lib/python3.11/site-packages/airflow/example_dags/plugins/event_listener.py for tasks to queue
[2026-06-02T04:50:19.977+0000] {logging_mixin.py:188} INFO - [2026-06-02T04:50:19.976+0000] {dagbag.py:545} INFO - Filling up the DagBag from /home/airflow/.local/lib/python3.11/site-packages/airflow/example_dags/plugins/event_listener.py
[2026-06-02T04:50:19.980+0000] {processor.py:842} WARNING - No viable dags retrieved from /home/airflow/.local/lib/python3.11/site-packages/airflow/example_dags/plugins/event_listener.py
[2026-06-02T04:50:19.999+0000] {processor.py:183} INFO - Processing /home/airflow/.local/lib/python3.11/site-packages/airflow/example_dags/plugins/event_listener.py took 0.037 seconds
[2026-06-02T04:50:50.815+0000] {processor.py:161} INFO - Started process (PID=2443) to work on /home/airflow/.local/lib/python3.11/site-packages/airflow/example_dags/plugins/event_listener.py
[2026-06-02T04:50:50.817+0000] {processor.py:830} INFO - Processing file /home/airflow/.local/lib/python3.11/site-packages/airflow/example_dags/plugins/event_listener.py for tasks to queue
[2026-06-02T04:50:50.820+0000] {logging_mixin.py:188} INFO - [2026-06-02T04:50:50.819+0000] {dagbag.py:545} INFO - Filling up the DagBag from /home/airflow/.local/lib/python3.11/site-packages/airflow/example_dags/plugins/event_listener.py
[2026-06-02T04:50:50.824+0000] {processor.py:842} WARNING - No viable dags retrieved from /home/airflow/.local/lib/python3.11/site-packages/airflow/example_dags/plugins/event_listener.py
[2026-06-02T04:50:50.848+0000] {processor.py:183} INFO - Processing /home/airflow/.local/lib/python3.11/site-packages/airflow/example_dags/plugins/event_listener.py took 0.044 seconds
[2026-06-02T04:51:21.463+0000] {processor.py:161} INFO - Started process (PID=2719) to work on /home/airflow/.local/lib/python3.11/site-packages/airflow/example_dags/plugins/event_listener.py
[2026-06-02T04:51:21.465+0000] {processor.py:830} INFO - Processing file /home/airflow/.local/lib/python3.11/site-packages/airflow/example_dags/plugins/event_listener.py for tasks to queue
[2026-06-02T04:51:21.468+0000] {logging_mixin.py:188} INFO - [2026-06-02T04:51:21.467+0000] {dagbag.py:545} INFO - Filling up the DagBag from /home/airflow/.local/lib/python3.11/site-packages/airflow/example_dags/plugins/event_listener.py
[2026-06-02T04:51:21.472+0000] {processor.py:842} WARNING - No viable dags retrieved from /home/airflow/.local/lib/python3.11/site-packages/airflow/example_dags/plugins/event_listener.py
[2026-06-02T04:51:21.496+0000] {processor.py:183} INFO - Processing /home/airflow/.local/lib/python3.11/site-packages/airflow/example_dags/plugins/event_listener.py took 0.043 seconds
[2026-06-02T04:51:54.610+0000] {processor.py:161} INFO - Started process (PID=3051) to work on /home/airflow/.local/lib/python3.11/site-packages/airflow/example_dags/plugins/event_listener.py
[2026-06-02T04:51:54.628+0000] {processor.py:830} INFO - Processing file /home/airflow/.local/lib/python3.11/site-packages/airflow/example_dags/plugins/event_listener.py for tasks to queue
[2026-06-02T04:51:54.632+0000] {logging_mixin.py:188} INFO - [2026-06-02T04:51:54.632+0000] {dagbag.py:545} INFO - Filling up the DagBag from /home/airflow/.local/lib/python3.11/site-packages/airflow/example_dags/plugins/event_listener.py
[2026-06-02T04:51:54.650+0000] {processor.py:842} WARNING - No viable dags retrieved from /home/airflow/.local/lib/python3.11/site-packages/airflow/example_dags/plugins/event_listener.py
[2026-06-02T04:51:54.709+0000] {processor.py:183} INFO - Processing /home/airflow/.local/lib/python3.11/site-packages/airflow/example_dags/plugins/event_listener.py took 0.129 seconds
[2026-06-02T04:52:25.805+0000] {processor.py:161} INFO - Started process (PID=3340) to work on /home/airflow/.local/lib/python3.11/site-packages/airflow/example_dags/plugins/event_listener.py
[2026-06-02T04:52:25.809+0000] {processor.py:830} INFO - Processing file /home/airflow/.local/lib/python3.11/site-packages/airflow/example_dags/plugins/event_listener.py for tasks to queue
[2026-06-02T04:52:25.820+0000] {logging_mixin.py:188} INFO - [2026-06-02T04:52:25.819+0000] {dagbag.py:545} INFO - Filling up the DagBag from /home/airflow/.local/lib/python3.11/site-packages/airflow/example_dags/plugins/event_listener.py
[2026-06-02T04:52:25.823+0000] {processor.py:842} WARNING - No viable dags retrieved from /home/airflow/.local/lib/python3.11/site-packages/airflow/example_dags/plugins/event_listener.py
[2026-06-02T04:52:25.883+0000] {processor.py:183} INFO - Processing /home/airflow/.local/lib/python3.11/site-packages/airflow/example_dags/plugins/event_listener.py took 0.107 seconds
[2026-06-02T04:52:57.799+0000] {processor.py:161} INFO - Started process (PID=3616) to work on /home/airflow/.local/lib/python3.11/site-packages/airflow/example_dags/plugins/event_listener.py
[2026-06-02T04:52:57.803+0000] {processor.py:830} INFO - Processing file /home/airflow/.local/lib/python3.11/site-packages/airflow/example_dags/plugins/event_listener.py for tasks to queue
[2026-06-02T04:52:57.809+0000] {logging_mixin.py:188} INFO - [2026-06-02T04:52:57.808+0000] {dagbag.py:545} INFO - Filling up the DagBag from /home/airflow/.local/lib/python3.11/site-packages/airflow/example_dags/plugins/event_listener.py
[2026-06-02T04:52:57.814+0000] {processor.py:842} WARNING - No viable dags retrieved from /home/airflow/.local/lib/python3.11/site-packages/airflow/example_dags/plugins/event_listener.py
[2026-06-02T04:52:57.867+0000] {processor.py:183} INFO - Processing /home/airflow/.local/lib/python3.11/site-packages/airflow/example_dags/plugins/event_listener.py took 0.089 seconds
[2026-06-02T04:53:33.082+0000] {processor.py:161} INFO - Started process (PID=3894) to work on /home/airflow/.local/lib/python3.11/site-packages/airflow/example_dags/plugins/event_listener.py
[2026-06-02T04:53:33.097+0000] {processor.py:830} INFO - Processing file /home/airflow/.local/lib/python3.11/site-packages/airflow/example_dags/plugins/event_listener.py for tasks to queue
[2026-06-02T04:53:33.099+0000] {logging_mixin.py:188} INFO - [2026-06-02T04:53:33.099+0000] {dagbag.py:545} INFO - Filling up the DagBag from /home/airflow/.local/lib/python3.11/site-packages/airflow/example_dags/plugins/event_listener.py
[2026-06-02T04:53:33.101+0000] {processor.py:842} WARNING - No viable dags retrieved from /home/airflow/.local/lib/python3.11/site-packages/airflow/example_dags/plugins/event_listener.py
[2026-06-02T04:53:33.152+0000] {processor.py:183} INFO - Processing /home/airflow/.local/lib/python3.11/site-packages/airflow/example_dags/plugins/event_listener.py took 0.089 seconds
[2026-06-02T04:54:07.050+0000] {processor.py:161} INFO - Started process (PID=4179) to work on /home/airflow/.local/lib/python3.11/site-packages/airflow/example_dags/plugins/event_listener.py
[2026-06-02T04:54:07.054+0000] {processor.py:830} INFO - Processing file /home/airflow/.local/lib/python3.11/site-packages/airflow/example_dags/plugins/event_listener.py for tasks to queue
[2026-06-02T04:54:07.067+0000] {logging_mixin.py:188} INFO - [2026-06-02T04:54:07.066+0000] {dagbag.py:545} INFO - Filling up the DagBag from /home/airflow/.local/lib/python3.11/site-packages/airflow/example_dags/plugins/event_listener.py
[2026-06-02T04:54:07.072+0000] {processor.py:842} WARNING - No viable dags retrieved from /home/airflow/.local/lib/python3.11/site-packages/airflow/example_dags/plugins/event_listener.py
[2026-06-02T04:54:07.113+0000] {processor.py:183} INFO - Processing /home/airflow/.local/lib/python3.11/site-packages/airflow/example_dags/plugins/event_listener.py took 0.089 seconds
[2026-06-02T04:54:41.061+0000] {processor.py:161} INFO - Started process (PID=4451) to work on /home/airflow/.local/lib/python3.11/site-packages/airflow/example_dags/plugins/event_listener.py
[2026-06-02T04:54:41.073+0000] {processor.py:830} INFO - Processing file /home/airflow/.local/lib/python3.11/site-packages/airflow/example_dags/plugins/event_listener.py for tasks to queue
[2026-06-02T04:54:41.075+0000] {logging_mixin.py:188} INFO - [2026-06-02T04:54:41.075+0000] {dagbag.py:545} INFO - Filling up the DagBag from /home/airflow/.local/lib/python3.11/site-packages/airflow/example_dags/plugins/event_listener.py
[2026-06-02T04:54:41.083+0000] {processor.py:842} WARNING - No viable dags retrieved from /home/airflow/.local/lib/python3.11/site-packages/airflow/example_dags/plugins/event_listener.py
[2026-06-02T04:54:41.124+0000] {processor.py:183} INFO - Processing /home/airflow/.local/lib/python3.11/site-packages/airflow/example_dags/plugins/event_listener.py took 0.081 seconds
[2026-06-02T04:55:13.300+0000] {processor.py:161} INFO - Started process (PID=4717) to work on /home/airflow/.local/lib/python3.11/site-packages/airflow/example_dags/plugins/event_listener.py
[2026-06-02T04:55:13.319+0000] {processor.py:830} INFO - Processing file /home/airflow/.local/lib/python3.11/site-packages/airflow/example_dags/plugins/event_listener.py for tasks to queue
[2026-06-02T04:55:13.332+0000] {logging_mixin.py:188} INFO - [2026-06-02T04:55:13.331+0000] {dagbag.py:545} INFO - Filling up the DagBag from /home/airflow/.local/lib/python3.11/site-packages/airflow/example_dags/plugins/event_listener.py
[2026-06-02T04:55:13.344+0000] {processor.py:842} WARNING - No viable dags retrieved from /home/airflow/.local/lib/python3.11/site-packages/airflow/example_dags/plugins/event_listener.py
[2026-06-02T04:55:13.431+0000] {processor.py:183} INFO - Processing /home/airflow/.local/lib/python3.11/site-packages/airflow/example_dags/plugins/event_listener.py took 0.169 seconds
[2026-06-02T04:55:44.189+0000] {processor.py:161} INFO - Started process (PID=4986) to work on /home/airflow/.local/lib/python3.11/site-packages/airflow/example_dags/plugins/event_listener.py
[2026-06-02T04:55:44.197+0000] {processor.py:830} INFO - Processing file /home/airflow/.local/lib/python3.11/site-packages/airflow/example_dags/plugins/event_listener.py for tasks to queue
[2026-06-02T04:55:44.218+0000] {logging_mixin.py:188} INFO - [2026-06-02T04:55:44.217+0000] {dagbag.py:545} INFO - Filling up the DagBag from /home/airflow/.local/lib/python3.11/site-packages/airflow/example_dags/plugins/event_listener.py
[2026-06-02T04:55:44.220+0000] {processor.py:842} WARNING - No viable dags retrieved from /home/airflow/.local/lib/python3.11/site-packages/airflow/example_dags/plugins/event_listener.py
[2026-06-02T04:55:44.243+0000] {processor.py:183} INFO - Processing /home/airflow/.local/lib/python3.11/site-packages/airflow/example_dags/plugins/event_listener.py took 0.081 seconds
[2026-06-02T04:56:14.585+0000] {processor.py:161} INFO - Started process (PID=5262) to work on /home/airflow/.local/lib/python3.11/site-packages/airflow/example_dags/plugins/event_listener.py
[2026-06-02T04:56:14.599+0000] {processor.py:830} INFO - Processing file /home/airflow/.local/lib/python3.11/site-packages/airflow/example_dags/plugins/event_listener.py for tasks to queue
[2026-06-02T04:56:14.616+0000] {logging_mixin.py:188} INFO - [2026-06-02T04:56:14.615+0000] {dagbag.py:545} INFO - Filling up the DagBag from /home/airflow/.local/lib/python3.11/site-packages/airflow/example_dags/plugins/event_listener.py
[2026-06-02T04:56:14.618+0000] {processor.py:842} WARNING - No viable dags retrieved from /home/airflow/.local/lib/python3.11/site-packages/airflow/example_dags/plugins/event_listener.py
[2026-06-02T04:56:14.675+0000] {processor.py:183} INFO - Processing /home/airflow/.local/lib/python3.11/site-packages/airflow/example_dags/plugins/event_listener.py took 0.097 seconds
[2026-06-02T04:56:44.914+0000] {processor.py:161} INFO - Started process (PID=5535) to work on /home/airflow/.local/lib/python3.11/site-packages/airflow/example_dags/plugins/event_listener.py
[2026-06-02T04:56:44.933+0000] {processor.py:830} INFO - Processing file /home/airflow/.local/lib/python3.11/site-packages/airflow/example_dags/plugins/event_listener.py for tasks to queue
[2026-06-02T04:56:44.935+0000] {logging_mixin.py:188} INFO - [2026-06-02T04:56:44.935+0000] {dagbag.py:545} INFO - Filling up the DagBag from /home/airflow/.local/lib/python3.11/site-packages/airflow/example_dags/plugins/event_listener.py
[2026-06-02T04:56:44.937+0000] {processor.py:842} WARNING - No viable dags retrieved from /home/airflow/.local/lib/python3.11/site-packages/airflow/example_dags/plugins/event_listener.py
[2026-06-02T04:56:44.996+0000] {processor.py:183} INFO - Processing /home/airflow/.local/lib/python3.11/site-packages/airflow/example_dags/plugins/event_listener.py took 0.109 seconds
[2026-06-02T04:57:16.961+0000] {processor.py:161} INFO - Started process (PID=5814) to work on /home/airflow/.local/lib/python3.11/site-packages/airflow/example_dags/plugins/event_listener.py
[2026-06-02T04:57:16.976+0000] {processor.py:830} INFO - Processing file /home/airflow/.local/lib/python3.11/site-packages/airflow/example_dags/plugins/event_listener.py for tasks to queue
[2026-06-02T04:57:17.005+0000] {logging_mixin.py:188} INFO - [2026-06-02T04:57:17.004+0000] {dagbag.py:545} INFO - Filling up the DagBag from /home/airflow/.local/lib/python3.11/site-packages/airflow/example_dags/plugins/event_listener.py
[2026-06-02T04:57:17.018+0000] {processor.py:842} WARNING - No viable dags retrieved from /home/airflow/.local/lib/python3.11/site-packages/airflow/example_dags/plugins/event_listener.py
[2026-06-02T04:57:17.068+0000] {processor.py:183} INFO - Processing /home/airflow/.local/lib/python3.11/site-packages/airflow/example_dags/plugins/event_listener.py took 0.144 seconds
[2026-06-02T04:57:49.063+0000] {processor.py:161} INFO - Started process (PID=6090) to work on /home/airflow/.local/lib/python3.11/site-packages/airflow/example_dags/plugins/event_listener.py
[2026-06-02T04:57:49.069+0000] {processor.py:830} INFO - Processing file /home/airflow/.local/lib/python3.11/site-packages/airflow/example_dags/plugins/event_listener.py for tasks to queue
[2026-06-02T04:57:49.086+0000] {logging_mixin.py:188} INFO - [2026-06-02T04:57:49.085+0000] {dagbag.py:545} INFO - Filling up the DagBag from /home/airflow/.local/lib/python3.11/site-packages/airflow/example_dags/plugins/event_listener.py
[2026-06-02T04:57:49.091+0000] {processor.py:842} WARNING - No viable dags retrieved from /home/airflow/.local/lib/python3.11/site-packages/airflow/example_dags/plugins/event_listener.py
[2026-06-02T04:57:49.169+0000] {processor.py:183} INFO - Processing /home/airflow/.local/lib/python3.11/site-packages/airflow/example_dags/plugins/event_listener.py took 0.130 seconds
[2026-06-02T04:58:19.898+0000] {processor.py:161} INFO - Started process (PID=6352) to work on /home/airflow/.local/lib/python3.11/site-packages/airflow/example_dags/plugins/event_listener.py
[2026-06-02T04:58:19.902+0000] {processor.py:830} INFO - Processing file /home/airflow/.local/lib/python3.11/site-packages/airflow/example_dags/plugins/event_listener.py for tasks to queue
[2026-06-02T04:58:19.910+0000] {logging_mixin.py:188} INFO - [2026-06-02T04:58:19.909+0000] {dagbag.py:545} INFO - Filling up the DagBag from /home/airflow/.local/lib/python3.11/site-packages/airflow/example_dags/plugins/event_listener.py
[2026-06-02T04:58:19.930+0000] {processor.py:842} WARNING - No viable dags retrieved from /home/airflow/.local/lib/python3.11/site-packages/airflow/example_dags/plugins/event_listener.py
[2026-06-02T04:58:20.005+0000] {processor.py:183} INFO - Processing /home/airflow/.local/lib/python3.11/site-packages/airflow/example_dags/plugins/event_listener.py took 0.148 seconds
[2026-06-02T04:58:50.616+0000] {processor.py:161} INFO - Started process (PID=6628) to work on /home/airflow/.local/lib/python3.11/site-packages/airflow/example_dags/plugins/event_listener.py
[2026-06-02T04:58:50.630+0000] {processor.py:830} INFO - Processing file /home/airflow/.local/lib/python3.11/site-packages/airflow/example_dags/plugins/event_listener.py for tasks to queue
[2026-06-02T04:58:50.643+0000] {logging_mixin.py:188} INFO - [2026-06-02T04:58:50.643+0000] {dagbag.py:545} INFO - Filling up the DagBag from /home/airflow/.local/lib/python3.11/site-packages/airflow/example_dags/plugins/event_listener.py
[2026-06-02T04:58:50.651+0000] {processor.py:842} WARNING - No viable dags retrieved from /home/airflow/.local/lib/python3.11/site-packages/airflow/example_dags/plugins/event_listener.py
[2026-06-02T04:58:50.722+0000] {processor.py:183} INFO - Processing /home/airflow/.local/lib/python3.11/site-packages/airflow/example_dags/plugins/event_listener.py took 0.150 seconds
[2026-06-02T04:59:21.908+0000] {processor.py:161} INFO - Started process (PID=6905) to work on /home/airflow/.local/lib/python3.11/site-packages/airflow/example_dags/plugins/event_listener.py
[2026-06-02T04:59:21.920+0000] {processor.py:830} INFO - Processing file /home/airflow/.local/lib/python3.11/site-packages/airflow/example_dags/plugins/event_listener.py for tasks to queue
[2026-06-02T04:59:21.936+0000] {logging_mixin.py:188} INFO - [2026-06-02T04:59:21.935+0000] {dagbag.py:545} INFO - Filling up the DagBag from /home/airflow/.local/lib/python3.11/site-packages/airflow/example_dags/plugins/event_listener.py
[2026-06-02T04:59:21.942+0000] {processor.py:842} WARNING - No viable dags retrieved from /home/airflow/.local/lib/python3.11/site-packages/airflow/example_dags/plugins/event_listener.py
[2026-06-02T04:59:22.008+0000] {processor.py:183} INFO - Processing /home/airflow/.local/lib/python3.11/site-packages/airflow/example_dags/plugins/event_listener.py took 0.129 seconds
[2026-06-02T04:59:52.882+0000] {processor.py:161} INFO - Started process (PID=7181) to work on /home/airflow/.local/lib/python3.11/site-packages/airflow/example_dags/plugins/event_listener.py
[2026-06-02T04:59:52.903+0000] {processor.py:830} INFO - Processing file /home/airflow/.local/lib/python3.11/site-packages/airflow/example_dags/plugins/event_listener.py for tasks to queue
[2026-06-02T04:59:52.912+0000] {logging_mixin.py:188} INFO - [2026-06-02T04:59:52.911+0000] {dagbag.py:545} INFO - Filling up the DagBag from /home/airflow/.local/lib/python3.11/site-packages/airflow/example_dags/plugins/event_listener.py
[2026-06-02T04:59:52.918+0000] {processor.py:842} WARNING - No viable dags retrieved from /home/airflow/.local/lib/python3.11/site-packages/airflow/example_dags/plugins/event_listener.py
[2026-06-02T04:59:52.996+0000] {processor.py:183} INFO - Processing /home/airflow/.local/lib/python3.11/site-packages/airflow/example_dags/plugins/event_listener.py took 0.137 seconds
[2026-06-02T05:00:25.925+0000] {processor.py:161} INFO - Started process (PID=7460) to work on /home/airflow/.local/lib/python3.11/site-packages/airflow/example_dags/plugins/event_listener.py
[2026-06-02T05:00:25.936+0000] {processor.py:830} INFO - Processing file /home/airflow/.local/lib/python3.11/site-packages/airflow/example_dags/plugins/event_listener.py for tasks to queue
[2026-06-02T05:00:25.951+0000] {logging_mixin.py:188} INFO - [2026-06-02T05:00:25.951+0000] {dagbag.py:545} INFO - Filling up the DagBag from /home/airflow/.local/lib/python3.11/site-packages/airflow/example_dags/plugins/event_listener.py
[2026-06-02T05:00:25.959+0000] {processor.py:842} WARNING - No viable dags retrieved from /home/airflow/.local/lib/python3.11/site-packages/airflow/example_dags/plugins/event_listener.py
[2026-06-02T05:00:26.005+0000] {processor.py:183} INFO - Processing /home/airflow/.local/lib/python3.11/site-packages/airflow/example_dags/plugins/event_listener.py took 0.140 seconds
[2026-06-02T05:00:56.447+0000] {processor.py:161} INFO - Started process (PID=7722) to work on /home/airflow/.local/lib/python3.11/site-packages/airflow/example_dags/plugins/event_listener.py
[2026-06-02T05:00:56.457+0000] {processor.py:830} INFO - Processing file /home/airflow/.local/lib/python3.11/site-packages/airflow/example_dags/plugins/event_listener.py for tasks to queue
[2026-06-02T05:00:56.466+0000] {logging_mixin.py:188} INFO - [2026-06-02T05:00:56.465+0000] {dagbag.py:545} INFO - Filling up the DagBag from /home/airflow/.local/lib/python3.11/site-packages/airflow/example_dags/plugins/event_listener.py
[2026-06-02T05:00:56.476+0000] {processor.py:842} WARNING - No viable dags retrieved from /home/airflow/.local/lib/python3.11/site-packages/airflow/example_dags/plugins/event_listener.py
[2026-06-02T05:00:56.527+0000] {processor.py:183} INFO - Processing /home/airflow/.local/lib/python3.11/site-packages/airflow/example_dags/plugins/event_listener.py took 0.087 seconds
[2026-06-02T05:01:27.505+0000] {processor.py:161} INFO - Started process (PID=7998) to work on /home/airflow/.local/lib/python3.11/site-packages/airflow/example_dags/plugins/event_listener.py
[2026-06-02T05:01:27.524+0000] {processor.py:830} INFO - Processing file /home/airflow/.local/lib/python3.11/site-packages/airflow/example_dags/plugins/event_listener.py for tasks to queue
[2026-06-02T05:01:27.533+0000] {logging_mixin.py:188} INFO - [2026-06-02T05:01:27.532+0000] {dagbag.py:545} INFO - Filling up the DagBag from /home/airflow/.local/lib/python3.11/site-packages/airflow/example_dags/plugins/event_listener.py
[2026-06-02T05:01:27.536+0000] {processor.py:842} WARNING - No viable dags retrieved from /home/airflow/.local/lib/python3.11/site-packages/airflow/example_dags/plugins/event_listener.py
[2026-06-02T05:01:27.581+0000] {processor.py:183} INFO - Processing /home/airflow/.local/lib/python3.11/site-packages/airflow/example_dags/plugins/event_listener.py took 0.115 seconds
[2026-06-02T05:01:57.960+0000] {processor.py:161} INFO - Started process (PID=8273) to work on /home/airflow/.local/lib/python3.11/site-packages/airflow/example_dags/plugins/event_listener.py
[2026-06-02T05:01:57.962+0000] {processor.py:830} INFO - Processing file /home/airflow/.local/lib/python3.11/site-packages/airflow/example_dags/plugins/event_listener.py for tasks to queue
[2026-06-02T05:01:57.968+0000] {logging_mixin.py:188} INFO - [2026-06-02T05:01:57.967+0000] {dagbag.py:545} INFO - Filling up the DagBag from /home/airflow/.local/lib/python3.11/site-packages/airflow/example_dags/plugins/event_listener.py
[2026-06-02T05:01:57.970+0000] {processor.py:842} WARNING - No viable dags retrieved from /home/airflow/.local/lib/python3.11/site-packages/airflow/example_dags/plugins/event_listener.py
[2026-06-02T05:01:58.012+0000] {processor.py:183} INFO - Processing /home/airflow/.local/lib/python3.11/site-packages/airflow/example_dags/plugins/event_listener.py took 0.086 seconds
[2026-06-02T05:02:28.386+0000] {processor.py:161} INFO - Started process (PID=8546) to work on /home/airflow/.local/lib/python3.11/site-packages/airflow/example_dags/plugins/event_listener.py
[2026-06-02T05:02:28.446+0000] {processor.py:830} INFO - Processing file /home/airflow/.local/lib/python3.11/site-packages/airflow/example_dags/plugins/event_listener.py for tasks to queue
[2026-06-02T05:02:28.455+0000] {logging_mixin.py:188} INFO - [2026-06-02T05:02:28.454+0000] {dagbag.py:545} INFO - Filling up the DagBag from /home/airflow/.local/lib/python3.11/site-packages/airflow/example_dags/plugins/event_listener.py
[2026-06-02T05:02:28.457+0000] {processor.py:842} WARNING - No viable dags retrieved from /home/airflow/.local/lib/python3.11/site-packages/airflow/example_dags/plugins/event_listener.py
[2026-06-02T05:02:28.507+0000] {processor.py:183} INFO - Processing /home/airflow/.local/lib/python3.11/site-packages/airflow/example_dags/plugins/event_listener.py took 0.130 seconds
[2026-06-02T05:03:00.514+0000] {processor.py:161} INFO - Started process (PID=8823) to work on /home/airflow/.local/lib/python3.11/site-packages/airflow/example_dags/plugins/event_listener.py
[2026-06-02T05:03:00.515+0000] {processor.py:830} INFO - Processing file /home/airflow/.local/lib/python3.11/site-packages/airflow/example_dags/plugins/event_listener.py for tasks to queue
[2026-06-02T05:03:00.518+0000] {logging_mixin.py:188} INFO - [2026-06-02T05:03:00.518+0000] {dagbag.py:545} INFO - Filling up the DagBag from /home/airflow/.local/lib/python3.11/site-packages/airflow/example_dags/plugins/event_listener.py
[2026-06-02T05:03:00.527+0000] {processor.py:842} WARNING - No viable dags retrieved from /home/airflow/.local/lib/python3.11/site-packages/airflow/example_dags/plugins/event_listener.py
[2026-06-02T05:03:00.566+0000] {processor.py:183} INFO - Processing /home/airflow/.local/lib/python3.11/site-packages/airflow/example_dags/plugins/event_listener.py took 0.075 seconds
[2026-06-02T05:03:35.239+0000] {processor.py:161} INFO - Started process (PID=9107) to work on /home/airflow/.local/lib/python3.11/site-packages/airflow/example_dags/plugins/event_listener.py
[2026-06-02T05:03:35.248+0000] {processor.py:830} INFO - Processing file /home/airflow/.local/lib/python3.11/site-packages/airflow/example_dags/plugins/event_listener.py for tasks to queue
[2026-06-02T05:03:35.261+0000] {logging_mixin.py:188} INFO - [2026-06-02T05:03:35.260+0000] {dagbag.py:545} INFO - Filling up the DagBag from /home/airflow/.local/lib/python3.11/site-packages/airflow/example_dags/plugins/event_listener.py
[2026-06-02T05:03:35.266+0000] {processor.py:842} WARNING - No viable dags retrieved from /home/airflow/.local/lib/python3.11/site-packages/airflow/example_dags/plugins/event_listener.py
[2026-06-02T05:03:35.308+0000] {processor.py:183} INFO - Processing /home/airflow/.local/lib/python3.11/site-packages/airflow/example_dags/plugins/event_listener.py took 0.093 seconds
[2026-06-02T05:04:05.816+0000] {processor.py:161} INFO - Started process (PID=9371) to work on /home/airflow/.local/lib/python3.11/site-packages/airflow/example_dags/plugins/event_listener.py
[2026-06-02T05:04:05.827+0000] {processor.py:830} INFO - Processing file /home/airflow/.local/lib/python3.11/site-packages/airflow/example_dags/plugins/event_listener.py for tasks to queue
[2026-06-02T05:04:05.837+0000] {logging_mixin.py:188} INFO - [2026-06-02T05:04:05.835+0000] {dagbag.py:545} INFO - Filling up the DagBag from /home/airflow/.local/lib/python3.11/site-packages/airflow/example_dags/plugins/event_listener.py
[2026-06-02T05:04:05.866+0000] {processor.py:842} WARNING - No viable dags retrieved from /home/airflow/.local/lib/python3.11/site-packages/airflow/example_dags/plugins/event_listener.py
[2026-06-02T05:04:05.937+0000] {processor.py:183} INFO - Processing /home/airflow/.local/lib/python3.11/site-packages/airflow/example_dags/plugins/event_listener.py took 0.189 seconds
[2026-06-02T05:04:36.493+0000] {processor.py:161} INFO - Started process (PID=9647) to work on /home/airflow/.local/lib/python3.11/site-packages/airflow/example_dags/plugins/event_listener.py
[2026-06-02T05:04:36.511+0000] {processor.py:830} INFO - Processing file /home/airflow/.local/lib/python3.11/site-packages/airflow/example_dags/plugins/event_listener.py for tasks to queue
[2026-06-02T05:04:36.523+0000] {logging_mixin.py:188} INFO - [2026-06-02T05:04:36.522+0000] {dagbag.py:545} INFO - Filling up the DagBag from /home/airflow/.local/lib/python3.11/site-packages/airflow/example_dags/plugins/event_listener.py
[2026-06-02T05:04:36.532+0000] {processor.py:842} WARNING - No viable dags retrieved from /home/airflow/.local/lib/python3.11/site-packages/airflow/example_dags/plugins/event_listener.py
[2026-06-02T05:04:36.581+0000] {processor.py:183} INFO - Processing /home/airflow/.local/lib/python3.11/site-packages/airflow/example_dags/plugins/event_listener.py took 0.129 seconds
[2026-06-02T05:05:06.971+0000] {processor.py:161} INFO - Started process (PID=9921) to work on /home/airflow/.local/lib/python3.11/site-packages/airflow/example_dags/plugins/event_listener.py
[2026-06-02T05:05:06.989+0000] {processor.py:830} INFO - Processing file /home/airflow/.local/lib/python3.11/site-packages/airflow/example_dags/plugins/event_listener.py for tasks to queue
[2026-06-02T05:05:06.998+0000] {logging_mixin.py:188} INFO - [2026-06-02T05:05:06.998+0000] {dagbag.py:545} INFO - Filling up the DagBag from /home/airflow/.local/lib/python3.11/site-packages/airflow/example_dags/plugins/event_listener.py
[2026-06-02T05:05:07.009+0000] {processor.py:842} WARNING - No viable dags retrieved from /home/airflow/.local/lib/python3.11/site-packages/airflow/example_dags/plugins/event_listener.py
[2026-06-02T05:05:07.081+0000] {processor.py:183} INFO - Processing /home/airflow/.local/lib/python3.11/site-packages/airflow/example_dags/plugins/event_listener.py took 0.138 seconds
[2026-06-02T05:05:41.163+0000] {processor.py:161} INFO - Started process (PID=10197) to work on /home/airflow/.local/lib/python3.11/site-packages/airflow/example_dags/plugins/event_listener.py
[2026-06-02T05:05:41.189+0000] {processor.py:830} INFO - Processing file /home/airflow/.local/lib/python3.11/site-packages/airflow/example_dags/plugins/event_listener.py for tasks to queue
[2026-06-02T05:05:41.211+0000] {logging_mixin.py:188} INFO - [2026-06-02T05:05:41.210+0000] {dagbag.py:545} INFO - Filling up the DagBag from /home/airflow/.local/lib/python3.11/site-packages/airflow/example_dags/plugins/event_listener.py
[2026-06-02T05:05:41.246+0000] {processor.py:842} WARNING - No viable dags retrieved from /home/airflow/.local/lib/python3.11/site-packages/airflow/example_dags/plugins/event_listener.py
[2026-06-02T05:05:41.320+0000] {processor.py:183} INFO - Processing /home/airflow/.local/lib/python3.11/site-packages/airflow/example_dags/plugins/event_listener.py took 0.223 seconds
[2026-06-02T05:06:13.399+0000] {processor.py:161} INFO - Started process (PID=10485) to work on /home/airflow/.local/lib/python3.11/site-packages/airflow/example_dags/plugins/event_listener.py
[2026-06-02T05:06:13.410+0000] {processor.py:830} INFO - Processing file /home/airflow/.local/lib/python3.11/site-packages/airflow/example_dags/plugins/event_listener.py for tasks to queue
[2026-06-02T05:06:13.423+0000] {logging_mixin.py:188} INFO - [2026-06-02T05:06:13.422+0000] {dagbag.py:545} INFO - Filling up the DagBag from /home/airflow/.local/lib/python3.11/site-packages/airflow/example_dags/plugins/event_listener.py
[2026-06-02T05:06:13.428+0000] {processor.py:842} WARNING - No viable dags retrieved from /home/airflow/.local/lib/python3.11/site-packages/airflow/example_dags/plugins/event_listener.py
[2026-06-02T05:06:13.506+0000] {processor.py:183} INFO - Processing /home/airflow/.local/lib/python3.11/site-packages/airflow/example_dags/plugins/event_listener.py took 0.150 seconds
[2026-06-02T05:06:44.427+0000] {processor.py:161} INFO - Started process (PID=10748) to work on /home/airflow/.local/lib/python3.11/site-packages/airflow/example_dags/plugins/event_listener.py
[2026-06-02T05:06:44.446+0000] {processor.py:830} INFO - Processing file /home/airflow/.local/lib/python3.11/site-packages/airflow/example_dags/plugins/event_listener.py for tasks to queue
[2026-06-02T05:06:44.449+0000] {logging_mixin.py:188} INFO - [2026-06-02T05:06:44.448+0000] {dagbag.py:545} INFO - Filling up the DagBag from /home/airflow/.local/lib/python3.11/site-packages/airflow/example_dags/plugins/event_listener.py
[2026-06-02T05:06:44.451+0000] {processor.py:842} WARNING - No viable dags retrieved from /home/airflow/.local/lib/python3.11/site-packages/airflow/example_dags/plugins/event_listener.py
[2026-06-02T05:06:44.506+0000] {processor.py:183} INFO - Processing /home/airflow/.local/lib/python3.11/site-packages/airflow/example_dags/plugins/event_listener.py took 0.119 seconds
[2026-06-02T05:07:15.104+0000] {processor.py:161} INFO - Started process (PID=11018) to work on /home/airflow/.local/lib/python3.11/site-packages/airflow/example_dags/plugins/event_listener.py
[2026-06-02T05:07:15.117+0000] {processor.py:830} INFO - Processing file /home/airflow/.local/lib/python3.11/site-packages/airflow/example_dags/plugins/event_listener.py for tasks to queue
[2026-06-02T05:07:15.122+0000] {logging_mixin.py:188} INFO - [2026-06-02T05:07:15.121+0000] {dagbag.py:545} INFO - Filling up the DagBag from /home/airflow/.local/lib/python3.11/site-packages/airflow/example_dags/plugins/event_listener.py
[2026-06-02T05:07:15.135+0000] {processor.py:842} WARNING - No viable dags retrieved from /home/airflow/.local/lib/python3.11/site-packages/airflow/example_dags/plugins/event_listener.py
[2026-06-02T05:07:15.174+0000] {processor.py:183} INFO - Processing /home/airflow/.local/lib/python3.11/site-packages/airflow/example_dags/plugins/event_listener.py took 0.089 seconds
[2026-06-02T05:07:45.621+0000] {processor.py:161} INFO - Started process (PID=11293) to work on /home/airflow/.local/lib/python3.11/site-packages/airflow/example_dags/plugins/event_listener.py
[2026-06-02T05:07:45.623+0000] {processor.py:830} INFO - Processing file /home/airflow/.local/lib/python3.11/site-packages/airflow/example_dags/plugins/event_listener.py for tasks to queue
[2026-06-02T05:07:45.636+0000] {logging_mixin.py:188} INFO - [2026-06-02T05:07:45.636+0000] {dagbag.py:545} INFO - Filling up the DagBag from /home/airflow/.local/lib/python3.11/site-packages/airflow/example_dags/plugins/event_listener.py
[2026-06-02T05:07:45.642+0000] {processor.py:842} WARNING - No viable dags retrieved from /home/airflow/.local/lib/python3.11/site-packages/airflow/example_dags/plugins/event_listener.py
[2026-06-02T05:07:45.712+0000] {processor.py:183} INFO - Processing /home/airflow/.local/lib/python3.11/site-packages/airflow/example_dags/plugins/event_listener.py took 0.125 seconds
[2026-06-02T05:08:17.262+0000] {processor.py:161} INFO - Started process (PID=11571) to work on /home/airflow/.local/lib/python3.11/site-packages/airflow/example_dags/plugins/event_listener.py
[2026-06-02T05:08:17.286+0000] {processor.py:830} INFO - Processing file /home/airflow/.local/lib/python3.11/site-packages/airflow/example_dags/plugins/event_listener.py for tasks to queue
[2026-06-02T05:08:17.300+0000] {logging_mixin.py:188} INFO - [2026-06-02T05:08:17.300+0000] {dagbag.py:545} INFO - Filling up the DagBag from /home/airflow/.local/lib/python3.11/site-packages/airflow/example_dags/plugins/event_listener.py
[2026-06-02T05:08:17.312+0000] {processor.py:842} WARNING - No viable dags retrieved from /home/airflow/.local/lib/python3.11/site-packages/airflow/example_dags/plugins/event_listener.py
[2026-06-02T05:08:17.467+0000] {processor.py:183} INFO - Processing /home/airflow/.local/lib/python3.11/site-packages/airflow/example_dags/plugins/event_listener.py took 0.243 seconds
[2026-06-02T05:08:48.891+0000] {processor.py:161} INFO - Started process (PID=11845) to work on /home/airflow/.local/lib/python3.11/site-packages/airflow/example_dags/plugins/event_listener.py
[2026-06-02T05:08:48.902+0000] {processor.py:830} INFO - Processing file /home/airflow/.local/lib/python3.11/site-packages/airflow/example_dags/plugins/event_listener.py for tasks to queue
[2026-06-02T05:08:48.915+0000] {logging_mixin.py:188} INFO - [2026-06-02T05:08:48.914+0000] {dagbag.py:545} INFO - Filling up the DagBag from /home/airflow/.local/lib/python3.11/site-packages/airflow/example_dags/plugins/event_listener.py
[2026-06-02T05:08:48.920+0000] {processor.py:842} WARNING - No viable dags retrieved from /home/airflow/.local/lib/python3.11/site-packages/airflow/example_dags/plugins/event_listener.py
[2026-06-02T05:08:48.962+0000] {processor.py:183} INFO - Processing /home/airflow/.local/lib/python3.11/site-packages/airflow/example_dags/plugins/event_listener.py took 0.096 seconds
[2026-06-02T05:09:21.226+0000] {processor.py:161} INFO - Started process (PID=12118) to work on /home/airflow/.local/lib/python3.11/site-packages/airflow/example_dags/plugins/event_listener.py
[2026-06-02T05:09:21.237+0000] {processor.py:830} INFO - Processing file /home/airflow/.local/lib/python3.11/site-packages/airflow/example_dags/plugins/event_listener.py for tasks to queue
[2026-06-02T05:09:21.250+0000] {logging_mixin.py:188} INFO - [2026-06-02T05:09:21.249+0000] {dagbag.py:545} INFO - Filling up the DagBag from /home/airflow/.local/lib/python3.11/site-packages/airflow/example_dags/plugins/event_listener.py
[2026-06-02T05:09:21.252+0000] {processor.py:842} WARNING - No viable dags retrieved from /home/airflow/.local/lib/python3.11/site-packages/airflow/example_dags/plugins/event_listener.py
[2026-06-02T05:09:21.341+0000] {processor.py:183} INFO - Processing /home/airflow/.local/lib/python3.11/site-packages/airflow/example_dags/plugins/event_listener.py took 0.161 seconds
[2026-06-02T05:10:03.811+0000] {processor.py:161} INFO - Started process (PID=12388) to work on /home/airflow/.local/lib/python3.11/site-packages/airflow/example_dags/plugins/event_listener.py
[2026-06-02T05:10:03.837+0000] {processor.py:830} INFO - Processing file /home/airflow/.local/lib/python3.11/site-packages/airflow/example_dags/plugins/event_listener.py for tasks to queue
[2026-06-02T05:10:03.846+0000] {logging_mixin.py:188} INFO - [2026-06-02T05:10:03.846+0000] {dagbag.py:545} INFO - Filling up the DagBag from /home/airflow/.local/lib/python3.11/site-packages/airflow/example_dags/plugins/event_listener.py
[2026-06-02T05:10:03.926+0000] {processor.py:842} WARNING - No viable dags retrieved from /home/airflow/.local/lib/python3.11/site-packages/airflow/example_dags/plugins/event_listener.py
[2026-06-02T05:10:04.027+0000] {processor.py:183} INFO - Processing /home/airflow/.local/lib/python3.11/site-packages/airflow/example_dags/plugins/event_listener.py took 0.354 seconds
[2026-06-02T05:10:34.669+0000] {processor.py:161} INFO - Started process (PID=12665) to work on /home/airflow/.local/lib/python3.11/site-packages/airflow/example_dags/plugins/event_listener.py
[2026-06-02T05:10:34.703+0000] {processor.py:830} INFO - Processing file /home/airflow/.local/lib/python3.11/site-packages/airflow/example_dags/plugins/event_listener.py for tasks to queue
[2026-06-02T05:10:34.723+0000] {logging_mixin.py:188} INFO - [2026-06-02T05:10:34.721+0000] {dagbag.py:545} INFO - Filling up the DagBag from /home/airflow/.local/lib/python3.11/site-packages/airflow/example_dags/plugins/event_listener.py
[2026-06-02T05:10:34.745+0000] {processor.py:842} WARNING - No viable dags retrieved from /home/airflow/.local/lib/python3.11/site-packages/airflow/example_dags/plugins/event_listener.py
[2026-06-02T05:10:34.886+0000] {processor.py:183} INFO - Processing /home/airflow/.local/lib/python3.11/site-packages/airflow/example_dags/plugins/event_listener.py took 0.235 seconds
[2026-06-02T05:11:05.950+0000] {processor.py:161} INFO - Started process (PID=12961) to work on /home/airflow/.local/lib/python3.11/site-packages/airflow/example_dags/plugins/event_listener.py
[2026-06-02T05:11:05.972+0000] {processor.py:830} INFO - Processing file /home/airflow/.local/lib/python3.11/site-packages/airflow/example_dags/plugins/event_listener.py for tasks to queue
[2026-06-02T05:11:05.975+0000] {logging_mixin.py:188} INFO - [2026-06-02T05:11:05.974+0000] {dagbag.py:545} INFO - Filling up the DagBag from /home/airflow/.local/lib/python3.11/site-packages/airflow/example_dags/plugins/event_listener.py
[2026-06-02T05:11:05.978+0000] {processor.py:842} WARNING - No viable dags retrieved from /home/airflow/.local/lib/python3.11/site-packages/airflow/example_dags/plugins/event_listener.py
[2026-06-02T05:11:06.073+0000] {processor.py:183} INFO - Processing /home/airflow/.local/lib/python3.11/site-packages/airflow/example_dags/plugins/event_listener.py took 0.151 seconds
[2026-06-02T05:11:44.512+0000] {processor.py:161} INFO - Started process (PID=13273) to work on /home/airflow/.local/lib/python3.11/site-packages/airflow/example_dags/plugins/event_listener.py
[2026-06-02T05:11:44.533+0000] {processor.py:830} INFO - Processing file /home/airflow/.local/lib/python3.11/site-packages/airflow/example_dags/plugins/event_listener.py for tasks to queue
[2026-06-02T05:11:44.539+0000] {logging_mixin.py:188} INFO - [2026-06-02T05:11:44.539+0000] {dagbag.py:545} INFO - Filling up the DagBag from /home/airflow/.local/lib/python3.11/site-packages/airflow/example_dags/plugins/event_listener.py
[2026-06-02T05:11:44.549+0000] {processor.py:842} WARNING - No viable dags retrieved from /home/airflow/.local/lib/python3.11/site-packages/airflow/example_dags/plugins/event_listener.py
[2026-06-02T05:11:44.643+0000] {processor.py:183} INFO - Processing /home/airflow/.local/lib/python3.11/site-packages/airflow/example_dags/plugins/event_listener.py took 0.190 seconds
[2026-06-02T05:12:22.569+0000] {processor.py:161} INFO - Started process (PID=13565) to work on /home/airflow/.local/lib/python3.11/site-packages/airflow/example_dags/plugins/event_listener.py
[2026-06-02T05:12:22.575+0000] {processor.py:830} INFO - Processing file /home/airflow/.local/lib/python3.11/site-packages/airflow/example_dags/plugins/event_listener.py for tasks to queue
[2026-06-02T05:12:22.588+0000] {logging_mixin.py:188} INFO - [2026-06-02T05:12:22.587+0000] {dagbag.py:545} INFO - Filling up the DagBag from /home/airflow/.local/lib/python3.11/site-packages/airflow/example_dags/plugins/event_listener.py
[2026-06-02T05:12:22.590+0000] {processor.py:842} WARNING - No viable dags retrieved from /home/airflow/.local/lib/python3.11/site-packages/airflow/example_dags/plugins/event_listener.py
[2026-06-02T05:12:22.611+0000] {processor.py:183} INFO - Processing /home/airflow/.local/lib/python3.11/site-packages/airflow/example_dags/plugins/event_listener.py took 0.055 seconds
[2026-06-02T05:12:57.796+0000] {processor.py:161} INFO - Started process (PID=13845) to work on /home/airflow/.local/lib/python3.11/site-packages/airflow/example_dags/plugins/event_listener.py
[2026-06-02T05:12:57.809+0000] {processor.py:830} INFO - Processing file /home/airflow/.local/lib/python3.11/site-packages/airflow/example_dags/plugins/event_listener.py for tasks to queue
[2026-06-02T05:12:57.811+0000] {logging_mixin.py:188} INFO - [2026-06-02T05:12:57.810+0000] {dagbag.py:545} INFO - Filling up the DagBag from /home/airflow/.local/lib/python3.11/site-packages/airflow/example_dags/plugins/event_listener.py
[2026-06-02T05:12:57.823+0000] {processor.py:842} WARNING - No viable dags retrieved from /home/airflow/.local/lib/python3.11/site-packages/airflow/example_dags/plugins/event_listener.py
[2026-06-02T05:12:57.876+0000] {processor.py:183} INFO - Processing /home/airflow/.local/lib/python3.11/site-packages/airflow/example_dags/plugins/event_listener.py took 0.135 seconds
[2026-06-02T05:13:28.228+0000] {processor.py:161} INFO - Started process (PID=14107) to work on /home/airflow/.local/lib/python3.11/site-packages/airflow/example_dags/plugins/event_listener.py
[2026-06-02T05:13:28.240+0000] {processor.py:830} INFO - Processing file /home/airflow/.local/lib/python3.11/site-packages/airflow/example_dags/plugins/event_listener.py for tasks to queue
[2026-06-02T05:13:28.262+0000] {logging_mixin.py:188} INFO - [2026-06-02T05:13:28.261+0000] {dagbag.py:545} INFO - Filling up the DagBag from /home/airflow/.local/lib/python3.11/site-packages/airflow/example_dags/plugins/event_listener.py
[2026-06-02T05:13:28.291+0000] {processor.py:842} WARNING - No viable dags retrieved from /home/airflow/.local/lib/python3.11/site-packages/airflow/example_dags/plugins/event_listener.py
[2026-06-02T05:13:28.441+0000] {processor.py:183} INFO - Processing /home/airflow/.local/lib/python3.11/site-packages/airflow/example_dags/plugins/event_listener.py took 0.262 seconds
[2026-06-02T05:13:58.869+0000] {processor.py:161} INFO - Started process (PID=14383) to work on /home/airflow/.local/lib/python3.11/site-packages/airflow/example_dags/plugins/event_listener.py
[2026-06-02T05:13:58.878+0000] {processor.py:830} INFO - Processing file /home/airflow/.local/lib/python3.11/site-packages/airflow/example_dags/plugins/event_listener.py for tasks to queue
[2026-06-02T05:13:58.891+0000] {logging_mixin.py:188} INFO - [2026-06-02T05:13:58.891+0000] {dagbag.py:545} INFO - Filling up the DagBag from /home/airflow/.local/lib/python3.11/site-packages/airflow/example_dags/plugins/event_listener.py
[2026-06-02T05:13:58.894+0000] {processor.py:842} WARNING - No viable dags retrieved from /home/airflow/.local/lib/python3.11/site-packages/airflow/example_dags/plugins/event_listener.py
[2026-06-02T05:13:58.938+0000] {processor.py:183} INFO - Processing /home/airflow/.local/lib/python3.11/site-packages/airflow/example_dags/plugins/event_listener.py took 0.083 seconds
[2026-06-02T05:14:29.367+0000] {processor.py:161} INFO - Started process (PID=14656) to work on /home/airflow/.local/lib/python3.11/site-packages/airflow/example_dags/plugins/event_listener.py
[2026-06-02T05:14:29.368+0000] {processor.py:830} INFO - Processing file /home/airflow/.local/lib/python3.11/site-packages/airflow/example_dags/plugins/event_listener.py for tasks to queue
[2026-06-02T05:14:29.379+0000] {logging_mixin.py:188} INFO - [2026-06-02T05:14:29.378+0000] {dagbag.py:545} INFO - Filling up the DagBag from /home/airflow/.local/lib/python3.11/site-packages/airflow/example_dags/plugins/event_listener.py
[2026-06-02T05:14:29.382+0000] {processor.py:842} WARNING - No viable dags retrieved from /home/airflow/.local/lib/python3.11/site-packages/airflow/example_dags/plugins/event_listener.py
[2026-06-02T05:14:29.422+0000] {processor.py:183} INFO - Processing /home/airflow/.local/lib/python3.11/site-packages/airflow/example_dags/plugins/event_listener.py took 0.084 seconds
[2026-06-02T05:15:03.624+0000] {processor.py:161} INFO - Started process (PID=14935) to work on /home/airflow/.local/lib/python3.11/site-packages/airflow/example_dags/plugins/event_listener.py
[2026-06-02T05:15:03.641+0000] {processor.py:830} INFO - Processing file /home/airflow/.local/lib/python3.11/site-packages/airflow/example_dags/plugins/event_listener.py for tasks to queue
[2026-06-02T05:15:03.657+0000] {logging_mixin.py:188} INFO - [2026-06-02T05:15:03.657+0000] {dagbag.py:545} INFO - Filling up the DagBag from /home/airflow/.local/lib/python3.11/site-packages/airflow/example_dags/plugins/event_listener.py
[2026-06-02T05:15:03.669+0000] {processor.py:842} WARNING - No viable dags retrieved from /home/airflow/.local/lib/python3.11/site-packages/airflow/example_dags/plugins/event_listener.py
[2026-06-02T05:15:03.722+0000] {processor.py:183} INFO - Processing /home/airflow/.local/lib/python3.11/site-packages/airflow/example_dags/plugins/event_listener.py took 0.124 seconds
[2026-06-02T05:15:38.783+0000] {processor.py:161} INFO - Started process (PID=15211) to work on /home/airflow/.local/lib/python3.11/site-packages/airflow/example_dags/plugins/event_listener.py
[2026-06-02T05:15:38.795+0000] {processor.py:830} INFO - Processing file /home/airflow/.local/lib/python3.11/site-packages/airflow/example_dags/plugins/event_listener.py for tasks to queue
[2026-06-02T05:15:38.800+0000] {logging_mixin.py:188} INFO - [2026-06-02T05:15:38.799+0000] {dagbag.py:545} INFO - Filling up the DagBag from /home/airflow/.local/lib/python3.11/site-packages/airflow/example_dags/plugins/event_listener.py
[2026-06-02T05:15:38.827+0000] {processor.py:842} WARNING - No viable dags retrieved from /home/airflow/.local/lib/python3.11/site-packages/airflow/example_dags/plugins/event_listener.py
[2026-06-02T05:15:38.938+0000] {processor.py:183} INFO - Processing /home/airflow/.local/lib/python3.11/site-packages/airflow/example_dags/plugins/event_listener.py took 0.197 seconds
[2026-06-02T05:16:09.652+0000] {processor.py:161} INFO - Started process (PID=15474) to work on /home/airflow/.local/lib/python3.11/site-packages/airflow/example_dags/plugins/event_listener.py
[2026-06-02T05:16:09.673+0000] {processor.py:830} INFO - Processing file /home/airflow/.local/lib/python3.11/site-packages/airflow/example_dags/plugins/event_listener.py for tasks to queue
[2026-06-02T05:16:09.689+0000] {logging_mixin.py:188} INFO - [2026-06-02T05:16:09.688+0000] {dagbag.py:545} INFO - Filling up the DagBag from /home/airflow/.local/lib/python3.11/site-packages/airflow/example_dags/plugins/event_listener.py
[2026-06-02T05:16:09.694+0000] {processor.py:842} WARNING - No viable dags retrieved from /home/airflow/.local/lib/python3.11/site-packages/airflow/example_dags/plugins/event_listener.py
[2026-06-02T05:16:09.743+0000] {processor.py:183} INFO - Processing /home/airflow/.local/lib/python3.11/site-packages/airflow/example_dags/plugins/event_listener.py took 0.103 seconds
[2026-06-02T05:16:40.473+0000] {processor.py:161} INFO - Started process (PID=15749) to work on /home/airflow/.local/lib/python3.11/site-packages/airflow/example_dags/plugins/event_listener.py
[2026-06-02T05:16:40.483+0000] {processor.py:830} INFO - Processing file /home/airflow/.local/lib/python3.11/site-packages/airflow/example_dags/plugins/event_listener.py for tasks to queue
[2026-06-02T05:16:40.487+0000] {logging_mixin.py:188} INFO - [2026-06-02T05:16:40.487+0000] {dagbag.py:545} INFO - Filling up the DagBag from /home/airflow/.local/lib/python3.11/site-packages/airflow/example_dags/plugins/event_listener.py
[2026-06-02T05:16:40.501+0000] {processor.py:842} WARNING - No viable dags retrieved from /home/airflow/.local/lib/python3.11/site-packages/airflow/example_dags/plugins/event_listener.py
[2026-06-02T05:16:40.592+0000] {processor.py:183} INFO - Processing /home/airflow/.local/lib/python3.11/site-packages/airflow/example_dags/plugins/event_listener.py took 0.134 seconds
[2026-06-02T05:17:10.831+0000] {processor.py:161} INFO - Started process (PID=16025) to work on /home/airflow/.local/lib/python3.11/site-packages/airflow/example_dags/plugins/event_listener.py
[2026-06-02T05:17:10.839+0000] {processor.py:830} INFO - Processing file /home/airflow/.local/lib/python3.11/site-packages/airflow/example_dags/plugins/event_listener.py for tasks to queue
[2026-06-02T05:17:10.849+0000] {logging_mixin.py:188} INFO - [2026-06-02T05:17:10.848+0000] {dagbag.py:545} INFO - Filling up the DagBag from /home/airflow/.local/lib/python3.11/site-packages/airflow/example_dags/plugins/event_listener.py
[2026-06-02T05:17:10.852+0000] {processor.py:842} WARNING - No viable dags retrieved from /home/airflow/.local/lib/python3.11/site-packages/airflow/example_dags/plugins/event_listener.py
[2026-06-02T05:17:10.893+0000] {processor.py:183} INFO - Processing /home/airflow/.local/lib/python3.11/site-packages/airflow/example_dags/plugins/event_listener.py took 0.089 seconds
[2026-06-02T05:17:44.628+0000] {processor.py:161} INFO - Started process (PID=16304) to work on /home/airflow/.local/lib/python3.11/site-packages/airflow/example_dags/plugins/event_listener.py
[2026-06-02T05:17:44.655+0000] {processor.py:830} INFO - Processing file /home/airflow/.local/lib/python3.11/site-packages/airflow/example_dags/plugins/event_listener.py for tasks to queue
[2026-06-02T05:17:44.668+0000] {logging_mixin.py:188} INFO - [2026-06-02T05:17:44.667+0000] {dagbag.py:545} INFO - Filling up the DagBag from /home/airflow/.local/lib/python3.11/site-packages/airflow/example_dags/plugins/event_listener.py
[2026-06-02T05:17:44.681+0000] {processor.py:842} WARNING - No viable dags retrieved from /home/airflow/.local/lib/python3.11/site-packages/airflow/example_dags/plugins/event_listener.py
[2026-06-02T05:17:44.747+0000] {processor.py:183} INFO - Processing /home/airflow/.local/lib/python3.11/site-packages/airflow/example_dags/plugins/event_listener.py took 0.142 seconds
[2026-06-02T05:18:20.268+0000] {processor.py:161} INFO - Started process (PID=16612) to work on /home/airflow/.local/lib/python3.11/site-packages/airflow/example_dags/plugins/event_listener.py
[2026-06-02T05:18:20.278+0000] {processor.py:830} INFO - Processing file /home/airflow/.local/lib/python3.11/site-packages/airflow/example_dags/plugins/event_listener.py for tasks to queue
[2026-06-02T05:18:20.281+0000] {logging_mixin.py:188} INFO - [2026-06-02T05:18:20.281+0000] {dagbag.py:545} INFO - Filling up the DagBag from /home/airflow/.local/lib/python3.11/site-packages/airflow/example_dags/plugins/event_listener.py
[2026-06-02T05:18:20.292+0000] {processor.py:842} WARNING - No viable dags retrieved from /home/airflow/.local/lib/python3.11/site-packages/airflow/example_dags/plugins/event_listener.py
[2026-06-02T05:18:20.351+0000] {processor.py:183} INFO - Processing /home/airflow/.local/lib/python3.11/site-packages/airflow/example_dags/plugins/event_listener.py took 0.104 seconds
[2026-06-02T05:18:56.734+0000] {processor.py:161} INFO - Started process (PID=16919) to work on /home/airflow/.local/lib/python3.11/site-packages/airflow/example_dags/plugins/event_listener.py
[2026-06-02T05:18:56.761+0000] {processor.py:830} INFO - Processing file /home/airflow/.local/lib/python3.11/site-packages/airflow/example_dags/plugins/event_listener.py for tasks to queue
[2026-06-02T05:18:56.801+0000] {logging_mixin.py:188} INFO - [2026-06-02T05:18:56.801+0000] {dagbag.py:545} INFO - Filling up the DagBag from /home/airflow/.local/lib/python3.11/site-packages/airflow/example_dags/plugins/event_listener.py
[2026-06-02T05:18:56.806+0000] {processor.py:842} WARNING - No viable dags retrieved from /home/airflow/.local/lib/python3.11/site-packages/airflow/example_dags/plugins/event_listener.py
[2026-06-02T05:18:56.854+0000] {processor.py:183} INFO - Processing /home/airflow/.local/lib/python3.11/site-packages/airflow/example_dags/plugins/event_listener.py took 0.181 seconds
[2026-06-02T05:19:27.027+0000] {processor.py:161} INFO - Started process (PID=17180) to work on /home/airflow/.local/lib/python3.11/site-packages/airflow/example_dags/plugins/event_listener.py
[2026-06-02T05:19:27.057+0000] {processor.py:830} INFO - Processing file /home/airflow/.local/lib/python3.11/site-packages/airflow/example_dags/plugins/event_listener.py for tasks to queue
[2026-06-02T05:19:27.071+0000] {logging_mixin.py:188} INFO - [2026-06-02T05:19:27.070+0000] {dagbag.py:545} INFO - Filling up the DagBag from /home/airflow/.local/lib/python3.11/site-packages/airflow/example_dags/plugins/event_listener.py
[2026-06-02T05:19:27.086+0000] {processor.py:842} WARNING - No viable dags retrieved from /home/airflow/.local/lib/python3.11/site-packages/airflow/example_dags/plugins/event_listener.py
[2026-06-02T05:19:27.136+0000] {processor.py:183} INFO - Processing /home/airflow/.local/lib/python3.11/site-packages/airflow/example_dags/plugins/event_listener.py took 0.129 seconds
[2026-06-02T05:19:57.389+0000] {processor.py:161} INFO - Started process (PID=17452) to work on /home/airflow/.local/lib/python3.11/site-packages/airflow/example_dags/plugins/event_listener.py
[2026-06-02T05:19:57.401+0000] {processor.py:830} INFO - Processing file /home/airflow/.local/lib/python3.11/site-packages/airflow/example_dags/plugins/event_listener.py for tasks to queue
[2026-06-02T05:19:57.418+0000] {logging_mixin.py:188} INFO - [2026-06-02T05:19:57.417+0000] {dagbag.py:545} INFO - Filling up the DagBag from /home/airflow/.local/lib/python3.11/site-packages/airflow/example_dags/plugins/event_listener.py
[2026-06-02T05:19:57.429+0000] {processor.py:842} WARNING - No viable dags retrieved from /home/airflow/.local/lib/python3.11/site-packages/airflow/example_dags/plugins/event_listener.py
[2026-06-02T05:19:57.497+0000] {processor.py:183} INFO - Processing /home/airflow/.local/lib/python3.11/site-packages/airflow/example_dags/plugins/event_listener.py took 0.143 seconds
[2026-06-02T05:20:28.525+0000] {processor.py:161} INFO - Started process (PID=17728) to work on /home/airflow/.local/lib/python3.11/site-packages/airflow/example_dags/plugins/event_listener.py
[2026-06-02T05:20:28.546+0000] {processor.py:830} INFO - Processing file /home/airflow/.local/lib/python3.11/site-packages/airflow/example_dags/plugins/event_listener.py for tasks to queue
[2026-06-02T05:20:28.596+0000] {logging_mixin.py:188} INFO - [2026-06-02T05:20:28.596+0000] {dagbag.py:545} INFO - Filling up the DagBag from /home/airflow/.local/lib/python3.11/site-packages/airflow/example_dags/plugins/event_listener.py
[2026-06-02T05:20:28.610+0000] {processor.py:842} WARNING - No viable dags retrieved from /home/airflow/.local/lib/python3.11/site-packages/airflow/example_dags/plugins/event_listener.py
[2026-06-02T05:20:28.654+0000] {processor.py:183} INFO - Processing /home/airflow/.local/lib/python3.11/site-packages/airflow/example_dags/plugins/event_listener.py took 0.168 seconds
[2026-06-02T05:21:02.775+0000] {processor.py:161} INFO - Started process (PID=18011) to work on /home/airflow/.local/lib/python3.11/site-packages/airflow/example_dags/plugins/event_listener.py
[2026-06-02T05:21:02.793+0000] {processor.py:830} INFO - Processing file /home/airflow/.local/lib/python3.11/site-packages/airflow/example_dags/plugins/event_listener.py for tasks to queue
[2026-06-02T05:21:02.838+0000] {logging_mixin.py:188} INFO - [2026-06-02T05:21:02.837+0000] {dagbag.py:545} INFO - Filling up the DagBag from /home/airflow/.local/lib/python3.11/site-packages/airflow/example_dags/plugins/event_listener.py
[2026-06-02T05:21:02.856+0000] {processor.py:842} WARNING - No viable dags retrieved from /home/airflow/.local/lib/python3.11/site-packages/airflow/example_dags/plugins/event_listener.py
[2026-06-02T05:21:02.989+0000] {processor.py:183} INFO - Processing /home/airflow/.local/lib/python3.11/site-packages/airflow/example_dags/plugins/event_listener.py took 0.260 seconds
[2026-06-02T05:21:34.062+0000] {processor.py:161} INFO - Started process (PID=18288) to work on /home/airflow/.local/lib/python3.11/site-packages/airflow/example_dags/plugins/event_listener.py
[2026-06-02T05:21:34.075+0000] {processor.py:830} INFO - Processing file /home/airflow/.local/lib/python3.11/site-packages/airflow/example_dags/plugins/event_listener.py for tasks to queue
[2026-06-02T05:21:34.082+0000] {logging_mixin.py:188} INFO - [2026-06-02T05:21:34.082+0000] {dagbag.py:545} INFO - Filling up the DagBag from /home/airflow/.local/lib/python3.11/site-packages/airflow/example_dags/plugins/event_listener.py
[2026-06-02T05:21:34.097+0000] {processor.py:842} WARNING - No viable dags retrieved from /home/airflow/.local/lib/python3.11/site-packages/airflow/example_dags/plugins/event_listener.py
[2026-06-02T05:21:34.131+0000] {processor.py:183} INFO - Processing /home/airflow/.local/lib/python3.11/site-packages/airflow/example_dags/plugins/event_listener.py took 0.118 seconds
[2026-06-02T05:22:05.778+0000] {processor.py:161} INFO - Started process (PID=18561) to work on /home/airflow/.local/lib/python3.11/site-packages/airflow/example_dags/plugins/event_listener.py
[2026-06-02T05:22:05.788+0000] {processor.py:830} INFO - Processing file /home/airflow/.local/lib/python3.11/site-packages/airflow/example_dags/plugins/event_listener.py for tasks to queue
[2026-06-02T05:22:05.790+0000] {logging_mixin.py:188} INFO - [2026-06-02T05:22:05.789+0000] {dagbag.py:545} INFO - Filling up the DagBag from /home/airflow/.local/lib/python3.11/site-packages/airflow/example_dags/plugins/event_listener.py
[2026-06-02T05:22:05.797+0000] {processor.py:842} WARNING - No viable dags retrieved from /home/airflow/.local/lib/python3.11/site-packages/airflow/example_dags/plugins/event_listener.py
[2026-06-02T05:22:05.835+0000] {processor.py:183} INFO - Processing /home/airflow/.local/lib/python3.11/site-packages/airflow/example_dags/plugins/event_listener.py took 0.079 seconds
[2026-06-02T05:22:36.406+0000] {processor.py:161} INFO - Started process (PID=18822) to work on /home/airflow/.local/lib/python3.11/site-packages/airflow/example_dags/plugins/event_listener.py
[2026-06-02T05:22:36.423+0000] {processor.py:830} INFO - Processing file /home/airflow/.local/lib/python3.11/site-packages/airflow/example_dags/plugins/event_listener.py for tasks to queue
[2026-06-02T05:22:36.444+0000] {logging_mixin.py:188} INFO - [2026-06-02T05:22:36.443+0000] {dagbag.py:545} INFO - Filling up the DagBag from /home/airflow/.local/lib/python3.11/site-packages/airflow/example_dags/plugins/event_listener.py
[2026-06-02T05:22:36.449+0000] {processor.py:842} WARNING - No viable dags retrieved from /home/airflow/.local/lib/python3.11/site-packages/airflow/example_dags/plugins/event_listener.py
[2026-06-02T05:22:36.496+0000] {processor.py:183} INFO - Processing /home/airflow/.local/lib/python3.11/site-packages/airflow/example_dags/plugins/event_listener.py took 0.097 seconds
[2026-06-02T05:23:08.028+0000] {processor.py:161} INFO - Started process (PID=19095) to work on /home/airflow/.local/lib/python3.11/site-packages/airflow/example_dags/plugins/event_listener.py
[2026-06-02T05:23:08.033+0000] {processor.py:830} INFO - Processing file /home/airflow/.local/lib/python3.11/site-packages/airflow/example_dags/plugins/event_listener.py for tasks to queue
[2026-06-02T05:23:08.037+0000] {logging_mixin.py:188} INFO - [2026-06-02T05:23:08.037+0000] {dagbag.py:545} INFO - Filling up the DagBag from /home/airflow/.local/lib/python3.11/site-packages/airflow/example_dags/plugins/event_listener.py
[2026-06-02T05:23:08.047+0000] {processor.py:842} WARNING - No viable dags retrieved from /home/airflow/.local/lib/python3.11/site-packages/airflow/example_dags/plugins/event_listener.py
[2026-06-02T05:23:08.129+0000] {processor.py:183} INFO - Processing /home/airflow/.local/lib/python3.11/site-packages/airflow/example_dags/plugins/event_listener.py took 0.151 seconds
[2026-06-02T05:23:38.635+0000] {processor.py:161} INFO - Started process (PID=19371) to work on /home/airflow/.local/lib/python3.11/site-packages/airflow/example_dags/plugins/event_listener.py
[2026-06-02T05:23:38.650+0000] {processor.py:830} INFO - Processing file /home/airflow/.local/lib/python3.11/site-packages/airflow/example_dags/plugins/event_listener.py for tasks to queue
[2026-06-02T05:23:38.659+0000] {logging_mixin.py:188} INFO - [2026-06-02T05:23:38.658+0000] {dagbag.py:545} INFO - Filling up the DagBag from /home/airflow/.local/lib/python3.11/site-packages/airflow/example_dags/plugins/event_listener.py
[2026-06-02T05:23:38.663+0000] {processor.py:842} WARNING - No viable dags retrieved from /home/airflow/.local/lib/python3.11/site-packages/airflow/example_dags/plugins/event_listener.py
[2026-06-02T05:23:38.747+0000] {processor.py:183} INFO - Processing /home/airflow/.local/lib/python3.11/site-packages/airflow/example_dags/plugins/event_listener.py took 0.135 seconds
[2026-06-02T05:24:11.548+0000] {processor.py:161} INFO - Started process (PID=19649) to work on /home/airflow/.local/lib/python3.11/site-packages/airflow/example_dags/plugins/event_listener.py
[2026-06-02T05:24:11.560+0000] {processor.py:830} INFO - Processing file /home/airflow/.local/lib/python3.11/site-packages/airflow/example_dags/plugins/event_listener.py for tasks to queue
[2026-06-02T05:24:11.572+0000] {logging_mixin.py:188} INFO - [2026-06-02T05:24:11.571+0000] {dagbag.py:545} INFO - Filling up the DagBag from /home/airflow/.local/lib/python3.11/site-packages/airflow/example_dags/plugins/event_listener.py
[2026-06-02T05:24:11.588+0000] {processor.py:842} WARNING - No viable dags retrieved from /home/airflow/.local/lib/python3.11/site-packages/airflow/example_dags/plugins/event_listener.py
[2026-06-02T05:24:11.618+0000] {processor.py:183} INFO - Processing /home/airflow/.local/lib/python3.11/site-packages/airflow/example_dags/plugins/event_listener.py took 0.098 seconds
[2026-06-02T05:24:49.068+0000] {processor.py:161} INFO - Started process (PID=19941) to work on /home/airflow/.local/lib/python3.11/site-packages/airflow/example_dags/plugins/event_listener.py
[2026-06-02T05:24:49.096+0000] {processor.py:830} INFO - Processing file /home/airflow/.local/lib/python3.11/site-packages/airflow/example_dags/plugins/event_listener.py for tasks to queue
[2026-06-02T05:24:49.102+0000] {logging_mixin.py:188} INFO - [2026-06-02T05:24:49.102+0000] {dagbag.py:545} INFO - Filling up the DagBag from /home/airflow/.local/lib/python3.11/site-packages/airflow/example_dags/plugins/event_listener.py
[2026-06-02T05:24:49.113+0000] {processor.py:842} WARNING - No viable dags retrieved from /home/airflow/.local/lib/python3.11/site-packages/airflow/example_dags/plugins/event_listener.py
[2026-06-02T05:24:49.191+0000] {processor.py:183} INFO - Processing /home/airflow/.local/lib/python3.11/site-packages/airflow/example_dags/plugins/event_listener.py took 0.185 seconds
[2026-06-02T05:25:19.945+0000] {processor.py:161} INFO - Started process (PID=20203) to work on /home/airflow/.local/lib/python3.11/site-packages/airflow/example_dags/plugins/event_listener.py
[2026-06-02T05:25:19.957+0000] {processor.py:830} INFO - Processing file /home/airflow/.local/lib/python3.11/site-packages/airflow/example_dags/plugins/event_listener.py for tasks to queue
[2026-06-02T05:25:19.967+0000] {logging_mixin.py:188} INFO - [2026-06-02T05:25:19.966+0000] {dagbag.py:545} INFO - Filling up the DagBag from /home/airflow/.local/lib/python3.11/site-packages/airflow/example_dags/plugins/event_listener.py
[2026-06-02T05:25:19.975+0000] {processor.py:842} WARNING - No viable dags retrieved from /home/airflow/.local/lib/python3.11/site-packages/airflow/example_dags/plugins/event_listener.py
[2026-06-02T05:25:20.025+0000] {processor.py:183} INFO - Processing /home/airflow/.local/lib/python3.11/site-packages/airflow/example_dags/plugins/event_listener.py took 0.133 seconds
[2026-06-02T05:25:50.613+0000] {processor.py:161} INFO - Started process (PID=20479) to work on /home/airflow/.local/lib/python3.11/site-packages/airflow/example_dags/plugins/event_listener.py
[2026-06-02T05:25:50.617+0000] {processor.py:830} INFO - Processing file /home/airflow/.local/lib/python3.11/site-packages/airflow/example_dags/plugins/event_listener.py for tasks to queue
[2026-06-02T05:25:50.626+0000] {logging_mixin.py:188} INFO - [2026-06-02T05:25:50.625+0000] {dagbag.py:545} INFO - Filling up the DagBag from /home/airflow/.local/lib/python3.11/site-packages/airflow/example_dags/plugins/event_listener.py
[2026-06-02T05:25:50.634+0000] {processor.py:842} WARNING - No viable dags retrieved from /home/airflow/.local/lib/python3.11/site-packages/airflow/example_dags/plugins/event_listener.py
[2026-06-02T05:25:50.691+0000] {processor.py:183} INFO - Processing /home/airflow/.local/lib/python3.11/site-packages/airflow/example_dags/plugins/event_listener.py took 0.098 seconds
[2026-06-02T05:26:25.273+0000] {processor.py:161} INFO - Started process (PID=20762) to work on /home/airflow/.local/lib/python3.11/site-packages/airflow/example_dags/plugins/event_listener.py
[2026-06-02T05:26:25.281+0000] {processor.py:830} INFO - Processing file /home/airflow/.local/lib/python3.11/site-packages/airflow/example_dags/plugins/event_listener.py for tasks to queue
[2026-06-02T05:26:25.299+0000] {logging_mixin.py:188} INFO - [2026-06-02T05:26:25.298+0000] {dagbag.py:545} INFO - Filling up the DagBag from /home/airflow/.local/lib/python3.11/site-packages/airflow/example_dags/plugins/event_listener.py
[2026-06-02T05:26:25.311+0000] {processor.py:842} WARNING - No viable dags retrieved from /home/airflow/.local/lib/python3.11/site-packages/airflow/example_dags/plugins/event_listener.py
[2026-06-02T05:26:25.369+0000] {processor.py:183} INFO - Processing /home/airflow/.local/lib/python3.11/site-packages/airflow/example_dags/plugins/event_listener.py took 0.122 seconds
[2026-06-02T05:27:02.080+0000] {processor.py:161} INFO - Started process (PID=21052) to work on /home/airflow/.local/lib/python3.11/site-packages/airflow/example_dags/plugins/event_listener.py
[2026-06-02T05:27:02.098+0000] {processor.py:830} INFO - Processing file /home/airflow/.local/lib/python3.11/site-packages/airflow/example_dags/plugins/event_listener.py for tasks to queue
[2026-06-02T05:27:02.105+0000] {logging_mixin.py:188} INFO - [2026-06-02T05:27:02.105+0000] {dagbag.py:545} INFO - Filling up the DagBag from /home/airflow/.local/lib/python3.11/site-packages/airflow/example_dags/plugins/event_listener.py
[2026-06-02T05:27:02.130+0000] {processor.py:842} WARNING - No viable dags retrieved from /home/airflow/.local/lib/python3.11/site-packages/airflow/example_dags/plugins/event_listener.py
[2026-06-02T05:27:02.257+0000] {processor.py:183} INFO - Processing /home/airflow/.local/lib/python3.11/site-packages/airflow/example_dags/plugins/event_listener.py took 0.227 seconds
[2026-06-02T05:27:41.602+0000] {processor.py:161} INFO - Started process (PID=21379) to work on /home/airflow/.local/lib/python3.11/site-packages/airflow/example_dags/plugins/event_listener.py
[2026-06-02T05:27:41.603+0000] {processor.py:830} INFO - Processing file /home/airflow/.local/lib/python3.11/site-packages/airflow/example_dags/plugins/event_listener.py for tasks to queue
[2026-06-02T05:27:41.606+0000] {logging_mixin.py:188} INFO - [2026-06-02T05:27:41.605+0000] {dagbag.py:545} INFO - Filling up the DagBag from /home/airflow/.local/lib/python3.11/site-packages/airflow/example_dags/plugins/event_listener.py
[2026-06-02T05:27:41.613+0000] {processor.py:842} WARNING - No viable dags retrieved from /home/airflow/.local/lib/python3.11/site-packages/airflow/example_dags/plugins/event_listener.py
[2026-06-02T05:27:41.681+0000] {processor.py:183} INFO - Processing /home/airflow/.local/lib/python3.11/site-packages/airflow/example_dags/plugins/event_listener.py took 0.112 seconds
[2026-06-02T05:28:20.172+0000] {processor.py:161} INFO - Started process (PID=21663) to work on /home/airflow/.local/lib/python3.11/site-packages/airflow/example_dags/plugins/event_listener.py
[2026-06-02T05:28:20.178+0000] {processor.py:830} INFO - Processing file /home/airflow/.local/lib/python3.11/site-packages/airflow/example_dags/plugins/event_listener.py for tasks to queue
[2026-06-02T05:28:20.181+0000] {logging_mixin.py:188} INFO - [2026-06-02T05:28:20.181+0000] {dagbag.py:545} INFO - Filling up the DagBag from /home/airflow/.local/lib/python3.11/site-packages/airflow/example_dags/plugins/event_listener.py
[2026-06-02T05:28:20.185+0000] {processor.py:842} WARNING - No viable dags retrieved from /home/airflow/.local/lib/python3.11/site-packages/airflow/example_dags/plugins/event_listener.py
[2026-06-02T05:28:20.231+0000] {processor.py:183} INFO - Processing /home/airflow/.local/lib/python3.11/site-packages/airflow/example_dags/plugins/event_listener.py took 0.075 seconds
[2026-06-02T05:28:55.107+0000] {processor.py:161} INFO - Started process (PID=21950) to work on /home/airflow/.local/lib/python3.11/site-packages/airflow/example_dags/plugins/event_listener.py
[2026-06-02T05:28:55.116+0000] {processor.py:830} INFO - Processing file /home/airflow/.local/lib/python3.11/site-packages/airflow/example_dags/plugins/event_listener.py for tasks to queue
[2026-06-02T05:28:55.120+0000] {logging_mixin.py:188} INFO - [2026-06-02T05:28:55.119+0000] {dagbag.py:545} INFO - Filling up the DagBag from /home/airflow/.local/lib/python3.11/site-packages/airflow/example_dags/plugins/event_listener.py
[2026-06-02T05:28:55.126+0000] {processor.py:842} WARNING - No viable dags retrieved from /home/airflow/.local/lib/python3.11/site-packages/airflow/example_dags/plugins/event_listener.py
[2026-06-02T05:28:55.172+0000] {processor.py:183} INFO - Processing /home/airflow/.local/lib/python3.11/site-packages/airflow/example_dags/plugins/event_listener.py took 0.081 seconds
[2026-06-02T05:29:25.797+0000] {processor.py:161} INFO - Started process (PID=22214) to work on /home/airflow/.local/lib/python3.11/site-packages/airflow/example_dags/plugins/event_listener.py
[2026-06-02T05:29:25.808+0000] {processor.py:830} INFO - Processing file /home/airflow/.local/lib/python3.11/site-packages/airflow/example_dags/plugins/event_listener.py for tasks to queue
[2026-06-02T05:29:25.816+0000] {logging_mixin.py:188} INFO - [2026-06-02T05:29:25.816+0000] {dagbag.py:545} INFO - Filling up the DagBag from /home/airflow/.local/lib/python3.11/site-packages/airflow/example_dags/plugins/event_listener.py
[2026-06-02T05:29:25.823+0000] {processor.py:842} WARNING - No viable dags retrieved from /home/airflow/.local/lib/python3.11/site-packages/airflow/example_dags/plugins/event_listener.py
[2026-06-02T05:29:25.892+0000] {processor.py:183} INFO - Processing /home/airflow/.local/lib/python3.11/site-packages/airflow/example_dags/plugins/event_listener.py took 0.145 seconds
[2026-06-02T05:29:56.383+0000] {processor.py:161} INFO - Started process (PID=22502) to work on /home/airflow/.local/lib/python3.11/site-packages/airflow/example_dags/plugins/event_listener.py
[2026-06-02T05:29:56.388+0000] {processor.py:830} INFO - Processing file /home/airflow/.local/lib/python3.11/site-packages/airflow/example_dags/plugins/event_listener.py for tasks to queue
[2026-06-02T05:29:56.411+0000] {logging_mixin.py:188} INFO - [2026-06-02T05:29:56.410+0000] {dagbag.py:545} INFO - Filling up the DagBag from /home/airflow/.local/lib/python3.11/site-packages/airflow/example_dags/plugins/event_listener.py
[2026-06-02T05:29:56.425+0000] {processor.py:842} WARNING - No viable dags retrieved from /home/airflow/.local/lib/python3.11/site-packages/airflow/example_dags/plugins/event_listener.py
[2026-06-02T05:29:56.487+0000] {processor.py:183} INFO - Processing /home/airflow/.local/lib/python3.11/site-packages/airflow/example_dags/plugins/event_listener.py took 0.131 seconds
[2026-06-02T05:30:27.343+0000] {processor.py:161} INFO - Started process (PID=22773) to work on /home/airflow/.local/lib/python3.11/site-packages/airflow/example_dags/plugins/event_listener.py
[2026-06-02T05:30:27.345+0000] {processor.py:830} INFO - Processing file /home/airflow/.local/lib/python3.11/site-packages/airflow/example_dags/plugins/event_listener.py for tasks to queue
[2026-06-02T05:30:27.351+0000] {logging_mixin.py:188} INFO - [2026-06-02T05:30:27.350+0000] {dagbag.py:545} INFO - Filling up the DagBag from /home/airflow/.local/lib/python3.11/site-packages/airflow/example_dags/plugins/event_listener.py
[2026-06-02T05:30:27.354+0000] {processor.py:842} WARNING - No viable dags retrieved from /home/airflow/.local/lib/python3.11/site-packages/airflow/example_dags/plugins/event_listener.py
[2026-06-02T05:30:27.408+0000] {processor.py:183} INFO - Processing /home/airflow/.local/lib/python3.11/site-packages/airflow/example_dags/plugins/event_listener.py took 0.108 seconds
[2026-06-02T05:31:08.149+0000] {processor.py:161} INFO - Started process (PID=23080) to work on /home/airflow/.local/lib/python3.11/site-packages/airflow/example_dags/plugins/event_listener.py
[2026-06-02T05:31:08.173+0000] {processor.py:830} INFO - Processing file /home/airflow/.local/lib/python3.11/site-packages/airflow/example_dags/plugins/event_listener.py for tasks to queue
[2026-06-02T05:31:08.198+0000] {logging_mixin.py:188} INFO - [2026-06-02T05:31:08.197+0000] {dagbag.py:545} INFO - Filling up the DagBag from /home/airflow/.local/lib/python3.11/site-packages/airflow/example_dags/plugins/event_listener.py
[2026-06-02T05:31:08.211+0000] {processor.py:842} WARNING - No viable dags retrieved from /home/airflow/.local/lib/python3.11/site-packages/airflow/example_dags/plugins/event_listener.py
[2026-06-02T05:31:08.328+0000] {processor.py:183} INFO - Processing /home/airflow/.local/lib/python3.11/site-packages/airflow/example_dags/plugins/event_listener.py took 0.243 seconds
[2026-06-02T05:31:45.076+0000] {processor.py:161} INFO - Started process (PID=23366) to work on /home/airflow/.local/lib/python3.11/site-packages/airflow/example_dags/plugins/event_listener.py
[2026-06-02T05:31:45.085+0000] {processor.py:830} INFO - Processing file /home/airflow/.local/lib/python3.11/site-packages/airflow/example_dags/plugins/event_listener.py for tasks to queue
[2026-06-02T05:31:45.101+0000] {logging_mixin.py:188} INFO - [2026-06-02T05:31:45.100+0000] {dagbag.py:545} INFO - Filling up the DagBag from /home/airflow/.local/lib/python3.11/site-packages/airflow/example_dags/plugins/event_listener.py
[2026-06-02T05:31:45.106+0000] {processor.py:842} WARNING - No viable dags retrieved from /home/airflow/.local/lib/python3.11/site-packages/airflow/example_dags/plugins/event_listener.py
[2026-06-02T05:31:45.153+0000] {processor.py:183} INFO - Processing /home/airflow/.local/lib/python3.11/site-packages/airflow/example_dags/plugins/event_listener.py took 0.089 seconds
[2026-06-02T05:32:16.192+0000] {processor.py:161} INFO - Started process (PID=23634) to work on /home/airflow/.local/lib/python3.11/site-packages/airflow/example_dags/plugins/event_listener.py
[2026-06-02T05:32:16.214+0000] {processor.py:830} INFO - Processing file /home/airflow/.local/lib/python3.11/site-packages/airflow/example_dags/plugins/event_listener.py for tasks to queue
[2026-06-02T05:32:16.222+0000] {logging_mixin.py:188} INFO - [2026-06-02T05:32:16.222+0000] {dagbag.py:545} INFO - Filling up the DagBag from /home/airflow/.local/lib/python3.11/site-packages/airflow/example_dags/plugins/event_listener.py
[2026-06-02T05:32:16.228+0000] {processor.py:842} WARNING - No viable dags retrieved from /home/airflow/.local/lib/python3.11/site-packages/airflow/example_dags/plugins/event_listener.py
[2026-06-02T05:32:16.326+0000] {processor.py:183} INFO - Processing /home/airflow/.local/lib/python3.11/site-packages/airflow/example_dags/plugins/event_listener.py took 0.159 seconds
[2026-06-02T05:32:46.790+0000] {processor.py:161} INFO - Started process (PID=23906) to work on /home/airflow/.local/lib/python3.11/site-packages/airflow/example_dags/plugins/event_listener.py
[2026-06-02T05:32:46.800+0000] {processor.py:830} INFO - Processing file /home/airflow/.local/lib/python3.11/site-packages/airflow/example_dags/plugins/event_listener.py for tasks to queue
[2026-06-02T05:32:46.816+0000] {logging_mixin.py:188} INFO - [2026-06-02T05:32:46.815+0000] {dagbag.py:545} INFO - Filling up the DagBag from /home/airflow/.local/lib/python3.11/site-packages/airflow/example_dags/plugins/event_listener.py
[2026-06-02T05:32:46.827+0000] {processor.py:842} WARNING - No viable dags retrieved from /home/airflow/.local/lib/python3.11/site-packages/airflow/example_dags/plugins/event_listener.py
[2026-06-02T05:32:46.868+0000] {processor.py:183} INFO - Processing /home/airflow/.local/lib/python3.11/site-packages/airflow/example_dags/plugins/event_listener.py took 0.102 seconds
[2026-06-02T05:33:18.876+0000] {processor.py:161} INFO - Started process (PID=24180) to work on /home/airflow/.local/lib/python3.11/site-packages/airflow/example_dags/plugins/event_listener.py
[2026-06-02T05:33:18.886+0000] {processor.py:830} INFO - Processing file /home/airflow/.local/lib/python3.11/site-packages/airflow/example_dags/plugins/event_listener.py for tasks to queue
[2026-06-02T05:33:18.890+0000] {logging_mixin.py:188} INFO - [2026-06-02T05:33:18.889+0000] {dagbag.py:545} INFO - Filling up the DagBag from /home/airflow/.local/lib/python3.11/site-packages/airflow/example_dags/plugins/event_listener.py
[2026-06-02T05:33:18.894+0000] {processor.py:842} WARNING - No viable dags retrieved from /home/airflow/.local/lib/python3.11/site-packages/airflow/example_dags/plugins/event_listener.py
[2026-06-02T05:33:18.917+0000] {processor.py:183} INFO - Processing /home/airflow/.local/lib/python3.11/site-packages/airflow/example_dags/plugins/event_listener.py took 0.053 seconds
[2026-06-02T05:34:01.906+0000] {processor.py:161} INFO - Started process (PID=24499) to work on /home/airflow/.local/lib/python3.11/site-packages/airflow/example_dags/plugins/event_listener.py
[2026-06-02T05:34:01.918+0000] {processor.py:830} INFO - Processing file /home/airflow/.local/lib/python3.11/site-packages/airflow/example_dags/plugins/event_listener.py for tasks to queue
[2026-06-02T05:34:01.926+0000] {logging_mixin.py:188} INFO - [2026-06-02T05:34:01.926+0000] {dagbag.py:545} INFO - Filling up the DagBag from /home/airflow/.local/lib/python3.11/site-packages/airflow/example_dags/plugins/event_listener.py
[2026-06-02T05:34:01.944+0000] {processor.py:842} WARNING - No viable dags retrieved from /home/airflow/.local/lib/python3.11/site-packages/airflow/example_dags/plugins/event_listener.py
[2026-06-02T05:34:01.994+0000] {processor.py:183} INFO - Processing /home/airflow/.local/lib/python3.11/site-packages/airflow/example_dags/plugins/event_listener.py took 0.130 seconds
[2026-06-02T05:34:39.893+0000] {processor.py:161} INFO - Started process (PID=24803) to work on /home/airflow/.local/lib/python3.11/site-packages/airflow/example_dags/plugins/event_listener.py
[2026-06-02T05:34:39.903+0000] {processor.py:830} INFO - Processing file /home/airflow/.local/lib/python3.11/site-packages/airflow/example_dags/plugins/event_listener.py for tasks to queue
[2026-06-02T05:34:39.928+0000] {logging_mixin.py:188} INFO - [2026-06-02T05:34:39.927+0000] {dagbag.py:545} INFO - Filling up the DagBag from /home/airflow/.local/lib/python3.11/site-packages/airflow/example_dags/plugins/event_listener.py
[2026-06-02T05:34:39.941+0000] {processor.py:842} WARNING - No viable dags retrieved from /home/airflow/.local/lib/python3.11/site-packages/airflow/example_dags/plugins/event_listener.py
[2026-06-02T05:34:40.046+0000] {processor.py:183} INFO - Processing /home/airflow/.local/lib/python3.11/site-packages/airflow/example_dags/plugins/event_listener.py took 0.181 seconds
[2026-06-02T05:35:15.076+0000] {processor.py:161} INFO - Started process (PID=25079) to work on /home/airflow/.local/lib/python3.11/site-packages/airflow/example_dags/plugins/event_listener.py
[2026-06-02T05:35:15.103+0000] {processor.py:830} INFO - Processing file /home/airflow/.local/lib/python3.11/site-packages/airflow/example_dags/plugins/event_listener.py for tasks to queue
[2026-06-02T05:35:15.118+0000] {logging_mixin.py:188} INFO - [2026-06-02T05:35:15.117+0000] {dagbag.py:545} INFO - Filling up the DagBag from /home/airflow/.local/lib/python3.11/site-packages/airflow/example_dags/plugins/event_listener.py
[2026-06-02T05:35:15.120+0000] {processor.py:842} WARNING - No viable dags retrieved from /home/airflow/.local/lib/python3.11/site-packages/airflow/example_dags/plugins/event_listener.py
[2026-06-02T05:35:15.176+0000] {processor.py:183} INFO - Processing /home/airflow/.local/lib/python3.11/site-packages/airflow/example_dags/plugins/event_listener.py took 0.130 seconds
[2026-06-02T05:35:45.976+0000] {processor.py:161} INFO - Started process (PID=25343) to work on /home/airflow/.local/lib/python3.11/site-packages/airflow/example_dags/plugins/event_listener.py
[2026-06-02T05:35:45.995+0000] {processor.py:830} INFO - Processing file /home/airflow/.local/lib/python3.11/site-packages/airflow/example_dags/plugins/event_listener.py for tasks to queue
[2026-06-02T05:35:46.004+0000] {logging_mixin.py:188} INFO - [2026-06-02T05:35:46.003+0000] {dagbag.py:545} INFO - Filling up the DagBag from /home/airflow/.local/lib/python3.11/site-packages/airflow/example_dags/plugins/event_listener.py
[2026-06-02T05:35:46.009+0000] {processor.py:842} WARNING - No viable dags retrieved from /home/airflow/.local/lib/python3.11/site-packages/airflow/example_dags/plugins/event_listener.py
[2026-06-02T05:35:46.068+0000] {processor.py:183} INFO - Processing /home/airflow/.local/lib/python3.11/site-packages/airflow/example_dags/plugins/event_listener.py took 0.133 seconds
[2026-06-02T05:36:17.496+0000] {processor.py:161} INFO - Started process (PID=25618) to work on /home/airflow/.local/lib/python3.11/site-packages/airflow/example_dags/plugins/event_listener.py
[2026-06-02T05:36:17.516+0000] {processor.py:830} INFO - Processing file /home/airflow/.local/lib/python3.11/site-packages/airflow/example_dags/plugins/event_listener.py for tasks to queue
[2026-06-02T05:36:17.547+0000] {logging_mixin.py:188} INFO - [2026-06-02T05:36:17.546+0000] {dagbag.py:545} INFO - Filling up the DagBag from /home/airflow/.local/lib/python3.11/site-packages/airflow/example_dags/plugins/event_listener.py
[2026-06-02T05:36:17.558+0000] {processor.py:842} WARNING - No viable dags retrieved from /home/airflow/.local/lib/python3.11/site-packages/airflow/example_dags/plugins/event_listener.py
[2026-06-02T05:36:17.635+0000] {processor.py:183} INFO - Processing /home/airflow/.local/lib/python3.11/site-packages/airflow/example_dags/plugins/event_listener.py took 0.282 seconds
[2026-06-02T05:36:51.666+0000] {processor.py:161} INFO - Started process (PID=25897) to work on /home/airflow/.local/lib/python3.11/site-packages/airflow/example_dags/plugins/event_listener.py
[2026-06-02T05:36:51.670+0000] {processor.py:830} INFO - Processing file /home/airflow/.local/lib/python3.11/site-packages/airflow/example_dags/plugins/event_listener.py for tasks to queue
[2026-06-02T05:36:51.672+0000] {logging_mixin.py:188} INFO - [2026-06-02T05:36:51.672+0000] {dagbag.py:545} INFO - Filling up the DagBag from /home/airflow/.local/lib/python3.11/site-packages/airflow/example_dags/plugins/event_listener.py
[2026-06-02T05:36:51.675+0000] {processor.py:842} WARNING - No viable dags retrieved from /home/airflow/.local/lib/python3.11/site-packages/airflow/example_dags/plugins/event_listener.py
[2026-06-02T05:36:51.706+0000] {processor.py:183} INFO - Processing /home/airflow/.local/lib/python3.11/site-packages/airflow/example_dags/plugins/event_listener.py took 0.051 seconds
[2026-06-02T05:37:29.367+0000] {processor.py:161} INFO - Started process (PID=26200) to work on /home/airflow/.local/lib/python3.11/site-packages/airflow/example_dags/plugins/event_listener.py
[2026-06-02T05:37:29.378+0000] {processor.py:830} INFO - Processing file /home/airflow/.local/lib/python3.11/site-packages/airflow/example_dags/plugins/event_listener.py for tasks to queue
[2026-06-02T05:37:29.380+0000] {logging_mixin.py:188} INFO - [2026-06-02T05:37:29.380+0000] {dagbag.py:545} INFO - Filling up the DagBag from /home/airflow/.local/lib/python3.11/site-packages/airflow/example_dags/plugins/event_listener.py
[2026-06-02T05:37:29.384+0000] {processor.py:842} WARNING - No viable dags retrieved from /home/airflow/.local/lib/python3.11/site-packages/airflow/example_dags/plugins/event_listener.py
[2026-06-02T05:37:29.460+0000] {processor.py:183} INFO - Processing /home/airflow/.local/lib/python3.11/site-packages/airflow/example_dags/plugins/event_listener.py took 0.105 seconds
[2026-06-02T05:38:12.642+0000] {processor.py:161} INFO - Started process (PID=26509) to work on /home/airflow/.local/lib/python3.11/site-packages/airflow/example_dags/plugins/event_listener.py
[2026-06-02T05:38:12.651+0000] {processor.py:830} INFO - Processing file /home/airflow/.local/lib/python3.11/site-packages/airflow/example_dags/plugins/event_listener.py for tasks to queue
[2026-06-02T05:38:12.668+0000] {logging_mixin.py:188} INFO - [2026-06-02T05:38:12.667+0000] {dagbag.py:545} INFO - Filling up the DagBag from /home/airflow/.local/lib/python3.11/site-packages/airflow/example_dags/plugins/event_listener.py
[2026-06-02T05:38:12.693+0000] {processor.py:842} WARNING - No viable dags retrieved from /home/airflow/.local/lib/python3.11/site-packages/airflow/example_dags/plugins/event_listener.py
[2026-06-02T05:38:12.767+0000] {processor.py:183} INFO - Processing /home/airflow/.local/lib/python3.11/site-packages/airflow/example_dags/plugins/event_listener.py took 0.181 seconds
[2026-06-02T05:39:07.768+0000] {processor.py:161} INFO - Started process (PID=437) to work on /home/airflow/.local/lib/python3.11/site-packages/airflow/example_dags/plugins/event_listener.py
[2026-06-02T05:39:07.770+0000] {processor.py:830} INFO - Processing file /home/airflow/.local/lib/python3.11/site-packages/airflow/example_dags/plugins/event_listener.py for tasks to queue
[2026-06-02T05:39:07.774+0000] {logging_mixin.py:188} INFO - [2026-06-02T05:39:07.773+0000] {dagbag.py:545} INFO - Filling up the DagBag from /home/airflow/.local/lib/python3.11/site-packages/airflow/example_dags/plugins/event_listener.py
[2026-06-02T05:39:07.778+0000] {processor.py:842} WARNING - No viable dags retrieved from /home/airflow/.local/lib/python3.11/site-packages/airflow/example_dags/plugins/event_listener.py
[2026-06-02T05:39:07.806+0000] {processor.py:183} INFO - Processing /home/airflow/.local/lib/python3.11/site-packages/airflow/example_dags/plugins/event_listener.py took 0.049 seconds
[2026-06-02T05:39:39.550+0000] {processor.py:161} INFO - Started process (PID=713) to work on /home/airflow/.local/lib/python3.11/site-packages/airflow/example_dags/plugins/event_listener.py
[2026-06-02T05:39:39.551+0000] {processor.py:830} INFO - Processing file /home/airflow/.local/lib/python3.11/site-packages/airflow/example_dags/plugins/event_listener.py for tasks to queue
[2026-06-02T05:39:39.553+0000] {logging_mixin.py:188} INFO - [2026-06-02T05:39:39.552+0000] {dagbag.py:545} INFO - Filling up the DagBag from /home/airflow/.local/lib/python3.11/site-packages/airflow/example_dags/plugins/event_listener.py
[2026-06-02T05:39:39.555+0000] {processor.py:842} WARNING - No viable dags retrieved from /home/airflow/.local/lib/python3.11/site-packages/airflow/example_dags/plugins/event_listener.py
[2026-06-02T05:39:39.570+0000] {processor.py:183} INFO - Processing /home/airflow/.local/lib/python3.11/site-packages/airflow/example_dags/plugins/event_listener.py took 0.026 seconds
[2026-06-02T05:40:09.897+0000] {processor.py:161} INFO - Started process (PID=985) to work on /home/airflow/.local/lib/python3.11/site-packages/airflow/example_dags/plugins/event_listener.py
[2026-06-02T05:40:09.898+0000] {processor.py:830} INFO - Processing file /home/airflow/.local/lib/python3.11/site-packages/airflow/example_dags/plugins/event_listener.py for tasks to queue
[2026-06-02T05:40:09.902+0000] {logging_mixin.py:188} INFO - [2026-06-02T05:40:09.902+0000] {dagbag.py:545} INFO - Filling up the DagBag from /home/airflow/.local/lib/python3.11/site-packages/airflow/example_dags/plugins/event_listener.py
[2026-06-02T05:40:09.904+0000] {processor.py:842} WARNING - No viable dags retrieved from /home/airflow/.local/lib/python3.11/site-packages/airflow/example_dags/plugins/event_listener.py
[2026-06-02T05:40:09.920+0000] {processor.py:183} INFO - Processing /home/airflow/.local/lib/python3.11/site-packages/airflow/example_dags/plugins/event_listener.py took 0.029 seconds
[2026-06-02T05:40:40.633+0000] {processor.py:161} INFO - Started process (PID=1259) to work on /home/airflow/.local/lib/python3.11/site-packages/airflow/example_dags/plugins/event_listener.py
[2026-06-02T05:40:40.635+0000] {processor.py:830} INFO - Processing file /home/airflow/.local/lib/python3.11/site-packages/airflow/example_dags/plugins/event_listener.py for tasks to queue
[2026-06-02T05:40:40.637+0000] {logging_mixin.py:188} INFO - [2026-06-02T05:40:40.636+0000] {dagbag.py:545} INFO - Filling up the DagBag from /home/airflow/.local/lib/python3.11/site-packages/airflow/example_dags/plugins/event_listener.py
[2026-06-02T05:40:40.639+0000] {processor.py:842} WARNING - No viable dags retrieved from /home/airflow/.local/lib/python3.11/site-packages/airflow/example_dags/plugins/event_listener.py
[2026-06-02T05:40:40.656+0000] {processor.py:183} INFO - Processing /home/airflow/.local/lib/python3.11/site-packages/airflow/example_dags/plugins/event_listener.py took 0.030 seconds
[2026-06-02T05:41:12.068+0000] {processor.py:161} INFO - Started process (PID=1563) to work on /home/airflow/.local/lib/python3.11/site-packages/airflow/example_dags/plugins/event_listener.py
[2026-06-02T05:41:12.070+0000] {processor.py:830} INFO - Processing file /home/airflow/.local/lib/python3.11/site-packages/airflow/example_dags/plugins/event_listener.py for tasks to queue
[2026-06-02T05:41:12.074+0000] {logging_mixin.py:188} INFO - [2026-06-02T05:41:12.073+0000] {dagbag.py:545} INFO - Filling up the DagBag from /home/airflow/.local/lib/python3.11/site-packages/airflow/example_dags/plugins/event_listener.py
[2026-06-02T05:41:12.077+0000] {processor.py:842} WARNING - No viable dags retrieved from /home/airflow/.local/lib/python3.11/site-packages/airflow/example_dags/plugins/event_listener.py
[2026-06-02T05:41:12.100+0000] {processor.py:183} INFO - Processing /home/airflow/.local/lib/python3.11/site-packages/airflow/example_dags/plugins/event_listener.py took 0.042 seconds
[2026-06-02T05:41:43.232+0000] {processor.py:161} INFO - Started process (PID=1835) to work on /home/airflow/.local/lib/python3.11/site-packages/airflow/example_dags/plugins/event_listener.py
[2026-06-02T05:41:43.234+0000] {processor.py:830} INFO - Processing file /home/airflow/.local/lib/python3.11/site-packages/airflow/example_dags/plugins/event_listener.py for tasks to queue
[2026-06-02T05:41:43.236+0000] {logging_mixin.py:188} INFO - [2026-06-02T05:41:43.236+0000] {dagbag.py:545} INFO - Filling up the DagBag from /home/airflow/.local/lib/python3.11/site-packages/airflow/example_dags/plugins/event_listener.py
[2026-06-02T05:41:43.239+0000] {processor.py:842} WARNING - No viable dags retrieved from /home/airflow/.local/lib/python3.11/site-packages/airflow/example_dags/plugins/event_listener.py
[2026-06-02T05:41:43.256+0000] {processor.py:183} INFO - Processing /home/airflow/.local/lib/python3.11/site-packages/airflow/example_dags/plugins/event_listener.py took 0.031 seconds
[2026-06-02T05:42:13.806+0000] {processor.py:161} INFO - Started process (PID=2116) to work on /home/airflow/.local/lib/python3.11/site-packages/airflow/example_dags/plugins/event_listener.py
[2026-06-02T05:42:13.812+0000] {processor.py:830} INFO - Processing file /home/airflow/.local/lib/python3.11/site-packages/airflow/example_dags/plugins/event_listener.py for tasks to queue
[2026-06-02T05:42:13.821+0000] {logging_mixin.py:188} INFO - [2026-06-02T05:42:13.820+0000] {dagbag.py:545} INFO - Filling up the DagBag from /home/airflow/.local/lib/python3.11/site-packages/airflow/example_dags/plugins/event_listener.py
[2026-06-02T05:42:13.824+0000] {processor.py:842} WARNING - No viable dags retrieved from /home/airflow/.local/lib/python3.11/site-packages/airflow/example_dags/plugins/event_listener.py
[2026-06-02T05:42:13.863+0000] {processor.py:183} INFO - Processing /home/airflow/.local/lib/python3.11/site-packages/airflow/example_dags/plugins/event_listener.py took 0.077 seconds
[2026-06-02T05:42:43.915+0000] {processor.py:161} INFO - Started process (PID=2380) to work on /home/airflow/.local/lib/python3.11/site-packages/airflow/example_dags/plugins/event_listener.py
[2026-06-02T05:42:43.917+0000] {processor.py:830} INFO - Processing file /home/airflow/.local/lib/python3.11/site-packages/airflow/example_dags/plugins/event_listener.py for tasks to queue
[2026-06-02T05:42:43.919+0000] {logging_mixin.py:188} INFO - [2026-06-02T05:42:43.919+0000] {dagbag.py:545} INFO - Filling up the DagBag from /home/airflow/.local/lib/python3.11/site-packages/airflow/example_dags/plugins/event_listener.py
[2026-06-02T05:42:43.922+0000] {processor.py:842} WARNING - No viable dags retrieved from /home/airflow/.local/lib/python3.11/site-packages/airflow/example_dags/plugins/event_listener.py
[2026-06-02T05:42:43.941+0000] {processor.py:183} INFO - Processing /home/airflow/.local/lib/python3.11/site-packages/airflow/example_dags/plugins/event_listener.py took 0.035 seconds
[2026-06-02T05:43:14.520+0000] {processor.py:161} INFO - Started process (PID=2654) to work on /home/airflow/.local/lib/python3.11/site-packages/airflow/example_dags/plugins/event_listener.py
[2026-06-02T05:43:14.522+0000] {processor.py:830} INFO - Processing file /home/airflow/.local/lib/python3.11/site-packages/airflow/example_dags/plugins/event_listener.py for tasks to queue
[2026-06-02T05:43:14.524+0000] {logging_mixin.py:188} INFO - [2026-06-02T05:43:14.524+0000] {dagbag.py:545} INFO - Filling up the DagBag from /home/airflow/.local/lib/python3.11/site-packages/airflow/example_dags/plugins/event_listener.py
[2026-06-02T05:43:14.527+0000] {processor.py:842} WARNING - No viable dags retrieved from /home/airflow/.local/lib/python3.11/site-packages/airflow/example_dags/plugins/event_listener.py
[2026-06-02T05:43:14.545+0000] {processor.py:183} INFO - Processing /home/airflow/.local/lib/python3.11/site-packages/airflow/example_dags/plugins/event_listener.py took 0.032 seconds
[2026-06-02T05:43:45.005+0000] {processor.py:161} INFO - Started process (PID=2945) to work on /home/airflow/.local/lib/python3.11/site-packages/airflow/example_dags/plugins/event_listener.py
[2026-06-02T05:43:45.006+0000] {processor.py:830} INFO - Processing file /home/airflow/.local/lib/python3.11/site-packages/airflow/example_dags/plugins/event_listener.py for tasks to queue
[2026-06-02T05:43:45.008+0000] {logging_mixin.py:188} INFO - [2026-06-02T05:43:45.008+0000] {dagbag.py:545} INFO - Filling up the DagBag from /home/airflow/.local/lib/python3.11/site-packages/airflow/example_dags/plugins/event_listener.py
[2026-06-02T05:43:45.010+0000] {processor.py:842} WARNING - No viable dags retrieved from /home/airflow/.local/lib/python3.11/site-packages/airflow/example_dags/plugins/event_listener.py
[2026-06-02T05:43:45.023+0000] {processor.py:183} INFO - Processing /home/airflow/.local/lib/python3.11/site-packages/airflow/example_dags/plugins/event_listener.py took 0.023 seconds
[2026-06-02T05:44:18.044+0000] {processor.py:161} INFO - Started process (PID=3288) to work on /home/airflow/.local/lib/python3.11/site-packages/airflow/example_dags/plugins/event_listener.py
[2026-06-02T05:44:18.051+0000] {processor.py:830} INFO - Processing file /home/airflow/.local/lib/python3.11/site-packages/airflow/example_dags/plugins/event_listener.py for tasks to queue
[2026-06-02T05:44:18.072+0000] {logging_mixin.py:188} INFO - [2026-06-02T05:44:18.070+0000] {dagbag.py:545} INFO - Filling up the DagBag from /home/airflow/.local/lib/python3.11/site-packages/airflow/example_dags/plugins/event_listener.py
[2026-06-02T05:44:18.091+0000] {processor.py:842} WARNING - No viable dags retrieved from /home/airflow/.local/lib/python3.11/site-packages/airflow/example_dags/plugins/event_listener.py
[2026-06-02T05:44:18.127+0000] {processor.py:183} INFO - Processing /home/airflow/.local/lib/python3.11/site-packages/airflow/example_dags/plugins/event_listener.py took 0.121 seconds
[2026-06-02T05:44:49.087+0000] {processor.py:161} INFO - Started process (PID=3564) to work on /home/airflow/.local/lib/python3.11/site-packages/airflow/example_dags/plugins/event_listener.py
[2026-06-02T05:44:49.092+0000] {processor.py:830} INFO - Processing file /home/airflow/.local/lib/python3.11/site-packages/airflow/example_dags/plugins/event_listener.py for tasks to queue
[2026-06-02T05:44:49.096+0000] {logging_mixin.py:188} INFO - [2026-06-02T05:44:49.095+0000] {dagbag.py:545} INFO - Filling up the DagBag from /home/airflow/.local/lib/python3.11/site-packages/airflow/example_dags/plugins/event_listener.py
[2026-06-02T05:44:49.101+0000] {processor.py:842} WARNING - No viable dags retrieved from /home/airflow/.local/lib/python3.11/site-packages/airflow/example_dags/plugins/event_listener.py
[2026-06-02T05:44:49.173+0000] {processor.py:183} INFO - Processing /home/airflow/.local/lib/python3.11/site-packages/airflow/example_dags/plugins/event_listener.py took 0.099 seconds
[2026-06-02T05:45:20.037+0000] {processor.py:161} INFO - Started process (PID=3840) to work on /home/airflow/.local/lib/python3.11/site-packages/airflow/example_dags/plugins/event_listener.py
[2026-06-02T05:45:20.042+0000] {processor.py:830} INFO - Processing file /home/airflow/.local/lib/python3.11/site-packages/airflow/example_dags/plugins/event_listener.py for tasks to queue
[2026-06-02T05:45:20.047+0000] {logging_mixin.py:188} INFO - [2026-06-02T05:45:20.046+0000] {dagbag.py:545} INFO - Filling up the DagBag from /home/airflow/.local/lib/python3.11/site-packages/airflow/example_dags/plugins/event_listener.py
[2026-06-02T05:45:20.051+0000] {processor.py:842} WARNING - No viable dags retrieved from /home/airflow/.local/lib/python3.11/site-packages/airflow/example_dags/plugins/event_listener.py
[2026-06-02T05:45:20.092+0000] {processor.py:183} INFO - Processing /home/airflow/.local/lib/python3.11/site-packages/airflow/example_dags/plugins/event_listener.py took 0.072 seconds
[2026-06-02T05:45:50.830+0000] {processor.py:161} INFO - Started process (PID=4116) to work on /home/airflow/.local/lib/python3.11/site-packages/airflow/example_dags/plugins/event_listener.py
[2026-06-02T05:45:50.832+0000] {processor.py:830} INFO - Processing file /home/airflow/.local/lib/python3.11/site-packages/airflow/example_dags/plugins/event_listener.py for tasks to queue
[2026-06-02T05:45:50.837+0000] {logging_mixin.py:188} INFO - [2026-06-02T05:45:50.836+0000] {dagbag.py:545} INFO - Filling up the DagBag from /home/airflow/.local/lib/python3.11/site-packages/airflow/example_dags/plugins/event_listener.py
[2026-06-02T05:45:50.841+0000] {processor.py:842} WARNING - No viable dags retrieved from /home/airflow/.local/lib/python3.11/site-packages/airflow/example_dags/plugins/event_listener.py
[2026-06-02T05:45:50.868+0000] {processor.py:183} INFO - Processing /home/airflow/.local/lib/python3.11/site-packages/airflow/example_dags/plugins/event_listener.py took 0.052 seconds
[2026-06-02T05:46:21.550+0000] {processor.py:161} INFO - Started process (PID=4390) to work on /home/airflow/.local/lib/python3.11/site-packages/airflow/example_dags/plugins/event_listener.py
[2026-06-02T05:46:21.553+0000] {processor.py:830} INFO - Processing file /home/airflow/.local/lib/python3.11/site-packages/airflow/example_dags/plugins/event_listener.py for tasks to queue
[2026-06-02T05:46:21.557+0000] {logging_mixin.py:188} INFO - [2026-06-02T05:46:21.556+0000] {dagbag.py:545} INFO - Filling up the DagBag from /home/airflow/.local/lib/python3.11/site-packages/airflow/example_dags/plugins/event_listener.py
[2026-06-02T05:46:21.561+0000] {processor.py:842} WARNING - No viable dags retrieved from /home/airflow/.local/lib/python3.11/site-packages/airflow/example_dags/plugins/event_listener.py
[2026-06-02T05:46:21.588+0000] {processor.py:183} INFO - Processing /home/airflow/.local/lib/python3.11/site-packages/airflow/example_dags/plugins/event_listener.py took 0.052 seconds
[2026-06-02T05:46:52.071+0000] {processor.py:161} INFO - Started process (PID=4708) to work on /home/airflow/.local/lib/python3.11/site-packages/airflow/example_dags/plugins/event_listener.py
[2026-06-02T05:46:52.073+0000] {processor.py:830} INFO - Processing file /home/airflow/.local/lib/python3.11/site-packages/airflow/example_dags/plugins/event_listener.py for tasks to queue
[2026-06-02T05:46:52.076+0000] {logging_mixin.py:188} INFO - [2026-06-02T05:46:52.076+0000] {dagbag.py:545} INFO - Filling up the DagBag from /home/airflow/.local/lib/python3.11/site-packages/airflow/example_dags/plugins/event_listener.py
[2026-06-02T05:46:52.081+0000] {processor.py:842} WARNING - No viable dags retrieved from /home/airflow/.local/lib/python3.11/site-packages/airflow/example_dags/plugins/event_listener.py
[2026-06-02T05:46:52.105+0000] {processor.py:183} INFO - Processing /home/airflow/.local/lib/python3.11/site-packages/airflow/example_dags/plugins/event_listener.py took 0.046 seconds
[2026-06-02T05:47:37.644+0000] {processor.py:161} INFO - Started process (PID=437) to work on /home/airflow/.local/lib/python3.11/site-packages/airflow/example_dags/plugins/event_listener.py
[2026-06-02T05:47:37.645+0000] {processor.py:830} INFO - Processing file /home/airflow/.local/lib/python3.11/site-packages/airflow/example_dags/plugins/event_listener.py for tasks to queue
[2026-06-02T05:47:37.650+0000] {logging_mixin.py:188} INFO - [2026-06-02T05:47:37.650+0000] {dagbag.py:545} INFO - Filling up the DagBag from /home/airflow/.local/lib/python3.11/site-packages/airflow/example_dags/plugins/event_listener.py
[2026-06-02T05:47:37.654+0000] {processor.py:842} WARNING - No viable dags retrieved from /home/airflow/.local/lib/python3.11/site-packages/airflow/example_dags/plugins/event_listener.py
[2026-06-02T05:47:37.674+0000] {processor.py:183} INFO - Processing /home/airflow/.local/lib/python3.11/site-packages/airflow/example_dags/plugins/event_listener.py took 0.039 seconds
[2026-06-02T05:48:09.950+0000] {processor.py:161} INFO - Started process (PID=734) to work on /home/airflow/.local/lib/python3.11/site-packages/airflow/example_dags/plugins/event_listener.py
[2026-06-02T05:48:09.952+0000] {processor.py:830} INFO - Processing file /home/airflow/.local/lib/python3.11/site-packages/airflow/example_dags/plugins/event_listener.py for tasks to queue
[2026-06-02T05:48:09.955+0000] {logging_mixin.py:188} INFO - [2026-06-02T05:48:09.954+0000] {dagbag.py:545} INFO - Filling up the DagBag from /home/airflow/.local/lib/python3.11/site-packages/airflow/example_dags/plugins/event_listener.py
[2026-06-02T05:48:09.958+0000] {processor.py:842} WARNING - No viable dags retrieved from /home/airflow/.local/lib/python3.11/site-packages/airflow/example_dags/plugins/event_listener.py
[2026-06-02T05:48:09.979+0000] {processor.py:183} INFO - Processing /home/airflow/.local/lib/python3.11/site-packages/airflow/example_dags/plugins/event_listener.py took 0.038 seconds
[2026-06-02T05:48:40.050+0000] {processor.py:161} INFO - Started process (PID=1005) to work on /home/airflow/.local/lib/python3.11/site-packages/airflow/example_dags/plugins/event_listener.py
[2026-06-02T05:48:40.053+0000] {processor.py:830} INFO - Processing file /home/airflow/.local/lib/python3.11/site-packages/airflow/example_dags/plugins/event_listener.py for tasks to queue
[2026-06-02T05:48:40.057+0000] {logging_mixin.py:188} INFO - [2026-06-02T05:48:40.056+0000] {dagbag.py:545} INFO - Filling up the DagBag from /home/airflow/.local/lib/python3.11/site-packages/airflow/example_dags/plugins/event_listener.py
[2026-06-02T05:48:40.060+0000] {processor.py:842} WARNING - No viable dags retrieved from /home/airflow/.local/lib/python3.11/site-packages/airflow/example_dags/plugins/event_listener.py
[2026-06-02T05:48:40.081+0000] {processor.py:183} INFO - Processing /home/airflow/.local/lib/python3.11/site-packages/airflow/example_dags/plugins/event_listener.py took 0.040 seconds
[2026-06-02T05:49:11.897+0000] {processor.py:161} INFO - Started process (PID=1294) to work on /home/airflow/.local/lib/python3.11/site-packages/airflow/example_dags/plugins/event_listener.py
[2026-06-02T05:49:11.898+0000] {processor.py:830} INFO - Processing file /home/airflow/.local/lib/python3.11/site-packages/airflow/example_dags/plugins/event_listener.py for tasks to queue
[2026-06-02T05:49:11.901+0000] {logging_mixin.py:188} INFO - [2026-06-02T05:49:11.900+0000] {dagbag.py:545} INFO - Filling up the DagBag from /home/airflow/.local/lib/python3.11/site-packages/airflow/example_dags/plugins/event_listener.py
[2026-06-02T05:49:11.905+0000] {processor.py:842} WARNING - No viable dags retrieved from /home/airflow/.local/lib/python3.11/site-packages/airflow/example_dags/plugins/event_listener.py
[2026-06-02T05:49:11.925+0000] {processor.py:183} INFO - Processing /home/airflow/.local/lib/python3.11/site-packages/airflow/example_dags/plugins/event_listener.py took 0.036 seconds
[2026-06-02T05:49:44.355+0000] {processor.py:161} INFO - Started process (PID=1570) to work on /home/airflow/.local/lib/python3.11/site-packages/airflow/example_dags/plugins/event_listener.py
[2026-06-02T05:49:44.357+0000] {processor.py:830} INFO - Processing file /home/airflow/.local/lib/python3.11/site-packages/airflow/example_dags/plugins/event_listener.py for tasks to queue
[2026-06-02T05:49:44.359+0000] {logging_mixin.py:188} INFO - [2026-06-02T05:49:44.359+0000] {dagbag.py:545} INFO - Filling up the DagBag from /home/airflow/.local/lib/python3.11/site-packages/airflow/example_dags/plugins/event_listener.py
[2026-06-02T05:49:44.362+0000] {processor.py:842} WARNING - No viable dags retrieved from /home/airflow/.local/lib/python3.11/site-packages/airflow/example_dags/plugins/event_listener.py
[2026-06-02T05:49:44.383+0000] {processor.py:183} INFO - Processing /home/airflow/.local/lib/python3.11/site-packages/airflow/example_dags/plugins/event_listener.py took 0.035 seconds
[2026-06-02T05:50:15.972+0000] {processor.py:161} INFO - Started process (PID=1846) to work on /home/airflow/.local/lib/python3.11/site-packages/airflow/example_dags/plugins/event_listener.py
[2026-06-02T05:50:15.974+0000] {processor.py:830} INFO - Processing file /home/airflow/.local/lib/python3.11/site-packages/airflow/example_dags/plugins/event_listener.py for tasks to queue
[2026-06-02T05:50:15.976+0000] {logging_mixin.py:188} INFO - [2026-06-02T05:50:15.976+0000] {dagbag.py:545} INFO - Filling up the DagBag from /home/airflow/.local/lib/python3.11/site-packages/airflow/example_dags/plugins/event_listener.py
[2026-06-02T05:50:15.980+0000] {processor.py:842} WARNING - No viable dags retrieved from /home/airflow/.local/lib/python3.11/site-packages/airflow/example_dags/plugins/event_listener.py
[2026-06-02T05:50:16.004+0000] {processor.py:183} INFO - Processing /home/airflow/.local/lib/python3.11/site-packages/airflow/example_dags/plugins/event_listener.py took 0.040 seconds
[2026-06-02T05:50:46.259+0000] {processor.py:161} INFO - Started process (PID=2108) to work on /home/airflow/.local/lib/python3.11/site-packages/airflow/example_dags/plugins/event_listener.py
[2026-06-02T05:50:46.261+0000] {processor.py:830} INFO - Processing file /home/airflow/.local/lib/python3.11/site-packages/airflow/example_dags/plugins/event_listener.py for tasks to queue
[2026-06-02T05:50:46.265+0000] {logging_mixin.py:188} INFO - [2026-06-02T05:50:46.264+0000] {dagbag.py:545} INFO - Filling up the DagBag from /home/airflow/.local/lib/python3.11/site-packages/airflow/example_dags/plugins/event_listener.py
[2026-06-02T05:50:46.270+0000] {processor.py:842} WARNING - No viable dags retrieved from /home/airflow/.local/lib/python3.11/site-packages/airflow/example_dags/plugins/event_listener.py
[2026-06-02T05:50:46.293+0000] {processor.py:183} INFO - Processing /home/airflow/.local/lib/python3.11/site-packages/airflow/example_dags/plugins/event_listener.py took 0.047 seconds
[2026-06-02T05:51:16.544+0000] {processor.py:161} INFO - Started process (PID=2392) to work on /home/airflow/.local/lib/python3.11/site-packages/airflow/example_dags/plugins/event_listener.py
[2026-06-02T05:51:16.546+0000] {processor.py:830} INFO - Processing file /home/airflow/.local/lib/python3.11/site-packages/airflow/example_dags/plugins/event_listener.py for tasks to queue
[2026-06-02T05:51:16.548+0000] {logging_mixin.py:188} INFO - [2026-06-02T05:51:16.547+0000] {dagbag.py:545} INFO - Filling up the DagBag from /home/airflow/.local/lib/python3.11/site-packages/airflow/example_dags/plugins/event_listener.py
[2026-06-02T05:51:16.550+0000] {processor.py:842} WARNING - No viable dags retrieved from /home/airflow/.local/lib/python3.11/site-packages/airflow/example_dags/plugins/event_listener.py
[2026-06-02T05:51:16.565+0000] {processor.py:183} INFO - Processing /home/airflow/.local/lib/python3.11/site-packages/airflow/example_dags/plugins/event_listener.py took 0.028 seconds
[2026-06-02T05:51:47.125+0000] {processor.py:161} INFO - Started process (PID=2674) to work on /home/airflow/.local/lib/python3.11/site-packages/airflow/example_dags/plugins/event_listener.py
[2026-06-02T05:51:47.126+0000] {processor.py:830} INFO - Processing file /home/airflow/.local/lib/python3.11/site-packages/airflow/example_dags/plugins/event_listener.py for tasks to queue
[2026-06-02T05:51:47.129+0000] {logging_mixin.py:188} INFO - [2026-06-02T05:51:47.128+0000] {dagbag.py:545} INFO - Filling up the DagBag from /home/airflow/.local/lib/python3.11/site-packages/airflow/example_dags/plugins/event_listener.py
[2026-06-02T05:51:47.132+0000] {processor.py:842} WARNING - No viable dags retrieved from /home/airflow/.local/lib/python3.11/site-packages/airflow/example_dags/plugins/event_listener.py
[2026-06-02T05:51:47.152+0000] {processor.py:183} INFO - Processing /home/airflow/.local/lib/python3.11/site-packages/airflow/example_dags/plugins/event_listener.py took 0.036 seconds
[2026-06-02T05:52:17.324+0000] {processor.py:161} INFO - Started process (PID=2944) to work on /home/airflow/.local/lib/python3.11/site-packages/airflow/example_dags/plugins/event_listener.py
[2026-06-02T05:52:17.326+0000] {processor.py:830} INFO - Processing file /home/airflow/.local/lib/python3.11/site-packages/airflow/example_dags/plugins/event_listener.py for tasks to queue
[2026-06-02T05:52:17.328+0000] {logging_mixin.py:188} INFO - [2026-06-02T05:52:17.328+0000] {dagbag.py:545} INFO - Filling up the DagBag from /home/airflow/.local/lib/python3.11/site-packages/airflow/example_dags/plugins/event_listener.py
[2026-06-02T05:52:17.330+0000] {processor.py:842} WARNING - No viable dags retrieved from /home/airflow/.local/lib/python3.11/site-packages/airflow/example_dags/plugins/event_listener.py
[2026-06-02T05:52:17.344+0000] {processor.py:183} INFO - Processing /home/airflow/.local/lib/python3.11/site-packages/airflow/example_dags/plugins/event_listener.py took 0.026 seconds
[2026-06-02T05:52:47.559+0000] {processor.py:161} INFO - Started process (PID=3220) to work on /home/airflow/.local/lib/python3.11/site-packages/airflow/example_dags/plugins/event_listener.py
[2026-06-02T05:52:47.560+0000] {processor.py:830} INFO - Processing file /home/airflow/.local/lib/python3.11/site-packages/airflow/example_dags/plugins/event_listener.py for tasks to queue
[2026-06-02T05:52:47.562+0000] {logging_mixin.py:188} INFO - [2026-06-02T05:52:47.561+0000] {dagbag.py:545} INFO - Filling up the DagBag from /home/airflow/.local/lib/python3.11/site-packages/airflow/example_dags/plugins/event_listener.py
[2026-06-02T05:52:47.564+0000] {processor.py:842} WARNING - No viable dags retrieved from /home/airflow/.local/lib/python3.11/site-packages/airflow/example_dags/plugins/event_listener.py
[2026-06-02T05:52:47.577+0000] {processor.py:183} INFO - Processing /home/airflow/.local/lib/python3.11/site-packages/airflow/example_dags/plugins/event_listener.py took 0.024 seconds
[2026-06-02T05:53:17.953+0000] {processor.py:161} INFO - Started process (PID=3496) to work on /home/airflow/.local/lib/python3.11/site-packages/airflow/example_dags/plugins/event_listener.py
[2026-06-02T05:53:17.954+0000] {processor.py:830} INFO - Processing file /home/airflow/.local/lib/python3.11/site-packages/airflow/example_dags/plugins/event_listener.py for tasks to queue
[2026-06-02T05:53:17.956+0000] {logging_mixin.py:188} INFO - [2026-06-02T05:53:17.956+0000] {dagbag.py:545} INFO - Filling up the DagBag from /home/airflow/.local/lib/python3.11/site-packages/airflow/example_dags/plugins/event_listener.py
[2026-06-02T05:53:17.959+0000] {processor.py:842} WARNING - No viable dags retrieved from /home/airflow/.local/lib/python3.11/site-packages/airflow/example_dags/plugins/event_listener.py
[2026-06-02T05:53:17.979+0000] {processor.py:183} INFO - Processing /home/airflow/.local/lib/python3.11/site-packages/airflow/example_dags/plugins/event_listener.py took 0.033 seconds
[2026-06-02T05:53:48.371+0000] {processor.py:161} INFO - Started process (PID=3772) to work on /home/airflow/.local/lib/python3.11/site-packages/airflow/example_dags/plugins/event_listener.py
[2026-06-02T05:53:48.372+0000] {processor.py:830} INFO - Processing file /home/airflow/.local/lib/python3.11/site-packages/airflow/example_dags/plugins/event_listener.py for tasks to queue
[2026-06-02T05:53:48.374+0000] {logging_mixin.py:188} INFO - [2026-06-02T05:53:48.374+0000] {dagbag.py:545} INFO - Filling up the DagBag from /home/airflow/.local/lib/python3.11/site-packages/airflow/example_dags/plugins/event_listener.py
[2026-06-02T05:53:48.376+0000] {processor.py:842} WARNING - No viable dags retrieved from /home/airflow/.local/lib/python3.11/site-packages/airflow/example_dags/plugins/event_listener.py
[2026-06-02T05:53:48.389+0000] {processor.py:183} INFO - Processing /home/airflow/.local/lib/python3.11/site-packages/airflow/example_dags/plugins/event_listener.py took 0.024 seconds
[2026-06-02T05:54:18.949+0000] {processor.py:161} INFO - Started process (PID=4054) to work on /home/airflow/.local/lib/python3.11/site-packages/airflow/example_dags/plugins/event_listener.py
[2026-06-02T05:54:18.950+0000] {processor.py:830} INFO - Processing file /home/airflow/.local/lib/python3.11/site-packages/airflow/example_dags/plugins/event_listener.py for tasks to queue
[2026-06-02T05:54:18.952+0000] {logging_mixin.py:188} INFO - [2026-06-02T05:54:18.951+0000] {dagbag.py:545} INFO - Filling up the DagBag from /home/airflow/.local/lib/python3.11/site-packages/airflow/example_dags/plugins/event_listener.py
[2026-06-02T05:54:18.954+0000] {processor.py:842} WARNING - No viable dags retrieved from /home/airflow/.local/lib/python3.11/site-packages/airflow/example_dags/plugins/event_listener.py
[2026-06-02T05:54:18.967+0000] {processor.py:183} INFO - Processing /home/airflow/.local/lib/python3.11/site-packages/airflow/example_dags/plugins/event_listener.py took 0.024 seconds
[2026-06-02T05:54:49.117+0000] {processor.py:161} INFO - Started process (PID=4324) to work on /home/airflow/.local/lib/python3.11/site-packages/airflow/example_dags/plugins/event_listener.py
[2026-06-02T05:54:49.118+0000] {processor.py:830} INFO - Processing file /home/airflow/.local/lib/python3.11/site-packages/airflow/example_dags/plugins/event_listener.py for tasks to queue
[2026-06-02T05:54:49.121+0000] {logging_mixin.py:188} INFO - [2026-06-02T05:54:49.120+0000] {dagbag.py:545} INFO - Filling up the DagBag from /home/airflow/.local/lib/python3.11/site-packages/airflow/example_dags/plugins/event_listener.py
[2026-06-02T05:54:49.123+0000] {processor.py:842} WARNING - No viable dags retrieved from /home/airflow/.local/lib/python3.11/site-packages/airflow/example_dags/plugins/event_listener.py
[2026-06-02T05:54:49.137+0000] {processor.py:183} INFO - Processing /home/airflow/.local/lib/python3.11/site-packages/airflow/example_dags/plugins/event_listener.py took 0.026 seconds
[2026-06-02T05:55:19.692+0000] {processor.py:161} INFO - Started process (PID=4606) to work on /home/airflow/.local/lib/python3.11/site-packages/airflow/example_dags/plugins/event_listener.py
[2026-06-02T05:55:19.693+0000] {processor.py:830} INFO - Processing file /home/airflow/.local/lib/python3.11/site-packages/airflow/example_dags/plugins/event_listener.py for tasks to queue
[2026-06-02T05:55:19.695+0000] {logging_mixin.py:188} INFO - [2026-06-02T05:55:19.694+0000] {dagbag.py:545} INFO - Filling up the DagBag from /home/airflow/.local/lib/python3.11/site-packages/airflow/example_dags/plugins/event_listener.py
[2026-06-02T05:55:19.697+0000] {processor.py:842} WARNING - No viable dags retrieved from /home/airflow/.local/lib/python3.11/site-packages/airflow/example_dags/plugins/event_listener.py
[2026-06-02T05:55:19.712+0000] {processor.py:183} INFO - Processing /home/airflow/.local/lib/python3.11/site-packages/airflow/example_dags/plugins/event_listener.py took 0.026 seconds
[2026-06-02T05:55:49.800+0000] {processor.py:161} INFO - Started process (PID=4877) to work on /home/airflow/.local/lib/python3.11/site-packages/airflow/example_dags/plugins/event_listener.py
[2026-06-02T05:55:49.801+0000] {processor.py:830} INFO - Processing file /home/airflow/.local/lib/python3.11/site-packages/airflow/example_dags/plugins/event_listener.py for tasks to queue
[2026-06-02T05:55:49.803+0000] {logging_mixin.py:188} INFO - [2026-06-02T05:55:49.802+0000] {dagbag.py:545} INFO - Filling up the DagBag from /home/airflow/.local/lib/python3.11/site-packages/airflow/example_dags/plugins/event_listener.py
[2026-06-02T05:55:49.805+0000] {processor.py:842} WARNING - No viable dags retrieved from /home/airflow/.local/lib/python3.11/site-packages/airflow/example_dags/plugins/event_listener.py
[2026-06-02T05:55:49.819+0000] {processor.py:183} INFO - Processing /home/airflow/.local/lib/python3.11/site-packages/airflow/example_dags/plugins/event_listener.py took 0.025 seconds
[2026-06-02T05:56:20.688+0000] {processor.py:161} INFO - Started process (PID=5159) to work on /home/airflow/.local/lib/python3.11/site-packages/airflow/example_dags/plugins/event_listener.py
[2026-06-02T05:56:20.689+0000] {processor.py:830} INFO - Processing file /home/airflow/.local/lib/python3.11/site-packages/airflow/example_dags/plugins/event_listener.py for tasks to queue
[2026-06-02T05:56:20.690+0000] {logging_mixin.py:188} INFO - [2026-06-02T05:56:20.690+0000] {dagbag.py:545} INFO - Filling up the DagBag from /home/airflow/.local/lib/python3.11/site-packages/airflow/example_dags/plugins/event_listener.py
[2026-06-02T05:56:20.692+0000] {processor.py:842} WARNING - No viable dags retrieved from /home/airflow/.local/lib/python3.11/site-packages/airflow/example_dags/plugins/event_listener.py
[2026-06-02T05:56:20.707+0000] {processor.py:183} INFO - Processing /home/airflow/.local/lib/python3.11/site-packages/airflow/example_dags/plugins/event_listener.py took 0.026 seconds
[2026-06-02T05:56:51.220+0000] {processor.py:161} INFO - Started process (PID=5435) to work on /home/airflow/.local/lib/python3.11/site-packages/airflow/example_dags/plugins/event_listener.py
[2026-06-02T05:56:51.221+0000] {processor.py:830} INFO - Processing file /home/airflow/.local/lib/python3.11/site-packages/airflow/example_dags/plugins/event_listener.py for tasks to queue
[2026-06-02T05:56:51.223+0000] {logging_mixin.py:188} INFO - [2026-06-02T05:56:51.223+0000] {dagbag.py:545} INFO - Filling up the DagBag from /home/airflow/.local/lib/python3.11/site-packages/airflow/example_dags/plugins/event_listener.py
[2026-06-02T05:56:51.226+0000] {processor.py:842} WARNING - No viable dags retrieved from /home/airflow/.local/lib/python3.11/site-packages/airflow/example_dags/plugins/event_listener.py
[2026-06-02T05:56:51.245+0000] {processor.py:183} INFO - Processing /home/airflow/.local/lib/python3.11/site-packages/airflow/example_dags/plugins/event_listener.py took 0.032 seconds
[2026-06-02T05:57:21.421+0000] {processor.py:161} INFO - Started process (PID=5705) to work on /home/airflow/.local/lib/python3.11/site-packages/airflow/example_dags/plugins/event_listener.py
[2026-06-02T05:57:21.422+0000] {processor.py:830} INFO - Processing file /home/airflow/.local/lib/python3.11/site-packages/airflow/example_dags/plugins/event_listener.py for tasks to queue
[2026-06-02T05:57:21.424+0000] {logging_mixin.py:188} INFO - [2026-06-02T05:57:21.424+0000] {dagbag.py:545} INFO - Filling up the DagBag from /home/airflow/.local/lib/python3.11/site-packages/airflow/example_dags/plugins/event_listener.py
[2026-06-02T05:57:21.426+0000] {processor.py:842} WARNING - No viable dags retrieved from /home/airflow/.local/lib/python3.11/site-packages/airflow/example_dags/plugins/event_listener.py
[2026-06-02T05:57:21.440+0000] {processor.py:183} INFO - Processing /home/airflow/.local/lib/python3.11/site-packages/airflow/example_dags/plugins/event_listener.py took 0.026 seconds
[2026-06-02T05:57:52.124+0000] {processor.py:161} INFO - Started process (PID=5987) to work on /home/airflow/.local/lib/python3.11/site-packages/airflow/example_dags/plugins/event_listener.py
[2026-06-02T05:57:52.125+0000] {processor.py:830} INFO - Processing file /home/airflow/.local/lib/python3.11/site-packages/airflow/example_dags/plugins/event_listener.py for tasks to queue
[2026-06-02T05:57:52.126+0000] {logging_mixin.py:188} INFO - [2026-06-02T05:57:52.126+0000] {dagbag.py:545} INFO - Filling up the DagBag from /home/airflow/.local/lib/python3.11/site-packages/airflow/example_dags/plugins/event_listener.py
[2026-06-02T05:57:52.129+0000] {processor.py:842} WARNING - No viable dags retrieved from /home/airflow/.local/lib/python3.11/site-packages/airflow/example_dags/plugins/event_listener.py
[2026-06-02T05:57:52.142+0000] {processor.py:183} INFO - Processing /home/airflow/.local/lib/python3.11/site-packages/airflow/example_dags/plugins/event_listener.py took 0.024 seconds
[2026-06-02T05:58:22.240+0000] {processor.py:161} INFO - Started process (PID=6257) to work on /home/airflow/.local/lib/python3.11/site-packages/airflow/example_dags/plugins/event_listener.py
[2026-06-02T05:58:22.241+0000] {processor.py:830} INFO - Processing file /home/airflow/.local/lib/python3.11/site-packages/airflow/example_dags/plugins/event_listener.py for tasks to queue
[2026-06-02T05:58:22.243+0000] {logging_mixin.py:188} INFO - [2026-06-02T05:58:22.242+0000] {dagbag.py:545} INFO - Filling up the DagBag from /home/airflow/.local/lib/python3.11/site-packages/airflow/example_dags/plugins/event_listener.py
[2026-06-02T05:58:22.245+0000] {processor.py:842} WARNING - No viable dags retrieved from /home/airflow/.local/lib/python3.11/site-packages/airflow/example_dags/plugins/event_listener.py
[2026-06-02T05:58:22.259+0000] {processor.py:183} INFO - Processing /home/airflow/.local/lib/python3.11/site-packages/airflow/example_dags/plugins/event_listener.py took 0.026 seconds
[2026-06-02T05:59:24.404+0000] {processor.py:161} INFO - Started process (PID=436) to work on /home/airflow/.local/lib/python3.11/site-packages/airflow/example_dags/plugins/event_listener.py
[2026-06-02T05:59:24.407+0000] {processor.py:830} INFO - Processing file /home/airflow/.local/lib/python3.11/site-packages/airflow/example_dags/plugins/event_listener.py for tasks to queue
[2026-06-02T05:59:24.421+0000] {logging_mixin.py:188} INFO - [2026-06-02T05:59:24.410+0000] {dagbag.py:545} INFO - Filling up the DagBag from /home/airflow/.local/lib/python3.11/site-packages/airflow/example_dags/plugins/event_listener.py
[2026-06-02T05:59:24.439+0000] {processor.py:842} WARNING - No viable dags retrieved from /home/airflow/.local/lib/python3.11/site-packages/airflow/example_dags/plugins/event_listener.py
[2026-06-02T05:59:24.479+0000] {processor.py:183} INFO - Processing /home/airflow/.local/lib/python3.11/site-packages/airflow/example_dags/plugins/event_listener.py took 0.098 seconds
[2026-06-02T05:59:55.445+0000] {processor.py:161} INFO - Started process (PID=711) to work on /home/airflow/.local/lib/python3.11/site-packages/airflow/example_dags/plugins/event_listener.py
[2026-06-02T05:59:55.446+0000] {processor.py:830} INFO - Processing file /home/airflow/.local/lib/python3.11/site-packages/airflow/example_dags/plugins/event_listener.py for tasks to queue
[2026-06-02T05:59:55.448+0000] {logging_mixin.py:188} INFO - [2026-06-02T05:59:55.448+0000] {dagbag.py:545} INFO - Filling up the DagBag from /home/airflow/.local/lib/python3.11/site-packages/airflow/example_dags/plugins/event_listener.py
[2026-06-02T05:59:55.450+0000] {processor.py:842} WARNING - No viable dags retrieved from /home/airflow/.local/lib/python3.11/site-packages/airflow/example_dags/plugins/event_listener.py
[2026-06-02T05:59:55.466+0000] {processor.py:183} INFO - Processing /home/airflow/.local/lib/python3.11/site-packages/airflow/example_dags/plugins/event_listener.py took 0.026 seconds
[2026-06-02T06:00:25.654+0000] {processor.py:161} INFO - Started process (PID=984) to work on /home/airflow/.local/lib/python3.11/site-packages/airflow/example_dags/plugins/event_listener.py
[2026-06-02T06:00:25.655+0000] {processor.py:830} INFO - Processing file /home/airflow/.local/lib/python3.11/site-packages/airflow/example_dags/plugins/event_listener.py for tasks to queue
[2026-06-02T06:00:25.657+0000] {logging_mixin.py:188} INFO - [2026-06-02T06:00:25.656+0000] {dagbag.py:545} INFO - Filling up the DagBag from /home/airflow/.local/lib/python3.11/site-packages/airflow/example_dags/plugins/event_listener.py
[2026-06-02T06:00:25.659+0000] {processor.py:842} WARNING - No viable dags retrieved from /home/airflow/.local/lib/python3.11/site-packages/airflow/example_dags/plugins/event_listener.py
[2026-06-02T06:00:25.672+0000] {processor.py:183} INFO - Processing /home/airflow/.local/lib/python3.11/site-packages/airflow/example_dags/plugins/event_listener.py took 0.024 seconds
[2026-06-02T06:01:35.528+0000] {processor.py:161} INFO - Started process (PID=436) to work on /home/airflow/.local/lib/python3.11/site-packages/airflow/example_dags/plugins/event_listener.py
[2026-06-02T06:01:35.531+0000] {processor.py:830} INFO - Processing file /home/airflow/.local/lib/python3.11/site-packages/airflow/example_dags/plugins/event_listener.py for tasks to queue
[2026-06-02T06:01:35.533+0000] {logging_mixin.py:188} INFO - [2026-06-02T06:01:35.533+0000] {dagbag.py:545} INFO - Filling up the DagBag from /home/airflow/.local/lib/python3.11/site-packages/airflow/example_dags/plugins/event_listener.py
[2026-06-02T06:01:35.536+0000] {processor.py:842} WARNING - No viable dags retrieved from /home/airflow/.local/lib/python3.11/site-packages/airflow/example_dags/plugins/event_listener.py
[2026-06-02T06:01:35.553+0000] {processor.py:183} INFO - Processing /home/airflow/.local/lib/python3.11/site-packages/airflow/example_dags/plugins/event_listener.py took 0.032 seconds
[2026-06-02T06:02:06.250+0000] {processor.py:161} INFO - Started process (PID=706) to work on /home/airflow/.local/lib/python3.11/site-packages/airflow/example_dags/plugins/event_listener.py
[2026-06-02T06:02:06.252+0000] {processor.py:830} INFO - Processing file /home/airflow/.local/lib/python3.11/site-packages/airflow/example_dags/plugins/event_listener.py for tasks to queue
[2026-06-02T06:02:06.255+0000] {logging_mixin.py:188} INFO - [2026-06-02T06:02:06.254+0000] {dagbag.py:545} INFO - Filling up the DagBag from /home/airflow/.local/lib/python3.11/site-packages/airflow/example_dags/plugins/event_listener.py
[2026-06-02T06:02:06.258+0000] {processor.py:842} WARNING - No viable dags retrieved from /home/airflow/.local/lib/python3.11/site-packages/airflow/example_dags/plugins/event_listener.py
[2026-06-02T06:02:06.275+0000] {processor.py:183} INFO - Processing /home/airflow/.local/lib/python3.11/site-packages/airflow/example_dags/plugins/event_listener.py took 0.033 seconds
[2026-06-02T06:02:36.818+0000] {processor.py:161} INFO - Started process (PID=984) to work on /home/airflow/.local/lib/python3.11/site-packages/airflow/example_dags/plugins/event_listener.py
[2026-06-02T06:02:36.819+0000] {processor.py:830} INFO - Processing file /home/airflow/.local/lib/python3.11/site-packages/airflow/example_dags/plugins/event_listener.py for tasks to queue
[2026-06-02T06:02:36.821+0000] {logging_mixin.py:188} INFO - [2026-06-02T06:02:36.821+0000] {dagbag.py:545} INFO - Filling up the DagBag from /home/airflow/.local/lib/python3.11/site-packages/airflow/example_dags/plugins/event_listener.py
[2026-06-02T06:02:36.824+0000] {processor.py:842} WARNING - No viable dags retrieved from /home/airflow/.local/lib/python3.11/site-packages/airflow/example_dags/plugins/event_listener.py
[2026-06-02T06:02:36.839+0000] {processor.py:183} INFO - Processing /home/airflow/.local/lib/python3.11/site-packages/airflow/example_dags/plugins/event_listener.py took 0.028 seconds
[2026-06-02T06:03:08.261+0000] {processor.py:161} INFO - Started process (PID=1292) to work on /home/airflow/.local/lib/python3.11/site-packages/airflow/example_dags/plugins/event_listener.py
[2026-06-02T06:03:08.262+0000] {processor.py:830} INFO - Processing file /home/airflow/.local/lib/python3.11/site-packages/airflow/example_dags/plugins/event_listener.py for tasks to queue
[2026-06-02T06:03:08.264+0000] {logging_mixin.py:188} INFO - [2026-06-02T06:03:08.263+0000] {dagbag.py:545} INFO - Filling up the DagBag from /home/airflow/.local/lib/python3.11/site-packages/airflow/example_dags/plugins/event_listener.py
[2026-06-02T06:03:08.266+0000] {processor.py:842} WARNING - No viable dags retrieved from /home/airflow/.local/lib/python3.11/site-packages/airflow/example_dags/plugins/event_listener.py
[2026-06-02T06:03:08.279+0000] {processor.py:183} INFO - Processing /home/airflow/.local/lib/python3.11/site-packages/airflow/example_dags/plugins/event_listener.py took 0.025 seconds
[2026-06-02T06:03:40.006+0000] {processor.py:161} INFO - Started process (PID=1587) to work on /home/airflow/.local/lib/python3.11/site-packages/airflow/example_dags/plugins/event_listener.py
[2026-06-02T06:03:40.007+0000] {processor.py:830} INFO - Processing file /home/airflow/.local/lib/python3.11/site-packages/airflow/example_dags/plugins/event_listener.py for tasks to queue
[2026-06-02T06:03:40.008+0000] {logging_mixin.py:188} INFO - [2026-06-02T06:03:40.008+0000] {dagbag.py:545} INFO - Filling up the DagBag from /home/airflow/.local/lib/python3.11/site-packages/airflow/example_dags/plugins/event_listener.py
[2026-06-02T06:03:40.010+0000] {processor.py:842} WARNING - No viable dags retrieved from /home/airflow/.local/lib/python3.11/site-packages/airflow/example_dags/plugins/event_listener.py
[2026-06-02T06:03:40.023+0000] {processor.py:183} INFO - Processing /home/airflow/.local/lib/python3.11/site-packages/airflow/example_dags/plugins/event_listener.py took 0.023 seconds
[2026-06-02T06:04:10.583+0000] {processor.py:161} INFO - Started process (PID=1883) to work on /home/airflow/.local/lib/python3.11/site-packages/airflow/example_dags/plugins/event_listener.py
[2026-06-02T06:04:10.585+0000] {processor.py:830} INFO - Processing file /home/airflow/.local/lib/python3.11/site-packages/airflow/example_dags/plugins/event_listener.py for tasks to queue
[2026-06-02T06:04:10.587+0000] {logging_mixin.py:188} INFO - [2026-06-02T06:04:10.586+0000] {dagbag.py:545} INFO - Filling up the DagBag from /home/airflow/.local/lib/python3.11/site-packages/airflow/example_dags/plugins/event_listener.py
[2026-06-02T06:04:10.589+0000] {processor.py:842} WARNING - No viable dags retrieved from /home/airflow/.local/lib/python3.11/site-packages/airflow/example_dags/plugins/event_listener.py
[2026-06-02T06:04:10.606+0000] {processor.py:183} INFO - Processing /home/airflow/.local/lib/python3.11/site-packages/airflow/example_dags/plugins/event_listener.py took 0.033 seconds
[2026-06-02T06:04:41.145+0000] {processor.py:161} INFO - Started process (PID=2144) to work on /home/airflow/.local/lib/python3.11/site-packages/airflow/example_dags/plugins/event_listener.py
[2026-06-02T06:04:41.147+0000] {processor.py:830} INFO - Processing file /home/airflow/.local/lib/python3.11/site-packages/airflow/example_dags/plugins/event_listener.py for tasks to queue
[2026-06-02T06:04:41.149+0000] {logging_mixin.py:188} INFO - [2026-06-02T06:04:41.149+0000] {dagbag.py:545} INFO - Filling up the DagBag from /home/airflow/.local/lib/python3.11/site-packages/airflow/example_dags/plugins/event_listener.py
[2026-06-02T06:04:41.151+0000] {processor.py:842} WARNING - No viable dags retrieved from /home/airflow/.local/lib/python3.11/site-packages/airflow/example_dags/plugins/event_listener.py
[2026-06-02T06:04:41.168+0000] {processor.py:183} INFO - Processing /home/airflow/.local/lib/python3.11/site-packages/airflow/example_dags/plugins/event_listener.py took 0.029 seconds
[2026-06-02T06:05:12.102+0000] {processor.py:161} INFO - Started process (PID=2428) to work on /home/airflow/.local/lib/python3.11/site-packages/airflow/example_dags/plugins/event_listener.py
[2026-06-02T06:05:12.104+0000] {processor.py:830} INFO - Processing file /home/airflow/.local/lib/python3.11/site-packages/airflow/example_dags/plugins/event_listener.py for tasks to queue
[2026-06-02T06:05:12.106+0000] {logging_mixin.py:188} INFO - [2026-06-02T06:05:12.106+0000] {dagbag.py:545} INFO - Filling up the DagBag from /home/airflow/.local/lib/python3.11/site-packages/airflow/example_dags/plugins/event_listener.py
[2026-06-02T06:05:12.109+0000] {processor.py:842} WARNING - No viable dags retrieved from /home/airflow/.local/lib/python3.11/site-packages/airflow/example_dags/plugins/event_listener.py
[2026-06-02T06:05:12.131+0000] {processor.py:183} INFO - Processing /home/airflow/.local/lib/python3.11/site-packages/airflow/example_dags/plugins/event_listener.py took 0.040 seconds
[2026-06-02T06:05:42.447+0000] {processor.py:161} INFO - Started process (PID=2701) to work on /home/airflow/.local/lib/python3.11/site-packages/airflow/example_dags/plugins/event_listener.py
[2026-06-02T06:05:42.448+0000] {processor.py:830} INFO - Processing file /home/airflow/.local/lib/python3.11/site-packages/airflow/example_dags/plugins/event_listener.py for tasks to queue
[2026-06-02T06:05:42.450+0000] {logging_mixin.py:188} INFO - [2026-06-02T06:05:42.450+0000] {dagbag.py:545} INFO - Filling up the DagBag from /home/airflow/.local/lib/python3.11/site-packages/airflow/example_dags/plugins/event_listener.py
[2026-06-02T06:05:42.453+0000] {processor.py:842} WARNING - No viable dags retrieved from /home/airflow/.local/lib/python3.11/site-packages/airflow/example_dags/plugins/event_listener.py
[2026-06-02T06:05:42.467+0000] {processor.py:183} INFO - Processing /home/airflow/.local/lib/python3.11/site-packages/airflow/example_dags/plugins/event_listener.py took 0.027 seconds
[2026-06-02T06:06:12.701+0000] {processor.py:161} INFO - Started process (PID=2977) to work on /home/airflow/.local/lib/python3.11/site-packages/airflow/example_dags/plugins/event_listener.py
[2026-06-02T06:06:12.702+0000] {processor.py:830} INFO - Processing file /home/airflow/.local/lib/python3.11/site-packages/airflow/example_dags/plugins/event_listener.py for tasks to queue
[2026-06-02T06:06:12.704+0000] {logging_mixin.py:188} INFO - [2026-06-02T06:06:12.704+0000] {dagbag.py:545} INFO - Filling up the DagBag from /home/airflow/.local/lib/python3.11/site-packages/airflow/example_dags/plugins/event_listener.py
[2026-06-02T06:06:12.706+0000] {processor.py:842} WARNING - No viable dags retrieved from /home/airflow/.local/lib/python3.11/site-packages/airflow/example_dags/plugins/event_listener.py
[2026-06-02T06:06:12.721+0000] {processor.py:183} INFO - Processing /home/airflow/.local/lib/python3.11/site-packages/airflow/example_dags/plugins/event_listener.py took 0.025 seconds
[2026-06-02T06:06:43.066+0000] {processor.py:161} INFO - Started process (PID=3253) to work on /home/airflow/.local/lib/python3.11/site-packages/airflow/example_dags/plugins/event_listener.py
[2026-06-02T06:06:43.067+0000] {processor.py:830} INFO - Processing file /home/airflow/.local/lib/python3.11/site-packages/airflow/example_dags/plugins/event_listener.py for tasks to queue
[2026-06-02T06:06:43.069+0000] {logging_mixin.py:188} INFO - [2026-06-02T06:06:43.069+0000] {dagbag.py:545} INFO - Filling up the DagBag from /home/airflow/.local/lib/python3.11/site-packages/airflow/example_dags/plugins/event_listener.py
[2026-06-02T06:06:43.071+0000] {processor.py:842} WARNING - No viable dags retrieved from /home/airflow/.local/lib/python3.11/site-packages/airflow/example_dags/plugins/event_listener.py
[2026-06-02T06:06:43.093+0000] {processor.py:183} INFO - Processing /home/airflow/.local/lib/python3.11/site-packages/airflow/example_dags/plugins/event_listener.py took 0.033 seconds
[2026-06-02T06:07:13.462+0000] {processor.py:161} INFO - Started process (PID=3543) to work on /home/airflow/.local/lib/python3.11/site-packages/airflow/example_dags/plugins/event_listener.py
[2026-06-02T06:07:13.463+0000] {processor.py:830} INFO - Processing file /home/airflow/.local/lib/python3.11/site-packages/airflow/example_dags/plugins/event_listener.py for tasks to queue
[2026-06-02T06:07:13.465+0000] {logging_mixin.py:188} INFO - [2026-06-02T06:07:13.464+0000] {dagbag.py:545} INFO - Filling up the DagBag from /home/airflow/.local/lib/python3.11/site-packages/airflow/example_dags/plugins/event_listener.py
[2026-06-02T06:07:13.467+0000] {processor.py:842} WARNING - No viable dags retrieved from /home/airflow/.local/lib/python3.11/site-packages/airflow/example_dags/plugins/event_listener.py
[2026-06-02T06:07:13.479+0000] {processor.py:183} INFO - Processing /home/airflow/.local/lib/python3.11/site-packages/airflow/example_dags/plugins/event_listener.py took 0.023 seconds
[2026-06-02T06:07:43.819+0000] {processor.py:161} INFO - Started process (PID=3819) to work on /home/airflow/.local/lib/python3.11/site-packages/airflow/example_dags/plugins/event_listener.py
[2026-06-02T06:07:43.820+0000] {processor.py:830} INFO - Processing file /home/airflow/.local/lib/python3.11/site-packages/airflow/example_dags/plugins/event_listener.py for tasks to queue
[2026-06-02T06:07:43.822+0000] {logging_mixin.py:188} INFO - [2026-06-02T06:07:43.822+0000] {dagbag.py:545} INFO - Filling up the DagBag from /home/airflow/.local/lib/python3.11/site-packages/airflow/example_dags/plugins/event_listener.py
[2026-06-02T06:07:43.826+0000] {processor.py:842} WARNING - No viable dags retrieved from /home/airflow/.local/lib/python3.11/site-packages/airflow/example_dags/plugins/event_listener.py
[2026-06-02T06:07:43.842+0000] {processor.py:183} INFO - Processing /home/airflow/.local/lib/python3.11/site-packages/airflow/example_dags/plugins/event_listener.py took 0.030 seconds
[2026-06-02T06:08:14.077+0000] {processor.py:161} INFO - Started process (PID=4095) to work on /home/airflow/.local/lib/python3.11/site-packages/airflow/example_dags/plugins/event_listener.py
[2026-06-02T06:08:14.078+0000] {processor.py:830} INFO - Processing file /home/airflow/.local/lib/python3.11/site-packages/airflow/example_dags/plugins/event_listener.py for tasks to queue
[2026-06-02T06:08:14.080+0000] {logging_mixin.py:188} INFO - [2026-06-02T06:08:14.079+0000] {dagbag.py:545} INFO - Filling up the DagBag from /home/airflow/.local/lib/python3.11/site-packages/airflow/example_dags/plugins/event_listener.py
[2026-06-02T06:08:14.082+0000] {processor.py:842} WARNING - No viable dags retrieved from /home/airflow/.local/lib/python3.11/site-packages/airflow/example_dags/plugins/event_listener.py
[2026-06-02T06:08:14.099+0000] {processor.py:183} INFO - Processing /home/airflow/.local/lib/python3.11/site-packages/airflow/example_dags/plugins/event_listener.py took 0.028 seconds
[2026-06-02T06:08:44.541+0000] {processor.py:161} INFO - Started process (PID=4371) to work on /home/airflow/.local/lib/python3.11/site-packages/airflow/example_dags/plugins/event_listener.py
[2026-06-02T06:08:44.542+0000] {processor.py:830} INFO - Processing file /home/airflow/.local/lib/python3.11/site-packages/airflow/example_dags/plugins/event_listener.py for tasks to queue
[2026-06-02T06:08:44.543+0000] {logging_mixin.py:188} INFO - [2026-06-02T06:08:44.543+0000] {dagbag.py:545} INFO - Filling up the DagBag from /home/airflow/.local/lib/python3.11/site-packages/airflow/example_dags/plugins/event_listener.py
[2026-06-02T06:08:44.545+0000] {processor.py:842} WARNING - No viable dags retrieved from /home/airflow/.local/lib/python3.11/site-packages/airflow/example_dags/plugins/event_listener.py
[2026-06-02T06:08:44.559+0000] {processor.py:183} INFO - Processing /home/airflow/.local/lib/python3.11/site-packages/airflow/example_dags/plugins/event_listener.py took 0.024 seconds
[2026-06-02T06:09:15.076+0000] {processor.py:161} INFO - Started process (PID=4647) to work on /home/airflow/.local/lib/python3.11/site-packages/airflow/example_dags/plugins/event_listener.py
[2026-06-02T06:09:15.077+0000] {processor.py:830} INFO - Processing file /home/airflow/.local/lib/python3.11/site-packages/airflow/example_dags/plugins/event_listener.py for tasks to queue
[2026-06-02T06:09:15.079+0000] {logging_mixin.py:188} INFO - [2026-06-02T06:09:15.079+0000] {dagbag.py:545} INFO - Filling up the DagBag from /home/airflow/.local/lib/python3.11/site-packages/airflow/example_dags/plugins/event_listener.py
[2026-06-02T06:09:15.082+0000] {processor.py:842} WARNING - No viable dags retrieved from /home/airflow/.local/lib/python3.11/site-packages/airflow/example_dags/plugins/event_listener.py
[2026-06-02T06:09:15.097+0000] {processor.py:183} INFO - Processing /home/airflow/.local/lib/python3.11/site-packages/airflow/example_dags/plugins/event_listener.py took 0.027 seconds
[2026-06-02T06:09:45.902+0000] {processor.py:161} INFO - Started process (PID=4923) to work on /home/airflow/.local/lib/python3.11/site-packages/airflow/example_dags/plugins/event_listener.py
[2026-06-02T06:09:45.904+0000] {processor.py:830} INFO - Processing file /home/airflow/.local/lib/python3.11/site-packages/airflow/example_dags/plugins/event_listener.py for tasks to queue
[2026-06-02T06:09:45.906+0000] {logging_mixin.py:188} INFO - [2026-06-02T06:09:45.906+0000] {dagbag.py:545} INFO - Filling up the DagBag from /home/airflow/.local/lib/python3.11/site-packages/airflow/example_dags/plugins/event_listener.py
[2026-06-02T06:09:45.909+0000] {processor.py:842} WARNING - No viable dags retrieved from /home/airflow/.local/lib/python3.11/site-packages/airflow/example_dags/plugins/event_listener.py
[2026-06-02T06:09:45.928+0000] {processor.py:183} INFO - Processing /home/airflow/.local/lib/python3.11/site-packages/airflow/example_dags/plugins/event_listener.py took 0.034 seconds
[2026-06-02T06:10:16.273+0000] {processor.py:161} INFO - Started process (PID=5199) to work on /home/airflow/.local/lib/python3.11/site-packages/airflow/example_dags/plugins/event_listener.py
[2026-06-02T06:10:16.274+0000] {processor.py:830} INFO - Processing file /home/airflow/.local/lib/python3.11/site-packages/airflow/example_dags/plugins/event_listener.py for tasks to queue
[2026-06-02T06:10:16.275+0000] {logging_mixin.py:188} INFO - [2026-06-02T06:10:16.275+0000] {dagbag.py:545} INFO - Filling up the DagBag from /home/airflow/.local/lib/python3.11/site-packages/airflow/example_dags/plugins/event_listener.py
[2026-06-02T06:10:16.277+0000] {processor.py:842} WARNING - No viable dags retrieved from /home/airflow/.local/lib/python3.11/site-packages/airflow/example_dags/plugins/event_listener.py
[2026-06-02T06:10:16.291+0000] {processor.py:183} INFO - Processing /home/airflow/.local/lib/python3.11/site-packages/airflow/example_dags/plugins/event_listener.py took 0.023 seconds
[2026-06-02T06:10:46.482+0000] {processor.py:161} INFO - Started process (PID=5475) to work on /home/airflow/.local/lib/python3.11/site-packages/airflow/example_dags/plugins/event_listener.py
[2026-06-02T06:10:46.483+0000] {processor.py:830} INFO - Processing file /home/airflow/.local/lib/python3.11/site-packages/airflow/example_dags/plugins/event_listener.py for tasks to queue
[2026-06-02T06:10:46.486+0000] {logging_mixin.py:188} INFO - [2026-06-02T06:10:46.486+0000] {dagbag.py:545} INFO - Filling up the DagBag from /home/airflow/.local/lib/python3.11/site-packages/airflow/example_dags/plugins/event_listener.py
[2026-06-02T06:10:46.488+0000] {processor.py:842} WARNING - No viable dags retrieved from /home/airflow/.local/lib/python3.11/site-packages/airflow/example_dags/plugins/event_listener.py
[2026-06-02T06:10:46.506+0000] {processor.py:183} INFO - Processing /home/airflow/.local/lib/python3.11/site-packages/airflow/example_dags/plugins/event_listener.py took 0.030 seconds
[2026-06-02T06:11:16.886+0000] {processor.py:161} INFO - Started process (PID=5751) to work on /home/airflow/.local/lib/python3.11/site-packages/airflow/example_dags/plugins/event_listener.py
[2026-06-02T06:11:16.887+0000] {processor.py:830} INFO - Processing file /home/airflow/.local/lib/python3.11/site-packages/airflow/example_dags/plugins/event_listener.py for tasks to queue
[2026-06-02T06:11:16.888+0000] {logging_mixin.py:188} INFO - [2026-06-02T06:11:16.888+0000] {dagbag.py:545} INFO - Filling up the DagBag from /home/airflow/.local/lib/python3.11/site-packages/airflow/example_dags/plugins/event_listener.py
[2026-06-02T06:11:16.890+0000] {processor.py:842} WARNING - No viable dags retrieved from /home/airflow/.local/lib/python3.11/site-packages/airflow/example_dags/plugins/event_listener.py
[2026-06-02T06:11:16.903+0000] {processor.py:183} INFO - Processing /home/airflow/.local/lib/python3.11/site-packages/airflow/example_dags/plugins/event_listener.py took 0.023 seconds
[2026-06-02T06:11:47.268+0000] {processor.py:161} INFO - Started process (PID=6027) to work on /home/airflow/.local/lib/python3.11/site-packages/airflow/example_dags/plugins/event_listener.py
[2026-06-02T06:11:47.269+0000] {processor.py:830} INFO - Processing file /home/airflow/.local/lib/python3.11/site-packages/airflow/example_dags/plugins/event_listener.py for tasks to queue
[2026-06-02T06:11:47.272+0000] {logging_mixin.py:188} INFO - [2026-06-02T06:11:47.271+0000] {dagbag.py:545} INFO - Filling up the DagBag from /home/airflow/.local/lib/python3.11/site-packages/airflow/example_dags/plugins/event_listener.py
[2026-06-02T06:11:47.275+0000] {processor.py:842} WARNING - No viable dags retrieved from /home/airflow/.local/lib/python3.11/site-packages/airflow/example_dags/plugins/event_listener.py
[2026-06-02T06:11:47.297+0000] {processor.py:183} INFO - Processing /home/airflow/.local/lib/python3.11/site-packages/airflow/example_dags/plugins/event_listener.py took 0.037 seconds
[2026-06-02T06:12:17.746+0000] {processor.py:161} INFO - Started process (PID=6303) to work on /home/airflow/.local/lib/python3.11/site-packages/airflow/example_dags/plugins/event_listener.py
[2026-06-02T06:12:17.747+0000] {processor.py:830} INFO - Processing file /home/airflow/.local/lib/python3.11/site-packages/airflow/example_dags/plugins/event_listener.py for tasks to queue
[2026-06-02T06:12:17.749+0000] {logging_mixin.py:188} INFO - [2026-06-02T06:12:17.748+0000] {dagbag.py:545} INFO - Filling up the DagBag from /home/airflow/.local/lib/python3.11/site-packages/airflow/example_dags/plugins/event_listener.py
[2026-06-02T06:12:17.751+0000] {processor.py:842} WARNING - No viable dags retrieved from /home/airflow/.local/lib/python3.11/site-packages/airflow/example_dags/plugins/event_listener.py
[2026-06-02T06:12:17.764+0000] {processor.py:183} INFO - Processing /home/airflow/.local/lib/python3.11/site-packages/airflow/example_dags/plugins/event_listener.py took 0.023 seconds
[2026-06-02T06:12:48.309+0000] {processor.py:161} INFO - Started process (PID=6579) to work on /home/airflow/.local/lib/python3.11/site-packages/airflow/example_dags/plugins/event_listener.py
[2026-06-02T06:12:48.310+0000] {processor.py:830} INFO - Processing file /home/airflow/.local/lib/python3.11/site-packages/airflow/example_dags/plugins/event_listener.py for tasks to queue
[2026-06-02T06:12:48.312+0000] {logging_mixin.py:188} INFO - [2026-06-02T06:12:48.312+0000] {dagbag.py:545} INFO - Filling up the DagBag from /home/airflow/.local/lib/python3.11/site-packages/airflow/example_dags/plugins/event_listener.py
[2026-06-02T06:12:48.315+0000] {processor.py:842} WARNING - No viable dags retrieved from /home/airflow/.local/lib/python3.11/site-packages/airflow/example_dags/plugins/event_listener.py
[2026-06-02T06:12:48.332+0000] {processor.py:183} INFO - Processing /home/airflow/.local/lib/python3.11/site-packages/airflow/example_dags/plugins/event_listener.py took 0.030 seconds
[2026-06-02T06:13:18.796+0000] {processor.py:161} INFO - Started process (PID=6855) to work on /home/airflow/.local/lib/python3.11/site-packages/airflow/example_dags/plugins/event_listener.py
[2026-06-02T06:13:18.797+0000] {processor.py:830} INFO - Processing file /home/airflow/.local/lib/python3.11/site-packages/airflow/example_dags/plugins/event_listener.py for tasks to queue
[2026-06-02T06:13:18.799+0000] {logging_mixin.py:188} INFO - [2026-06-02T06:13:18.798+0000] {dagbag.py:545} INFO - Filling up the DagBag from /home/airflow/.local/lib/python3.11/site-packages/airflow/example_dags/plugins/event_listener.py
[2026-06-02T06:13:18.800+0000] {processor.py:842} WARNING - No viable dags retrieved from /home/airflow/.local/lib/python3.11/site-packages/airflow/example_dags/plugins/event_listener.py
[2026-06-02T06:13:18.813+0000] {processor.py:183} INFO - Processing /home/airflow/.local/lib/python3.11/site-packages/airflow/example_dags/plugins/event_listener.py took 0.022 seconds
[2026-06-02T06:13:49.032+0000] {processor.py:161} INFO - Started process (PID=7131) to work on /home/airflow/.local/lib/python3.11/site-packages/airflow/example_dags/plugins/event_listener.py
[2026-06-02T06:13:49.033+0000] {processor.py:830} INFO - Processing file /home/airflow/.local/lib/python3.11/site-packages/airflow/example_dags/plugins/event_listener.py for tasks to queue
[2026-06-02T06:13:49.036+0000] {logging_mixin.py:188} INFO - [2026-06-02T06:13:49.035+0000] {dagbag.py:545} INFO - Filling up the DagBag from /home/airflow/.local/lib/python3.11/site-packages/airflow/example_dags/plugins/event_listener.py
[2026-06-02T06:13:49.038+0000] {processor.py:842} WARNING - No viable dags retrieved from /home/airflow/.local/lib/python3.11/site-packages/airflow/example_dags/plugins/event_listener.py
[2026-06-02T06:13:49.057+0000] {processor.py:183} INFO - Processing /home/airflow/.local/lib/python3.11/site-packages/airflow/example_dags/plugins/event_listener.py took 0.031 seconds
[2026-06-02T06:14:19.995+0000] {processor.py:161} INFO - Started process (PID=7407) to work on /home/airflow/.local/lib/python3.11/site-packages/airflow/example_dags/plugins/event_listener.py
[2026-06-02T06:14:19.996+0000] {processor.py:830} INFO - Processing file /home/airflow/.local/lib/python3.11/site-packages/airflow/example_dags/plugins/event_listener.py for tasks to queue
[2026-06-02T06:14:19.998+0000] {logging_mixin.py:188} INFO - [2026-06-02T06:14:19.998+0000] {dagbag.py:545} INFO - Filling up the DagBag from /home/airflow/.local/lib/python3.11/site-packages/airflow/example_dags/plugins/event_listener.py
[2026-06-02T06:14:20.000+0000] {processor.py:842} WARNING - No viable dags retrieved from /home/airflow/.local/lib/python3.11/site-packages/airflow/example_dags/plugins/event_listener.py
[2026-06-02T06:14:20.014+0000] {processor.py:183} INFO - Processing /home/airflow/.local/lib/python3.11/site-packages/airflow/example_dags/plugins/event_listener.py took 0.025 seconds
[2026-06-02T06:14:50.169+0000] {processor.py:161} INFO - Started process (PID=7683) to work on /home/airflow/.local/lib/python3.11/site-packages/airflow/example_dags/plugins/event_listener.py
[2026-06-02T06:14:50.170+0000] {processor.py:830} INFO - Processing file /home/airflow/.local/lib/python3.11/site-packages/airflow/example_dags/plugins/event_listener.py for tasks to queue
[2026-06-02T06:14:50.172+0000] {logging_mixin.py:188} INFO - [2026-06-02T06:14:50.172+0000] {dagbag.py:545} INFO - Filling up the DagBag from /home/airflow/.local/lib/python3.11/site-packages/airflow/example_dags/plugins/event_listener.py
[2026-06-02T06:14:50.174+0000] {processor.py:842} WARNING - No viable dags retrieved from /home/airflow/.local/lib/python3.11/site-packages/airflow/example_dags/plugins/event_listener.py
[2026-06-02T06:14:50.190+0000] {processor.py:183} INFO - Processing /home/airflow/.local/lib/python3.11/site-packages/airflow/example_dags/plugins/event_listener.py took 0.025 seconds
[2026-06-02T06:15:20.749+0000] {processor.py:161} INFO - Started process (PID=7959) to work on /home/airflow/.local/lib/python3.11/site-packages/airflow/example_dags/plugins/event_listener.py
[2026-06-02T06:15:20.751+0000] {processor.py:830} INFO - Processing file /home/airflow/.local/lib/python3.11/site-packages/airflow/example_dags/plugins/event_listener.py for tasks to queue
[2026-06-02T06:15:20.753+0000] {logging_mixin.py:188} INFO - [2026-06-02T06:15:20.752+0000] {dagbag.py:545} INFO - Filling up the DagBag from /home/airflow/.local/lib/python3.11/site-packages/airflow/example_dags/plugins/event_listener.py
[2026-06-02T06:15:20.755+0000] {processor.py:842} WARNING - No viable dags retrieved from /home/airflow/.local/lib/python3.11/site-packages/airflow/example_dags/plugins/event_listener.py
[2026-06-02T06:15:20.768+0000] {processor.py:183} INFO - Processing /home/airflow/.local/lib/python3.11/site-packages/airflow/example_dags/plugins/event_listener.py took 0.026 seconds
[2026-06-02T06:15:51.226+0000] {processor.py:161} INFO - Started process (PID=8235) to work on /home/airflow/.local/lib/python3.11/site-packages/airflow/example_dags/plugins/event_listener.py
[2026-06-02T06:15:51.228+0000] {processor.py:830} INFO - Processing file /home/airflow/.local/lib/python3.11/site-packages/airflow/example_dags/plugins/event_listener.py for tasks to queue
[2026-06-02T06:15:51.230+0000] {logging_mixin.py:188} INFO - [2026-06-02T06:15:51.230+0000] {dagbag.py:545} INFO - Filling up the DagBag from /home/airflow/.local/lib/python3.11/site-packages/airflow/example_dags/plugins/event_listener.py
[2026-06-02T06:15:51.233+0000] {processor.py:842} WARNING - No viable dags retrieved from /home/airflow/.local/lib/python3.11/site-packages/airflow/example_dags/plugins/event_listener.py
[2026-06-02T06:15:51.248+0000] {processor.py:183} INFO - Processing /home/airflow/.local/lib/python3.11/site-packages/airflow/example_dags/plugins/event_listener.py took 0.028 seconds
[2026-06-02T06:16:21.982+0000] {processor.py:161} INFO - Started process (PID=8509) to work on /home/airflow/.local/lib/python3.11/site-packages/airflow/example_dags/plugins/event_listener.py
[2026-06-02T06:16:21.983+0000] {processor.py:830} INFO - Processing file /home/airflow/.local/lib/python3.11/site-packages/airflow/example_dags/plugins/event_listener.py for tasks to queue
[2026-06-02T06:16:21.985+0000] {logging_mixin.py:188} INFO - [2026-06-02T06:16:21.984+0000] {dagbag.py:545} INFO - Filling up the DagBag from /home/airflow/.local/lib/python3.11/site-packages/airflow/example_dags/plugins/event_listener.py
[2026-06-02T06:16:21.986+0000] {processor.py:842} WARNING - No viable dags retrieved from /home/airflow/.local/lib/python3.11/site-packages/airflow/example_dags/plugins/event_listener.py
[2026-06-02T06:16:21.999+0000] {processor.py:183} INFO - Processing /home/airflow/.local/lib/python3.11/site-packages/airflow/example_dags/plugins/event_listener.py took 0.022 seconds
[2026-06-02T06:16:52.746+0000] {processor.py:161} INFO - Started process (PID=8771) to work on /home/airflow/.local/lib/python3.11/site-packages/airflow/example_dags/plugins/event_listener.py
[2026-06-02T06:16:52.746+0000] {processor.py:830} INFO - Processing file /home/airflow/.local/lib/python3.11/site-packages/airflow/example_dags/plugins/event_listener.py for tasks to queue
[2026-06-02T06:16:52.748+0000] {logging_mixin.py:188} INFO - [2026-06-02T06:16:52.748+0000] {dagbag.py:545} INFO - Filling up the DagBag from /home/airflow/.local/lib/python3.11/site-packages/airflow/example_dags/plugins/event_listener.py
[2026-06-02T06:16:52.750+0000] {processor.py:842} WARNING - No viable dags retrieved from /home/airflow/.local/lib/python3.11/site-packages/airflow/example_dags/plugins/event_listener.py
[2026-06-02T06:16:52.762+0000] {processor.py:183} INFO - Processing /home/airflow/.local/lib/python3.11/site-packages/airflow/example_dags/plugins/event_listener.py took 0.023 seconds
[2026-06-02T06:17:22.954+0000] {processor.py:161} INFO - Started process (PID=9047) to work on /home/airflow/.local/lib/python3.11/site-packages/airflow/example_dags/plugins/event_listener.py
[2026-06-02T06:17:22.955+0000] {processor.py:830} INFO - Processing file /home/airflow/.local/lib/python3.11/site-packages/airflow/example_dags/plugins/event_listener.py for tasks to queue
[2026-06-02T06:17:22.958+0000] {logging_mixin.py:188} INFO - [2026-06-02T06:17:22.957+0000] {dagbag.py:545} INFO - Filling up the DagBag from /home/airflow/.local/lib/python3.11/site-packages/airflow/example_dags/plugins/event_listener.py
[2026-06-02T06:17:22.960+0000] {processor.py:842} WARNING - No viable dags retrieved from /home/airflow/.local/lib/python3.11/site-packages/airflow/example_dags/plugins/event_listener.py
[2026-06-02T06:17:22.975+0000] {processor.py:183} INFO - Processing /home/airflow/.local/lib/python3.11/site-packages/airflow/example_dags/plugins/event_listener.py took 0.027 seconds
[2026-06-02T06:17:53.380+0000] {processor.py:161} INFO - Started process (PID=9323) to work on /home/airflow/.local/lib/python3.11/site-packages/airflow/example_dags/plugins/event_listener.py
[2026-06-02T06:17:53.381+0000] {processor.py:830} INFO - Processing file /home/airflow/.local/lib/python3.11/site-packages/airflow/example_dags/plugins/event_listener.py for tasks to queue
[2026-06-02T06:17:53.383+0000] {logging_mixin.py:188} INFO - [2026-06-02T06:17:53.382+0000] {dagbag.py:545} INFO - Filling up the DagBag from /home/airflow/.local/lib/python3.11/site-packages/airflow/example_dags/plugins/event_listener.py
[2026-06-02T06:17:53.385+0000] {processor.py:842} WARNING - No viable dags retrieved from /home/airflow/.local/lib/python3.11/site-packages/airflow/example_dags/plugins/event_listener.py
[2026-06-02T06:17:53.398+0000] {processor.py:183} INFO - Processing /home/airflow/.local/lib/python3.11/site-packages/airflow/example_dags/plugins/event_listener.py took 0.024 seconds
[2026-06-02T06:18:23.637+0000] {processor.py:161} INFO - Started process (PID=9600) to work on /home/airflow/.local/lib/python3.11/site-packages/airflow/example_dags/plugins/event_listener.py
[2026-06-02T06:18:23.638+0000] {processor.py:830} INFO - Processing file /home/airflow/.local/lib/python3.11/site-packages/airflow/example_dags/plugins/event_listener.py for tasks to queue
[2026-06-02T06:18:23.641+0000] {logging_mixin.py:188} INFO - [2026-06-02T06:18:23.641+0000] {dagbag.py:545} INFO - Filling up the DagBag from /home/airflow/.local/lib/python3.11/site-packages/airflow/example_dags/plugins/event_listener.py
[2026-06-02T06:18:23.644+0000] {processor.py:842} WARNING - No viable dags retrieved from /home/airflow/.local/lib/python3.11/site-packages/airflow/example_dags/plugins/event_listener.py
[2026-06-02T06:18:23.660+0000] {processor.py:183} INFO - Processing /home/airflow/.local/lib/python3.11/site-packages/airflow/example_dags/plugins/event_listener.py took 0.031 seconds
[2026-06-02T06:18:54.383+0000] {processor.py:161} INFO - Started process (PID=9876) to work on /home/airflow/.local/lib/python3.11/site-packages/airflow/example_dags/plugins/event_listener.py
[2026-06-02T06:18:54.384+0000] {processor.py:830} INFO - Processing file /home/airflow/.local/lib/python3.11/site-packages/airflow/example_dags/plugins/event_listener.py for tasks to queue
[2026-06-02T06:18:54.386+0000] {logging_mixin.py:188} INFO - [2026-06-02T06:18:54.386+0000] {dagbag.py:545} INFO - Filling up the DagBag from /home/airflow/.local/lib/python3.11/site-packages/airflow/example_dags/plugins/event_listener.py
[2026-06-02T06:18:54.388+0000] {processor.py:842} WARNING - No viable dags retrieved from /home/airflow/.local/lib/python3.11/site-packages/airflow/example_dags/plugins/event_listener.py
[2026-06-02T06:18:54.401+0000] {processor.py:183} INFO - Processing /home/airflow/.local/lib/python3.11/site-packages/airflow/example_dags/plugins/event_listener.py took 0.023 seconds
[2026-06-02T06:19:25.291+0000] {processor.py:161} INFO - Started process (PID=10154) to work on /home/airflow/.local/lib/python3.11/site-packages/airflow/example_dags/plugins/event_listener.py
[2026-06-02T06:19:25.292+0000] {processor.py:830} INFO - Processing file /home/airflow/.local/lib/python3.11/site-packages/airflow/example_dags/plugins/event_listener.py for tasks to queue
[2026-06-02T06:19:25.293+0000] {logging_mixin.py:188} INFO - [2026-06-02T06:19:25.293+0000] {dagbag.py:545} INFO - Filling up the DagBag from /home/airflow/.local/lib/python3.11/site-packages/airflow/example_dags/plugins/event_listener.py
[2026-06-02T06:19:25.295+0000] {processor.py:842} WARNING - No viable dags retrieved from /home/airflow/.local/lib/python3.11/site-packages/airflow/example_dags/plugins/event_listener.py
[2026-06-02T06:19:25.308+0000] {processor.py:183} INFO - Processing /home/airflow/.local/lib/python3.11/site-packages/airflow/example_dags/plugins/event_listener.py took 0.023 seconds
[2026-06-02T06:19:55.726+0000] {processor.py:161} INFO - Started process (PID=10428) to work on /home/airflow/.local/lib/python3.11/site-packages/airflow/example_dags/plugins/event_listener.py
[2026-06-02T06:19:55.727+0000] {processor.py:830} INFO - Processing file /home/airflow/.local/lib/python3.11/site-packages/airflow/example_dags/plugins/event_listener.py for tasks to queue
[2026-06-02T06:19:55.730+0000] {logging_mixin.py:188} INFO - [2026-06-02T06:19:55.730+0000] {dagbag.py:545} INFO - Filling up the DagBag from /home/airflow/.local/lib/python3.11/site-packages/airflow/example_dags/plugins/event_listener.py
[2026-06-02T06:19:55.734+0000] {processor.py:842} WARNING - No viable dags retrieved from /home/airflow/.local/lib/python3.11/site-packages/airflow/example_dags/plugins/event_listener.py
[2026-06-02T06:19:55.755+0000] {processor.py:183} INFO - Processing /home/airflow/.local/lib/python3.11/site-packages/airflow/example_dags/plugins/event_listener.py took 0.037 seconds
[2026-06-02T06:20:26.086+0000] {processor.py:161} INFO - Started process (PID=10704) to work on /home/airflow/.local/lib/python3.11/site-packages/airflow/example_dags/plugins/event_listener.py
[2026-06-02T06:20:26.087+0000] {processor.py:830} INFO - Processing file /home/airflow/.local/lib/python3.11/site-packages/airflow/example_dags/plugins/event_listener.py for tasks to queue
[2026-06-02T06:20:26.089+0000] {logging_mixin.py:188} INFO - [2026-06-02T06:20:26.088+0000] {dagbag.py:545} INFO - Filling up the DagBag from /home/airflow/.local/lib/python3.11/site-packages/airflow/example_dags/plugins/event_listener.py
[2026-06-02T06:20:26.091+0000] {processor.py:842} WARNING - No viable dags retrieved from /home/airflow/.local/lib/python3.11/site-packages/airflow/example_dags/plugins/event_listener.py
[2026-06-02T06:20:26.106+0000] {processor.py:183} INFO - Processing /home/airflow/.local/lib/python3.11/site-packages/airflow/example_dags/plugins/event_listener.py took 0.026 seconds
[2026-06-02T06:20:56.657+0000] {processor.py:161} INFO - Started process (PID=10980) to work on /home/airflow/.local/lib/python3.11/site-packages/airflow/example_dags/plugins/event_listener.py
[2026-06-02T06:20:56.659+0000] {processor.py:830} INFO - Processing file /home/airflow/.local/lib/python3.11/site-packages/airflow/example_dags/plugins/event_listener.py for tasks to queue
[2026-06-02T06:20:56.661+0000] {logging_mixin.py:188} INFO - [2026-06-02T06:20:56.660+0000] {dagbag.py:545} INFO - Filling up the DagBag from /home/airflow/.local/lib/python3.11/site-packages/airflow/example_dags/plugins/event_listener.py
[2026-06-02T06:20:56.663+0000] {processor.py:842} WARNING - No viable dags retrieved from /home/airflow/.local/lib/python3.11/site-packages/airflow/example_dags/plugins/event_listener.py
[2026-06-02T06:20:56.676+0000] {processor.py:183} INFO - Processing /home/airflow/.local/lib/python3.11/site-packages/airflow/example_dags/plugins/event_listener.py took 0.024 seconds
[2026-06-02T06:21:26.866+0000] {processor.py:161} INFO - Started process (PID=11251) to work on /home/airflow/.local/lib/python3.11/site-packages/airflow/example_dags/plugins/event_listener.py
[2026-06-02T06:21:26.867+0000] {processor.py:830} INFO - Processing file /home/airflow/.local/lib/python3.11/site-packages/airflow/example_dags/plugins/event_listener.py for tasks to queue
[2026-06-02T06:21:26.868+0000] {logging_mixin.py:188} INFO - [2026-06-02T06:21:26.868+0000] {dagbag.py:545} INFO - Filling up the DagBag from /home/airflow/.local/lib/python3.11/site-packages/airflow/example_dags/plugins/event_listener.py
[2026-06-02T06:21:26.871+0000] {processor.py:842} WARNING - No viable dags retrieved from /home/airflow/.local/lib/python3.11/site-packages/airflow/example_dags/plugins/event_listener.py
[2026-06-02T06:21:26.884+0000] {processor.py:183} INFO - Processing /home/airflow/.local/lib/python3.11/site-packages/airflow/example_dags/plugins/event_listener.py took 0.024 seconds
[2026-06-02T06:21:57.299+0000] {processor.py:161} INFO - Started process (PID=11532) to work on /home/airflow/.local/lib/python3.11/site-packages/airflow/example_dags/plugins/event_listener.py
[2026-06-02T06:21:57.300+0000] {processor.py:830} INFO - Processing file /home/airflow/.local/lib/python3.11/site-packages/airflow/example_dags/plugins/event_listener.py for tasks to queue
[2026-06-02T06:21:57.302+0000] {logging_mixin.py:188} INFO - [2026-06-02T06:21:57.302+0000] {dagbag.py:545} INFO - Filling up the DagBag from /home/airflow/.local/lib/python3.11/site-packages/airflow/example_dags/plugins/event_listener.py
[2026-06-02T06:21:57.305+0000] {processor.py:842} WARNING - No viable dags retrieved from /home/airflow/.local/lib/python3.11/site-packages/airflow/example_dags/plugins/event_listener.py
[2026-06-02T06:21:57.319+0000] {processor.py:183} INFO - Processing /home/airflow/.local/lib/python3.11/site-packages/airflow/example_dags/plugins/event_listener.py took 0.026 seconds
[2026-06-02T06:22:27.510+0000] {processor.py:161} INFO - Started process (PID=11808) to work on /home/airflow/.local/lib/python3.11/site-packages/airflow/example_dags/plugins/event_listener.py
[2026-06-02T06:22:27.511+0000] {processor.py:830} INFO - Processing file /home/airflow/.local/lib/python3.11/site-packages/airflow/example_dags/plugins/event_listener.py for tasks to queue
[2026-06-02T06:22:27.513+0000] {logging_mixin.py:188} INFO - [2026-06-02T06:22:27.512+0000] {dagbag.py:545} INFO - Filling up the DagBag from /home/airflow/.local/lib/python3.11/site-packages/airflow/example_dags/plugins/event_listener.py
[2026-06-02T06:22:27.515+0000] {processor.py:842} WARNING - No viable dags retrieved from /home/airflow/.local/lib/python3.11/site-packages/airflow/example_dags/plugins/event_listener.py
[2026-06-02T06:22:27.527+0000] {processor.py:183} INFO - Processing /home/airflow/.local/lib/python3.11/site-packages/airflow/example_dags/plugins/event_listener.py took 0.022 seconds
[2026-06-02T06:22:58.275+0000] {processor.py:161} INFO - Started process (PID=12084) to work on /home/airflow/.local/lib/python3.11/site-packages/airflow/example_dags/plugins/event_listener.py
[2026-06-02T06:22:58.276+0000] {processor.py:830} INFO - Processing file /home/airflow/.local/lib/python3.11/site-packages/airflow/example_dags/plugins/event_listener.py for tasks to queue
[2026-06-02T06:22:58.277+0000] {logging_mixin.py:188} INFO - [2026-06-02T06:22:58.277+0000] {dagbag.py:545} INFO - Filling up the DagBag from /home/airflow/.local/lib/python3.11/site-packages/airflow/example_dags/plugins/event_listener.py
[2026-06-02T06:22:58.280+0000] {processor.py:842} WARNING - No viable dags retrieved from /home/airflow/.local/lib/python3.11/site-packages/airflow/example_dags/plugins/event_listener.py
[2026-06-02T06:22:58.292+0000] {processor.py:183} INFO - Processing /home/airflow/.local/lib/python3.11/site-packages/airflow/example_dags/plugins/event_listener.py took 0.023 seconds
[2026-06-02T06:23:28.785+0000] {processor.py:161} INFO - Started process (PID=12360) to work on /home/airflow/.local/lib/python3.11/site-packages/airflow/example_dags/plugins/event_listener.py
[2026-06-02T06:23:28.786+0000] {processor.py:830} INFO - Processing file /home/airflow/.local/lib/python3.11/site-packages/airflow/example_dags/plugins/event_listener.py for tasks to queue
[2026-06-02T06:23:28.788+0000] {logging_mixin.py:188} INFO - [2026-06-02T06:23:28.788+0000] {dagbag.py:545} INFO - Filling up the DagBag from /home/airflow/.local/lib/python3.11/site-packages/airflow/example_dags/plugins/event_listener.py
[2026-06-02T06:23:28.790+0000] {processor.py:842} WARNING - No viable dags retrieved from /home/airflow/.local/lib/python3.11/site-packages/airflow/example_dags/plugins/event_listener.py
[2026-06-02T06:23:28.804+0000] {processor.py:183} INFO - Processing /home/airflow/.local/lib/python3.11/site-packages/airflow/example_dags/plugins/event_listener.py took 0.025 seconds
[2026-06-02T06:23:59.381+0000] {processor.py:161} INFO - Started process (PID=12639) to work on /home/airflow/.local/lib/python3.11/site-packages/airflow/example_dags/plugins/event_listener.py
[2026-06-02T06:23:59.382+0000] {processor.py:830} INFO - Processing file /home/airflow/.local/lib/python3.11/site-packages/airflow/example_dags/plugins/event_listener.py for tasks to queue
[2026-06-02T06:23:59.384+0000] {logging_mixin.py:188} INFO - [2026-06-02T06:23:59.383+0000] {dagbag.py:545} INFO - Filling up the DagBag from /home/airflow/.local/lib/python3.11/site-packages/airflow/example_dags/plugins/event_listener.py
[2026-06-02T06:23:59.386+0000] {processor.py:842} WARNING - No viable dags retrieved from /home/airflow/.local/lib/python3.11/site-packages/airflow/example_dags/plugins/event_listener.py
[2026-06-02T06:23:59.398+0000] {processor.py:183} INFO - Processing /home/airflow/.local/lib/python3.11/site-packages/airflow/example_dags/plugins/event_listener.py took 0.023 seconds
[2026-06-02T06:24:29.548+0000] {processor.py:161} INFO - Started process (PID=12913) to work on /home/airflow/.local/lib/python3.11/site-packages/airflow/example_dags/plugins/event_listener.py
[2026-06-02T06:24:29.549+0000] {processor.py:830} INFO - Processing file /home/airflow/.local/lib/python3.11/site-packages/airflow/example_dags/plugins/event_listener.py for tasks to queue
[2026-06-02T06:24:29.551+0000] {logging_mixin.py:188} INFO - [2026-06-02T06:24:29.550+0000] {dagbag.py:545} INFO - Filling up the DagBag from /home/airflow/.local/lib/python3.11/site-packages/airflow/example_dags/plugins/event_listener.py
[2026-06-02T06:24:29.552+0000] {processor.py:842} WARNING - No viable dags retrieved from /home/airflow/.local/lib/python3.11/site-packages/airflow/example_dags/plugins/event_listener.py
[2026-06-02T06:24:29.566+0000] {processor.py:183} INFO - Processing /home/airflow/.local/lib/python3.11/site-packages/airflow/example_dags/plugins/event_listener.py took 0.024 seconds
[2026-06-02T06:24:59.902+0000] {processor.py:161} INFO - Started process (PID=13189) to work on /home/airflow/.local/lib/python3.11/site-packages/airflow/example_dags/plugins/event_listener.py
[2026-06-02T06:24:59.903+0000] {processor.py:830} INFO - Processing file /home/airflow/.local/lib/python3.11/site-packages/airflow/example_dags/plugins/event_listener.py for tasks to queue
[2026-06-02T06:24:59.905+0000] {logging_mixin.py:188} INFO - [2026-06-02T06:24:59.905+0000] {dagbag.py:545} INFO - Filling up the DagBag from /home/airflow/.local/lib/python3.11/site-packages/airflow/example_dags/plugins/event_listener.py
[2026-06-02T06:24:59.907+0000] {processor.py:842} WARNING - No viable dags retrieved from /home/airflow/.local/lib/python3.11/site-packages/airflow/example_dags/plugins/event_listener.py
[2026-06-02T06:24:59.920+0000] {processor.py:183} INFO - Processing /home/airflow/.local/lib/python3.11/site-packages/airflow/example_dags/plugins/event_listener.py took 0.023 seconds
[2026-06-02T06:25:30.184+0000] {processor.py:161} INFO - Started process (PID=13465) to work on /home/airflow/.local/lib/python3.11/site-packages/airflow/example_dags/plugins/event_listener.py
[2026-06-02T06:25:30.185+0000] {processor.py:830} INFO - Processing file /home/airflow/.local/lib/python3.11/site-packages/airflow/example_dags/plugins/event_listener.py for tasks to queue
[2026-06-02T06:25:30.188+0000] {logging_mixin.py:188} INFO - [2026-06-02T06:25:30.187+0000] {dagbag.py:545} INFO - Filling up the DagBag from /home/airflow/.local/lib/python3.11/site-packages/airflow/example_dags/plugins/event_listener.py
[2026-06-02T06:25:30.190+0000] {processor.py:842} WARNING - No viable dags retrieved from /home/airflow/.local/lib/python3.11/site-packages/airflow/example_dags/plugins/event_listener.py
[2026-06-02T06:25:30.207+0000] {processor.py:183} INFO - Processing /home/airflow/.local/lib/python3.11/site-packages/airflow/example_dags/plugins/event_listener.py took 0.030 seconds
[2026-06-02T06:26:00.706+0000] {processor.py:161} INFO - Started process (PID=13741) to work on /home/airflow/.local/lib/python3.11/site-packages/airflow/example_dags/plugins/event_listener.py
[2026-06-02T06:26:00.708+0000] {processor.py:830} INFO - Processing file /home/airflow/.local/lib/python3.11/site-packages/airflow/example_dags/plugins/event_listener.py for tasks to queue
[2026-06-02T06:26:00.710+0000] {logging_mixin.py:188} INFO - [2026-06-02T06:26:00.709+0000] {dagbag.py:545} INFO - Filling up the DagBag from /home/airflow/.local/lib/python3.11/site-packages/airflow/example_dags/plugins/event_listener.py
[2026-06-02T06:26:00.712+0000] {processor.py:842} WARNING - No viable dags retrieved from /home/airflow/.local/lib/python3.11/site-packages/airflow/example_dags/plugins/event_listener.py
[2026-06-02T06:26:00.726+0000] {processor.py:183} INFO - Processing /home/airflow/.local/lib/python3.11/site-packages/airflow/example_dags/plugins/event_listener.py took 0.025 seconds
[2026-06-02T06:26:30.890+0000] {processor.py:161} INFO - Started process (PID=14017) to work on /home/airflow/.local/lib/python3.11/site-packages/airflow/example_dags/plugins/event_listener.py
[2026-06-02T06:26:30.892+0000] {processor.py:830} INFO - Processing file /home/airflow/.local/lib/python3.11/site-packages/airflow/example_dags/plugins/event_listener.py for tasks to queue
[2026-06-02T06:26:30.895+0000] {logging_mixin.py:188} INFO - [2026-06-02T06:26:30.894+0000] {dagbag.py:545} INFO - Filling up the DagBag from /home/airflow/.local/lib/python3.11/site-packages/airflow/example_dags/plugins/event_listener.py
[2026-06-02T06:26:30.897+0000] {processor.py:842} WARNING - No viable dags retrieved from /home/airflow/.local/lib/python3.11/site-packages/airflow/example_dags/plugins/event_listener.py
[2026-06-02T06:26:30.911+0000] {processor.py:183} INFO - Processing /home/airflow/.local/lib/python3.11/site-packages/airflow/example_dags/plugins/event_listener.py took 0.026 seconds
[2026-06-02T06:27:01.000+0000] {processor.py:161} INFO - Started process (PID=14288) to work on /home/airflow/.local/lib/python3.11/site-packages/airflow/example_dags/plugins/event_listener.py
[2026-06-02T06:27:01.001+0000] {processor.py:830} INFO - Processing file /home/airflow/.local/lib/python3.11/site-packages/airflow/example_dags/plugins/event_listener.py for tasks to queue
[2026-06-02T06:27:01.003+0000] {logging_mixin.py:188} INFO - [2026-06-02T06:27:01.003+0000] {dagbag.py:545} INFO - Filling up the DagBag from /home/airflow/.local/lib/python3.11/site-packages/airflow/example_dags/plugins/event_listener.py
[2026-06-02T06:27:01.005+0000] {processor.py:842} WARNING - No viable dags retrieved from /home/airflow/.local/lib/python3.11/site-packages/airflow/example_dags/plugins/event_listener.py
[2026-06-02T06:27:01.019+0000] {processor.py:183} INFO - Processing /home/airflow/.local/lib/python3.11/site-packages/airflow/example_dags/plugins/event_listener.py took 0.024 seconds
[2026-06-02T06:27:32.010+0000] {processor.py:161} INFO - Started process (PID=14569) to work on /home/airflow/.local/lib/python3.11/site-packages/airflow/example_dags/plugins/event_listener.py
[2026-06-02T06:27:32.011+0000] {processor.py:830} INFO - Processing file /home/airflow/.local/lib/python3.11/site-packages/airflow/example_dags/plugins/event_listener.py for tasks to queue
[2026-06-02T06:27:32.013+0000] {logging_mixin.py:188} INFO - [2026-06-02T06:27:32.013+0000] {dagbag.py:545} INFO - Filling up the DagBag from /home/airflow/.local/lib/python3.11/site-packages/airflow/example_dags/plugins/event_listener.py
[2026-06-02T06:27:32.015+0000] {processor.py:842} WARNING - No viable dags retrieved from /home/airflow/.local/lib/python3.11/site-packages/airflow/example_dags/plugins/event_listener.py
[2026-06-02T06:27:32.026+0000] {processor.py:183} INFO - Processing /home/airflow/.local/lib/python3.11/site-packages/airflow/example_dags/plugins/event_listener.py took 0.023 seconds
[2026-06-02T06:28:02.152+0000] {processor.py:161} INFO - Started process (PID=14845) to work on /home/airflow/.local/lib/python3.11/site-packages/airflow/example_dags/plugins/event_listener.py
[2026-06-02T06:28:02.153+0000] {processor.py:830} INFO - Processing file /home/airflow/.local/lib/python3.11/site-packages/airflow/example_dags/plugins/event_listener.py for tasks to queue
[2026-06-02T06:28:02.155+0000] {logging_mixin.py:188} INFO - [2026-06-02T06:28:02.154+0000] {dagbag.py:545} INFO - Filling up the DagBag from /home/airflow/.local/lib/python3.11/site-packages/airflow/example_dags/plugins/event_listener.py
[2026-06-02T06:28:02.157+0000] {processor.py:842} WARNING - No viable dags retrieved from /home/airflow/.local/lib/python3.11/site-packages/airflow/example_dags/plugins/event_listener.py
[2026-06-02T06:28:02.169+0000] {processor.py:183} INFO - Processing /home/airflow/.local/lib/python3.11/site-packages/airflow/example_dags/plugins/event_listener.py took 0.024 seconds
[2026-06-02T06:28:32.416+0000] {processor.py:161} INFO - Started process (PID=15121) to work on /home/airflow/.local/lib/python3.11/site-packages/airflow/example_dags/plugins/event_listener.py
[2026-06-02T06:28:32.417+0000] {processor.py:830} INFO - Processing file /home/airflow/.local/lib/python3.11/site-packages/airflow/example_dags/plugins/event_listener.py for tasks to queue
[2026-06-02T06:28:32.418+0000] {logging_mixin.py:188} INFO - [2026-06-02T06:28:32.418+0000] {dagbag.py:545} INFO - Filling up the DagBag from /home/airflow/.local/lib/python3.11/site-packages/airflow/example_dags/plugins/event_listener.py
[2026-06-02T06:28:32.420+0000] {processor.py:842} WARNING - No viable dags retrieved from /home/airflow/.local/lib/python3.11/site-packages/airflow/example_dags/plugins/event_listener.py
[2026-06-02T06:28:32.432+0000] {processor.py:183} INFO - Processing /home/airflow/.local/lib/python3.11/site-packages/airflow/example_dags/plugins/event_listener.py took 0.022 seconds
[2026-06-02T06:29:02.557+0000] {processor.py:161} INFO - Started process (PID=15397) to work on /home/airflow/.local/lib/python3.11/site-packages/airflow/example_dags/plugins/event_listener.py
[2026-06-02T06:29:02.558+0000] {processor.py:830} INFO - Processing file /home/airflow/.local/lib/python3.11/site-packages/airflow/example_dags/plugins/event_listener.py for tasks to queue
[2026-06-02T06:29:02.560+0000] {logging_mixin.py:188} INFO - [2026-06-02T06:29:02.559+0000] {dagbag.py:545} INFO - Filling up the DagBag from /home/airflow/.local/lib/python3.11/site-packages/airflow/example_dags/plugins/event_listener.py
[2026-06-02T06:29:02.562+0000] {processor.py:842} WARNING - No viable dags retrieved from /home/airflow/.local/lib/python3.11/site-packages/airflow/example_dags/plugins/event_listener.py
[2026-06-02T06:29:02.576+0000] {processor.py:183} INFO - Processing /home/airflow/.local/lib/python3.11/site-packages/airflow/example_dags/plugins/event_listener.py took 0.025 seconds
[2026-06-02T06:29:32.915+0000] {processor.py:161} INFO - Started process (PID=15673) to work on /home/airflow/.local/lib/python3.11/site-packages/airflow/example_dags/plugins/event_listener.py
[2026-06-02T06:29:32.917+0000] {processor.py:830} INFO - Processing file /home/airflow/.local/lib/python3.11/site-packages/airflow/example_dags/plugins/event_listener.py for tasks to queue
[2026-06-02T06:29:32.918+0000] {logging_mixin.py:188} INFO - [2026-06-02T06:29:32.918+0000] {dagbag.py:545} INFO - Filling up the DagBag from /home/airflow/.local/lib/python3.11/site-packages/airflow/example_dags/plugins/event_listener.py
[2026-06-02T06:29:32.920+0000] {processor.py:842} WARNING - No viable dags retrieved from /home/airflow/.local/lib/python3.11/site-packages/airflow/example_dags/plugins/event_listener.py
[2026-06-02T06:29:32.933+0000] {processor.py:183} INFO - Processing /home/airflow/.local/lib/python3.11/site-packages/airflow/example_dags/plugins/event_listener.py took 0.023 seconds
[2026-06-02T06:30:03.416+0000] {processor.py:161} INFO - Started process (PID=15949) to work on /home/airflow/.local/lib/python3.11/site-packages/airflow/example_dags/plugins/event_listener.py
[2026-06-02T06:30:03.417+0000] {processor.py:830} INFO - Processing file /home/airflow/.local/lib/python3.11/site-packages/airflow/example_dags/plugins/event_listener.py for tasks to queue
[2026-06-02T06:30:03.418+0000] {logging_mixin.py:188} INFO - [2026-06-02T06:30:03.418+0000] {dagbag.py:545} INFO - Filling up the DagBag from /home/airflow/.local/lib/python3.11/site-packages/airflow/example_dags/plugins/event_listener.py
[2026-06-02T06:30:03.421+0000] {processor.py:842} WARNING - No viable dags retrieved from /home/airflow/.local/lib/python3.11/site-packages/airflow/example_dags/plugins/event_listener.py
[2026-06-02T06:30:03.434+0000] {processor.py:183} INFO - Processing /home/airflow/.local/lib/python3.11/site-packages/airflow/example_dags/plugins/event_listener.py took 0.023 seconds
[2026-06-02T06:30:34.068+0000] {processor.py:161} INFO - Started process (PID=16231) to work on /home/airflow/.local/lib/python3.11/site-packages/airflow/example_dags/plugins/event_listener.py
[2026-06-02T06:30:34.069+0000] {processor.py:830} INFO - Processing file /home/airflow/.local/lib/python3.11/site-packages/airflow/example_dags/plugins/event_listener.py for tasks to queue
[2026-06-02T06:30:34.075+0000] {logging_mixin.py:188} INFO - [2026-06-02T06:30:34.074+0000] {dagbag.py:545} INFO - Filling up the DagBag from /home/airflow/.local/lib/python3.11/site-packages/airflow/example_dags/plugins/event_listener.py
[2026-06-02T06:30:34.077+0000] {processor.py:842} WARNING - No viable dags retrieved from /home/airflow/.local/lib/python3.11/site-packages/airflow/example_dags/plugins/event_listener.py
[2026-06-02T06:30:34.093+0000] {processor.py:183} INFO - Processing /home/airflow/.local/lib/python3.11/site-packages/airflow/example_dags/plugins/event_listener.py took 0.031 seconds
[2026-06-02T06:31:04.286+0000] {processor.py:161} INFO - Started process (PID=16507) to work on /home/airflow/.local/lib/python3.11/site-packages/airflow/example_dags/plugins/event_listener.py
[2026-06-02T06:31:04.288+0000] {processor.py:830} INFO - Processing file /home/airflow/.local/lib/python3.11/site-packages/airflow/example_dags/plugins/event_listener.py for tasks to queue
[2026-06-02T06:31:04.290+0000] {logging_mixin.py:188} INFO - [2026-06-02T06:31:04.290+0000] {dagbag.py:545} INFO - Filling up the DagBag from /home/airflow/.local/lib/python3.11/site-packages/airflow/example_dags/plugins/event_listener.py
[2026-06-02T06:31:04.293+0000] {processor.py:842} WARNING - No viable dags retrieved from /home/airflow/.local/lib/python3.11/site-packages/airflow/example_dags/plugins/event_listener.py
[2026-06-02T06:31:04.310+0000] {processor.py:183} INFO - Processing /home/airflow/.local/lib/python3.11/site-packages/airflow/example_dags/plugins/event_listener.py took 0.032 seconds
[2026-06-02T06:31:34.824+0000] {processor.py:161} INFO - Started process (PID=16783) to work on /home/airflow/.local/lib/python3.11/site-packages/airflow/example_dags/plugins/event_listener.py
[2026-06-02T06:31:34.825+0000] {processor.py:830} INFO - Processing file /home/airflow/.local/lib/python3.11/site-packages/airflow/example_dags/plugins/event_listener.py for tasks to queue
[2026-06-02T06:31:34.827+0000] {logging_mixin.py:188} INFO - [2026-06-02T06:31:34.827+0000] {dagbag.py:545} INFO - Filling up the DagBag from /home/airflow/.local/lib/python3.11/site-packages/airflow/example_dags/plugins/event_listener.py
[2026-06-02T06:31:34.829+0000] {processor.py:842} WARNING - No viable dags retrieved from /home/airflow/.local/lib/python3.11/site-packages/airflow/example_dags/plugins/event_listener.py
[2026-06-02T06:31:34.842+0000] {processor.py:183} INFO - Processing /home/airflow/.local/lib/python3.11/site-packages/airflow/example_dags/plugins/event_listener.py took 0.024 seconds
[2026-06-02T06:32:05.594+0000] {processor.py:161} INFO - Started process (PID=17059) to work on /home/airflow/.local/lib/python3.11/site-packages/airflow/example_dags/plugins/event_listener.py
[2026-06-02T06:32:05.596+0000] {processor.py:830} INFO - Processing file /home/airflow/.local/lib/python3.11/site-packages/airflow/example_dags/plugins/event_listener.py for tasks to queue
[2026-06-02T06:32:05.598+0000] {logging_mixin.py:188} INFO - [2026-06-02T06:32:05.597+0000] {dagbag.py:545} INFO - Filling up the DagBag from /home/airflow/.local/lib/python3.11/site-packages/airflow/example_dags/plugins/event_listener.py
[2026-06-02T06:32:05.601+0000] {processor.py:842} WARNING - No viable dags retrieved from /home/airflow/.local/lib/python3.11/site-packages/airflow/example_dags/plugins/event_listener.py
[2026-06-02T06:32:05.618+0000] {processor.py:183} INFO - Processing /home/airflow/.local/lib/python3.11/site-packages/airflow/example_dags/plugins/event_listener.py took 0.032 seconds
[2026-06-02T06:32:36.531+0000] {processor.py:161} INFO - Started process (PID=17335) to work on /home/airflow/.local/lib/python3.11/site-packages/airflow/example_dags/plugins/event_listener.py
[2026-06-02T06:32:36.532+0000] {processor.py:830} INFO - Processing file /home/airflow/.local/lib/python3.11/site-packages/airflow/example_dags/plugins/event_listener.py for tasks to queue
[2026-06-02T06:32:36.535+0000] {logging_mixin.py:188} INFO - [2026-06-02T06:32:36.535+0000] {dagbag.py:545} INFO - Filling up the DagBag from /home/airflow/.local/lib/python3.11/site-packages/airflow/example_dags/plugins/event_listener.py
[2026-06-02T06:32:36.539+0000] {processor.py:842} WARNING - No viable dags retrieved from /home/airflow/.local/lib/python3.11/site-packages/airflow/example_dags/plugins/event_listener.py
[2026-06-02T06:32:36.554+0000] {processor.py:183} INFO - Processing /home/airflow/.local/lib/python3.11/site-packages/airflow/example_dags/plugins/event_listener.py took 0.030 seconds
[2026-06-02T06:33:07.192+0000] {processor.py:161} INFO - Started process (PID=17611) to work on /home/airflow/.local/lib/python3.11/site-packages/airflow/example_dags/plugins/event_listener.py
[2026-06-02T06:33:07.193+0000] {processor.py:830} INFO - Processing file /home/airflow/.local/lib/python3.11/site-packages/airflow/example_dags/plugins/event_listener.py for tasks to queue
[2026-06-02T06:33:07.194+0000] {logging_mixin.py:188} INFO - [2026-06-02T06:33:07.194+0000] {dagbag.py:545} INFO - Filling up the DagBag from /home/airflow/.local/lib/python3.11/site-packages/airflow/example_dags/plugins/event_listener.py
[2026-06-02T06:33:07.196+0000] {processor.py:842} WARNING - No viable dags retrieved from /home/airflow/.local/lib/python3.11/site-packages/airflow/example_dags/plugins/event_listener.py
[2026-06-02T06:33:07.210+0000] {processor.py:183} INFO - Processing /home/airflow/.local/lib/python3.11/site-packages/airflow/example_dags/plugins/event_listener.py took 0.023 seconds
[2026-06-02T06:33:37.675+0000] {processor.py:161} INFO - Started process (PID=17887) to work on /home/airflow/.local/lib/python3.11/site-packages/airflow/example_dags/plugins/event_listener.py
[2026-06-02T06:33:37.676+0000] {processor.py:830} INFO - Processing file /home/airflow/.local/lib/python3.11/site-packages/airflow/example_dags/plugins/event_listener.py for tasks to queue
[2026-06-02T06:33:37.678+0000] {logging_mixin.py:188} INFO - [2026-06-02T06:33:37.677+0000] {dagbag.py:545} INFO - Filling up the DagBag from /home/airflow/.local/lib/python3.11/site-packages/airflow/example_dags/plugins/event_listener.py
[2026-06-02T06:33:37.679+0000] {processor.py:842} WARNING - No viable dags retrieved from /home/airflow/.local/lib/python3.11/site-packages/airflow/example_dags/plugins/event_listener.py
[2026-06-02T06:33:37.696+0000] {processor.py:183} INFO - Processing /home/airflow/.local/lib/python3.11/site-packages/airflow/example_dags/plugins/event_listener.py took 0.026 seconds
[2026-06-02T06:34:08.683+0000] {processor.py:161} INFO - Started process (PID=18163) to work on /home/airflow/.local/lib/python3.11/site-packages/airflow/example_dags/plugins/event_listener.py
[2026-06-02T06:34:08.685+0000] {processor.py:830} INFO - Processing file /home/airflow/.local/lib/python3.11/site-packages/airflow/example_dags/plugins/event_listener.py for tasks to queue
[2026-06-02T06:34:08.687+0000] {logging_mixin.py:188} INFO - [2026-06-02T06:34:08.687+0000] {dagbag.py:545} INFO - Filling up the DagBag from /home/airflow/.local/lib/python3.11/site-packages/airflow/example_dags/plugins/event_listener.py
[2026-06-02T06:34:08.689+0000] {processor.py:842} WARNING - No viable dags retrieved from /home/airflow/.local/lib/python3.11/site-packages/airflow/example_dags/plugins/event_listener.py
[2026-06-02T06:34:08.702+0000] {processor.py:183} INFO - Processing /home/airflow/.local/lib/python3.11/site-packages/airflow/example_dags/plugins/event_listener.py took 0.027 seconds
[2026-06-02T06:34:39.434+0000] {processor.py:161} INFO - Started process (PID=18439) to work on /home/airflow/.local/lib/python3.11/site-packages/airflow/example_dags/plugins/event_listener.py
[2026-06-02T06:34:39.436+0000] {processor.py:830} INFO - Processing file /home/airflow/.local/lib/python3.11/site-packages/airflow/example_dags/plugins/event_listener.py for tasks to queue
[2026-06-02T06:34:39.438+0000] {logging_mixin.py:188} INFO - [2026-06-02T06:34:39.437+0000] {dagbag.py:545} INFO - Filling up the DagBag from /home/airflow/.local/lib/python3.11/site-packages/airflow/example_dags/plugins/event_listener.py
[2026-06-02T06:34:39.441+0000] {processor.py:842} WARNING - No viable dags retrieved from /home/airflow/.local/lib/python3.11/site-packages/airflow/example_dags/plugins/event_listener.py
[2026-06-02T06:34:39.455+0000] {processor.py:183} INFO - Processing /home/airflow/.local/lib/python3.11/site-packages/airflow/example_dags/plugins/event_listener.py took 0.028 seconds
[2026-06-02T06:35:10.456+0000] {processor.py:161} INFO - Started process (PID=18707) to work on /home/airflow/.local/lib/python3.11/site-packages/airflow/example_dags/plugins/event_listener.py
[2026-06-02T06:35:10.457+0000] {processor.py:830} INFO - Processing file /home/airflow/.local/lib/python3.11/site-packages/airflow/example_dags/plugins/event_listener.py for tasks to queue
[2026-06-02T06:35:10.459+0000] {logging_mixin.py:188} INFO - [2026-06-02T06:35:10.458+0000] {dagbag.py:545} INFO - Filling up the DagBag from /home/airflow/.local/lib/python3.11/site-packages/airflow/example_dags/plugins/event_listener.py
[2026-06-02T06:35:10.461+0000] {processor.py:842} WARNING - No viable dags retrieved from /home/airflow/.local/lib/python3.11/site-packages/airflow/example_dags/plugins/event_listener.py
[2026-06-02T06:35:10.475+0000] {processor.py:183} INFO - Processing /home/airflow/.local/lib/python3.11/site-packages/airflow/example_dags/plugins/event_listener.py took 0.025 seconds
[2026-06-02T06:35:40.925+0000] {processor.py:161} INFO - Started process (PID=18977) to work on /home/airflow/.local/lib/python3.11/site-packages/airflow/example_dags/plugins/event_listener.py
[2026-06-02T06:35:40.927+0000] {processor.py:830} INFO - Processing file /home/airflow/.local/lib/python3.11/site-packages/airflow/example_dags/plugins/event_listener.py for tasks to queue
[2026-06-02T06:35:40.932+0000] {logging_mixin.py:188} INFO - [2026-06-02T06:35:40.931+0000] {dagbag.py:545} INFO - Filling up the DagBag from /home/airflow/.local/lib/python3.11/site-packages/airflow/example_dags/plugins/event_listener.py
[2026-06-02T06:35:40.935+0000] {processor.py:842} WARNING - No viable dags retrieved from /home/airflow/.local/lib/python3.11/site-packages/airflow/example_dags/plugins/event_listener.py
[2026-06-02T06:35:40.951+0000] {processor.py:183} INFO - Processing /home/airflow/.local/lib/python3.11/site-packages/airflow/example_dags/plugins/event_listener.py took 0.036 seconds
[2026-06-02T06:42:33.092+0000] {processor.py:161} INFO - Started process (PID=436) to work on /home/airflow/.local/lib/python3.11/site-packages/airflow/example_dags/plugins/event_listener.py
[2026-06-02T06:42:33.094+0000] {processor.py:830} INFO - Processing file /home/airflow/.local/lib/python3.11/site-packages/airflow/example_dags/plugins/event_listener.py for tasks to queue
[2026-06-02T06:42:33.096+0000] {logging_mixin.py:188} INFO - [2026-06-02T06:42:33.096+0000] {dagbag.py:545} INFO - Filling up the DagBag from /home/airflow/.local/lib/python3.11/site-packages/airflow/example_dags/plugins/event_listener.py
[2026-06-02T06:42:33.099+0000] {processor.py:842} WARNING - No viable dags retrieved from /home/airflow/.local/lib/python3.11/site-packages/airflow/example_dags/plugins/event_listener.py
[2026-06-02T06:42:33.119+0000] {processor.py:183} INFO - Processing /home/airflow/.local/lib/python3.11/site-packages/airflow/example_dags/plugins/event_listener.py took 0.034 seconds
[2026-06-02T06:43:04.840+0000] {processor.py:161} INFO - Started process (PID=712) to work on /home/airflow/.local/lib/python3.11/site-packages/airflow/example_dags/plugins/event_listener.py
[2026-06-02T06:43:04.841+0000] {processor.py:830} INFO - Processing file /home/airflow/.local/lib/python3.11/site-packages/airflow/example_dags/plugins/event_listener.py for tasks to queue
[2026-06-02T06:43:04.842+0000] {logging_mixin.py:188} INFO - [2026-06-02T06:43:04.842+0000] {dagbag.py:545} INFO - Filling up the DagBag from /home/airflow/.local/lib/python3.11/site-packages/airflow/example_dags/plugins/event_listener.py
[2026-06-02T06:43:04.844+0000] {processor.py:842} WARNING - No viable dags retrieved from /home/airflow/.local/lib/python3.11/site-packages/airflow/example_dags/plugins/event_listener.py
[2026-06-02T06:43:04.858+0000] {processor.py:183} INFO - Processing /home/airflow/.local/lib/python3.11/site-packages/airflow/example_dags/plugins/event_listener.py took 0.023 seconds
[2026-06-02T06:43:35.829+0000] {processor.py:161} INFO - Started process (PID=988) to work on /home/airflow/.local/lib/python3.11/site-packages/airflow/example_dags/plugins/event_listener.py
[2026-06-02T06:43:35.830+0000] {processor.py:830} INFO - Processing file /home/airflow/.local/lib/python3.11/site-packages/airflow/example_dags/plugins/event_listener.py for tasks to queue
[2026-06-02T06:43:35.832+0000] {logging_mixin.py:188} INFO - [2026-06-02T06:43:35.831+0000] {dagbag.py:545} INFO - Filling up the DagBag from /home/airflow/.local/lib/python3.11/site-packages/airflow/example_dags/plugins/event_listener.py
[2026-06-02T06:43:35.833+0000] {processor.py:842} WARNING - No viable dags retrieved from /home/airflow/.local/lib/python3.11/site-packages/airflow/example_dags/plugins/event_listener.py
[2026-06-02T06:43:35.847+0000] {processor.py:183} INFO - Processing /home/airflow/.local/lib/python3.11/site-packages/airflow/example_dags/plugins/event_listener.py took 0.024 seconds
[2026-06-02T06:44:06.265+0000] {processor.py:161} INFO - Started process (PID=1264) to work on /home/airflow/.local/lib/python3.11/site-packages/airflow/example_dags/plugins/event_listener.py
[2026-06-02T06:44:06.267+0000] {processor.py:830} INFO - Processing file /home/airflow/.local/lib/python3.11/site-packages/airflow/example_dags/plugins/event_listener.py for tasks to queue
[2026-06-02T06:44:06.269+0000] {logging_mixin.py:188} INFO - [2026-06-02T06:44:06.269+0000] {dagbag.py:545} INFO - Filling up the DagBag from /home/airflow/.local/lib/python3.11/site-packages/airflow/example_dags/plugins/event_listener.py
[2026-06-02T06:44:06.271+0000] {processor.py:842} WARNING - No viable dags retrieved from /home/airflow/.local/lib/python3.11/site-packages/airflow/example_dags/plugins/event_listener.py
[2026-06-02T06:44:06.285+0000] {processor.py:183} INFO - Processing /home/airflow/.local/lib/python3.11/site-packages/airflow/example_dags/plugins/event_listener.py took 0.026 seconds
[2026-06-02T06:44:37.564+0000] {processor.py:161} INFO - Started process (PID=1540) to work on /home/airflow/.local/lib/python3.11/site-packages/airflow/example_dags/plugins/event_listener.py
[2026-06-02T06:44:37.566+0000] {processor.py:830} INFO - Processing file /home/airflow/.local/lib/python3.11/site-packages/airflow/example_dags/plugins/event_listener.py for tasks to queue
[2026-06-02T06:44:37.568+0000] {logging_mixin.py:188} INFO - [2026-06-02T06:44:37.568+0000] {dagbag.py:545} INFO - Filling up the DagBag from /home/airflow/.local/lib/python3.11/site-packages/airflow/example_dags/plugins/event_listener.py
[2026-06-02T06:44:37.571+0000] {processor.py:842} WARNING - No viable dags retrieved from /home/airflow/.local/lib/python3.11/site-packages/airflow/example_dags/plugins/event_listener.py
[2026-06-02T06:44:37.588+0000] {processor.py:183} INFO - Processing /home/airflow/.local/lib/python3.11/site-packages/airflow/example_dags/plugins/event_listener.py took 0.029 seconds
[2026-06-02T06:45:09.149+0000] {processor.py:161} INFO - Started process (PID=1816) to work on /home/airflow/.local/lib/python3.11/site-packages/airflow/example_dags/plugins/event_listener.py
[2026-06-02T06:45:09.150+0000] {processor.py:830} INFO - Processing file /home/airflow/.local/lib/python3.11/site-packages/airflow/example_dags/plugins/event_listener.py for tasks to queue
[2026-06-02T06:45:09.152+0000] {logging_mixin.py:188} INFO - [2026-06-02T06:45:09.152+0000] {dagbag.py:545} INFO - Filling up the DagBag from /home/airflow/.local/lib/python3.11/site-packages/airflow/example_dags/plugins/event_listener.py
[2026-06-02T06:45:09.154+0000] {processor.py:842} WARNING - No viable dags retrieved from /home/airflow/.local/lib/python3.11/site-packages/airflow/example_dags/plugins/event_listener.py
[2026-06-02T06:45:09.168+0000] {processor.py:183} INFO - Processing /home/airflow/.local/lib/python3.11/site-packages/airflow/example_dags/plugins/event_listener.py took 0.026 seconds
[2026-06-02T06:45:40.757+0000] {processor.py:161} INFO - Started process (PID=2084) to work on /home/airflow/.local/lib/python3.11/site-packages/airflow/example_dags/plugins/event_listener.py
[2026-06-02T06:45:40.758+0000] {processor.py:830} INFO - Processing file /home/airflow/.local/lib/python3.11/site-packages/airflow/example_dags/plugins/event_listener.py for tasks to queue
[2026-06-02T06:45:40.761+0000] {logging_mixin.py:188} INFO - [2026-06-02T06:45:40.761+0000] {dagbag.py:545} INFO - Filling up the DagBag from /home/airflow/.local/lib/python3.11/site-packages/airflow/example_dags/plugins/event_listener.py
[2026-06-02T06:45:40.764+0000] {processor.py:842} WARNING - No viable dags retrieved from /home/airflow/.local/lib/python3.11/site-packages/airflow/example_dags/plugins/event_listener.py
[2026-06-02T06:45:40.781+0000] {processor.py:183} INFO - Processing /home/airflow/.local/lib/python3.11/site-packages/airflow/example_dags/plugins/event_listener.py took 0.034 seconds
[2026-06-02T06:46:36.188+0000] {processor.py:161} INFO - Started process (PID=441) to work on /home/airflow/.local/lib/python3.11/site-packages/airflow/example_dags/plugins/event_listener.py
[2026-06-02T06:46:36.190+0000] {processor.py:830} INFO - Processing file /home/airflow/.local/lib/python3.11/site-packages/airflow/example_dags/plugins/event_listener.py for tasks to queue
[2026-06-02T06:46:36.193+0000] {logging_mixin.py:188} INFO - [2026-06-02T06:46:36.192+0000] {dagbag.py:545} INFO - Filling up the DagBag from /home/airflow/.local/lib/python3.11/site-packages/airflow/example_dags/plugins/event_listener.py
[2026-06-02T06:46:36.196+0000] {processor.py:842} WARNING - No viable dags retrieved from /home/airflow/.local/lib/python3.11/site-packages/airflow/example_dags/plugins/event_listener.py
[2026-06-02T06:46:36.219+0000] {processor.py:183} INFO - Processing /home/airflow/.local/lib/python3.11/site-packages/airflow/example_dags/plugins/event_listener.py took 0.039 seconds
[2026-06-02T06:47:06.342+0000] {processor.py:161} INFO - Started process (PID=711) to work on /home/airflow/.local/lib/python3.11/site-packages/airflow/example_dags/plugins/event_listener.py
[2026-06-02T06:47:06.344+0000] {processor.py:830} INFO - Processing file /home/airflow/.local/lib/python3.11/site-packages/airflow/example_dags/plugins/event_listener.py for tasks to queue
[2026-06-02T06:47:06.347+0000] {logging_mixin.py:188} INFO - [2026-06-02T06:47:06.346+0000] {dagbag.py:545} INFO - Filling up the DagBag from /home/airflow/.local/lib/python3.11/site-packages/airflow/example_dags/plugins/event_listener.py
[2026-06-02T06:47:06.350+0000] {processor.py:842} WARNING - No viable dags retrieved from /home/airflow/.local/lib/python3.11/site-packages/airflow/example_dags/plugins/event_listener.py
[2026-06-02T06:47:06.366+0000] {processor.py:183} INFO - Processing /home/airflow/.local/lib/python3.11/site-packages/airflow/example_dags/plugins/event_listener.py took 0.032 seconds
[2026-06-02T06:47:36.773+0000] {processor.py:161} INFO - Started process (PID=987) to work on /home/airflow/.local/lib/python3.11/site-packages/airflow/example_dags/plugins/event_listener.py
[2026-06-02T06:47:36.774+0000] {processor.py:830} INFO - Processing file /home/airflow/.local/lib/python3.11/site-packages/airflow/example_dags/plugins/event_listener.py for tasks to queue
[2026-06-02T06:47:36.777+0000] {logging_mixin.py:188} INFO - [2026-06-02T06:47:36.776+0000] {dagbag.py:545} INFO - Filling up the DagBag from /home/airflow/.local/lib/python3.11/site-packages/airflow/example_dags/plugins/event_listener.py
[2026-06-02T06:47:36.781+0000] {processor.py:842} WARNING - No viable dags retrieved from /home/airflow/.local/lib/python3.11/site-packages/airflow/example_dags/plugins/event_listener.py
[2026-06-02T06:47:36.801+0000] {processor.py:183} INFO - Processing /home/airflow/.local/lib/python3.11/site-packages/airflow/example_dags/plugins/event_listener.py took 0.036 seconds
[2026-06-02T06:48:08.413+0000] {processor.py:161} INFO - Started process (PID=1264) to work on /home/airflow/.local/lib/python3.11/site-packages/airflow/example_dags/plugins/event_listener.py
[2026-06-02T06:48:08.416+0000] {processor.py:830} INFO - Processing file /home/airflow/.local/lib/python3.11/site-packages/airflow/example_dags/plugins/event_listener.py for tasks to queue
[2026-06-02T06:48:08.420+0000] {logging_mixin.py:188} INFO - [2026-06-02T06:48:08.419+0000] {dagbag.py:545} INFO - Filling up the DagBag from /home/airflow/.local/lib/python3.11/site-packages/airflow/example_dags/plugins/event_listener.py
[2026-06-02T06:48:08.425+0000] {processor.py:842} WARNING - No viable dags retrieved from /home/airflow/.local/lib/python3.11/site-packages/airflow/example_dags/plugins/event_listener.py
[2026-06-02T06:48:08.448+0000] {processor.py:183} INFO - Processing /home/airflow/.local/lib/python3.11/site-packages/airflow/example_dags/plugins/event_listener.py took 0.047 seconds
[2026-06-02T06:48:39.562+0000] {processor.py:161} INFO - Started process (PID=1539) to work on /home/airflow/.local/lib/python3.11/site-packages/airflow/example_dags/plugins/event_listener.py
[2026-06-02T06:48:39.565+0000] {processor.py:830} INFO - Processing file /home/airflow/.local/lib/python3.11/site-packages/airflow/example_dags/plugins/event_listener.py for tasks to queue
[2026-06-02T06:48:39.569+0000] {logging_mixin.py:188} INFO - [2026-06-02T06:48:39.569+0000] {dagbag.py:545} INFO - Filling up the DagBag from /home/airflow/.local/lib/python3.11/site-packages/airflow/example_dags/plugins/event_listener.py
[2026-06-02T06:48:39.574+0000] {processor.py:842} WARNING - No viable dags retrieved from /home/airflow/.local/lib/python3.11/site-packages/airflow/example_dags/plugins/event_listener.py
[2026-06-02T06:48:39.602+0000] {processor.py:183} INFO - Processing /home/airflow/.local/lib/python3.11/site-packages/airflow/example_dags/plugins/event_listener.py took 0.056 seconds
[2026-06-02T06:49:10.243+0000] {processor.py:161} INFO - Started process (PID=1801) to work on /home/airflow/.local/lib/python3.11/site-packages/airflow/example_dags/plugins/event_listener.py
[2026-06-02T06:49:10.245+0000] {processor.py:830} INFO - Processing file /home/airflow/.local/lib/python3.11/site-packages/airflow/example_dags/plugins/event_listener.py for tasks to queue
[2026-06-02T06:49:10.248+0000] {logging_mixin.py:188} INFO - [2026-06-02T06:49:10.247+0000] {dagbag.py:545} INFO - Filling up the DagBag from /home/airflow/.local/lib/python3.11/site-packages/airflow/example_dags/plugins/event_listener.py
[2026-06-02T06:49:10.251+0000] {processor.py:842} WARNING - No viable dags retrieved from /home/airflow/.local/lib/python3.11/site-packages/airflow/example_dags/plugins/event_listener.py
[2026-06-02T06:49:10.267+0000] {processor.py:183} INFO - Processing /home/airflow/.local/lib/python3.11/site-packages/airflow/example_dags/plugins/event_listener.py took 0.030 seconds
[2026-06-02T06:49:40.800+0000] {processor.py:161} INFO - Started process (PID=2077) to work on /home/airflow/.local/lib/python3.11/site-packages/airflow/example_dags/plugins/event_listener.py
[2026-06-02T06:49:40.801+0000] {processor.py:830} INFO - Processing file /home/airflow/.local/lib/python3.11/site-packages/airflow/example_dags/plugins/event_listener.py for tasks to queue
[2026-06-02T06:49:40.803+0000] {logging_mixin.py:188} INFO - [2026-06-02T06:49:40.803+0000] {dagbag.py:545} INFO - Filling up the DagBag from /home/airflow/.local/lib/python3.11/site-packages/airflow/example_dags/plugins/event_listener.py
[2026-06-02T06:49:40.807+0000] {processor.py:842} WARNING - No viable dags retrieved from /home/airflow/.local/lib/python3.11/site-packages/airflow/example_dags/plugins/event_listener.py
[2026-06-02T06:49:40.823+0000] {processor.py:183} INFO - Processing /home/airflow/.local/lib/python3.11/site-packages/airflow/example_dags/plugins/event_listener.py took 0.032 seconds
[2026-06-02T06:50:11.242+0000] {processor.py:161} INFO - Started process (PID=2353) to work on /home/airflow/.local/lib/python3.11/site-packages/airflow/example_dags/plugins/event_listener.py
[2026-06-02T06:50:11.243+0000] {processor.py:830} INFO - Processing file /home/airflow/.local/lib/python3.11/site-packages/airflow/example_dags/plugins/event_listener.py for tasks to queue
[2026-06-02T06:50:11.245+0000] {logging_mixin.py:188} INFO - [2026-06-02T06:50:11.245+0000] {dagbag.py:545} INFO - Filling up the DagBag from /home/airflow/.local/lib/python3.11/site-packages/airflow/example_dags/plugins/event_listener.py
[2026-06-02T06:50:11.248+0000] {processor.py:842} WARNING - No viable dags retrieved from /home/airflow/.local/lib/python3.11/site-packages/airflow/example_dags/plugins/event_listener.py
[2026-06-02T06:50:11.265+0000] {processor.py:183} INFO - Processing /home/airflow/.local/lib/python3.11/site-packages/airflow/example_dags/plugins/event_listener.py took 0.030 seconds
[2026-06-02T06:50:41.684+0000] {processor.py:161} INFO - Started process (PID=2629) to work on /home/airflow/.local/lib/python3.11/site-packages/airflow/example_dags/plugins/event_listener.py
[2026-06-02T06:50:41.685+0000] {processor.py:830} INFO - Processing file /home/airflow/.local/lib/python3.11/site-packages/airflow/example_dags/plugins/event_listener.py for tasks to queue
[2026-06-02T06:50:41.688+0000] {logging_mixin.py:188} INFO - [2026-06-02T06:50:41.687+0000] {dagbag.py:545} INFO - Filling up the DagBag from /home/airflow/.local/lib/python3.11/site-packages/airflow/example_dags/plugins/event_listener.py
[2026-06-02T06:50:41.691+0000] {processor.py:842} WARNING - No viable dags retrieved from /home/airflow/.local/lib/python3.11/site-packages/airflow/example_dags/plugins/event_listener.py
[2026-06-02T06:50:41.707+0000] {processor.py:183} INFO - Processing /home/airflow/.local/lib/python3.11/site-packages/airflow/example_dags/plugins/event_listener.py took 0.032 seconds
[2026-06-02T06:51:12.153+0000] {processor.py:161} INFO - Started process (PID=2905) to work on /home/airflow/.local/lib/python3.11/site-packages/airflow/example_dags/plugins/event_listener.py
[2026-06-02T06:51:12.154+0000] {processor.py:830} INFO - Processing file /home/airflow/.local/lib/python3.11/site-packages/airflow/example_dags/plugins/event_listener.py for tasks to queue
[2026-06-02T06:51:12.156+0000] {logging_mixin.py:188} INFO - [2026-06-02T06:51:12.156+0000] {dagbag.py:545} INFO - Filling up the DagBag from /home/airflow/.local/lib/python3.11/site-packages/airflow/example_dags/plugins/event_listener.py
[2026-06-02T06:51:12.159+0000] {processor.py:842} WARNING - No viable dags retrieved from /home/airflow/.local/lib/python3.11/site-packages/airflow/example_dags/plugins/event_listener.py
[2026-06-02T06:51:12.175+0000] {processor.py:183} INFO - Processing /home/airflow/.local/lib/python3.11/site-packages/airflow/example_dags/plugins/event_listener.py took 0.029 seconds
[2026-06-02T06:51:42.432+0000] {processor.py:161} INFO - Started process (PID=3181) to work on /home/airflow/.local/lib/python3.11/site-packages/airflow/example_dags/plugins/event_listener.py
[2026-06-02T06:51:42.433+0000] {processor.py:830} INFO - Processing file /home/airflow/.local/lib/python3.11/site-packages/airflow/example_dags/plugins/event_listener.py for tasks to queue
[2026-06-02T06:51:42.435+0000] {logging_mixin.py:188} INFO - [2026-06-02T06:51:42.435+0000] {dagbag.py:545} INFO - Filling up the DagBag from /home/airflow/.local/lib/python3.11/site-packages/airflow/example_dags/plugins/event_listener.py
[2026-06-02T06:51:42.438+0000] {processor.py:842} WARNING - No viable dags retrieved from /home/airflow/.local/lib/python3.11/site-packages/airflow/example_dags/plugins/event_listener.py
[2026-06-02T06:51:42.452+0000] {processor.py:183} INFO - Processing /home/airflow/.local/lib/python3.11/site-packages/airflow/example_dags/plugins/event_listener.py took 0.030 seconds
[2026-06-02T07:08:59.938+0000] {processor.py:161} INFO - Started process (PID=3467) to work on /home/airflow/.local/lib/python3.11/site-packages/airflow/example_dags/plugins/event_listener.py
[2026-06-02T07:08:59.939+0000] {processor.py:830} INFO - Processing file /home/airflow/.local/lib/python3.11/site-packages/airflow/example_dags/plugins/event_listener.py for tasks to queue
[2026-06-02T07:08:59.942+0000] {logging_mixin.py:188} INFO - [2026-06-02T07:08:59.941+0000] {dagbag.py:545} INFO - Filling up the DagBag from /home/airflow/.local/lib/python3.11/site-packages/airflow/example_dags/plugins/event_listener.py
[2026-06-02T07:08:59.945+0000] {processor.py:842} WARNING - No viable dags retrieved from /home/airflow/.local/lib/python3.11/site-packages/airflow/example_dags/plugins/event_listener.py
[2026-06-02T07:08:59.964+0000] {processor.py:183} INFO - Processing /home/airflow/.local/lib/python3.11/site-packages/airflow/example_dags/plugins/event_listener.py took 0.035 seconds
[2026-06-02T07:09:30.159+0000] {processor.py:161} INFO - Started process (PID=3737) to work on /home/airflow/.local/lib/python3.11/site-packages/airflow/example_dags/plugins/event_listener.py
[2026-06-02T07:09:30.161+0000] {processor.py:830} INFO - Processing file /home/airflow/.local/lib/python3.11/site-packages/airflow/example_dags/plugins/event_listener.py for tasks to queue
[2026-06-02T07:09:30.164+0000] {logging_mixin.py:188} INFO - [2026-06-02T07:09:30.163+0000] {dagbag.py:545} INFO - Filling up the DagBag from /home/airflow/.local/lib/python3.11/site-packages/airflow/example_dags/plugins/event_listener.py
[2026-06-02T07:09:30.168+0000] {processor.py:842} WARNING - No viable dags retrieved from /home/airflow/.local/lib/python3.11/site-packages/airflow/example_dags/plugins/event_listener.py
[2026-06-02T07:09:30.188+0000] {processor.py:183} INFO - Processing /home/airflow/.local/lib/python3.11/site-packages/airflow/example_dags/plugins/event_listener.py took 0.041 seconds
[2026-06-02T07:10:00.503+0000] {processor.py:161} INFO - Started process (PID=4013) to work on /home/airflow/.local/lib/python3.11/site-packages/airflow/example_dags/plugins/event_listener.py
[2026-06-02T07:10:00.505+0000] {processor.py:830} INFO - Processing file /home/airflow/.local/lib/python3.11/site-packages/airflow/example_dags/plugins/event_listener.py for tasks to queue
[2026-06-02T07:10:00.508+0000] {logging_mixin.py:188} INFO - [2026-06-02T07:10:00.507+0000] {dagbag.py:545} INFO - Filling up the DagBag from /home/airflow/.local/lib/python3.11/site-packages/airflow/example_dags/plugins/event_listener.py
[2026-06-02T07:10:00.510+0000] {processor.py:842} WARNING - No viable dags retrieved from /home/airflow/.local/lib/python3.11/site-packages/airflow/example_dags/plugins/event_listener.py
[2026-06-02T07:10:00.526+0000] {processor.py:183} INFO - Processing /home/airflow/.local/lib/python3.11/site-packages/airflow/example_dags/plugins/event_listener.py took 0.031 seconds
[2026-06-02T07:10:31.125+0000] {processor.py:161} INFO - Started process (PID=4289) to work on /home/airflow/.local/lib/python3.11/site-packages/airflow/example_dags/plugins/event_listener.py
[2026-06-02T07:10:31.127+0000] {processor.py:830} INFO - Processing file /home/airflow/.local/lib/python3.11/site-packages/airflow/example_dags/plugins/event_listener.py for tasks to queue
[2026-06-02T07:10:31.130+0000] {logging_mixin.py:188} INFO - [2026-06-02T07:10:31.129+0000] {dagbag.py:545} INFO - Filling up the DagBag from /home/airflow/.local/lib/python3.11/site-packages/airflow/example_dags/plugins/event_listener.py
[2026-06-02T07:10:31.133+0000] {processor.py:842} WARNING - No viable dags retrieved from /home/airflow/.local/lib/python3.11/site-packages/airflow/example_dags/plugins/event_listener.py
[2026-06-02T07:10:31.157+0000] {processor.py:183} INFO - Processing /home/airflow/.local/lib/python3.11/site-packages/airflow/example_dags/plugins/event_listener.py took 0.041 seconds
[2026-06-02T07:11:01.988+0000] {processor.py:161} INFO - Started process (PID=4565) to work on /home/airflow/.local/lib/python3.11/site-packages/airflow/example_dags/plugins/event_listener.py
[2026-06-02T07:11:01.989+0000] {processor.py:830} INFO - Processing file /home/airflow/.local/lib/python3.11/site-packages/airflow/example_dags/plugins/event_listener.py for tasks to queue
[2026-06-02T07:11:01.992+0000] {logging_mixin.py:188} INFO - [2026-06-02T07:11:01.992+0000] {dagbag.py:545} INFO - Filling up the DagBag from /home/airflow/.local/lib/python3.11/site-packages/airflow/example_dags/plugins/event_listener.py
[2026-06-02T07:11:01.996+0000] {processor.py:842} WARNING - No viable dags retrieved from /home/airflow/.local/lib/python3.11/site-packages/airflow/example_dags/plugins/event_listener.py
[2026-06-02T07:11:02.021+0000] {processor.py:183} INFO - Processing /home/airflow/.local/lib/python3.11/site-packages/airflow/example_dags/plugins/event_listener.py took 0.048 seconds
[2026-06-02T07:11:32.677+0000] {processor.py:161} INFO - Started process (PID=4843) to work on /home/airflow/.local/lib/python3.11/site-packages/airflow/example_dags/plugins/event_listener.py
[2026-06-02T07:11:32.679+0000] {processor.py:830} INFO - Processing file /home/airflow/.local/lib/python3.11/site-packages/airflow/example_dags/plugins/event_listener.py for tasks to queue
[2026-06-02T07:11:32.682+0000] {logging_mixin.py:188} INFO - [2026-06-02T07:11:32.682+0000] {dagbag.py:545} INFO - Filling up the DagBag from /home/airflow/.local/lib/python3.11/site-packages/airflow/example_dags/plugins/event_listener.py
[2026-06-02T07:11:32.686+0000] {processor.py:842} WARNING - No viable dags retrieved from /home/airflow/.local/lib/python3.11/site-packages/airflow/example_dags/plugins/event_listener.py
[2026-06-02T07:11:32.711+0000] {processor.py:183} INFO - Processing /home/airflow/.local/lib/python3.11/site-packages/airflow/example_dags/plugins/event_listener.py took 0.047 seconds
[2026-06-02T07:12:03.744+0000] {processor.py:161} INFO - Started process (PID=5117) to work on /home/airflow/.local/lib/python3.11/site-packages/airflow/example_dags/plugins/event_listener.py
[2026-06-02T07:12:03.748+0000] {processor.py:830} INFO - Processing file /home/airflow/.local/lib/python3.11/site-packages/airflow/example_dags/plugins/event_listener.py for tasks to queue
[2026-06-02T07:12:03.751+0000] {logging_mixin.py:188} INFO - [2026-06-02T07:12:03.751+0000] {dagbag.py:545} INFO - Filling up the DagBag from /home/airflow/.local/lib/python3.11/site-packages/airflow/example_dags/plugins/event_listener.py
[2026-06-02T07:12:03.756+0000] {processor.py:842} WARNING - No viable dags retrieved from /home/airflow/.local/lib/python3.11/site-packages/airflow/example_dags/plugins/event_listener.py
[2026-06-02T07:12:03.786+0000] {processor.py:183} INFO - Processing /home/airflow/.local/lib/python3.11/site-packages/airflow/example_dags/plugins/event_listener.py took 0.054 seconds
[2026-06-02T07:12:33.975+0000] {processor.py:161} INFO - Started process (PID=5393) to work on /home/airflow/.local/lib/python3.11/site-packages/airflow/example_dags/plugins/event_listener.py
[2026-06-02T07:12:33.977+0000] {processor.py:830} INFO - Processing file /home/airflow/.local/lib/python3.11/site-packages/airflow/example_dags/plugins/event_listener.py for tasks to queue
[2026-06-02T07:12:33.981+0000] {logging_mixin.py:188} INFO - [2026-06-02T07:12:33.980+0000] {dagbag.py:545} INFO - Filling up the DagBag from /home/airflow/.local/lib/python3.11/site-packages/airflow/example_dags/plugins/event_listener.py
[2026-06-02T07:12:33.985+0000] {processor.py:842} WARNING - No viable dags retrieved from /home/airflow/.local/lib/python3.11/site-packages/airflow/example_dags/plugins/event_listener.py
[2026-06-02T07:12:34.010+0000] {processor.py:183} INFO - Processing /home/airflow/.local/lib/python3.11/site-packages/airflow/example_dags/plugins/event_listener.py took 0.048 seconds
[2026-06-02T07:13:04.188+0000] {processor.py:161} INFO - Started process (PID=5669) to work on /home/airflow/.local/lib/python3.11/site-packages/airflow/example_dags/plugins/event_listener.py
[2026-06-02T07:13:04.189+0000] {processor.py:830} INFO - Processing file /home/airflow/.local/lib/python3.11/site-packages/airflow/example_dags/plugins/event_listener.py for tasks to queue
[2026-06-02T07:13:04.191+0000] {logging_mixin.py:188} INFO - [2026-06-02T07:13:04.191+0000] {dagbag.py:545} INFO - Filling up the DagBag from /home/airflow/.local/lib/python3.11/site-packages/airflow/example_dags/plugins/event_listener.py
[2026-06-02T07:13:04.195+0000] {processor.py:842} WARNING - No viable dags retrieved from /home/airflow/.local/lib/python3.11/site-packages/airflow/example_dags/plugins/event_listener.py
[2026-06-02T07:13:04.216+0000] {processor.py:183} INFO - Processing /home/airflow/.local/lib/python3.11/site-packages/airflow/example_dags/plugins/event_listener.py took 0.037 seconds
[2026-06-02T07:14:22.020+0000] {processor.py:161} INFO - Started process (PID=442) to work on /home/airflow/.local/lib/python3.11/site-packages/airflow/example_dags/plugins/event_listener.py
[2026-06-02T07:14:22.022+0000] {processor.py:830} INFO - Processing file /home/airflow/.local/lib/python3.11/site-packages/airflow/example_dags/plugins/event_listener.py for tasks to queue
[2026-06-02T07:14:22.025+0000] {logging_mixin.py:188} INFO - [2026-06-02T07:14:22.025+0000] {dagbag.py:545} INFO - Filling up the DagBag from /home/airflow/.local/lib/python3.11/site-packages/airflow/example_dags/plugins/event_listener.py
[2026-06-02T07:14:22.029+0000] {processor.py:842} WARNING - No viable dags retrieved from /home/airflow/.local/lib/python3.11/site-packages/airflow/example_dags/plugins/event_listener.py
[2026-06-02T07:14:22.051+0000] {processor.py:183} INFO - Processing /home/airflow/.local/lib/python3.11/site-packages/airflow/example_dags/plugins/event_listener.py took 0.041 seconds
[2026-06-02T07:14:52.196+0000] {processor.py:161} INFO - Started process (PID=712) to work on /home/airflow/.local/lib/python3.11/site-packages/airflow/example_dags/plugins/event_listener.py
[2026-06-02T07:14:52.197+0000] {processor.py:830} INFO - Processing file /home/airflow/.local/lib/python3.11/site-packages/airflow/example_dags/plugins/event_listener.py for tasks to queue
[2026-06-02T07:14:52.200+0000] {logging_mixin.py:188} INFO - [2026-06-02T07:14:52.200+0000] {dagbag.py:545} INFO - Filling up the DagBag from /home/airflow/.local/lib/python3.11/site-packages/airflow/example_dags/plugins/event_listener.py
[2026-06-02T07:14:52.203+0000] {processor.py:842} WARNING - No viable dags retrieved from /home/airflow/.local/lib/python3.11/site-packages/airflow/example_dags/plugins/event_listener.py
[2026-06-02T07:14:52.221+0000] {processor.py:183} INFO - Processing /home/airflow/.local/lib/python3.11/site-packages/airflow/example_dags/plugins/event_listener.py took 0.033 seconds
[2026-06-02T07:15:22.527+0000] {processor.py:161} INFO - Started process (PID=988) to work on /home/airflow/.local/lib/python3.11/site-packages/airflow/example_dags/plugins/event_listener.py
[2026-06-02T07:15:22.530+0000] {processor.py:830} INFO - Processing file /home/airflow/.local/lib/python3.11/site-packages/airflow/example_dags/plugins/event_listener.py for tasks to queue
[2026-06-02T07:15:22.533+0000] {logging_mixin.py:188} INFO - [2026-06-02T07:15:22.533+0000] {dagbag.py:545} INFO - Filling up the DagBag from /home/airflow/.local/lib/python3.11/site-packages/airflow/example_dags/plugins/event_listener.py
[2026-06-02T07:15:22.536+0000] {processor.py:842} WARNING - No viable dags retrieved from /home/airflow/.local/lib/python3.11/site-packages/airflow/example_dags/plugins/event_listener.py
[2026-06-02T07:15:22.555+0000] {processor.py:183} INFO - Processing /home/airflow/.local/lib/python3.11/site-packages/airflow/example_dags/plugins/event_listener.py took 0.038 seconds
[2026-06-02T07:16:21.904+0000] {processor.py:161} INFO - Started process (PID=443) to work on /home/airflow/.local/lib/python3.11/site-packages/airflow/example_dags/plugins/event_listener.py
[2026-06-02T07:16:21.906+0000] {processor.py:830} INFO - Processing file /home/airflow/.local/lib/python3.11/site-packages/airflow/example_dags/plugins/event_listener.py for tasks to queue
[2026-06-02T07:16:21.909+0000] {logging_mixin.py:188} INFO - [2026-06-02T07:16:21.908+0000] {dagbag.py:545} INFO - Filling up the DagBag from /home/airflow/.local/lib/python3.11/site-packages/airflow/example_dags/plugins/event_listener.py
[2026-06-02T07:16:21.912+0000] {processor.py:842} WARNING - No viable dags retrieved from /home/airflow/.local/lib/python3.11/site-packages/airflow/example_dags/plugins/event_listener.py
[2026-06-02T07:16:21.934+0000] {processor.py:183} INFO - Processing /home/airflow/.local/lib/python3.11/site-packages/airflow/example_dags/plugins/event_listener.py took 0.038 seconds
[2026-06-02T07:16:53.766+0000] {processor.py:161} INFO - Started process (PID=719) to work on /home/airflow/.local/lib/python3.11/site-packages/airflow/example_dags/plugins/event_listener.py
[2026-06-02T07:16:53.767+0000] {processor.py:830} INFO - Processing file /home/airflow/.local/lib/python3.11/site-packages/airflow/example_dags/plugins/event_listener.py for tasks to queue
[2026-06-02T07:16:53.770+0000] {logging_mixin.py:188} INFO - [2026-06-02T07:16:53.769+0000] {dagbag.py:545} INFO - Filling up the DagBag from /home/airflow/.local/lib/python3.11/site-packages/airflow/example_dags/plugins/event_listener.py
[2026-06-02T07:16:53.773+0000] {processor.py:842} WARNING - No viable dags retrieved from /home/airflow/.local/lib/python3.11/site-packages/airflow/example_dags/plugins/event_listener.py
[2026-06-02T07:16:53.792+0000] {processor.py:183} INFO - Processing /home/airflow/.local/lib/python3.11/site-packages/airflow/example_dags/plugins/event_listener.py took 0.036 seconds
[2026-06-02T07:17:24.392+0000] {processor.py:161} INFO - Started process (PID=996) to work on /home/airflow/.local/lib/python3.11/site-packages/airflow/example_dags/plugins/event_listener.py
[2026-06-02T07:17:24.393+0000] {processor.py:830} INFO - Processing file /home/airflow/.local/lib/python3.11/site-packages/airflow/example_dags/plugins/event_listener.py for tasks to queue
[2026-06-02T07:17:24.396+0000] {logging_mixin.py:188} INFO - [2026-06-02T07:17:24.396+0000] {dagbag.py:545} INFO - Filling up the DagBag from /home/airflow/.local/lib/python3.11/site-packages/airflow/example_dags/plugins/event_listener.py
[2026-06-02T07:17:24.399+0000] {processor.py:842} WARNING - No viable dags retrieved from /home/airflow/.local/lib/python3.11/site-packages/airflow/example_dags/plugins/event_listener.py
[2026-06-02T07:17:24.423+0000] {processor.py:183} INFO - Processing /home/airflow/.local/lib/python3.11/site-packages/airflow/example_dags/plugins/event_listener.py took 0.039 seconds
[2026-06-02T07:17:55.724+0000] {processor.py:161} INFO - Started process (PID=1272) to work on /home/airflow/.local/lib/python3.11/site-packages/airflow/example_dags/plugins/event_listener.py
[2026-06-02T07:17:55.725+0000] {processor.py:830} INFO - Processing file /home/airflow/.local/lib/python3.11/site-packages/airflow/example_dags/plugins/event_listener.py for tasks to queue
[2026-06-02T07:17:55.728+0000] {logging_mixin.py:188} INFO - [2026-06-02T07:17:55.727+0000] {dagbag.py:545} INFO - Filling up the DagBag from /home/airflow/.local/lib/python3.11/site-packages/airflow/example_dags/plugins/event_listener.py
[2026-06-02T07:17:55.731+0000] {processor.py:842} WARNING - No viable dags retrieved from /home/airflow/.local/lib/python3.11/site-packages/airflow/example_dags/plugins/event_listener.py
[2026-06-02T07:17:55.750+0000] {processor.py:183} INFO - Processing /home/airflow/.local/lib/python3.11/site-packages/airflow/example_dags/plugins/event_listener.py took 0.034 seconds
[2026-06-02T07:18:27.359+0000] {processor.py:161} INFO - Started process (PID=1548) to work on /home/airflow/.local/lib/python3.11/site-packages/airflow/example_dags/plugins/event_listener.py
[2026-06-02T07:18:27.361+0000] {processor.py:830} INFO - Processing file /home/airflow/.local/lib/python3.11/site-packages/airflow/example_dags/plugins/event_listener.py for tasks to queue
[2026-06-02T07:18:27.365+0000] {logging_mixin.py:188} INFO - [2026-06-02T07:18:27.364+0000] {dagbag.py:545} INFO - Filling up the DagBag from /home/airflow/.local/lib/python3.11/site-packages/airflow/example_dags/plugins/event_listener.py
[2026-06-02T07:18:27.369+0000] {processor.py:842} WARNING - No viable dags retrieved from /home/airflow/.local/lib/python3.11/site-packages/airflow/example_dags/plugins/event_listener.py
[2026-06-02T07:18:27.395+0000] {processor.py:183} INFO - Processing /home/airflow/.local/lib/python3.11/site-packages/airflow/example_dags/plugins/event_listener.py took 0.052 seconds
[2026-06-02T07:18:58.050+0000] {processor.py:161} INFO - Started process (PID=1810) to work on /home/airflow/.local/lib/python3.11/site-packages/airflow/example_dags/plugins/event_listener.py
[2026-06-02T07:18:58.051+0000] {processor.py:830} INFO - Processing file /home/airflow/.local/lib/python3.11/site-packages/airflow/example_dags/plugins/event_listener.py for tasks to queue
[2026-06-02T07:18:58.054+0000] {logging_mixin.py:188} INFO - [2026-06-02T07:18:58.053+0000] {dagbag.py:545} INFO - Filling up the DagBag from /home/airflow/.local/lib/python3.11/site-packages/airflow/example_dags/plugins/event_listener.py
[2026-06-02T07:18:58.059+0000] {processor.py:842} WARNING - No viable dags retrieved from /home/airflow/.local/lib/python3.11/site-packages/airflow/example_dags/plugins/event_listener.py
[2026-06-02T07:18:58.081+0000] {processor.py:183} INFO - Processing /home/airflow/.local/lib/python3.11/site-packages/airflow/example_dags/plugins/event_listener.py took 0.043 seconds
[2026-06-02T07:19:28.404+0000] {processor.py:161} INFO - Started process (PID=2080) to work on /home/airflow/.local/lib/python3.11/site-packages/airflow/example_dags/plugins/event_listener.py
[2026-06-02T07:19:28.405+0000] {processor.py:830} INFO - Processing file /home/airflow/.local/lib/python3.11/site-packages/airflow/example_dags/plugins/event_listener.py for tasks to queue
[2026-06-02T07:19:28.407+0000] {logging_mixin.py:188} INFO - [2026-06-02T07:19:28.407+0000] {dagbag.py:545} INFO - Filling up the DagBag from /home/airflow/.local/lib/python3.11/site-packages/airflow/example_dags/plugins/event_listener.py
[2026-06-02T07:19:28.410+0000] {processor.py:842} WARNING - No viable dags retrieved from /home/airflow/.local/lib/python3.11/site-packages/airflow/example_dags/plugins/event_listener.py
[2026-06-02T07:19:28.427+0000] {processor.py:183} INFO - Processing /home/airflow/.local/lib/python3.11/site-packages/airflow/example_dags/plugins/event_listener.py took 0.031 seconds
[2026-06-02T07:19:58.938+0000] {processor.py:161} INFO - Started process (PID=2356) to work on /home/airflow/.local/lib/python3.11/site-packages/airflow/example_dags/plugins/event_listener.py
[2026-06-02T07:19:58.939+0000] {processor.py:830} INFO - Processing file /home/airflow/.local/lib/python3.11/site-packages/airflow/example_dags/plugins/event_listener.py for tasks to queue
[2026-06-02T07:19:58.942+0000] {logging_mixin.py:188} INFO - [2026-06-02T07:19:58.941+0000] {dagbag.py:545} INFO - Filling up the DagBag from /home/airflow/.local/lib/python3.11/site-packages/airflow/example_dags/plugins/event_listener.py
[2026-06-02T07:19:58.945+0000] {processor.py:842} WARNING - No viable dags retrieved from /home/airflow/.local/lib/python3.11/site-packages/airflow/example_dags/plugins/event_listener.py
[2026-06-02T07:19:58.962+0000] {processor.py:183} INFO - Processing /home/airflow/.local/lib/python3.11/site-packages/airflow/example_dags/plugins/event_listener.py took 0.032 seconds
[2026-06-02T07:20:29.765+0000] {processor.py:161} INFO - Started process (PID=2638) to work on /home/airflow/.local/lib/python3.11/site-packages/airflow/example_dags/plugins/event_listener.py
[2026-06-02T07:20:29.767+0000] {processor.py:830} INFO - Processing file /home/airflow/.local/lib/python3.11/site-packages/airflow/example_dags/plugins/event_listener.py for tasks to queue
[2026-06-02T07:20:29.770+0000] {logging_mixin.py:188} INFO - [2026-06-02T07:20:29.770+0000] {dagbag.py:545} INFO - Filling up the DagBag from /home/airflow/.local/lib/python3.11/site-packages/airflow/example_dags/plugins/event_listener.py
[2026-06-02T07:20:29.774+0000] {processor.py:842} WARNING - No viable dags retrieved from /home/airflow/.local/lib/python3.11/site-packages/airflow/example_dags/plugins/event_listener.py
[2026-06-02T07:20:29.851+0000] {processor.py:183} INFO - Processing /home/airflow/.local/lib/python3.11/site-packages/airflow/example_dags/plugins/event_listener.py took 0.096 seconds
[2026-06-02T07:20:59.932+0000] {processor.py:161} INFO - Started process (PID=2910) to work on /home/airflow/.local/lib/python3.11/site-packages/airflow/example_dags/plugins/event_listener.py
[2026-06-02T07:20:59.934+0000] {processor.py:830} INFO - Processing file /home/airflow/.local/lib/python3.11/site-packages/airflow/example_dags/plugins/event_listener.py for tasks to queue
[2026-06-02T07:20:59.937+0000] {logging_mixin.py:188} INFO - [2026-06-02T07:20:59.936+0000] {dagbag.py:545} INFO - Filling up the DagBag from /home/airflow/.local/lib/python3.11/site-packages/airflow/example_dags/plugins/event_listener.py
[2026-06-02T07:20:59.945+0000] {processor.py:842} WARNING - No viable dags retrieved from /home/airflow/.local/lib/python3.11/site-packages/airflow/example_dags/plugins/event_listener.py
[2026-06-02T07:20:59.972+0000] {processor.py:183} INFO - Processing /home/airflow/.local/lib/python3.11/site-packages/airflow/example_dags/plugins/event_listener.py took 0.053 seconds
[2026-06-02T07:21:30.474+0000] {processor.py:161} INFO - Started process (PID=3184) to work on /home/airflow/.local/lib/python3.11/site-packages/airflow/example_dags/plugins/event_listener.py
[2026-06-02T07:21:30.476+0000] {processor.py:830} INFO - Processing file /home/airflow/.local/lib/python3.11/site-packages/airflow/example_dags/plugins/event_listener.py for tasks to queue
[2026-06-02T07:21:30.478+0000] {logging_mixin.py:188} INFO - [2026-06-02T07:21:30.478+0000] {dagbag.py:545} INFO - Filling up the DagBag from /home/airflow/.local/lib/python3.11/site-packages/airflow/example_dags/plugins/event_listener.py
[2026-06-02T07:21:30.481+0000] {processor.py:842} WARNING - No viable dags retrieved from /home/airflow/.local/lib/python3.11/site-packages/airflow/example_dags/plugins/event_listener.py
[2026-06-02T07:21:30.498+0000] {processor.py:183} INFO - Processing /home/airflow/.local/lib/python3.11/site-packages/airflow/example_dags/plugins/event_listener.py took 0.035 seconds
[2026-06-02T07:22:01.016+0000] {processor.py:161} INFO - Started process (PID=3460) to work on /home/airflow/.local/lib/python3.11/site-packages/airflow/example_dags/plugins/event_listener.py
[2026-06-02T07:22:01.018+0000] {processor.py:830} INFO - Processing file /home/airflow/.local/lib/python3.11/site-packages/airflow/example_dags/plugins/event_listener.py for tasks to queue
[2026-06-02T07:22:01.021+0000] {logging_mixin.py:188} INFO - [2026-06-02T07:22:01.021+0000] {dagbag.py:545} INFO - Filling up the DagBag from /home/airflow/.local/lib/python3.11/site-packages/airflow/example_dags/plugins/event_listener.py
[2026-06-02T07:22:01.025+0000] {processor.py:842} WARNING - No viable dags retrieved from /home/airflow/.local/lib/python3.11/site-packages/airflow/example_dags/plugins/event_listener.py
[2026-06-02T07:22:01.044+0000] {processor.py:183} INFO - Processing /home/airflow/.local/lib/python3.11/site-packages/airflow/example_dags/plugins/event_listener.py took 0.037 seconds
[2026-06-02T07:22:31.186+0000] {processor.py:161} INFO - Started process (PID=3736) to work on /home/airflow/.local/lib/python3.11/site-packages/airflow/example_dags/plugins/event_listener.py
[2026-06-02T07:22:31.187+0000] {processor.py:830} INFO - Processing file /home/airflow/.local/lib/python3.11/site-packages/airflow/example_dags/plugins/event_listener.py for tasks to queue
[2026-06-02T07:22:31.190+0000] {logging_mixin.py:188} INFO - [2026-06-02T07:22:31.189+0000] {dagbag.py:545} INFO - Filling up the DagBag from /home/airflow/.local/lib/python3.11/site-packages/airflow/example_dags/plugins/event_listener.py
[2026-06-02T07:22:31.193+0000] {processor.py:842} WARNING - No viable dags retrieved from /home/airflow/.local/lib/python3.11/site-packages/airflow/example_dags/plugins/event_listener.py
[2026-06-02T07:22:31.211+0000] {processor.py:183} INFO - Processing /home/airflow/.local/lib/python3.11/site-packages/airflow/example_dags/plugins/event_listener.py took 0.032 seconds
[2026-06-02T07:23:01.878+0000] {processor.py:161} INFO - Started process (PID=4012) to work on /home/airflow/.local/lib/python3.11/site-packages/airflow/example_dags/plugins/event_listener.py
[2026-06-02T07:23:01.880+0000] {processor.py:830} INFO - Processing file /home/airflow/.local/lib/python3.11/site-packages/airflow/example_dags/plugins/event_listener.py for tasks to queue
[2026-06-02T07:23:01.881+0000] {logging_mixin.py:188} INFO - [2026-06-02T07:23:01.881+0000] {dagbag.py:545} INFO - Filling up the DagBag from /home/airflow/.local/lib/python3.11/site-packages/airflow/example_dags/plugins/event_listener.py
[2026-06-02T07:23:01.884+0000] {processor.py:842} WARNING - No viable dags retrieved from /home/airflow/.local/lib/python3.11/site-packages/airflow/example_dags/plugins/event_listener.py
[2026-06-02T07:23:01.901+0000] {processor.py:183} INFO - Processing /home/airflow/.local/lib/python3.11/site-packages/airflow/example_dags/plugins/event_listener.py took 0.030 seconds
[2026-06-02T07:23:32.310+0000] {processor.py:161} INFO - Started process (PID=4288) to work on /home/airflow/.local/lib/python3.11/site-packages/airflow/example_dags/plugins/event_listener.py
[2026-06-02T07:23:32.311+0000] {processor.py:830} INFO - Processing file /home/airflow/.local/lib/python3.11/site-packages/airflow/example_dags/plugins/event_listener.py for tasks to queue
[2026-06-02T07:23:32.314+0000] {logging_mixin.py:188} INFO - [2026-06-02T07:23:32.313+0000] {dagbag.py:545} INFO - Filling up the DagBag from /home/airflow/.local/lib/python3.11/site-packages/airflow/example_dags/plugins/event_listener.py
[2026-06-02T07:23:32.317+0000] {processor.py:842} WARNING - No viable dags retrieved from /home/airflow/.local/lib/python3.11/site-packages/airflow/example_dags/plugins/event_listener.py
[2026-06-02T07:23:32.336+0000] {processor.py:183} INFO - Processing /home/airflow/.local/lib/python3.11/site-packages/airflow/example_dags/plugins/event_listener.py took 0.037 seconds
[2026-06-02T07:24:03.179+0000] {processor.py:161} INFO - Started process (PID=4564) to work on /home/airflow/.local/lib/python3.11/site-packages/airflow/example_dags/plugins/event_listener.py
[2026-06-02T07:24:03.181+0000] {processor.py:830} INFO - Processing file /home/airflow/.local/lib/python3.11/site-packages/airflow/example_dags/plugins/event_listener.py for tasks to queue
[2026-06-02T07:24:03.183+0000] {logging_mixin.py:188} INFO - [2026-06-02T07:24:03.183+0000] {dagbag.py:545} INFO - Filling up the DagBag from /home/airflow/.local/lib/python3.11/site-packages/airflow/example_dags/plugins/event_listener.py
[2026-06-02T07:24:03.186+0000] {processor.py:842} WARNING - No viable dags retrieved from /home/airflow/.local/lib/python3.11/site-packages/airflow/example_dags/plugins/event_listener.py
[2026-06-02T07:24:03.202+0000] {processor.py:183} INFO - Processing /home/airflow/.local/lib/python3.11/site-packages/airflow/example_dags/plugins/event_listener.py took 0.029 seconds
[2026-06-02T07:24:33.791+0000] {processor.py:161} INFO - Started process (PID=4840) to work on /home/airflow/.local/lib/python3.11/site-packages/airflow/example_dags/plugins/event_listener.py
[2026-06-02T07:24:33.793+0000] {processor.py:830} INFO - Processing file /home/airflow/.local/lib/python3.11/site-packages/airflow/example_dags/plugins/event_listener.py for tasks to queue
[2026-06-02T07:24:33.796+0000] {logging_mixin.py:188} INFO - [2026-06-02T07:24:33.795+0000] {dagbag.py:545} INFO - Filling up the DagBag from /home/airflow/.local/lib/python3.11/site-packages/airflow/example_dags/plugins/event_listener.py
[2026-06-02T07:24:33.800+0000] {processor.py:842} WARNING - No viable dags retrieved from /home/airflow/.local/lib/python3.11/site-packages/airflow/example_dags/plugins/event_listener.py
[2026-06-02T07:24:33.823+0000] {processor.py:183} INFO - Processing /home/airflow/.local/lib/python3.11/site-packages/airflow/example_dags/plugins/event_listener.py took 0.043 seconds
[2026-06-02T07:25:04.013+0000] {processor.py:161} INFO - Started process (PID=5116) to work on /home/airflow/.local/lib/python3.11/site-packages/airflow/example_dags/plugins/event_listener.py
[2026-06-02T07:25:04.014+0000] {processor.py:830} INFO - Processing file /home/airflow/.local/lib/python3.11/site-packages/airflow/example_dags/plugins/event_listener.py for tasks to queue
[2026-06-02T07:25:04.016+0000] {logging_mixin.py:188} INFO - [2026-06-02T07:25:04.016+0000] {dagbag.py:545} INFO - Filling up the DagBag from /home/airflow/.local/lib/python3.11/site-packages/airflow/example_dags/plugins/event_listener.py
[2026-06-02T07:25:04.019+0000] {processor.py:842} WARNING - No viable dags retrieved from /home/airflow/.local/lib/python3.11/site-packages/airflow/example_dags/plugins/event_listener.py
[2026-06-02T07:25:04.036+0000] {processor.py:183} INFO - Processing /home/airflow/.local/lib/python3.11/site-packages/airflow/example_dags/plugins/event_listener.py took 0.033 seconds
[2026-06-02T07:25:34.917+0000] {processor.py:161} INFO - Started process (PID=5392) to work on /home/airflow/.local/lib/python3.11/site-packages/airflow/example_dags/plugins/event_listener.py
[2026-06-02T07:25:34.919+0000] {processor.py:830} INFO - Processing file /home/airflow/.local/lib/python3.11/site-packages/airflow/example_dags/plugins/event_listener.py for tasks to queue
[2026-06-02T07:25:34.921+0000] {logging_mixin.py:188} INFO - [2026-06-02T07:25:34.921+0000] {dagbag.py:545} INFO - Filling up the DagBag from /home/airflow/.local/lib/python3.11/site-packages/airflow/example_dags/plugins/event_listener.py
[2026-06-02T07:25:34.923+0000] {processor.py:842} WARNING - No viable dags retrieved from /home/airflow/.local/lib/python3.11/site-packages/airflow/example_dags/plugins/event_listener.py
[2026-06-02T07:25:34.942+0000] {processor.py:183} INFO - Processing /home/airflow/.local/lib/python3.11/site-packages/airflow/example_dags/plugins/event_listener.py took 0.033 seconds
[2026-06-02T07:26:05.803+0000] {processor.py:161} INFO - Started process (PID=5668) to work on /home/airflow/.local/lib/python3.11/site-packages/airflow/example_dags/plugins/event_listener.py
[2026-06-02T07:26:05.806+0000] {processor.py:830} INFO - Processing file /home/airflow/.local/lib/python3.11/site-packages/airflow/example_dags/plugins/event_listener.py for tasks to queue
[2026-06-02T07:26:05.817+0000] {logging_mixin.py:188} INFO - [2026-06-02T07:26:05.815+0000] {dagbag.py:545} INFO - Filling up the DagBag from /home/airflow/.local/lib/python3.11/site-packages/airflow/example_dags/plugins/event_listener.py
[2026-06-02T07:26:05.822+0000] {processor.py:842} WARNING - No viable dags retrieved from /home/airflow/.local/lib/python3.11/site-packages/airflow/example_dags/plugins/event_listener.py
[2026-06-02T07:26:05.850+0000] {processor.py:183} INFO - Processing /home/airflow/.local/lib/python3.11/site-packages/airflow/example_dags/plugins/event_listener.py took 0.060 seconds
[2026-06-02T07:26:36.124+0000] {processor.py:161} INFO - Started process (PID=5944) to work on /home/airflow/.local/lib/python3.11/site-packages/airflow/example_dags/plugins/event_listener.py
[2026-06-02T07:26:36.126+0000] {processor.py:830} INFO - Processing file /home/airflow/.local/lib/python3.11/site-packages/airflow/example_dags/plugins/event_listener.py for tasks to queue
[2026-06-02T07:26:36.130+0000] {logging_mixin.py:188} INFO - [2026-06-02T07:26:36.130+0000] {dagbag.py:545} INFO - Filling up the DagBag from /home/airflow/.local/lib/python3.11/site-packages/airflow/example_dags/plugins/event_listener.py
[2026-06-02T07:26:36.134+0000] {processor.py:842} WARNING - No viable dags retrieved from /home/airflow/.local/lib/python3.11/site-packages/airflow/example_dags/plugins/event_listener.py
[2026-06-02T07:26:36.163+0000] {processor.py:183} INFO - Processing /home/airflow/.local/lib/python3.11/site-packages/airflow/example_dags/plugins/event_listener.py took 0.049 seconds
[2026-06-02T07:27:06.740+0000] {processor.py:161} INFO - Started process (PID=6220) to work on /home/airflow/.local/lib/python3.11/site-packages/airflow/example_dags/plugins/event_listener.py
[2026-06-02T07:27:06.744+0000] {processor.py:830} INFO - Processing file /home/airflow/.local/lib/python3.11/site-packages/airflow/example_dags/plugins/event_listener.py for tasks to queue
[2026-06-02T07:27:06.747+0000] {logging_mixin.py:188} INFO - [2026-06-02T07:27:06.746+0000] {dagbag.py:545} INFO - Filling up the DagBag from /home/airflow/.local/lib/python3.11/site-packages/airflow/example_dags/plugins/event_listener.py
[2026-06-02T07:27:06.752+0000] {processor.py:842} WARNING - No viable dags retrieved from /home/airflow/.local/lib/python3.11/site-packages/airflow/example_dags/plugins/event_listener.py
[2026-06-02T07:27:06.776+0000] {processor.py:183} INFO - Processing /home/airflow/.local/lib/python3.11/site-packages/airflow/example_dags/plugins/event_listener.py took 0.049 seconds
[2026-06-02T07:27:38.822+0000] {processor.py:161} INFO - Started process (PID=6498) to work on /home/airflow/.local/lib/python3.11/site-packages/airflow/example_dags/plugins/event_listener.py
[2026-06-02T07:27:38.824+0000] {processor.py:830} INFO - Processing file /home/airflow/.local/lib/python3.11/site-packages/airflow/example_dags/plugins/event_listener.py for tasks to queue
[2026-06-02T07:27:38.827+0000] {logging_mixin.py:188} INFO - [2026-06-02T07:27:38.826+0000] {dagbag.py:545} INFO - Filling up the DagBag from /home/airflow/.local/lib/python3.11/site-packages/airflow/example_dags/plugins/event_listener.py
[2026-06-02T07:27:38.830+0000] {processor.py:842} WARNING - No viable dags retrieved from /home/airflow/.local/lib/python3.11/site-packages/airflow/example_dags/plugins/event_listener.py
[2026-06-02T07:27:38.852+0000] {processor.py:183} INFO - Processing /home/airflow/.local/lib/python3.11/site-packages/airflow/example_dags/plugins/event_listener.py took 0.039 seconds
[2026-06-02T07:28:10.053+0000] {processor.py:161} INFO - Started process (PID=6772) to work on /home/airflow/.local/lib/python3.11/site-packages/airflow/example_dags/plugins/event_listener.py
[2026-06-02T07:28:10.055+0000] {processor.py:830} INFO - Processing file /home/airflow/.local/lib/python3.11/site-packages/airflow/example_dags/plugins/event_listener.py for tasks to queue
[2026-06-02T07:28:10.059+0000] {logging_mixin.py:188} INFO - [2026-06-02T07:28:10.058+0000] {dagbag.py:545} INFO - Filling up the DagBag from /home/airflow/.local/lib/python3.11/site-packages/airflow/example_dags/plugins/event_listener.py
[2026-06-02T07:28:10.063+0000] {processor.py:842} WARNING - No viable dags retrieved from /home/airflow/.local/lib/python3.11/site-packages/airflow/example_dags/plugins/event_listener.py
[2026-06-02T07:28:10.085+0000] {processor.py:183} INFO - Processing /home/airflow/.local/lib/python3.11/site-packages/airflow/example_dags/plugins/event_listener.py took 0.041 seconds
[2026-06-02T07:28:40.661+0000] {processor.py:161} INFO - Started process (PID=7034) to work on /home/airflow/.local/lib/python3.11/site-packages/airflow/example_dags/plugins/event_listener.py
[2026-06-02T07:28:40.662+0000] {processor.py:830} INFO - Processing file /home/airflow/.local/lib/python3.11/site-packages/airflow/example_dags/plugins/event_listener.py for tasks to queue
[2026-06-02T07:28:40.665+0000] {logging_mixin.py:188} INFO - [2026-06-02T07:28:40.665+0000] {dagbag.py:545} INFO - Filling up the DagBag from /home/airflow/.local/lib/python3.11/site-packages/airflow/example_dags/plugins/event_listener.py
[2026-06-02T07:28:40.667+0000] {processor.py:842} WARNING - No viable dags retrieved from /home/airflow/.local/lib/python3.11/site-packages/airflow/example_dags/plugins/event_listener.py
[2026-06-02T07:28:40.685+0000] {processor.py:183} INFO - Processing /home/airflow/.local/lib/python3.11/site-packages/airflow/example_dags/plugins/event_listener.py took 0.031 seconds
[2026-06-02T07:30:08.199+0000] {processor.py:161} INFO - Started process (PID=443) to work on /home/airflow/.local/lib/python3.11/site-packages/airflow/example_dags/plugins/event_listener.py
[2026-06-02T07:30:08.200+0000] {processor.py:830} INFO - Processing file /home/airflow/.local/lib/python3.11/site-packages/airflow/example_dags/plugins/event_listener.py for tasks to queue
[2026-06-02T07:30:08.203+0000] {logging_mixin.py:188} INFO - [2026-06-02T07:30:08.202+0000] {dagbag.py:545} INFO - Filling up the DagBag from /home/airflow/.local/lib/python3.11/site-packages/airflow/example_dags/plugins/event_listener.py
[2026-06-02T07:30:08.206+0000] {processor.py:842} WARNING - No viable dags retrieved from /home/airflow/.local/lib/python3.11/site-packages/airflow/example_dags/plugins/event_listener.py
[2026-06-02T07:30:08.225+0000] {processor.py:183} INFO - Processing /home/airflow/.local/lib/python3.11/site-packages/airflow/example_dags/plugins/event_listener.py took 0.034 seconds
[2026-06-02T07:30:39.180+0000] {processor.py:161} INFO - Started process (PID=719) to work on /home/airflow/.local/lib/python3.11/site-packages/airflow/example_dags/plugins/event_listener.py
[2026-06-02T07:30:39.181+0000] {processor.py:830} INFO - Processing file /home/airflow/.local/lib/python3.11/site-packages/airflow/example_dags/plugins/event_listener.py for tasks to queue
[2026-06-02T07:30:39.183+0000] {logging_mixin.py:188} INFO - [2026-06-02T07:30:39.183+0000] {dagbag.py:545} INFO - Filling up the DagBag from /home/airflow/.local/lib/python3.11/site-packages/airflow/example_dags/plugins/event_listener.py
[2026-06-02T07:30:39.185+0000] {processor.py:842} WARNING - No viable dags retrieved from /home/airflow/.local/lib/python3.11/site-packages/airflow/example_dags/plugins/event_listener.py
[2026-06-02T07:30:39.201+0000] {processor.py:183} INFO - Processing /home/airflow/.local/lib/python3.11/site-packages/airflow/example_dags/plugins/event_listener.py took 0.029 seconds
[2026-06-02T07:31:09.477+0000] {processor.py:161} INFO - Started process (PID=989) to work on /home/airflow/.local/lib/python3.11/site-packages/airflow/example_dags/plugins/event_listener.py
[2026-06-02T07:31:09.478+0000] {processor.py:830} INFO - Processing file /home/airflow/.local/lib/python3.11/site-packages/airflow/example_dags/plugins/event_listener.py for tasks to queue
[2026-06-02T07:31:09.483+0000] {logging_mixin.py:188} INFO - [2026-06-02T07:31:09.482+0000] {dagbag.py:545} INFO - Filling up the DagBag from /home/airflow/.local/lib/python3.11/site-packages/airflow/example_dags/plugins/event_listener.py
[2026-06-02T07:31:09.487+0000] {processor.py:842} WARNING - No viable dags retrieved from /home/airflow/.local/lib/python3.11/site-packages/airflow/example_dags/plugins/event_listener.py
[2026-06-02T07:31:09.510+0000] {processor.py:183} INFO - Processing /home/airflow/.local/lib/python3.11/site-packages/airflow/example_dags/plugins/event_listener.py took 0.041 seconds
[2026-06-02T07:31:40.426+0000] {processor.py:161} INFO - Started process (PID=1271) to work on /home/airflow/.local/lib/python3.11/site-packages/airflow/example_dags/plugins/event_listener.py
[2026-06-02T07:31:40.427+0000] {processor.py:830} INFO - Processing file /home/airflow/.local/lib/python3.11/site-packages/airflow/example_dags/plugins/event_listener.py for tasks to queue
[2026-06-02T07:31:40.429+0000] {logging_mixin.py:188} INFO - [2026-06-02T07:31:40.429+0000] {dagbag.py:545} INFO - Filling up the DagBag from /home/airflow/.local/lib/python3.11/site-packages/airflow/example_dags/plugins/event_listener.py
[2026-06-02T07:31:40.431+0000] {processor.py:842} WARNING - No viable dags retrieved from /home/airflow/.local/lib/python3.11/site-packages/airflow/example_dags/plugins/event_listener.py
[2026-06-02T07:31:40.445+0000] {processor.py:183} INFO - Processing /home/airflow/.local/lib/python3.11/site-packages/airflow/example_dags/plugins/event_listener.py took 0.025 seconds
[2026-06-02T07:32:11.978+0000] {processor.py:161} INFO - Started process (PID=1547) to work on /home/airflow/.local/lib/python3.11/site-packages/airflow/example_dags/plugins/event_listener.py
[2026-06-02T07:32:11.980+0000] {processor.py:830} INFO - Processing file /home/airflow/.local/lib/python3.11/site-packages/airflow/example_dags/plugins/event_listener.py for tasks to queue
[2026-06-02T07:32:11.983+0000] {logging_mixin.py:188} INFO - [2026-06-02T07:32:11.982+0000] {dagbag.py:545} INFO - Filling up the DagBag from /home/airflow/.local/lib/python3.11/site-packages/airflow/example_dags/plugins/event_listener.py
[2026-06-02T07:32:11.985+0000] {processor.py:842} WARNING - No viable dags retrieved from /home/airflow/.local/lib/python3.11/site-packages/airflow/example_dags/plugins/event_listener.py
[2026-06-02T07:32:12.002+0000] {processor.py:183} INFO - Processing /home/airflow/.local/lib/python3.11/site-packages/airflow/example_dags/plugins/event_listener.py took 0.032 seconds
[2026-06-02T07:32:43.099+0000] {processor.py:161} INFO - Started process (PID=1823) to work on /home/airflow/.local/lib/python3.11/site-packages/airflow/example_dags/plugins/event_listener.py
[2026-06-02T07:32:43.101+0000] {processor.py:830} INFO - Processing file /home/airflow/.local/lib/python3.11/site-packages/airflow/example_dags/plugins/event_listener.py for tasks to queue
[2026-06-02T07:32:43.103+0000] {logging_mixin.py:188} INFO - [2026-06-02T07:32:43.102+0000] {dagbag.py:545} INFO - Filling up the DagBag from /home/airflow/.local/lib/python3.11/site-packages/airflow/example_dags/plugins/event_listener.py
[2026-06-02T07:32:43.105+0000] {processor.py:842} WARNING - No viable dags retrieved from /home/airflow/.local/lib/python3.11/site-packages/airflow/example_dags/plugins/event_listener.py
[2026-06-02T07:32:43.121+0000] {processor.py:183} INFO - Processing /home/airflow/.local/lib/python3.11/site-packages/airflow/example_dags/plugins/event_listener.py took 0.028 seconds
[2026-06-02T07:33:13.205+0000] {processor.py:161} INFO - Started process (PID=2085) to work on /home/airflow/.local/lib/python3.11/site-packages/airflow/example_dags/plugins/event_listener.py
[2026-06-02T07:33:13.206+0000] {processor.py:830} INFO - Processing file /home/airflow/.local/lib/python3.11/site-packages/airflow/example_dags/plugins/event_listener.py for tasks to queue
[2026-06-02T07:33:13.209+0000] {logging_mixin.py:188} INFO - [2026-06-02T07:33:13.208+0000] {dagbag.py:545} INFO - Filling up the DagBag from /home/airflow/.local/lib/python3.11/site-packages/airflow/example_dags/plugins/event_listener.py
[2026-06-02T07:33:13.211+0000] {processor.py:842} WARNING - No viable dags retrieved from /home/airflow/.local/lib/python3.11/site-packages/airflow/example_dags/plugins/event_listener.py
[2026-06-02T07:33:13.234+0000] {processor.py:183} INFO - Processing /home/airflow/.local/lib/python3.11/site-packages/airflow/example_dags/plugins/event_listener.py took 0.035 seconds
[2026-06-02T07:33:43.485+0000] {processor.py:161} INFO - Started process (PID=2355) to work on /home/airflow/.local/lib/python3.11/site-packages/airflow/example_dags/plugins/event_listener.py
[2026-06-02T07:33:43.486+0000] {processor.py:830} INFO - Processing file /home/airflow/.local/lib/python3.11/site-packages/airflow/example_dags/plugins/event_listener.py for tasks to queue
[2026-06-02T07:33:43.489+0000] {logging_mixin.py:188} INFO - [2026-06-02T07:33:43.488+0000] {dagbag.py:545} INFO - Filling up the DagBag from /home/airflow/.local/lib/python3.11/site-packages/airflow/example_dags/plugins/event_listener.py
[2026-06-02T07:33:43.491+0000] {processor.py:842} WARNING - No viable dags retrieved from /home/airflow/.local/lib/python3.11/site-packages/airflow/example_dags/plugins/event_listener.py
[2026-06-02T07:33:43.508+0000] {processor.py:183} INFO - Processing /home/airflow/.local/lib/python3.11/site-packages/airflow/example_dags/plugins/event_listener.py took 0.028 seconds
[2026-06-02T07:34:14.549+0000] {processor.py:161} INFO - Started process (PID=2637) to work on /home/airflow/.local/lib/python3.11/site-packages/airflow/example_dags/plugins/event_listener.py
[2026-06-02T07:34:14.551+0000] {processor.py:830} INFO - Processing file /home/airflow/.local/lib/python3.11/site-packages/airflow/example_dags/plugins/event_listener.py for tasks to queue
[2026-06-02T07:34:14.553+0000] {logging_mixin.py:188} INFO - [2026-06-02T07:34:14.553+0000] {dagbag.py:545} INFO - Filling up the DagBag from /home/airflow/.local/lib/python3.11/site-packages/airflow/example_dags/plugins/event_listener.py
[2026-06-02T07:34:14.556+0000] {processor.py:842} WARNING - No viable dags retrieved from /home/airflow/.local/lib/python3.11/site-packages/airflow/example_dags/plugins/event_listener.py
[2026-06-02T07:34:14.573+0000] {processor.py:183} INFO - Processing /home/airflow/.local/lib/python3.11/site-packages/airflow/example_dags/plugins/event_listener.py took 0.032 seconds
[2026-06-02T07:34:44.780+0000] {processor.py:161} INFO - Started process (PID=2907) to work on /home/airflow/.local/lib/python3.11/site-packages/airflow/example_dags/plugins/event_listener.py
[2026-06-02T07:34:44.783+0000] {processor.py:830} INFO - Processing file /home/airflow/.local/lib/python3.11/site-packages/airflow/example_dags/plugins/event_listener.py for tasks to queue
[2026-06-02T07:34:44.787+0000] {logging_mixin.py:188} INFO - [2026-06-02T07:34:44.787+0000] {dagbag.py:545} INFO - Filling up the DagBag from /home/airflow/.local/lib/python3.11/site-packages/airflow/example_dags/plugins/event_listener.py
[2026-06-02T07:34:44.792+0000] {processor.py:842} WARNING - No viable dags retrieved from /home/airflow/.local/lib/python3.11/site-packages/airflow/example_dags/plugins/event_listener.py
[2026-06-02T07:34:44.814+0000] {processor.py:183} INFO - Processing /home/airflow/.local/lib/python3.11/site-packages/airflow/example_dags/plugins/event_listener.py took 0.042 seconds
[2026-06-02T07:35:15.440+0000] {processor.py:161} INFO - Started process (PID=3183) to work on /home/airflow/.local/lib/python3.11/site-packages/airflow/example_dags/plugins/event_listener.py
[2026-06-02T07:35:15.441+0000] {processor.py:830} INFO - Processing file /home/airflow/.local/lib/python3.11/site-packages/airflow/example_dags/plugins/event_listener.py for tasks to queue
[2026-06-02T07:35:15.443+0000] {logging_mixin.py:188} INFO - [2026-06-02T07:35:15.443+0000] {dagbag.py:545} INFO - Filling up the DagBag from /home/airflow/.local/lib/python3.11/site-packages/airflow/example_dags/plugins/event_listener.py
[2026-06-02T07:35:15.446+0000] {processor.py:842} WARNING - No viable dags retrieved from /home/airflow/.local/lib/python3.11/site-packages/airflow/example_dags/plugins/event_listener.py
[2026-06-02T07:35:15.460+0000] {processor.py:183} INFO - Processing /home/airflow/.local/lib/python3.11/site-packages/airflow/example_dags/plugins/event_listener.py took 0.027 seconds
[2026-06-02T07:35:45.828+0000] {processor.py:161} INFO - Started process (PID=3459) to work on /home/airflow/.local/lib/python3.11/site-packages/airflow/example_dags/plugins/event_listener.py
[2026-06-02T07:35:45.829+0000] {processor.py:830} INFO - Processing file /home/airflow/.local/lib/python3.11/site-packages/airflow/example_dags/plugins/event_listener.py for tasks to queue
[2026-06-02T07:35:45.831+0000] {logging_mixin.py:188} INFO - [2026-06-02T07:35:45.831+0000] {dagbag.py:545} INFO - Filling up the DagBag from /home/airflow/.local/lib/python3.11/site-packages/airflow/example_dags/plugins/event_listener.py
[2026-06-02T07:35:45.834+0000] {processor.py:842} WARNING - No viable dags retrieved from /home/airflow/.local/lib/python3.11/site-packages/airflow/example_dags/plugins/event_listener.py
[2026-06-02T07:35:45.852+0000] {processor.py:183} INFO - Processing /home/airflow/.local/lib/python3.11/site-packages/airflow/example_dags/plugins/event_listener.py took 0.032 seconds
[2026-06-02T07:36:16.185+0000] {processor.py:161} INFO - Started process (PID=3735) to work on /home/airflow/.local/lib/python3.11/site-packages/airflow/example_dags/plugins/event_listener.py
[2026-06-02T07:36:16.187+0000] {processor.py:830} INFO - Processing file /home/airflow/.local/lib/python3.11/site-packages/airflow/example_dags/plugins/event_listener.py for tasks to queue
[2026-06-02T07:36:16.189+0000] {logging_mixin.py:188} INFO - [2026-06-02T07:36:16.188+0000] {dagbag.py:545} INFO - Filling up the DagBag from /home/airflow/.local/lib/python3.11/site-packages/airflow/example_dags/plugins/event_listener.py
[2026-06-02T07:36:16.191+0000] {processor.py:842} WARNING - No viable dags retrieved from /home/airflow/.local/lib/python3.11/site-packages/airflow/example_dags/plugins/event_listener.py
[2026-06-02T07:36:16.207+0000] {processor.py:183} INFO - Processing /home/airflow/.local/lib/python3.11/site-packages/airflow/example_dags/plugins/event_listener.py took 0.030 seconds
[2026-06-02T07:36:46.306+0000] {processor.py:161} INFO - Started process (PID=4011) to work on /home/airflow/.local/lib/python3.11/site-packages/airflow/example_dags/plugins/event_listener.py
[2026-06-02T07:36:46.307+0000] {processor.py:830} INFO - Processing file /home/airflow/.local/lib/python3.11/site-packages/airflow/example_dags/plugins/event_listener.py for tasks to queue
[2026-06-02T07:36:46.309+0000] {logging_mixin.py:188} INFO - [2026-06-02T07:36:46.309+0000] {dagbag.py:545} INFO - Filling up the DagBag from /home/airflow/.local/lib/python3.11/site-packages/airflow/example_dags/plugins/event_listener.py
[2026-06-02T07:36:46.311+0000] {processor.py:842} WARNING - No viable dags retrieved from /home/airflow/.local/lib/python3.11/site-packages/airflow/example_dags/plugins/event_listener.py
[2026-06-02T07:36:46.324+0000] {processor.py:183} INFO - Processing /home/airflow/.local/lib/python3.11/site-packages/airflow/example_dags/plugins/event_listener.py took 0.024 seconds
[2026-06-02T07:37:17.070+0000] {processor.py:161} INFO - Started process (PID=4287) to work on /home/airflow/.local/lib/python3.11/site-packages/airflow/example_dags/plugins/event_listener.py
[2026-06-02T07:37:17.071+0000] {processor.py:830} INFO - Processing file /home/airflow/.local/lib/python3.11/site-packages/airflow/example_dags/plugins/event_listener.py for tasks to queue
[2026-06-02T07:37:17.073+0000] {logging_mixin.py:188} INFO - [2026-06-02T07:37:17.073+0000] {dagbag.py:545} INFO - Filling up the DagBag from /home/airflow/.local/lib/python3.11/site-packages/airflow/example_dags/plugins/event_listener.py
[2026-06-02T07:37:17.076+0000] {processor.py:842} WARNING - No viable dags retrieved from /home/airflow/.local/lib/python3.11/site-packages/airflow/example_dags/plugins/event_listener.py
[2026-06-02T07:37:17.092+0000] {processor.py:183} INFO - Processing /home/airflow/.local/lib/python3.11/site-packages/airflow/example_dags/plugins/event_listener.py took 0.028 seconds
[2026-06-02T07:37:47.949+0000] {processor.py:161} INFO - Started process (PID=4563) to work on /home/airflow/.local/lib/python3.11/site-packages/airflow/example_dags/plugins/event_listener.py
[2026-06-02T07:37:47.951+0000] {processor.py:830} INFO - Processing file /home/airflow/.local/lib/python3.11/site-packages/airflow/example_dags/plugins/event_listener.py for tasks to queue
[2026-06-02T07:37:47.954+0000] {logging_mixin.py:188} INFO - [2026-06-02T07:37:47.953+0000] {dagbag.py:545} INFO - Filling up the DagBag from /home/airflow/.local/lib/python3.11/site-packages/airflow/example_dags/plugins/event_listener.py
[2026-06-02T07:37:47.956+0000] {processor.py:842} WARNING - No viable dags retrieved from /home/airflow/.local/lib/python3.11/site-packages/airflow/example_dags/plugins/event_listener.py
[2026-06-02T07:37:47.972+0000] {processor.py:183} INFO - Processing /home/airflow/.local/lib/python3.11/site-packages/airflow/example_dags/plugins/event_listener.py took 0.031 seconds
[2026-06-02T07:38:18.523+0000] {processor.py:161} INFO - Started process (PID=4841) to work on /home/airflow/.local/lib/python3.11/site-packages/airflow/example_dags/plugins/event_listener.py
[2026-06-02T07:38:18.525+0000] {processor.py:830} INFO - Processing file /home/airflow/.local/lib/python3.11/site-packages/airflow/example_dags/plugins/event_listener.py for tasks to queue
[2026-06-02T07:38:18.527+0000] {logging_mixin.py:188} INFO - [2026-06-02T07:38:18.527+0000] {dagbag.py:545} INFO - Filling up the DagBag from /home/airflow/.local/lib/python3.11/site-packages/airflow/example_dags/plugins/event_listener.py
[2026-06-02T07:38:18.529+0000] {processor.py:842} WARNING - No viable dags retrieved from /home/airflow/.local/lib/python3.11/site-packages/airflow/example_dags/plugins/event_listener.py
[2026-06-02T07:38:18.545+0000] {processor.py:183} INFO - Processing /home/airflow/.local/lib/python3.11/site-packages/airflow/example_dags/plugins/event_listener.py took 0.027 seconds
